Accident_No,Surface_Cond_Desc,Atmosph_Cond_Desc,Accident_Type_Desc,Day,Light_Condition_Desc,Speed_Zone,Accident_Date,Accident_Time,Alcohol_Influence,Total_Persons_Inv,Inj_Or_Fatal,Lat,Long,LGA
T20140016344,Dry,Clear,Collision with vehicle,Friday,Day,50,2014/08/01,15:30:00,No,3.0,1.0,-37.65900846,144.4409403,MOORABOOL
T20140016347,Dry,Clear,Struck animal,Thursday,Dark No street lights,100,2014/08/07,20:20:00,Yes,3.0,2.0,-38.3520498,142.6591899,MOYNE
T20140016357,Wet,Clear,Collision with a fixed object,Friday,Dark No street lights,60,2014/08/08,00:35:00,Yes,1.0,1.0,-38.31538704,141.5907321,GLENELG
T20140016364,Unknown,Clear,Collision with a fixed object,Saturday,Day,999,2014/08/02,11:30:00,No,1.0,1.0,-36.34305851,146.5485766,WANGARATTA
T20140016365,Wet,Clear,Struck Pedestrian,Friday,Dark Street lights on,60,2014/08/08,06:46:00,No,2.0,1.0,-38.07415744,144.3586475,GREATER GEELONG
T20140016370,Wet,Raining,Collision with vehicle,Friday,Day,50,2014/08/01,13:30:00,No,2.0,1.0,-37.57005519,143.8204809,BALLARAT
T20140016378,Dry,Clear,Collision with a fixed object,Friday,Day,50,2014/08/08,11:35:00,No,3.0,1.0,-36.79634466,144.2440168,GREATER BENDIGO
T20140016385,Dry,Clear,Collision with a fixed object,Friday,Dark No street lights,110,2014/07/18,19:00:00,Yes,1.0,1.0,-37.53563029,143.8767497,BALLARAT
T20140016398,Dry,Clear,Collision with vehicle,Friday,Day,60,2014/08/08,15:15:00,No,3.0,1.0,-36.11484639,146.8686262,WODONGA
T20140016426,Dry,Clear,Collision with a fixed object,Friday,Dark No street lights,100,2014/08/08,20:47:00,Yes,2.0,1.0,-38.37538098,145.7207689,SOUTH GIPPSLAND
T20140016476,Dry,Clear,Collision with a fixed object,Saturday,Dark No street lights,100,2014/08/09,02:00:00,Yes,1.0,1.0,-35.9509455,145.6598832,MOIRA
T20140016481,Dry,Clear,Collision with vehicle,Saturday,Dark No street lights,100,2014/08/09,19:40:00,Yes,2.0,1.0,-37.46797277,144.6530479,MACEDON RANGES
T20140016484,Dry,Clear,Collision with a fixed object,Saturday,Dark No street lights,50,2014/08/09,21:10:00,Yes,3.0,3.0,-36.21072721,147.1777031,TOWONG
T20140016505,Muddy,Clear,Collision with a fixed object,Friday,Day,100,2014/08/08,16:30:00,No,1.0,1.0,-37.07487975,141.3439873,WEST WIMMERA
T20140016515,Dry,Not known,No collision and no object struck,Saturday,Day,999,2014/08/09,10:30:00,No,1.0,1.0,-37.0333406,144.2476788,MOUNT ALEXANDER
T20140016523,Dry,Clear,Struck Pedestrian,Sunday,Dusk/Dawn,60,2014/08/10,06:57:00,No,2.0,1.0,-38.07821991,144.3378392,GREATER GEELONG
T20140016531,Dry,Clear,Collision with a fixed object,Sunday,Day,100,2014/08/10,14:50:00,No,1.0,1.0,-36.457052,145.4988585,GREATER SHEPPARTON
T20140016534,Wet,Raining,Collision with a fixed object,Sunday,Day,100,2014/08/10,14:00:00,No,2.0,2.0,-37.29464637,149.2140792,EAST GIPPSLAND
T20140016536,Dry,Clear,Collision with vehicle,Saturday,Dark Street lights on,60,2014/08/09,20:17:00,Yes,4.0,3.0,-36.07832225,143.2254596,BULOKE
T20140016538,Dry,Clear,Collision with vehicle,Sunday,Dusk/Dawn,100,2014/08/10,17:00:00,Yes,4.0,2.0,-37.16303822,145.5457275,MURRINDINDI
T20140016569,Dry,Not known,Collision with vehicle,Wednesday,Dusk/Dawn,60,2014/07/23,16:00:00,No,3.0,1.0,-38.17312031,144.4025727,GREATER GEELONG
T20140016578,Dry,Clear,Collision with a fixed object,Friday,Dark No street lights,100,2014/07/04,23:00:00,Yes,3.0,2.0,-37.53764123,144.2778742,MOORABOOL
T20140016579,Dry,Clear,Collision with vehicle,Saturday,Day,60,2014/08/09,10:15:00,No,2.0,1.0,-37.59277129,143.8396661,BALLARAT
T20140016584,Unknown,Not known,Vehicle overturned (no collision),Saturday,Unknown,999,2014/07/19,14:00:00,Yes,1.0,1.0,-37.5881782,146.5710981,WELLINGTON
T20140016604,Dry,Clear,Collision with a fixed object,Monday,Day,60,2014/08/11,15:01:00,No,1.0,1.0,-38.08301693,144.3487724,GREATER GEELONG
T20140016608,Dry,Clear,Collision with vehicle,Monday,Day,50,2014/08/11,17:33:00,No,2.0,1.0,-38.18576541,144.3254217,GREATER GEELONG
T20140016611,Dry,Clear,Collision with vehicle,Monday,Dusk/Dawn,60,2014/08/11,17:20:00,No,3.0,2.0,-38.06147099,146.6226367,LATROBE
T20140016614,Wet,Raining,Collision with vehicle,Thursday,Dark Street lights on,80,2014/07/24,07:51:00,No,3.0,2.0,-36.80295697,144.2422349,GREATER BENDIGO
T20140016622,Wet,Clear,Collision with vehicle,Monday,Day,100,2014/08/11,16:45:00,No,2.0,1.0,-38.07345609,145.8916571,BAW BAW
T20140016623,Dry,Clear,Collision with vehicle,Monday,Dusk/Dawn,100,2014/08/11,17:35:00,No,3.0,1.0,-38.22274579,146.1628207,BAW BAW
T20140016628,Dry,Clear,Collision with vehicle,Wednesday,Day,60,2014/08/06,14:00:00,No,2.0,1.0,-36.35705485,146.3201031,WANGARATTA
T20140016630,Wet,Clear,No collision and no object struck,Sunday,Day,100,2014/07/13,14:00:00,No,1.0,1.0,-37.34960366,145.9876373,MURRINDINDI
T20140016632,Dry,Clear,Collision with a fixed object,Monday,Dark Street lights on,60,2014/08/11,22:30:00,Yes,4.0,3.0,-38.20026457,146.5351718,LATROBE
T20140016642,Dry,Clear,Struck animal,Sunday,Dark No street lights,100,2014/07/27,17:50:00,Yes,1.0,1.0,-37.77722978,147.8029993,EAST GIPPSLAND
T20140016648,Wet,Raining,Collision with vehicle,Tuesday,Day,70,2014/08/12,09:55:00,No,6.0,1.0,-38.11601965,144.3544173,GREATER GEELONG
T20140016665,Dry,Clear,Struck animal,Thursday,Dark No street lights,100,2014/08/07,18:00:00,Yes,2.0,1.0,-37.26410057,143.9586185,HEPBURN
T20140016677,Wet,Clear,Collision with vehicle,Tuesday,Day,100,2014/08/12,13:44:00,No,5.0,5.0,-38.11470981,144.1707317,GOLDEN PLAINS
T20140016681,Dry,Clear,Collision with vehicle,Sunday,Day,50,2014/08/10,10:25:00,No,2.0,1.0,-38.04487514,144.1728307,GOLDEN PLAINS
T20140016686,Wet,Clear,Collision with vehicle,Tuesday,Day,50,2014/08/12,15:35:00,No,4.0,3.0,-38.14380807,144.3566554,GREATER GEELONG
T20140016687,Dry,Clear,No collision and no object struck,Thursday,Day,60,2014/07/03,11:00:00,No,2.0,1.0,-37.54320803,143.8916066,BALLARAT
T20140016704,Dry,Clear,Collision with vehicle,Tuesday,Dark Street lights on,100,2014/08/12,18:40:00,Yes,2.0,1.0,-38.0078136,144.462277,GREATER GEELONG
T20140016709,Dry,Clear,Struck Pedestrian,Sunday,Dark No street lights,50,2014/08/10,21:00:00,Yes,2.0,1.0,-36.76213873,144.3298809,GREATER BENDIGO
T20140016721,Dry,Clear,Collision with a fixed object,Tuesday,Dark No street lights,100,2014/08/12,20:45:00,Yes,1.0,1.0,-37.47296026,145.6837878,MURRINDINDI
T20140016722,Dry,Clear,Vehicle overturned (no collision),Saturday,Day,999,2014/08/09,13:00:00,No,1.0,1.0,-37.13550795,144.298588,MOUNT ALEXANDER
T20140016727,Dry,Clear,Collision with a fixed object,Wednesday,Dusk/Dawn,60,2014/08/13,07:05:00,No,1.0,1.0,-36.37720978,145.3986383,GREATER SHEPPARTON
T20140016734,Dry,Clear,Vehicle overturned (no collision),Wednesday,Day,100,2014/08/13,08:50:00,No,1.0,1.0,-38.39805196,146.1088296,SOUTH GIPPSLAND
T20140016735,Dry,Clear,Collision with vehicle,Wednesday,Day,110,2014/08/13,11:35:00,No,3.0,1.0,-37.11821001,145.0915104,MITCHELL
T20140016744,Unknown,Not known,Collision with vehicle,Thursday,Dusk/Dawn,60,2014/07/31,17:43:00,No,3.0,1.0,-36.76691256,144.275323,GREATER BENDIGO
T20140016751,Dry,Clear,Collision with vehicle,Wednesday,Day,60,2014/08/13,14:25:00,No,2.0,1.0,-38.38752843,142.486975,WARRNAMBOOL
T20140016765,Dry,Clear,Collision with a fixed object,Wednesday,Day,50,2014/08/13,14:30:00,No,1.0,1.0,-35.92092866,145.6561648,MOIRA
T20140016766,Dry,Clear,No collision and no object struck,Wednesday,Dusk/Dawn,999,2014/08/13,19:35:00,Yes,1.0,1.0,-36.90212862,145.8130127,STRATHBOGIE
T20140016771,Dry,Clear,Struck Pedestrian,Wednesday,Dark No street lights,60,2014/08/13,18:35:00,Yes,2.0,1.0,-37.05151343,143.7385142,CENTRAL GOLDFIELDS
T20140016810,Dry,Clear,Collision with a fixed object,Wednesday,Day,100,2014/08/13,09:00:00,No,1.0,1.0,-36.19914662,145.02764,CAMPASPE
T20140016825,Dry,Clear,Collision with a fixed object,Thursday,Day,100,2014/08/14,12:47:00,No,1.0,1.0,-38.72463987,146.0797695,SOUTH GIPPSLAND
T20140016826,Dry,Clear,Collision with a fixed object,Tuesday,Day,80,2014/08/12,14:00:00,No,1.0,1.0,-37.65027843,148.8209298,EAST GIPPSLAND
T20140016844,Dry,Clear,Struck Pedestrian,Sunday,Dusk/Dawn,50,2014/08/10,17:00:00,Yes,4.0,1.0,-37.55997929,143.8599683,BALLARAT
T20140016845,Dry,Clear,Struck Pedestrian,Thursday,Day,50,2014/08/14,16:50:00,No,3.0,1.0,-37.55873237,143.8493254,BALLARAT
T20140016853,Dry,Clear,Vehicle overturned (no collision),Thursday,Dark Street lights on,50,2014/08/14,20:45:00,Yes,1.0,1.0,-36.36474999,145.4070087,GREATER SHEPPARTON
T20140016854,Dry,Fog,Struck animal,Thursday,Dark No street lights,100,2014/08/14,18:30:00,Yes,1.0,1.0,-36.59817973,147.1047805,ALPINE
T20140016860,Dry,Clear,Collision with a fixed object,Thursday,Dark No street lights,100,2014/08/14,22:30:00,Yes,1.0,1.0,-38.15145011,145.8919509,BAW BAW
T20140016866,Wet,Not known,Collision with a fixed object,Friday,Dusk/Dawn,80,2014/08/15,07:53:00,No,1.0,1.0,-38.0837472,146.9881504,WELLINGTON
T20140016867,Muddy,Clear,No collision and no object struck,Friday,Dusk/Dawn,999,2014/08/15,07:40:00,No,1.0,1.0,-36.89837803,145.9355454,BENALLA
T20140016872,Unknown,Not known,Collision with vehicle,Wednesday,Unknown,60,2014/07/02,00:00:00,Yes,3.0,1.0,-37.56092213,143.8474373,BALLARAT
T20140016883,Unknown,Clear,No collision and no object struck,Saturday,Day,999,2014/08/09,13:00:00,No,1.0,1.0,-37.35201891,147.8431772,EAST GIPPSLAND
T20140016889,Dry,Clear,Struck Pedestrian,Friday,Day,50,2014/08/15,13:30:00,No,2.0,1.0,-37.56115505,143.8641081,BALLARAT
T20140016909,Dry,Clear,Collision with vehicle,Friday,Day,100,2014/08/15,11:25:00,No,2.0,1.0,-37.00404013,143.9226202,MOUNT ALEXANDER
T20140016921,Dry,Clear,Collision with a fixed object,Friday,Day,100,2014/08/15,15:10:00,No,1.0,1.0,-36.44454812,147.017498,ALPINE
T20140016923,Dry,Clear,Collision with a fixed object,Friday,Day,80,2014/08/15,13:20:00,No,1.0,1.0,-38.17678974,144.47971,GREATER GEELONG
T20140016925,Dry,Clear,Collision with vehicle,Friday,Dusk/Dawn,100,2014/08/15,17:00:00,Yes,2.0,2.0,-36.04531572,146.6193123,INDIGO
T20140016933,Dry,Clear,Collision with vehicle,Friday,Dark No street lights,100,2014/08/15,19:15:00,Yes,3.0,1.0,-37.58986248,143.795819,BALLARAT
T20140016937,Dry,Clear,Collision with vehicle,Friday,Dusk/Dawn,60,2014/08/15,17:00:00,Yes,3.0,1.0,-36.75598294,144.2726672,GREATER BENDIGO
T20140016940,Dry,Clear,Collision with a fixed object,Friday,Dark No street lights,100,2014/08/15,19:45:00,Yes,1.0,1.0,-38.14593853,146.2905461,LATROBE
T20140016950,Dry,Fog,Collision with a fixed object,Thursday,Dark No street lights,110,2014/08/14,04:35:00,Yes,1.0,1.0,-38.23180021,146.4558707,LATROBE
T20140016958,Dry,Clear,Collision with a fixed object,Saturday,Dark No street lights,110,2014/08/16,01:55:00,Yes,2.0,1.0,-37.11263999,145.09167,MITCHELL
T20140016967,Dry,Clear,Vehicle overturned (no collision),Friday,Dark No street lights,110,2014/08/15,23:05:00,Yes,7.0,7.0,-37.37610028,144.5492988,MACEDON RANGES
T20140016982,Dry,Clear,No collision and no object struck,Saturday,Day,100,2014/08/16,12:15:00,No,1.0,1.0,-36.82319564,146.5164349,WANGARATTA
T20140016988,Dry,Clear,Collision with vehicle,Friday,Dark Street lights on,80,2014/08/15,21:17:00,Yes,6.0,5.0,-36.13699479,146.9087664,WODONGA
T20140016989,Dry,Clear,No collision and no object struck,Friday,Dusk/Dawn,80,2014/08/15,17:00:00,Yes,1.0,1.0,-38.14164973,144.4274904,GREATER GEELONG
T20140016992,Dry,Clear,Collision with a fixed object,Saturday,Day,110,2014/08/16,13:00:00,No,1.0,1.0,-34.27429377,140.97989,MILDURA
T20140016996,Dry,Clear,Collision with vehicle,Saturday,Day,50,2014/08/16,12:15:00,No,2.0,1.0,-38.15754468,144.3846745,GREATER GEELONG
T20140016997,Dry,Clear,Collision with vehicle,Saturday,Dusk/Dawn,60,2014/08/16,17:50:00,Yes,2.0,1.0,-37.57752652,143.8529421,BALLARAT
T20140017003,Dry,Clear,Collision with vehicle,Saturday,Dark Street lights unknown,60,2014/08/16,18:48:00,Yes,3.0,3.0,-37.96995375,147.0818449,WELLINGTON
T20140017016,Dry,Clear,Vehicle overturned (no collision),Saturday,Dark No street lights,100,2014/08/16,02:30:00,Yes,1.0,1.0,-36.43845732,145.7947009,BENALLA
T20140017020,Dry,Clear,Collision with vehicle,Thursday,Dark Street lights on,70,2014/07/31,22:15:00,Yes,3.0,2.0,-38.16052552,144.3502997,GREATER GEELONG
T20140017024,Dry,Clear,Collision with vehicle,Saturday,Day,80,2014/08/16,09:10:00,No,3.0,3.0,-37.79984713,147.634443,EAST GIPPSLAND
T20140017033,Wet,Raining,Vehicle overturned (no collision),Sunday,Dusk/Dawn,80,2014/08/17,07:20:00,Yes,1.0,1.0,-38.67022046,143.7248492,COLAC OTWAY
T20140017038,Dry,Not known,Collision with a fixed object,Saturday,Dark No street lights,80,2014/08/16,20:00:00,Yes,1.0,1.0,-38.58447129,145.5909634,BASS COAST
T20140017042,Dry,Clear,Collision with vehicle,Saturday,Dusk/Dawn,100,2014/08/16,07:00:00,Yes,2.0,1.0,-38.33156719,142.3610888,MOYNE
T20140017044,Dry,Clear,Collision with vehicle,Friday,Day,60,2014/08/15,08:25:00,No,2.0,1.0,-36.14043825,144.7503985,CAMPASPE
T20140017045,Dry,Clear,Collision with vehicle,Sunday,Day,60,2014/08/17,10:52:00,No,4.0,4.0,-36.70251957,142.2166195,HORSHAM
T20140017054,Wet,Fog,Collision with a fixed object,Friday,Dusk/Dawn,100,2014/08/15,07:30:00,No,1.0,1.0,-38.58059626,145.6287485,BASS COAST
T20140017058,Dry,Clear,Vehicle overturned (no collision),Sunday,Day,100,2014/08/17,16:17:00,Yes,1.0,1.0,-34.29159924,142.1686029,MILDURA
T20140017060,Dry,Clear,Collision with vehicle,Friday,Dark Street lights on,50,2014/08/15,23:50:00,Yes,2.0,1.0,-36.71503999,142.1971243,HORSHAM
T20140017063,Dry,Clear,Vehicle overturned (no collision),Saturday,Day,100,2014/08/16,09:30:00,No,1.0,1.0,-36.8873203,143.8463923,CENTRAL GOLDFIELDS
T20140017069,Dry,Clear,collision with some other object,Sunday,Dark Street lights unknown,999,2014/08/17,18:08:00,Yes,1.0,1.0,-38.19141015,146.2535311,LATROBE
T20140017073,Dry,Clear,Collision with vehicle,Monday,Dark Street lights on,60,2014/08/18,02:50:00,Yes,1.0,1.0,-38.15493299,144.3798282,GREATER GEELONG
T20140017083,Dry,Clear,Collision with vehicle,Friday,Unknown,999,2014/08/15,17:00:00,Yes,2.0,1.0,-36.14192128,146.8877605,WODONGA
T20140017092,Unknown,Not known,No collision and no object struck,Saturday,Day,999,2014/08/09,13:00:00,No,1.0,1.0,-37.89203948,146.7854564,WELLINGTON
T20140017094,Dry,Clear,Collision with vehicle,Monday,Day,100,2014/08/18,09:25:00,No,2.0,1.0,-38.03651925,144.184691,GOLDEN PLAINS
T20140017097,Dry,Clear,Collision with a fixed object,Saturday,Dark No street lights,100,2014/08/16,23:00:00,Yes,1.0,1.0,-36.80052903,143.2836337,NORTHERN GRAMPIANS
T20140017101,Wet,Raining,Collision with a fixed object,Sunday,Day,80,2014/08/10,08:30:00,Yes,2.0,1.0,-38.69427309,143.7081798,COLAC OTWAY
T20140017106,Unknown,Not known,Vehicle overturned (no collision),Sunday,Unknown,50,2014/07/13,16:00:00,Yes,1.0,1.0,-38.12575364,144.3277292,GREATER GEELONG
T20140017112,Dry,Clear,Collision with vehicle,Tuesday,Day,60,2014/08/05,10:25:00,No,2.0,1.0,-38.07615119,144.3585388,GREATER GEELONG
T20140017117,Dry,Not known,Collision with a fixed object,Monday,Day,100,2014/08/04,11:30:00,No,1.0,1.0,-36.71073877,143.9917702,LODDON
T20140017124,Muddy,Clear,Collision with a fixed object,Monday,Day,100,2014/08/18,11:30:00,No,1.0,1.0,-36.84162994,145.9439601,BENALLA
T20140017127,Dry,Clear,Collision with a fixed object,Monday,Day,100,2014/08/18,16:20:00,No,1.0,1.0,-37.48424787,141.9893519,SOUTHERN GRAMPIANS
T20140017129,Unknown,Not known,Vehicle overturned (no collision),Saturday,Unknown,999,2014/08/16,13:00:00,No,1.0,1.0,-37.81846491,146.4682794,BAW BAW
T20140017141,Dry,Clear,Collision with vehicle,Monday,Day,60,2014/08/04,08:45:00,No,2.0,1.0,-38.07546372,144.368939,GREATER GEELONG
T20140017159,Dry,Clear,Struck Pedestrian,Tuesday,Dusk/Dawn,50,2014/08/19,07:42:00,No,2.0,1.0,-38.31254536,146.4197315,LATROBE
T20140017163,Dry,Clear,Collision with a fixed object,Tuesday,Day,50,2014/08/19,10:30:00,No,1.0,1.0,-38.15658996,145.93774,BAW BAW
T20140017175,Wet,Raining,Collision with vehicle,Monday,Dark Street lights unknown,100,2014/08/18,22:15:00,Yes,2.0,1.0,-38.34314368,146.2015327,SOUTH GIPPSLAND
T20140017176,Dry,Clear,Vehicle overturned (no collision),Monday,Day,100,2014/08/18,15:30:00,No,1.0,1.0,-36.18590994,143.9539702,LODDON
T20140017179,Dry,Not known,No collision and no object struck,Sunday,Day,999,2014/08/10,10:00:00,Yes,1.0,1.0,-37.49141911,145.322189,MURRINDINDI
T20140017185,Unknown,Not known,collision with some other object,Sunday,Day,100,2014/08/17,16:30:00,Yes,1.0,1.0,-37.53492557,145.7077775,MURRINDINDI
T20140017192,Dry,Clear,Vehicle overturned (no collision),Tuesday,Day,100,2014/08/19,15:15:00,No,5.0,5.0,-36.58378019,142.204862,HORSHAM
T20140017210,Dry,Clear,Collision with a fixed object,Tuesday,Dark No street lights,80,2014/08/19,19:00:00,Yes,1.0,1.0,-35.18488,143.3359955,SWAN HILL
T20140017215,Dry,Clear,Collision with vehicle,Tuesday,Dark No street lights,100,2014/08/19,20:10:00,Yes,2.0,1.0,-37.82811243,147.5312495,EAST GIPPSLAND
T20140017219,Dry,Clear,Collision with a fixed object,Tuesday,Dark No street lights,110,2014/08/19,23:10:00,Yes,1.0,1.0,-36.10910769,146.8582499,WODONGA
T20140017221,Dry,Clear,Collision with vehicle,Tuesday,Dusk/Dawn,50,2014/08/19,17:12:00,No,2.0,1.0,-36.80226648,144.2392556,GREATER BENDIGO
T20140017225,Dry,Clear,Vehicle overturned (no collision),Wednesday,Dark No street lights,100,2014/08/20,04:00:00,Yes,1.0,1.0,-37.17301965,143.5321183,PYRENEES
T20140017240,Wet,Raining,No collision and no object struck,Monday,Day,100,2014/08/18,13:30:00,No,1.0,1.0,-37.46717026,145.3243585,MURRINDINDI
T20140017255,Dry,Clear,Collision with vehicle,Wednesday,Day,40,2014/08/20,13:55:00,No,5.0,1.0,-38.52098871,145.3765803,BASS COAST
T20140017284,Dry,Clear,Collision with a fixed object,Wednesday,Day,110,2014/08/20,16:40:00,No,1.0,1.0,-37.47819978,144.6010003,MACEDON RANGES
T20140017289,Dry,Clear,Struck Pedestrian,Wednesday,Day,50,2014/08/20,10:30:00,No,2.0,1.0,-38.75570948,143.6692335,COLAC OTWAY
T20140017318,Dry,Clear,Vehicle overturned (no collision),Tuesday,Day,100,2014/08/19,10:50:00,No,3.0,2.0,-36.60309262,146.7806777,ALPINE
T20140017331,Dry,Clear,Vehicle overturned (no collision),Thursday,Day,100,2014/08/21,13:50:00,No,1.0,1.0,-36.37575484,145.6891411,GREATER SHEPPARTON
T20140017335,Dry,Clear,Collision with vehicle,Thursday,Day,60,2014/08/21,15:05:00,No,2.0,1.0,-34.2186808,142.17142,MILDURA
T20140017351,Dry,Clear,Collision with vehicle,Thursday,Dusk/Dawn,80,2014/08/21,17:25:00,No,3.0,2.0,-38.29801363,142.8049112,MOYNE
T20140017355,Dry,Clear,Struck Pedestrian,Thursday,Dark No street lights,50,2014/08/21,20:48:00,Yes,2.0,1.0,-36.73688427,144.2527986,GREATER BENDIGO
T20140017368,Dry,Clear,Vehicle overturned (no collision),Wednesday,Dark No street lights,100,2014/08/20,05:20:00,Yes,1.0,1.0,-34.97123002,143.2944584,SWAN HILL
T20140017385,Dry,Clear,Collision with a fixed object,Friday,Day,50,2014/08/22,11:36:00,No,1.0,1.0,-38.35352888,141.6126109,GLENELG
T20140017387,Dry,Clear,No collision and no object struck,Thursday,Dark No street lights,100,2014/08/21,21:30:00,Yes,1.0,1.0,-37.09328772,145.4294685,MURRINDINDI
T20140017399,Dry,Clear,No collision and no object struck,Friday,Day,60,2014/08/22,10:10:00,No,2.0,1.0,-36.76672989,146.4142193,WANGARATTA
T20140017401,Dry,Clear,Collision with vehicle,Friday,Day,100,2014/08/22,16:00:00,Yes,2.0,1.0,-37.39163063,144.1071,HEPBURN
T20140017417,Dry,Clear,Collision with vehicle,Thursday,Dark No street lights,100,2014/08/14,22:00:00,Yes,2.0,1.0,-36.65259995,144.3480199,GREATER BENDIGO
T20140017429,Dry,Clear,Collision with a fixed object,Friday,Dark No street lights,80,2014/08/22,23:24:00,Yes,3.0,2.0,-37.49518136,143.7936669,BALLARAT
T20140017440,Dry,Clear,Collision with vehicle,Thursday,Dusk/Dawn,60,2014/07/10,16:30:00,No,2.0,1.0,-38.19674714,144.3185812,GREATER GEELONG
T20140017446,Dry,Clear,Collision with vehicle,Saturday,Day,70,2014/08/23,10:35:00,No,2.0,1.0,-38.15460793,144.351431,GREATER GEELONG
T20140017457,Dry,Clear,Collision with vehicle,Saturday,Day,50,2014/08/23,10:05:00,No,2.0,1.0,-37.06680267,144.2165904,MOUNT ALEXANDER
T20140017458,Dry,Clear,Collision with a fixed object,Saturday,Day,100,2014/08/23,11:45:00,No,1.0,1.0,-37.17729066,145.5500196,MURRINDINDI
T20140017459,Dry,Clear,Struck animal,Saturday,Day,100,2014/08/23,13:45:00,No,1.0,1.0,-37.20417724,145.3587129,MURRINDINDI
T20140017460,Dry,Clear,Collision with a fixed object,Saturday,Day,100,2014/08/23,13:10:00,No,1.0,1.0,-38.50783374,145.7645618,SOUTH GIPPSLAND
T20140017469,Dry,Clear,Vehicle overturned (no collision),Tuesday,Day,100,2014/07/08,12:00:00,No,1.0,1.0,-38.45724333,145.8075194,SOUTH GIPPSLAND
T20140017476,Dry,Clear,Collision with a fixed object,Saturday,Dark Street lights on,50,2014/08/23,17:55:00,Yes,1.0,1.0,-36.7706301,144.3141304,GREATER BENDIGO
T20140017480,Wet,Raining,Collision with vehicle,Saturday,Dusk/Dawn,100,2014/08/23,17:50:00,Yes,2.0,2.0,-37.53276055,142.7521804,ARARAT
T20140017482,Dry,Clear,Collision with vehicle,Saturday,Day,100,2014/08/23,13:15:00,No,2.0,2.0,-36.6247045,142.0625203,HORSHAM
T20140017484,Dry,Clear,Collision with vehicle,Saturday,Day,80,2014/08/23,13:15:00,No,3.0,1.0,-38.32941611,144.2632842,SURF COAST
T20140017492,Dry,Clear,No collision and no object struck,Saturday,Dusk/Dawn,60,2014/08/23,17:28:00,Yes,1.0,1.0,-38.21679829,144.2861923,GREATER GEELONG
T20140017501,Dry,Clear,Collision with a fixed object,Sunday,Dark Street lights on,50,2014/08/24,03:50:00,Yes,1.0,1.0,-36.38949283,145.3606058,GREATER SHEPPARTON
T20140017518,Wet,Raining,Vehicle overturned (no collision),Sunday,Day,100,2014/08/24,10:00:00,Yes,1.0,1.0,-38.43903001,146.7320313,WELLINGTON
T20140017519,Dry,Clear,Collision with vehicle,Sunday,Day,60,2014/08/24,13:15:00,No,6.0,4.0,-36.78323079,144.2477117,GREATER BENDIGO
T20140017523,Dry,Clear,No collision and no object struck,Friday,Day,100,2014/08/22,11:00:00,No,1.0,1.0,-37.79141391,147.5075921,EAST GIPPSLAND
T20140017528,Dry,Clear,Collision with vehicle,Sunday,Day,100,2014/08/24,14:25:00,No,5.0,5.0,-37.16839001,143.7458301,CENTRAL GOLDFIELDS
T20140017530,Dry,Clear,Collision with a fixed object,Sunday,Day,999,2014/08/24,15:45:00,No,1.0,1.0,-37.58110084,141.4035204,GLENELG
T20140017537,Unknown,Not known,No collision and no object struck,Sunday,Day,999,2014/08/17,12:00:00,No,1.0,1.0,-36.70813115,143.2412309,NORTHERN GRAMPIANS
T20140017545,Dry,Clear,Struck Pedestrian,Sunday,Dark Street lights on,60,2014/08/24,19:20:00,Yes,3.0,2.0,-36.39831443,145.4066691,GREATER SHEPPARTON
T20140017547,Dry,Clear,Collision with a fixed object,Sunday,Day,100,2014/08/24,16:35:00,Yes,1.0,1.0,-38.40622074,146.0610799,SOUTH GIPPSLAND
T20140017556,Dry,Clear,Collision with a fixed object,Monday,Dark No street lights,60,2014/08/25,01:15:00,Yes,3.0,1.0,-36.7921796,144.2969606,GREATER BENDIGO
T20140017563,Dry,Clear,Vehicle overturned (no collision),Saturday,Day,100,2014/08/23,15:30:00,Yes,1.0,1.0,-37.09355179,145.4147469,MURRINDINDI
T20140017565,Wet,Raining,Collision with a fixed object,Monday,Dusk/Dawn,50,2014/08/25,07:44:00,No,2.0,1.0,-37.91380357,147.7124851,EAST GIPPSLAND
T20140017569,Wet,Raining,Collision with vehicle,Monday,Day,70,2014/08/25,08:40:00,No,6.0,2.0,-38.16305121,144.3791179,GREATER GEELONG
T20140017576,Unknown,Not known,Struck animal,Thursday,Unknown,100,2014/08/21,18:35:00,Yes,1.0,1.0,-37.53375319,145.7072804,MURRINDINDI
T20140017579,Wet,Raining,Vehicle overturned (no collision),Sunday,Dusk/Dawn,80,2014/08/24,17:00:00,Yes,2.0,2.0,-36.7854002,147.2184978,ALPINE
T20140017587,Dry,Not known,No collision and no object struck,Friday,Day,100,2014/08/22,13:30:00,No,1.0,1.0,-37.7356205,147.3120914,EAST GIPPSLAND
T20140017594,Wet,Clear,Collision with vehicle,Friday,Day,80,2014/08/01,08:50:00,No,2.0,1.0,-37.5637344,143.9326612,BALLARAT
T20140017600,Muddy,Clear,No collision and no object struck,Monday,Day,999,2014/08/25,13:30:00,No,1.0,1.0,-37.37411059,145.0644387,MITCHELL
T20140017608,Wet,Raining,Collision with a fixed object,Monday,Day,100,2014/08/25,13:30:00,No,1.0,1.0,-37.46903037,143.9454449,HEPBURN
T20140017614,Dry,Clear,No collision and no object struck,Friday,Day,100,2014/08/22,16:15:00,Yes,1.0,1.0,-37.65191065,141.5358573,GLENELG