Accident_No,Surface_Cond_Desc,Atmosph_Cond_Desc,Accident_Type_Desc,Day,Light_Condition_Desc,Speed_Zone,Accident_Date,Accident_Time,Alcohol_Influence,Total_Persons_Inv,Inj_Or_Fatal,Lat,Long,LGA
T20140017631,Dry,Clear,Collision with a fixed object,Monday,Dark Street lights on,50,2014/08/25,20:05:00,Yes,1.0,1.0,-36.75363032,144.2753294,GREATER BENDIGO
T20140017637,Wet,Raining,Collision with vehicle,Monday,Dusk/Dawn,110,2014/08/25,06:25:00,No,3.0,2.0,-36.59051062,145.8599693,BENALLA
T20140017642,Dry,Clear,Collision with vehicle,Monday,Day,60,2014/08/25,14:45:00,No,2.0,1.0,-38.22679992,146.4406994,LATROBE
T20140017651,Unknown,Not known,Fall from or in moving vehicle,Tuesday,Day,999,2014/08/26,08:30:00,No,1.0,1.0,-37.48578454,144.3606814,MOORABOOL
T20140017653,Wet,Clear,Collision with vehicle,Monday,Dark No street lights,100,2014/08/25,19:05:00,Yes,3.0,1.0,-35.8843026,144.3163011,GANNAWARRA
T20140017655,Dry,Clear,Collision with a fixed object,Friday,Dark No street lights,110,2014/07/18,20:10:00,Yes,4.0,2.0,-37.53864835,143.8835315,BALLARAT
T20140017656,Dry,Clear,Collision with vehicle,Tuesday,Day,60,2014/08/26,08:50:00,No,2.0,1.0,-36.78424211,144.4962584,GREATER BENDIGO
T20140017660,Dry,Clear,Collision with a fixed object,Tuesday,Day,60,2014/08/26,09:55:00,No,1.0,1.0,-36.13743422,146.8739109,WODONGA
T20140017665,Dry,Clear,Collision with a fixed object,Tuesday,Day,80,2014/08/26,09:17:00,No,1.0,1.0,-37.58031626,145.6326231,MURRINDINDI
T20140017692,Dry,Clear,No collision and no object struck,Tuesday,Dusk/Dawn,50,2014/08/26,17:20:00,No,1.0,1.0,-36.30971983,145.0379003,CAMPASPE
T20140017695,Dry,Clear,No collision and no object struck,Sunday,Day,80,2014/08/03,13:30:00,No,1.0,1.0,-37.47335965,144.9746031,MITCHELL
T20140017698,Dry,Clear,Vehicle overturned (no collision),Tuesday,Day,100,2014/08/26,15:00:00,No,1.0,1.0,-36.16123969,141.4331872,HINDMARSH
T20140017701,Dry,Clear,Struck Pedestrian,Tuesday,Dusk/Dawn,50,2014/08/26,17:35:00,No,2.0,2.0,-38.23364756,143.1485524,CORANGAMITE
T20140017719,Dry,Fog,Collision with a fixed object,Wednesday,Dark No street lights,100,2014/08/27,04:45:00,Yes,1.0,1.0,-36.35141847,142.5052229,YARRIAMBIACK
T20140017728,Dry,Clear,Collision with vehicle,Wednesday,Day,100,2014/08/27,09:25:00,No,2.0,1.0,-37.01146974,144.2450293,MOUNT ALEXANDER
T20140017734,Dry,Clear,Collision with vehicle,Wednesday,Day,60,2014/08/27,11:50:00,No,2.0,1.0,-36.79116841,144.2847918,GREATER BENDIGO
T20140017738,Wet,Clear,No collision and no object struck,Sunday,Day,100,2014/08/24,12:30:00,No,1.0,1.0,-37.43443064,144.4963203,MACEDON RANGES
T20140017750,Dry,Clear,No collision and no object struck,Saturday,Day,80,2014/08/23,12:45:00,No,1.0,1.0,-37.35801284,144.5927972,MACEDON RANGES
T20140017751,Dry,Clear,No collision and no object struck,Thursday,Day,999,2014/08/14,16:30:00,No,1.0,1.0,-38.25236064,146.9495798,WELLINGTON
T20140017756,Dry,Clear,Collision with vehicle,Wednesday,Day,60,2014/08/27,12:30:00,No,2.0,1.0,-38.17611,144.4019988,GREATER GEELONG
T20140017758,Dry,Clear,No collision and no object struck,Wednesday,Day,60,2014/08/27,14:10:00,No,2.0,1.0,-37.55425472,143.8042404,BALLARAT
T20140017761,Dry,Clear,Collision with a fixed object,Tuesday,Dusk/Dawn,100,2014/08/26,17:58:00,No,1.0,1.0,-37.5977158,143.4195664,PYRENEES
T20140017765,Unknown,Not known,Struck animal,Sunday,Day,999,2014/08/24,13:30:00,No,1.0,1.0,-38.36155007,146.3225499,LATROBE
T20140017767,Dry,Clear,Collision with vehicle,Wednesday,Day,60,2014/08/27,15:25:00,No,2.0,1.0,-36.74407418,144.2583066,GREATER BENDIGO
T20140017775,Dry,Clear,Collision with vehicle,Wednesday,Day,70,2014/08/27,16:15:00,No,2.0,2.0,-37.54239757,143.7873346,BALLARAT
T20140017800,Dry,Fog,Collision with vehicle,Thursday,Dark No street lights,110,2014/08/28,01:42:00,Yes,2.0,1.0,-38.17217207,145.9695583,BAW BAW
T20140017811,Dry,Clear,Collision with vehicle,Wednesday,Dusk/Dawn,60,2014/08/27,17:05:00,No,4.0,3.0,-36.7596259,144.3174301,GREATER BENDIGO
T20140017815,Dry,Fog,Collision with a fixed object,Monday,Dusk/Dawn,100,2014/07/07,06:30:00,No,1.0,1.0,-36.38667424,144.9319523,CAMPASPE
T20140017820,Dry,Clear,Collision with vehicle,Thursday,Day,50,2014/08/28,08:50:00,No,5.0,1.0,-37.29796309,144.950325,MITCHELL
T20140017832,Wet,Fog,No collision and no object struck,Thursday,Dusk/Dawn,100,2014/08/28,06:00:00,Yes,1.0,1.0,-38.3021267,144.0399988,SURF COAST
T20140017833,Dry,Clear,Collision with vehicle,Monday,Day,70,2014/08/25,13:00:00,No,2.0,1.0,-36.15037837,144.7306917,CAMPASPE
T20140017838,Unknown,Not known,No collision and no object struck,Saturday,Day,999,2014/08/23,16:00:00,Yes,1.0,1.0,-37.81334772,146.6729319,WELLINGTON
T20140017841,Dry,Clear,Collision with vehicle,Sunday,Day,100,2014/08/24,15:30:00,No,2.0,1.0,-38.3430523,143.6240791,COLAC OTWAY
T20140017843,Wet,Fog,Struck Pedestrian,Thursday,Day,40,2014/08/28,08:59:00,No,2.0,1.0,-38.3275241,143.0783493,CORANGAMITE
T20140017863,Dry,Clear,Collision with a fixed object,Thursday,Dusk/Dawn,100,2014/08/28,17:08:00,No,1.0,1.0,-37.43429457,144.9777258,MITCHELL
T20140017868,Dry,Clear,Collision with vehicle,Thursday,Day,50,2014/08/28,15:40:00,No,2.0,1.0,-36.71784092,142.19905,HORSHAM
T20140017877,Dry,Clear,Collision with vehicle,Thursday,Dark Street lights on,60,2014/08/28,19:48:00,Yes,4.0,2.0,-37.52485415,143.8095725,BALLARAT
T20140017878,Dry,Clear,Struck Pedestrian,Thursday,Dark Street lights on,60,2014/08/28,19:05:00,Yes,2.0,1.0,-37.74226039,142.0376099,SOUTHERN GRAMPIANS
T20140017887,Dry,Clear,Collision with vehicle,Friday,Dusk/Dawn,100,2014/08/22,17:40:00,Yes,4.0,2.0,-37.79665988,147.59546,EAST GIPPSLAND
T20140017891,Dry,Clear,Collision with vehicle,Wednesday,Day,60,2014/08/13,16:45:00,No,2.0,1.0,-36.7314577,144.304867,GREATER BENDIGO
T20140017893,Wet,Fog,Collision with a fixed object,Friday,Dark No street lights,100,2014/08/29,05:35:00,Yes,1.0,1.0,-37.80363014,142.1843499,SOUTHERN GRAMPIANS
T20140017923,Dry,Clear,Struck animal,Tuesday,Dusk/Dawn,90,2014/08/19,06:30:00,No,1.0,1.0,-36.67548004,144.3220103,GREATER BENDIGO
T20140017927,Unknown,Not known,No collision and no object struck,Wednesday,Dusk/Dawn,999,2014/08/06,17:30:00,No,1.0,1.0,-38.34585194,144.1472608,SURF COAST
T20140017954,Dry,Clear,Collision with vehicle,Friday,Dark Street lights on,50,2014/08/29,21:50:00,Yes,3.0,2.0,-38.34087133,143.6013165,COLAC OTWAY
T20140017960,Wet,Fog,Collision with a fixed object,Friday,Dark No street lights,100,2014/08/29,03:00:00,Yes,1.0,1.0,-38.27728011,146.4322609,LATROBE
T20140017969,Wet,Fog,Collision with vehicle,Friday,Dusk/Dawn,80,2014/08/29,05:55:00,Yes,2.0,1.0,-38.20247666,146.5221987,LATROBE
T20140017971,Dry,Clear,Collision with vehicle,Friday,Day,50,2014/08/29,15:45:00,No,2.0,1.0,-37.06240007,144.2094579,MOUNT ALEXANDER
T20140017973,Dry,Clear,No collision and no object struck,Sunday,Day,60,2014/08/24,14:00:00,No,1.0,1.0,-38.35747983,144.2826787,SURF COAST
T20140017976,Dry,Clear,Collision with vehicle,Saturday,Dusk/Dawn,70,2014/08/30,07:30:00,Yes,2.0,1.0,-37.60488817,143.8602992,BALLARAT
T20140017987,Dry,Clear,Collision with vehicle,Saturday,Day,50,2014/08/30,12:15:00,No,3.0,3.0,-37.2869513,142.9388867,ARARAT
T20140017994,Dry,Clear,No collision and no object struck,Saturday,Day,100,2014/08/30,11:45:00,No,1.0,1.0,-37.5777105,144.1974184,MOORABOOL
T20140017996,Dry,Clear,Struck animal,Thursday,Dark Street lights unknown,60,2014/08/28,18:00:00,Yes,1.0,1.0,-37.39505029,144.98505,MITCHELL
T20140018000,Dry,Clear,Vehicle overturned (no collision),Saturday,Dusk/Dawn,100,2014/08/30,07:55:00,Yes,1.0,1.0,-37.76161411,144.2538193,MOORABOOL
T20140018003,Dry,Clear,collision with some other object,Saturday,Day,100,2014/08/30,13:15:00,No,1.0,1.0,-37.89876005,146.6279304,WELLINGTON
T20140018007,Dry,Clear,Vehicle overturned (no collision),Saturday,Day,999,2014/08/30,13:00:00,No,1.0,1.0,-37.5415471,146.3303121,MANSFIELD
T20140018013,Dry,Clear,Collision with a fixed object,Saturday,Dark Street lights on,50,2014/08/30,17:45:00,Yes,4.0,4.0,-37.05937381,146.0955992,MANSFIELD
T20140018020,Dry,Clear,Collision with vehicle,Saturday,Dark Street lights on,80,2014/08/30,18:30:00,Yes,2.0,1.0,-38.05067188,144.3799581,GREATER GEELONG
T20140018021,Dry,Clear,Collision with vehicle,Saturday,Dark Street lights on,60,2014/08/30,19:15:00,Yes,5.0,1.0,-38.23951263,146.3957694,LATROBE
T20140018041,Wet,Clear,Vehicle overturned (no collision),Saturday,Day,999,2014/08/23,11:00:00,No,1.0,1.0,-38.02646639,146.0321187,BAW BAW
T20140018045,Dry,Clear,Vehicle overturned (no collision),Sunday,Day,60,2014/08/31,10:00:00,Yes,1.0,1.0,-38.2852533,144.465489,GREATER GEELONG
T20140018053,Dry,Clear,Collision with vehicle,Sunday,Day,70,2014/08/31,12:30:00,No,2.0,1.0,-38.15822872,144.3330486,GREATER GEELONG
T20140018054,Dry,Clear,Collision with vehicle,Sunday,Day,60,2014/08/31,14:00:00,No,3.0,2.0,-38.1869855,146.2847686,LATROBE
T20140018060,Dry,Clear,Collision with vehicle,Saturday,Dark Street lights on,80,2014/08/30,22:15:00,Yes,2.0,1.0,-38.19220113,146.5524286,LATROBE
T20140018064,Dry,Clear,Collision with vehicle,Sunday,Day,100,2014/08/31,16:45:00,Yes,2.0,2.0,-36.40376412,145.2953809,GREATER SHEPPARTON
T20140018065,Dry,Clear,Collision with a fixed object,Sunday,Day,110,2014/08/31,15:16:00,No,2.0,2.0,-35.61571,142.97319,BULOKE
T20140018073,Dry,Clear,Collision with vehicle,Saturday,Day,100,2014/08/30,10:45:00,No,2.0,2.0,-36.9127095,144.4733472,GREATER BENDIGO
T20140018074,Dry,Clear,Collision with vehicle,Sunday,Dusk/Dawn,100,2014/08/31,17:20:00,Yes,5.0,2.0,-37.02416691,145.6889777,MURRINDINDI
T20140018075,Dry,Clear,Collision with a fixed object,Sunday,Day,60,2014/08/31,16:30:00,Yes,1.0,1.0,-38.5627135,146.6783692,WELLINGTON
T20140018076,Dry,Clear,Collision with vehicle,Sunday,Dusk/Dawn,70,2014/08/31,18:00:00,Yes,2.0,1.0,-38.11615077,144.3304289,GREATER GEELONG
T20140018085,Dry,Clear,Collision with a fixed object,Sunday,Dark No street lights,100,2014/08/31,19:40:00,Yes,2.0,2.0,-38.19225122,143.0354894,CORANGAMITE
T20140018098,Wet,Raining,Collision with vehicle,Monday,Dusk/Dawn,100,2014/09/01,07:30:00,No,2.0,1.0,-37.94402854,144.1264634,GOLDEN PLAINS
T20140018110,Unknown,Not known,Collision with vehicle,Friday,Dusk/Dawn,70,2014/07/25,16:00:00,Yes,3.0,2.0,-38.1275839,144.351647,GREATER GEELONG
T20140018116,Dry,Clear,Collision with vehicle,Thursday,Day,60,2014/08/28,12:15:00,No,3.0,1.0,-36.38218213,145.4074795,GREATER SHEPPARTON
T20140018123,Unknown,Clear,Vehicle overturned (no collision),Friday,Day,999,2014/08/08,14:20:00,No,1.0,1.0,-37.89402249,146.4447081,BAW BAW
T20140018124,Dry,Clear,No collision and no object struck,Saturday,Day,100,2014/08/30,15:00:00,Yes,1.0,1.0,-36.74224426,144.4232598,GREATER BENDIGO
T20140018136,Wet,Raining,Collision with vehicle,Monday,Day,60,2014/09/01,15:42:00,No,2.0,1.0,-36.38142745,145.4089964,GREATER SHEPPARTON
T20140018140,Wet,Raining,Collision with a fixed object,Monday,Day,100,2014/09/01,15:40:00,No,1.0,1.0,-36.89164903,145.1056013,STRATHBOGIE
T20140018159,Dry,Clear,No collision and no object struck,Monday,Day,50,2014/09/01,14:30:00,No,2.0,1.0,-37.82515689,147.6344609,EAST GIPPSLAND
T20140018160,Wet,Raining,Collision with vehicle,Monday,Unknown,100,2014/09/01,23:12:00,Yes,3.0,3.0,-38.45075096,145.9780519,SOUTH GIPPSLAND
T20140018171,Wet,Clear,Collision with a fixed object,Tuesday,Dusk/Dawn,60,2014/09/02,06:55:00,No,1.0,1.0,-37.04690319,144.2206276,MOUNT ALEXANDER
T20140018179,Unknown,Not known,Collision with vehicle,Friday,Day,60,2014/08/01,16:00:00,Yes,3.0,2.0,-37.54119627,143.8400266,BALLARAT
T20140018186,Dry,Clear,Struck Pedestrian,Tuesday,Day,50,2014/09/02,09:35:00,No,2.0,1.0,-38.17227962,144.3242762,GREATER GEELONG
T20140018193,Dry,Clear,Collision with vehicle,Tuesday,Day,60,2014/09/02,08:36:00,No,4.0,3.0,-37.57993559,143.8180027,BALLARAT
T20140018218,Dry,Clear,Vehicle overturned (no collision),Sunday,Day,80,2014/08/31,16:00:00,Yes,1.0,1.0,-37.95431175,145.9565567,BAW BAW
T20140018219,Dry,Clear,No collision and no object struck,Sunday,Day,999,2014/08/31,11:30:00,No,1.0,1.0,-36.89648124,143.2813107,NORTHERN GRAMPIANS
T20140018231,Dry,Clear,Collision with a fixed object,Saturday,Day,999,2014/08/16,13:00:00,No,1.0,1.0,-38.60432184,146.5376426,WELLINGTON
T20140018239,Wet,Clear,Collision with a fixed object,Tuesday,Dark No street lights,100,2014/09/02,21:23:00,Yes,1.0,1.0,-36.94490271,143.7886525,CENTRAL GOLDFIELDS
T20140018257,Dry,Clear,Collision with a fixed object,Wednesday,Day,100,2014/09/03,08:30:00,No,1.0,1.0,-38.17561067,146.0237008,BAW BAW
T20140018267,Wet,Raining,No collision and no object struck,Tuesday,Day,110,2014/09/02,14:00:00,No,1.0,1.0,-37.54631395,143.8952072,BALLARAT
T20140018269,Dry,Not known,Collision with vehicle,Monday,Dark Street lights unknown,60,2014/08/18,19:10:00,Yes,3.0,1.0,-38.23717314,146.3904823,LATROBE
T20140018270,Wet,Raining,Vehicle overturned (no collision),Monday,Dark No street lights,100,2014/09/01,19:00:00,Yes,1.0,1.0,-37.64074007,148.1100606,EAST GIPPSLAND
T20140018282,Dry,Clear,Collision with vehicle,Wednesday,Day,70,2014/09/03,13:55:00,No,4.0,3.0,-38.18166053,146.2745191,LATROBE
T20140018293,Dry,Clear,Collision with a fixed object,Wednesday,Day,100,2014/09/03,15:40:00,No,1.0,1.0,-38.29008392,144.3571292,SURF COAST
T20140018299,Unknown,Not known,Vehicle overturned (no collision),Wednesday,Day,50,2014/09/03,12:10:00,No,2.0,1.0,-38.62070692,142.9933669,CORANGAMITE
T20140018304,Dry,Clear,Collision with vehicle,Wednesday,Dusk/Dawn,80,2014/09/03,18:10:00,Yes,3.0,2.0,-38.21960827,144.337915,GREATER GEELONG
T20140018306,Dry,Clear,Collision with a fixed object,Wednesday,Dusk/Dawn,80,2014/09/03,18:50:00,Yes,1.0,1.0,-38.71687141,143.7292906,COLAC OTWAY
T20140018308,Dry,Clear,Collision with a fixed object,Wednesday,Dark No street lights,110,2014/09/03,20:30:00,Yes,1.0,1.0,-37.49864866,144.9567281,MITCHELL
T20140018311,Dry,Clear,Collision with vehicle,Wednesday,Dusk/Dawn,80,2014/09/03,17:35:00,No,2.0,1.0,-34.239605,142.1756834,MILDURA
T20140018315,Dry,Clear,Collision with vehicle,Wednesday,Dark No street lights,100,2014/09/03,05:30:00,Yes,2.0,1.0,-36.66350024,144.6594889,CAMPASPE
T20140018317,Dry,Clear,Collision with vehicle,Thursday,Dark Street lights on,60,2014/09/04,02:35:00,Yes,1.0,1.0,-34.1690879,142.1431626,MILDURA
T20140018326,Dry,Clear,Vehicle overturned (no collision),Thursday,Day,50,2014/09/04,11:40:00,No,2.0,1.0,-36.38127794,145.4007639,GREATER SHEPPARTON
T20140018329,Dry,Clear,Collision with vehicle,Thursday,Day,60,2014/09/04,09:45:00,No,5.0,1.0,-36.76347183,144.2705802,GREATER BENDIGO
T20140018332,Dry,Clear,Collision with vehicle,Thursday,Day,60,2014/09/04,12:50:00,No,2.0,1.0,-36.69986976,146.908922,ALPINE
T20140018336,Dry,Fog,Collision with a fixed object,Sunday,Dark No street lights,100,2014/08/31,04:00:00,Yes,2.0,1.0,-36.4547727,145.21893,GREATER SHEPPARTON
T20140018338,Dry,Clear,Collision with vehicle,Thursday,Day,100,2014/09/04,13:25:00,No,23.0,1.0,-36.2546171,145.0495004,CAMPASPE
T20140018340,Dry,Clear,collision with some other object,Sunday,Day,40,2014/08/31,14:30:00,No,1.0,1.0,-36.93794146,145.9472903,MANSFIELD
T20140018343,Dry,Clear,Collision with vehicle,Thursday,Day,60,2014/09/04,14:50:00,No,1.0,1.0,-36.55596054,145.9727402,BENALLA
T20140018352,Dry,Clear,Collision with a fixed object,Thursday,Day,100,2014/09/04,16:45:00,No,1.0,1.0,-37.3912899,144.8925792,MACEDON RANGES
T20140018356,Dry,Clear,Collision with vehicle,Thursday,Day,50,2014/09/04,15:42:00,No,3.0,2.0,-36.7202393,142.1823671,HORSHAM
T20140018372,Dry,Clear,Collision with vehicle,Thursday,Dark No street lights,50,2014/09/04,19:30:00,Yes,2.0,1.0,-38.26206834,144.5383137,GREATER GEELONG
T20140018388,Dry,Clear,Vehicle overturned (no collision),Friday,Dark No street lights,100,2014/09/05,02:06:00,Yes,1.0,1.0,-36.26835703,145.463565,GREATER SHEPPARTON
T20140018393,Dry,Clear,Collision with a fixed object,Friday,Dusk/Dawn,100,2014/09/05,07:05:00,No,2.0,1.0,-37.27337107,144.7775624,MACEDON RANGES
T20140018401,Dry,Clear,Struck Pedestrian,Friday,Day,50,2014/09/05,10:00:00,No,2.0,1.0,-38.43137069,145.8232289,SOUTH GIPPSLAND
T20140018403,Wet,Raining,Collision with vehicle,Monday,Day,100,2014/09/01,13:45:00,No,2.0,1.0,-36.44336125,145.0139068,CAMPASPE
T20140018409,Dry,Clear,Collision with a fixed object,Friday,Day,60,2014/09/05,09:50:00,No,2.0,1.0,-37.82463516,147.6073408,EAST GIPPSLAND
T20140018414,Dry,Clear,Collision with vehicle,Friday,Day,80,2014/09/05,11:30:00,No,3.0,1.0,-36.09592949,146.9015986,WODONGA
T20140018423,Dry,Clear,Collision with a fixed object,Friday,Day,80,2014/09/05,13:00:00,No,1.0,1.0,-36.18262152,144.6301216,CAMPASPE
T20140018425,Dry,Clear,Collision with a fixed object,Saturday,Day,999,2014/08/30,12:30:00,No,1.0,1.0,-37.45959996,145.9711631,MURRINDINDI
T20140018427,Dry,Clear,Vehicle overturned (no collision),Saturday,Day,50,2014/08/30,16:30:00,Yes,1.0,1.0,-36.36013887,145.41014,GREATER SHEPPARTON
T20140018431,Dry,Clear,Collision with a fixed object,Friday,Day,50,2014/09/05,14:30:00,No,1.0,1.0,-38.22529784,146.4232919,LATROBE
T20140018432,Dry,Clear,Vehicle overturned (no collision),Friday,Day,999,2014/09/05,13:45:00,No,1.0,1.0,-37.14064799,142.60461,NORTHERN GRAMPIANS
T20140018447,Dry,Clear,Collision with vehicle,Friday,Day,100,2014/09/05,16:30:00,Yes,3.0,1.0,-37.18273109,142.8812775,NORTHERN GRAMPIANS
T20140018457,Dry,Clear,Struck animal,Friday,Dark No street lights,100,2014/09/05,18:40:00,Yes,4.0,1.0,-37.25001323,144.3891432,MACEDON RANGES
T20140018481,Dry,Clear,Collision with vehicle,Tuesday,Day,60,2014/09/02,11:00:00,No,2.0,1.0,-38.15414408,144.3604242,GREATER GEELONG
T20140018487,Dry,Clear,No collision and no object struck,Saturday,Day,100,2014/09/06,11:00:00,No,1.0,1.0,-35.90358517,144.4073073,CAMPASPE
T20140018500,Dry,Clear,collision with some other object,Saturday,Day,100,2014/07/19,13:00:00,No,3.0,1.0,-36.6613396,144.3375495,GREATER BENDIGO
T20140018505,Dry,Clear,Collision with vehicle,Saturday,Day,50,2014/09/06,13:35:00,No,27.0,1.0,-36.01691058,146.400355,INDIGO
T20140018511,Dry,Clear,Collision with a fixed object,Saturday,Day,50,2014/09/06,14:15:00,Yes,1.0,1.0,-37.60126943,143.8338175,BALLARAT
T20140018513,Dry,Clear,No collision and no object struck,Saturday,Dark No street lights,50,2014/09/06,00:40:00,Yes,1.0,1.0,-35.50539778,142.85852,BULOKE
T20140018516,Dry,Clear,Collision with a fixed object,Saturday,Dusk/Dawn,80,2014/09/06,17:55:00,Yes,1.0,1.0,-35.95421999,145.6956656,MOIRA
T20140018527,Dry,Clear,Collision with vehicle,Saturday,Dusk/Dawn,50,2014/09/06,18:15:00,Yes,1.0,1.0,-38.18305203,144.3307796,GREATER GEELONG
T20140018541,Dry,Fog,Struck animal,Saturday,Dark No street lights,80,2014/09/06,23:00:00,Yes,1.0,1.0,-37.23588763,144.3613986,MACEDON RANGES
T20140018547,Dry,Clear,Struck Pedestrian,Sunday,Dark Street lights on,50,2014/09/07,03:56:00,Yes,2.0,1.0,-38.16328035,145.9298398,BAW BAW
T20140018559,Dry,Clear,Collision with vehicle,Saturday,Day,100,2014/09/06,16:10:00,Yes,2.0,1.0,-35.52323984,143.91036,GANNAWARRA
T20140018560,Dry,Clear,Collision with vehicle,Saturday,Day,50,2014/09/06,15:30:00,Yes,2.0,1.0,-35.33938951,143.5595224,SWAN HILL
T20140018563,Dry,Clear,Collision with vehicle,Sunday,Day,50,2014/09/07,11:34:00,No,2.0,1.0,-38.0955427,147.0845061,WELLINGTON
T20140018581,Dry,Clear,Collision with vehicle,Sunday,Day,100,2014/09/07,13:05:00,No,2.0,1.0,-37.43193207,145.2463338,MURRINDINDI
T20140018584,Dry,Clear,Vehicle overturned (no collision),Thursday,Dark Street lights unknown,60,2014/08/21,21:20:00,Yes,1.0,1.0,-34.20082891,142.1334987,MILDURA
T20140018593,Dry,Clear,Collision with vehicle,Sunday,Day,100,2014/09/07,16:25:00,Yes,2.0,1.0,-37.55839426,141.5009597,GLENELG
T20140018609,Dry,Clear,Collision with vehicle,Sunday,Dark No street lights,100,2014/09/07,20:50:00,Yes,2.0,1.0,-37.02930004,145.07234,MITCHELL
T20140018624,Wet,Clear,Collision with a fixed object,Sunday,Dark No street lights,100,2014/09/07,21:10:00,Yes,2.0,1.0,-38.08912601,144.1207866,GOLDEN PLAINS
T20140018635,Wet,Clear,Vehicle overturned (no collision),Sunday,Day,999,2014/08/31,12:00:00,No,1.0,1.0,-37.43092897,145.2930125,MURRINDINDI
T20140018639,Unknown,Not known,Collision with a fixed object,Friday,Day,999,2014/09/05,12:45:00,No,2.0,2.0,-38.50060987,145.6929403,BASS COAST
T20140018640,Dry,Not known,Collision with vehicle,Saturday,Day,60,2014/09/06,10:30:00,No,5.0,1.0,-37.38130285,144.7918032,MACEDON RANGES
T20140018642,Dry,Clear,Collision with a fixed object,Friday,Day,80,2014/09/05,16:45:00,Yes,1.0,1.0,-38.2291983,146.1672001,BAW BAW
T20140018643,Dry,Clear,Collision with a fixed object,Sunday,Dark No street lights,100,2014/09/07,05:29:00,Yes,1.0,1.0,-36.36502921,146.3687806,WANGARATTA
T20140018647,Dry,Clear,Collision with a fixed object,Monday,Day,100,2014/09/08,09:50:00,No,1.0,1.0,-37.95260226,144.1823173,GOLDEN PLAINS
T20140018652,Dry,Clear,Vehicle overturned (no collision),Saturday,Dusk/Dawn,50,2014/07/26,17:30:00,Yes,1.0,1.0,-36.79623047,144.2393786,GREATER BENDIGO
T20140018655,Unknown,Not known,Collision with vehicle,Sunday,Day,999,2014/09/07,12:20:00,No,3.0,1.0,-38.13149619,144.3446226,GREATER GEELONG
T20140018662,Dry,Clear,Vehicle overturned (no collision),Sunday,Day,100,2014/09/07,16:45:00,Yes,1.0,1.0,-36.11996094,147.0559272,TOWONG
T20140018677,Dry,Clear,Collision with a fixed object,Monday,Day,100,2014/09/08,16:45:00,No,1.0,1.0,-38.20269034,144.5463629,GREATER GEELONG
T20140018685,Dry,Clear,Collision with a fixed object,Monday,Dark No street lights,100,2014/09/08,20:30:00,Yes,1.0,1.0,-37.37029072,143.9329899,HEPBURN
T20140018700,Dry,Clear,Collision with a fixed object,Monday,Dark No street lights,100,2014/09/08,22:00:00,Yes,1.0,1.0,-36.23671968,147.096988,INDIGO
T20140018711,Wet,Raining,Collision with vehicle,Tuesday,Day,50,2014/09/09,10:00:00,No,2.0,1.0,-37.42775816,143.3840409,PYRENEES
T20140018720,Dry,Clear,Collision with a fixed object,Tuesday,Day,100,2014/09/09,14:00:00,No,1.0,1.0,-38.61981437,146.1684347,SOUTH GIPPSLAND
T20140018722,Unknown,Not known,No collision and no object struck,Tuesday,Day,100,2014/09/09,10:00:00,No,1.0,1.0,-38.52936285,146.7357188,WELLINGTON
T20140018723,Dry,Clear,Vehicle overturned (no collision),Tuesday,Day,100,2014/09/09,12:30:00,No,1.0,1.0,-36.63379212,142.274511,HORSHAM
T20140018728,Dry,Clear,Collision with vehicle,Tuesday,Day,60,2014/09/09,15:15:00,No,2.0,1.0,-34.19514295,142.1305213,MILDURA
T20140018737,Wet,Raining,Collision with a fixed object,Tuesday,Dark Street lights on,60,2014/09/09,18:40:00,Yes,1.0,1.0,-38.17451272,146.2579313,LATROBE
T20140018767,Wet,Raining,Vehicle overturned (no collision),Tuesday,Day,100,2014/09/09,16:50:00,No,1.0,1.0,-36.41424998,146.6990893,INDIGO
T20140018773,Dry,Clear,Collision with vehicle,Wednesday,Day,40,2014/09/10,08:15:00,No,4.0,1.0,-36.73966121,144.2985524,GREATER BENDIGO
T20140018774,Dry,Clear,Collision with a fixed object,Wednesday,Dusk/Dawn,100,2014/09/10,05:55:00,Yes,1.0,1.0,-38.20658948,144.5456157,GREATER GEELONG
T20140018775,Dry,Clear,Vehicle overturned (no collision),Tuesday,Day,100,2014/09/09,11:51:00,No,2.0,2.0,-35.31157936,142.4143947,YARRIAMBIACK
T20140018781,Dry,Clear,Collision with vehicle,Wednesday,Day,60,2014/09/10,08:50:00,No,3.0,2.0,-36.37430939,146.3097089,WANGARATTA
T20140018783,Muddy,Clear,No collision and no object struck,Friday,Day,999,2014/09/05,15:40:00,No,1.0,1.0,-36.89405211,144.4896667,GREATER BENDIGO
T20140018785,Dry,Clear,Collision with vehicle,Tuesday,Day,60,2014/09/09,11:30:00,No,2.0,1.0,-38.25257424,144.5365687,GREATER GEELONG
T20140018800,Dry,Clear,Collision with vehicle,Wednesday,Day,100,2014/09/10,11:00:00,No,3.0,1.0,-38.56774095,145.8886958,SOUTH GIPPSLAND
T20140018809,Wet,Not known,No collision and no object struck,Thursday,Dusk/Dawn,50,2014/09/04,07:40:00,No,2.0,1.0,-38.15338763,144.3618811,GREATER GEELONG
T20140018813,Dry,Clear,Collision with vehicle,Wednesday,Dark Street lights on,50,2014/09/10,18:30:00,Yes,3.0,1.0,-38.13839433,144.3543742,GREATER GEELONG
T20140018815,Dry,Clear,Vehicle overturned (no collision),Wednesday,Dark No street lights,100,2014/09/10,18:00:00,Yes,1.0,1.0,-37.99703145,146.0395302,BAW BAW