Accident_No,Surface_Cond_Desc,Atmosph_Cond_Desc,Accident_Type_Desc,Day,Light_Condition_Desc,Speed_Zone,Accident_Date,Accident_Time,Alcohol_Influence,Total_Persons_Inv,Inj_Or_Fatal,Lat,Long,LGA
T20140018816,Dry,Clear,Collision with vehicle,Wednesday,Day,60,2014/09/10,16:34:00,No,2.0,2.0,-38.18743358,144.5680456,GREATER GEELONG
T20140018818,Unknown,Clear,No collision and no object struck,Sunday,Day,999,2014/09/07,15:00:00,No,1.0,1.0,-37.43593999,144.43555,MACEDON RANGES
T20140018825,Dry,Clear,Collision with vehicle,Wednesday,Dark Street lights on,60,2014/09/10,21:30:00,Yes,2.0,1.0,-36.75017322,144.2834733,GREATER BENDIGO
T20140018832,Dry,Clear,Collision with a fixed object,Thursday,Dark No street lights,110,2014/09/11,02:48:00,Yes,1.0,1.0,-36.08301992,146.79556,WODONGA
T20140018837,Dry,Clear,Collision with a fixed object,Wednesday,Day,100,2014/09/10,09:15:00,No,1.0,1.0,-38.18517891,145.8866246,BAW BAW
T20140018839,Wet,Clear,Vehicle overturned (no collision),Tuesday,Day,60,2014/09/09,09:00:00,No,1.0,1.0,-36.75633302,144.2625872,GREATER BENDIGO
T20140018840,Dry,Clear,No collision and no object struck,Thursday,Day,60,2014/09/04,13:00:00,No,1.0,1.0,-38.28716707,146.8441504,WELLINGTON
T20140018843,Dry,Clear,Collision with vehicle,Thursday,Day,60,2014/09/11,09:05:00,No,2.0,1.0,-38.16431345,144.3633384,GREATER GEELONG
T20140018844,Dry,Clear,Collision with vehicle,Thursday,Day,60,2014/09/11,08:30:00,No,3.0,1.0,-38.14165358,144.3361529,GREATER GEELONG
T20140018850,Dry,Clear,No collision and no object struck,Wednesday,Day,100,2014/09/03,13:45:00,No,1.0,1.0,-37.96174404,147.0216688,WELLINGTON
T20140018862,Dry,Clear,Collision with vehicle,Thursday,Day,60,2014/09/11,13:45:00,No,3.0,2.0,-36.76151877,144.2621359,GREATER BENDIGO
T20140018863,Wet,Raining,Collision with vehicle,Thursday,Day,100,2014/09/11,08:40:00,No,2.0,1.0,-35.79400176,144.09623,GANNAWARRA
T20140018869,Dry,Clear,Collision with a fixed object,Monday,Dark No street lights,100,2014/09/08,20:30:00,Yes,1.0,1.0,-36.01913262,145.9663573,MOIRA
T20140018877,Wet,Raining,Vehicle overturned (no collision),Thursday,Day,80,2014/09/11,16:30:00,No,1.0,1.0,-38.7172003,143.7094502,COLAC OTWAY
T20140018885,Dry,Clear,Collision with a fixed object,Thursday,Dark No street lights,60,2014/09/11,18:20:00,Yes,3.0,3.0,-38.1509498,144.7161394,GREATER GEELONG
T20140018896,Dry,Clear,No collision and no object struck,Tuesday,Day,999,2014/09/09,14:50:00,No,1.0,1.0,-37.058087,142.3595633,HORSHAM
T20140018912,Dry,Clear,Collision with vehicle,Thursday,Dusk/Dawn,60,2014/09/11,17:58:00,No,3.0,1.0,-37.56433581,143.8407508,BALLARAT
T20140018916,Dry,Clear,Collision with vehicle,Friday,Day,60,2014/09/12,09:50:00,No,2.0,1.0,-36.75737269,144.2919333,GREATER BENDIGO
T20140018925,Dry,Clear,Struck Pedestrian,Friday,Day,50,2014/09/12,15:00:00,No,2.0,1.0,-38.6050272,145.5896796,BASS COAST
T20140018930,Dry,Clear,Collision with vehicle,Friday,Day,100,2014/09/12,15:05:00,No,4.0,4.0,-38.09986852,146.9891326,WELLINGTON
T20140018931,Dry,Clear,Collision with vehicle,Friday,Day,60,2014/09/12,15:41:00,No,2.0,1.0,-36.76594219,144.288517,GREATER BENDIGO
T20140018955,Dry,Clear,Struck Pedestrian,Friday,Dark Street lights on,60,2014/09/12,21:45:00,Yes,3.0,1.0,-36.25476519,144.95667,CAMPASPE
T20140018959,Dry,Clear,Collision with a fixed object,Friday,Day,100,2014/09/12,15:45:00,No,2.0,2.0,-37.67608663,141.2153253,GLENELG
T20140018964,Dry,Clear,Collision with vehicle,Friday,Dark Street lights on,60,2014/09/12,21:30:00,Yes,6.0,1.0,-36.71040226,142.1962536,HORSHAM
T20140018970,Dry,Clear,Collision with a fixed object,Friday,Dark No street lights,100,2014/09/12,23:30:00,Yes,1.0,1.0,-37.88532048,141.7919514,SOUTHERN GRAMPIANS
T20140018978,Dry,Clear,Collision with vehicle,Saturday,Day,50,2014/09/13,09:30:00,No,2.0,1.0,-37.24875913,144.4549902,MACEDON RANGES
T20140018983,Dry,Clear,Collision with vehicle,Thursday,Day,50,2014/09/11,15:50:00,No,2.0,1.0,-36.74888251,144.2894972,GREATER BENDIGO
T20140019008,Dry,Clear,Collision with vehicle,Saturday,Day,60,2014/09/13,14:15:00,Yes,5.0,2.0,-36.39598221,145.36785,GREATER SHEPPARTON
T20140019010,Dry,Clear,Collision with a fixed object,Saturday,Day,60,2014/09/13,12:20:00,No,1.0,1.0,-38.17382962,144.4024268,GREATER GEELONG
T20140019016,Dry,Clear,Collision with vehicle,Saturday,Dusk/Dawn,60,2014/09/13,17:28:00,Yes,4.0,2.0,-36.38522752,145.3985013,GREATER SHEPPARTON
T20140019038,Dry,Clear,Collision with vehicle,Sunday,Dusk/Dawn,80,2014/09/14,07:40:00,Yes,2.0,1.0,-38.55887963,143.9759883,SURF COAST
T20140019047,Dry,Clear,Collision with a fixed object,Sunday,Day,60,2014/09/14,10:00:00,Yes,1.0,1.0,-36.36601131,145.3972193,GREATER SHEPPARTON
T20140019056,Dry,Clear,Collision with a fixed object,Sunday,Dusk/Dawn,110,2014/09/14,07:45:00,Yes,1.0,1.0,-37.26027994,145.0569065,MITCHELL
T20140019061,Dry,Clear,Collision with a fixed object,Sunday,Day,100,2014/09/14,11:40:00,No,1.0,1.0,-35.93341865,147.7005874,TOWONG
T20140019081,Dry,Clear,Collision with a fixed object,Sunday,Dark Street lights on,50,2014/09/14,18:30:00,Yes,1.0,1.0,-36.73974101,144.2662687,GREATER BENDIGO
T20140019085,Dry,Clear,Struck Pedestrian,Sunday,Dark No street lights,100,2014/09/14,19:35:00,Yes,2.0,1.0,-37.56249499,143.7467909,BALLARAT
T20140019087,Dry,Clear,Vehicle overturned (no collision),Sunday,Day,100,2014/09/14,10:30:00,No,1.0,1.0,-37.11813846,143.2992603,PYRENEES
T20140019099,Wet,Fog,Collision with a fixed object,Monday,Dusk/Dawn,100,2014/09/15,06:32:00,No,1.0,1.0,-37.51525999,144.56293,MACEDON RANGES
T20140019108,Wet,Clear,Collision with a fixed object,Monday,Dark No street lights,100,2014/09/15,05:55:00,Yes,1.0,1.0,-38.25699137,144.0301097,SURF COAST
T20140019112,Dry,Clear,Collision with vehicle,Monday,Day,50,2014/09/15,09:45:00,No,2.0,1.0,-38.19601451,146.5353546,LATROBE
T20140019118,Dry,Clear,Collision with a fixed object,Monday,Day,100,2014/09/15,09:50:00,No,2.0,2.0,-36.24470525,146.1339035,WANGARATTA
T20140019125,Dry,Clear,Collision with vehicle,Saturday,Day,999,2014/08/30,15:00:00,Yes,2.0,1.0,-37.72492163,143.7334845,GOLDEN PLAINS
T20140019135,Dry,Clear,Vehicle overturned (no collision),Monday,Day,50,2014/09/15,11:15:00,No,1.0,1.0,-36.35949352,146.687046,INDIGO
T20140019137,Dry,Clear,Collision with vehicle,Saturday,Day,100,2014/09/13,15:00:00,Yes,3.0,2.0,-38.52195415,146.2189697,SOUTH GIPPSLAND
T20140019163,Dry,Clear,Collision with vehicle,Monday,Day,60,2014/09/15,16:16:00,No,5.0,3.0,-34.21526519,142.1258363,MILDURA
T20140019179,Dry,Clear,Collision with vehicle,Tuesday,Day,50,2014/09/16,08:50:00,No,3.0,1.0,-36.71664169,142.2023214,HORSHAM
T20140019181,Dry,Clear,Collision with vehicle,Tuesday,Day,40,2014/09/16,08:56:00,No,2.0,2.0,-36.35644419,146.3192324,WANGARATTA
T20140019186,Dry,Clear,Collision with vehicle,Tuesday,Day,40,2014/09/16,10:20:00,No,2.0,1.0,-38.31200308,143.6873599,COLAC OTWAY
T20140019197,Wet,Raining,Vehicle overturned (no collision),Saturday,Day,999,2014/08/30,14:00:00,No,1.0,1.0,-37.4721833,145.4342295,MURRINDINDI
T20140019198,Wet,Clear,No collision and no object struck,Saturday,Day,100,2014/08/23,15:00:00,Yes,1.0,1.0,-37.43160053,145.2721258,MURRINDINDI
T20140019207,Dry,Clear,Collision with vehicle,Tuesday,Day,80,2014/09/16,14:43:00,No,2.0,2.0,-38.23547739,146.4290391,LATROBE
T20140019220,Unknown,Not known,No collision and no object struck,Monday,Day,999,2014/09/15,11:00:00,No,1.0,1.0,-36.34132299,147.2038971,TOWONG
T20140019228,Dry,Clear,Collision with a fixed object,Friday,Dusk/Dawn,100,2014/09/12,05:15:00,Yes,1.0,1.0,-37.25079032,147.6426999,EAST GIPPSLAND
T20140019241,Dry,Clear,Collision with vehicle,Tuesday,Dark No street lights,100,2014/09/16,19:49:00,Yes,3.0,3.0,-37.70548409,144.4578785,MOORABOOL
T20140019242,Dry,Clear,No collision and no object struck,Saturday,Day,60,2014/08/30,12:30:00,No,2.0,1.0,-38.17483224,144.337761,GREATER GEELONG
T20140019245,Dry,Clear,Collision with vehicle,Friday,Day,50,2014/08/22,10:00:00,No,3.0,2.0,-38.14891405,144.3543211,GREATER GEELONG
T20140019246,Dry,Clear,Collision with vehicle,Tuesday,Day,100,2014/09/16,15:45:00,No,2.0,1.0,-36.44010349,145.2773836,GREATER SHEPPARTON
T20140019261,Dry,Clear,Collision with vehicle,Monday,Day,60,2014/09/15,10:30:00,No,3.0,1.0,-36.71999013,144.3127209,GREATER BENDIGO
T20140019264,Wet,Raining,Collision with a fixed object,Wednesday,Day,100,2014/09/17,08:45:00,No,2.0,2.0,-37.12514853,144.8803674,MITCHELL
T20140019294,Wet,Raining,Vehicle overturned (no collision),Wednesday,Day,70,2014/09/17,14:00:00,No,1.0,1.0,-38.197677,144.3097803,GREATER GEELONG
T20140019302,Dry,Clear,Collision with a fixed object,Wednesday,Dusk/Dawn,999,2014/09/17,18:50:00,Yes,1.0,1.0,-36.61472545,143.4078255,NORTHERN GRAMPIANS
T20140019305,Dry,Clear,Collision with a fixed object,Thursday,Dark No street lights,100,2014/09/18,05:15:00,Yes,1.0,1.0,-37.13066048,143.7712718,CENTRAL GOLDFIELDS
T20140019330,Wet,Clear,Collision with vehicle,Thursday,Day,50,2014/09/18,11:35:00,No,2.0,1.0,-37.56095233,143.8504425,BALLARAT
T20140019342,Wet,Raining,Collision with a fixed object,Thursday,Day,100,2014/09/18,08:35:00,No,2.0,2.0,-36.93207005,145.6654104,STRATHBOGIE
T20140019352,Dry,Not known,Collision with vehicle,Saturday,Day,70,2014/07/19,15:00:00,Yes,2.0,1.0,-38.15475795,144.3713642,GREATER GEELONG
T20140019364,Dry,Clear,Collision with a fixed object,Thursday,Day,50,2014/09/18,14:05:00,No,1.0,1.0,-37.15269013,142.8535099,NORTHERN GRAMPIANS
T20140019370,Dry,Clear,Collision with vehicle,Thursday,Dusk/Dawn,60,2014/09/18,18:10:00,Yes,2.0,1.0,-34.19252634,142.1538676,MILDURA
T20140019375,Dry,Clear,Collision with vehicle,Thursday,Dark Street lights on,60,2014/09/18,19:24:00,Yes,2.0,2.0,-38.09356987,147.06886,WELLINGTON
T20140019379,Dry,Clear,Collision with vehicle,Thursday,Dark No street lights,60,2014/09/18,19:17:00,Yes,1.0,1.0,-38.16206742,145.9574467,BAW BAW
T20140019384,Dry,Clear,Collision with vehicle,Monday,Day,999,2014/08/18,15:00:00,No,3.0,1.0,-36.14045326,144.740161,CAMPASPE
T20140019404,Dry,Clear,Collision with vehicle,Friday,Day,60,2014/09/19,09:15:00,No,3.0,1.0,-37.5825511,143.8679765,BALLARAT
T20140019441,Dry,Not known,Collision with vehicle,Friday,Day,60,2014/09/12,12:30:00,No,3.0,1.0,-37.58477002,143.8408074,BALLARAT
T20140019444,Dry,Clear,Collision with vehicle,Thursday,Day,70,2014/09/18,15:00:00,No,2.0,1.0,-38.06020691,144.3582016,GREATER GEELONG
T20140019458,Unknown,Not known,Collision with vehicle,Tuesday,Day,50,2014/09/16,09:15:00,No,2.0,1.0,-38.23422832,146.4066286,LATROBE
T20140019460,Dry,Clear,Struck animal,Friday,Dark No street lights,100,2014/09/19,19:00:00,Yes,1.0,1.0,-37.95340046,146.7994837,WELLINGTON
T20140019462,Dry,Clear,Collision with vehicle,Friday,Dusk/Dawn,60,2014/09/19,17:20:00,Yes,2.0,1.0,-38.1327727,144.331351,GREATER GEELONG
T20140019480,Dry,Clear,Collision with a fixed object,Saturday,Dark No street lights,60,2014/09/20,02:50:00,Yes,2.0,2.0,-38.25386806,144.5042103,GREATER GEELONG
T20140019486,Dry,Clear,Collision with vehicle,Saturday,Day,50,2014/09/20,08:30:00,No,3.0,2.0,-37.58902292,143.8395841,BALLARAT
T20140019490,Dry,Clear,Collision with a fixed object,Saturday,Day,100,2014/09/20,08:45:00,No,1.0,1.0,-36.76245984,143.8121802,LODDON
T20140019502,Dry,Clear,Vehicle overturned (no collision),Friday,Dusk/Dawn,60,2014/09/05,17:18:00,Yes,1.0,1.0,-38.08379115,144.3553661,GREATER GEELONG
T20140019504,Wet,Raining,No collision and no object struck,Saturday,Day,80,2014/09/20,10:16:00,No,1.0,1.0,-38.10707436,145.7831992,BAW BAW
T20140019507,Dry,Clear,Collision with a fixed object,Saturday,Day,60,2014/09/20,14:10:00,Yes,1.0,1.0,-36.13068014,146.8470554,WODONGA
T20140019509,Dry,Clear,Struck Pedestrian,Saturday,Day,999,2014/09/20,08:55:00,No,2.0,1.0,-38.20429866,146.5493988,LATROBE
T20140019521,Dry,Clear,Collision with a fixed object,Saturday,Dusk/Dawn,60,2014/09/20,18:00:00,Yes,1.0,1.0,-36.35783174,145.3933704,GREATER SHEPPARTON
T20140019526,Dry,Clear,Collision with vehicle,Friday,Dark No street lights,100,2014/09/19,22:34:00,Yes,3.0,3.0,-38.09716667,147.0975381,WELLINGTON
T20140019528,Dry,Clear,Collision with a fixed object,Saturday,Dark Street lights on,50,2014/09/20,19:08:00,Yes,1.0,1.0,-36.12455723,146.8888607,WODONGA
T20140019545,Dry,Clear,Vehicle overturned (no collision),Saturday,Day,100,2014/09/20,13:45:00,No,1.0,1.0,-38.65116513,146.2951551,SOUTH GIPPSLAND
T20140019549,Dry,Clear,Collision with vehicle,Saturday,Day,60,2014/09/20,13:30:00,No,2.0,1.0,-36.77419846,144.2564882,GREATER BENDIGO
T20140019551,Dry,Clear,Collision with vehicle,Sunday,Day,60,2014/09/21,09:30:00,Yes,2.0,1.0,-36.36519422,146.3148746,WANGARATTA
T20140019557,Dry,Clear,Collision with vehicle,Sunday,Day,100,2014/09/21,11:50:00,No,2.0,1.0,-37.4740098,144.6197859,MACEDON RANGES
T20140019560,Dry,Clear,Collision with vehicle,Sunday,Day,60,2014/09/21,12:15:00,No,4.0,2.0,-38.10502745,147.0722179,WELLINGTON
T20140019563,Dry,Clear,Vehicle overturned (no collision),Sunday,Day,100,2014/09/21,11:50:00,No,2.0,1.0,-35.78796545,144.02681,GANNAWARRA
T20140019565,Dry,Clear,Collision with vehicle,Sunday,Day,100,2014/09/21,13:15:00,No,5.0,2.0,-38.64888141,146.2074319,SOUTH GIPPSLAND
T20140019568,Dry,Clear,Collision with vehicle,Sunday,Day,60,2014/09/21,15:03:00,No,6.0,1.0,-36.6206209,143.2656994,NORTHERN GRAMPIANS
T20140019570,Dry,Clear,Collision with vehicle,Sunday,Day,100,2014/09/21,10:25:00,No,7.0,5.0,-37.43340753,144.7465246,MACEDON RANGES
T20140019581,Dry,Clear,Vehicle overturned (no collision),Sunday,Day,100,2014/09/21,13:14:00,No,1.0,1.0,-38.37009627,145.6701397,SOUTH GIPPSLAND
T20140019594,Dry,Clear,Collision with a fixed object,Saturday,Day,100,2014/09/20,14:33:00,Yes,1.0,1.0,-37.54932643,141.6822819,SOUTHERN GRAMPIANS
T20140019604,Dry,Clear,Collision with vehicle,Monday,Dusk/Dawn,60,2014/09/22,06:29:00,No,2.0,1.0,-38.16757924,144.350644,GREATER GEELONG
T20140019610,Dry,Clear,No collision and no object struck,Sunday,Day,100,2014/09/21,16:30:00,Yes,1.0,1.0,-36.47779939,146.7379109,ALPINE
T20140019611,Dry,Clear,Collision with a fixed object,Sunday,Dark No street lights,100,2014/09/21,21:00:00,No,1.0,1.0,-37.33321264,143.4219962,PYRENEES
T20140019612,Unknown,Not known,Vehicle overturned (no collision),Saturday,Day,999,2014/09/20,13:30:00,No,1.0,1.0,-37.24638971,144.5993716,MACEDON RANGES
T20140019618,Muddy,Not known,No collision and no object struck,Saturday,Day,999,2014/09/20,16:00:00,Yes,1.0,1.0,-37.49820917,145.9907954,MURRINDINDI
T20140019630,Dry,Clear,Collision with vehicle,Monday,Day,100,2014/09/22,13:35:00,No,3.0,2.0,-37.84476103,147.5850227,EAST GIPPSLAND
T20140019633,Unknown,Fog,Collision with a fixed object,Monday,Dark No street lights,110,2014/09/22,03:30:00,Yes,1.0,1.0,-38.20314444,146.0567496,BAW BAW
T20140019638,Dry,Clear,Collision with a fixed object,Monday,Day,100,2014/09/22,13:15:00,No,1.0,1.0,-37.79392959,142.6852775,ARARAT
T20140019647,Dry,Clear,No collision and no object struck,Sunday,Day,999,2014/09/21,15:00:00,No,1.0,1.0,-38.08014907,141.5888216,GLENELG
T20140019650,Dry,Clear,Collision with vehicle,Monday,Day,100,2014/09/22,16:35:00,No,2.0,1.0,-38.29873678,146.3166334,LATROBE
T20140019665,Dry,Clear,Collision with vehicle,Tuesday,Day,80,2014/09/23,08:46:00,No,2.0,1.0,-37.01870865,145.0502826,MITCHELL
T20140019674,Dry,Clear,Collision with vehicle,Tuesday,Day,50,2014/09/23,10:50:00,No,3.0,1.0,-38.20030694,146.5334312,LATROBE
T20140019689,Dry,Clear,Collision with vehicle,Tuesday,Day,50,2014/09/23,13:40:00,No,3.0,2.0,-36.72262949,144.3078604,GREATER BENDIGO
T20140019690,Dry,Clear,Vehicle overturned (no collision),Friday,Day,60,2014/09/19,15:30:00,No,1.0,1.0,-37.69034194,143.7222468,GOLDEN PLAINS
T20140019692,Dry,Clear,collision with some other object,Tuesday,Day,100,2014/09/23,09:00:00,No,1.0,1.0,-37.90219087,146.5394005,WELLINGTON
T20140019715,Dry,Clear,Collision with vehicle,Tuesday,Dark Street lights on,60,2014/09/23,19:40:00,Yes,2.0,1.0,-38.15360253,144.3585288,GREATER GEELONG
T20140019719,Dry,Clear,Vehicle overturned (no collision),Tuesday,Dark No street lights,100,2014/09/23,22:00:00,Yes,1.0,1.0,-38.61813426,142.9759794,CORANGAMITE
T20140019729,Dry,Clear,Struck animal,Tuesday,Dark No street lights,110,2014/09/23,21:00:00,Yes,2.0,1.0,-37.31638857,145.0480163,MITCHELL
T20140019735,Dry,Clear,No collision and no object struck,Wednesday,Day,80,2014/09/24,11:00:00,No,1.0,1.0,-38.04254991,145.834315,BAW BAW
T20140019741,Dry,Clear,Struck Pedestrian,Wednesday,Day,60,2014/09/24,10:57:00,No,2.0,1.0,-38.08374993,144.3676292,GREATER GEELONG
T20140019745,Dry,Clear,Collision with vehicle,Wednesday,Day,50,2014/09/24,11:50:00,No,4.0,1.0,-36.37053099,145.3979751,GREATER SHEPPARTON
T20140019767,Dry,Clear,Collision with vehicle,Wednesday,Day,100,2014/09/24,16:10:00,No,3.0,2.0,-37.8028253,147.4763012,EAST GIPPSLAND
T20140019770,Wet,Raining,Collision with vehicle,Wednesday,Dusk/Dawn,60,2014/09/24,17:15:00,No,2.0,2.0,-36.39531265,145.3557817,GREATER SHEPPARTON
T20140019771,Unknown,Not known,No collision and no object struck,Thursday,Day,70,2014/09/11,16:00:00,No,2.0,1.0,-38.37365035,142.477565,WARRNAMBOOL
T20140019774,Dry,Clear,Struck Pedestrian,Wednesday,Day,60,2014/09/24,15:25:00,No,2.0,1.0,-38.1628955,144.358362,GREATER GEELONG
T20140019797,Dry,Clear,Struck Pedestrian,Wednesday,Dark Street lights on,60,2014/09/24,23:00:00,Yes,2.0,1.0,-38.35799649,142.5097106,WARRNAMBOOL
T20140019798,Wet,Clear,Struck Pedestrian,Wednesday,Dark Street lights on,50,2014/09/24,22:40:00,Yes,3.0,1.0,-34.30245949,142.1953198,MILDURA
T20140019807,Dry,Clear,No collision and no object struck,Sunday,Day,60,2014/09/21,10:00:00,Yes,1.0,1.0,-36.12163539,146.8673041,WODONGA
T20140019811,Dry,Not known,Collision with vehicle,Thursday,Dusk/Dawn,50,2014/09/18,17:30:00,No,2.0,1.0,-37.56530163,143.8762818,BALLARAT
T20140019812,Dry,Clear,Collision with vehicle,Thursday,Day,50,2014/09/25,10:20:00,No,2.0,1.0,-37.56354048,143.8604845,BALLARAT
T20140019813,Unknown,Clear,Vehicle overturned (no collision),Sunday,Day,999,2014/09/21,10:00:00,Yes,1.0,1.0,-37.96569097,145.7507003,BAW BAW
T20140019819,Dry,Clear,Collision with vehicle,Thursday,Day,60,2014/09/25,10:20:00,No,2.0,2.0,-37.57261674,143.839108,BALLARAT
T20140019826,Dry,Clear,Collision with vehicle,Thursday,Day,60,2014/09/25,09:47:00,No,2.0,1.0,-38.10726948,147.0681319,WELLINGTON
T20140019830,Dry,Clear,Collision with vehicle,Thursday,Day,60,2014/09/25,12:30:00,No,4.0,2.0,-37.82450031,147.6205671,EAST GIPPSLAND
T20140019832,Unknown,Not known,Vehicle overturned (no collision),Monday,Day,100,2014/09/01,09:35:00,No,1.0,1.0,-37.37025002,144.8031609,MACEDON RANGES
T20140019833,Wet,Raining,Collision with a fixed object,Thursday,Day,100,2014/09/25,10:15:00,No,1.0,1.0,-38.05613987,145.9452099,BAW BAW
T20140019837,Dry,Clear,Collision with vehicle,Thursday,Day,60,2014/09/25,13:25:00,No,4.0,3.0,-38.16311335,144.3591324,GREATER GEELONG
T20140019861,Dry,Clear,No collision and no object struck,Thursday,Day,999,2014/09/25,13:30:00,No,1.0,1.0,-38.07162931,146.0739332,BAW BAW
T20140019868,Dry,Clear,Collision with vehicle,Thursday,Dark Street lights on,110,2014/09/25,19:51:00,Yes,4.0,1.0,-36.10289073,146.8252554,WODONGA
T20140019872,Dry,Clear,Struck Pedestrian,Thursday,Dark No street lights,100,2014/09/25,22:10:00,Yes,3.0,1.0,-38.31512034,142.4634635,WARRNAMBOOL
T20140019878,Dry,Not known,Collision with a fixed object,Thursday,Dark No street lights,80,2014/09/25,22:50:00,Yes,1.0,1.0,-38.04666008,146.4249077,BAW BAW
T20140019890,Dry,Clear,Collision with a fixed object,Friday,Dark Street lights on,50,2014/09/26,00:30:00,Yes,1.0,1.0,-36.08056504,143.2271221,BULOKE
T20140019906,Dry,Clear,Collision with vehicle,Friday,Day,60,2014/09/26,10:59:00,No,2.0,1.0,-37.07172607,144.2096176,MOUNT ALEXANDER
T20140019910,Dry,Clear,Collision with vehicle,Monday,Day,100,2014/09/22,16:10:00,No,4.0,4.0,-38.20337794,146.1861295,BAW BAW
T20140019915,Dry,Clear,Collision with vehicle,Friday,Day,60,2014/09/26,13:30:00,No,8.0,4.0,-35.33926633,143.5550973,SWAN HILL
T20140019920,Dry,Clear,No collision and no object struck,Wednesday,Day,100,2014/09/24,15:30:00,No,1.0,1.0,-38.43247522,143.8905473,SURF COAST
T20140019924,Dry,Clear,Collision with vehicle,Friday,Day,50,2014/09/19,12:40:00,No,4.0,1.0,-36.12148136,146.8807905,WODONGA
T20140019928,Dry,Clear,Collision with vehicle,Friday,Day,80,2014/09/26,11:30:00,No,2.0,1.0,-34.26417422,142.0965539,MILDURA
T20140019936,Dry,Clear,Collision with vehicle,Thursday,Dusk/Dawn,60,2014/09/18,06:45:00,No,2.0,1.0,-36.74950153,144.2909631,GREATER BENDIGO
T20140019938,Wet,Raining,Collision with a fixed object,Friday,Dusk/Dawn,60,2014/09/26,17:40:00,Yes,1.0,1.0,-38.11015741,145.7728687,BAW BAW
T20140019958,Dry,Clear,Collision with vehicle,Friday,Day,110,2014/09/26,14:30:00,No,4.0,4.0,-36.10286984,146.8252601,WODONGA
T20140019960,Muddy,Clear,No collision and no object struck,Sunday,Day,999,2014/09/21,15:00:00,No,1.0,1.0,-37.31848032,145.5940012,MURRINDINDI
T20140019966,Dry,Clear,Vehicle overturned (no collision),Saturday,Day,100,2014/09/27,09:33:00,No,1.0,1.0,-37.35883525,144.517369,MACEDON RANGES
T20140019968,Dry,Clear,Collision with vehicle,Saturday,Day,100,2014/09/27,10:15:00,No,2.0,1.0,-37.46558018,143.9453192,HEPBURN
T20140019971,Dry,Not known,No collision and no object struck,Sunday,Day,999,2014/09/14,12:00:00,No,1.0,1.0,-37.83217146,146.4919611,WELLINGTON
T20140019976,Dry,Clear,Collision with vehicle,Saturday,Day,100,2014/09/27,10:25:00,No,3.0,1.0,-36.36991423,146.3787323,WANGARATTA
T20140019977,Dry,Clear,Collision with a fixed object,Saturday,Dusk/Dawn,60,2014/09/27,06:00:00,Yes,1.0,1.0,-38.16899696,144.376109,GREATER GEELONG
T20140019990,Unknown,Not known,Collision with a fixed object,Sunday,Day,999,2014/08/17,15:30:00,No,1.0,1.0,-37.37422565,145.0861203,MITCHELL
T20140019993,Dry,Clear,Vehicle overturned (no collision),Saturday,Dusk/Dawn,100,2014/09/27,07:47:00,No,1.0,1.0,-36.78296175,144.1206297,GREATER BENDIGO
T20140020002,Dry,Clear,collision with some other object,Saturday,Day,100,2014/09/27,16:00:00,Yes,1.0,1.0,-37.4254779,147.4950208,EAST GIPPSLAND
T20140020007,Dry,Clear,No collision and no object struck,Saturday,Day,100,2014/09/27,15:50:00,Yes,1.0,1.0,-38.26803368,146.0204618,BAW BAW
T20140020018,Dry,Clear,Collision with vehicle,Saturday,Dark Street lights on,60,2014/09/27,20:25:00,Yes,1.0,1.0,-38.17509908,146.2805995,LATROBE
T20140020025,Dry,Clear,No collision and no object struck,Saturday,Dark No street lights,50,2014/09/27,23:30:00,Yes,3.0,1.0,-38.17474172,146.2996605,LATROBE
T20140020037,Dry,Clear,Collision with vehicle,Thursday,Dusk/Dawn,80,2014/09/18,17:50:00,No,2.0,1.0,-36.80263836,144.2423217,GREATER BENDIGO
T20140020038,Dry,Clear,Collision with a fixed object,Sunday,Dark Street lights on,50,2014/09/28,03:15:00,Yes,1.0,1.0,-37.28154928,142.927291,ARARAT
T20140020043,Dry,Clear,Collision with a fixed object,Sunday,Day,100,2014/09/28,12:30:00,No,1.0,1.0,-37.30238125,144.1733537,HEPBURN
T20140020047,Dry,Clear,Collision with a fixed object,Sunday,Day,100,2014/09/28,11:55:00,No,1.0,1.0,-36.85054844,144.4893814,GREATER BENDIGO
T20140020056,Dry,Clear,Collision with a fixed object,Sunday,Day,100,2014/09/28,12:47:00,No,9.0,1.0,-38.05322729,144.3952269,GREATER GEELONG
T20140020078,Dry,Clear,Collision with a fixed object,Sunday,Dusk/Dawn,100,2014/09/28,19:15:00,Yes,1.0,1.0,-36.32769033,146.6938223,INDIGO
T20140020079,Unknown,Not known,Vehicle overturned (no collision),Sunday,Day,100,2014/09/28,12:00:00,No,1.0,1.0,-37.8279052,147.2382004,WELLINGTON
T20140020081,Dry,Clear,Collision with vehicle,Sunday,Day,100,2014/09/28,16:25:00,Yes,7.0,3.0,-36.12574442,144.8136499,CAMPASPE
T20140020082,Dry,Clear,Collision with a fixed object,Sunday,Day,60,2014/09/28,14:40:00,No,1.0,1.0,-38.11142154,147.0684336,WELLINGTON
T20140020084,Dry,Clear,Vehicle overturned (no collision),Sunday,Day,100,2014/09/28,16:00:00,Yes,1.0,1.0,-38.50542106,146.1679966,SOUTH GIPPSLAND
T20140020091,Dry,Clear,collision with some other object,Monday,Day,100,2014/09/29,10:40:00,No,1.0,1.0,-36.94785516,145.9247298,MANSFIELD