Accident_No,Surface_Cond_Desc,Atmosph_Cond_Desc,Accident_Type_Desc,Day,Light_Condition_Desc,Speed_Zone,Accident_Date,Accident_Time,Alcohol_Influence,Total_Persons_Inv,Inj_Or_Fatal,Lat,Long,LGA
T20140020101,Dry,Clear,Collision with a fixed object,Saturday,Dark Street lights on,60,2014/09/27,01:50:00,Yes,2.0,1.0,-38.14880621,144.3467423,GREATER GEELONG
T20140020107,Dry,Clear,Collision with vehicle,Monday,Day,80,2014/09/29,13:15:00,No,3.0,1.0,-37.48090321,145.2615942,MURRINDINDI
T20140020109,Dry,Clear,Collision with a fixed object,Monday,Day,100,2014/09/29,10:57:00,No,1.0,1.0,-36.08136891,146.3089602,INDIGO
T20140020111,Dry,Clear,Collision with a fixed object,Monday,Day,100,2014/09/29,13:51:00,No,5.0,1.0,-38.55490118,146.6668397,WELLINGTON
T20140020117,Dry,Clear,Collision with vehicle,Monday,Day,50,2014/09/29,14:30:00,No,4.0,1.0,-38.40726678,144.186407,SURF COAST
T20140020125,Dry,Clear,Vehicle overturned (no collision),Tuesday,Day,60,2014/09/23,13:15:00,No,1.0,1.0,-36.75837264,144.2873756,GREATER BENDIGO
T20140020138,Dry,Clear,Collision with a fixed object,Monday,Dusk/Dawn,100,2014/09/29,17:25:00,No,1.0,1.0,-37.14003967,143.6867798,CENTRAL GOLDFIELDS
T20140020176,Dry,Clear,Vehicle overturned (no collision),Sunday,Day,999,2014/09/28,16:30:00,Yes,1.0,1.0,-37.51928821,145.7967509,MURRINDINDI
T20140020179,Dry,Clear,Collision with a fixed object,Monday,Dark No street lights,100,2014/09/29,05:00:00,Yes,1.0,1.0,-35.67084999,143.9593871,GANNAWARRA
T20140020184,Dry,Clear,Collision with vehicle,Tuesday,Day,100,2014/09/30,12:00:00,No,2.0,2.0,-36.85754166,144.1747883,GREATER BENDIGO
T20140020186,Dry,Clear,Collision with vehicle,Wednesday,Day,100,2014/09/17,14:10:00,No,4.0,2.0,-36.54551288,144.1995322,GREATER BENDIGO
T20140020189,Dry,Clear,Collision with vehicle,Monday,Dark Street lights on,60,2014/09/15,19:20:00,Yes,2.0,1.0,-38.17282054,144.3451036,GREATER GEELONG
T20140020191,Dry,Clear,Collision with a fixed object,Sunday,Day,999,2014/09/21,15:30:00,No,4.0,1.0,-36.1560992,144.2246915,LODDON
T20140020192,Wet,Raining,Collision with vehicle,Tuesday,Day,100,2014/09/30,13:45:00,No,6.0,5.0,-36.73300798,141.7348499,HORSHAM
T20140020194,Dry,Clear,Collision with a fixed object,Tuesday,Day,100,2014/09/30,14:45:00,No,1.0,1.0,-36.84795786,144.3220936,GREATER BENDIGO
T20140020198,Dry,Clear,Collision with vehicle,Tuesday,Day,60,2014/09/30,14:45:00,No,3.0,2.0,-36.12663968,144.7476596,CAMPASPE
T20140020199,Dry,Clear,No collision and no object struck,Saturday,Day,999,2014/09/20,10:30:00,No,1.0,1.0,-36.56273991,146.815031,ALPINE
T20140020208,Dry,Clear,Struck Pedestrian,Tuesday,Day,999,2014/09/30,10:15:00,No,2.0,1.0,-37.59977009,143.8410336,BALLARAT
T20140020210,Dry,Clear,Collision with a fixed object,Tuesday,Dusk/Dawn,60,2014/09/30,17:19:00,No,1.0,1.0,-35.32359105,143.561203,SWAN HILL
T20140020220,Wet,Raining,Struck animal,Wednesday,Dark No street lights,100,2014/09/24,21:51:00,Yes,1.0,1.0,-36.65732994,145.9725505,BENALLA
T20140020225,Snowy,Raining,Collision with vehicle,Tuesday,Dusk/Dawn,50,2014/09/30,17:50:00,No,4.0,3.0,-38.10502745,147.0722179,WELLINGTON
T20140020245,Dry,Clear,Collision with vehicle,Friday,Day,60,2014/09/12,15:30:00,No,4.0,1.0,-38.08551075,144.348294,GREATER GEELONG
T20140020247,Dry,Clear,Vehicle overturned (no collision),Sunday,Dusk/Dawn,50,2014/09/21,18:00:00,Yes,1.0,1.0,-37.4793584,144.507443,MACEDON RANGES
T20140020252,Unknown,Not known,Collision with vehicle,Tuesday,Day,60,2014/08/19,14:00:00,No,2.0,1.0,-36.75855483,144.2981548,GREATER BENDIGO
T20140020259,Dry,Clear,Vehicle overturned (no collision),Wednesday,Day,100,2014/10/01,08:40:00,No,1.0,1.0,-38.1113905,144.1537194,GOLDEN PLAINS
T20140020260,Dry,Clear,Collision with vehicle,Wednesday,Day,60,2014/10/01,09:40:00,No,6.0,4.0,-38.12694002,145.8466799,BAW BAW
T20140020286,Dry,Clear,Collision with vehicle,Wednesday,Day,60,2014/10/01,15:15:00,No,2.0,1.0,-38.10941993,144.3317899,GREATER GEELONG
T20140020289,Dry,Clear,Struck animal,Sunday,Dark No street lights,100,2014/08/24,20:00:00,No,2.0,1.0,-37.10285682,144.2970138,MOUNT ALEXANDER
T20140020293,Dry,Clear,Collision with vehicle,Wednesday,Dusk/Dawn,60,2014/10/01,17:33:00,No,6.0,1.0,-34.20109129,142.1533498,MILDURA
T20140020300,Dry,Clear,Struck Pedestrian,Wednesday,Dark Street lights on,60,2014/10/01,21:25:00,Yes,3.0,1.0,-38.17390884,144.3300962,GREATER GEELONG
T20140020310,Dry,Clear,Collision with vehicle,Thursday,Dusk/Dawn,100,2014/10/02,06:25:00,No,2.0,2.0,-38.06802317,147.0738017,WELLINGTON
T20140020311,Dry,Clear,Struck animal,Thursday,Day,30,2014/10/02,08:00:00,No,1.0,1.0,-38.31914244,142.364942,MOYNE
T20140020312,Dry,Clear,Vehicle overturned (no collision),Saturday,Dark No street lights,50,2014/09/27,00:27:00,Yes,3.0,3.0,-35.86185054,145.5670909,MOIRA
T20140020316,Dry,Clear,Collision with vehicle,Thursday,Day,80,2014/10/02,08:00:00,No,3.0,1.0,-36.14144524,147.0070188,WODONGA
T20140020317,Dry,Clear,Collision with vehicle,Thursday,Day,50,2014/10/02,11:00:00,No,2.0,1.0,-36.38368696,145.4103761,GREATER SHEPPARTON
T20140020323,Dry,Clear,Collision with vehicle,Thursday,Day,50,2014/10/02,12:30:00,No,3.0,1.0,-36.56064066,146.7241711,ALPINE
T20140020331,Dry,Clear,Struck Pedestrian,Thursday,Day,100,2014/10/02,12:02:00,No,2.0,1.0,-36.87612057,144.2141922,GREATER BENDIGO
T20140020332,Unknown,Not known,No collision and no object struck,Saturday,Unknown,80,2014/09/27,12:00:00,No,1.0,1.0,-36.94463107,145.8545279,MANSFIELD
T20140020337,Dry,Not known,No collision and no object struck,Thursday,Dark No street lights,100,2014/08/28,02:00:00,Yes,1.0,1.0,-38.70215141,145.8344805,SOUTH GIPPSLAND
T20140020339,Dry,Clear,Collision with a fixed object,Wednesday,Unknown,80,2014/09/24,13:40:00,No,2.0,2.0,-38.51813718,145.7959683,SOUTH GIPPSLAND
T20140020340,Dry,Clear,Collision with vehicle,Thursday,Day,60,2014/10/02,14:00:00,No,4.0,3.0,-38.51467777,145.34986,BASS COAST
T20140020344,Dry,Clear,Collision with vehicle,Thursday,Day,50,2014/10/02,15:20:00,No,2.0,2.0,-37.55971599,143.8581712,BALLARAT
T20140020346,Dry,Clear,Collision with vehicle,Thursday,Day,70,2014/10/02,16:29:00,No,2.0,1.0,-38.0572799,144.3583181,GREATER GEELONG
T20140020348,Dry,Clear,Collision with a fixed object,Tuesday,Day,50,2014/09/02,14:51:00,No,3.0,1.0,-38.09118912,144.3543461,GREATER GEELONG
T20140020353,Dry,Clear,Vehicle overturned (no collision),Saturday,Day,999,2014/08/09,16:30:00,Yes,2.0,2.0,-37.83269005,146.4201106,BAW BAW
T20140020355,Dry,Clear,Collision with a fixed object,Thursday,Dusk/Dawn,999,2014/10/02,17:00:00,No,1.0,1.0,-38.32827884,146.2772614,LATROBE
T20140020374,Dry,Clear,Collision with a fixed object,Friday,Dark No street lights,100,2014/10/03,04:44:00,Yes,1.0,1.0,-37.00946416,144.9642581,MITCHELL
T20140020379,Dry,Clear,Collision with a fixed object,Sunday,Day,60,2014/09/14,11:00:00,No,1.0,1.0,-37.76418148,143.8071418,GOLDEN PLAINS
T20140020383,Dry,Clear,collision with some other object,Sunday,Day,100,2014/09/21,12:30:00,No,1.0,1.0,-37.17383041,145.1390596,MITCHELL
T20140020386,Dry,Clear,Collision with a fixed object,Thursday,Dark No street lights,80,2014/10/02,21:45:00,Yes,1.0,1.0,-38.38984043,144.2045184,SURF COAST
T20140020407,Dry,Clear,Collision with vehicle,Friday,Day,60,2014/10/03,12:45:00,No,2.0,2.0,-38.38424147,142.4705416,WARRNAMBOOL
T20140020420,Dry,Clear,Collision with a fixed object,Wednesday,Day,80,2014/10/01,12:20:00,No,1.0,1.0,-38.68436091,143.8388823,COLAC OTWAY
T20140020422,Dry,Not known,Collision with vehicle,Friday,Day,70,2014/09/12,14:15:00,No,2.0,1.0,-36.14046427,144.7379198,CAMPASPE
T20140020431,Dry,Clear,Vehicle overturned (no collision),Thursday,Dark No street lights,100,2014/10/02,20:45:00,Yes,2.0,2.0,-38.18182082,144.5202498,GREATER GEELONG
T20140020434,Dry,Clear,Collision with a fixed object,Sunday,Dark Street lights on,60,2014/09/28,01:00:00,Yes,2.0,2.0,-37.98983042,143.2893705,CORANGAMITE
T20140020447,Dry,Clear,Collision with a fixed object,Saturday,Dark No street lights,80,2014/10/04,05:05:00,Yes,1.0,1.0,-37.21449027,145.0293703,MITCHELL
T20140020456,Dry,Clear,Collision with vehicle,Saturday,Day,50,2014/10/04,09:55:00,No,2.0,1.0,-37.82443704,147.6455365,EAST GIPPSLAND
T20140020465,Dry,Clear,Collision with a fixed object,Saturday,Day,110,2014/10/04,12:40:00,No,2.0,1.0,-37.16223964,145.077976,MITCHELL
T20140020466,Dry,Clear,No collision and no object struck,Saturday,Day,999,2014/10/04,10:50:00,No,1.0,1.0,-38.44281147,144.0508886,SURF COAST
T20140020471,Dry,Clear,Struck animal,Saturday,Day,100,2014/10/04,11:00:00,No,1.0,1.0,-38.3438414,142.2333354,MOYNE
T20140020476,Dry,Clear,Vehicle overturned (no collision),Saturday,Day,100,2014/10/04,13:45:00,No,1.0,1.0,-37.93108041,146.1109886,BAW BAW
T20140020477,Dry,Clear,Collision with a fixed object,Saturday,Day,100,2014/10/04,14:20:00,Yes,1.0,1.0,-36.83539302,144.4844394,GREATER BENDIGO
T20140020480,Dry,Clear,Struck Pedestrian,Saturday,Day,100,2014/10/04,11:16:00,No,2.0,1.0,-37.11747932,144.0621213,MOUNT ALEXANDER
T20140020482,Dry,Clear,Collision with a fixed object,Saturday,Day,100,2014/10/04,13:43:00,No,1.0,1.0,-36.55210543,146.9708086,ALPINE
T20140020484,Dry,Clear,Collision with vehicle,Saturday,Day,110,2014/10/04,16:15:00,Yes,6.0,3.0,-37.62376973,144.3421607,MOORABOOL
T20140020485,Dry,Clear,Collision with vehicle,Saturday,Day,100,2014/10/04,14:30:00,Yes,3.0,3.0,-38.43448917,146.7331945,WELLINGTON
T20140020488,Dry,Clear,Collision with vehicle,Saturday,Dusk/Dawn,60,2014/10/04,17:25:00,Yes,6.0,4.0,-37.599019,143.8427786,BALLARAT
T20140020489,Dry,Clear,No collision and no object struck,Tuesday,Day,110,2014/09/23,09:10:00,No,1.0,1.0,-36.60790913,145.3207884,GREATER SHEPPARTON
T20140020490,Dry,Clear,Collision with vehicle,Saturday,Dusk/Dawn,100,2014/10/04,17:50:00,Yes,4.0,1.0,-36.22009907,145.5075484,GREATER SHEPPARTON
T20140020495,Dry,Clear,Collision with vehicle,Saturday,Dark Street lights on,50,2014/10/04,20:14:00,Yes,7.0,3.0,-38.1487677,144.357861,GREATER GEELONG
T20140020500,Dry,Clear,Collision with vehicle,Saturday,Dark No street lights,100,2014/10/04,21:10:00,Yes,3.0,2.0,-38.03394089,145.9508828,BAW BAW
T20140020534,Dry,Clear,No collision and no object struck,Sunday,Dusk/Dawn,999,2014/10/05,07:15:00,Yes,1.0,1.0,-38.5804482,145.6294394,BASS COAST
T20140020535,Dry,Clear,Collision with vehicle,Sunday,Day,60,2014/10/05,11:30:00,No,2.0,1.0,-36.39880154,144.9823575,CAMPASPE
T20140020536,Dry,Clear,Vehicle overturned (no collision),Sunday,Day,100,2014/10/05,13:20:00,No,1.0,1.0,-37.42009414,144.8770842,MACEDON RANGES
T20140020537,Dry,Clear,Collision with a fixed object,Sunday,Day,999,2014/10/05,08:45:00,Yes,1.0,1.0,-38.04959642,146.0664186,BAW BAW
T20140020546,Dry,Clear,Collision with a fixed object,Sunday,Day,100,2014/10/05,14:05:00,No,3.0,2.0,-37.01609886,144.8194986,MITCHELL
T20140020547,Dry,Clear,Collision with vehicle,Sunday,Day,50,2014/10/05,15:47:00,No,2.0,1.0,-36.38194355,145.405818,GREATER SHEPPARTON
T20140020549,Dry,Clear,Collision with a fixed object,Sunday,Day,100,2014/10/05,12:50:00,No,1.0,1.0,-36.46279197,146.5122587,WANGARATTA
T20140020564,Dry,Clear,Collision with a fixed object,Sunday,Dusk/Dawn,100,2014/10/05,19:19:00,Yes,2.0,2.0,-37.78041308,141.6983095,GLENELG
T20140020568,Dry,Clear,Struck Pedestrian,Sunday,Day,999,2014/10/05,16:40:00,Yes,2.0,1.0,-35.73374,143.9217763,GANNAWARRA
T20140020569,Dry,Clear,Collision with a fixed object,Sunday,Dark No street lights,100,2014/10/05,21:50:00,No,1.0,1.0,-37.46592762,144.3027523,MOORABOOL
T20140020578,Dry,Clear,Collision with vehicle,Friday,Day,60,2014/09/05,11:00:00,No,2.0,2.0,-36.71783821,142.1997291,HORSHAM
T20140020580,Dry,Clear,Collision with vehicle,Sunday,Day,100,2014/10/05,11:40:00,No,3.0,1.0,-36.83387464,144.4718559,GREATER BENDIGO
T20140020588,Dry,Clear,Struck Pedestrian,Sunday,Day,60,2014/09/14,16:50:00,Yes,2.0,1.0,-36.08838651,145.4400244,MOIRA
T20140020591,Dry,Clear,Collision with a fixed object,Monday,Day,60,2014/10/06,09:10:00,No,1.0,1.0,-36.73422028,144.2577618,GREATER BENDIGO
T20140020597,Dry,Clear,Collision with vehicle,Saturday,Day,100,2014/09/20,13:00:00,No,2.0,1.0,-38.04869193,144.4016025,GREATER GEELONG
T20140020598,Dry,Clear,Collision with vehicle,Monday,Day,60,2014/10/06,10:50:00,No,4.0,1.0,-38.13066115,144.3383073,GREATER GEELONG
T20140020601,Dry,Clear,Collision with vehicle,Monday,Day,50,2014/10/06,11:20:00,No,2.0,1.0,-38.48600465,145.9552654,SOUTH GIPPSLAND
T20140020608,Wet,Raining,Collision with a fixed object,Monday,Day,100,2014/10/06,09:00:00,No,1.0,1.0,-37.52143032,141.0060989,GLENELG
T20140020611,Dry,Clear,Collision with vehicle,Monday,Day,100,2014/10/06,12:20:00,No,2.0,1.0,-36.20654,143.9555963,LODDON
T20140020615,Dry,Clear,Collision with vehicle,Sunday,Dark No street lights,110,2014/10/05,20:08:00,Yes,3.0,2.0,-37.46560997,144.9710848,MITCHELL
T20140020624,Unknown,Clear,Collision with a fixed object,Saturday,Dark No street lights,100,2014/10/04,03:45:00,Yes,1.0,1.0,-38.08408674,143.9439705,GOLDEN PLAINS
T20140020635,Dry,Clear,Collision with a fixed object,Sunday,Day,100,2014/10/05,14:15:00,No,1.0,1.0,-38.06372971,144.2180504,GOLDEN PLAINS
T20140020653,Wet,Raining,Collision with a fixed object,Tuesday,Dark Street lights on,60,2014/10/07,00:15:00,Yes,1.0,1.0,-38.52615416,145.4463998,BASS COAST
T20140020658,Dry,Clear,Collision with vehicle,Tuesday,Dark Street lights on,60,2014/10/07,06:50:00,No,2.0,1.0,-36.34755842,145.4157883,GREATER SHEPPARTON
T20140020661,Dry,Strong winds,No collision and no object struck,Monday,Day,50,2014/10/06,16:20:00,No,1.0,1.0,-36.76851667,144.2594962,GREATER BENDIGO
T20140020676,Dry,Clear,Vehicle overturned (no collision),Sunday,Day,100,2014/09/28,12:30:00,No,1.0,1.0,-36.90691943,147.0602751,ALPINE
T20140020678,Dry,Clear,Collision with a fixed object,Friday,Day,100,2014/10/03,15:30:00,No,1.0,1.0,-36.55761773,146.9690535,ALPINE
T20140020682,Dry,Clear,Collision with vehicle,Tuesday,Day,50,2014/10/07,11:44:00,No,3.0,1.0,-36.55722088,145.9751118,BENALLA
T20140020688,Dry,Clear,Collision with vehicle,Tuesday,Day,100,2014/10/07,09:40:00,No,2.0,1.0,-38.12147806,144.2017802,GOLDEN PLAINS
T20140020692,Dry,Clear,Collision with vehicle,Tuesday,Day,80,2014/10/07,11:20:00,No,2.0,1.0,-36.12955947,147.009386,WODONGA
T20140020703,Dry,Clear,Collision with vehicle,Monday,Dusk/Dawn,100,2014/10/06,07:30:00,No,4.0,1.0,-38.0679308,144.223199,GOLDEN PLAINS
T20140020707,Dry,Clear,Collision with a fixed object,Monday,Day,80,2014/10/06,13:20:00,No,1.0,1.0,-37.57756016,143.7353702,BALLARAT
T20140020708,Dry,Clear,No collision and no object struck,Tuesday,Day,100,2014/10/07,12:55:00,No,1.0,1.0,-36.31654003,145.894007,BENALLA
T20140020709,Dry,Clear,Vehicle overturned (no collision),Sunday,Day,999,2014/10/05,13:00:00,No,1.0,1.0,-36.96798891,144.6658878,GREATER BENDIGO
T20140020713,Wet,Raining,No collision and no object struck,Tuesday,Dark No street lights,100,2014/10/07,05:40:00,Yes,4.0,4.0,-38.27732533,145.8162935,BAW BAW
T20140020716,Dry,Clear,Collision with a fixed object,Tuesday,Day,100,2014/10/07,15:30:00,No,1.0,1.0,-36.49304644,145.2228065,GREATER SHEPPARTON
T20140020722,Dry,Clear,Collision with vehicle,Tuesday,Day,80,2014/10/07,16:30:00,No,2.0,1.0,-36.38361,145.4318121,GREATER SHEPPARTON
T20140020727,Dry,Not known,No collision and no object struck,Sunday,Day,80,2014/10/05,11:30:00,No,1.0,1.0,-37.43357873,144.5299009,MACEDON RANGES
T20140020728,Dry,Clear,No collision and no object struck,Tuesday,Dark Street lights on,60,2014/10/07,20:13:00,Yes,1.0,1.0,-34.31043217,142.194582,MILDURA
T20140020730,Dry,Clear,Collision with a fixed object,Tuesday,Dusk/Dawn,100,2014/10/07,18:05:00,Yes,1.0,1.0,-35.00505801,142.8692837,SWAN HILL
T20140020741,Dry,Clear,Collision with a fixed object,Friday,Day,100,2014/10/03,12:45:00,No,1.0,1.0,-37.62952903,147.888443,EAST GIPPSLAND
T20140020746,Dry,Clear,Vehicle overturned (no collision),Wednesday,Day,50,2014/10/08,08:20:00,No,1.0,1.0,-36.18287799,146.9525207,WODONGA
T20140020757,Dry,Clear,Collision with vehicle,Wednesday,Day,70,2014/10/08,09:41:00,No,3.0,3.0,-37.54239757,143.7873346,BALLARAT
T20140020767,Dry,Clear,Collision with a fixed object,Wednesday,Day,100,2014/10/08,11:10:00,No,1.0,1.0,-37.50733032,143.9723427,MOORABOOL
T20140020770,Dry,Clear,Collision with a fixed object,Sunday,Day,100,2014/10/05,15:30:00,No,1.0,1.0,-37.24638999,145.18024,MURRINDINDI
T20140020777,Dry,Clear,No collision and no object struck,Tuesday,Day,50,2014/09/09,16:00:00,No,2.0,1.0,-34.18722967,142.1728001,MILDURA
T20140020780,Dry,Clear,Collision with a fixed object,Wednesday,Day,100,2014/10/08,16:20:00,No,1.0,1.0,-38.29928979,146.3545493,LATROBE
T20140020789,Dry,Clear,Vehicle overturned (no collision),Wednesday,Dusk/Dawn,100,2014/10/08,18:10:00,Yes,1.0,1.0,-36.60590733,145.1625417,GREATER SHEPPARTON
T20140020792,Dry,Not known,Struck Pedestrian,Wednesday,Unknown,50,2014/10/08,22:12:00,Yes,2.0,1.0,-37.55953049,143.8476843,BALLARAT
T20140020793,Wet,Raining,Collision with vehicle,Tuesday,Day,100,2014/09/30,13:30:00,No,2.0,1.0,-38.32803935,142.3984954,MOYNE
T20140020808,Dry,Clear,Collision with vehicle,Thursday,Day,60,2014/10/09,09:00:00,No,3.0,2.0,-34.17858939,142.1584355,MILDURA
T20140020817,Dry,Clear,Collision with vehicle,Thursday,Dusk/Dawn,100,2014/10/09,07:50:00,No,5.0,5.0,-37.78068987,147.4886079,EAST GIPPSLAND
T20140020832,Dry,Clear,Collision with vehicle,Thursday,Day,60,2014/10/09,12:35:00,No,2.0,1.0,-37.58670663,143.8302242,BALLARAT
T20140020846,Dry,Clear,Collision with a fixed object,Friday,Day,100,2014/10/03,14:05:00,No,1.0,1.0,-37.29139686,142.8933095,ARARAT
T20140020851,Dry,Clear,Collision with vehicle,Thursday,Day,50,2014/10/09,15:35:00,No,2.0,1.0,-36.35833786,146.3183743,WANGARATTA
T20140020859,Dry,Clear,Collision with vehicle,Thursday,Day,60,2014/10/09,15:50:00,No,3.0,1.0,-34.2035006,142.1504407,MILDURA
T20140020860,Dry,Clear,Vehicle overturned (no collision),Thursday,Day,100,2014/10/09,15:10:00,No,2.0,1.0,-37.78480495,147.7983777,EAST GIPPSLAND
T20140020863,Dry,Clear,Collision with vehicle,Thursday,Day,60,2014/10/09,16:30:00,No,2.0,1.0,-35.07187971,142.3150609,MILDURA
T20140020865,Dry,Clear,Collision with a fixed object,Thursday,Dusk/Dawn,50,2014/10/09,17:30:00,No,2.0,2.0,-38.17314823,146.2624417,LATROBE
T20140020869,Dry,Clear,Collision with a fixed object,Thursday,Dusk/Dawn,100,2014/10/09,18:15:00,Yes,2.0,1.0,-37.02569515,145.8423601,MANSFIELD
T20140020880,Dry,Clear,Collision with a fixed object,Thursday,Dusk/Dawn,100,2014/10/09,18:45:00,Yes,1.0,1.0,-38.45362851,143.4771206,COLAC OTWAY
T20140020883,Dry,Clear,Collision with vehicle,Thursday,Dusk/Dawn,100,2014/10/09,17:55:00,No,2.0,2.0,-38.30359157,142.6349537,MOYNE
T20140020889,Dry,Clear,Collision with vehicle,Thursday,Dark Street lights on,80,2014/10/09,22:10:00,Yes,3.0,1.0,-38.07537123,144.3687789,GREATER GEELONG
T20140020891,Dry,Clear,Collision with vehicle,Thursday,Dusk/Dawn,50,2014/10/09,20:00:00,Yes,1.0,1.0,-35.33212026,143.5524822,SWAN HILL
T20140020909,Dry,Clear,Fall from or in moving vehicle,Thursday,Dark Street lights on,50,2014/10/09,21:30:00,Yes,5.0,1.0,-38.31122017,144.3535307,SURF COAST
T20140020913,Dry,Clear,Vehicle overturned (no collision),Friday,Dusk/Dawn,100,2014/10/10,07:15:00,No,1.0,1.0,-34.27691679,141.6888894,MILDURA
T20140020917,Dry,Clear,Collision with vehicle,Friday,Day,60,2014/10/10,11:45:00,No,2.0,1.0,-36.38085694,145.4162621,GREATER SHEPPARTON
T20140020925,Unknown,Clear,No collision and no object struck,Saturday,Day,999,2014/09/27,15:00:00,Yes,1.0,1.0,-37.11642008,143.1991602,PYRENEES
T20140020960,Dry,Clear,Collision with vehicle,Friday,Dusk/Dawn,50,2014/10/10,17:10:00,Yes,1.0,1.0,-38.09430435,147.0744592,WELLINGTON
T20140020964,Dry,Clear,Collision with a fixed object,Friday,Dusk/Dawn,110,2014/10/10,19:20:00,Yes,1.0,1.0,-37.37252016,145.0210393,MITCHELL
T20140020970,Dry,Clear,Collision with a fixed object,Friday,Day,100,2014/10/10,15:42:00,No,1.0,1.0,-38.07907637,145.9674538,BAW BAW
T20140020971,Dry,Clear,Struck animal,Friday,Dusk/Dawn,100,2014/10/10,20:05:00,Yes,3.0,2.0,-38.38863148,146.1675222,SOUTH GIPPSLAND
T20140020975,Dry,Not known,Collision with a fixed object,Thursday,Dark Street lights on,50,2014/10/09,00:15:00,Yes,1.0,1.0,-37.35765233,144.7384562,MACEDON RANGES
T20140020978,Dry,Clear,Collision with vehicle,Saturday,Dusk/Dawn,50,2014/10/11,06:15:00,Yes,2.0,2.0,-38.60418988,145.599598,BASS COAST
T20140020999,Dry,Clear,Collision with vehicle,Saturday,Day,80,2014/10/11,13:40:00,No,5.0,1.0,-38.22051565,146.4723253,LATROBE
T20140021004,Dry,Clear,Collision with vehicle,Saturday,Day,80,2014/10/11,15:33:00,Yes,3.0,1.0,-36.71552597,144.2334302,GREATER BENDIGO
T20140021006,Dry,Clear,Collision with a fixed object,Saturday,Day,80,2014/10/11,14:55:00,Yes,1.0,1.0,-37.60293374,143.8539986,BALLARAT
T20140021007,Dry,Clear,Collision with vehicle,Saturday,Day,100,2014/10/11,15:19:00,Yes,3.0,1.0,-38.09737869,144.3050138,GREATER GEELONG
T20140021012,Dry,Clear,Vehicle overturned (no collision),Saturday,Day,60,2014/10/11,15:00:00,No,1.0,1.0,-37.57018715,143.8878708,BALLARAT
T20140021016,Dry,Clear,Struck Pedestrian,Saturday,Dark Street lights on,50,2014/10/11,03:55:00,Yes,3.0,2.0,-36.35697747,146.3239186,WANGARATTA
T20140021028,Dry,Clear,Vehicle overturned (no collision),Saturday,Dark No street lights,100,2014/10/11,23:05:00,Yes,1.0,1.0,-36.5347024,146.5849276,WANGARATTA
T20140021029,Dry,Clear,Collision with a fixed object,Saturday,Dark No street lights,100,2014/10/11,22:45:00,Yes,4.0,1.0,-38.38867471,142.5689792,WARRNAMBOOL
T20140021044,Dry,Clear,Vehicle overturned (no collision),Saturday,Day,80,2014/10/11,14:50:00,Yes,1.0,1.0,-37.38368812,144.4950588,MACEDON RANGES
T20140021047,Dry,Clear,Vehicle overturned (no collision),Sunday,Day,50,2014/10/12,09:30:00,Yes,2.0,1.0,-38.5362714,143.9734366,SURF COAST
T20140021054,Dry,Clear,Collision with vehicle,Sunday,Day,50,2014/10/12,10:58:00,No,1.0,1.0,-38.10593125,147.0551611,WELLINGTON
T20140021055,Dry,Clear,Vehicle overturned (no collision),Sunday,Day,100,2014/10/12,10:55:00,No,1.0,1.0,-38.3509152,145.7616183,SOUTH GIPPSLAND
T20140021058,Dry,Clear,Struck animal,Sunday,Dark No street lights,100,2014/10/12,00:45:00,Yes,5.0,2.0,-37.02940019,146.0928914,MANSFIELD
T20140021062,Dry,Dust,collision with some other object,Sunday,Day,999,2014/10/12,12:45:00,No,1.0,1.0,-38.44171051,143.979169,SURF COAST
T20140021064,Dry,Clear,Collision with vehicle,Sunday,Day,50,2014/10/12,12:25:00,No,6.0,1.0,-38.16690943,144.3921554,GREATER GEELONG
T20140021068,Dry,Clear,Collision with vehicle,Sunday,Day,40,2014/10/12,15:00:00,No,5.0,1.0,-38.21558247,144.0812509,SURF COAST
T20140021073,Dry,Clear,Collision with a fixed object,Sunday,Day,80,2014/10/12,15:40:00,No,3.0,1.0,-37.38227055,144.6562905,MACEDON RANGES
T20140021074,Dry,Clear,Vehicle overturned (no collision),Sunday,Day,100,2014/10/12,14:20:00,No,2.0,2.0,-38.29856058,146.2522615,LATROBE
T20140021075,Dry,Clear,Collision with a fixed object,Sunday,Dusk/Dawn,100,2014/10/12,17:12:00,Yes,2.0,2.0,-38.44962005,143.6088973,COLAC OTWAY
T20140021077,Dry,Clear,Collision with vehicle,Sunday,Dusk/Dawn,50,2014/10/12,18:55:00,Yes,3.0,2.0,-38.3852973,142.2340993,MOYNE
T20140021092,Dry,Clear,Collision with vehicle,Monday,Dark No street lights,100,2014/10/13,00:45:00,Yes,3.0,3.0,-38.02848003,147.0139399,WELLINGTON
T20140021099,Dry,Clear,Struck Pedestrian,Wednesday,Day,50,2014/10/08,16:00:00,No,3.0,1.0,-36.39459032,145.4221477,GREATER SHEPPARTON
T20140021109,Dry,Clear,Collision with vehicle,Monday,Day,50,2014/10/13,09:10:00,No,3.0,1.0,-36.7806861,144.2538134,GREATER BENDIGO
T20140021112,Dry,Clear,Collision with vehicle,Monday,Day,80,2014/10/13,08:30:00,No,3.0,1.0,-38.24864998,144.3323275,SURF COAST
T20140021125,Dry,Clear,No collision and no object struck,Saturday,Day,999,2014/10/11,11:00:00,No,1.0,1.0,-36.12499026,141.9591977,HINDMARSH
T20140021127,Unknown,Not known,No collision and no object struck,Monday,Day,999,2014/10/06,13:30:00,No,1.0,1.0,-38.55097144,143.5859052,COLAC OTWAY