Accident_No,Surface_Cond_Desc,Atmosph_Cond_Desc,Accident_Type_Desc,Day,Light_Condition_Desc,Speed_Zone,Accident_Date,Accident_Time,Alcohol_Influence,Total_Persons_Inv,Inj_Or_Fatal,Lat,Long,LGA
T20140021131,Dry,Clear,Collision with vehicle,Sunday,Dusk/Dawn,60,2014/10/12,17:30:00,Yes,1.0,1.0,-38.19467021,146.514693,LATROBE
T20140021134,Wet,Clear,Collision with vehicle,Monday,Day,100,2014/10/13,12:15:00,No,3.0,2.0,-38.55442885,145.64004,BASS COAST
T20140021137,Dry,Clear,No collision and no object struck,Saturday,Day,999,2014/09/27,14:00:00,Yes,1.0,1.0,-37.46663883,143.9020456,HEPBURN
T20140021139,Dry,Clear,Collision with a fixed object,Monday,Day,80,2014/10/13,10:20:00,No,1.0,1.0,-38.00990149,146.0126204,BAW BAW
T20140021144,Dry,Clear,Collision with a fixed object,Friday,Dusk/Dawn,80,2014/10/10,17:25:00,Yes,1.0,1.0,-38.30085124,144.3241698,SURF COAST
T20140021146,Wet,Raining,Collision with vehicle,Monday,Day,80,2014/10/13,15:40:00,No,3.0,3.0,-37.52303924,143.8079614,BALLARAT
T20140021155,Dry,Clear,Collision with vehicle,Monday,Dusk/Dawn,60,2014/10/13,19:10:00,Yes,3.0,2.0,-34.19074568,142.1658791,MILDURA
T20140021164,Dry,Dust,Collision with vehicle,Monday,Day,60,2014/10/13,13:30:00,No,3.0,1.0,-35.98410092,142.9172635,BULOKE
T20140021181,Wet,Raining,Collision with a fixed object,Monday,Dark No street lights,100,2014/10/13,21:20:00,Yes,1.0,1.0,-37.73037759,148.1180696,EAST GIPPSLAND
T20140021184,Dry,Clear,Collision with vehicle,Tuesday,Day,60,2014/10/07,12:30:00,No,2.0,1.0,-38.18080073,144.3539576,GREATER GEELONG
T20140021189,Dry,Clear,Vehicle overturned (no collision),Saturday,Day,999,2014/09/27,14:30:00,Yes,1.0,1.0,-38.3404899,144.12943,SURF COAST
T20140021190,Dry,Clear,Collision with a fixed object,Tuesday,Day,100,2014/10/14,11:51:00,No,1.0,1.0,-37.46428173,144.9304397,MITCHELL
T20140021210,Wet,Raining,Collision with vehicle,Sunday,Day,70,2014/07/06,13:20:00,No,3.0,1.0,-37.57558743,143.8282087,BALLARAT
T20140021218,Wet,Raining,Vehicle overturned (no collision),Sunday,Dark No street lights,999,2014/10/12,20:30:00,Yes,2.0,2.0,-38.00715951,141.9239535,MOYNE
T20140021226,Dry,Clear,Collision with a fixed object,Tuesday,Dusk/Dawn,110,2014/10/14,19:15:00,Yes,1.0,1.0,-37.49321041,144.6091668,MACEDON RANGES
T20140021233,Unknown,Clear,No collision and no object struck,Saturday,Day,999,2014/10/11,12:00:00,No,1.0,1.0,-37.86471028,146.4514413,BAW BAW
T20140021241,Dry,Clear,Struck Pedestrian,Tuesday,Day,60,2014/09/30,08:15:00,No,2.0,1.0,-36.05453891,144.1138423,LODDON
T20140021247,Dry,Clear,Collision with a fixed object,Wednesday,Dusk/Dawn,110,2014/10/15,07:30:00,No,1.0,1.0,-38.16852704,145.9578402,BAW BAW
T20140021252,Dry,Clear,Collision with a fixed object,Wednesday,Day,100,2014/10/15,10:20:00,No,1.0,1.0,-36.38680013,142.9994697,BULOKE
T20140021255,Dry,Clear,Collision with a fixed object,Wednesday,Day,60,2014/10/15,08:55:00,No,1.0,1.0,-38.11386956,144.6545499,GREATER GEELONG
T20140021260,Dry,Dust,collision with some other object,Sunday,Dusk/Dawn,999,2014/10/12,18:30:00,Yes,1.0,1.0,-38.24390929,146.2825481,LATROBE
T20140021261,Dry,Clear,Vehicle overturned (no collision),Wednesday,Day,60,2014/10/15,09:20:00,No,1.0,1.0,-36.75834061,144.2769792,GREATER BENDIGO
T20140021282,Dry,Clear,Collision with vehicle,Wednesday,Dusk/Dawn,50,2014/10/15,17:15:00,No,4.0,2.0,-36.01105103,146.0099456,MOIRA
T20140021283,Dry,Clear,Collision with vehicle,Wednesday,Dusk/Dawn,50,2014/10/15,17:31:00,No,3.0,1.0,-38.16237392,146.2666979,LATROBE
T20140021286,Unknown,Not known,Collision with vehicle,Tuesday,Day,60,2014/09/30,13:00:00,No,2.0,1.0,-38.10837676,144.3438744,GREATER GEELONG
T20140021289,Dry,Clear,Collision with a fixed object,Wednesday,Day,100,2014/10/15,15:34:00,No,1.0,1.0,-37.65558822,142.3137094,SOUTHERN GRAMPIANS
T20140021292,Dry,Clear,Collision with vehicle,Wednesday,Dusk/Dawn,60,2014/10/15,20:10:00,Yes,2.0,1.0,-36.55605664,145.9704607,BENALLA
T20140021305,Dry,Clear,Collision with a fixed object,Wednesday,Dark No street lights,60,2014/10/15,23:05:00,Yes,3.0,3.0,-37.02488775,145.1733196,MITCHELL
T20140021328,Dry,Clear,Collision with vehicle,Thursday,Day,80,2014/10/16,09:40:00,No,3.0,1.0,-38.04626299,144.3440437,GREATER GEELONG
T20140021330,Dry,Clear,No collision and no object struck,Sunday,Day,999,2014/10/12,12:30:00,No,1.0,1.0,-38.01183028,146.0052813,BAW BAW
T20140021331,Dry,Clear,Collision with vehicle,Thursday,Day,50,2014/10/16,09:30:00,No,3.0,3.0,-37.56590379,143.8540195,BALLARAT
T20140021332,Dry,Clear,No collision and no object struck,Sunday,Day,999,2014/10/12,16:00:00,Yes,1.0,1.0,-37.16916027,145.1509917,MITCHELL
T20140021347,Dry,Clear,Collision with a fixed object,Thursday,Day,100,2014/10/16,10:40:00,No,1.0,1.0,-38.07699046,141.5855694,GLENELG
T20140021348,Dry,Clear,Struck Pedestrian,Thursday,Day,50,2014/10/16,09:14:00,No,2.0,1.0,-37.59874163,143.8411629,BALLARAT
T20140021358,Wet,Clear,Collision with a fixed object,Tuesday,Dusk/Dawn,70,2014/10/14,07:55:00,No,1.0,1.0,-38.18887989,144.3436691,GREATER GEELONG
T20140021377,Dry,Clear,Collision with a fixed object,Thursday,Dusk/Dawn,50,2014/10/16,19:26:00,Yes,1.0,1.0,-38.13988437,144.3484471,GREATER GEELONG
T20140021382,Dry,Clear,Collision with vehicle,Thursday,Day,50,2014/10/16,17:50:00,No,3.0,1.0,-38.17522653,144.3425445,GREATER GEELONG
T20140021386,Wet,Raining,No collision and no object struck,Tuesday,Day,999,2014/10/07,13:00:00,No,1.0,1.0,-37.49930231,144.4022385,MOORABOOL
T20140021388,Dry,Clear,Vehicle overturned (no collision),Sunday,Day,100,2014/09/21,15:00:00,No,1.0,1.0,-37.34524579,145.1504787,MITCHELL
T20140021394,Dry,Clear,Collision with a fixed object,Friday,Dark No street lights,80,2014/10/17,00:46:00,Yes,1.0,1.0,-37.68909851,144.4380417,MOORABOOL
T20140021401,Dry,Clear,Collision with a fixed object,Thursday,Day,100,2014/10/16,13:05:00,No,1.0,1.0,-37.29569985,149.2128489,EAST GIPPSLAND
T20140021402,Dry,Clear,Collision with a fixed object,Friday,Dusk/Dawn,50,2014/10/03,18:15:00,Yes,1.0,1.0,-37.688593,143.3657994,CORANGAMITE
T20140021412,Wet,Raining,Collision with vehicle,Thursday,Day,50,2014/10/16,11:50:00,No,2.0,1.0,-37.55956755,143.8560804,BALLARAT
T20140021429,Dry,Clear,Collision with vehicle,Thursday,Day,70,2014/10/16,13:00:00,No,2.0,1.0,-38.38053793,142.4859302,WARRNAMBOOL
T20140021433,Dry,Clear,Collision with vehicle,Friday,Day,60,2014/10/17,10:20:00,No,3.0,2.0,-38.12849926,145.847651,BAW BAW
T20140021436,Dry,Clear,Collision with vehicle,Friday,Day,60,2014/10/17,15:35:00,No,5.0,2.0,-38.142694,144.3448618,GREATER GEELONG
T20140021440,Wet,Clear,Vehicle overturned (no collision),Friday,Day,100,2014/10/17,14:30:00,No,1.0,1.0,-37.55229999,149.1556704,EAST GIPPSLAND
T20140021444,Dry,Clear,Collision with vehicle,Friday,Day,60,2014/10/17,18:52:00,Yes,3.0,2.0,-38.10746043,144.3440484,GREATER GEELONG
T20140021453,Dry,Clear,Collision with a fixed object,Sunday,Dusk/Dawn,60,2014/07/06,05:00:00,Yes,2.0,1.0,-37.55507723,143.8172719,BALLARAT
T20140021468,Dry,Clear,Collision with vehicle,Saturday,Dark No street lights,110,2014/10/18,03:01:00,Yes,1.0,1.0,-38.17147893,145.9296701,BAW BAW
T20140021476,Dry,Not known,Struck animal,Friday,Dark Street lights on,100,2014/10/03,22:45:00,Yes,1.0,1.0,-37.99601826,144.5054887,GREATER GEELONG
T20140021477,Dry,Clear,Collision with a fixed object,Saturday,Dark No street lights,60,2014/10/18,01:00:00,Yes,2.0,1.0,-36.16435932,146.9021493,WODONGA
T20140021480,Dry,Clear,Collision with vehicle,Saturday,Day,90,2014/10/18,09:20:00,No,4.0,2.0,-36.77136233,144.3499194,GREATER BENDIGO
T20140021487,Dry,Clear,Collision with a fixed object,Friday,Dusk/Dawn,100,2014/10/17,17:20:00,No,1.0,1.0,-38.49753598,145.507889,BASS COAST
T20140021490,Wet,Not known,Struck animal,Friday,Day,80,2014/10/17,10:00:00,No,1.0,1.0,-37.57678036,148.5455406,EAST GIPPSLAND
T20140021491,Dry,Clear,Collision with a fixed object,Friday,Dusk/Dawn,999,2014/08/29,19:30:00,Yes,2.0,1.0,-37.72114789,146.388069,BAW BAW
T20140021497,Dry,Clear,Struck animal,Saturday,Day,100,2014/10/18,12:30:00,No,1.0,1.0,-37.93212927,146.1135027,BAW BAW
T20140021500,Dry,Clear,Collision with vehicle,Saturday,Day,100,2014/10/18,12:30:00,No,7.0,1.0,-36.05461937,146.6817801,INDIGO
T20140021501,Dry,Clear,Collision with vehicle,Saturday,Day,50,2014/09/20,16:15:00,Yes,3.0,1.0,-38.17346979,144.3447902,GREATER GEELONG
T20140021509,Dry,Clear,Collision with vehicle,Saturday,Dusk/Dawn,60,2014/10/18,17:00:00,Yes,3.0,2.0,-38.61786668,142.9982379,CORANGAMITE
T20140021513,Dry,Clear,Collision with vehicle,Saturday,Dusk/Dawn,60,2014/10/18,17:58:00,Yes,4.0,2.0,-36.7628436,144.2546874,GREATER BENDIGO
T20140021515,Dry,Clear,Collision with vehicle,Saturday,Day,80,2014/10/18,16:20:00,Yes,2.0,2.0,-37.68632705,144.5025861,MOORABOOL
T20140021522,Dry,Clear,Collision with a fixed object,Saturday,Dark Street lights on,60,2014/10/18,19:35:00,Yes,2.0,1.0,-36.1168607,146.8905588,WODONGA
T20140021536,Dry,Clear,Collision with vehicle,Saturday,Dark Street lights on,80,2014/10/18,22:20:00,Yes,4.0,2.0,-38.06877734,144.376836,GREATER GEELONG
T20140021549,Dry,Clear,Vehicle overturned (no collision),Sunday,Dark No street lights,100,2014/10/19,05:00:00,Yes,1.0,1.0,-37.93707086,141.7614615,GLENELG
T20140021550,Dry,Clear,Vehicle overturned (no collision),Sunday,Dusk/Dawn,100,2014/10/19,05:30:00,Yes,1.0,1.0,-36.04456092,146.1667668,MOIRA
T20140021551,Dry,Clear,Collision with a fixed object,Sunday,Dusk/Dawn,100,2014/10/19,07:45:00,Yes,1.0,1.0,-37.85183,147.6059179,EAST GIPPSLAND
T20140021559,Dry,Clear,Collision with vehicle,Sunday,Day,60,2014/10/19,10:50:00,No,2.0,1.0,-36.12575488,144.7535555,CAMPASPE
T20140021562,Dry,Clear,Collision with vehicle,Sunday,Day,100,2014/10/19,09:42:00,Yes,2.0,1.0,-38.39212121,146.1208764,SOUTH GIPPSLAND
T20140021564,Dry,Clear,Vehicle overturned (no collision),Sunday,Day,100,2014/10/19,10:45:00,No,1.0,1.0,-38.1501899,146.5546293,LATROBE
T20140021574,Dry,Clear,Collision with a fixed object,Sunday,Day,100,2014/10/19,11:35:00,No,1.0,1.0,-36.99700348,144.4759621,MOUNT ALEXANDER
T20140021577,Dry,Clear,Collision with vehicle,Sunday,Day,70,2014/10/19,12:23:00,No,3.0,1.0,-38.19689058,144.3186986,GREATER GEELONG
T20140021582,Dry,Clear,No collision and no object struck,Sunday,Day,100,2014/10/19,13:30:00,No,2.0,2.0,-37.37340843,143.8549535,BALLARAT
T20140021587,Dry,Clear,Collision with a fixed object,Sunday,Day,50,2014/10/19,12:20:00,No,1.0,1.0,-37.19332846,142.60495,ARARAT
T20140021599,Dry,Clear,Collision with a fixed object,Sunday,Dusk/Dawn,50,2014/10/19,17:10:00,Yes,2.0,2.0,-37.53542429,143.8672002,BALLARAT
T20140021612,Dry,Clear,Collision with a fixed object,Sunday,Dark No street lights,80,2014/10/19,20:44:00,Yes,1.0,1.0,-36.25871976,144.7429816,CAMPASPE
T20140021635,Dry,Clear,Vehicle overturned (no collision),Monday,Dusk/Dawn,110,2014/10/20,07:30:00,No,3.0,1.0,-37.36444024,144.5485125,MACEDON RANGES
T20140021637,Dry,Clear,Collision with a fixed object,Monday,Unknown,100,2014/10/20,05:30:00,Yes,1.0,1.0,-36.60383695,143.6016295,LODDON
T20140021639,Dry,Clear,Collision with vehicle,Monday,Dusk/Dawn,50,2014/10/20,06:55:00,Yes,1.0,1.0,-38.22678526,146.4325308,LATROBE
T20140021645,Dry,Clear,Struck Pedestrian,Monday,Day,50,2014/10/20,11:15:00,No,2.0,1.0,-37.56449019,143.8627316,BALLARAT
T20140021657,Dry,Clear,Collision with a fixed object,Monday,Day,100,2014/10/20,11:54:00,No,1.0,1.0,-37.88263332,145.8582189,BAW BAW
T20140021663,Dry,Clear,Collision with vehicle,Monday,Day,50,2014/10/20,12:35:00,No,4.0,1.0,-37.34009194,144.1482037,HEPBURN
T20140021667,Dry,Clear,Collision with a fixed object,Monday,Day,100,2014/10/06,15:45:00,No,1.0,1.0,-37.28596384,143.9700908,HEPBURN
T20140021669,Dry,Clear,Collision with vehicle,Monday,Day,60,2014/10/20,12:00:00,No,3.0,1.0,-36.38829889,145.4317005,GREATER SHEPPARTON
T20140021671,Dry,Clear,Collision with a fixed object,Monday,Day,100,2014/10/20,14:25:00,No,1.0,1.0,-35.46731118,143.07292,SWAN HILL
T20140021674,Dry,Clear,No collision and no object struck,Sunday,Day,80,2014/10/19,15:30:00,No,1.0,1.0,-37.20343585,143.9464638,HEPBURN
T20140021678,Dry,Clear,Collision with vehicle,Monday,Day,60,2014/10/20,16:15:00,No,1.0,1.0,-38.1319991,144.3488945,GREATER GEELONG
T20140021685,Dry,Clear,Collision with vehicle,Monday,Dusk/Dawn,60,2014/10/20,17:05:00,No,2.0,1.0,-37.57275161,143.8366305,BALLARAT
T20140021702,Dry,Clear,No collision and no object struck,Monday,Day,80,2014/10/20,14:15:00,No,1.0,1.0,-37.26797874,148.7218798,EAST GIPPSLAND
T20140021711,Dry,Clear,Collision with vehicle,Wednesday,Dark No street lights,80,2014/10/15,00:30:00,Yes,2.0,1.0,-38.02393103,144.3696206,GREATER GEELONG
T20140021733,Dry,Clear,No collision and no object struck,Saturday,Day,100,2014/10/18,11:00:00,No,2.0,1.0,-38.45144005,145.6557612,BASS COAST
T20140021738,Dry,Clear,Collision with vehicle,Tuesday,Day,100,2014/10/21,11:36:00,No,2.0,2.0,-38.44755647,142.7540389,MOYNE
T20140021748,Dry,Clear,No collision and no object struck,Tuesday,Day,50,2014/10/21,15:35:00,No,1.0,1.0,-38.06890059,144.3448157,GREATER GEELONG
T20140021755,Dry,Clear,Struck animal,Tuesday,Day,110,2014/10/21,15:00:00,No,1.0,1.0,-34.27553578,141.29837,MILDURA
T20140021756,Dry,Clear,Collision with vehicle,Tuesday,Dusk/Dawn,50,2014/10/21,17:30:00,No,2.0,2.0,-37.55856136,143.8478601,BALLARAT
T20140021761,Dry,Clear,Collision with vehicle,Tuesday,Dusk/Dawn,60,2014/10/21,18:00:00,Yes,2.0,1.0,-38.13149619,144.3446226,GREATER GEELONG
T20140021763,Dry,Clear,Collision with vehicle,Tuesday,Day,60,2014/10/21,15:30:00,No,2.0,1.0,-38.5209711,145.3764398,BASS COAST
T20140021764,Dry,Clear,Collision with vehicle,Tuesday,Dusk/Dawn,70,2014/10/21,17:45:00,No,2.0,1.0,-38.36160335,142.4551583,WARRNAMBOOL
T20140021777,Dry,Clear,Collision with vehicle,Tuesday,Day,70,2014/10/21,15:12:00,No,3.0,2.0,-38.1334072,144.3511555,GREATER GEELONG
T20140021790,Dry,Clear,Collision with vehicle,Tuesday,Day,50,2014/10/21,11:45:00,No,2.0,1.0,-36.38088293,145.4060278,GREATER SHEPPARTON
T20140021791,Dry,Clear,Collision with a fixed object,Tuesday,Day,60,2014/10/21,15:30:00,No,1.0,1.0,-37.54651972,149.7402532,EAST GIPPSLAND
T20140021798,Unknown,Not known,Fall from or in moving vehicle,Thursday,Dusk/Dawn,999,2014/10/09,18:45:00,Yes,2.0,1.0,-34.18270006,142.1491899,MILDURA
T20140021806,Dry,Clear,No collision and no object struck,Wednesday,Day,80,2014/10/22,11:00:00,No,1.0,1.0,-38.46212999,145.2576649,BASS COAST
T20140021807,Dry,Clear,Collision with a fixed object,Wednesday,Dusk/Dawn,100,2014/10/22,07:30:00,No,1.0,1.0,-37.0362095,142.8013344,NORTHERN GRAMPIANS
T20140021820,Dry,Clear,Vehicle overturned (no collision),Wednesday,Dusk/Dawn,100,2014/10/22,06:15:00,No,1.0,1.0,-37.80908523,141.5093989,GLENELG
T20140021830,Dry,Clear,Collision with a fixed object,Wednesday,Day,100,2014/10/22,14:00:00,No,1.0,1.0,-37.75483903,148.0666187,EAST GIPPSLAND
T20140021849,Dry,Clear,Collision with vehicle,Wednesday,Dusk/Dawn,60,2014/10/22,18:00:00,Yes,3.0,2.0,-38.20800218,144.3352339,GREATER GEELONG
T20140021852,Dry,Clear,Collision with vehicle,Wednesday,Day,60,2014/10/22,15:40:00,No,1.0,1.0,-36.72208247,142.1783614,HORSHAM
T20140021855,Wet,Raining,Vehicle overturned (no collision),Tuesday,Day,100,2014/10/07,11:00:00,No,1.0,1.0,-37.69792806,141.9083719,SOUTHERN GRAMPIANS
T20140021859,Dry,Clear,Collision with a fixed object,Wednesday,Dusk/Dawn,50,2014/10/22,19:00:00,Yes,1.0,1.0,-38.30487364,146.4168387,LATROBE
T20140021864,Unknown,Clear,No collision and no object struck,Sunday,Day,999,2014/10/05,13:00:00,No,1.0,1.0,-38.03643955,145.9844701,BAW BAW
T20140021874,Dry,Clear,Collision with vehicle,Thursday,Day,60,2014/10/23,08:57:00,No,3.0,3.0,-36.72039511,142.1829071,HORSHAM
T20140021880,Dry,Clear,No collision and no object struck,Sunday,Day,100,2014/10/19,13:30:00,No,1.0,1.0,-38.3768903,144.2335322,SURF COAST
T20140021897,Dry,Clear,Collision with vehicle,Thursday,Dusk/Dawn,100,2014/10/23,06:45:00,No,2.0,1.0,-36.90873115,145.2396106,STRATHBOGIE
T20140021909,Dry,Clear,Collision with vehicle,Thursday,Dusk/Dawn,110,2014/10/23,06:35:00,No,5.0,2.0,-36.10621355,146.8394193,WODONGA
T20140021912,Unknown,Not known,Vehicle overturned (no collision),Sunday,Day,999,2014/09/28,16:30:00,Yes,1.0,1.0,-38.08643633,146.511034,LATROBE
T20140021918,Dry,Clear,Collision with vehicle,Thursday,Day,80,2014/10/23,16:00:00,No,3.0,3.0,-35.46577189,143.6390687,SWAN HILL
T20140021920,Dry,Clear,Vehicle overturned (no collision),Thursday,Day,100,2014/10/23,15:45:00,No,1.0,1.0,-36.05203312,142.7440395,BULOKE
T20140021925,Dry,Clear,Vehicle overturned (no collision),Thursday,Day,110,2014/10/23,15:08:00,No,7.0,7.0,-36.86679779,145.2957582,STRATHBOGIE
T20140021930,Dry,Clear,Collision with a fixed object,Thursday,Day,100,2014/10/23,15:33:00,No,2.0,1.0,-36.53501059,145.9403964,BENALLA
T20140021934,Dry,Clear,Collision with vehicle,Thursday,Dark Street lights on,60,2014/10/23,20:20:00,Yes,2.0,1.0,-38.02578916,144.3958538,GREATER GEELONG
T20140021935,Dry,Clear,Collision with a fixed object,Thursday,Day,100,2014/10/23,16:00:00,No,2.0,1.0,-38.69867806,145.8399295,SOUTH GIPPSLAND
T20140021943,Dry,Clear,Struck animal,Thursday,Dark No street lights,100,2014/10/23,22:05:00,Yes,1.0,1.0,-37.8184655,147.8147841,EAST GIPPSLAND
T20140021948,Dry,Fog,Collision with vehicle,Friday,Dark Street lights on,40,2014/10/24,06:15:00,No,2.0,1.0,-38.02286155,144.3963968,GREATER GEELONG
T20140021954,Dry,Clear,Collision with a fixed object,Thursday,Dark No street lights,100,2014/10/23,20:00:00,Yes,2.0,1.0,-38.46162019,143.7702218,COLAC OTWAY
T20140021955,Dry,Clear,Vehicle overturned (no collision),Monday,Day,100,2014/10/20,15:30:00,No,1.0,1.0,-36.99539936,147.5204708,EAST GIPPSLAND
T20140021959,Dry,Clear,Collision with vehicle,Friday,Day,60,2014/10/24,09:20:00,No,2.0,1.0,-36.54923988,145.99445,BENALLA
T20140021961,Dry,Clear,collision with some other object,Sunday,Day,60,2014/10/12,14:00:00,No,1.0,1.0,-36.87406818,147.2923311,ALPINE
T20140021970,Dry,Clear,Collision with a fixed object,Friday,Day,50,2014/10/24,11:35:00,No,3.0,1.0,-34.19683833,142.145322,MILDURA
T20140021990,Dry,Clear,Collision with vehicle,Sunday,Day,50,2014/08/31,14:00:00,No,3.0,1.0,-38.10417004,147.0654189,WELLINGTON
T20140021993,Dry,Clear,Collision with vehicle,Friday,Day,60,2014/10/24,11:30:00,No,3.0,1.0,-36.74691865,144.2581089,GREATER BENDIGO
T20140021998,Dry,Not known,Vehicle overturned (no collision),Sunday,Day,50,2014/10/19,11:00:00,No,1.0,1.0,-38.49668665,145.25726,BASS COAST
T20140022006,Dry,Clear,Collision with vehicle,Friday,Day,60,2014/10/24,15:35:00,No,4.0,3.0,-38.10725948,147.0683016,WELLINGTON
T20140022012,Unknown,Not known,Vehicle overturned (no collision),Thursday,Dusk/Dawn,999,2014/10/23,18:30:00,Yes,1.0,1.0,-38.0395497,144.3154375,GREATER GEELONG
T20140022044,Dry,Clear,Collision with vehicle,Saturday,Dark Street lights on,60,2014/10/25,01:10:00,Yes,2.0,1.0,-37.25130926,144.4528534,MACEDON RANGES
T20140022047,Dry,Clear,Collision with vehicle,Saturday,Dark Street lights on,60,2014/10/25,03:45:00,Yes,1.0,1.0,-37.55978228,143.8587396,BALLARAT
T20140022050,Dry,Clear,Struck Pedestrian,Saturday,Dark No street lights,100,2014/10/25,03:30:00,Yes,2.0,1.0,-38.20763123,146.5012205,LATROBE
T20140022055,Dry,Clear,No collision and no object struck,Saturday,Day,60,2014/10/25,08:40:00,No,1.0,1.0,-36.39764953,145.3687886,GREATER SHEPPARTON
T20140022061,Dry,Clear,Vehicle overturned (no collision),Saturday,Day,100,2014/10/25,09:30:00,No,3.0,1.0,-36.19726109,147.7934286,TOWONG
T20140022077,Dry,Clear,Collision with a fixed object,Saturday,Dark No street lights,80,2014/10/25,04:15:00,Yes,1.0,1.0,-36.03659022,146.1632292,MOIRA
T20140022080,Dry,Clear,Collision with a fixed object,Saturday,Day,90,2014/10/25,11:50:00,No,1.0,1.0,-36.75899001,144.22547,GREATER BENDIGO
T20140022086,Dry,Not known,Struck Pedestrian,Wednesday,Day,50,2014/10/01,09:15:00,No,2.0,1.0,-36.74372146,144.2740015,GREATER BENDIGO
T20140022090,Dry,Clear,Collision with vehicle,Saturday,Day,50,2014/10/25,12:30:00,No,6.0,2.0,-36.36805346,145.4125645,GREATER SHEPPARTON
T20140022093,Dry,Clear,Collision with a fixed object,Saturday,Day,100,2014/10/25,11:50:00,No,1.0,1.0,-38.46588572,145.7790152,SOUTH GIPPSLAND
T20140022118,Dry,Clear,Collision with vehicle,Saturday,Dark Street lights on,60,2014/10/25,20:05:00,Yes,6.0,1.0,-36.73930848,144.2620063,GREATER BENDIGO
T20140022129,Dry,Clear,Collision with vehicle,Sunday,Dark No street lights,100,2014/10/26,00:56:00,Yes,5.0,1.0,-38.08849932,143.3851095,CORANGAMITE
T20140022135,Dry,Clear,Collision with a fixed object,Sunday,Dark No street lights,100,2014/10/26,03:20:00,Yes,1.0,1.0,-38.01193947,144.5286655,GREATER GEELONG
T20140022141,Dry,Clear,Collision with a fixed object,Saturday,Dark No street lights,100,2014/10/25,06:00:00,Yes,2.0,2.0,-37.31964101,143.7670122,HEPBURN
T20140022143,Dry,Clear,Vehicle overturned (no collision),Saturday,Day,999,2014/10/25,13:00:00,No,1.0,1.0,-37.53080018,144.2920205,MOORABOOL
T20140022144,Dry,Clear,Collision with a fixed object,Sunday,Dark No street lights,80,2014/10/26,03:15:00,Yes,2.0,1.0,-38.21392602,144.11774,SURF COAST
T20140022149,Dry,Clear,collision with some other object,Sunday,Day,999,2014/08/31,13:00:00,No,1.0,1.0,-37.35479551,145.6926803,MURRINDINDI
T20140022166,Dry,Clear,Collision with a fixed object,Sunday,Day,80,2014/10/26,13:50:00,No,2.0,2.0,-37.51272887,145.3549868,MURRINDINDI
T20140022169,Dry,Clear,Collision with vehicle,Sunday,Day,100,2014/10/26,11:15:00,No,2.0,1.0,-37.1957602,145.4751602,MURRINDINDI
T20140022176,Dry,Clear,Struck Pedestrian,Sunday,Dusk/Dawn,999,2014/10/26,17:08:00,Yes,2.0,1.0,-38.35827443,142.4658093,WARRNAMBOOL
T20140022184,Dry,Clear,Collision with a fixed object,Saturday,Day,999,2014/10/25,10:50:00,No,4.0,2.0,-38.53653982,143.7294748,COLAC OTWAY
T20140022186,Dry,Clear,Collision with vehicle,Sunday,Dusk/Dawn,60,2014/10/26,19:15:00,Yes,2.0,1.0,-37.56709098,143.8685017,BALLARAT
T20140022193,Dry,Clear,Vehicle overturned (no collision),Sunday,Dark No street lights,100,2014/10/26,22:50:00,Yes,1.0,1.0,-37.95086594,143.1906594,CORANGAMITE
T20140022204,Wet,Raining,Collision with a fixed object,Monday,Dusk/Dawn,50,2014/10/27,07:00:00,No,2.0,1.0,-38.06407005,144.3691898,GREATER GEELONG
T20140022219,Wet,Clear,Collision with vehicle,Wednesday,Day,50,2014/10/22,16:47:00,No,5.0,1.0,-36.71154001,142.1962591,HORSHAM
T20140022222,Dry,Clear,Collision with vehicle,Monday,Day,60,2014/10/27,11:10:00,No,2.0,2.0,-37.06420575,143.7463414,CENTRAL GOLDFIELDS
T20140022223,Dry,Clear,No collision and no object struck,Wednesday,Day,100,2014/10/22,13:00:00,No,1.0,1.0,-37.50945302,145.7669482,MURRINDINDI
T20140022235,Wet,Clear,Collision with vehicle,Monday,Day,100,2014/10/27,12:20:00,No,3.0,1.0,-38.35169447,145.7006468,SOUTH GIPPSLAND
T20140022236,Dry,Clear,Struck Pedestrian,Sunday,Day,50,2014/10/26,14:00:00,No,2.0,1.0,-38.45615073,145.2389852,BASS COAST
T20140022239,Wet,Raining,Collision with vehicle,Monday,Day,100,2014/10/27,11:40:00,No,3.0,3.0,-36.25561001,147.09374,INDIGO
T20140022264,Dry,Clear,Collision with vehicle,Monday,Dusk/Dawn,60,2014/10/27,18:15:00,Yes,2.0,1.0,-36.55066533,145.9883297,BENALLA
T20140022266,Dry,Clear,Struck Pedestrian,Sunday,Dark Street lights on,60,2014/10/26,00:30:00,Yes,2.0,1.0,-38.1449959,144.3609517,GREATER GEELONG
T20140022271,Dry,Clear,Vehicle overturned (no collision),Monday,Dusk/Dawn,999,2014/10/27,19:15:00,Yes,1.0,1.0,-37.51809931,145.602941,MURRINDINDI
T20140022272,Dry,Clear,Collision with vehicle,Monday,Dusk/Dawn,50,2014/10/27,18:22:00,Yes,5.0,1.0,-38.19332195,146.5383739,LATROBE
T20140022273,Wet,Raining,Collision with a fixed object,Monday,Dusk/Dawn,100,2014/10/27,07:50:00,No,1.0,1.0,-36.48543054,147.2369226,TOWONG
T20140022279,Dry,Clear,Collision with a fixed object,Monday,Dark Street lights unknown,60,2014/10/27,22:03:00,Yes,1.0,1.0,-38.18619981,146.5400085,LATROBE
T20140022281,Dry,Not known,Collision with a fixed object,Sunday,Dark No street lights,100,2014/10/26,20:15:00,Yes,1.0,1.0,-38.39703349,143.5817994,COLAC OTWAY
T20140022291,Dry,Clear,Collision with vehicle,Monday,Day,80,2014/10/27,14:30:00,No,3.0,2.0,-38.18290552,144.4042808,GREATER GEELONG