Accident_No,Surface_Cond_Desc,Atmosph_Cond_Desc,Accident_Type_Desc,Day,Light_Condition_Desc,Speed_Zone,Accident_Date,Accident_Time,Alcohol_Influence,Total_Persons_Inv,Inj_Or_Fatal,Lat,Long,LGA
T20140022293,Dry,Clear,Collision with vehicle,Monday,Day,60,2014/10/27,13:00:00,No,2.0,1.0,-38.16270954,144.3536497,GREATER GEELONG
T20140022297,Dry,Clear,Collision with vehicle,Tuesday,Day,60,2014/10/28,08:58:00,No,2.0,2.0,-37.06562697,144.2167931,MOUNT ALEXANDER
T20140022302,Dry,Clear,Collision with a fixed object,Tuesday,Day,100,2014/10/28,09:40:00,No,1.0,1.0,-36.28814197,145.2394882,GREATER SHEPPARTON
T20140022306,Dry,Clear,No collision and no object struck,Saturday,Dark No street lights,100,2014/09/13,06:15:00,No,1.0,1.0,-38.33674198,146.412502,LATROBE
T20140022308,Dry,Clear,Collision with vehicle,Wednesday,Day,40,2014/08/13,09:15:00,No,2.0,1.0,-37.55369043,143.8194635,BALLARAT
T20140022316,Dry,Clear,No collision and no object struck,Saturday,Day,80,2014/10/25,11:30:00,No,1.0,1.0,-38.28130092,146.226437,BAW BAW
T20140022326,Dry,Clear,Collision with a fixed object,Tuesday,Day,100,2014/10/28,10:50:00,No,1.0,1.0,-36.97821964,143.7687664,CENTRAL GOLDFIELDS
T20140022327,Dry,Clear,Collision with vehicle,Tuesday,Day,80,2014/10/28,12:28:00,No,3.0,3.0,-34.17669758,142.121341,MILDURA
T20140022329,Dry,Clear,Struck Pedestrian,Tuesday,Day,50,2014/10/28,14:00:00,No,2.0,1.0,-36.715475,142.1997178,HORSHAM
T20140022331,Dry,Clear,Collision with vehicle,Tuesday,Day,70,2014/10/28,12:30:00,No,2.0,2.0,-38.58803797,145.5798726,BASS COAST
T20140022334,Dry,Clear,Collision with vehicle,Tuesday,Day,60,2014/10/28,15:00:00,No,3.0,2.0,-38.20014654,146.5318887,LATROBE
T20140022345,Dry,Clear,Collision with vehicle,Tuesday,Dusk/Dawn,50,2014/10/28,17:11:00,No,1.0,1.0,-38.19049712,144.31435,GREATER GEELONG
T20140022347,Wet,Raining,Collision with a fixed object,Monday,Dusk/Dawn,100,2014/10/27,07:20:00,No,1.0,1.0,-38.71272492,146.0937295,SOUTH GIPPSLAND
T20140022353,Dry,Clear,Collision with vehicle,Tuesday,Day,60,2014/10/28,18:30:00,Yes,5.0,3.0,-38.1427274,144.3359476,GREATER GEELONG
T20140022355,Dry,Clear,Collision with vehicle,Tuesday,Day,70,2014/10/28,15:30:00,No,3.0,1.0,-38.17104271,144.3930188,GREATER GEELONG
T20140022358,Dry,Clear,Collision with vehicle,Tuesday,Day,60,2014/10/28,14:30:00,No,2.0,1.0,-37.47374994,144.9730165,MITCHELL
T20140022377,Dry,Clear,Collision with vehicle,Tuesday,Day,50,2014/10/21,15:10:00,No,2.0,1.0,-37.28519016,142.9339117,ARARAT
T20140022378,Dry,Clear,Collision with vehicle,Monday,Day,60,2014/10/27,16:30:00,No,5.0,1.0,-37.53222099,143.8235531,BALLARAT
T20140022384,Dry,Clear,No collision and no object struck,Sunday,Day,999,2014/10/26,13:00:00,No,1.0,1.0,-37.50720074,145.9674829,MURRINDINDI
T20140022386,Dry,Clear,Collision with vehicle,Saturday,Day,60,2014/10/25,11:00:00,No,4.0,1.0,-36.80177062,144.2425562,GREATER BENDIGO
T20140022388,Dry,Clear,Vehicle overturned (no collision),Monday,Day,80,2014/10/27,14:30:00,No,6.0,3.0,-38.69427731,143.7083052,COLAC OTWAY
T20140022399,Dry,Clear,Collision with vehicle,Friday,Day,100,2014/10/24,14:39:00,No,3.0,1.0,-36.01559543,146.6162196,INDIGO
T20140022437,Dry,Clear,Collision with vehicle,Wednesday,Day,50,2014/10/29,15:10:00,No,2.0,1.0,-36.76810329,144.2654253,GREATER BENDIGO
T20140022440,Dry,Clear,Collision with vehicle,Wednesday,Day,50,2014/10/29,16:10:00,No,2.0,1.0,-38.14537386,144.3546982,GREATER GEELONG
T20140022441,Dry,Clear,Vehicle overturned (no collision),Wednesday,Day,110,2014/10/29,15:40:00,No,2.0,1.0,-37.14527003,145.0820301,MITCHELL
T20140022442,Dry,Clear,Collision with a fixed object,Wednesday,Day,100,2014/10/29,14:25:00,No,2.0,2.0,-38.22091705,141.7602484,GLENELG
T20140022453,Dry,Clear,Collision with vehicle,Monday,Dusk/Dawn,999,2014/10/20,17:00:00,No,2.0,1.0,-36.58119953,146.4062401,WANGARATTA
T20140022459,Dry,Clear,Collision with vehicle,Wednesday,Day,60,2014/10/29,16:00:00,No,2.0,1.0,-36.37883132,145.3983163,GREATER SHEPPARTON
T20140022468,Dry,Clear,Collision with vehicle,Wednesday,Dark Street lights on,50,2014/10/29,22:50:00,Yes,2.0,1.0,-37.55977771,143.8587004,BALLARAT
T20140022476,Dry,Clear,Collision with vehicle,Wednesday,Day,60,2014/10/29,12:30:00,No,2.0,1.0,-36.38212724,145.3529223,GREATER SHEPPARTON
T20140022489,Dry,Clear,Collision with a fixed object,Thursday,Day,100,2014/10/30,10:46:00,No,1.0,1.0,-38.21697702,144.5676406,GREATER GEELONG
T20140022490,Dry,Clear,No collision and no object struck,Saturday,Day,60,2014/09/13,09:30:00,No,4.0,1.0,-34.22366039,142.1358521,MILDURA
T20140022494,Unknown,Not known,Vehicle overturned (no collision),Sunday,Day,999,2014/10/26,10:30:00,No,1.0,1.0,-37.48081062,145.9856499,MURRINDINDI
T20140022517,Unknown,Not known,No collision and no object struck,Monday,Day,50,2014/10/06,12:20:00,No,2.0,1.0,-38.1943379,146.5356272,LATROBE
T20140022539,Dry,Clear,Collision with vehicle,Thursday,Dusk/Dawn,40,2014/10/30,17:45:00,No,2.0,2.0,-36.34286994,146.3008495,WANGARATTA
T20140022541,Dry,Clear,Collision with a fixed object,Thursday,Dark No street lights,100,2014/10/23,20:15:00,Yes,1.0,1.0,-36.20677013,144.7778906,CAMPASPE
T20140022545,Dry,Clear,No collision and no object struck,Thursday,Unknown,100,2014/10/30,12:30:00,No,2.0,1.0,-37.2790297,143.2396996,ARARAT
T20140022546,Dry,Clear,Collision with a fixed object,Thursday,Dark No street lights,100,2014/10/30,22:12:00,Yes,1.0,1.0,-36.13390924,146.6460773,INDIGO
T20140022560,Dry,Clear,Collision with vehicle,Friday,Dusk/Dawn,100,2014/10/31,06:26:00,No,3.0,1.0,-37.54307061,143.7083628,BALLARAT
T20140022571,Dry,Clear,Collision with vehicle,Friday,Day,50,2014/10/31,08:50:00,No,2.0,2.0,-37.55895374,143.8682733,BALLARAT
T20140022591,Dry,Clear,Collision with vehicle,Saturday,Day,60,2014/10/25,16:00:00,Yes,3.0,1.0,-34.5866289,142.7765092,SWAN HILL
T20140022595,Dry,Clear,Collision with vehicle,Friday,Day,50,2014/10/17,14:00:00,No,2.0,1.0,-38.08585492,144.3511652,GREATER GEELONG
T20140022599,Dry,Clear,No collision and no object struck,Saturday,Day,60,2014/10/18,13:30:00,No,1.0,1.0,-37.47606266,145.3261196,MURRINDINDI
T20140022601,Dry,Clear,Collision with a fixed object,Sunday,Dark No street lights,100,2014/10/26,05:30:00,Yes,1.0,1.0,-38.42240027,145.5604894,BASS COAST
T20140022617,Dry,Clear,Collision with vehicle,Friday,Day,70,2014/10/31,16:55:00,Yes,4.0,4.0,-36.72338148,144.311133,GREATER BENDIGO
T20140022628,Dry,Clear,Collision with a fixed object,Friday,Dusk/Dawn,100,2014/10/31,17:17:00,Yes,1.0,1.0,-37.9511672,147.110898,WELLINGTON
T20140022632,Dry,Clear,Collision with vehicle,Friday,Dark Street lights on,60,2014/10/31,21:10:00,Yes,5.0,1.0,-37.56056682,143.8771068,BALLARAT
T20140022642,Dry,Clear,Collision with a fixed object,Saturday,Dark No street lights,80,2014/11/01,01:15:00,Yes,3.0,3.0,-38.00945262,144.434813,GREATER GEELONG
T20140022654,Wet,Raining,Collision with a fixed object,Saturday,Day,60,2014/11/01,08:25:00,No,1.0,1.0,-36.39594981,145.3673601,GREATER SHEPPARTON
T20140022657,Wet,Raining,Vehicle overturned (no collision),Saturday,Day,100,2014/11/01,08:10:00,No,1.0,1.0,-37.43539983,144.6088865,MACEDON RANGES
T20140022661,Wet,Raining,Collision with a fixed object,Saturday,Day,100,2014/11/01,08:10:00,No,1.0,1.0,-35.25879479,143.08165,SWAN HILL
T20140022674,Dry,Clear,Collision with a fixed object,Friday,Dark No street lights,110,2014/10/31,23:00:00,Yes,1.0,1.0,-36.98000989,145.1425297,MITCHELL
T20140022676,Dry,Clear,Collision with a fixed object,Saturday,Dark No street lights,100,2014/11/01,03:20:00,Yes,1.0,1.0,-36.63145966,146.8495201,ALPINE
T20140022680,Wet,Clear,Collision with a fixed object,Saturday,Day,100,2014/11/01,11:11:00,No,2.0,2.0,-38.59748709,146.1188283,SOUTH GIPPSLAND
T20140022687,Dry,Clear,No collision and no object struck,Saturday,Day,100,2014/11/01,14:15:00,Yes,1.0,1.0,-38.33630377,142.6250092,MOYNE
T20140022691,Dry,Strong winds,Collision with a fixed object,Saturday,Day,100,2014/11/01,16:33:00,Yes,2.0,2.0,-36.42752044,145.9857553,BENALLA
T20140022694,Dry,Clear,Collision with a fixed object,Friday,Dark No street lights,100,2014/10/31,23:00:00,Yes,6.0,5.0,-36.6638696,146.6894958,ALPINE
T20140022700,Dry,Clear,Collision with vehicle,Saturday,Day,60,2014/11/01,18:30:00,Yes,2.0,1.0,-37.56060272,143.8474899,BALLARAT
T20140022701,Dry,Clear,Collision with vehicle,Saturday,Day,70,2014/11/01,17:40:00,Yes,4.0,2.0,-38.10649649,144.3219761,GREATER GEELONG
T20140022712,Wet,Raining,Collision with a fixed object,Sunday,Dark Street lights on,60,2014/11/02,03:54:00,Yes,2.0,2.0,-38.18009954,144.4012756,GREATER GEELONG
T20140022715,Dry,Clear,Collision with vehicle,Friday,Day,70,2014/10/31,13:40:00,No,2.0,1.0,-36.7601164,144.3249745,GREATER BENDIGO
T20140022717,Dry,Clear,No collision and no object struck,Saturday,Day,80,2014/11/01,17:00:00,Yes,1.0,1.0,-36.76482587,144.2241846,GREATER BENDIGO
T20140022722,Unknown,Not known,Struck Pedestrian,Saturday,Dusk/Dawn,50,2014/11/01,19:00:00,Yes,4.0,1.0,-36.55721185,145.95946,BENALLA
T20140022723,Dry,Clear,Vehicle overturned (no collision),Sunday,Day,100,2014/11/02,11:50:00,No,1.0,1.0,-36.15844633,147.9541612,TOWONG
T20140022732,Dry,Clear,collision with some other object,Sunday,Day,100,2014/11/02,11:18:00,No,6.0,1.0,-38.34385875,143.1578103,CORANGAMITE
T20140022743,Dry,Clear,Collision with a fixed object,Sunday,Day,100,2014/11/02,16:35:00,No,1.0,1.0,-37.86557049,147.8894603,EAST GIPPSLAND
T20140022744,Dry,Clear,Vehicle overturned (no collision),Sunday,Day,999,2014/11/02,14:30:00,No,1.0,1.0,-37.99863604,146.6910907,WELLINGTON
T20140022760,Dry,Clear,Collision with vehicle,Monday,Dark No street lights,100,2014/11/03,05:01:00,Yes,5.0,2.0,-38.00859353,144.4784126,GREATER GEELONG
T20140022765,Dry,Clear,Collision with vehicle,Sunday,Day,60,2014/11/02,11:40:00,No,2.0,2.0,-38.23591013,146.4059705,LATROBE
T20140022769,Dry,Clear,Struck Pedestrian,Monday,Day,50,2014/11/03,09:06:00,No,2.0,1.0,-36.368881,146.3166598,WANGARATTA
T20140022775,Dry,Clear,Collision with vehicle,Monday,Day,80,2014/11/03,11:10:00,No,2.0,1.0,-38.15989693,144.5835632,GREATER GEELONG
T20140022777,Dry,Clear,Vehicle overturned (no collision),Sunday,Day,999,2014/10/26,12:30:00,No,1.0,1.0,-37.5288462,145.982562,MURRINDINDI
T20140022778,Wet,Clear,Vehicle overturned (no collision),Sunday,Day,999,2014/11/02,11:30:00,No,1.0,1.0,-37.00259874,146.3709903,MANSFIELD
T20140022780,Dry,Clear,Vehicle overturned (no collision),Monday,Day,100,2014/11/03,13:55:00,No,2.0,2.0,-36.313493,145.11217,CAMPASPE
T20140022784,Dry,Clear,Collision with vehicle,Sunday,Day,100,2014/11/02,12:19:00,No,2.0,1.0,-37.94980321,146.45586,BAW BAW
T20140022787,Dry,Clear,Collision with vehicle,Monday,Day,60,2014/10/20,12:15:00,No,2.0,1.0,-36.14051896,144.7568602,CAMPASPE
T20140022790,Dry,Clear,Collision with vehicle,Thursday,Dark Street lights on,50,2014/10/09,21:45:00,Yes,2.0,1.0,-36.71783821,142.1997291,HORSHAM
T20140022794,Dry,Clear,Collision with vehicle,Monday,Day,100,2014/11/03,13:20:00,No,4.0,4.0,-36.5910057,144.5637228,GREATER BENDIGO
T20140022796,Dry,Clear,Collision with a fixed object,Monday,Day,100,2014/11/03,14:30:00,No,1.0,1.0,-38.41174435,144.1574336,SURF COAST
T20140022803,Dry,Clear,Collision with vehicle,Monday,Day,60,2014/11/03,12:50:00,No,2.0,1.0,-38.16277944,144.362096,GREATER GEELONG
T20140022804,Dry,Clear,Vehicle overturned (no collision),Monday,Day,100,2014/11/03,17:00:00,No,1.0,1.0,-37.47872228,144.2668842,MOORABOOL
T20140022809,Dry,Clear,Collision with a fixed object,Monday,Dusk/Dawn,100,2014/11/03,19:00:00,Yes,1.0,1.0,-38.21434739,144.5958351,GREATER GEELONG
T20140022820,Unknown,Not known,Vehicle overturned (no collision),Friday,Dark Street lights unknown,999,2014/10/31,23:34:00,Yes,2.0,2.0,-36.41051393,145.461948,GREATER SHEPPARTON
T20140022824,Dry,Clear,Vehicle overturned (no collision),Tuesday,Dark No street lights,100,2014/11/04,03:29:00,Yes,1.0,1.0,-37.8217341,147.7851991,EAST GIPPSLAND
T20140022841,Dry,Clear,Collision with vehicle,Tuesday,Day,60,2014/11/04,10:00:00,No,2.0,2.0,-37.05556706,143.7424972,CENTRAL GOLDFIELDS
T20140022848,Dry,Clear,Collision with vehicle,Tuesday,Day,60,2014/11/04,12:20:00,No,5.0,2.0,-38.19996191,144.3084924,GREATER GEELONG
T20140022851,Dry,Clear,Collision with vehicle,Tuesday,Day,60,2014/11/04,13:15:00,No,3.0,1.0,-37.57764278,143.8432198,BALLARAT
T20140022867,Dry,Clear,Collision with vehicle,Tuesday,Day,100,2014/11/04,15:00:00,No,4.0,1.0,-36.37759243,145.4619551,GREATER SHEPPARTON
T20140022871,Dry,Clear,Vehicle overturned (no collision),Tuesday,Day,100,2014/11/04,14:50:00,No,1.0,1.0,-36.7571901,144.6925306,CAMPASPE
T20140022877,Dry,Clear,Collision with vehicle,Tuesday,Day,50,2014/11/04,06:40:00,No,2.0,1.0,-36.11545853,146.8572255,WODONGA
T20140022878,Dry,Clear,Fall from or in moving vehicle,Tuesday,Day,110,2014/11/04,14:40:00,No,2.0,1.0,-37.07771255,144.3163435,MOUNT ALEXANDER
T20140022880,Muddy,Raining,No collision and no object struck,Saturday,Day,999,2014/11/01,15:30:00,Yes,1.0,1.0,-37.27915827,146.2595394,MANSFIELD
T20140022892,Dry,Clear,No collision and no object struck,Saturday,Day,999,2014/10/25,15:00:00,Yes,1.0,1.0,-37.51980998,146.074332,MURRINDINDI
T20140022895,Dry,Clear,Struck Pedestrian,Wednesday,Day,50,2014/11/05,08:30:00,No,2.0,1.0,-38.14364758,144.3613522,GREATER GEELONG
T20140022897,Unknown,Not known,No collision and no object struck,Monday,Unknown,80,2014/11/03,11:00:00,No,1.0,1.0,-36.92504071,146.2786535,MANSFIELD
T20140022901,Dry,Clear,No collision and no object struck,Friday,Day,50,2014/09/19,11:30:00,No,1.0,1.0,-38.07942007,144.3583627,GREATER GEELONG
T20140022907,Dry,Clear,No collision and no object struck,Wednesday,Dusk/Dawn,100,2014/11/05,07:45:00,No,4.0,2.0,-37.41255736,143.3254113,PYRENEES
T20140022925,Dry,Clear,Vehicle overturned (no collision),Monday,Day,100,2014/11/03,13:30:00,No,1.0,1.0,-37.06138832,147.6172181,EAST GIPPSLAND
T20140022942,Dry,Clear,Collision with vehicle,Wednesday,Unknown,50,2014/11/05,19:05:00,Yes,2.0,1.0,-37.04798463,143.73962,CENTRAL GOLDFIELDS
T20140022944,Dry,Not known,Vehicle overturned (no collision),Wednesday,Day,60,2014/11/05,14:30:00,No,1.0,1.0,-37.01949638,145.1290427,MITCHELL
T20140022947,Dry,Clear,Collision with a fixed object,Wednesday,Dusk/Dawn,100,2014/10/15,18:04:00,Yes,1.0,1.0,-36.81138947,144.3950099,GREATER BENDIGO
T20140022969,Dry,Clear,Vehicle overturned (no collision),Wednesday,Day,60,2014/11/05,16:00:00,No,1.0,1.0,-38.05753274,144.3893876,GREATER GEELONG
T20140022974,Unknown,Clear,Collision with a fixed object,Monday,Day,999,2014/11/03,09:30:00,Yes,1.0,1.0,-37.13938705,145.9800409,MANSFIELD
T20140022980,Dry,Clear,No collision and no object struck,Tuesday,Day,50,2014/11/04,16:30:00,No,1.0,1.0,-37.0190939,145.1430214,MITCHELL
T20140022984,Dry,Clear,Collision with a fixed object,Thursday,Dusk/Dawn,100,2014/11/06,06:46:00,No,1.0,1.0,-38.35983008,146.9929802,WELLINGTON
T20140022988,Dry,Clear,Collision with a fixed object,Thursday,Day,110,2014/11/06,11:00:00,No,1.0,1.0,-37.46404963,144.5807012,MACEDON RANGES
T20140022997,Dry,Clear,No collision and no object struck,Thursday,Day,60,2014/11/06,12:00:00,No,1.0,1.0,-35.95222823,141.852723,HINDMARSH
T20140023002,Dry,Clear,Collision with vehicle,Thursday,Day,60,2014/11/06,14:50:00,No,4.0,2.0,-36.11892685,146.8767504,WODONGA
T20140023012,Dry,Clear,Collision with vehicle,Thursday,Day,50,2014/11/06,16:30:00,No,4.0,1.0,-37.5769373,143.8398775,BALLARAT
T20140023023,Dry,Clear,Collision with vehicle,Thursday,Day,50,2014/11/06,18:10:00,Yes,4.0,2.0,-37.57724053,143.8771731,BALLARAT
T20140023025,Dry,Clear,Fall from or in moving vehicle,Wednesday,Day,60,2014/11/05,16:30:00,No,3.0,1.0,-37.25475948,145.7977202,MURRINDINDI
T20140023043,Dry,Clear,Collision with vehicle,Thursday,Day,60,2014/10/30,15:50:00,No,2.0,1.0,-36.72304957,142.2049392,HORSHAM
T20140023047,Wet,Clear,Vehicle overturned (no collision),Saturday,Day,40,2014/11/01,14:30:00,Yes,1.0,1.0,-36.91804493,146.1662604,MANSFIELD
T20140023066,Dry,Clear,Collision with vehicle,Friday,Dusk/Dawn,100,2014/11/07,07:22:00,No,2.0,1.0,-38.01110864,144.4730989,GREATER GEELONG
T20140023071,Dry,Clear,Vehicle overturned (no collision),Friday,Day,50,2014/11/07,14:50:00,No,1.0,1.0,-36.72793518,146.9618565,ALPINE
T20140023072,Dry,Not known,collision with some other object,Friday,Day,999,2014/11/07,13:00:00,No,1.0,1.0,-37.15698932,145.9200571,MANSFIELD
T20140023073,Dry,Clear,No collision and no object struck,Saturday,Day,100,2014/10/04,09:30:00,No,1.0,1.0,-38.2229422,146.1620526,BAW BAW
T20140023091,Dry,Clear,Collision with vehicle,Friday,Day,100,2014/11/07,15:38:00,No,2.0,1.0,-38.39771286,145.6185267,BASS COAST
T20140023093,Dry,Clear,Collision with vehicle,Friday,Day,50,2014/11/07,16:30:00,Yes,2.0,1.0,-36.37854176,145.4039334,GREATER SHEPPARTON
T20140023105,Dry,Clear,Collision with a fixed object,Friday,Dark No street lights,100,2014/11/07,20:50:00,Yes,1.0,1.0,-37.66695513,143.7683925,GOLDEN PLAINS
T20140023131,Dry,Clear,Collision with vehicle,Saturday,Day,100,2014/11/08,10:10:00,No,5.0,5.0,-37.83330691,147.9087935,EAST GIPPSLAND
T20140023136,Dry,Clear,Collision with a fixed object,Saturday,Day,80,2014/11/08,09:32:00,No,1.0,1.0,-36.75164,142.2124182,HORSHAM
T20140023144,Dry,Clear,Collision with a fixed object,Saturday,Day,100,2014/11/08,12:25:00,No,1.0,1.0,-37.36083014,144.4190113,MACEDON RANGES
T20140023145,Dry,Clear,Collision with vehicle,Saturday,Day,100,2014/11/08,12:10:00,No,4.0,4.0,-36.88524463,144.2120002,GREATER BENDIGO
T20140023147,Dry,Clear,Collision with a fixed object,Saturday,Day,100,2014/11/08,16:35:00,Yes,2.0,1.0,-36.08808912,144.6395616,CAMPASPE
T20140023161,Dry,Clear,Collision with a fixed object,Saturday,Dark No street lights,80,2014/11/08,22:40:00,Yes,1.0,1.0,-38.20707214,144.285711,GREATER GEELONG
T20140023164,Wet,Raining,Collision with a fixed object,Sunday,Dark Street lights on,50,2014/11/09,01:00:00,Yes,3.0,2.0,-38.17767977,146.2930575,LATROBE
T20140023175,Dry,Clear,Collision with vehicle,Sunday,Day,100,2014/11/09,10:47:00,No,3.0,1.0,-37.50621861,144.5707489,MACEDON RANGES
T20140023176,Dry,Clear,Collision with vehicle,Sunday,Day,60,2014/11/09,11:20:00,No,6.0,1.0,-38.33909016,144.30879,SURF COAST
T20140023178,Dry,Clear,Collision with a fixed object,Sunday,Day,999,2014/11/09,09:30:00,Yes,1.0,1.0,-36.16280986,147.2355929,TOWONG
T20140023182,Dry,Clear,Collision with vehicle,Sunday,Day,60,2014/11/09,13:20:00,No,3.0,1.0,-35.73505712,143.9159536,GANNAWARRA
T20140023191,Dry,Clear,Vehicle overturned (no collision),Sunday,Day,999,2014/11/09,13:13:00,No,1.0,1.0,-36.57998382,146.6677177,ALPINE
T20140023194,Dry,Clear,Collision with a fixed object,Sunday,Day,100,2014/11/09,13:15:00,No,2.0,2.0,-36.84782906,142.6297735,NORTHERN GRAMPIANS
T20140023197,Dry,Clear,Struck Pedestrian,Sunday,Day,60,2014/11/09,17:00:00,No,3.0,1.0,-36.38436008,145.3545298,GREATER SHEPPARTON
T20140023201,Dry,Clear,Collision with vehicle,Sunday,Day,100,2014/11/09,16:45:00,Yes,4.0,3.0,-36.19905044,144.9813518,CAMPASPE
T20140023215,Dry,Clear,Vehicle overturned (no collision),Sunday,Dark No street lights,100,2014/11/09,22:10:00,Yes,1.0,1.0,-35.65023805,143.8413908,GANNAWARRA
T20140023225,Dry,Clear,Collision with a fixed object,Tuesday,Day,60,2014/11/04,10:50:00,No,1.0,1.0,-37.42644668,145.7119681,MURRINDINDI
T20140023248,Dry,Clear,Collision with a fixed object,Sunday,Day,60,2014/11/09,18:30:00,Yes,2.0,2.0,-37.58239017,143.8695097,BALLARAT
T20140023249,Dry,Clear,Struck Pedestrian,Monday,Day,40,2014/11/10,11:20:00,No,4.0,2.0,-37.88153855,147.9811396,EAST GIPPSLAND
T20140023253,Dry,Clear,Vehicle overturned (no collision),Saturday,Day,999,2014/11/08,14:50:00,Yes,1.0,1.0,-37.15525097,147.5607934,EAST GIPPSLAND
T20140023259,Dry,Clear,Collision with vehicle,Monday,Day,100,2014/11/10,08:50:00,No,3.0,3.0,-37.70662449,148.4686662,EAST GIPPSLAND
T20140023267,Dry,Clear,Vehicle overturned (no collision),Friday,Day,30,2014/11/07,16:30:00,Yes,1.0,1.0,-37.19996877,145.7451438,MURRINDINDI
T20140023268,Dry,Clear,Collision with a fixed object,Monday,Day,100,2014/11/10,10:00:00,No,1.0,1.0,-38.38153909,145.6157541,BASS COAST
T20140023274,Dry,Clear,Struck Pedestrian,Monday,Dusk/Dawn,50,2014/10/27,17:00:00,No,2.0,1.0,-38.18823902,144.398809,GREATER GEELONG
T20140023279,Unknown,Clear,Collision with vehicle,Monday,Day,50,2014/11/10,12:00:00,No,2.0,1.0,-38.20190808,144.3313778,GREATER GEELONG
T20140023293,Dry,Clear,Collision with vehicle,Monday,Day,60,2014/11/10,18:40:00,Yes,3.0,1.0,-36.72304957,142.2049392,HORSHAM
T20140023302,Dry,Clear,Collision with a fixed object,Monday,Dark Street lights on,80,2014/11/10,22:00:00,Yes,2.0,2.0,-36.13990041,146.9515704,WODONGA
T20140023304,Dry,Clear,Collision with a fixed object,Monday,Dark No street lights,80,2014/11/10,23:45:00,Yes,1.0,1.0,-38.48036657,144.0332147,SURF COAST
T20140023311,Dry,Not known,Vehicle overturned (no collision),Tuesday,Dark No street lights,100,2014/11/11,01:00:00,Yes,2.0,2.0,-38.16287578,146.9003104,WELLINGTON
T20140023316,Dry,Clear,Collision with vehicle,Tuesday,Day,60,2014/11/11,08:45:00,No,3.0,2.0,-38.11697883,144.3487002,GREATER GEELONG
T20140023318,Dry,Clear,Collision with vehicle,Monday,Dark No street lights,100,2014/11/10,21:30:00,Yes,3.0,2.0,-38.07103503,146.8555611,WELLINGTON
T20140023324,Dry,Clear,Collision with vehicle,Tuesday,Day,50,2014/10/21,13:00:00,No,3.0,1.0,-36.7585173,144.2801042,GREATER BENDIGO
T20140023327,Dry,Clear,Collision with vehicle,Monday,Day,70,2014/10/13,16:30:00,Yes,3.0,1.0,-38.13839433,144.3543742,GREATER GEELONG
T20140023333,Dry,Clear,Collision with vehicle,Tuesday,Day,50,2014/11/11,11:00:00,No,3.0,2.0,-37.82508701,147.6234988,EAST GIPPSLAND
T20140023346,Dry,Clear,Collision with vehicle,Tuesday,Day,50,2014/11/11,13:53:00,No,2.0,2.0,-34.1819558,142.1553658,MILDURA
T20140023349,Dry,Clear,Collision with a fixed object,Tuesday,Day,100,2014/11/11,10:45:00,No,1.0,1.0,-36.43679988,142.9332497,BULOKE
T20140023364,Dry,Clear,Collision with vehicle,Tuesday,Dusk/Dawn,60,2014/11/11,19:19:00,Yes,2.0,1.0,-34.20256746,142.1313982,MILDURA
T20140023373,Dry,Clear,Vehicle overturned (no collision),Tuesday,Day,100,2014/11/11,17:10:00,No,1.0,1.0,-37.51473972,141.682457,SOUTHERN GRAMPIANS
T20140023378,Dry,Clear,Struck Pedestrian,Monday,Day,60,2014/11/10,10:40:00,No,2.0,1.0,-36.75524587,144.2740756,GREATER BENDIGO
T20140023379,Wet,Raining,Collision with a fixed object,Wednesday,Dark No street lights,100,2014/10/01,00:01:00,Yes,1.0,1.0,-38.33078512,145.9017899,BAW BAW
T20140023381,Unknown,Clear,Collision with vehicle,Thursday,Dusk/Dawn,60,2014/10/30,18:30:00,Yes,2.0,1.0,-38.12664882,144.3397688,GREATER GEELONG
T20140023394,Dry,Clear,Vehicle overturned (no collision),Sunday,Day,100,2014/11/02,14:10:00,No,1.0,1.0,-37.26213997,146.2320898,MANSFIELD
T20140023398,Dry,Clear,Collision with a fixed object,Wednesday,Dusk/Dawn,100,2014/11/12,07:55:00,No,1.0,1.0,-36.15249204,146.5621466,INDIGO
T20140023399,Dry,Clear,Collision with vehicle,Saturday,Dusk/Dawn,60,2014/10/11,18:05:00,Yes,4.0,1.0,-36.77979332,144.2502466,GREATER BENDIGO
T20140023412,Dry,Clear,Collision with vehicle,Wednesday,Day,80,2014/11/12,12:00:00,No,6.0,6.0,-37.34380965,145.2888936,MURRINDINDI
T20140023419,Dry,Not known,No collision and no object struck,Monday,Day,999,2014/11/03,15:00:00,No,1.0,1.0,-38.46712264,146.6745746,WELLINGTON
T20140023420,Dry,Clear,Collision with vehicle,Wednesday,Day,60,2014/11/12,10:41:00,No,2.0,1.0,-37.59528465,143.8411602,BALLARAT
T20140023431,Dry,Clear,Collision with vehicle,Tuesday,Day,80,2014/11/11,12:35:00,No,3.0,1.0,-37.46900689,143.6274809,BALLARAT
T20140023439,Dry,Clear,Collision with vehicle,Wednesday,Dusk/Dawn,40,2014/11/12,19:30:00,Yes,2.0,1.0,-37.55396362,143.8428322,BALLARAT
T20140023444,Dry,Clear,Collision with vehicle,Wednesday,Day,100,2014/11/12,17:55:00,No,2.0,2.0,-38.26675003,143.0740703,CORANGAMITE
T20140023445,Dry,Clear,Collision with vehicle,Wednesday,Day,100,2014/11/12,11:00:00,No,2.0,1.0,-37.06899955,146.1737501,MANSFIELD
T20140023455,Dry,Clear,Vehicle overturned (no collision),Friday,Day,40,2014/11/07,16:00:00,Yes,1.0,1.0,-37.59732901,146.162052,BAW BAW