Accident_No,Surface_Cond_Desc,Atmosph_Cond_Desc,Accident_Type_Desc,Day,Light_Condition_Desc,Speed_Zone,Accident_Date,Accident_Time,Alcohol_Influence,Total_Persons_Inv,Inj_Or_Fatal,Lat,Long,LGA
T20140023456,Dry,Clear,Vehicle overturned (no collision),Thursday,Dark No street lights,80,2014/11/13,04:10:00,Yes,1.0,1.0,-38.5253709,145.7302801,SOUTH GIPPSLAND
T20140023462,Dry,Clear,Collision with vehicle,Monday,Day,60,2014/11/10,15:40:00,No,3.0,1.0,-38.23679333,146.4231643,LATROBE
T20140023473,Dry,Clear,Collision with a fixed object,Thursday,Day,100,2014/11/13,09:15:00,No,2.0,2.0,-36.32405185,147.1592256,INDIGO
T20140023480,Dry,Clear,Vehicle overturned (no collision),Saturday,Day,999,2014/11/01,12:00:00,No,1.0,1.0,-36.75541978,145.9783685,BENALLA
T20140023482,Dry,Fog,Collision with vehicle,Thursday,Day,100,2014/11/13,08:35:00,No,2.0,1.0,-38.1664588,144.1426972,SURF COAST
T20140023494,Dry,Clear,collision with some other object,Saturday,Day,100,2014/10/18,12:30:00,No,1.0,1.0,-36.34320957,147.5004294,TOWONG
T20140023501,Dry,Clear,Vehicle overturned (no collision),Thursday,Day,100,2014/11/13,11:20:00,No,1.0,1.0,-38.16844927,143.215619,CORANGAMITE
T20140023506,Unknown,Not known,Collision with a fixed object,Thursday,Dark Street lights unknown,100,2014/09/18,00:30:00,Yes,2.0,1.0,-37.72118951,147.8469902,EAST GIPPSLAND
T20140023509,Dry,Clear,collision with some other object,Thursday,Day,100,2014/11/13,11:45:00,No,1.0,1.0,-37.7948682,146.4472591,BAW BAW
T20140023511,Dry,Not known,No collision and no object struck,Wednesday,Day,999,2014/11/12,11:00:00,No,1.0,1.0,-37.44876898,144.4154221,MOORABOOL
T20140023514,Dry,Clear,Collision with vehicle,Thursday,Day,60,2014/11/13,17:50:00,No,2.0,1.0,-37.58160894,143.8350314,BALLARAT
T20140023515,Dry,Clear,Struck Pedestrian,Thursday,Day,50,2014/11/13,16:35:00,No,1.0,1.0,-37.94789792,143.223632,CORANGAMITE
T20140023519,Unknown,Not known,Collision with a fixed object,Saturday,Day,999,2014/11/08,09:30:00,No,1.0,1.0,-37.96686881,146.0308604,BAW BAW
T20140023521,Dry,Clear,Vehicle overturned (no collision),Thursday,Day,100,2014/11/13,17:00:00,No,1.0,1.0,-34.65113907,142.6898889,SWAN HILL
T20140023524,Dry,Clear,Struck Pedestrian,Thursday,Day,60,2014/11/13,16:05:00,No,2.0,1.0,-35.33923646,143.5552723,SWAN HILL
T20140023526,Dry,Clear,Vehicle overturned (no collision),Thursday,Day,100,2014/11/13,12:57:00,No,2.0,2.0,-34.36953767,141.8153198,MILDURA
T20140023528,Dry,Clear,Vehicle overturned (no collision),Thursday,Day,100,2014/11/13,18:20:00,Yes,1.0,1.0,-36.13066494,145.62047,MOIRA
T20140023540,Dry,Clear,Collision with vehicle,Thursday,Day,100,2014/11/13,18:01:00,Yes,4.0,2.0,-38.17410822,146.4970633,LATROBE
T20140023550,Dry,Clear,Collision with a fixed object,Friday,Dusk/Dawn,100,2014/11/14,06:45:00,No,1.0,1.0,-36.87243909,144.2179765,GREATER BENDIGO
T20140023551,Dry,Clear,Struck Pedestrian,Thursday,Day,40,2014/11/13,15:10:00,No,3.0,1.0,-38.39971124,146.1508086,SOUTH GIPPSLAND
T20140023560,Dry,Clear,collision with some other object,Monday,Day,999,2014/11/03,11:30:00,No,1.0,1.0,-38.62045243,143.8132473,COLAC OTWAY
T20140023561,Dry,Clear,Collision with vehicle,Thursday,Day,60,2014/10/30,08:15:00,No,2.0,1.0,-38.17406534,144.3525317,GREATER GEELONG
T20140023565,Dry,Clear,Collision with a fixed object,Thursday,Day,100,2014/11/13,17:45:00,No,3.0,3.0,-36.81400893,144.1739019,GREATER BENDIGO
T20140023576,Dry,Clear,Collision with vehicle,Friday,Day,70,2014/11/14,12:55:00,No,4.0,4.0,-38.38053793,142.4859302,WARRNAMBOOL
T20140023582,Dry,Clear,Vehicle overturned (no collision),Friday,Day,100,2014/11/14,13:45:00,No,2.0,2.0,-38.3072871,144.3116272,SURF COAST
T20140023592,Dry,Clear,Collision with vehicle,Friday,Dusk/Dawn,999,2014/10/31,19:00:00,Yes,2.0,1.0,-38.29603716,146.5513406,LATROBE
T20140023596,Dry,Clear,Collision with vehicle,Friday,Day,100,2014/11/14,15:30:00,No,10.0,9.0,-36.39671568,145.46193,GREATER SHEPPARTON
T20140023603,Dry,Clear,Collision with a fixed object,Thursday,Day,100,2014/11/13,14:30:00,No,1.0,1.0,-38.20309028,145.7565219,BAW BAW
T20140023612,Dry,Clear,No collision and no object struck,Saturday,Day,999,2014/11/08,15:00:00,Yes,1.0,1.0,-37.51674784,146.094673,MURRINDINDI
T20140023613,Dry,Clear,Vehicle overturned (no collision),Friday,Dusk/Dawn,100,2014/11/14,19:30:00,Yes,1.0,1.0,-36.00681,142.072057,HINDMARSH
T20140023623,Dry,Clear,Collision with a fixed object,Saturday,Dark Street lights on,80,2014/11/15,01:30:00,Yes,1.0,1.0,-38.05041028,144.3778299,GREATER GEELONG
T20140023625,Dry,Clear,Collision with a fixed object,Saturday,Dark Street lights on,60,2014/11/15,04:34:00,Yes,1.0,1.0,-37.59303995,143.8314145,BALLARAT
T20140023626,Dry,Clear,Collision with a fixed object,Saturday,Dark No street lights,110,2014/11/15,03:40:00,Yes,2.0,2.0,-38.20540994,146.30195,LATROBE
T20140023648,Dry,Clear,Collision with vehicle,Saturday,Day,100,2014/11/15,10:30:00,No,4.0,1.0,-37.00513928,147.0850859,MOUNT HOTHAM ALPINE RESORT (UNINC)
T20140023652,Dry,Clear,Collision with a fixed object,Saturday,Day,100,2014/11/15,13:29:00,No,1.0,1.0,-37.09119897,145.4731294,MURRINDINDI
T20140023654,Dry,Clear,Collision with vehicle,Saturday,Day,50,2014/11/15,12:25:00,No,4.0,1.0,-38.54128346,143.9709724,SURF COAST
T20140023659,Dry,Clear,Collision with vehicle,Saturday,Day,60,2014/11/15,16:50:00,Yes,2.0,1.0,-36.7272097,144.3081694,GREATER BENDIGO
T20140023664,Dry,Clear,Collision with a fixed object,Saturday,Day,100,2014/11/15,10:20:00,No,1.0,1.0,-35.18319143,142.1969021,MILDURA
T20140023669,Dry,Clear,Collision with a fixed object,Saturday,Dark Street lights on,60,2014/11/15,20:20:00,Yes,4.0,3.0,-36.81457179,144.2314521,GREATER BENDIGO
T20140023674,Wet,Raining,Collision with vehicle,Saturday,Dark Street lights on,50,2014/11/15,22:00:00,Yes,4.0,1.0,-38.14275771,144.3599212,GREATER GEELONG
T20140023676,Dry,Clear,Struck Pedestrian,Friday,Dark No street lights,60,2014/11/14,23:40:00,Yes,4.0,1.0,-37.70336428,144.5085143,MOORABOOL
T20140023681,Wet,Clear,Collision with a fixed object,Saturday,Dark No street lights,110,2014/11/15,22:25:00,Yes,1.0,1.0,-36.92150167,144.2218339,MOUNT ALEXANDER
T20140023682,Wet,Raining,Collision with a fixed object,Saturday,Dark No street lights,999,2014/11/15,20:10:00,Yes,1.0,1.0,-38.00049064,146.0013693,BAW BAW
T20140023685,Wet,Raining,Collision with a fixed object,Sunday,Dark No street lights,100,2014/11/16,01:00:00,Yes,1.0,1.0,-36.04477673,144.5604421,CAMPASPE
T20140023695,Dry,Clear,Collision with a fixed object,Saturday,Day,100,2014/11/15,16:00:00,Yes,1.0,1.0,-37.97527928,145.7515543,BAW BAW
T20140023697,Dry,Clear,Collision with vehicle,Thursday,Day,60,2014/11/06,18:09:00,Yes,2.0,1.0,-38.09003701,144.3474257,GREATER GEELONG
T20140023701,Wet,Raining,Vehicle overturned (no collision),Sunday,Day,50,2014/11/16,09:00:00,Yes,2.0,2.0,-37.31915218,144.1357804,HEPBURN
T20140023712,Wet,Raining,Collision with vehicle,Sunday,Day,80,2014/11/16,11:30:00,No,6.0,1.0,-38.09161161,147.0662782,WELLINGTON
T20140023717,Dry,Clear,Collision with a fixed object,Sunday,Day,80,2014/11/16,12:30:00,No,3.0,1.0,-34.20169995,142.2075374,MILDURA
T20140023721,Unknown,Clear,No collision and no object struck,Sunday,Day,999,2014/11/09,10:15:00,No,1.0,1.0,-38.55031099,143.652377,COLAC OTWAY
T20140023722,Dry,Clear,Collision with vehicle,Sunday,Day,50,2014/11/16,16:15:00,Yes,2.0,1.0,-36.72671947,146.9618397,ALPINE
T20140023723,Wet,Raining,Vehicle overturned (no collision),Sunday,Dark Street lights on,50,2014/11/16,04:15:00,Yes,1.0,1.0,-38.14789318,144.3548291,GREATER GEELONG
T20140023727,Dry,Clear,Collision with vehicle,Sunday,Day,60,2014/11/16,16:55:00,Yes,4.0,4.0,-38.52043523,145.3722708,BASS COAST
T20140023750,Dry,Clear,Collision with vehicle,Monday,Dusk/Dawn,100,2014/11/17,06:00:00,Yes,5.0,4.0,-35.97051499,145.721123,MOIRA
T20140023753,Dry,Clear,Collision with vehicle,Saturday,Day,60,2014/11/08,16:00:00,Yes,3.0,1.0,-36.12990597,144.7540424,CAMPASPE
T20140023759,Muddy,Clear,No collision and no object struck,Sunday,Day,100,2014/11/16,13:00:00,No,1.0,1.0,-37.03391806,146.3432671,MANSFIELD
T20140023763,Dry,Clear,No collision and no object struck,Thursday,Day,999,2014/11/13,11:00:00,No,1.0,1.0,-36.81361666,147.9593999,EAST GIPPSLAND
T20140023764,Dry,Clear,Collision with vehicle,Monday,Day,80,2014/11/03,11:00:00,No,4.0,1.0,-38.19231947,146.5524128,LATROBE
T20140023768,Dry,Clear,Collision with vehicle,Monday,Day,50,2014/11/17,09:45:00,No,2.0,1.0,-37.57901491,143.8394994,BALLARAT
T20140023770,Dry,Clear,Collision with vehicle,Monday,Day,60,2014/11/17,09:05:00,No,2.0,1.0,-37.54872401,143.8587063,BALLARAT
T20140023777,Dry,Not known,No collision and no object struck,Saturday,Day,999,2014/11/15,12:55:00,No,1.0,1.0,-38.02718801,145.8997437,BAW BAW
T20140023778,Dry,Clear,Collision with vehicle,Thursday,Dusk/Dawn,60,2014/10/30,18:30:00,Yes,3.0,3.0,-38.15988198,144.3473362,GREATER GEELONG
T20140023781,Muddy,Raining,No collision and no object struck,Sunday,Day,999,2014/11/16,11:20:00,No,1.0,1.0,-37.01844144,146.3458057,MANSFIELD
T20140023787,Dry,Clear,Collision with vehicle,Monday,Day,100,2014/11/17,10:30:00,No,2.0,1.0,-37.80734389,143.582864,GOLDEN PLAINS
T20140023790,Dry,Clear,Collision with a fixed object,Monday,Day,100,2014/11/17,10:45:00,No,3.0,2.0,-38.35169387,142.5718092,MOYNE
T20140023796,Dry,Clear,No collision and no object struck,Friday,Day,999,2014/11/14,11:00:00,No,1.0,1.0,-36.5884464,147.3282188,TOWONG
T20140023798,Dry,Clear,Vehicle overturned (no collision),Monday,Day,100,2014/11/17,12:40:00,No,1.0,1.0,-38.09494252,144.0103593,GOLDEN PLAINS
T20140023830,Dry,Clear,Vehicle overturned (no collision),Tuesday,Dark No street lights,110,2014/11/18,02:00:00,Yes,1.0,1.0,-36.11938201,146.6609917,INDIGO
T20140023832,Dry,Clear,Collision with vehicle,Wednesday,Day,60,2014/10/01,11:37:00,No,3.0,2.0,-38.17184096,144.3129719,GREATER GEELONG
T20140023851,Dry,Not known,Collision with vehicle,Saturday,Day,60,2014/11/15,11:30:00,No,2.0,1.0,-36.7314577,144.304867,GREATER BENDIGO
T20140023852,Dry,Clear,Collision with a fixed object,Tuesday,Day,100,2014/11/18,09:40:00,No,1.0,1.0,-36.96044736,143.5080249,PYRENEES
T20140023859,Dry,Clear,Collision with a fixed object,Tuesday,Day,80,2014/11/18,10:30:00,No,1.0,1.0,-37.85481023,144.3263519,GREATER GEELONG
T20140023861,Dry,Clear,Collision with vehicle,Tuesday,Day,100,2014/11/18,11:50:00,No,2.0,1.0,-37.96677719,146.9289405,WELLINGTON
T20140023867,Dry,Clear,Collision with a fixed object,Tuesday,Day,100,2014/11/18,08:05:00,No,1.0,1.0,-36.27415044,145.3668788,GREATER SHEPPARTON
T20140023872,Unknown,Not known,No collision and no object struck,Tuesday,Day,100,2014/10/21,14:30:00,No,1.0,1.0,-37.86827371,146.6899746,WELLINGTON
T20140023873,Dry,Clear,Collision with a fixed object,Monday,Dark No street lights,100,2014/11/17,22:30:00,Yes,3.0,2.0,-37.86176698,147.5101193,EAST GIPPSLAND
T20140023879,Dry,Clear,Collision with a fixed object,Sunday,Day,999,2014/11/16,11:30:00,No,1.0,1.0,-38.70470919,146.1033077,SOUTH GIPPSLAND
T20140023889,Dry,Clear,Vehicle overturned (no collision),Tuesday,Day,100,2014/11/18,17:20:00,No,1.0,1.0,-36.7727,147.1477108,ALPINE
T20140023910,Dry,Clear,Vehicle overturned (no collision),Tuesday,Day,100,2014/11/18,09:55:00,No,1.0,1.0,-36.15361126,147.4918402,TOWONG
T20140023918,Dry,Clear,Collision with vehicle,Monday,Day,50,2014/11/17,18:15:00,Yes,2.0,1.0,-38.14673025,144.3381522,GREATER GEELONG
T20140023920,Dry,Dust,collision with some other object,Saturday,Day,999,2014/11/15,11:00:00,No,1.0,1.0,-37.53323896,146.1929694,MANSFIELD
T20140023943,Dry,Clear,Collision with vehicle,Wednesday,Day,60,2014/11/19,13:45:00,No,2.0,1.0,-38.50983425,145.2952466,BASS COAST
T20140023950,Dry,Clear,Collision with vehicle,Wednesday,Day,100,2014/11/19,11:50:00,No,2.0,2.0,-37.6720501,147.5482054,EAST GIPPSLAND
T20140023953,Dry,Clear,Collision with a fixed object,Wednesday,Day,100,2014/11/19,15:05:00,No,1.0,1.0,-38.62636092,145.7457998,BASS COAST
T20140023962,Dry,Clear,Collision with vehicle,Wednesday,Day,100,2014/11/19,15:00:00,No,3.0,3.0,-35.79324705,144.1589404,GANNAWARRA
T20140023964,Dry,Clear,Collision with vehicle,Wednesday,Day,50,2014/10/29,13:40:00,No,2.0,1.0,-38.14761906,144.3698804,GREATER GEELONG
T20140023977,Dry,Clear,Collision with a fixed object,Wednesday,Day,100,2014/11/19,11:24:00,No,2.0,2.0,-38.06571918,144.3377477,GREATER GEELONG
T20140023980,Dry,Clear,Struck Pedestrian,Monday,Day,50,2014/11/10,11:30:00,No,2.0,1.0,-37.82511396,147.6289624,EAST GIPPSLAND
T20140023987,Dry,Not known,Vehicle overturned (no collision),Sunday,Day,999,2014/09/07,11:30:00,No,1.0,1.0,-37.98101998,146.02725,BAW BAW
T20140023989,Dry,Clear,Collision with a fixed object,Friday,Day,100,2014/10/24,08:50:00,No,1.0,1.0,-38.28952051,142.8542317,CORANGAMITE
T20140023990,Dry,Clear,Collision with vehicle,Thursday,Dusk/Dawn,60,2014/11/20,07:15:00,No,2.0,1.0,-38.15157375,146.7893812,WELLINGTON
T20140023991,Dry,Clear,Collision with a fixed object,Thursday,Dusk/Dawn,80,2014/11/20,06:30:00,No,1.0,1.0,-38.22509996,144.5044096,GREATER GEELONG
T20140023998,Dry,Clear,Collision with vehicle,Thursday,Day,50,2014/11/20,08:56:00,No,2.0,1.0,-38.15810111,144.3619795,GREATER GEELONG
T20140024002,Dry,Dust,Collision with vehicle,Thursday,Dusk/Dawn,100,2014/11/20,07:20:00,No,2.0,1.0,-37.82500423,147.9695143,EAST GIPPSLAND
T20140024008,Dry,Clear,Collision with a fixed object,Thursday,Dark No street lights,100,2014/07/17,01:00:00,Yes,1.0,1.0,-36.41341486,145.5219622,GREATER SHEPPARTON
T20140024022,Dry,Clear,Collision with vehicle,Wednesday,Day,80,2014/11/19,11:35:00,No,3.0,2.0,-37.83187303,147.9835754,EAST GIPPSLAND
T20140024024,Dry,Dust,No collision and no object struck,Sunday,Day,999,2014/10/26,13:09:00,No,1.0,1.0,-37.37321616,146.06534,MANSFIELD
T20140024026,Dry,Clear,Collision with a fixed object,Thursday,Dark No street lights,100,2014/11/20,00:25:00,Yes,1.0,1.0,-37.52023048,145.7337839,MURRINDINDI
T20140024027,Dry,Clear,Collision with a fixed object,Thursday,Day,100,2014/11/20,13:35:00,No,1.0,1.0,-38.24815271,143.5228049,COLAC OTWAY
T20140024028,Unknown,Not known,Vehicle overturned (no collision),Saturday,Day,999,2014/11/15,16:44:00,Yes,3.0,1.0,-37.37769064,145.0804514,MITCHELL
T20140024030,Dry,Clear,Collision with vehicle,Thursday,Day,60,2014/11/20,12:40:00,No,1.0,1.0,-38.11056964,144.3413501,GREATER GEELONG
T20140024037,Dry,Clear,Collision with vehicle,Thursday,Day,50,2014/11/20,15:40:00,No,2.0,1.0,-38.02613247,144.3913196,GREATER GEELONG
T20140024041,Dry,Clear,Collision with vehicle,Thursday,Day,80,2014/11/20,15:15:00,No,2.0,1.0,-38.01978857,144.3688103,GREATER GEELONG
T20140024042,Dry,Clear,Collision with vehicle,Thursday,Day,60,2014/11/20,15:50:00,No,2.0,1.0,-36.94718941,144.7246043,GREATER BENDIGO
T20140024052,Dry,Clear,Collision with vehicle,Thursday,Day,60,2014/11/20,18:15:00,Yes,2.0,1.0,-34.20640016,142.1567546,MILDURA
T20140024053,Wet,Not known,No collision and no object struck,Thursday,Day,80,2014/11/20,17:45:00,No,1.0,1.0,-37.56564989,143.8169488,BALLARAT
T20140024060,Dry,Clear,Collision with vehicle,Tuesday,Day,60,2014/11/18,08:10:00,No,2.0,1.0,-38.15684527,144.3867591,GREATER GEELONG
T20140024061,Dry,Clear,Collision with vehicle,Tuesday,Dusk/Dawn,60,2014/11/18,19:30:00,Yes,2.0,1.0,-34.20185852,142.172081,MILDURA
T20140024063,Dry,Clear,Collision with vehicle,Thursday,Day,50,2014/11/20,12:10:00,No,2.0,1.0,-38.23544413,143.1441825,CORANGAMITE
T20140024064,Wet,Raining,Collision with vehicle,Thursday,Day,60,2014/11/20,16:00:00,No,3.0,1.0,-37.55873237,143.8493254,BALLARAT
T20140024069,Dry,Clear,Collision with a fixed object,Thursday,Dusk/Dawn,80,2014/11/20,19:20:00,Yes,1.0,1.0,-36.5809,145.1091018,CAMPASPE
T20140024072,Dry,Clear,Collision with vehicle,Wednesday,Day,80,2014/10/29,14:45:00,No,2.0,1.0,-38.25274123,144.369187,SURF COAST
T20140024073,Dry,Clear,Collision with a fixed object,Thursday,Dark Street lights unknown,80,2014/11/20,20:41:00,Yes,1.0,1.0,-37.06552137,146.085356,MANSFIELD
T20140024080,Wet,Raining,Collision with a fixed object,Thursday,Day,80,2014/11/20,17:15:00,No,2.0,2.0,-38.23653971,145.9226266,BAW BAW
T20140024088,Dry,Clear,Collision with a fixed object,Friday,Dark No street lights,100,2014/11/21,04:30:00,Yes,1.0,1.0,-38.41213319,145.773789,SOUTH GIPPSLAND
T20140024096,Wet,Raining,Collision with vehicle,Thursday,Day,60,2014/11/20,17:00:00,No,2.0,1.0,-37.63067759,143.8808186,BALLARAT
T20140024101,Dry,Clear,Collision with a fixed object,Friday,Day,100,2014/11/21,08:05:00,No,2.0,2.0,-38.25293983,141.6262815,GLENELG
T20140024104,Dry,Clear,Collision with vehicle,Friday,Day,80,2014/11/21,09:10:00,No,2.0,1.0,-37.37261739,143.9541679,HEPBURN
T20140024119,Wet,Raining,Collision with vehicle,Friday,Day,40,2014/11/21,09:15:00,No,2.0,1.0,-38.17990445,146.2947703,LATROBE
T20140024137,Dry,Clear,Collision with a fixed object,Sunday,Day,100,2014/11/16,16:30:00,Yes,1.0,1.0,-37.38112274,143.3732719,PYRENEES
T20140024140,Dry,Clear,Collision with a fixed object,Friday,Day,100,2014/11/21,15:00:00,No,1.0,1.0,-34.62461806,142.7496902,SWAN HILL
T20140024144,Dry,Clear,Collision with vehicle,Friday,Day,90,2014/11/21,16:50:00,Yes,6.0,1.0,-36.755786,144.2214368,GREATER BENDIGO
T20140024146,Dry,Clear,Collision with a fixed object,Friday,Day,100,2014/11/21,13:30:00,No,1.0,1.0,-37.61544816,147.189382,WELLINGTON
T20140024150,Dry,Clear,Collision with vehicle,Friday,Day,100,2014/11/21,14:05:00,No,3.0,1.0,-37.66387965,143.9170407,BALLARAT
T20140024153,Dry,Clear,Collision with vehicle,Friday,Day,60,2014/11/21,15:20:00,No,2.0,1.0,-36.37152334,146.3171279,WANGARATTA
T20140024166,Dry,Clear,Vehicle overturned (no collision),Friday,Day,999,2014/11/21,14:30:00,No,2.0,1.0,-37.04109197,146.9487588,ALPINE
T20140024167,Dry,Clear,Collision with vehicle,Friday,Day,50,2014/11/21,16:00:00,Yes,2.0,2.0,-37.53166741,143.8266605,BALLARAT
T20140024169,Dry,Clear,Collision with vehicle,Friday,Dusk/Dawn,60,2014/11/21,20:00:00,Yes,1.0,1.0,-37.06362154,142.7601891,NORTHERN GRAMPIANS
T20140024171,Dry,Clear,Collision with a fixed object,Friday,Dark No street lights,100,2014/11/21,21:57:00,Yes,1.0,1.0,-37.75575678,148.5277418,EAST GIPPSLAND
T20140024174,Dry,Clear,Vehicle overturned (no collision),Saturday,Day,60,2014/11/22,12:35:00,No,1.0,1.0,-38.32909968,144.3171677,SURF COAST
T20140024180,Dry,Clear,No collision and no object struck,Saturday,Day,100,2014/11/22,11:10:00,No,1.0,1.0,-36.41058655,146.2028306,BENALLA
T20140024182,Dry,Not known,Collision with vehicle,Saturday,Day,60,2014/11/22,11:55:00,No,8.0,2.0,-38.17964874,144.3764031,GREATER GEELONG
T20140024186,Dry,Clear,Collision with vehicle,Friday,Day,60,2014/11/21,13:55:00,No,5.0,2.0,-38.14366984,144.3534887,GREATER GEELONG
T20140024196,Dry,Clear,Collision with vehicle,Thursday,Day,60,2014/11/13,08:15:00,No,2.0,1.0,-38.15035372,144.3593165,GREATER GEELONG
T20140024198,Dry,Clear,Collision with vehicle,Saturday,Day,100,2014/11/22,13:22:00,No,7.0,1.0,-37.51273548,143.846555,BALLARAT
T20140024199,Dry,Clear,Collision with a fixed object,Saturday,Day,100,2014/11/22,12:40:00,No,1.0,1.0,-36.49435193,146.7918706,ALPINE
T20140024200,Dry,Clear,Vehicle overturned (no collision),Saturday,Day,100,2014/11/22,10:20:00,No,1.0,1.0,-34.23604999,142.0287291,MILDURA
T20140024201,Dry,Clear,Collision with a fixed object,Friday,Day,100,2014/11/21,18:00:00,Yes,2.0,2.0,-36.32621066,141.9812842,HINDMARSH
T20140024216,Dry,Clear,Collision with vehicle,Saturday,Day,80,2014/11/22,08:15:00,No,2.0,1.0,-37.64328269,143.6891577,GOLDEN PLAINS
T20140024217,Dry,Clear,No collision and no object struck,Friday,Dark Street lights on,50,2014/11/21,21:55:00,Yes,2.0,1.0,-38.18185033,146.5168836,LATROBE
T20140024225,Dry,Clear,Collision with a fixed object,Saturday,Day,100,2014/11/22,18:15:00,Yes,1.0,1.0,-36.9778,142.6587925,NORTHERN GRAMPIANS
T20140024230,Wet,Raining,Collision with vehicle,Thursday,Day,60,2014/11/20,18:00:00,Yes,3.0,1.0,-37.68621599,144.479791,MOORABOOL
T20140024241,Unknown,Clear,No collision and no object struck,Tuesday,Unknown,999,2014/11/04,17:00:00,No,1.0,1.0,-37.28016774,146.1304002,MANSFIELD
T20140024246,Wet,Raining,Collision with a fixed object,Saturday,Dark No street lights,100,2014/11/22,22:45:00,Yes,2.0,2.0,-36.46812192,145.9313791,BENALLA
T20140024252,Dry,Clear,Vehicle overturned (no collision),Friday,Day,100,2014/11/14,17:56:00,Yes,1.0,1.0,-38.34937995,141.4303008,GLENELG
T20140024255,Dry,Clear,Collision with a fixed object,Friday,Day,40,2014/10/17,15:30:00,No,1.0,1.0,-36.76159007,144.2817005,GREATER BENDIGO
T20140024272,Dry,Clear,Collision with vehicle,Saturday,Day,60,2014/11/22,15:00:00,Yes,2.0,1.0,-38.15492059,146.7837403,WELLINGTON
T20140024274,Unknown,Not known,Collision with vehicle,Sunday,Day,999,2014/11/23,09:30:00,Yes,2.0,1.0,-38.59535043,143.8015907,COLAC OTWAY
T20140024276,Dry,Clear,Collision with vehicle,Sunday,Day,80,2014/11/23,12:55:00,No,4.0,1.0,-38.02963026,144.3543407,GREATER GEELONG
T20140024278,Dry,Clear,Collision with a fixed object,Sunday,Day,50,2014/11/23,14:00:00,No,2.0,2.0,-37.62932803,143.8732603,BALLARAT
T20140024282,Dry,Clear,No collision and no object struck,Sunday,Day,100,2014/11/23,13:05:00,No,1.0,1.0,-37.09238978,145.8607811,MANSFIELD
T20140024284,Dry,Not known,Vehicle overturned (no collision),Sunday,Dark No street lights,100,2014/10/12,01:00:00,Yes,1.0,1.0,-37.44497826,143.3463317,PYRENEES
T20140024289,Dry,Clear,Vehicle overturned (no collision),Sunday,Day,100,2014/11/23,11:50:00,No,1.0,1.0,-37.69782029,148.0487592,EAST GIPPSLAND
T20140024296,Dry,Clear,Collision with a fixed object,Sunday,Day,110,2014/11/23,15:10:00,No,3.0,2.0,-37.61014855,144.2945216,MOORABOOL
T20140024303,Dry,Clear,Vehicle overturned (no collision),Sunday,Day,100,2014/11/23,17:45:00,Yes,1.0,1.0,-38.24818921,142.3907583,MOYNE
T20140024306,Dry,Clear,Collision with vehicle,Sunday,Day,100,2014/11/23,17:09:00,Yes,3.0,2.0,-37.75319355,144.4431354,MOORABOOL
T20140024311,Dry,Clear,Collision with vehicle,Sunday,Day,100,2014/11/23,18:30:00,No,2.0,2.0,-37.90466957,144.3705581,GREATER GEELONG
T20140024313,Dry,Clear,Collision with a fixed object,Sunday,Dark No street lights,100,2014/11/23,20:55:00,Yes,1.0,1.0,-38.38273077,142.624501,MOYNE
T20140024315,Dry,Clear,Collision with a fixed object,Sunday,Dark No street lights,100,2014/11/23,23:00:00,Yes,1.0,1.0,-37.86957536,147.8593978,EAST GIPPSLAND
T20140024328,Dry,Clear,Collision with a fixed object,Sunday,Dark Street lights on,80,2014/10/26,01:30:00,Yes,1.0,1.0,-36.38703345,145.380592,GREATER SHEPPARTON
T20140024340,Wet,Raining,Struck Pedestrian,Monday,Day,50,2014/11/24,11:10:00,No,2.0,1.0,-38.1520857,144.3613743,GREATER GEELONG
T20140024353,Unknown,Not known,Vehicle overturned (no collision),Saturday,Unknown,999,2014/11/22,13:00:00,No,1.0,1.0,-38.28580939,146.0523642,BAW BAW
T20140024354,Wet,Raining,Collision with vehicle,Monday,Day,100,2014/11/24,11:00:00,No,6.0,3.0,-36.15267982,147.5017501,TOWONG
T20140024363,Wet,Raining,Struck Pedestrian,Monday,Day,40,2014/11/24,15:35:00,No,2.0,1.0,-38.1586992,145.9164338,BAW BAW
T20140024365,Wet,Raining,Collision with a fixed object,Monday,Day,100,2014/11/24,14:20:00,No,2.0,2.0,-38.21826283,145.839781,BAW BAW
T20140024368,Wet,Raining,Collision with a fixed object,Thursday,Day,100,2014/11/20,14:15:00,No,2.0,1.0,-38.26280025,141.624521,GLENELG
T20140024370,Dry,Not known,Struck Pedestrian,Tuesday,Day,50,2014/11/18,16:30:00,No,2.0,1.0,-38.13663689,144.3490807,GREATER GEELONG
T20140024377,Wet,Raining,Collision with vehicle,Monday,Dusk/Dawn,80,2014/11/24,17:25:00,No,5.0,2.0,-38.2054214,146.5102708,LATROBE
T20140024383,Wet,Raining,Collision with vehicle,Monday,Day,60,2014/11/24,15:50:00,No,40.0,4.0,-36.38893722,145.4340811,GREATER SHEPPARTON
T20140024386,Dry,Clear,Collision with vehicle,Monday,Day,50,2014/11/24,17:25:00,No,3.0,2.0,-36.76301002,144.2900997,GREATER BENDIGO
T20140024387,Dry,Clear,Collision with vehicle,Monday,Day,100,2014/11/24,17:00:00,Yes,4.0,4.0,-36.54547186,143.9963586,LODDON