Accident_No,Surface_Cond_Desc,Atmosph_Cond_Desc,Accident_Type_Desc,Day,Light_Condition_Desc,Speed_Zone,Accident_Date,Accident_Time,Alcohol_Influence,Total_Persons_Inv,Inj_Or_Fatal,Lat,Long,LGA
T20140024393,Wet,Raining,Collision with a fixed object,Sunday,Day,999,2014/11/16,14:00:00,No,1.0,1.0,-37.13687205,145.173641,MITCHELL
T20140024394,Dry,Clear,No collision and no object struck,Monday,Day,50,2014/11/24,17:07:00,No,2.0,1.0,-38.17569803,144.3785789,GREATER GEELONG
T20140024396,Wet,Clear,Collision with vehicle,Monday,Dark No street lights,110,2014/11/24,21:10:00,Yes,3.0,3.0,-36.19816935,146.4623287,WANGARATTA
T20140024412,Dry,Clear,Collision with vehicle,Tuesday,Day,60,2014/11/25,08:50:00,No,2.0,1.0,-34.2186808,142.17142,MILDURA
T20140024414,Dry,Clear,Collision with vehicle,Tuesday,Day,50,2014/11/25,08:55:00,No,2.0,1.0,-36.13998978,146.8926506,WODONGA
T20140024421,Dry,Clear,Struck Pedestrian,Monday,Dusk/Dawn,50,2014/11/24,07:45:00,Yes,2.0,1.0,-37.91819449,147.7154907,EAST GIPPSLAND
T20140024428,Dry,Not known,Struck animal,Friday,Day,100,2014/10/31,09:30:00,No,1.0,1.0,-38.07276694,142.719173,MOYNE
T20140024436,Dry,Clear,Collision with vehicle,Thursday,Day,80,2014/10/30,15:17:00,No,2.0,1.0,-38.06499001,144.3813672,GREATER GEELONG
T20140024468,Dry,Clear,Collision with a fixed object,Tuesday,Day,100,2014/11/25,18:25:00,Yes,1.0,1.0,-37.06522914,145.6553889,MURRINDINDI
T20140024472,Dry,Clear,Struck animal,Tuesday,Dark No street lights,100,2014/11/25,22:00:00,Yes,1.0,1.0,-38.161974,146.8755498,WELLINGTON
T20140024482,Dry,Clear,Collision with vehicle,Tuesday,Day,70,2014/11/11,18:01:00,Yes,4.0,2.0,-38.17364618,144.4024612,GREATER GEELONG
T20140024485,Dry,Clear,Vehicle overturned (no collision),Wednesday,Dusk/Dawn,100,2014/11/26,07:25:00,No,1.0,1.0,-36.83403363,144.87549,STRATHBOGIE
T20140024489,Dry,Clear,Collision with vehicle,Wednesday,Day,80,2014/11/26,08:30:00,No,2.0,1.0,-38.6407804,145.6022243,BASS COAST
T20140024508,Dry,Clear,Struck animal,Wednesday,Dusk/Dawn,100,2014/11/26,07:30:00,No,1.0,1.0,-38.24118003,141.5234456,GLENELG
T20140024516,Wet,Raining,Collision with a fixed object,Monday,Day,100,2014/11/24,14:55:00,No,2.0,2.0,-38.72740264,146.1508625,SOUTH GIPPSLAND
T20140024517,Dry,Clear,Collision with a fixed object,Wednesday,Day,100,2014/11/26,13:15:00,No,1.0,1.0,-37.30261331,144.3306763,HEPBURN
T20140024519,Dry,Clear,Collision with vehicle,Wednesday,Day,100,2014/11/26,10:50:00,No,3.0,2.0,-35.20186742,143.3935704,SWAN HILL
T20140024523,Dry,Clear,Vehicle overturned (no collision),Wednesday,Day,60,2014/11/26,15:20:00,No,1.0,1.0,-38.16692246,145.9450296,BAW BAW
T20140024546,Dry,Clear,Collision with vehicle,Wednesday,Day,100,2014/11/26,16:50:00,No,2.0,2.0,-38.32812392,143.902929,SURF COAST
T20140024572,Dry,Clear,Struck Pedestrian,Thursday,Day,50,2014/11/27,08:15:00,No,2.0,1.0,-36.7943062,144.2411,GREATER BENDIGO
T20140024576,Dry,Clear,Collision with vehicle,Thursday,Dusk/Dawn,60,2014/11/27,07:55:00,No,2.0,1.0,-36.36343179,145.3837288,GREATER SHEPPARTON
T20140024584,Wet,Raining,Vehicle overturned (no collision),Thursday,Day,100,2014/11/27,11:30:00,No,1.0,1.0,-37.75307072,148.295769,EAST GIPPSLAND
T20140024591,Dry,Not known,No collision and no object struck,Thursday,Unknown,999,2014/11/27,12:00:00,No,1.0,1.0,-38.17976624,146.1466744,BAW BAW
T20140024592,Dry,Clear,Vehicle overturned (no collision),Saturday,Day,999,2014/11/15,09:00:00,No,1.0,1.0,-38.06634966,145.9951773,BAW BAW
T20140024599,Dry,Clear,Collision with vehicle,Wednesday,Dusk/Dawn,60,2014/11/19,18:40:00,Yes,2.0,1.0,-38.14687934,144.3552607,GREATER GEELONG
T20140024624,Dry,Clear,Collision with vehicle,Thursday,Day,50,2014/11/27,18:35:00,Yes,3.0,1.0,-37.96197262,146.9843085,WELLINGTON
T20140024627,Wet,Clear,No collision and no object struck,Saturday,Day,999,2014/11/22,09:30:00,No,1.0,1.0,-37.43473029,144.5324898,MACEDON RANGES
T20140024632,Dry,Clear,Collision with vehicle,Thursday,Day,100,2014/11/27,11:50:00,No,2.0,1.0,-38.27351739,146.487876,LATROBE
T20140024637,Dry,Clear,Collision with vehicle,Thursday,Day,100,2014/11/27,17:20:00,No,2.0,1.0,-36.06128974,146.409676,INDIGO
T20140024647,Dry,Clear,Collision with a fixed object,Friday,Dark Street lights on,60,2014/11/28,02:00:00,Yes,2.0,2.0,-38.60836968,145.5889329,BASS COAST
T20140024661,Dry,Clear,Collision with a fixed object,Friday,Day,60,2014/11/28,09:15:00,No,1.0,1.0,-34.15939029,142.1637203,MILDURA
T20140024663,Dry,Clear,Collision with a fixed object,Friday,Day,100,2014/11/28,09:20:00,No,1.0,1.0,-38.4907297,145.6171255,BASS COAST
T20140024665,Dry,Clear,Collision with a fixed object,Thursday,Day,100,2014/11/27,16:30:00,No,1.0,1.0,-38.02223268,146.3592312,BAW BAW
T20140024668,Dry,Clear,Collision with vehicle,Friday,Day,50,2014/11/28,12:10:00,No,7.0,2.0,-36.54975353,145.9826525,BENALLA
T20140024679,Unknown,Not known,Collision with a fixed object,Saturday,Dark Street lights unknown,999,2014/10/18,23:59:00,Yes,2.0,2.0,-36.37320421,145.3944681,GREATER SHEPPARTON
T20140024680,Dry,Clear,Collision with vehicle,Thursday,Day,60,2014/11/27,12:15:00,No,3.0,1.0,-37.58086751,144.1045908,MOORABOOL
T20140024686,Dry,Clear,Collision with vehicle,Friday,Day,60,2014/11/28,14:45:00,No,4.0,3.0,-36.63402435,142.6309157,YARRIAMBIACK
T20140024689,Dry,Clear,Collision with vehicle,Friday,Day,100,2014/11/28,16:10:00,Yes,2.0,2.0,-37.42503977,144.9784554,MITCHELL
T20140024698,Dry,Clear,Collision with vehicle,Friday,Day,110,2014/11/28,17:30:00,No,2.0,2.0,-36.10299976,146.8254795,WODONGA
T20140024700,Dry,Clear,Fall from or in moving vehicle,Friday,Day,100,2014/11/28,16:30:00,Yes,2.0,1.0,-36.82661244,142.3059,HORSHAM
T20140024707,Dry,Clear,Struck Pedestrian,Friday,Day,40,2014/11/28,17:15:00,Yes,2.0,1.0,-38.34543995,141.6037684,GLENELG
T20140024713,Dry,Clear,Collision with a fixed object,Friday,Day,80,2014/11/28,18:45:00,Yes,1.0,1.0,-38.48445016,144.0215695,SURF COAST
T20140024717,Dry,Clear,Collision with vehicle,Friday,Day,100,2014/11/28,17:13:00,Yes,3.0,2.0,-37.71137912,148.4579433,EAST GIPPSLAND
T20140024727,Dry,Clear,Collision with a fixed object,Saturday,Dark Street lights on,60,2014/11/29,03:15:00,Yes,1.0,1.0,-37.07067738,144.22783,MOUNT ALEXANDER
T20140024731,Dry,Clear,Collision with vehicle,Friday,Day,100,2014/11/28,13:55:00,No,3.0,1.0,-38.32947136,142.5458998,MOYNE
T20140024735,Dry,Clear,Collision with vehicle,Saturday,Day,60,2014/11/29,08:30:00,No,1.0,1.0,-37.87997176,147.980311,EAST GIPPSLAND
T20140024738,Dry,Clear,Collision with a fixed object,Saturday,Dusk/Dawn,100,2014/11/29,06:45:00,No,1.0,1.0,-36.37854217,145.31491,GREATER SHEPPARTON
T20140024746,Dry,Clear,Struck animal,Saturday,Day,100,2014/11/29,09:10:00,No,1.0,1.0,-37.52284977,143.97383,MOORABOOL
T20140024750,Dry,Clear,Collision with a fixed object,Saturday,Dusk/Dawn,100,2014/11/29,06:30:00,Yes,1.0,1.0,-36.36694187,141.5921809,HINDMARSH
T20140024752,Dry,Clear,Collision with vehicle,Saturday,Day,60,2014/11/29,12:06:00,No,2.0,1.0,-38.19515485,146.5413854,LATROBE
T20140024756,Dry,Clear,Vehicle overturned (no collision),Saturday,Day,999,2014/11/29,13:05:00,No,1.0,1.0,-36.78227015,143.2289601,NORTHERN GRAMPIANS
T20140024757,Dry,Clear,Collision with vehicle,Friday,Day,70,2014/11/28,16:48:00,Yes,2.0,1.0,-38.17523301,144.3523865,GREATER GEELONG
T20140024779,Dry,Clear,Vehicle overturned (no collision),Saturday,Dark No street lights,80,2014/11/29,20:30:00,Yes,1.0,1.0,-38.05554969,144.3422675,GREATER GEELONG
T20140024782,Dry,Clear,Collision with a fixed object,Saturday,Dusk/Dawn,100,2014/11/29,20:37:00,Yes,3.0,3.0,-36.71615834,144.0358603,LODDON
T20140024783,Dry,Clear,Collision with vehicle,Saturday,Dark Street lights on,50,2014/11/29,21:04:00,Yes,5.0,2.0,-37.56641863,143.8402461,BALLARAT
T20140024794,Dry,Clear,Vehicle overturned (no collision),Sunday,Dark No street lights,100,2014/11/30,00:45:00,Yes,2.0,2.0,-38.2351086,144.2176616,SURF COAST
T20140024800,Dry,Clear,Collision with a fixed object,Saturday,Day,100,2014/11/29,11:50:00,No,2.0,2.0,-37.98977995,146.2896928,BAW BAW
T20140024803,Dry,Clear,Collision with a fixed object,Sunday,Dusk/Dawn,80,2014/11/30,06:20:00,Yes,1.0,1.0,-37.10237913,145.6162383,MURRINDINDI
T20140024807,Unknown,Clear,Vehicle overturned (no collision),Tuesday,Dark No street lights,100,2014/11/04,04:00:00,Yes,5.0,2.0,-38.51440349,146.6383455,WELLINGTON
T20140024811,Dry,Clear,Collision with vehicle,Saturday,Day,60,2014/11/29,11:30:00,No,3.0,1.0,-36.37190937,145.4151339,GREATER SHEPPARTON
T20140024815,Dry,Clear,Collision with vehicle,Sunday,Day,100,2014/11/30,09:30:00,No,3.0,3.0,-36.29903595,144.3819766,CAMPASPE
T20140024816,Dry,Clear,Collision with vehicle,Sunday,Day,60,2014/11/30,13:30:00,No,2.0,1.0,-38.15692681,144.3703458,GREATER GEELONG
T20140024823,Dry,Clear,Collision with vehicle,Sunday,Day,70,2014/11/30,15:20:00,No,4.0,3.0,-36.71784942,144.3132363,GREATER BENDIGO
T20140024824,Dry,Clear,Collision with vehicle,Sunday,Day,100,2014/11/30,14:05:00,No,4.0,2.0,-37.34360735,144.4976393,MACEDON RANGES
T20140024826,Dry,Clear,Collision with vehicle,Sunday,Day,100,2014/11/30,14:50:00,No,8.0,4.0,-37.76501038,144.4401634,MOORABOOL
T20140024827,Dry,Clear,Collision with vehicle,Sunday,Day,60,2014/11/30,15:10:00,No,3.0,1.0,-36.71177089,142.2048887,HORSHAM
T20140024834,Dry,Clear,Collision with vehicle,Sunday,Day,50,2014/11/30,16:30:00,Yes,3.0,1.0,-38.15003749,144.3623136,GREATER GEELONG
T20140024837,Wet,Raining,Collision with a fixed object,Sunday,Day,80,2014/11/30,16:45:00,Yes,1.0,1.0,-38.16954124,145.9050797,BAW BAW
T20140024839,Dry,Clear,Collision with vehicle,Sunday,Day,60,2014/11/30,17:10:00,Yes,2.0,1.0,-38.20237129,144.3350764,GREATER GEELONG
T20140024844,Dry,Clear,Vehicle overturned (no collision),Sunday,Dusk/Dawn,100,2014/11/30,20:40:00,Yes,1.0,1.0,-36.11998948,144.8224098,CAMPASPE
T20140024864,Wet,Raining,Collision with vehicle,Monday,Day,50,2014/12/01,07:30:00,No,2.0,1.0,-38.14442934,144.3570703,GREATER GEELONG
T20140024877,Dry,Clear,Vehicle overturned (no collision),Monday,Day,100,2014/12/01,07:55:00,No,1.0,1.0,-38.11598718,146.8707086,WELLINGTON
T20140024881,Dry,Clear,Collision with vehicle,Monday,Day,70,2014/12/01,12:50:00,No,2.0,1.0,-38.15651302,144.3508938,GREATER GEELONG
T20140024886,Dry,Clear,Collision with vehicle,Monday,Day,60,2014/12/01,12:50:00,No,3.0,1.0,-36.70740763,142.1898304,HORSHAM
T20140024896,Wet,Raining,Collision with a fixed object,Monday,Day,100,2014/11/24,11:00:00,No,2.0,1.0,-37.24642822,145.1801783,MURRINDINDI
T20140024897,Dry,Clear,Collision with a fixed object,Monday,Day,50,2014/12/01,15:35:00,No,1.0,1.0,-36.70151585,142.2114099,HORSHAM
T20140024902,Dry,Clear,Vehicle overturned (no collision),Monday,Dusk/Dawn,100,2014/12/01,06:40:00,No,1.0,1.0,-37.36025003,141.3873305,WEST WIMMERA
T20140024916,Dry,Clear,Struck Pedestrian,Monday,Dusk/Dawn,50,2014/12/01,20:20:00,Yes,2.0,1.0,-36.12753466,144.7574506,CAMPASPE
T20140024925,Dry,Clear,Collision with vehicle,Monday,Day,60,2014/12/01,18:50:00,Yes,2.0,2.0,-36.37246603,145.12577,GREATER SHEPPARTON
T20140024943,Dry,Clear,Collision with vehicle,Monday,Day,50,2014/12/01,12:45:00,No,2.0,1.0,-36.71167875,142.2119155,HORSHAM
T20140024961,Dry,Clear,Collision with vehicle,Tuesday,Day,100,2014/12/02,13:10:00,No,2.0,2.0,-37.8951607,146.9915864,WELLINGTON
T20140024981,Dry,Clear,Collision with a fixed object,Tuesday,Day,60,2014/12/02,18:05:00,Yes,1.0,1.0,-36.74159995,145.5645895,STRATHBOGIE
T20140024987,Dry,Clear,Collision with vehicle,Tuesday,Day,60,2014/12/02,15:33:00,No,2.0,1.0,-38.16149036,144.3533698,GREATER GEELONG
T20140024991,Dry,Clear,Collision with a fixed object,Tuesday,Dusk/Dawn,100,2014/12/02,19:13:00,Yes,1.0,1.0,-37.38432923,144.6948535,MACEDON RANGES
T20140024993,Dry,Clear,Collision with a fixed object,Tuesday,Dusk/Dawn,100,2014/12/02,19:45:00,Yes,2.0,2.0,-37.19200881,142.5440171,NORTHERN GRAMPIANS
T20140025005,Dry,Clear,Collision with vehicle,Wednesday,Day,50,2014/12/03,08:05:00,No,2.0,1.0,-36.75548978,144.284313,GREATER BENDIGO
T20140025013,Dry,Clear,No collision and no object struck,Sunday,Day,40,2014/11/30,17:30:00,No,1.0,1.0,-36.78812,144.3023709,GREATER BENDIGO
T20140025019,Dry,Clear,Collision with vehicle,Wednesday,Day,60,2014/12/03,09:05:00,No,2.0,2.0,-36.12868053,146.8658551,WODONGA
T20140025032,Dry,Clear,Collision with vehicle,Wednesday,Unknown,80,2014/12/03,15:30:00,No,2.0,1.0,-38.26568693,144.4044212,SURF COAST
T20140025033,Dry,Clear,Collision with a fixed object,Wednesday,Day,100,2014/12/03,09:30:00,No,2.0,2.0,-37.48981955,142.849718,ARARAT
T20140025034,Dry,Clear,Collision with a fixed object,Wednesday,Day,50,2014/12/03,10:00:00,No,1.0,1.0,-37.41679981,144.6438993,MACEDON RANGES
T20140025039,Dry,Clear,Collision with vehicle,Friday,Day,60,2014/11/28,16:20:00,No,2.0,1.0,-38.2022886,144.3062974,GREATER GEELONG
T20140025042,Dry,Clear,Struck animal,Tuesday,Dusk/Dawn,100,2014/11/18,07:45:00,No,1.0,1.0,-36.23715975,146.6302082,INDIGO
T20140025049,Dry,Clear,Collision with a fixed object,Wednesday,Day,100,2014/12/03,16:15:00,No,1.0,1.0,-38.19870983,144.5471286,GREATER GEELONG
T20140025051,Dry,Clear,Collision with vehicle,Wednesday,Day,100,2014/12/03,10:55:00,No,3.0,1.0,-36.99716,146.1068133,MANSFIELD
T20140025052,Dry,Clear,Vehicle overturned (no collision),Monday,Day,999,2014/11/10,12:00:00,No,1.0,1.0,-36.49504,145.1681598,GREATER SHEPPARTON
T20140025059,Dry,Clear,Collision with vehicle,Wednesday,Day,60,2014/12/03,15:00:00,No,4.0,1.0,-37.58608984,143.8671793,BALLARAT
T20140025083,Wet,Raining,Vehicle overturned (no collision),Thursday,Dark Street lights on,50,2014/12/04,02:15:00,Yes,1.0,1.0,-38.15244197,145.9285468,BAW BAW
T20140025090,Unknown,Clear,Collision with vehicle,Thursday,Dusk/Dawn,60,2014/12/04,07:16:00,No,2.0,2.0,-36.35973051,146.3037385,WANGARATTA
T20140025095,Wet,Clear,Collision with a fixed object,Thursday,Day,100,2014/12/04,07:50:00,No,1.0,1.0,-38.21769998,145.8400639,BAW BAW
T20140025096,Dry,Clear,Collision with vehicle,Thursday,Day,50,2014/12/04,08:40:00,No,3.0,1.0,-36.74021437,144.2998549,GREATER BENDIGO
T20140025103,Dry,Clear,No collision and no object struck,Tuesday,Dark Street lights on,60,2014/11/25,23:30:00,Yes,1.0,1.0,-36.76747865,144.2757916,GREATER BENDIGO
T20140025109,Dry,Clear,Collision with vehicle,Wednesday,Dark Street lights on,60,2014/12/03,21:50:00,Yes,1.0,1.0,-37.57040967,143.8642703,BALLARAT
T20140025110,Dry,Not known,No collision and no object struck,Tuesday,Day,100,2014/12/02,13:00:00,No,1.0,1.0,-38.35048174,146.9509108,WELLINGTON
T20140025113,Dry,Clear,Collision with a fixed object,Monday,Day,100,2014/11/03,10:45:00,No,1.0,1.0,-35.7580093,142.72932,BULOKE
T20140025126,Dry,Clear,Collision with a fixed object,Sunday,Dark Street lights on,60,2014/11/30,21:46:00,Yes,1.0,1.0,-36.80086856,144.2224578,GREATER BENDIGO
T20140025139,Wet,Raining,Collision with a fixed object,Thursday,Dusk/Dawn,100,2014/11/20,19:30:00,Yes,3.0,1.0,-38.69500335,146.106009,SOUTH GIPPSLAND
T20140025164,Unknown,Clear,Vehicle overturned (no collision),Monday,Day,999,2014/12/01,12:30:00,No,1.0,1.0,-37.19961086,145.8220276,MURRINDINDI
T20140025186,Dry,Clear,Collision with a fixed object,Thursday,Dusk/Dawn,80,2014/12/04,19:00:00,Yes,1.0,1.0,-38.29533916,142.3973401,MOYNE
T20140025187,Dry,Clear,Collision with a fixed object,Monday,Day,80,2014/10/27,08:50:00,No,1.0,1.0,-37.43669605,143.4685044,PYRENEES
T20140025188,Dry,Clear,Collision with vehicle,Friday,Day,50,2014/12/05,09:00:00,No,4.0,1.0,-36.1306466,144.7492691,CAMPASPE
T20140025198,Dry,Clear,Collision with vehicle,Friday,Day,80,2014/12/05,11:15:00,No,3.0,1.0,-36.51957818,146.0645515,BENALLA
T20140025199,Dry,Clear,Struck animal,Tuesday,Dark No street lights,100,2014/12/02,03:30:00,Yes,1.0,1.0,-36.41731444,145.7101095,GREATER SHEPPARTON
T20140025217,Dry,Clear,Struck Pedestrian,Friday,Day,60,2014/12/05,08:55:00,No,2.0,2.0,-38.17742033,146.2650191,LATROBE
T20140025224,Dry,Clear,No collision and no object struck,Monday,Dusk/Dawn,100,2014/11/10,07:30:00,Yes,1.0,1.0,-35.69074,144.1403105,GANNAWARRA
T20140025227,Dry,Clear,Vehicle overturned (no collision),Wednesday,Day,100,2014/11/26,17:25:00,No,2.0,1.0,-37.96123762,147.4952875,EAST GIPPSLAND
T20140025230,Dry,Clear,Collision with a fixed object,Friday,Unknown,100,2014/12/05,12:45:00,No,1.0,1.0,-36.63408847,146.8594014,ALPINE
T20140025233,Wet,Raining,Collision with vehicle,Friday,Day,60,2014/12/05,14:30:00,No,2.0,1.0,-37.82842238,147.6191959,EAST GIPPSLAND
T20140025234,Dry,Clear,Collision with vehicle,Sunday,Day,100,2014/11/30,13:40:00,No,4.0,1.0,-37.52371855,145.80223,MURRINDINDI
T20140025245,Dry,Strong winds,Collision with vehicle,Friday,Dusk/Dawn,60,2014/12/05,20:05:00,Yes,4.0,3.0,-37.36117615,144.5272287,MACEDON RANGES
T20140025253,Dry,Clear,Collision with vehicle,Friday,Dark Street lights on,60,2014/12/05,23:20:00,Yes,3.0,1.0,-36.08838533,145.4382237,MOIRA
T20140025261,Wet,Raining,Collision with a fixed object,Saturday,Dark Street lights on,50,2014/12/06,04:25:00,Yes,1.0,1.0,-37.56674725,143.883344,BALLARAT
T20140025264,Dry,Clear,Vehicle overturned (no collision),Sunday,Day,80,2014/11/23,11:00:00,No,1.0,1.0,-38.39284849,143.9086806,SURF COAST
T20140025270,Dry,Clear,Collision with a fixed object,Wednesday,Day,60,2014/11/12,16:20:00,No,1.0,1.0,-36.31351732,145.05659,CAMPASPE
T20140025272,Dry,Clear,Collision with vehicle,Saturday,Day,70,2014/12/06,09:15:00,No,2.0,1.0,-37.55367748,143.8136903,BALLARAT
T20140025274,Dry,Clear,Collision with a fixed object,Friday,Day,40,2014/12/05,13:15:00,No,1.0,1.0,-38.25419317,142.4730093,MOYNE
T20140025280,Dry,Clear,Collision with vehicle,Saturday,Day,100,2014/12/06,11:30:00,No,2.0,1.0,-38.21080092,143.1462594,CORANGAMITE
T20140025287,Dry,Clear,Collision with a fixed object,Saturday,Day,100,2014/12/06,12:56:00,No,2.0,2.0,-36.85026999,142.6878071,NORTHERN GRAMPIANS
T20140025289,Dry,Clear,Collision with a fixed object,Saturday,Day,110,2014/12/06,16:35:00,Yes,2.0,2.0,-36.89498124,145.144164,STRATHBOGIE
T20140025294,Dry,Clear,Collision with vehicle,Saturday,Day,100,2014/12/06,15:00:00,Yes,3.0,3.0,-37.01067159,144.2455027,MOUNT ALEXANDER
T20140025324,Dry,Clear,Collision with a fixed object,Saturday,Day,100,2014/12/06,11:30:00,No,1.0,1.0,-38.28133996,145.7734099,SOUTH GIPPSLAND
T20140025331,Dry,Not known,Collision with a fixed object,Sunday,Day,100,2014/12/07,09:30:00,Yes,1.0,1.0,-36.82120574,144.60887,GREATER BENDIGO
T20140025334,Wet,Raining,Collision with vehicle,Saturday,Day,100,2014/12/06,14:00:00,Yes,2.0,1.0,-37.95624825,146.1293116,BAW BAW
T20140025335,Dry,Clear,Struck animal,Sunday,Day,80,2014/12/07,09:00:00,Yes,2.0,1.0,-36.38641023,145.3822601,GREATER SHEPPARTON
T20140025339,Dry,Clear,Vehicle overturned (no collision),Saturday,Dusk/Dawn,100,2014/12/06,19:40:00,Yes,2.0,2.0,-36.33644418,144.73181,CAMPASPE
T20140025356,Wet,Raining,Vehicle overturned (no collision),Sunday,Day,80,2014/12/07,15:50:00,No,1.0,1.0,-37.4600287,144.0864022,MOORABOOL
T20140025364,Dry,Clear,Collision with a fixed object,Sunday,Dark Street lights on,60,2014/12/07,21:25:00,Yes,1.0,1.0,-36.79832955,144.2869707,GREATER BENDIGO
T20140025365,Wet,Raining,Collision with a fixed object,Sunday,Dark No street lights,80,2014/12/07,20:50:00,Yes,2.0,1.0,-38.6507707,143.7109423,COLAC OTWAY
T20140025388,Dry,Clear,Collision with vehicle,Monday,Day,60,2014/12/08,07:12:00,No,2.0,1.0,-36.74671864,144.3099381,GREATER BENDIGO
T20140025398,Unknown,Clear,No collision and no object struck,Monday,Day,999,2014/12/08,10:30:00,No,1.0,1.0,-36.57921095,146.749986,ALPINE
T20140025399,Dry,Clear,Collision with a fixed object,Monday,Dark No street lights,100,2014/12/08,03:30:00,Yes,2.0,1.0,-36.62058822,146.8169013,ALPINE
T20140025400,Wet,Raining,Struck Pedestrian,Monday,Day,40,2014/12/08,12:00:00,No,3.0,1.0,-37.55841076,143.8465699,BALLARAT
T20140025403,Dry,Clear,Collision with vehicle,Monday,Day,80,2014/12/08,11:30:00,No,2.0,1.0,-38.18194241,144.6435828,GREATER GEELONG
T20140025409,Dry,Clear,Collision with vehicle,Monday,Dusk/Dawn,60,2014/12/08,06:55:00,No,2.0,1.0,-38.19116113,146.5339542,LATROBE
T20140025413,Dry,Not known,Collision with a fixed object,Sunday,Dusk/Dawn,60,2014/10/26,18:55:00,Yes,1.0,1.0,-38.17323087,144.3716521,GREATER GEELONG
T20140025418,Dry,Clear,Collision with a fixed object,Monday,Day,100,2014/12/08,08:25:00,No,1.0,1.0,-37.68437149,143.0951007,PYRENEES
T20140025420,Dry,Clear,Collision with vehicle,Monday,Day,100,2014/12/08,13:25:00,No,2.0,2.0,-36.01755825,146.0492117,MOIRA
T20140025425,Wet,Raining,Vehicle overturned (no collision),Wednesday,Day,999,2014/12/03,13:30:00,No,1.0,1.0,-38.47588159,146.5806229,WELLINGTON
T20140025430,Dry,Clear,No collision and no object struck,Friday,Day,999,2014/11/28,12:00:00,No,1.0,1.0,-37.49510677,144.3636283,MOORABOOL
T20140025435,Dry,Clear,Collision with vehicle,Friday,Day,60,2014/12/05,12:00:00,No,3.0,1.0,-38.33912453,144.3090539,SURF COAST
T20140025437,Dry,Clear,Collision with vehicle,Monday,Day,100,2014/12/08,16:40:00,No,3.0,1.0,-36.16969486,144.8137182,CAMPASPE
T20140025445,Dry,Clear,Collision with a fixed object,Monday,Day,60,2014/12/08,18:00:00,Yes,1.0,1.0,-38.34415996,143.5844793,COLAC OTWAY
T20140025454,Dry,Clear,Collision with vehicle,Sunday,Day,60,2014/11/30,16:30:00,Yes,5.0,2.0,-38.13193702,144.3380603,GREATER GEELONG
T20140025461,Dry,Clear,Collision with a fixed object,Friday,Dusk/Dawn,100,2014/12/05,05:00:00,Yes,1.0,1.0,-36.32337637,145.3951386,GREATER SHEPPARTON
T20140025471,Dry,Clear,Collision with vehicle,Tuesday,Day,50,2014/12/09,09:00:00,No,3.0,2.0,-36.91617306,144.7023958,GREATER BENDIGO
T20140025475,Dry,Clear,Vehicle overturned (no collision),Tuesday,Day,100,2014/12/09,08:58:00,No,1.0,1.0,-36.70666997,145.7750613,STRATHBOGIE
T20140025476,Dry,Clear,Collision with vehicle,Tuesday,Day,50,2014/12/09,10:30:00,No,2.0,1.0,-38.32473764,144.3240462,SURF COAST
T20140025478,Unknown,Clear,Vehicle overturned (no collision),Tuesday,Dusk/Dawn,100,2014/11/18,19:00:00,Yes,1.0,1.0,-38.23333362,144.2046539,SURF COAST
T20140025494,Dry,Clear,Vehicle overturned (no collision),Tuesday,Day,100,2014/12/09,10:00:00,No,1.0,1.0,-36.19365,145.3317908,MOIRA
T20140025496,Dry,Clear,Collision with a fixed object,Tuesday,Day,80,2014/12/09,10:50:00,No,3.0,3.0,-37.55098133,147.8722315,EAST GIPPSLAND
T20140025498,Dry,Clear,Vehicle overturned (no collision),Tuesday,Day,100,2014/12/09,11:10:00,No,1.0,1.0,-37.03932854,141.7296424,WEST WIMMERA
T20140025506,Dry,Clear,Collision with a fixed object,Tuesday,Day,100,2014/12/09,16:52:00,No,2.0,1.0,-37.14744982,143.7071644,CENTRAL GOLDFIELDS
T20140025515,Wet,Clear,Collision with vehicle,Monday,Day,60,2014/12/08,09:55:00,No,2.0,1.0,-38.15397658,144.3457774,GREATER GEELONG
T20140025518,Dry,Clear,Collision with vehicle,Tuesday,Day,100,2014/12/09,17:15:00,No,3.0,1.0,-38.07571968,144.3000205,GREATER GEELONG
T20140025519,Dry,Clear,Collision with vehicle,Tuesday,Day,60,2014/12/09,18:30:00,Yes,2.0,2.0,-38.09297021,144.346863,GREATER GEELONG
T20140025529,Dry,Clear,Collision with a fixed object,Tuesday,Dusk/Dawn,100,2014/12/09,19:30:00,Yes,1.0,1.0,-35.05595668,142.9726709,SWAN HILL
T20140025532,Dry,Clear,Struck Pedestrian,Wednesday,Day,60,2014/12/10,09:05:00,No,2.0,1.0,-38.47654059,145.9457606,SOUTH GIPPSLAND
T20140025536,Dry,Clear,Collision with vehicle,Wednesday,Day,50,2014/12/10,09:05:00,No,1.0,1.0,-35.91153815,145.65352,MOIRA
T20140025538,Dry,Clear,Collision with a fixed object,Wednesday,Dusk/Dawn,100,2014/12/10,05:00:00,Yes,1.0,1.0,-36.39867929,145.0335202,GREATER SHEPPARTON
T20140025548,Dry,Clear,collision with some other object,Tuesday,Day,100,2014/12/09,18:42:00,Yes,4.0,2.0,-37.85485957,147.564707,EAST GIPPSLAND
T20140025561,Dry,Clear,Collision with vehicle,Wednesday,Day,60,2014/12/10,13:15:00,No,2.0,2.0,-38.20271911,144.3378875,GREATER GEELONG
T20140025576,Dry,Clear,Collision with a fixed object,Wednesday,Day,100,2014/12/10,16:30:00,No,1.0,1.0,-36.37523305,143.5923779,LODDON
T20140025580,Dry,Clear,Collision with vehicle,Wednesday,Day,80,2014/12/10,14:30:00,No,6.0,2.0,-38.74579187,143.2586174,COLAC OTWAY
T20140025583,Dry,Clear,Collision with vehicle,Wednesday,Day,80,2014/12/10,18:36:00,Yes,2.0,1.0,-38.06502028,144.3816404,GREATER GEELONG