Accident_No,Surface_Cond_Desc,Atmosph_Cond_Desc,Accident_Type_Desc,Day,Light_Condition_Desc,Speed_Zone,Accident_Date,Accident_Time,Alcohol_Influence,Total_Persons_Inv,Inj_Or_Fatal,Lat,Long,LGA
T20140025594,Dry,Clear,Collision with a fixed object,Wednesday,Dark No street lights,100,2014/12/10,20:30:00,Yes,2.0,2.0,-37.92683992,146.9929899,WELLINGTON
T20140025595,Dry,Clear,Collision with a fixed object,Wednesday,Dusk/Dawn,999,2014/12/10,19:12:00,Yes,2.0,2.0,-37.0776519,144.2368118,MOUNT ALEXANDER
T20140025599,Unknown,Not known,collision with some other object,Friday,Day,110,2014/11/28,09:10:00,No,1.0,1.0,-37.5380128,144.6409259,MACEDON RANGES
T20140025610,Dry,Clear,No collision and no object struck,Wednesday,Day,60,2014/12/10,15:30:00,No,2.0,1.0,-38.33599147,143.5922053,COLAC OTWAY
T20140025612,Dry,Clear,Collision with vehicle,Thursday,Day,80,2014/12/11,07:50:00,No,2.0,1.0,-37.07398813,145.8529189,MANSFIELD
T20140025621,Wet,Raining,Vehicle overturned (no collision),Wednesday,Day,80,2014/12/03,18:00:00,Yes,4.0,1.0,-38.71737936,143.7122192,COLAC OTWAY
T20140025626,Dry,Clear,Struck Pedestrian,Thursday,Day,50,2014/12/11,08:20:00,No,2.0,1.0,-38.75928917,143.6691689,COLAC OTWAY
T20140025651,Dry,Clear,Collision with a fixed object,Thursday,Day,100,2014/12/11,13:45:00,No,1.0,1.0,-37.74142304,142.0715905,SOUTHERN GRAMPIANS
T20140025653,Dry,Clear,No collision and no object struck,Thursday,Day,100,2014/12/11,16:05:00,No,1.0,1.0,-37.04761206,143.8349086,CENTRAL GOLDFIELDS
T20140025655,Dry,Clear,Vehicle overturned (no collision),Friday,Day,50,2014/12/05,16:30:00,Yes,1.0,1.0,-34.18454864,142.1655655,MILDURA
T20140025667,Muddy,Not known,Vehicle overturned (no collision),Monday,Day,999,2014/11/03,14:30:00,No,2.0,2.0,-36.43087616,146.9497689,ALPINE
T20140025668,Dry,Clear,Collision with vehicle,Thursday,Dusk/Dawn,80,2014/12/11,19:15:00,Yes,2.0,1.0,-37.63037137,144.0516656,MOORABOOL
T20140025671,Dry,Clear,Collision with vehicle,Thursday,Dusk/Dawn,60,2014/12/11,19:36:00,Yes,3.0,1.0,-36.35745998,145.4022278,GREATER SHEPPARTON
T20140025672,Dry,Clear,Collision with a fixed object,Thursday,Day,100,2014/12/11,17:30:00,No,2.0,1.0,-37.66870007,142.2107306,SOUTHERN GRAMPIANS
T20140025677,Dry,Clear,Vehicle overturned (no collision),Thursday,Day,100,2014/12/11,15:30:00,No,1.0,1.0,-36.05211097,142.416668,YARRIAMBIACK
T20140025688,Dry,Clear,Collision with a fixed object,Thursday,Dusk/Dawn,100,2014/12/11,05:00:00,Yes,1.0,1.0,-37.32162989,145.04368,MITCHELL
T20140025695,Dry,Not known,Collision with vehicle,Friday,Day,60,2014/12/12,07:05:00,No,2.0,2.0,-37.5188552,143.826055,BALLARAT
T20140025711,Dry,Clear,Collision with vehicle,Friday,Day,100,2014/12/12,07:00:00,No,4.0,2.0,-36.4579994,146.4959829,WANGARATTA
T20140025730,Dry,Clear,Collision with vehicle,Friday,Day,60,2014/12/12,13:20:00,No,2.0,1.0,-38.47831067,145.9432368,SOUTH GIPPSLAND
T20140025733,Dry,Clear,Vehicle overturned (no collision),Friday,Day,100,2014/12/12,12:03:00,No,1.0,1.0,-37.79498988,147.440669,EAST GIPPSLAND
T20140025737,Dry,Not known,Collision with a fixed object,Friday,Day,100,2014/12/12,14:30:00,No,1.0,1.0,-36.62168578,143.2742207,NORTHERN GRAMPIANS
T20140025740,Dry,Clear,Collision with vehicle,Friday,Day,60,2014/12/12,15:35:00,No,4.0,1.0,-38.15865582,145.9213192,BAW BAW
T20140025741,Wet,Raining,Vehicle overturned (no collision),Thursday,Day,100,2014/12/11,16:20:00,No,3.0,2.0,-37.44007013,149.6442306,EAST GIPPSLAND
T20140025760,Dry,Clear,Collision with vehicle,Wednesday,Day,100,2014/12/10,14:05:00,No,2.0,1.0,-37.26938122,145.8300517,MURRINDINDI
T20140025767,Dry,Clear,No collision and no object struck,Friday,Day,60,2014/12/12,18:45:00,Yes,2.0,1.0,-36.13799696,146.8852804,WODONGA
T20140025768,Dry,Clear,Collision with vehicle,Friday,Dark Street lights on,50,2014/12/12,21:00:00,Yes,4.0,1.0,-36.39891811,145.3427256,GREATER SHEPPARTON
T20140025778,Dry,Clear,Struck animal,Friday,Dark No street lights,100,2014/12/12,21:50:00,Yes,1.0,1.0,-36.80144028,143.5614328,CENTRAL GOLDFIELDS
T20140025781,Dry,Clear,Collision with vehicle,Friday,Dark Street lights on,80,2014/12/12,23:30:00,Yes,6.0,3.0,-38.06889263,144.3766934,GREATER GEELONG
T20140025794,Dry,Clear,Collision with vehicle,Saturday,Dark Street lights on,50,2014/12/13,03:45:00,Yes,3.0,1.0,-38.38482497,142.4809536,WARRNAMBOOL
T20140025818,Dry,Clear,Collision with vehicle,Saturday,Day,50,2014/12/13,13:25:00,No,4.0,1.0,-36.14038521,146.8762719,WODONGA
T20140025842,Dry,Clear,Collision with vehicle,Saturday,Dusk/Dawn,50,2014/12/13,20:35:00,Yes,3.0,1.0,-34.18392974,142.1642296,MILDURA
T20140025843,Dry,Not known,No collision and no object struck,Saturday,Day,999,2014/12/13,17:00:00,Yes,1.0,1.0,-38.02416756,146.099937,BAW BAW
T20140025848,Dry,Clear,Collision with a fixed object,Saturday,Dark No street lights,80,2014/12/13,21:50:00,Yes,1.0,1.0,-38.13497135,144.6140813,GREATER GEELONG
T20140025863,Dry,Clear,Fall from or in moving vehicle,Sunday,Dark No street lights,100,2014/12/14,02:30:00,Yes,2.0,1.0,-38.21760436,142.27569,MOYNE
T20140025877,Dry,Clear,Collision with a fixed object,Sunday,Dark No street lights,100,2014/12/14,04:30:00,Yes,1.0,1.0,-36.23422869,141.4868726,HINDMARSH
T20140025882,Dry,Clear,Vehicle overturned (no collision),Sunday,Day,100,2014/12/14,11:40:00,No,3.0,2.0,-37.69380912,144.1896267,MOORABOOL
T20140025885,Unknown,Not known,Collision with vehicle,Saturday,Day,50,2014/10/04,15:40:00,Yes,2.0,1.0,-38.19739488,146.5251401,LATROBE
T20140025886,Dry,Clear,Collision with vehicle,Sunday,Day,100,2014/12/14,12:55:00,No,3.0,1.0,-38.12250053,144.3179935,GREATER GEELONG
T20140025890,Dry,Clear,Collision with vehicle,Sunday,Day,70,2014/12/14,13:55:00,No,6.0,2.0,-38.19807205,144.316732,GREATER GEELONG
T20140025892,Dry,Clear,Collision with a fixed object,Sunday,Dusk/Dawn,100,2014/12/14,06:25:00,Yes,1.0,1.0,-36.08045836,146.3016503,INDIGO
T20140025904,Dry,Clear,Collision with a fixed object,Sunday,Day,100,2014/12/14,15:30:00,No,1.0,1.0,-36.22902758,144.8712881,CAMPASPE
T20140025909,Dry,Clear,Collision with vehicle,Sunday,Day,100,2014/12/14,15:15:00,No,2.0,1.0,-36.74816864,146.4128149,WANGARATTA
T20140025915,Dry,Clear,Collision with vehicle,Tuesday,Day,60,2014/12/09,09:00:00,No,3.0,2.0,-37.06323686,142.7626175,NORTHERN GRAMPIANS
T20140025917,Dry,Clear,No collision and no object struck,Sunday,Day,50,2014/12/14,18:25:00,Yes,1.0,1.0,-36.76540993,144.2645299,GREATER BENDIGO
T20140025921,Dry,Clear,Collision with a fixed object,Sunday,Dark No street lights,80,2014/12/14,22:15:00,Yes,2.0,2.0,-38.18443569,144.4178908,GREATER GEELONG
T20140025927,Dry,Clear,Collision with vehicle,Monday,Dark No street lights,80,2014/12/15,02:15:00,Yes,2.0,2.0,-37.51030351,143.8048415,BALLARAT
T20140025929,Dry,Clear,Collision with vehicle,Sunday,Dark No street lights,110,2014/12/14,23:10:00,Yes,2.0,1.0,-37.54973169,144.0594299,MOORABOOL
T20140025932,Dry,Clear,Collision with vehicle,Saturday,Day,60,2014/12/13,16:00:00,Yes,3.0,1.0,-37.41201979,144.9794852,MITCHELL
T20140025936,Dry,Clear,No collision and no object struck,Monday,Dusk/Dawn,100,2014/12/15,06:17:00,No,1.0,1.0,-38.29295509,146.444501,LATROBE
T20140025943,Dry,Clear,Collision with vehicle,Monday,Day,100,2014/12/15,10:00:00,No,2.0,1.0,-37.63575083,144.4631325,MOORABOOL
T20140025944,Dry,Clear,Collision with a fixed object,Monday,Day,100,2014/12/15,08:30:00,No,2.0,1.0,-37.74355856,142.0896997,SOUTHERN GRAMPIANS
T20140025945,Dry,Clear,Collision with a fixed object,Monday,Day,100,2014/12/15,07:00:00,No,1.0,1.0,-37.25812101,145.8519809,MURRINDINDI
T20140025946,Dry,Clear,Collision with vehicle,Monday,Day,100,2014/12/15,09:08:00,No,3.0,3.0,-35.9844125,145.5775811,MOIRA
T20140025952,Dry,Clear,Struck Pedestrian,Thursday,Day,50,2014/12/04,16:00:00,No,2.0,1.0,-36.76353762,144.2799573,GREATER BENDIGO
T20140025957,Dry,Clear,Collision with vehicle,Wednesday,Day,60,2014/11/26,15:45:00,No,4.0,2.0,-37.54133252,143.8400044,BALLARAT
T20140025972,Dry,Clear,Collision with a fixed object,Monday,Day,100,2014/12/15,07:30:00,No,1.0,1.0,-37.11248062,146.0669321,MANSFIELD
T20140025978,Dry,Clear,No collision and no object struck,Saturday,Day,999,2014/10/11,10:00:00,No,1.0,1.0,-37.95733687,146.4097663,BAW BAW
T20140025980,Dry,Clear,Collision with vehicle,Monday,Day,110,2014/12/15,11:30:00,No,2.0,1.0,-36.10289073,146.8252554,WODONGA
T20140025983,Dry,Clear,Collision with vehicle,Saturday,Day,60,2014/12/13,13:15:00,No,2.0,1.0,-38.2054214,146.5102708,LATROBE
T20140025998,Dry,Clear,Collision with vehicle,Thursday,Dusk/Dawn,50,2014/10/30,17:00:00,No,2.0,1.0,-36.75907819,144.281548,GREATER BENDIGO
T20140026001,Dry,Clear,Collision with vehicle,Monday,Day,50,2014/12/15,17:00:00,No,5.0,1.0,-36.76529972,144.2730716,GREATER BENDIGO
T20140026011,Wet,Raining,Vehicle overturned (no collision),Monday,Dusk/Dawn,100,2014/12/15,18:25:00,Yes,1.0,1.0,-38.25782002,146.4874445,LATROBE
T20140026012,Dry,Clear,Collision with vehicle,Monday,Day,50,2014/12/15,17:45:00,No,3.0,1.0,-37.95940685,147.0840082,WELLINGTON
T20140026014,Dry,Clear,Collision with a fixed object,Monday,Day,80,2014/12/15,18:00:00,Yes,4.0,4.0,-38.74590969,143.2586845,COLAC OTWAY
T20140026015,Dry,Clear,Collision with vehicle,Sunday,Dark Street lights on,60,2014/12/14,02:00:00,Yes,1.0,1.0,-34.20355806,142.1400102,MILDURA
T20140026021,Wet,Clear,Collision with a fixed object,Tuesday,Dark No street lights,100,2014/12/16,01:15:00,Yes,1.0,1.0,-37.81806237,147.4944881,EAST GIPPSLAND
T20140026045,Dry,Clear,Collision with vehicle,Tuesday,Day,60,2014/12/16,11:23:00,No,2.0,1.0,-38.09003701,144.3474257,GREATER GEELONG
T20140026056,Dry,Clear,No collision and no object struck,Wednesday,Day,100,2014/12/03,11:00:00,No,1.0,1.0,-37.02426945,146.40717,MANSFIELD
T20140026060,Dry,Clear,Struck animal,Thursday,Dark No street lights,100,2014/10/02,04:20:00,Yes,1.0,1.0,-36.77264061,144.3563198,GREATER BENDIGO
T20140026092,Dry,Clear,Collision with vehicle,Tuesday,Day,50,2014/12/16,17:20:00,No,2.0,1.0,-36.39163312,145.3571549,GREATER SHEPPARTON
T20140026110,Dry,Clear,Collision with vehicle,Wednesday,Day,60,2014/12/17,08:45:00,No,2.0,2.0,-37.57524596,143.8450541,BALLARAT
T20140026121,Dry,Clear,Collision with vehicle,Tuesday,Day,80,2014/12/16,18:20:00,Yes,5.0,1.0,-36.34755842,145.4157883,GREATER SHEPPARTON
T20140026123,Dry,Clear,Collision with vehicle,Wednesday,Day,100,2014/12/17,11:00:00,No,5.0,4.0,-36.36470272,145.49612,GREATER SHEPPARTON
T20140026124,Dry,Clear,Vehicle overturned (no collision),Wednesday,Day,999,2014/12/17,13:00:00,No,1.0,1.0,-37.19224252,145.7889445,MURRINDINDI
T20140026152,Dry,Clear,Vehicle overturned (no collision),Saturday,Day,80,2014/12/13,11:00:00,No,1.0,1.0,-37.17317189,144.1754761,HEPBURN
T20140026159,Dry,Clear,Collision with vehicle,Wednesday,Day,100,2014/12/17,08:52:00,No,2.0,1.0,-35.53332029,143.7427296,GANNAWARRA
T20140026166,Dry,Clear,Collision with vehicle,Wednesday,Day,60,2014/12/17,17:15:00,No,3.0,1.0,-36.1309796,144.7487724,CAMPASPE
T20140026167,Dry,Clear,Collision with vehicle,Wednesday,Dusk/Dawn,50,2014/12/17,19:29:00,Yes,2.0,2.0,-38.33965565,143.5835413,COLAC OTWAY
T20140026168,Dry,Clear,Collision with vehicle,Wednesday,Day,50,2014/12/17,18:55:00,Yes,2.0,1.0,-37.56709098,143.8685017,BALLARAT
T20140026175,Muddy,Not known,Vehicle overturned (no collision),Sunday,Day,999,2014/12/07,12:35:00,No,1.0,1.0,-37.46089023,145.3256527,MURRINDINDI
T20140026189,Dry,Clear,Collision with vehicle,Wednesday,Day,100,2014/12/17,13:20:00,No,2.0,1.0,-37.46502685,143.714857,BALLARAT
T20140026208,Dry,Clear,Collision with vehicle,Thursday,Day,80,2014/12/18,10:40:00,No,2.0,1.0,-38.1899101,146.5656802,LATROBE
T20140026219,Wet,Not known,Collision with a fixed object,Sunday,Unknown,999,2014/12/07,20:00:00,Yes,1.0,1.0,-38.51126343,143.998578,SURF COAST
T20140026221,Dry,Clear,Collision with vehicle,Thursday,Day,100,2014/12/18,09:25:00,No,3.0,2.0,-38.05815687,146.6617257,LATROBE
T20140026224,Dry,Clear,Collision with vehicle,Wednesday,Day,80,2014/12/17,08:30:00,No,4.0,1.0,-38.17750179,144.4164492,GREATER GEELONG
T20140026226,Dry,Clear,Collision with a fixed object,Thursday,Day,80,2014/12/18,12:55:00,No,1.0,1.0,-37.05507609,146.0627307,MANSFIELD
T20140026232,Dry,Clear,Collision with vehicle,Thursday,Day,80,2014/12/18,12:15:00,No,3.0,2.0,-37.961857,144.1382718,GOLDEN PLAINS
T20140026246,Dry,Clear,Vehicle overturned (no collision),Thursday,Day,999,2014/12/11,11:30:00,No,1.0,1.0,-36.62579971,145.9976008,BENALLA
T20140026261,Wet,Raining,Collision with vehicle,Thursday,Day,100,2014/12/18,16:50:00,No,2.0,2.0,-37.54338152,145.6742215,MURRINDINDI
T20140026268,Wet,Raining,Vehicle overturned (no collision),Thursday,Dark No street lights,80,2014/12/18,21:15:00,Yes,1.0,1.0,-37.53831529,145.3810808,MURRINDINDI
T20140026277,Dry,Clear,Vehicle overturned (no collision),Sunday,Day,999,2014/10/05,11:00:00,No,1.0,1.0,-37.54118017,145.3402896,MURRINDINDI
T20140026280,Dry,Clear,Collision with vehicle,Thursday,Day,50,2014/12/18,14:10:00,No,2.0,1.0,-36.37883132,145.3983163,GREATER SHEPPARTON
T20140026285,Wet,Raining,Collision with vehicle,Thursday,Day,100,2014/12/18,15:15:00,No,2.0,1.0,-37.63343657,143.6703718,GOLDEN PLAINS
T20140026294,Dry,Clear,Struck Pedestrian,Sunday,Dusk/Dawn,60,2014/12/14,19:36:00,Yes,3.0,1.0,-37.20983881,145.035779,MITCHELL
T20140026304,Dry,Clear,Collision with a fixed object,Friday,Day,60,2014/12/19,10:15:00,No,1.0,1.0,-38.1823212,144.3993498,GREATER GEELONG
T20140026307,Dry,Clear,Collision with vehicle,Friday,Day,60,2014/12/19,12:00:00,No,4.0,1.0,-38.16983201,144.3482731,GREATER GEELONG
T20140026314,Dry,Clear,Collision with vehicle,Tuesday,Day,999,2014/12/16,16:15:00,No,5.0,2.0,-37.85429031,148.0409338,EAST GIPPSLAND
T20140026325,Dry,Clear,Collision with a fixed object,Monday,Day,999,2014/12/01,13:15:00,No,3.0,1.0,-36.0536159,146.4478277,INDIGO
T20140026326,Dry,Clear,Collision with vehicle,Friday,Day,100,2014/12/19,14:48:00,No,9.0,1.0,-36.66770977,144.2045599,GREATER BENDIGO
T20140026337,Dry,Clear,Collision with a fixed object,Friday,Dusk/Dawn,100,2014/12/19,19:25:00,Yes,1.0,1.0,-37.39484721,144.9394404,MITCHELL
T20140026342,Dry,Clear,Collision with vehicle,Friday,Day,60,2014/12/19,17:55:00,Yes,3.0,1.0,-38.07398914,144.3572502,GREATER GEELONG
T20140026343,Dry,Clear,Collision with vehicle,Friday,Day,100,2014/12/19,18:50:00,Yes,6.0,2.0,-38.43381863,143.5991298,COLAC OTWAY
T20140026349,Dry,Clear,Vehicle overturned (no collision),Friday,Day,100,2014/12/19,17:45:00,Yes,1.0,1.0,-36.58777987,145.9582198,BENALLA
T20140026357,Dry,Clear,Collision with a fixed object,Friday,Dark No street lights,100,2014/12/19,22:23:00,Yes,1.0,1.0,-37.987442,146.8559833,WELLINGTON
T20140026368,Dry,Clear,Collision with vehicle,Saturday,Day,50,2014/12/20,08:30:00,No,3.0,2.0,-36.13116054,144.7488166,CAMPASPE
T20140026370,Dry,Clear,Collision with a fixed object,Friday,Day,100,2014/12/19,07:30:00,No,1.0,1.0,-38.32277383,146.319276,LATROBE
T20140026380,Dry,Clear,Collision with vehicle,Saturday,Day,50,2014/12/20,08:10:00,No,3.0,1.0,-38.14819378,144.3640183,GREATER GEELONG
T20140026389,Dry,Clear,Collision with a fixed object,Wednesday,Dusk/Dawn,100,2014/10/15,17:14:00,No,1.0,1.0,-38.32002111,143.0923285,CORANGAMITE
T20140026393,Dry,Clear,Struck Pedestrian,Thursday,Day,50,2014/12/18,11:45:00,No,2.0,1.0,-37.01508,145.1463794,MITCHELL
T20140026395,Dry,Clear,Vehicle overturned (no collision),Saturday,Day,100,2014/12/20,12:15:00,No,1.0,1.0,-38.3074083,146.55563,LATROBE
T20140026396,Dry,Clear,Collision with vehicle,Saturday,Day,60,2014/12/20,14:10:00,Yes,3.0,1.0,-36.75017322,144.2834733,GREATER BENDIGO
T20140026409,Dry,Clear,Collision with a fixed object,Thursday,Day,100,2014/12/18,14:15:00,No,1.0,1.0,-36.41786994,146.6999097,WANGARATTA
T20140026436,Dry,Clear,Collision with a fixed object,Saturday,Dusk/Dawn,110,2014/12/20,06:15:00,Yes,1.0,1.0,-38.18401764,145.9941611,BAW BAW
T20140026441,Dry,Not known,Struck Pedestrian,Sunday,Dark Street lights on,50,2014/12/21,00:30:00,Yes,2.0,1.0,-38.09218235,144.3625495,GREATER GEELONG
T20140026455,Wet,Raining,Collision with a fixed object,Thursday,Day,100,2014/12/18,14:20:00,No,1.0,1.0,-38.39605868,143.0799345,CORANGAMITE
T20140026456,Dry,Clear,Collision with a fixed object,Sunday,Day,110,2014/12/21,08:01:00,Yes,1.0,1.0,-36.72783891,145.1899765,STRATHBOGIE
T20140026459,Dry,Clear,Collision with vehicle,Sunday,Day,60,2014/12/21,10:05:00,No,6.0,1.0,-37.48100948,143.8009831,BALLARAT
T20140026469,Dry,Clear,Vehicle overturned (no collision),Sunday,Day,60,2014/12/21,11:00:00,No,1.0,1.0,-37.8925292,145.9265591,BAW BAW
T20140026478,Dry,Clear,Vehicle overturned (no collision),Saturday,Day,40,2014/11/29,13:30:00,No,1.0,1.0,-37.47590902,144.2124886,MOORABOOL
T20140026481,Dry,Clear,Vehicle overturned (no collision),Sunday,Day,80,2014/12/21,14:25:00,No,2.0,1.0,-36.42411,145.4081025,GREATER SHEPPARTON
T20140026482,Dry,Clear,No collision and no object struck,Sunday,Day,100,2014/12/21,11:45:00,No,1.0,1.0,-37.3526322,146.0642571,MANSFIELD
T20140026489,Dry,Clear,Collision with vehicle,Sunday,Day,80,2014/12/21,15:16:00,No,4.0,2.0,-38.03724527,144.1738892,GOLDEN PLAINS
T20140026497,Dry,Clear,Collision with a fixed object,Sunday,Day,100,2014/12/21,16:45:00,Yes,1.0,1.0,-37.47053014,145.2396005,MURRINDINDI
T20140026499,Dry,Clear,Collision with a fixed object,Sunday,Day,100,2014/12/21,16:35:00,No,2.0,1.0,-36.60961321,145.4150201,STRATHBOGIE
T20140026508,Dry,Clear,Collision with a fixed object,Sunday,Dark Street lights on,40,2014/12/21,21:30:00,Yes,1.0,1.0,-37.29844047,144.947719,MITCHELL
T20140026509,Dry,Clear,Collision with a fixed object,Sunday,Dusk/Dawn,60,2014/12/21,20:40:00,Yes,3.0,2.0,-38.12738828,141.6131116,GLENELG
T20140026534,Dry,Clear,Collision with a fixed object,Sunday,Dark No street lights,100,2014/12/21,22:15:00,Yes,1.0,1.0,-36.60354489,145.1532418,GREATER SHEPPARTON
T20140026536,Dry,Clear,Vehicle overturned (no collision),Monday,Day,80,2014/12/22,08:15:00,No,1.0,1.0,-38.24850963,146.4358227,LATROBE
T20140026539,Dry,Clear,Collision with vehicle,Monday,Day,50,2014/12/22,10:50:00,No,2.0,2.0,-37.02616528,145.139073,MITCHELL
T20140026543,Dry,Clear,Collision with vehicle,Monday,Day,80,2014/12/22,08:45:00,No,6.0,1.0,-38.24314489,144.2781226,SURF COAST
T20140026548,Dry,Clear,Collision with vehicle,Thursday,Day,60,2014/12/18,07:45:00,No,2.0,1.0,-37.6162185,143.8424358,BALLARAT
T20140026564,Dry,Clear,Collision with a fixed object,Monday,Day,50,2014/12/22,15:50:00,No,1.0,1.0,-37.97875008,146.7907106,WELLINGTON
T20140026569,Dry,Not known,No collision and no object struck,Sunday,Day,100,2014/11/09,16:15:00,Yes,1.0,1.0,-37.90489916,144.3704762,GREATER GEELONG
T20140026576,Dry,Clear,Collision with vehicle,Monday,Day,60,2014/12/22,18:10:00,Yes,2.0,1.0,-36.72608821,142.2052452,HORSHAM
T20140026583,Dry,Clear,Collision with vehicle,Sunday,Dusk/Dawn,70,2014/12/21,05:03:00,Yes,2.0,1.0,-38.11602611,144.3303279,GREATER GEELONG
T20140026584,Dry,Clear,Collision with vehicle,Monday,Dark Street lights on,50,2014/12/22,20:43:00,Yes,5.0,2.0,-38.45232865,145.2296663,BASS COAST
T20140026585,Dry,Clear,Collision with a fixed object,Monday,Dusk/Dawn,80,2014/12/22,19:15:00,Yes,1.0,1.0,-37.5637224,143.9268261,BALLARAT
T20140026588,Dry,Clear,Collision with a fixed object,Monday,Dark No street lights,100,2014/12/22,20:50:00,Yes,1.0,1.0,-36.19130418,146.5873343,INDIGO
T20140026600,Dry,Clear,Collision with vehicle,Tuesday,Day,50,2014/12/23,08:00:00,No,2.0,1.0,-38.34986197,144.2958048,SURF COAST
T20140026603,Dry,Clear,Collision with vehicle,Tuesday,Day,80,2014/12/23,09:20:00,No,2.0,1.0,-38.46366776,145.257665,BASS COAST
T20140026605,Dry,Clear,Collision with a fixed object,Tuesday,Day,60,2014/12/23,08:50:00,No,1.0,1.0,-36.84676386,145.1406057,STRATHBOGIE
T20140026613,Dry,Clear,Collision with vehicle,Tuesday,Day,60,2014/12/23,11:20:00,No,3.0,2.0,-36.3760778,145.3484043,GREATER SHEPPARTON
T20140026621,Dry,Clear,Collision with vehicle,Tuesday,Day,100,2014/12/23,11:45:00,No,3.0,3.0,-38.47220066,145.4748071,BASS COAST
T20140026623,Dry,Clear,Struck Pedestrian,Tuesday,Day,50,2014/12/23,12:40:00,No,2.0,2.0,-36.38127794,145.4007639,GREATER SHEPPARTON
T20140026627,Wet,Raining,Collision with vehicle,Tuesday,Day,60,2014/12/23,13:30:00,No,2.0,1.0,-38.36495006,142.4595231,WARRNAMBOOL
T20140026633,Dry,Clear,Collision with vehicle,Tuesday,Day,80,2014/12/16,09:30:00,No,2.0,1.0,-38.30777861,144.3199908,SURF COAST
T20140026639,Dry,Clear,Struck Pedestrian,Tuesday,Day,70,2014/12/23,10:50:00,No,2.0,1.0,-38.38187451,142.4880103,WARRNAMBOOL
T20140026641,Dry,Clear,Vehicle overturned (no collision),Tuesday,Day,100,2014/12/23,15:00:00,No,1.0,1.0,-36.9881258,145.7353143,MANSFIELD
T20140026642,Dry,Clear,Collision with a fixed object,Tuesday,Day,100,2014/12/23,13:52:00,No,2.0,2.0,-37.50517958,149.1776453,EAST GIPPSLAND
T20140026643,Dry,Clear,Collision with vehicle,Tuesday,Day,50,2014/12/23,15:25:00,No,2.0,1.0,-36.76456988,144.2583403,GREATER BENDIGO
T20140026648,Dry,Clear,Collision with vehicle,Tuesday,Day,60,2014/12/23,18:08:00,Yes,3.0,1.0,-38.15293848,144.3723455,GREATER GEELONG
T20140026654,Dry,Clear,Vehicle overturned (no collision),Tuesday,Dusk/Dawn,40,2014/12/23,19:05:00,Yes,1.0,1.0,-34.18378679,142.1672206,MILDURA
T20140026657,Dry,Clear,Vehicle overturned (no collision),Sunday,Dark No street lights,100,2014/12/21,23:35:00,Yes,1.0,1.0,-36.90010106,146.641752,WANGARATTA
T20140026663,Dry,Clear,Collision with a fixed object,Tuesday,Day,100,2014/12/23,18:00:00,Yes,2.0,1.0,-37.20748584,145.4000522,MURRINDINDI
T20140026673,Dry,Clear,Collision with a fixed object,Tuesday,Dusk/Dawn,100,2014/12/23,20:17:00,Yes,1.0,1.0,-38.25802905,143.9438096,SURF COAST
T20140026677,Dry,Clear,Collision with a fixed object,Friday,Day,50,2014/12/19,15:30:00,No,1.0,1.0,-38.06425096,144.3792845,GREATER GEELONG
T20140026692,Unknown,Not known,Collision with a fixed object,Tuesday,Dusk/Dawn,999,2014/10/07,18:45:00,Yes,1.0,1.0,-36.68936498,144.4402014,GREATER BENDIGO
T20140026693,Dry,Clear,No collision and no object struck,Sunday,Day,999,2014/12/14,11:00:00,No,1.0,1.0,-38.0052483,146.0199392,BAW BAW
T20140026696,Dry,Clear,Collision with vehicle,Wednesday,Dusk/Dawn,110,2014/12/24,06:45:00,No,2.0,1.0,-37.58339809,144.1494519,MOORABOOL
T20140026703,Dry,Clear,Struck animal,Saturday,Day,100,2014/12/20,15:00:00,Yes,1.0,1.0,-37.87369853,141.4077554,GLENELG
T20140026726,Dry,Clear,Collision with vehicle,Sunday,Dusk/Dawn,50,2014/12/21,19:00:00,Yes,3.0,1.0,-37.82713531,147.6269396,EAST GIPPSLAND
T20140026735,Dry,Clear,Collision with a fixed object,Wednesday,Unknown,100,2014/12/24,15:40:00,No,2.0,2.0,-38.04797768,146.6911387,WELLINGTON
T20140026736,Dry,Clear,Fall from or in moving vehicle,Tuesday,Dusk/Dawn,50,2014/11/04,19:00:00,Yes,2.0,1.0,-36.13229215,146.8835461,WODONGA
T20140026739,Dry,Clear,Collision with a fixed object,Wednesday,Day,60,2014/12/24,16:40:00,No,2.0,2.0,-37.58029674,144.095108,MOORABOOL
T20140026742,Dry,Clear,Struck Pedestrian,Wednesday,Dusk/Dawn,110,2014/12/24,19:00:00,Yes,5.0,1.0,-37.50100942,144.6114219,MACEDON RANGES
T20140026743,Dry,Clear,Collision with vehicle,Wednesday,Day,90,2014/12/24,16:05:00,No,2.0,1.0,-38.24503617,144.3017107,SURF COAST
T20140026745,Dry,Clear,Collision with vehicle,Wednesday,Dusk/Dawn,100,2014/12/24,19:38:00,Yes,2.0,2.0,-38.09533127,142.0540197,MOYNE
T20140026747,Dry,Clear,Struck Pedestrian,Wednesday,Dark Street lights on,50,2014/12/24,22:20:00,Yes,2.0,1.0,-34.20216292,142.1532465,MILDURA
T20140026753,Dry,Clear,Collision with vehicle,Wednesday,Day,80,2014/12/24,13:10:00,No,3.0,1.0,-37.5637344,143.9326612,BALLARAT
T20140026761,Dry,Clear,Collision with vehicle,Thursday,Day,100,2014/12/25,10:30:00,No,2.0,1.0,-37.9991238,144.4447793,GREATER GEELONG
T20140026769,Dry,Clear,Collision with vehicle,Thursday,Day,60,2014/12/25,16:30:00,No,6.0,2.0,-36.76014149,144.2647596,GREATER BENDIGO
T20140026770,Dry,Clear,Collision with vehicle,Wednesday,Day,60,2014/12/24,14:22:00,No,1.0,1.0,-36.37683001,145.1319684,GREATER SHEPPARTON