Accident_No,Surface_Cond_Desc,Atmosph_Cond_Desc,Accident_Type_Desc,Day,Light_Condition_Desc,Speed_Zone,Accident_Date,Accident_Time,Alcohol_Influence,Total_Persons_Inv,Inj_Or_Fatal,Lat,Long,LGA
T20140026776,Dry,Not known,Vehicle overturned (no collision),Thursday,Unknown,60,2014/12/25,12:45:00,No,2.0,1.0,-37.07024427,143.3924503,PYRENEES
T20140026780,Dry,Clear,Collision with vehicle,Thursday,Dusk/Dawn,100,2014/12/25,19:30:00,Yes,4.0,4.0,-38.44755647,142.7540389,MOYNE
T20140026795,Wet,Clear,Collision with vehicle,Thursday,Day,80,2014/12/25,18:10:00,Yes,3.0,2.0,-38.76868845,143.5085516,COLAC OTWAY
T20140026797,Dry,Clear,Collision with a fixed object,Thursday,Day,100,2014/12/25,11:45:00,No,1.0,1.0,-36.49138952,147.0462638,ALPINE
T20140026817,Dry,Clear,Collision with vehicle,Friday,Day,50,2014/12/26,15:30:00,No,7.0,2.0,-36.1243574,144.7485954,CAMPASPE
T20140026824,Dry,Clear,Vehicle overturned (no collision),Friday,Day,100,2014/12/26,17:40:00,Yes,1.0,1.0,-37.54971044,143.7654999,BALLARAT
T20140026826,Dry,Clear,Vehicle overturned (no collision),Monday,Day,100,2014/11/24,18:48:00,Yes,1.0,1.0,-37.30365865,142.986531,ARARAT
T20140026831,Dry,Clear,Collision with vehicle,Friday,Dark Street lights on,50,2014/12/26,22:00:00,Yes,1.0,1.0,-36.14133,144.7349814,CAMPASPE
T20140026837,Dry,Clear,Collision with vehicle,Friday,Day,50,2014/12/26,10:20:00,No,2.0,1.0,-34.18123855,142.1474208,MILDURA
T20140026849,Dry,Clear,Collision with a fixed object,Saturday,Day,100,2014/12/27,07:35:00,Yes,1.0,1.0,-37.41911835,145.0387003,MITCHELL
T20140026854,Dry,Clear,Collision with vehicle,Saturday,Day,80,2014/12/27,08:00:00,Yes,2.0,1.0,-38.51652935,145.3429335,BASS COAST
T20140026858,Dry,Clear,Collision with vehicle,Saturday,Day,60,2014/12/27,11:15:00,No,5.0,4.0,-37.58206106,143.838941,BALLARAT
T20140026866,Dry,Clear,Struck animal,Friday,Day,100,2014/12/26,08:00:00,No,1.0,1.0,-36.29607429,147.3952665,TOWONG
T20140026870,Dry,Clear,Collision with vehicle,Saturday,Day,50,2014/12/27,14:20:00,Yes,3.0,1.0,-36.13456499,144.7512382,CAMPASPE
T20140026871,Dry,Clear,Collision with a fixed object,Saturday,Day,100,2014/12/27,10:30:00,No,1.0,1.0,-36.78218489,146.3933907,WANGARATTA
T20140026874,Dry,Clear,Collision with a fixed object,Friday,Day,100,2014/12/19,13:15:00,No,1.0,1.0,-38.22340011,143.6897605,COLAC OTWAY
T20140026875,Dry,Clear,Collision with vehicle,Saturday,Day,100,2014/12/27,12:40:00,No,5.0,5.0,-35.99062873,146.4206702,INDIGO
T20140026876,Dry,Clear,Collision with vehicle,Saturday,Day,60,2014/12/27,12:00:00,No,3.0,3.0,-38.33797068,141.6041335,GLENELG
T20140026880,Dry,Clear,Collision with a fixed object,Saturday,Day,40,2014/12/27,15:55:00,Yes,1.0,1.0,-36.26979836,146.13536,WANGARATTA
T20140026887,Dry,Clear,Vehicle overturned (no collision),Saturday,Day,50,2014/12/27,14:45:00,Yes,1.0,1.0,-38.19040472,146.255459,LATROBE
T20140026891,Dry,Clear,Collision with a fixed object,Saturday,Dusk/Dawn,100,2014/12/27,19:45:00,Yes,4.0,4.0,-36.50593,145.1681005,GREATER SHEPPARTON
T20140026898,Dry,Clear,Struck Pedestrian,Saturday,Dusk/Dawn,999,2014/12/27,20:00:00,Yes,2.0,1.0,-37.42974033,143.3823699,PYRENEES
T20140026902,Dry,Fog,Collision with a fixed object,Sunday,Dark No street lights,100,2014/12/28,03:30:00,Yes,3.0,2.0,-38.09223999,141.65673,GLENELG
T20140026907,Dry,Clear,Collision with vehicle,Sunday,Day,80,2014/12/28,10:37:00,No,3.0,1.0,-38.54530777,143.9814625,SURF COAST
T20140026920,Dry,Clear,Collision with vehicle,Sunday,Day,70,2014/12/28,12:35:00,No,3.0,2.0,-38.16039833,144.3501824,GREATER GEELONG
T20140026926,Dry,Clear,Struck animal,Sunday,Day,100,2014/12/28,12:20:00,No,1.0,1.0,-37.14414862,144.9464502,MITCHELL
T20140026927,Dry,Dust,Collision with a fixed object,Sunday,Day,80,2014/12/28,13:30:00,No,2.0,1.0,-37.12010816,146.0210422,MANSFIELD
T20140026928,Dry,Clear,Collision with a fixed object,Sunday,Day,100,2014/12/28,12:10:00,No,1.0,1.0,-37.89931831,145.97265,BAW BAW
T20140026936,Dry,Clear,Collision with vehicle,Sunday,Day,50,2014/12/28,16:45:00,Yes,2.0,1.0,-38.1706605,144.7183476,GREATER GEELONG
T20140026938,Dry,Clear,Vehicle overturned (no collision),Sunday,Day,100,2014/12/28,16:35:00,No,1.0,1.0,-37.07083649,145.3261991,MITCHELL
T20140026939,Dry,Clear,Collision with a fixed object,Sunday,Day,100,2014/12/28,16:30:00,Yes,1.0,1.0,-37.05106179,145.0484214,MITCHELL
T20140026941,Dry,Clear,Collision with a fixed object,Sunday,Dark Street lights on,50,2014/12/21,21:45:00,Yes,1.0,1.0,-36.79682189,144.2438983,GREATER BENDIGO
T20140026942,Dry,Clear,Vehicle overturned (no collision),Sunday,Day,100,2014/12/28,12:15:00,No,2.0,1.0,-37.51224523,145.7639058,MURRINDINDI
T20140026946,Dry,Clear,Collision with a fixed object,Sunday,Dusk/Dawn,100,2014/12/28,19:30:00,Yes,1.0,1.0,-37.86905426,141.4173523,GLENELG
T20140026947,Dry,Clear,Collision with vehicle,Sunday,Dark No street lights,60,2014/12/28,21:25:00,Yes,6.0,1.0,-38.17400829,144.7103869,GREATER GEELONG
T20140026951,Dry,Clear,Collision with vehicle,Sunday,Dusk/Dawn,100,2014/12/28,21:00:00,Yes,5.0,4.0,-38.30810116,143.7369705,COLAC OTWAY
T20140026953,Dry,Clear,Collision with vehicle,Sunday,Day,100,2014/12/28,18:53:00,Yes,6.0,2.0,-38.47220066,145.4748071,BASS COAST
T20140026964,Dry,Clear,Collision with a fixed object,Saturday,Day,100,2014/12/27,12:00:00,No,1.0,1.0,-38.67034111,146.2729951,SOUTH GIPPSLAND
T20140026965,Dry,Clear,Collision with vehicle,Sunday,Day,100,2014/12/28,16:50:00,Yes,2.0,1.0,-38.29952875,143.9807195,SURF COAST
T20140026969,Dry,Not known,Collision with vehicle,Friday,Day,60,2014/12/12,13:15:00,No,2.0,2.0,-38.17762113,144.3399888,GREATER GEELONG
T20140026972,Dry,Clear,Collision with a fixed object,Saturday,Day,100,2014/12/20,17:00:00,Yes,1.0,1.0,-38.70272938,143.1616118,CORANGAMITE
T20140026973,Dry,Clear,No collision and no object struck,Thursday,Dark No street lights,100,2014/11/06,01:00:00,Yes,2.0,1.0,-38.33142637,142.5862308,MOYNE
T20140026977,Dry,Clear,Vehicle overturned (no collision),Friday,Day,100,2014/12/26,11:20:00,No,2.0,1.0,-36.37137047,144.3807307,CAMPASPE
T20140026985,Dry,Clear,Collision with vehicle,Monday,Day,50,2014/12/29,13:55:00,No,3.0,1.0,-36.72732188,146.9602912,ALPINE
T20140026988,Dry,Clear,Collision with a fixed object,Monday,Day,100,2014/12/29,08:30:00,No,1.0,1.0,-36.1167288,143.9271572,LODDON
T20140026991,Dry,Not known,Collision with vehicle,Sunday,Day,50,2014/12/21,13:30:00,No,2.0,1.0,-36.80030179,144.2392701,GREATER BENDIGO
T20140026996,Wet,Raining,Vehicle overturned (no collision),Monday,Day,110,2014/12/29,14:00:00,No,1.0,1.0,-37.60298681,144.2791013,MOORABOOL
T20140026998,Wet,Raining,Collision with vehicle,Monday,Day,100,2014/12/29,14:30:00,No,5.0,3.0,-38.51353705,145.4421365,BASS COAST
T20140027003,Dry,Clear,No collision and no object struck,Saturday,Day,60,2014/12/20,12:15:00,No,1.0,1.0,-38.12050764,144.62782,GREATER GEELONG
T20140027006,Dry,Clear,collision with some other object,Monday,Day,60,2014/12/29,11:30:00,No,1.0,1.0,-37.50820655,143.9103267,BALLARAT
T20140027013,Dry,Clear,Collision with vehicle,Monday,Day,60,2014/12/29,13:00:00,No,2.0,1.0,-38.09267975,144.3659678,GREATER GEELONG
T20140027018,Dry,Clear,Vehicle overturned (no collision),Monday,Day,110,2014/12/29,15:45:00,No,2.0,1.0,-36.61758948,145.7788297,STRATHBOGIE
T20140027029,Dry,Clear,collision with some other object,Monday,Day,999,2014/12/29,14:30:00,No,1.0,1.0,-36.63962273,147.3121606,TOWONG
T20140027032,Dry,Clear,Collision with a fixed object,Monday,Dusk/Dawn,100,2014/12/29,06:10:00,No,1.0,1.0,-37.24020044,144.7378523,MACEDON RANGES
T20140027043,Dry,Clear,No collision and no object struck,Saturday,Day,80,2014/12/13,10:00:00,No,1.0,1.0,-38.17226905,145.9704579,BAW BAW
T20140027045,Dry,Not known,Collision with a fixed object,Friday,Day,60,2014/12/26,12:30:00,No,3.0,2.0,-38.48712986,143.5887597,COLAC OTWAY
T20140027046,Dry,Clear,Collision with vehicle,Tuesday,Day,80,2014/12/30,12:00:00,No,2.0,1.0,-36.12068706,144.7437971,CAMPASPE
T20140027048,Dry,Clear,Struck Pedestrian,Monday,Day,60,2014/12/22,17:41:00,No,2.0,1.0,-38.22810027,146.4325522,LATROBE
T20140027057,Dry,Clear,No collision and no object struck,Tuesday,Day,60,2014/12/30,12:00:00,No,2.0,1.0,-38.15262038,144.3724813,GREATER GEELONG
T20140027069,Wet,Raining,Collision with a fixed object,Tuesday,Day,100,2014/12/30,10:30:00,No,1.0,1.0,-38.70884009,146.0896887,SOUTH GIPPSLAND
T20140027091,Dry,Clear,Collision with vehicle,Tuesday,Dark No street lights,100,2014/12/30,23:45:00,Yes,2.0,1.0,-38.69963162,145.8473182,SOUTH GIPPSLAND
T20140027097,Muddy,Clear,Vehicle overturned (no collision),Sunday,Day,999,2014/12/28,17:15:00,Yes,1.0,1.0,-37.84085722,145.8323326,BAW BAW
T20140027120,Dry,Clear,Vehicle overturned (no collision),Wednesday,Day,100,2014/12/31,13:00:00,No,1.0,1.0,-38.49441992,145.58075,BASS COAST
T20140027124,Dry,Clear,Collision with vehicle,Tuesday,Dark No street lights,80,2014/12/30,22:30:00,Yes,2.0,1.0,-38.01543106,144.4679983,GREATER GEELONG
T20140027126,Dry,Clear,Collision with vehicle,Wednesday,Day,80,2014/12/31,13:15:00,No,4.0,3.0,-37.14696291,142.8452076,NORTHERN GRAMPIANS
T20140027133,Dry,Clear,Collision with vehicle,Wednesday,Day,60,2014/12/31,16:30:00,No,3.0,1.0,-38.07415744,144.3586475,GREATER GEELONG
T20140027134,Dry,Clear,No collision and no object struck,Friday,Day,999,2014/11/14,16:30:00,Yes,1.0,1.0,-36.71938954,147.1183263,ALPINE
T20140027142,Dry,Not known,collision with some other object,Monday,Dark No street lights,100,2014/12/29,23:11:00,Yes,2.0,1.0,-36.39015998,143.9747677,LODDON
T20150000005,Dry,Clear,Collision with a fixed object,Thursday,Dark Street lights on,50,2015/01/01,00:31:00,Yes,2.0,2.0,-38.09563165,144.347208,GREATER GEELONG
T20150000008,Dry,Clear,Collision with vehicle,Thursday,Dark No street lights,100,2015/01/01,00:10:00,Yes,2.0,2.0,-36.37231313,145.03511,GREATER SHEPPARTON
T20150000011,Dry,Clear,Vehicle overturned (no collision),Thursday,Dark No street lights,100,2015/01/01,01:15:00,Yes,1.0,1.0,-38.39672763,142.7538796,MOYNE
T20150000014,Dry,Clear,No collision and no object struck,Thursday,Day,100,2015/01/01,07:30:00,No,1.0,1.0,-35.22176583,143.4587417,SWAN HILL
T20150000021,Wet,Clear,Vehicle overturned (no collision),Thursday,Day,999,2015/01/01,11:15:00,No,1.0,1.0,-37.98464933,146.0858338,BAW BAW
T20150000022,Dry,Clear,Collision with vehicle,Wednesday,Day,999,2014/12/31,17:10:00,No,2.0,1.0,-38.04095202,146.0698409,BAW BAW
T20150000031,Dry,Clear,Vehicle overturned (no collision),Thursday,Day,100,2015/01/01,16:25:00,No,1.0,1.0,-38.25053925,146.5179082,LATROBE
T20150000035,Dry,Clear,Vehicle overturned (no collision),Thursday,Day,100,2015/01/01,18:20:00,Yes,1.0,1.0,-38.10808406,147.4733359,WELLINGTON
T20150000039,Dry,Clear,Collision with vehicle,Thursday,Dusk/Dawn,50,2015/01/01,20:00:00,Yes,10.0,5.0,-36.01501913,146.0099602,MOIRA
T20150000040,Dry,Clear,Collision with vehicle,Friday,Day,80,2014/12/05,18:55:00,Yes,3.0,2.0,-38.26131974,144.6095302,GREATER GEELONG
T20150000041,Dry,Clear,Struck animal,Thursday,Dusk/Dawn,100,2015/01/01,19:30:00,Yes,1.0,1.0,-38.42132035,143.5442808,COLAC OTWAY
T20150000042,Dry,Not known,Collision with vehicle,Thursday,Day,70,2015/01/01,12:00:00,No,2.0,1.0,-38.17062999,144.3914422,GREATER GEELONG
T20150000046,Dry,Clear,Collision with a fixed object,Wednesday,Dusk/Dawn,80,2014/12/31,20:25:00,Yes,1.0,1.0,-38.71537972,143.6673627,COLAC OTWAY
T20150000050,Dry,Clear,Struck Pedestrian,Thursday,Dark No street lights,50,2015/01/01,04:00:00,Yes,2.0,1.0,-35.97158906,144.5027304,CAMPASPE
T20150000056,Dry,Clear,Collision with a fixed object,Friday,Dark Street lights off,999,2015/01/02,03:00:00,Yes,1.0,1.0,-38.22037972,145.7982984,BAW BAW
T20150000060,Dry,Clear,Collision with vehicle,Friday,Day,60,2015/01/02,07:30:00,No,4.0,3.0,-37.34104142,144.1559614,HEPBURN
T20150000061,Dry,Clear,No collision and no object struck,Saturday,Dusk/Dawn,50,2014/12/27,19:30:00,Yes,1.0,1.0,-38.54076122,143.9689718,SURF COAST
T20150000063,Dry,Clear,Collision with vehicle,Friday,Day,60,2015/01/02,08:30:00,No,2.0,2.0,-37.73123259,142.0188735,SOUTHERN GRAMPIANS
T20150000067,Dry,Clear,Collision with vehicle,Thursday,Day,999,2015/01/01,18:10:00,Yes,2.0,1.0,-38.11077182,144.6419289,GREATER GEELONG
T20150000076,Dry,Clear,Collision with vehicle,Friday,Day,100,2015/01/02,09:55:00,No,2.0,1.0,-38.62639011,146.0138208,SOUTH GIPPSLAND
T20150000087,Dry,Clear,Collision with vehicle,Friday,Day,80,2015/01/02,15:00:00,No,6.0,4.0,-38.17005959,144.4266606,GREATER GEELONG
T20150000092,Dry,Clear,Vehicle overturned (no collision),Tuesday,Dusk/Dawn,999,2014/12/30,19:30:00,Yes,1.0,1.0,-36.78216273,146.3931496,WANGARATTA
T20150000098,Dry,Clear,Collision with a fixed object,Friday,Day,100,2015/01/02,16:15:00,Yes,1.0,1.0,-37.94760856,143.866821,GOLDEN PLAINS
T20150000102,Unknown,Not known,Collision with a fixed object,Wednesday,Dark No street lights,999,2014/12/31,00:20:00,Yes,2.0,1.0,-38.22556806,144.5863163,GREATER GEELONG
T20150000105,Dry,Clear,Collision with vehicle,Friday,Day,100,2015/01/02,17:40:00,Yes,4.0,4.0,-36.60362586,144.1288947,LODDON
T20150000106,Dry,Clear,Collision with a fixed object,Friday,Day,100,2015/01/02,16:30:00,Yes,1.0,1.0,-36.38556974,143.9755888,LODDON
T20150000114,Dry,Clear,No collision and no object struck,Friday,Dusk/Dawn,60,2015/01/02,20:05:00,Yes,1.0,1.0,-36.3957236,145.3527162,GREATER SHEPPARTON
T20150000117,Dry,Clear,Vehicle overturned (no collision),Friday,Day,80,2014/12/26,14:15:00,No,1.0,1.0,-37.22281851,145.7018248,MURRINDINDI
T20150000124,Dry,Clear,Collision with a fixed object,Friday,Dark Street lights off,50,2015/01/02,23:50:00,Yes,1.0,1.0,-38.15440517,145.9503402,BAW BAW
T20150000125,Dry,Clear,Vehicle overturned (no collision),Friday,Dark No street lights,100,2015/01/02,23:40:00,Yes,1.0,1.0,-37.01567443,145.7904994,MANSFIELD
T20150000127,Dry,Clear,Collision with a fixed object,Saturday,Dark Street lights on,50,2015/01/03,05:00:00,Yes,4.0,1.0,-38.10853338,144.3399894,GREATER GEELONG
T20150000131,Dry,Clear,Collision with vehicle,Saturday,Day,50,2015/01/03,12:10:00,No,2.0,1.0,-37.05269188,146.0912945,MANSFIELD
T20150000140,Dry,Strong winds,Collision with vehicle,Saturday,Day,100,2015/01/03,12:30:00,No,4.0,1.0,-37.5892372,143.79231,BALLARAT
T20150000143,Dry,Clear,Collision with vehicle,Saturday,Day,50,2015/01/03,12:51:00,No,2.0,2.0,-36.38088293,145.4060278,GREATER SHEPPARTON
T20150000153,Dry,Clear,Struck animal,Saturday,Day,100,2015/01/03,14:55:00,Yes,2.0,2.0,-36.94698086,146.2019122,MANSFIELD
T20150000154,Dry,Dust,Collision with a fixed object,Saturday,Day,100,2015/01/03,11:14:00,No,3.0,2.0,-38.35553045,144.0384617,SURF COAST
T20150000155,Dry,Clear,Collision with a fixed object,Saturday,Day,110,2015/01/03,15:30:00,Yes,4.0,4.0,-36.16768302,146.5877504,INDIGO
T20150000159,Wet,Raining,Collision with vehicle,Saturday,Day,60,2015/01/03,18:16:00,Yes,2.0,1.0,-37.68620097,144.4304431,MOORABOOL
T20150000160,Dry,Clear,Vehicle overturned (no collision),Saturday,Day,100,2015/01/03,18:40:00,Yes,1.0,1.0,-36.49665034,146.0194492,BENALLA
T20150000163,Wet,Raining,Collision with vehicle,Saturday,Day,50,2015/01/03,18:45:00,Yes,3.0,1.0,-37.59280479,143.8359198,BALLARAT
T20150000166,Unknown,Not known,Collision with vehicle,Saturday,Day,999,2015/01/03,10:45:00,No,4.0,1.0,-38.74550254,143.2522005,CORANGAMITE
T20150000168,Dry,Clear,Collision with vehicle,Saturday,Day,100,2015/01/03,16:47:00,Yes,6.0,1.0,-37.82276884,147.6812018,EAST GIPPSLAND
T20150000173,Dry,Clear,Collision with vehicle,Saturday,Dark No street lights,110,2015/01/03,22:20:00,Yes,3.0,2.0,-38.15600408,145.9019468,BAW BAW
T20150000175,Wet,Clear,Collision with vehicle,Sunday,Dark Street lights on,60,2015/01/04,00:20:00,Yes,1.0,1.0,-38.15414546,144.3472009,GREATER GEELONG
T20150000190,Dry,Clear,No collision and no object struck,Sunday,Day,999,2015/01/04,11:30:00,No,1.0,1.0,-38.01304223,146.0040432,BAW BAW
T20150000194,Dry,Clear,Collision with a fixed object,Sunday,Dark Street lights on,60,2014/10/05,21:20:00,Yes,1.0,1.0,-36.76321267,144.2703833,GREATER BENDIGO
T20150000196,Dry,Clear,collision with some other object,Monday,Day,999,2014/12/29,14:00:00,No,1.0,1.0,-37.40159285,145.6551021,MURRINDINDI
T20150000216,Dry,Clear,No collision and no object struck,Sunday,Day,100,2015/01/04,18:10:00,Yes,1.0,1.0,-37.42626014,144.6497099,MACEDON RANGES
T20150000223,Dry,Clear,Collision with a fixed object,Sunday,Dusk/Dawn,100,2015/01/04,20:55:00,Yes,3.0,3.0,-36.50534117,143.7459591,LODDON
T20150000234,Dry,Clear,Collision with vehicle,Monday,Dark No street lights,100,2015/01/05,01:50:00,Yes,2.0,1.0,-37.63574057,142.5643301,SOUTHERN GRAMPIANS
T20150000258,Dry,Clear,Struck animal,Saturday,Dark No street lights,100,2015/01/03,23:00:00,Yes,1.0,1.0,-36.04300009,146.4315307,INDIGO
T20150000262,Dry,Clear,Collision with vehicle,Monday,Day,100,2015/01/05,14:35:00,No,3.0,1.0,-38.38452233,142.6193199,MOYNE
T20150000265,Dry,Clear,Vehicle overturned (no collision),Wednesday,Day,60,2014/12/24,12:00:00,No,1.0,1.0,-37.38550665,145.5418379,MURRINDINDI
T20150000278,Dry,Clear,Struck animal,Sunday,Dark No street lights,100,2014/12/07,03:00:00,Yes,2.0,1.0,-36.32853922,146.4647298,WANGARATTA
T20150000281,Dry,Clear,Collision with vehicle,Tuesday,Dark Street lights on,50,2015/01/06,00:15:00,Yes,1.0,1.0,-37.56671979,143.8583483,BALLARAT
T20150000283,Dry,Clear,No collision and no object struck,Monday,Day,100,2015/01/05,17:00:00,No,1.0,1.0,-37.52828066,147.1207111,WELLINGTON
T20150000285,Dry,Clear,Vehicle overturned (no collision),Sunday,Day,100,2014/10/19,13:00:00,No,1.0,1.0,-37.34218831,144.1652903,HEPBURN
T20150000288,Dry,Clear,Collision with vehicle,Monday,Day,60,2015/01/05,11:14:00,No,2.0,1.0,-37.82566021,147.6391926,EAST GIPPSLAND
T20150000293,Dry,Clear,Collision with a fixed object,Wednesday,Day,110,2014/12/17,14:30:00,No,2.0,2.0,-38.18956779,146.2213389,BAW BAW
T20150000303,Dry,Clear,Collision with vehicle,Tuesday,Day,60,2015/01/06,07:00:00,No,2.0,1.0,-36.36839402,145.4158081,GREATER SHEPPARTON
T20150000307,Dry,Clear,collision with some other object,Saturday,Day,100,2014/10/25,16:00:00,Yes,1.0,1.0,-37.51822461,145.9686309,MURRINDINDI
T20150000308,Dry,Clear,Collision with vehicle,Monday,Day,60,2015/01/05,14:15:00,No,7.0,3.0,-38.14813503,144.3349633,GREATER GEELONG
T20150000319,Dry,Dust,Collision with vehicle,Friday,Day,999,2014/12/26,14:30:00,No,2.0,2.0,-37.14221057,145.1792378,MITCHELL
T20150000325,Dry,Clear,Collision with a fixed object,Tuesday,Day,100,2015/01/06,13:15:00,No,1.0,1.0,-35.94469,145.1089118,MOIRA
T20150000331,Dry,Clear,Collision with vehicle,Tuesday,Day,110,2015/01/06,14:50:00,No,5.0,3.0,-36.1025917,146.8255651,WODONGA
T20150000344,Dry,Clear,Collision with vehicle,Tuesday,Day,80,2015/01/06,19:07:00,Yes,9.0,1.0,-36.85711918,144.2247582,GREATER BENDIGO
T20150000349,Dry,Clear,Collision with a fixed object,Tuesday,Dark No street lights,100,2015/01/06,21:15:00,Yes,2.0,1.0,-37.41675928,143.3339666,PYRENEES
T20150000351,Dry,Clear,Collision with a fixed object,Tuesday,Dark Street lights on,60,2015/01/06,21:30:00,Yes,1.0,1.0,-37.73994888,142.0181726,SOUTHERN GRAMPIANS
T20150000352,Dry,Clear,Collision with vehicle,Tuesday,Day,100,2015/01/06,18:25:00,Yes,2.0,1.0,-38.03729707,144.417407,GREATER GEELONG
T20150000361,Dry,Clear,Collision with vehicle,Wednesday,Day,80,2015/01/07,07:55:00,No,2.0,1.0,-36.40176102,145.4799814,GREATER SHEPPARTON
T20150000363,Dry,Clear,Struck Pedestrian,Tuesday,Day,50,2015/01/06,11:05:00,No,2.0,1.0,-38.38709011,142.4988398,WARRNAMBOOL
T20150000365,Dry,Clear,Collision with a fixed object,Wednesday,Day,100,2015/01/07,07:45:00,No,1.0,1.0,-37.88770865,146.9426,WELLINGTON
T20150000366,Dry,Clear,collision with some other object,Monday,Day,999,2014/12/22,11:00:00,No,1.0,1.0,-38.05020915,146.0752854,BAW BAW
T20150000368,Dry,Clear,Collision with a fixed object,Monday,Dusk/Dawn,100,2014/12/29,18:15:00,Yes,1.0,1.0,-36.79581961,146.4300018,WANGARATTA
T20150000376,Dry,Not known,Collision with vehicle,Monday,Day,60,2015/01/05,15:00:00,No,2.0,1.0,-34.23141728,142.1658857,MILDURA
T20150000383,Dry,Clear,Collision with vehicle,Wednesday,Day,60,2015/01/07,11:58:00,No,6.0,3.0,-38.15293848,144.3723455,GREATER GEELONG
T20150000386,Dry,Clear,Collision with vehicle,Wednesday,Day,70,2015/01/07,13:00:00,No,4.0,1.0,-38.15577062,144.351041,GREATER GEELONG
T20150000392,Dry,Clear,Collision with vehicle,Wednesday,Day,100,2015/01/07,12:05:00,No,5.0,5.0,-37.20151017,145.4662602,MURRINDINDI
T20150000397,Dry,Clear,Vehicle overturned (no collision),Wednesday,Day,100,2015/01/07,09:40:00,No,1.0,1.0,-38.77491324,143.6125294,COLAC OTWAY
T20150000406,Wet,Raining,collision with some other object,Wednesday,Day,100,2015/01/07,17:05:00,No,1.0,1.0,-36.79084137,145.0881726,STRATHBOGIE
T20150000414,Dry,Clear,Collision with a fixed object,Wednesday,Day,100,2015/01/07,19:10:00,Yes,1.0,1.0,-38.3848644,142.58719,WARRNAMBOOL
T20150000415,Wet,Raining,Collision with vehicle,Wednesday,Dusk/Dawn,50,2015/01/07,19:00:00,Yes,2.0,1.0,-38.1273845,144.3500146,GREATER GEELONG
T20150000416,Dry,Clear,Collision with vehicle,Wednesday,Day,60,2015/01/07,15:20:00,No,2.0,1.0,-38.34408852,143.5798003,COLAC OTWAY
T20150000424,Wet,Clear,Collision with vehicle,Wednesday,Dark Street lights on,50,2015/01/07,21:26:00,Yes,1.0,1.0,-38.17086273,144.3024554,GREATER GEELONG
T20150000434,Dry,Clear,Collision with vehicle,Thursday,Day,60,2014/08/21,16:30:00,No,2.0,1.0,-36.11882446,146.8759237,WODONGA
T20150000435,Dry,Clear,Collision with a fixed object,Tuesday,Unknown,100,2014/12/16,08:00:00,No,1.0,1.0,-36.28401534,145.07905,CAMPASPE
T20150000441,Wet,Raining,Collision with vehicle,Wednesday,Dark No street lights,100,2015/01/07,20:10:00,Yes,2.0,1.0,-38.18459006,144.6430706,GREATER GEELONG
T20150000443,Dry,Clear,collision with some other object,Wednesday,Day,999,2014/12/31,14:00:00,No,1.0,1.0,-37.32131299,147.213233,WELLINGTON
T20150000449,Wet,Raining,Collision with vehicle,Thursday,Day,100,2015/01/08,09:30:00,No,3.0,1.0,-38.26833071,141.6219439,GLENELG
T20150000450,Dry,Clear,Collision with vehicle,Thursday,Day,50,2015/01/08,13:00:00,No,2.0,1.0,-38.2750102,144.4929097,GREATER GEELONG
T20150000458,Dry,Clear,Collision with a fixed object,Thursday,Day,100,2015/01/08,14:52:00,No,1.0,1.0,-37.70418337,148.4907592,EAST GIPPSLAND
T20150000466,Wet,Raining,Collision with vehicle,Thursday,Day,80,2015/01/08,13:40:00,No,4.0,2.0,-38.0512837,144.3850093,GREATER GEELONG
T20150000468,Dry,Clear,Vehicle overturned (no collision),Thursday,Day,100,2015/01/08,15:20:00,No,2.0,1.0,-37.01523733,144.8215857,MITCHELL
T20150000477,Wet,Raining,Collision with vehicle,Thursday,Day,100,2015/01/08,14:25:00,No,3.0,1.0,-36.05870058,146.4284893,INDIGO
T20150000483,Dry,Clear,Collision with vehicle,Thursday,Day,100,2015/01/08,14:45:00,No,4.0,1.0,-38.07939764,144.2374411,GOLDEN PLAINS
T20150000493,Dry,Clear,Collision with vehicle,Thursday,Day,100,2015/01/08,16:00:00,No,8.0,6.0,-37.33913019,143.10788,ARARAT
T20150000497,Dry,Clear,Collision with a fixed object,Thursday,Day,100,2015/01/08,18:45:00,Yes,2.0,1.0,-37.74412108,148.5145483,EAST GIPPSLAND
T20150000511,Wet,Raining,Collision with a fixed object,Friday,Day,70,2015/01/09,09:45:00,No,2.0,2.0,-37.56108276,143.874926,BALLARAT
T20150000525,Dry,Dust,collision with some other object,Thursday,Day,999,2015/01/01,16:00:00,No,1.0,1.0,-37.91142991,146.6176478,WELLINGTON
T20150000532,Wet,Raining,Collision with a fixed object,Friday,Day,80,2015/01/09,10:30:00,No,1.0,1.0,-37.87450923,144.2524006,GREATER GEELONG
T20150000552,Dry,Clear,Collision with a fixed object,Friday,Day,80,2015/01/02,08:15:00,No,1.0,1.0,-38.10388426,147.0251289,WELLINGTON
T20150000555,Dry,Clear,No collision and no object struck,Sunday,Day,100,2014/12/28,14:00:00,No,1.0,1.0,-37.32215385,145.3018686,MURRINDINDI
T20150000557,Dry,Clear,Collision with vehicle,Tuesday,Day,60,2014/12/16,08:30:00,No,4.0,3.0,-38.19566945,144.3424078,GREATER GEELONG
T20150000560,Dry,Clear,Collision with vehicle,Friday,Day,100,2015/01/09,15:15:00,No,2.0,1.0,-38.20161332,146.4219286,LATROBE
T20150000571,Dry,Clear,No collision and no object struck,Wednesday,Dark No street lights,60,2014/11/26,22:30:00,Yes,1.0,1.0,-36.79002708,144.261146,GREATER BENDIGO