Accident_No,Surface_Cond_Desc,Atmosph_Cond_Desc,Accident_Type_Desc,Day,Light_Condition_Desc,Speed_Zone,Accident_Date,Accident_Time,Alcohol_Influence,Total_Persons_Inv,Inj_Or_Fatal,Lat,Long,LGA
T20150000575,Dry,Clear,Collision with a fixed object,Sunday,Day,100,2014/08/24,10:10:00,No,1.0,1.0,-37.03834943,144.9555175,MITCHELL
T20150000580,Dry,Clear,Collision with vehicle,Friday,Day,100,2015/01/09,16:45:00,Yes,3.0,3.0,-36.80284976,144.1601123,GREATER BENDIGO
T20150000586,Unknown,Not known,Vehicle overturned (no collision),Sunday,Unknown,100,2014/12/28,01:00:00,Yes,1.0,1.0,-37.06663089,145.1895588,MITCHELL
T20150000590,Wet,Raining,Collision with a fixed object,Friday,Dusk/Dawn,100,2015/01/09,18:30:00,Yes,1.0,1.0,-38.50012885,145.4614686,BASS COAST
T20150000596,Wet,Raining,Collision with a fixed object,Friday,Day,100,2015/01/09,18:05:00,Yes,3.0,2.0,-37.28527213,144.7748489,MACEDON RANGES
T20150000605,Dry,Clear,Collision with vehicle,Tuesday,Dark No street lights,100,2015/01/06,21:20:00,Yes,3.0,2.0,-36.81011419,144.2035993,GREATER BENDIGO
T20150000606,Dry,Clear,collision with some other object,Wednesday,Day,100,2015/01/07,09:45:00,No,2.0,2.0,-38.41029363,146.1150749,SOUTH GIPPSLAND
T20150000616,Wet,Clear,Collision with a fixed object,Saturday,Dark Street lights unknown,60,2015/01/10,02:27:00,Yes,4.0,2.0,-37.55853059,143.8615832,BALLARAT
T20150000617,Dry,Clear,Struck Pedestrian,Saturday,Day,999,2015/01/10,12:15:00,No,2.0,1.0,-37.56419901,143.8611875,BALLARAT
T20150000637,Wet,Raining,Vehicle overturned (no collision),Saturday,Day,100,2015/01/10,11:45:00,No,1.0,1.0,-37.37185216,146.1873379,MANSFIELD
T20150000639,Dry,Clear,Collision with vehicle,Saturday,Day,60,2015/01/10,13:05:00,No,5.0,1.0,-37.54016433,143.8313118,BALLARAT
T20150000640,Dry,Clear,No collision and no object struck,Saturday,Day,100,2015/01/10,11:20:00,No,1.0,1.0,-37.81903949,147.8223901,EAST GIPPSLAND
T20150000646,Dry,Clear,Struck Pedestrian,Thursday,Dark Street lights unknown,50,2015/01/08,21:20:00,Yes,2.0,1.0,-38.17011019,144.3479803,GREATER GEELONG
T20150000654,Dry,Clear,Collision with a fixed object,Saturday,Dusk/Dawn,50,2015/01/10,20:03:00,Yes,1.0,1.0,-37.21475146,145.0394724,MITCHELL
T20150000655,Dry,Clear,Struck animal,Saturday,Day,100,2015/01/10,15:15:00,Yes,1.0,1.0,-37.31415961,144.64981,MACEDON RANGES
T20150000658,Dry,Clear,Collision with vehicle,Friday,Day,100,2015/01/09,15:50:00,No,5.0,5.0,-36.45487624,145.1139423,GREATER SHEPPARTON
T20150000660,Unknown,Not known,No collision and no object struck,Thursday,Day,50,2014/10/23,14:00:00,No,1.0,1.0,-38.14428399,145.9287591,BAW BAW
T20150000670,Dry,Clear,Collision with a fixed object,Saturday,Dusk/Dawn,100,2015/01/10,06:25:00,Yes,1.0,1.0,-38.68844351,145.9922777,SOUTH GIPPSLAND
T20150000672,Dry,Clear,Collision with a fixed object,Saturday,Day,50,2015/01/10,15:07:00,Yes,1.0,1.0,-38.17039024,144.399132,GREATER GEELONG
T20150000673,Dry,Clear,Collision with a fixed object,Sunday,Dark No street lights,100,2015/01/11,03:48:00,Yes,1.0,1.0,-38.50335254,142.7857095,MOYNE
T20150000677,Dry,Clear,Collision with a fixed object,Sunday,Dusk/Dawn,100,2015/01/11,05:55:00,Yes,1.0,1.0,-36.25485,145.0055703,CAMPASPE
T20150000680,Dry,Clear,Vehicle overturned (no collision),Sunday,Day,100,2014/12/28,17:00:00,Yes,1.0,1.0,-36.73040661,147.0085937,ALPINE
T20150000683,Dry,Clear,Collision with vehicle,Sunday,Day,60,2015/01/11,10:35:00,No,3.0,2.0,-38.37343126,142.4625533,WARRNAMBOOL
T20150000684,Wet,Clear,Collision with vehicle,Sunday,Day,999,2015/01/11,09:30:00,Yes,2.0,2.0,-38.34252931,144.1404204,SURF COAST
T20150000691,Dry,Clear,Vehicle overturned (no collision),Sunday,Dark No street lights,100,2015/01/11,00:43:00,Yes,2.0,2.0,-36.43359999,142.1180916,HINDMARSH
T20150000698,Dry,Clear,Collision with vehicle,Sunday,Day,100,2015/01/11,14:25:00,No,3.0,2.0,-37.82171005,144.3964402,GREATER GEELONG
T20150000700,Dry,Clear,Collision with a fixed object,Sunday,Day,90,2015/01/11,09:05:00,Yes,1.0,1.0,-38.24380115,144.2913798,GREATER GEELONG
T20150000711,Dry,Clear,Collision with a fixed object,Sunday,Unknown,110,2015/01/11,13:30:00,No,2.0,2.0,-36.83142156,145.3957906,STRATHBOGIE
T20150000727,Dry,Clear,Vehicle overturned (no collision),Sunday,Dark No street lights,100,2015/01/11,22:20:00,Yes,1.0,1.0,-37.92795037,141.2701309,GLENELG
T20150000729,Dry,Clear,Collision with a fixed object,Monday,Dark No street lights,110,2015/01/12,02:30:00,Yes,1.0,1.0,-36.15543764,146.6242376,INDIGO
T20150000731,Dry,Clear,Struck animal,Monday,Dusk/Dawn,100,2015/01/12,04:50:00,Yes,1.0,1.0,-36.58840908,146.4500836,WANGARATTA
T20150000753,Dry,Clear,Vehicle overturned (no collision),Sunday,Day,100,2014/08/31,08:00:00,Yes,1.0,1.0,-37.54132007,143.9798798,MOORABOOL
T20150000760,Dry,Clear,Collision with vehicle,Monday,Day,110,2015/01/12,13:14:00,No,2.0,1.0,-36.56243858,146.0144589,BENALLA
T20150000762,Dry,Clear,Collision with vehicle,Monday,Day,60,2015/01/12,13:57:00,No,1.0,1.0,-34.20158964,142.1527296,MILDURA
T20150000771,Dry,Clear,Collision with a fixed object,Monday,Day,100,2015/01/12,13:02:00,No,2.0,2.0,-35.02137276,142.709,SWAN HILL
T20150000777,Dry,Dust,Collision with vehicle,Monday,Day,70,2015/01/12,17:05:00,No,2.0,1.0,-36.14052055,144.7554231,CAMPASPE
T20150000778,Unknown,Not known,Collision with vehicle,Saturday,Day,60,2014/11/22,08:20:00,No,2.0,1.0,-38.06507989,144.3717813,GREATER GEELONG
T20150000779,Dry,Clear,Struck Pedestrian,Monday,Day,50,2015/01/12,17:30:00,No,2.0,1.0,-38.33228789,144.3194504,SURF COAST
T20150000790,Dry,Clear,Collision with vehicle,Monday,Day,100,2015/01/12,17:00:00,No,2.0,1.0,-37.06103906,145.1806216,MITCHELL
T20150000798,Dry,Clear,Collision with a fixed object,Monday,Day,100,2015/01/12,16:00:00,No,1.0,1.0,-36.37787019,141.7970818,HINDMARSH
T20150000805,Dry,Clear,Collision with vehicle,Monday,Day,100,2015/01/12,14:55:00,No,2.0,2.0,-38.2247637,144.6353626,GREATER GEELONG
T20150000811,Dry,Clear,Collision with vehicle,Monday,Day,100,2015/01/12,18:25:00,Yes,2.0,2.0,-38.12216951,144.2131101,GOLDEN PLAINS
T20150000817,Dry,Clear,Collision with vehicle,Tuesday,Day,80,2014/12/23,11:28:00,No,2.0,1.0,-38.62701905,145.7217363,BASS COAST
T20150000821,Dry,Clear,No collision and no object struck,Monday,Day,100,2015/01/12,18:20:00,Yes,1.0,1.0,-36.57292996,145.4323101,STRATHBOGIE
T20150000825,Dry,Clear,Collision with vehicle,Wednesday,Day,999,2015/01/07,10:30:00,No,2.0,1.0,-37.58692713,143.8287493,BALLARAT
T20150000830,Wet,Raining,Collision with a fixed object,Tuesday,Day,110,2015/01/13,09:00:00,No,1.0,1.0,-37.51986487,143.8400627,BALLARAT
T20150000831,Dry,Clear,Vehicle overturned (no collision),Thursday,Day,100,2015/01/08,16:25:00,No,2.0,2.0,-37.4771996,144.7958866,MACEDON RANGES
T20150000845,Wet,Raining,Collision with a fixed object,Tuesday,Day,80,2015/01/13,12:00:00,No,1.0,1.0,-38.69427731,143.7083052,COLAC OTWAY
T20150000846,Wet,Clear,Collision with a fixed object,Saturday,Day,80,2015/01/10,13:30:00,No,2.0,1.0,-38.46414159,145.2665493,BASS COAST
T20150000849,Wet,Raining,Collision with a fixed object,Tuesday,Day,50,2015/01/13,12:30:00,No,1.0,1.0,-38.34541962,143.5851467,COLAC OTWAY
T20150000850,Dry,Clear,Collision with vehicle,Tuesday,Day,60,2015/01/13,12:30:00,No,2.0,1.0,-37.56026506,143.8444996,BALLARAT
T20150000859,Dry,Clear,Struck animal,Friday,Dark No street lights,100,2014/11/28,21:22:00,Yes,3.0,3.0,-37.38406029,145.7112427,MURRINDINDI
T20150000862,Wet,Raining,Collision with a fixed object,Tuesday,Day,60,2015/01/13,12:00:00,No,1.0,1.0,-36.76520133,144.2876704,GREATER BENDIGO
T20150000868,Wet,Raining,Vehicle overturned (no collision),Tuesday,Dark No street lights,100,2015/01/13,04:45:00,Yes,2.0,1.0,-36.3671995,141.8217701,HINDMARSH
T20150000872,Dry,Clear,Vehicle overturned (no collision),Tuesday,Day,100,2015/01/13,16:27:00,No,1.0,1.0,-37.75965999,144.4411199,MOORABOOL
T20150000874,Wet,Raining,Collision with vehicle,Tuesday,Day,60,2015/01/13,17:13:00,No,2.0,1.0,-38.18106425,144.3590713,GREATER GEELONG
T20150000879,Dry,Clear,Other accident,Tuesday,Day,100,2015/01/06,12:30:00,No,4.0,1.0,-35.98851986,144.5112431,CAMPASPE
T20150000880,Wet,Raining,Collision with vehicle,Tuesday,Day,50,2015/01/13,17:35:00,No,2.0,1.0,-36.75345101,145.5742579,STRATHBOGIE
T20150000881,Wet,Raining,Vehicle overturned (no collision),Tuesday,Day,80,2015/01/13,15:00:00,No,1.0,1.0,-37.26659032,144.9575113,MITCHELL
T20150000884,Wet,Raining,Collision with a fixed object,Tuesday,Day,100,2015/01/13,16:00:00,No,2.0,2.0,-38.52638062,145.4450101,BASS COAST
T20150000885,Wet,Raining,Collision with a fixed object,Tuesday,Day,100,2015/01/13,17:30:00,No,2.0,2.0,-38.23439715,145.9226886,BAW BAW
T20150000886,Dry,Clear,Vehicle overturned (no collision),Tuesday,Day,80,2015/01/13,17:15:00,No,2.0,1.0,-38.38754171,144.2050721,SURF COAST
T20150000890,Dry,Clear,Collision with a fixed object,Monday,Dusk/Dawn,80,2015/01/12,20:30:00,Yes,2.0,1.0,-38.18647003,144.4187602,GREATER GEELONG
T20150000891,Wet,Raining,Collision with a fixed object,Tuesday,Dusk/Dawn,100,2015/01/13,19:50:00,Yes,2.0,1.0,-38.63555131,145.6030098,BASS COAST
T20150000898,Wet,Raining,Vehicle overturned (no collision),Tuesday,Dusk/Dawn,100,2015/01/13,19:45:00,Yes,1.0,1.0,-38.50428563,146.1178679,SOUTH GIPPSLAND
T20150000902,Wet,Raining,Struck animal,Tuesday,Dark No street lights,100,2015/01/13,22:37:00,Yes,1.0,1.0,-37.49116002,143.8315102,BALLARAT
T20150000907,Dry,Clear,Collision with vehicle,Tuesday,Dark Street lights on,50,2015/01/13,23:35:00,Yes,2.0,2.0,-36.39323085,145.364141,GREATER SHEPPARTON
T20150000918,Dry,Clear,Collision with vehicle,Wednesday,Day,60,2015/01/14,08:15:00,No,2.0,1.0,-35.33926633,143.5550973,SWAN HILL
T20150000922,Wet,Raining,Collision with a fixed object,Wednesday,Day,100,2015/01/14,08:30:00,No,1.0,1.0,-37.70040969,141.6130297,GLENELG
T20150000952,Dry,Clear,Vehicle overturned (no collision),Monday,Day,100,2015/01/12,17:53:00,No,1.0,1.0,-37.2629281,145.8454681,MURRINDINDI
T20150000955,Dry,Clear,Collision with a fixed object,Monday,Day,100,2014/12/22,18:10:00,Yes,1.0,1.0,-35.73798,144.1245878,GANNAWARRA
T20150000958,Dry,Clear,Collision with vehicle,Wednesday,Day,80,2015/01/14,14:58:00,No,2.0,1.0,-38.28224355,144.446339,GREATER GEELONG
T20150000959,Dry,Clear,Collision with vehicle,Wednesday,Day,80,2015/01/14,16:10:00,No,3.0,2.0,-36.12911151,144.7283221,CAMPASPE
T20150000960,Dry,Clear,Collision with vehicle,Wednesday,Day,100,2015/01/14,10:30:00,No,2.0,2.0,-38.39519095,145.7485297,SOUTH GIPPSLAND
T20150000974,Muddy,Clear,Vehicle overturned (no collision),Wednesday,Dusk/Dawn,999,2015/01/14,20:00:00,Yes,3.0,1.0,-37.50094902,144.3440203,MOORABOOL
T20150000979,Wet,Clear,Collision with vehicle,Wednesday,Dark Street lights on,50,2015/01/14,21:30:00,Yes,3.0,1.0,-38.3421237,143.5845484,COLAC OTWAY
T20150000982,Dry,Clear,Collision with vehicle,Wednesday,Dark Street lights on,60,2015/01/14,23:25:00,Yes,2.0,2.0,-38.15949506,144.3439909,GREATER GEELONG
T20150000994,Dry,Clear,Collision with vehicle,Wednesday,Day,60,2014/10/01,08:28:00,No,5.0,1.0,-36.75312946,144.2875288,GREATER BENDIGO
T20150001002,Dry,Clear,Collision with vehicle,Tuesday,Day,50,2015/01/13,17:01:00,No,2.0,1.0,-36.33173333,141.6367225,HINDMARSH
T20150001007,Dry,Clear,Collision with vehicle,Wednesday,Day,70,2015/01/14,17:50:00,No,2.0,1.0,-37.81134925,147.618836,EAST GIPPSLAND
T20150001015,Dry,Clear,No collision and no object struck,Saturday,Day,100,2014/10/25,11:20:00,No,1.0,1.0,-36.10005543,144.8493532,MOIRA
T20150001018,Dry,Clear,Collision with a fixed object,Saturday,Day,100,2014/12/27,14:00:00,No,1.0,1.0,-38.52476236,143.1344292,CORANGAMITE
T20150001021,Wet,Raining,Collision with a fixed object,Thursday,Day,100,2015/01/15,11:30:00,No,5.0,5.0,-38.37816993,145.5672211,BASS COAST
T20150001023,Dry,Clear,Collision with vehicle,Wednesday,Day,40,2015/01/14,17:50:00,No,2.0,1.0,-38.13649569,144.3491082,GREATER GEELONG
T20150001029,Wet,Clear,Collision with vehicle,Thursday,Day,100,2015/01/15,07:40:00,No,2.0,1.0,-38.38395006,143.0117906,CORANGAMITE
T20150001031,Wet,Raining,Collision with vehicle,Tuesday,Day,80,2015/01/13,16:00:00,No,2.0,1.0,-38.22026548,146.4726951,LATROBE
T20150001033,Wet,Clear,Collision with a fixed object,Thursday,Day,100,2015/01/15,07:45:00,No,1.0,1.0,-38.61654283,145.7415922,BASS COAST
T20150001038,Dry,Clear,Collision with vehicle,Thursday,Day,80,2015/01/15,14:30:00,No,4.0,2.0,-36.33792006,145.4022343,GREATER SHEPPARTON
T20150001042,Dry,Raining,Collision with a fixed object,Wednesday,Dark No street lights,100,2015/01/14,20:50:00,Yes,1.0,1.0,-37.03398638,142.1969915,HORSHAM
T20150001043,Dry,Clear,No collision and no object struck,Wednesday,Dusk/Dawn,60,2015/01/14,21:00:00,Yes,1.0,1.0,-38.15429877,145.9342179,BAW BAW
T20150001044,Dry,Clear,Collision with vehicle,Thursday,Day,60,2015/01/15,16:15:00,No,2.0,1.0,-37.55579945,143.8189752,BALLARAT
T20150001054,Wet,Clear,Collision with a fixed object,Thursday,Day,100,2015/01/15,14:50:00,No,2.0,2.0,-38.04381974,146.3241693,BAW BAW
T20150001055,Dry,Clear,No collision and no object struck,Monday,Day,100,2014/12/22,16:30:00,No,1.0,1.0,-37.3615801,144.8025186,MACEDON RANGES
T20150001057,Dry,Clear,Collision with a fixed object,Thursday,Day,999,2015/01/15,17:39:00,No,3.0,1.0,-37.55386386,143.8144476,BALLARAT
T20150001064,Wet,Clear,Collision with a fixed object,Wednesday,Day,80,2015/01/14,11:30:00,No,4.0,1.0,-37.58363851,145.6349964,MURRINDINDI
T20150001070,Dry,Clear,Collision with vehicle,Thursday,Dark Street lights on,60,2015/01/15,22:35:00,Yes,1.0,1.0,-37.56543482,143.8777308,BALLARAT
T20150001071,Dry,Clear,Collision with vehicle,Friday,Unknown,50,2015/01/16,00:40:00,Yes,2.0,1.0,-37.06216794,144.2077869,MOUNT ALEXANDER
T20150001092,Dry,Clear,Collision with a fixed object,Saturday,Day,100,2014/08/16,15:50:00,Yes,1.0,1.0,-36.04264,145.3860867,MOIRA
T20150001097,Dry,Clear,Fall from or in moving vehicle,Friday,Dark Street lights on,50,2015/01/16,04:43:00,Yes,2.0,1.0,-36.01415001,146.0030413,MOIRA
T20150001098,Dry,Clear,Collision with a fixed object,Friday,Dark Street lights on,60,2015/01/16,05:34:00,Yes,1.0,1.0,-36.76934209,144.2960999,GREATER BENDIGO
T20150001099,Dry,Clear,Collision with vehicle,Friday,Day,60,2015/01/16,11:00:00,No,2.0,1.0,-38.23520522,146.3970842,LATROBE
T20150001102,Dry,Clear,Collision with vehicle,Friday,Day,80,2015/01/16,14:05:00,No,2.0,2.0,-37.41965515,144.9788829,MITCHELL
T20150001104,Dry,Clear,Collision with vehicle,Friday,Day,60,2015/01/16,13:55:00,No,4.0,2.0,-37.61249098,143.8384426,BALLARAT
T20150001106,Unknown,Clear,Collision with a fixed object,Friday,Day,100,2015/01/02,16:30:00,No,1.0,1.0,-37.0558445,147.6018777,EAST GIPPSLAND
T20150001114,Dry,Clear,Collision with vehicle,Friday,Day,70,2015/01/16,15:34:00,No,2.0,1.0,-38.1334072,144.3511555,GREATER GEELONG
T20150001119,Dry,Clear,Collision with vehicle,Thursday,Day,60,2015/01/15,16:45:00,No,2.0,1.0,-37.15647152,142.8593132,NORTHERN GRAMPIANS
T20150001127,Dry,Clear,Fall from or in moving vehicle,Friday,Day,999,2014/12/12,12:30:00,No,1.0,1.0,-38.37165283,144.0865619,SURF COAST
T20150001129,Dry,Clear,Collision with a fixed object,Friday,Day,100,2015/01/16,18:00:00,Yes,1.0,1.0,-37.9956273,144.505788,GREATER GEELONG
T20150001134,Dry,Clear,Collision with a fixed object,Friday,Dusk/Dawn,100,2015/01/16,19:05:00,Yes,1.0,1.0,-38.22554595,142.4414544,MOYNE
T20150001142,Dry,Clear,Struck animal,Friday,Dark No street lights,100,2015/01/16,23:05:00,Yes,1.0,1.0,-36.24592077,142.44274,YARRIAMBIACK
T20150001144,Dry,Clear,Collision with a fixed object,Tuesday,Dusk/Dawn,50,2014/11/18,07:10:00,No,1.0,1.0,-38.14041964,144.3551714,GREATER GEELONG
T20150001161,Dry,Clear,Vehicle overturned (no collision),Saturday,Day,110,2015/01/17,10:25:00,No,1.0,1.0,-37.34957063,145.0210854,MITCHELL
T20150001162,Dry,Clear,Collision with vehicle,Saturday,Day,60,2015/01/17,10:00:00,No,3.0,1.0,-38.15730382,144.3632377,GREATER GEELONG
T20150001169,Unknown,Not known,No collision and no object struck,Saturday,Day,999,2014/12/06,10:30:00,No,1.0,1.0,-38.37265009,143.9817751,SURF COAST
T20150001175,Dry,Clear,collision with some other object,Saturday,Day,100,2015/01/17,12:20:00,No,1.0,1.0,-37.31827037,145.1399971,MITCHELL
T20150001187,Dry,Clear,Vehicle overturned (no collision),Saturday,Day,100,2015/01/17,13:20:00,No,1.0,1.0,-36.18338943,147.3855298,TOWONG
T20150001201,Dry,Clear,Collision with vehicle,Saturday,Day,100,2015/01/17,17:23:00,Yes,5.0,2.0,-36.92612981,144.223871,MOUNT ALEXANDER
T20150001205,Dry,Clear,Collision with a fixed object,Saturday,Day,100,2015/01/17,17:00:00,Yes,3.0,2.0,-37.25721897,143.183212,ARARAT
T20150001207,Dry,Clear,Collision with a fixed object,Saturday,Day,60,2015/01/17,14:45:00,Yes,1.0,1.0,-38.16177972,144.3858177,GREATER GEELONG
T20150001216,Dry,Clear,Vehicle overturned (no collision),Sunday,Dark Street lights on,100,2015/01/18,02:40:00,Yes,1.0,1.0,-38.62478671,145.7096759,BASS COAST
T20150001221,Dry,Clear,Vehicle overturned (no collision),Saturday,Day,110,2015/01/17,14:20:00,Yes,2.0,2.0,-37.53668095,144.6394586,MACEDON RANGES
T20150001222,Dry,Clear,Collision with vehicle,Friday,Day,80,2015/01/16,17:00:00,No,11.0,2.0,-37.42309416,144.9786098,MITCHELL
T20150001227,Dry,Clear,Collision with vehicle,Sunday,Day,80,2015/01/18,08:05:00,Yes,3.0,2.0,-36.38951619,145.3745589,GREATER SHEPPARTON
T20150001228,Unknown,Not known,No collision and no object struck,Sunday,Dark No street lights,50,2014/11/23,23:00:00,Yes,1.0,1.0,-38.45614425,145.22048,BASS COAST
T20150001233,Dry,Clear,Vehicle overturned (no collision),Sunday,Day,100,2015/01/18,10:30:00,No,1.0,1.0,-34.53537618,141.9968011,MILDURA
T20150001239,Dry,Clear,Vehicle overturned (no collision),Sunday,Day,100,2015/01/18,13:18:00,No,2.0,1.0,-37.67800162,143.5093696,GOLDEN PLAINS
T20150001246,Wet,Raining,Collision with vehicle,Saturday,Day,100,2015/01/10,10:30:00,No,2.0,1.0,-34.74207117,143.1839871,SWAN HILL
T20150001248,Dry,Clear,No collision and no object struck,Sunday,Day,80,2015/01/18,11:30:00,No,3.0,1.0,-37.00439059,147.5510894,EAST GIPPSLAND
T20150001251,Dry,Clear,Fall from or in moving vehicle,Saturday,Day,60,2015/01/17,13:05:00,No,2.0,1.0,-36.35593994,145.4157964,GREATER SHEPPARTON
T20150001252,Dry,Clear,No collision and no object struck,Sunday,Day,40,2015/01/18,16:45:00,Yes,2.0,1.0,-37.58563996,143.8408038,BALLARAT
T20150001254,Dry,Clear,Collision with a fixed object,Thursday,Day,100,2015/01/15,09:00:00,No,3.0,3.0,-36.7386949,143.8546267,LODDON
T20150001256,Dry,Clear,Struck Pedestrian,Sunday,Day,50,2015/01/18,18:09:00,Yes,2.0,1.0,-36.35931118,145.3874013,GREATER SHEPPARTON
T20150001281,Dry,Clear,No collision and no object struck,Sunday,Day,60,2015/01/18,15:00:00,No,1.0,1.0,-38.26962065,144.5228,GREATER GEELONG
T20150001286,Dry,Clear,Collision with vehicle,Monday,Day,60,2015/01/19,10:10:00,No,2.0,1.0,-34.19367087,142.162314,MILDURA
T20150001287,Dry,Clear,No collision and no object struck,Sunday,Day,100,2015/01/04,13:45:00,No,2.0,1.0,-38.51282913,143.972211,SURF COAST
T20150001296,Dry,Clear,collision with some other object,Monday,Day,100,2015/01/19,11:45:00,No,3.0,1.0,-37.17024125,145.2993384,MURRINDINDI
T20150001317,Dry,Clear,Collision with a fixed object,Sunday,Day,100,2015/01/18,14:00:00,No,1.0,1.0,-37.44981007,144.6930601,MACEDON RANGES
T20150001323,Dry,Clear,Collision with vehicle,Monday,Day,50,2015/01/19,17:55:00,No,2.0,1.0,-37.54133252,143.8400044,BALLARAT
T20150001334,Dry,Clear,Vehicle overturned (no collision),Wednesday,Dark No street lights,100,2014/12/03,02:00:00,Yes,1.0,1.0,-36.41102843,142.9968653,BULOKE
T20150001339,Dry,Not known,No collision and no object struck,Sunday,Day,999,2015/01/18,10:30:00,No,1.0,1.0,-37.68653971,146.6560595,WELLINGTON
T20150001352,Dry,Clear,No collision and no object struck,Friday,Day,80,2014/10/10,10:30:00,No,1.0,1.0,-38.69136847,143.8365989,COLAC OTWAY
T20150001365,Dry,Clear,Collision with vehicle,Tuesday,Day,50,2015/01/20,11:49:00,No,4.0,2.0,-36.12059138,146.8880689,WODONGA
T20150001368,Dry,Clear,collision with some other object,Saturday,Day,80,2015/01/17,15:15:00,Yes,1.0,1.0,-37.7830999,146.6669204,WELLINGTON
T20150001371,Dry,Clear,Collision with vehicle,Tuesday,Day,60,2015/01/20,13:40:00,No,3.0,1.0,-37.5784915,143.8087723,BALLARAT
T20150001374,Dry,Clear,Collision with a fixed object,Tuesday,Day,50,2015/01/20,13:30:00,No,1.0,1.0,-37.03279559,145.1451914,MITCHELL
T20150001375,Dry,Clear,Collision with a fixed object,Monday,Day,100,2015/01/19,10:45:00,No,5.0,1.0,-38.16929016,145.8282484,BAW BAW
T20150001376,Dry,Clear,Collision with a fixed object,Wednesday,Day,80,2014/11/19,16:00:00,No,1.0,1.0,-38.36715315,143.9446808,SURF COAST
T20150001377,Dry,Clear,Collision with vehicle,Tuesday,Day,50,2015/01/20,13:20:00,No,2.0,1.0,-38.17452003,146.2598325,LATROBE
T20150001380,Dry,Clear,Collision with a fixed object,Tuesday,Day,80,2015/01/20,14:55:00,No,3.0,1.0,-37.06286004,144.0455739,MOUNT ALEXANDER
T20150001384,Dry,Clear,Collision with vehicle,Tuesday,Day,60,2015/01/20,15:33:00,No,3.0,1.0,-36.55508765,145.9630472,BENALLA
T20150001385,Dry,Clear,Collision with vehicle,Tuesday,Day,100,2015/01/20,09:30:00,No,3.0,2.0,-36.80948847,144.1588251,GREATER BENDIGO
T20150001396,Dry,Clear,Vehicle overturned (no collision),Tuesday,Day,100,2015/01/20,16:40:00,No,1.0,1.0,-37.10177757,143.5658981,CENTRAL GOLDFIELDS
T20150001408,Dry,Clear,Collision with a fixed object,Tuesday,Dusk/Dawn,100,2015/01/20,19:10:00,Yes,2.0,1.0,-37.48259846,144.6871791,MACEDON RANGES
T20150001414,Dry,Not known,Vehicle overturned (no collision),Tuesday,Dark No street lights,60,2015/01/20,22:30:00,Yes,4.0,2.0,-38.15727969,144.4313889,GREATER GEELONG
T20150001420,Dry,Clear,Collision with vehicle,Monday,Day,50,2015/01/19,10:00:00,No,2.0,1.0,-36.76098415,144.2746107,GREATER BENDIGO
T20150001422,Dry,Clear,Collision with a fixed object,Wednesday,Day,100,2015/01/21,07:55:00,No,1.0,1.0,-38.51185713,146.065262,SOUTH GIPPSLAND
T20150001423,Dry,Clear,Collision with vehicle,Wednesday,Day,60,2015/01/21,08:50:00,No,3.0,1.0,-36.11415847,146.8924568,WODONGA
T20150001426,Dry,Clear,Collision with vehicle,Wednesday,Day,50,2015/01/21,10:30:00,No,2.0,1.0,-37.67641125,144.4351657,MOORABOOL
T20150001427,Dry,Clear,Collision with vehicle,Wednesday,Day,60,2015/01/21,10:04:00,No,3.0,1.0,-36.37883132,145.3983163,GREATER SHEPPARTON
T20150001430,Dry,Clear,Collision with vehicle,Friday,Day,50,2014/10/10,14:10:00,No,3.0,2.0,-36.73968179,144.2661977,GREATER BENDIGO
T20150001437,Dry,Clear,Collision with vehicle,Tuesday,Dark Street lights on,60,2015/01/20,22:10:00,Yes,6.0,2.0,-38.08406038,144.3576499,GREATER GEELONG
T20150001438,Dry,Clear,Vehicle overturned (no collision),Wednesday,Day,100,2015/01/07,14:30:00,No,2.0,2.0,-38.00796214,144.4797716,GREATER GEELONG
T20150001439,Dry,Clear,Collision with vehicle,Wednesday,Day,60,2015/01/21,10:45:00,No,2.0,2.0,-38.45697999,145.2389816,BASS COAST
T20150001440,Wet,Clear,Collision with a fixed object,Friday,Day,100,2014/12/19,15:44:00,No,1.0,1.0,-38.18406992,144.3040901,GREATER GEELONG
T20150001445,Dry,Clear,Struck Pedestrian,Tuesday,Day,50,2015/01/13,16:00:00,No,2.0,1.0,-37.56302334,143.8605664,BALLARAT
T20150001450,Dry,Clear,Vehicle overturned (no collision),Wednesday,Day,100,2015/01/21,13:50:00,No,1.0,1.0,-38.54711832,145.5534302,BASS COAST
T20150001456,Dry,Clear,Vehicle overturned (no collision),Tuesday,Dark No street lights,100,2014/09/09,21:15:00,Yes,1.0,1.0,-37.39181928,144.5262776,MACEDON RANGES
T20150001459,Dry,Clear,Collision with a fixed object,Tuesday,Day,100,2014/09/16,15:00:00,No,1.0,1.0,-37.43677138,144.5460009,MACEDON RANGES
T20150001460,Dry,Clear,Collision with vehicle,Wednesday,Day,60,2015/01/21,16:30:00,No,5.0,1.0,-38.17115252,144.3201792,GREATER GEELONG
T20150001481,Dry,Clear,Collision with a fixed object,Saturday,Day,50,2014/12/20,09:00:00,No,1.0,1.0,-38.15707214,144.370441,GREATER GEELONG
T20150001482,Dry,Clear,Collision with vehicle,Thursday,Day,60,2015/01/22,07:25:00,No,2.0,1.0,-37.56607716,143.8554971,BALLARAT