Accident_No,Surface_Cond_Desc,Atmosph_Cond_Desc,Accident_Type_Desc,Day,Light_Condition_Desc,Speed_Zone,Accident_Date,Accident_Time,Alcohol_Influence,Total_Persons_Inv,Inj_Or_Fatal,Lat,Long,LGA
T20150001490,Dry,Clear,Collision with a fixed object,Friday,Day,100,2014/11/28,14:30:00,No,1.0,1.0,-37.75544008,147.3212201,EAST GIPPSLAND
T20150001493,Dry,Clear,Collision with vehicle,Thursday,Day,80,2015/01/22,09:24:00,No,3.0,1.0,-36.1765779,146.9409956,WODONGA
T20150001504,Dry,Clear,Collision with a fixed object,Thursday,Day,50,2015/01/22,11:20:00,No,1.0,1.0,-36.37309075,145.3942675,GREATER SHEPPARTON
T20150001510,Dry,Clear,Collision with vehicle,Thursday,Day,40,2015/01/22,12:48:00,No,7.0,2.0,-38.33901469,143.4940369,COLAC OTWAY
T20150001514,Dry,Clear,Collision with vehicle,Thursday,Day,60,2015/01/22,08:06:00,No,2.0,2.0,-38.23468229,146.390869,LATROBE
T20150001528,Dry,Clear,Struck Pedestrian,Thursday,Day,50,2015/01/22,15:45:00,No,2.0,1.0,-37.55971599,143.8581712,BALLARAT
T20150001535,Dry,Clear,Collision with vehicle,Thursday,Day,70,2015/01/22,11:35:00,No,2.0,1.0,-38.18324176,146.2770897,LATROBE
T20150001538,Dry,Clear,Vehicle overturned (no collision),Thursday,Day,100,2015/01/22,17:50:00,No,1.0,1.0,-38.01763909,142.0921424,MOYNE
T20150001551,Wet,Fog,No collision and no object struck,Thursday,Dusk/Dawn,60,2015/01/22,06:00:00,Yes,4.0,2.0,-38.28537968,145.7698294,SOUTH GIPPSLAND
T20150001553,Unknown,Not known,Collision with vehicle,Tuesday,Day,60,2014/11/11,10:40:00,No,2.0,1.0,-37.5734866,143.8465602,BALLARAT
T20150001567,Dry,Clear,Collision with vehicle,Friday,Day,999,2015/01/16,13:30:00,No,2.0,1.0,-38.11468742,145.8237579,BAW BAW
T20150001572,Dry,Clear,Collision with a fixed object,Friday,Day,70,2015/01/23,08:50:00,No,4.0,1.0,-38.17062859,144.3919707,GREATER GEELONG
T20150001573,Dry,Clear,Vehicle overturned (no collision),Wednesday,Day,100,2015/01/21,16:45:00,No,1.0,1.0,-36.18217956,142.5070804,YARRIAMBIACK
T20150001575,Dry,Clear,Collision with a fixed object,Thursday,Day,100,2015/01/22,16:45:00,No,1.0,1.0,-36.82223742,145.6639015,STRATHBOGIE
T20150001577,Dry,Clear,Collision with vehicle,Friday,Dusk/Dawn,110,2015/01/23,06:20:00,No,2.0,1.0,-37.12535995,144.3863902,MOUNT ALEXANDER
T20150001592,Dry,Clear,Collision with a fixed object,Friday,Day,60,2015/01/23,12:20:00,No,1.0,1.0,-36.18154866,144.8491014,CAMPASPE
T20150001593,Dry,Clear,No collision and no object struck,Sunday,Day,60,2015/01/18,13:30:00,No,1.0,1.0,-37.40312056,144.521713,MACEDON RANGES
T20150001600,Dry,Clear,Struck animal,Thursday,Dark No street lights,60,2015/01/22,23:00:00,Yes,2.0,1.0,-36.7668699,144.3799621,GREATER BENDIGO
T20150001608,Dry,Clear,Collision with vehicle,Friday,Day,100,2015/01/23,15:10:00,No,3.0,1.0,-36.41746949,145.6314102,GREATER SHEPPARTON
T20150001614,Dry,Clear,Collision with vehicle,Friday,Day,60,2015/01/23,15:45:00,No,4.0,1.0,-36.72799061,144.3022435,GREATER BENDIGO
T20150001618,Dry,Clear,Collision with a fixed object,Friday,Day,100,2015/01/23,18:05:00,Yes,1.0,1.0,-37.31270949,144.5621258,MACEDON RANGES
T20150001627,Dry,Clear,Collision with vehicle,Friday,Day,50,2015/01/23,18:05:00,Yes,2.0,1.0,-36.11945273,146.8812222,WODONGA
T20150001633,Dry,Clear,Collision with a fixed object,Friday,Dark No street lights,100,2015/01/23,05:10:00,Yes,1.0,1.0,-38.17072711,146.4937228,LATROBE
T20150001642,Dry,Clear,Struck Pedestrian,Friday,Dark No street lights,50,2015/01/23,23:55:00,Yes,2.0,1.0,-38.54564413,143.9821069,SURF COAST
T20150001652,Dry,Clear,Vehicle overturned (no collision),Saturday,Dark No street lights,999,2015/01/24,00:30:00,Yes,3.0,2.0,-37.77768062,147.1133745,WELLINGTON
T20150001656,Dry,Clear,Collision with vehicle,Friday,Day,60,2014/10/24,11:50:00,No,2.0,1.0,-36.73675398,144.2777605,GREATER BENDIGO
T20150001659,Dry,Clear,Collision with a fixed object,Saturday,Day,80,2015/01/24,07:20:00,Yes,1.0,1.0,-38.14326654,144.6000064,GREATER GEELONG
T20150001665,Dry,Clear,Collision with a fixed object,Saturday,Day,100,2015/01/24,09:30:00,No,1.0,1.0,-36.09903343,145.2682697,MOIRA
T20150001669,Dry,Clear,Collision with vehicle,Saturday,Day,100,2015/01/24,08:45:00,No,3.0,1.0,-36.95628984,144.4892106,GREATER BENDIGO
T20150001682,Dry,Clear,No collision and no object struck,Saturday,Day,999,2015/01/24,10:25:00,No,1.0,1.0,-37.77714031,146.9580191,WELLINGTON
T20150001687,Dry,Dust,Vehicle overturned (no collision),Friday,Day,999,2015/01/02,10:00:00,No,1.0,1.0,-37.80187106,146.9930803,WELLINGTON
T20150001688,Dry,Clear,Collision with a fixed object,Saturday,Day,60,2015/01/24,14:50:00,Yes,6.0,4.0,-35.64746046,144.1320625,GANNAWARRA
T20150001691,Dry,Clear,Collision with a fixed object,Friday,Day,80,2015/01/23,11:35:00,No,1.0,1.0,-37.11175796,147.5645708,EAST GIPPSLAND
T20150001695,Dry,Clear,Collision with a fixed object,Saturday,Day,60,2015/01/24,14:45:00,Yes,1.0,1.0,-37.46586952,144.6722239,MACEDON RANGES
T20150001697,Dry,Fog,Collision with a fixed object,Saturday,Dark No street lights,80,2015/01/24,01:30:00,Yes,3.0,2.0,-38.66320052,143.7277184,COLAC OTWAY
T20150001698,Dry,Clear,Vehicle overturned (no collision),Saturday,Day,100,2015/01/24,16:45:00,Yes,1.0,1.0,-38.52642843,145.4465262,BASS COAST
T20150001702,Dry,Clear,Collision with vehicle,Saturday,Dusk/Dawn,50,2015/01/24,19:10:00,Yes,9.0,2.0,-34.18979622,142.1612197,MILDURA
T20150001710,Dry,Clear,Vehicle overturned (no collision),Saturday,Dusk/Dawn,60,2015/01/24,19:30:00,Yes,2.0,1.0,-38.55131764,145.4784628,BASS COAST
T20150001713,Dry,Clear,Collision with vehicle,Saturday,Day,70,2015/01/24,15:15:00,Yes,3.0,1.0,-38.11954081,144.3536753,GREATER GEELONG
T20150001718,Dry,Clear,No collision and no object struck,Sunday,Dark Street lights on,50,2015/01/25,01:00:00,Yes,3.0,2.0,-38.40046337,146.1546476,SOUTH GIPPSLAND
T20150001719,Dry,Clear,Collision with a fixed object,Sunday,Dark No street lights,100,2015/01/25,04:10:00,Yes,1.0,1.0,-38.31235,146.71775,WELLINGTON
T20150001724,Dry,Clear,Collision with vehicle,Sunday,Day,80,2015/01/25,08:45:00,Yes,2.0,2.0,-36.81866818,144.2381348,GREATER BENDIGO
T20150001727,Wet,Raining,No collision and no object struck,Sunday,Day,80,2015/01/18,12:15:00,No,1.0,1.0,-37.81499994,146.1697903,BAW BAW
T20150001746,Dry,Clear,Vehicle overturned (no collision),Saturday,Dark No street lights,999,2015/01/24,02:30:00,Yes,4.0,2.0,-35.75831655,142.36245,YARRIAMBIACK
T20150001751,Dry,Clear,Collision with a fixed object,Saturday,Day,100,2015/01/24,11:30:00,No,1.0,1.0,-36.97422006,147.4841825,EAST GIPPSLAND
T20150001762,Dry,Clear,Collision with vehicle,Sunday,Dusk/Dawn,50,2015/01/25,19:15:00,Yes,2.0,1.0,-38.14590802,144.3642067,GREATER GEELONG
T20150001772,Dry,Clear,Vehicle overturned (no collision),Sunday,Dark No street lights,999,2015/01/25,22:45:00,Yes,4.0,4.0,-36.55034008,146.8004995,ALPINE
T20150001782,Wet,Not known,Vehicle overturned (no collision),Sunday,Dusk/Dawn,100,2015/01/25,19:20:00,Yes,2.0,2.0,-37.62322006,148.6975514,EAST GIPPSLAND
T20150001789,Dry,Clear,Struck animal,Monday,Day,100,2015/01/26,08:30:00,No,1.0,1.0,-37.24162187,142.9075377,ARARAT
T20150001794,Wet,Clear,Collision with a fixed object,Saturday,Dusk/Dawn,100,2015/01/24,19:25:00,Yes,2.0,2.0,-37.39294867,149.1958236,EAST GIPPSLAND
T20150001803,Dry,Clear,Collision with vehicle,Monday,Day,60,2015/01/26,12:45:00,No,4.0,1.0,-38.25664791,144.2753267,SURF COAST
T20150001804,Dry,Clear,Collision with a fixed object,Monday,Day,100,2015/01/26,10:20:00,No,1.0,1.0,-37.20614917,147.5870817,EAST GIPPSLAND
T20150001805,Dry,Clear,Collision with vehicle,Monday,Day,80,2015/01/26,12:20:00,No,5.0,4.0,-38.49502915,145.2702414,BASS COAST
T20150001814,Dry,Clear,Collision with a fixed object,Monday,Dusk/Dawn,100,2015/01/26,06:35:00,Yes,3.0,1.0,-36.04919999,145.4318249,MOIRA
T20150001816,Dry,Clear,Collision with a fixed object,Monday,Day,100,2015/01/26,12:40:00,No,2.0,2.0,-36.46332832,147.2336292,TOWONG
T20150001820,Dry,Clear,Vehicle overturned (no collision),Monday,Unknown,100,2015/01/26,12:20:00,No,6.0,2.0,-36.56185915,147.0766812,ALPINE
T20150001822,Dry,Clear,Collision with a fixed object,Monday,Day,100,2015/01/26,15:40:00,No,5.0,5.0,-36.52006982,144.0477504,LODDON
T20150001840,Dry,Clear,Collision with a fixed object,Tuesday,Dark Street lights off,80,2015/01/27,00:30:00,Yes,1.0,1.0,-36.09918059,146.8998113,WODONGA
T20150001847,Dry,Clear,Struck animal,Monday,Dark No street lights,100,2014/12/29,04:00:00,Yes,1.0,1.0,-34.7203136,143.1181209,SWAN HILL
T20150001866,Unknown,Not known,Vehicle overturned (no collision),Sunday,Day,999,2015/01/25,11:30:00,No,1.0,1.0,-36.76608789,146.9367784,ALPINE
T20150001869,Dry,Clear,No collision and no object struck,Saturday,Day,50,2015/01/17,13:30:00,No,1.0,1.0,-37.46157007,144.2618736,MOORABOOL
T20150001886,Dry,Clear,Collision with a fixed object,Tuesday,Day,100,2015/01/27,16:45:00,No,2.0,1.0,-36.92096189,143.7567365,CENTRAL GOLDFIELDS
T20150001895,Wet,Clear,Struck animal,Tuesday,Dark No street lights,100,2014/09/16,21:00:00,Yes,2.0,1.0,-35.85246853,144.2729011,GANNAWARRA
T20150001897,Dry,Clear,Collision with vehicle,Tuesday,Dusk/Dawn,50,2015/01/27,19:30:00,Yes,6.0,6.0,-36.39163312,145.3571549,GREATER SHEPPARTON
T20150001898,Dry,Clear,Collision with a fixed object,Tuesday,Day,100,2015/01/27,16:30:00,No,1.0,1.0,-35.855834,144.1165587,GANNAWARRA
T20150001899,Dry,Not known,Vehicle overturned (no collision),Tuesday,Day,80,2015/01/27,18:09:00,Yes,2.0,2.0,-37.57979122,143.7288488,GOLDEN PLAINS
T20150001921,Dry,Clear,Collision with a fixed object,Wednesday,Dusk/Dawn,100,2015/01/28,06:35:00,No,4.0,4.0,-37.13774084,144.8707673,MITCHELL
T20150001928,Dry,Clear,Collision with a fixed object,Wednesday,Day,100,2015/01/28,12:00:00,No,1.0,1.0,-37.53395663,144.4747398,MACEDON RANGES
T20150001934,Dry,Clear,Collision with vehicle,Wednesday,Day,60,2015/01/28,12:10:00,No,2.0,1.0,-36.35285057,146.3052939,WANGARATTA
T20150001936,Dry,Clear,Collision with vehicle,Wednesday,Day,100,2015/01/28,13:35:00,No,2.0,2.0,-36.93337373,145.1796616,STRATHBOGIE
T20150001942,Dry,Clear,Struck Pedestrian,Wednesday,Day,40,2015/01/28,14:20:00,No,3.0,2.0,-36.76536862,144.2823164,GREATER BENDIGO
T20150001950,Dry,Clear,Collision with vehicle,Wednesday,Day,100,2015/01/28,15:40:00,No,2.0,1.0,-38.38043349,141.6101147,GLENELG
T20150001957,Dry,Clear,Collision with vehicle,Wednesday,Day,60,2015/01/28,16:21:00,No,2.0,2.0,-36.7735254,144.2904313,GREATER BENDIGO
T20150001965,Dry,Clear,Collision with vehicle,Wednesday,Day,999,2015/01/28,18:00:00,Yes,3.0,2.0,-37.13339449,144.3868446,MOUNT ALEXANDER
T20150001971,Dry,Clear,Collision with a fixed object,Wednesday,Day,100,2015/01/28,18:35:00,Yes,2.0,1.0,-36.96967918,144.2848379,MOUNT ALEXANDER
T20150001972,Dry,Clear,Struck animal,Wednesday,Dusk/Dawn,90,2015/01/28,20:00:00,Yes,2.0,2.0,-36.76042391,144.2297394,GREATER BENDIGO
T20150001976,Dry,Not known,Collision with vehicle,Wednesday,Day,60,2015/01/28,18:00:00,Yes,2.0,1.0,-37.5670593,143.8686097,BALLARAT
T20150001994,Unknown,Not known,Collision with vehicle,Wednesday,Unknown,60,2014/09/03,06:45:00,No,2.0,1.0,-36.75250928,144.2793529,GREATER BENDIGO
T20150001996,Dry,Clear,Collision with vehicle,Thursday,Day,100,2015/01/29,09:35:00,No,3.0,3.0,-35.49730796,143.7120058,GANNAWARRA
T20150001999,Dry,Clear,Collision with vehicle,Thursday,Day,100,2015/01/29,11:00:00,No,2.0,1.0,-38.29952875,143.9807195,SURF COAST
T20150002000,Dry,Clear,Vehicle overturned (no collision),Sunday,Day,999,2015/01/25,15:30:00,No,1.0,1.0,-37.48907991,144.2776534,MOORABOOL
T20150002004,Unknown,Not known,Vehicle overturned (no collision),Sunday,Day,999,2015/01/25,15:00:00,No,1.0,1.0,-37.91628852,146.6163173,WELLINGTON
T20150002006,Wet,Raining,collision with some other object,Friday,Day,100,2015/01/23,17:30:00,No,1.0,1.0,-36.49134936,147.3455109,TOWONG
T20150002011,Dry,Clear,Collision with vehicle,Thursday,Day,100,2015/01/29,12:45:00,No,2.0,1.0,-38.181949,146.6126097,LATROBE
T20150002032,Dry,Clear,Vehicle overturned (no collision),Sunday,Day,999,2015/01/25,15:00:00,No,1.0,1.0,-37.56264896,145.6225695,MURRINDINDI
T20150002035,Dry,Clear,Collision with a fixed object,Thursday,Day,100,2015/01/29,18:20:00,Yes,2.0,1.0,-37.02175594,145.1045666,MITCHELL
T20150002039,Dry,Clear,Collision with vehicle,Thursday,Dusk/Dawn,50,2015/01/29,19:12:00,Yes,2.0,1.0,-37.05410993,142.7752246,NORTHERN GRAMPIANS
T20150002048,Dry,Clear,Collision with vehicle,Thursday,Day,50,2015/01/29,18:00:00,Yes,3.0,1.0,-37.27793355,142.9249272,ARARAT
T20150002060,Dry,Clear,Struck Pedestrian,Friday,Dark Street lights on,60,2015/01/30,02:15:00,Yes,2.0,1.0,-38.18597068,144.3545374,GREATER GEELONG
T20150002067,Muddy,Clear,No collision and no object struck,Friday,Day,999,2015/01/30,10:00:00,No,1.0,1.0,-37.52316106,144.289884,MOORABOOL
T20150002072,Dry,Clear,Collision with vehicle,Sunday,Day,50,2015/01/04,11:02:00,No,3.0,2.0,-36.39425033,145.3605701,GREATER SHEPPARTON
T20150002074,Dry,Clear,Collision with vehicle,Friday,Day,60,2015/01/30,08:00:00,No,2.0,1.0,-36.35423341,145.4022719,GREATER SHEPPARTON
T20150002084,Dry,Clear,Collision with vehicle,Friday,Day,100,2015/01/30,09:50:00,No,2.0,1.0,-36.73797031,142.0283144,HORSHAM
T20150002094,Wet,Clear,No collision and no object struck,Friday,Day,80,2015/01/30,07:40:00,No,1.0,1.0,-38.49732754,144.0084382,SURF COAST
T20150002106,Dry,Clear,Vehicle overturned (no collision),Friday,Day,100,2015/01/30,14:00:00,No,1.0,1.0,-37.48273008,141.3436403,GLENELG
T20150002112,Dry,Clear,Collision with a fixed object,Friday,Day,100,2015/01/30,15:15:00,No,1.0,1.0,-37.26982105,143.5011896,PYRENEES
T20150002114,Dry,Clear,No collision and no object struck,Friday,Day,999,2015/01/30,13:00:00,No,1.0,1.0,-37.46343228,146.1393473,MANSFIELD
T20150002122,Dry,Clear,Collision with vehicle,Friday,Day,50,2015/01/30,16:10:00,No,2.0,1.0,-36.35136465,146.3154647,WANGARATTA
T20150002133,Dry,Clear,Struck animal,Friday,Dark No street lights,100,2015/01/30,23:20:00,Yes,1.0,1.0,-38.32816645,142.36762,MOYNE
T20150002134,Dry,Clear,Collision with vehicle,Wednesday,Day,50,2015/01/21,17:45:00,No,2.0,1.0,-38.60647136,145.5869702,BASS COAST
T20150002148,Dry,Clear,Collision with vehicle,Saturday,Day,100,2015/01/31,09:30:00,No,3.0,1.0,-37.46100009,144.7415608,MACEDON RANGES
T20150002158,Dry,Clear,No collision and no object struck,Saturday,Day,100,2015/01/31,11:00:00,No,1.0,1.0,-37.97720091,146.0565887,BAW BAW
T20150002165,Dry,Clear,Collision with a fixed object,Wednesday,Dark No street lights,100,2015/01/28,22:40:00,Yes,1.0,1.0,-37.37023821,144.589319,MACEDON RANGES
T20150002167,Dry,Clear,Collision with a fixed object,Saturday,Day,80,2015/01/31,12:49:00,No,1.0,1.0,-38.74762972,143.27585,COLAC OTWAY
T20150002187,Dry,Clear,Collision with a fixed object,Saturday,Dark Street lights unknown,60,2015/01/31,22:24:00,Yes,2.0,1.0,-37.020779,145.1344437,MITCHELL
T20150002193,Dry,Clear,Collision with a fixed object,Saturday,Dark Street lights on,40,2015/01/31,23:59:00,Yes,1.0,1.0,-38.16615353,145.9345039,BAW BAW
T20150002200,Dry,Clear,Vehicle overturned (no collision),Saturday,Day,100,2015/01/31,14:30:00,No,1.0,1.0,-36.80346189,147.1498073,ALPINE
T20150002203,Dry,Clear,Vehicle overturned (no collision),Saturday,Day,100,2015/01/31,17:15:00,Yes,2.0,2.0,-36.71376351,147.1404719,ALPINE
T20150002209,Wet,Raining,Collision with a fixed object,Sunday,Day,60,2015/02/01,11:30:00,No,5.0,1.0,-38.14653731,144.3352595,GREATER GEELONG
T20150002210,Dry,Clear,Collision with a fixed object,Sunday,Day,100,2015/02/01,10:15:00,No,1.0,1.0,-38.56393396,145.5419109,BASS COAST
T20150002211,Dry,Clear,Collision with vehicle,Sunday,Day,60,2015/02/01,10:12:00,No,2.0,2.0,-37.07059953,144.2113968,MOUNT ALEXANDER
T20150002223,Dry,Clear,Collision with vehicle,Thursday,Day,80,2014/08/07,13:34:00,No,2.0,1.0,-36.39003378,145.3720112,GREATER SHEPPARTON
T20150002224,Dry,Clear,Collision with a fixed object,Sunday,Dark No street lights,80,2015/02/01,02:00:00,Yes,2.0,2.0,-36.31349148,145.12962,CAMPASPE
T20150002226,Dry,Clear,Collision with a fixed object,Sunday,Day,100,2015/02/01,14:30:00,No,2.0,1.0,-37.25270912,142.7233802,ARARAT
T20150002228,Dry,Clear,Collision with vehicle,Saturday,Day,60,2015/01/31,17:43:00,Yes,2.0,1.0,-38.09935992,144.3402393,GREATER GEELONG
T20150002234,Wet,Raining,Collision with a fixed object,Sunday,Dusk/Dawn,60,2015/02/01,19:00:00,Yes,1.0,1.0,-38.17684924,146.2582857,LATROBE
T20150002235,Dry,Clear,Collision with a fixed object,Sunday,Day,110,2015/02/01,15:00:00,No,3.0,1.0,-37.26222072,144.4724867,MACEDON RANGES
T20150002238,Dry,Clear,No collision and no object struck,Sunday,Day,999,2015/02/01,12:00:00,No,1.0,1.0,-37.44848012,146.1353354,MANSFIELD
T20150002259,Dry,Clear,Vehicle overturned (no collision),Saturday,Day,100,2015/01/31,12:55:00,No,2.0,2.0,-37.78103651,141.9412078,SOUTHERN GRAMPIANS
T20150002265,Dry,Clear,Collision with vehicle,Thursday,Day,100,2015/01/15,17:00:00,No,2.0,1.0,-37.55918544,143.9532681,MOORABOOL
T20150002272,Dry,Clear,Collision with vehicle,Monday,Dark No street lights,100,2015/02/02,05:15:00,Yes,3.0,3.0,-37.16354849,145.5229007,MURRINDINDI
T20150002281,Dry,Not known,Vehicle overturned (no collision),Friday,Day,999,2015/01/16,10:30:00,No,1.0,1.0,-37.85277429,146.6817883,WELLINGTON
T20150002285,Unknown,Clear,Struck animal,Monday,Day,999,2015/02/02,13:30:00,No,1.0,1.0,-38.06383001,144.0208084,GOLDEN PLAINS
T20150002288,Dry,Clear,Vehicle overturned (no collision),Saturday,Day,60,2014/12/27,14:00:00,Yes,1.0,1.0,-37.33567503,145.9615502,MURRINDINDI
T20150002297,Dry,Clear,Collision with a fixed object,Monday,Day,100,2015/02/02,17:15:00,No,1.0,1.0,-37.80876056,144.2024212,GOLDEN PLAINS
T20150002303,Dry,Clear,Vehicle overturned (no collision),Monday,Day,100,2015/02/02,18:50:00,Yes,1.0,1.0,-36.31349116,145.2743005,GREATER SHEPPARTON
T20150002306,Dry,Clear,Collision with a fixed object,Monday,Dark No street lights,80,2015/02/02,23:05:00,Yes,5.0,3.0,-37.52966651,143.7793748,BALLARAT
T20150002312,Dry,Clear,Collision with a fixed object,Tuesday,Dark No street lights,100,2015/02/03,00:10:00,Yes,1.0,1.0,-36.77181189,144.1508684,GREATER BENDIGO
T20150002315,Dry,Clear,Collision with a fixed object,Tuesday,Dark No street lights,100,2015/02/03,05:30:00,Yes,1.0,1.0,-36.29531966,146.6642142,INDIGO
T20150002324,Dry,Clear,Vehicle overturned (no collision),Thursday,Day,50,2014/10/30,11:00:00,No,1.0,1.0,-38.34326578,146.2012656,SOUTH GIPPSLAND
T20150002328,Dry,Clear,Vehicle overturned (no collision),Tuesday,Day,80,2015/02/03,11:00:00,No,1.0,1.0,-38.59034006,145.55192,BASS COAST
T20150002330,Dry,Clear,Collision with vehicle,Tuesday,Day,60,2015/02/03,08:20:00,No,2.0,1.0,-38.37343126,142.4625533,WARRNAMBOOL
T20150002334,Dry,Clear,Collision with vehicle,Monday,Day,40,2015/02/02,15:45:00,No,2.0,1.0,-37.5920705,141.6774198,SOUTHERN GRAMPIANS
T20150002350,Dry,Clear,Collision with vehicle,Tuesday,Day,50,2015/02/03,15:10:00,No,2.0,1.0,-37.55885978,143.8168724,BALLARAT
T20150002351,Dry,Clear,Vehicle overturned (no collision),Friday,Dark Street lights unknown,50,2014/09/26,04:45:00,Yes,1.0,1.0,-36.77324747,144.3052157,GREATER BENDIGO
T20150002353,Dry,Clear,Struck animal,Sunday,Day,100,2015/02/01,10:00:00,Yes,1.0,1.0,-36.65796968,146.6933801,ALPINE
T20150002354,Dry,Not known,Vehicle overturned (no collision),Sunday,Dusk/Dawn,999,2015/02/01,19:30:00,Yes,5.0,1.0,-38.1349096,146.2945721,LATROBE
T20150002357,Dry,Clear,Vehicle overturned (no collision),Sunday,Day,100,2015/02/01,09:30:00,Yes,1.0,1.0,-37.95407288,146.4145816,BAW BAW
T20150002363,Dry,Clear,Collision with a fixed object,Tuesday,Day,80,2015/02/03,15:55:00,No,1.0,1.0,-35.70478021,143.8806892,GANNAWARRA
T20150002364,Dry,Clear,Vehicle overturned (no collision),Tuesday,Day,50,2015/02/03,16:36:00,No,1.0,1.0,-37.66316736,144.4396839,MOORABOOL
T20150002375,Dry,Clear,Collision with a fixed object,Saturday,Day,50,2015/01/31,16:10:00,Yes,2.0,1.0,-36.05387745,146.4594821,INDIGO
T20150002379,Dry,Clear,Vehicle overturned (no collision),Tuesday,Day,110,2015/02/03,18:00:00,Yes,1.0,1.0,-36.83774822,145.372349,STRATHBOGIE
T20150002387,Dry,Clear,Collision with vehicle,Tuesday,Day,100,2015/02/03,17:48:00,No,2.0,1.0,-38.0556171,145.8311666,BAW BAW
T20150002402,Dry,Clear,Collision with a fixed object,Wednesday,Dark Street lights on,60,2015/02/04,02:30:00,Yes,1.0,1.0,-37.56593821,143.8849295,BALLARAT
T20150002441,Dry,Clear,Collision with a fixed object,Wednesday,Day,50,2015/02/04,11:30:00,No,2.0,2.0,-38.18000963,144.3283234,GREATER GEELONG
T20150002449,Dry,Clear,Vehicle overturned (no collision),Sunday,Day,999,2015/01/25,11:00:00,No,1.0,1.0,-36.45104219,146.9872997,ALPINE
T20150002452,Dry,Clear,Collision with vehicle,Friday,Day,40,2015/01/02,14:00:00,No,3.0,1.0,-37.82431345,147.6341419,EAST GIPPSLAND
T20150002466,Unknown,Not known,collision with some other object,Sunday,Day,999,2015/02/01,11:00:00,No,1.0,1.0,-37.93367072,145.8127683,BAW BAW
T20150002469,Dry,Not known,Struck Pedestrian,Wednesday,Day,60,2015/02/04,15:20:00,No,2.0,1.0,-37.41241501,144.9732209,MITCHELL
T20150002480,Dry,Clear,Collision with vehicle,Wednesday,Day,80,2015/02/04,17:52:00,No,2.0,1.0,-38.0829453,147.0542943,WELLINGTON
T20150002487,Dry,Clear,Collision with vehicle,Wednesday,Day,70,2015/02/04,14:05:00,No,3.0,1.0,-38.1334072,144.3511555,GREATER GEELONG
T20150002490,Dry,Clear,Collision with vehicle,Thursday,Dusk/Dawn,50,2015/02/05,08:00:00,No,2.0,1.0,-36.14860457,146.8738559,WODONGA
T20150002493,Dry,Clear,Collision with vehicle,Thursday,Dusk/Dawn,50,2015/02/05,07:50:00,No,5.0,1.0,-37.56400992,143.8588693,BALLARAT
T20150002499,Dry,Clear,Collision with vehicle,Saturday,Day,80,2015/01/17,19:15:00,Yes,2.0,1.0,-34.20369731,142.0912123,MILDURA
T20150002500,Dry,Clear,collision with some other object,Tuesday,Dark Street lights unknown,80,2014/11/18,05:36:00,Yes,1.0,1.0,-34.25153896,142.1691813,MILDURA
T20150002501,Dry,Clear,No collision and no object struck,Thursday,Day,999,2015/02/05,10:30:00,No,1.0,1.0,-37.788682,146.9336475,WELLINGTON
T20150002505,Dry,Clear,No collision and no object struck,Thursday,Day,60,2014/11/13,15:00:00,No,1.0,1.0,-36.38438446,145.4272589,GREATER SHEPPARTON
T20150002518,Unknown,Not known,Struck animal,Tuesday,Unknown,999,2015/01/06,05:30:00,Yes,1.0,1.0,-38.36121992,142.7594301,MOYNE
T20150002520,Dry,Clear,Collision with vehicle,Friday,Day,100,2014/12/19,08:45:00,No,2.0,1.0,-37.38429625,143.2365412,ARARAT
T20150002526,Unknown,Clear,Collision with vehicle,Wednesday,Day,50,2015/02/04,09:40:00,No,3.0,1.0,-37.59277129,143.8396661,BALLARAT
T20150002528,Dry,Clear,Collision with a fixed object,Thursday,Day,80,2015/02/05,14:40:00,No,1.0,1.0,-37.29032113,144.9877703,MITCHELL
T20150002534,Dry,Clear,Collision with vehicle,Thursday,Day,60,2015/02/05,14:25:00,No,4.0,1.0,-38.13171471,145.8525698,BAW BAW
T20150002535,Dry,Clear,Collision with vehicle,Thursday,Day,100,2015/02/05,10:34:00,No,2.0,1.0,-35.99909873,145.6379383,MOIRA
T20150002539,Dry,Clear,Collision with vehicle,Thursday,Day,60,2015/02/05,14:10:00,No,3.0,3.0,-37.34104142,144.1559614,HEPBURN
T20150002556,Dry,Clear,Collision with vehicle,Thursday,Day,50,2015/02/05,17:00:00,No,2.0,1.0,-37.35552021,144.7435628,MACEDON RANGES
T20150002577,Dry,Clear,Collision with vehicle,Friday,Dusk/Dawn,80,2015/02/06,07:15:00,No,2.0,1.0,-37.52485415,143.8095725,BALLARAT
T20150002593,Dry,Fog,Vehicle overturned (no collision),Wednesday,Dark No street lights,80,2015/02/04,00:15:00,Yes,1.0,1.0,-37.53636063,144.5775499,MACEDON RANGES
T20150002595,Dry,Clear,Collision with vehicle,Friday,Day,80,2015/02/06,09:30:00,No,2.0,1.0,-36.75405955,144.2201822,GREATER BENDIGO
T20150002600,Dry,Clear,Collision with vehicle,Friday,Day,60,2015/02/06,08:50:00,No,2.0,1.0,-36.72870459,144.2618814,GREATER BENDIGO
T20150002601,Dry,Clear,Collision with vehicle,Friday,Day,80,2015/02/06,09:10:00,No,4.0,1.0,-37.5709625,147.8910393,EAST GIPPSLAND
T20150002605,Dry,Clear,Collision with vehicle,Friday,Day,60,2015/02/06,08:10:00,No,3.0,1.0,-36.76369385,144.2923336,GREATER BENDIGO
T20150002615,Dry,Clear,Collision with a fixed object,Thursday,Dark No street lights,100,2015/02/05,22:40:00,Yes,1.0,1.0,-36.13112225,145.6141513,MOIRA