Accident_No,Surface_Cond_Desc,Atmosph_Cond_Desc,Accident_Type_Desc,Day,Light_Condition_Desc,Speed_Zone,Accident_Date,Accident_Time,Alcohol_Influence,Total_Persons_Inv,Inj_Or_Fatal,Lat,Long,LGA
T20150002635,Dry,Clear,Collision with vehicle,Friday,Day,50,2015/02/06,17:10:00,No,2.0,1.0,-38.15074652,144.3648099,GREATER GEELONG
T20150002640,Dry,Clear,Collision with a fixed object,Friday,Day,100,2015/02/06,16:50:00,Yes,1.0,1.0,-36.17028962,146.9153901,WODONGA
T20150002647,Dry,Clear,Collision with a fixed object,Friday,Dark No street lights,100,2015/02/06,00:15:00,Yes,1.0,1.0,-36.14919839,147.4672718,TOWONG
T20150002648,Dry,Clear,Vehicle overturned (no collision),Thursday,Day,100,2015/02/05,13:15:00,No,2.0,1.0,-38.03173135,142.9582509,MOYNE
T20150002649,Dry,Clear,Collision with vehicle,Saturday,Dusk/Dawn,60,2015/01/24,05:45:00,Yes,2.0,1.0,-38.06641695,144.3571106,GREATER GEELONG
T20150002663,Dry,Clear,Collision with a fixed object,Friday,Dark No street lights,100,2015/02/06,21:20:00,Yes,2.0,1.0,-37.02539756,144.1997633,MOUNT ALEXANDER
T20150002666,Dry,Clear,Collision with a fixed object,Friday,Dusk/Dawn,50,2015/02/06,20:28:00,Yes,1.0,1.0,-34.20018287,142.1604365,MILDURA
T20150002674,Dry,Clear,Collision with vehicle,Saturday,Dark Street lights on,60,2015/02/07,00:05:00,Yes,1.0,1.0,-37.81804976,147.5979551,EAST GIPPSLAND
T20150002681,Dry,Clear,Collision with vehicle,Saturday,Day,70,2015/02/07,10:05:00,No,2.0,1.0,-38.13664399,144.3522303,GREATER GEELONG
T20150002683,Dry,Clear,Collision with a fixed object,Saturday,Day,80,2015/02/07,11:25:00,No,1.0,1.0,-37.56078772,143.8955189,BALLARAT
T20150002687,Dry,Clear,Collision with vehicle,Saturday,Day,50,2015/02/07,13:25:00,No,2.0,1.0,-38.60381995,145.5882004,BASS COAST
T20150002707,Dry,Clear,Collision with vehicle,Saturday,Day,90,2015/02/07,17:00:00,Yes,4.0,1.0,-38.24901037,144.276763,SURF COAST
T20150002711,Dry,Clear,Vehicle overturned (no collision),Saturday,Day,50,2015/02/07,16:15:00,Yes,1.0,1.0,-36.78580626,145.153646,STRATHBOGIE
T20150002724,Dry,Clear,Collision with a fixed object,Friday,Dark No street lights,60,2015/02/06,23:40:00,Yes,2.0,1.0,-37.10448127,144.0792306,MOUNT ALEXANDER
T20150002725,Dry,Clear,Collision with vehicle,Saturday,Dusk/Dawn,60,2015/02/07,19:00:00,Yes,1.0,1.0,-38.16937784,144.333001,GREATER GEELONG
T20150002736,Dry,Clear,Collision with a fixed object,Saturday,Day,80,2015/02/07,12:05:00,No,1.0,1.0,-37.12453209,147.5381126,EAST GIPPSLAND
T20150002741,Dry,Clear,Collision with a fixed object,Sunday,Dusk/Dawn,100,2015/02/08,06:50:00,Yes,1.0,1.0,-37.05881949,143.6945297,CENTRAL GOLDFIELDS
T20150002742,Dry,Clear,Collision with a fixed object,Sunday,Dark No street lights,100,2015/02/08,01:45:00,Yes,1.0,1.0,-36.37269764,143.5575607,LODDON
T20150002749,Dry,Clear,Collision with vehicle,Sunday,Day,100,2015/02/08,12:25:00,No,5.0,2.0,-38.5232787,145.4241995,BASS COAST
T20150002755,Dry,Clear,Collision with a fixed object,Sunday,Dark No street lights,80,2015/02/08,01:00:00,Yes,1.0,1.0,-37.33557908,144.8165718,MACEDON RANGES
T20150002757,Dry,Clear,Collision with vehicle,Sunday,Day,100,2015/02/08,12:48:00,No,2.0,2.0,-37.99631015,146.1468915,BAW BAW
T20150002759,Dry,Clear,Vehicle overturned (no collision),Sunday,Day,80,2015/02/08,14:00:00,No,2.0,2.0,-38.68076008,143.3920299,COLAC OTWAY
T20150002768,Dry,Clear,Collision with vehicle,Sunday,Day,80,2015/02/08,12:18:00,No,6.0,4.0,-38.64633965,143.7079513,COLAC OTWAY
T20150002782,Dry,Clear,Collision with vehicle,Sunday,Day,60,2015/02/08,15:00:00,No,3.0,1.0,-37.81229251,147.6294694,EAST GIPPSLAND
T20150002797,Dry,Clear,No collision and no object struck,Sunday,Day,60,2015/02/08,09:30:00,Yes,1.0,1.0,-38.18232732,144.3448918,GREATER GEELONG
T20150002816,Dry,Clear,Collision with vehicle,Wednesday,Day,50,2014/12/31,12:45:00,No,1.0,1.0,-38.34316012,144.2983996,SURF COAST
T20150002818,Dry,Clear,No collision and no object struck,Friday,Dusk/Dawn,100,2015/01/30,19:30:00,Yes,1.0,1.0,-38.25777631,142.6032523,MOYNE
T20150002822,Dry,Clear,Collision with a fixed object,Monday,Day,80,2015/02/09,14:10:00,No,2.0,2.0,-37.42086084,143.3783818,PYRENEES
T20150002828,Dry,Clear,Vehicle overturned (no collision),Monday,Day,50,2015/02/09,15:25:00,No,1.0,1.0,-36.77713251,144.3012487,GREATER BENDIGO
T20150002829,Dry,Not known,Collision with vehicle,Sunday,Day,100,2015/02/08,12:00:00,No,3.0,1.0,-37.77099159,147.4232297,EAST GIPPSLAND
T20150002831,Dry,Clear,Collision with a fixed object,Monday,Day,100,2015/02/09,14:50:00,No,1.0,1.0,-37.59424702,144.1350889,MOORABOOL
T20150002833,Dry,Clear,Struck animal,Sunday,Day,100,2015/02/08,08:30:00,No,1.0,1.0,-37.3765595,142.2836882,SOUTHERN GRAMPIANS
T20150002835,Dry,Clear,Collision with vehicle,Monday,Day,60,2015/02/09,18:30:00,Yes,5.0,1.0,-37.34104142,144.1559614,HEPBURN
T20150002836,Dry,Clear,Collision with a fixed object,Friday,Day,60,2014/12/26,14:33:00,No,1.0,1.0,-36.70104296,144.3709184,GREATER BENDIGO
T20150002839,Dry,Clear,Collision with vehicle,Monday,Day,100,2015/02/09,15:50:00,No,4.0,1.0,-36.40419904,145.0681894,GREATER SHEPPARTON
T20150002844,Dry,Clear,Collision with a fixed object,Monday,Day,60,2015/02/09,16:55:00,No,2.0,1.0,-35.34761808,143.5554036,SWAN HILL
T20150002853,Dry,Clear,Collision with a fixed object,Monday,Dark No street lights,80,2015/02/09,22:00:00,Yes,2.0,1.0,-34.29573984,142.2160904,MILDURA
T20150002881,Dry,Clear,Collision with vehicle,Tuesday,Dusk/Dawn,100,2015/02/10,07:55:00,No,2.0,2.0,-36.15941974,145.5828989,MOIRA
T20150002885,Dry,Clear,Collision with a fixed object,Tuesday,Day,100,2015/02/10,09:03:00,No,1.0,1.0,-35.73538501,143.78031,GANNAWARRA
T20150002887,Dry,Not known,Collision with vehicle,Tuesday,Day,50,2015/02/10,09:15:00,No,5.0,3.0,-37.5672847,143.8477618,BALLARAT
T20150002898,Dry,Clear,Collision with vehicle,Tuesday,Day,50,2015/02/10,08:45:00,No,2.0,1.0,-36.76024904,144.2860413,GREATER BENDIGO
T20150002899,Dry,Clear,Collision with vehicle,Tuesday,Day,100,2015/02/10,12:34:00,No,2.0,2.0,-37.30247001,144.1876704,HEPBURN
T20150002904,Dry,Clear,Collision with vehicle,Friday,Day,60,2015/02/06,18:45:00,Yes,2.0,1.0,-38.2076364,146.155929,BAW BAW
T20150002921,Dry,Clear,Collision with vehicle,Tuesday,Day,60,2015/02/10,18:42:00,Yes,1.0,1.0,-38.17853033,144.3172829,GREATER GEELONG
T20150002926,Dry,Clear,Collision with a fixed object,Tuesday,Day,100,2015/02/10,17:50:00,No,1.0,1.0,-36.33461999,146.68761,INDIGO
T20150002936,Dry,Clear,Collision with a fixed object,Tuesday,Dark No street lights,100,2015/02/10,04:20:00,Yes,1.0,1.0,-38.01316978,144.5284382,GREATER GEELONG
T20150002939,Dry,Fog,Collision with a fixed object,Wednesday,Dark No street lights,100,2015/02/11,01:30:00,Yes,1.0,1.0,-37.79365394,147.6040806,EAST GIPPSLAND
T20150002941,Dry,Clear,Collision with a fixed object,Wednesday,Dark Street lights on,60,2015/02/11,06:18:00,No,1.0,1.0,-38.16542148,144.3671493,GREATER GEELONG
T20150002952,Dry,Clear,Collision with vehicle,Wednesday,Day,60,2015/02/11,08:55:00,No,2.0,1.0,-34.20095931,142.1431842,MILDURA
T20150002954,Dry,Clear,Collision with vehicle,Wednesday,Day,50,2015/02/11,09:50:00,No,5.0,1.0,-37.58388665,143.8346121,BALLARAT
T20150002962,Dry,Clear,Struck Pedestrian,Wednesday,Day,70,2015/02/11,09:10:00,No,2.0,1.0,-36.14045943,144.7481383,CAMPASPE
T20150002964,Dry,Clear,Collision with vehicle,Wednesday,Day,60,2015/02/11,08:30:00,No,2.0,1.0,-37.0350934,145.1539416,MITCHELL
T20150002965,Dry,Clear,No collision and no object struck,Saturday,Day,999,2015/02/07,15:00:00,Yes,1.0,1.0,-37.71938002,147.0092547,WELLINGTON
T20150002968,Wet,Clear,Collision with vehicle,Thursday,Day,50,2015/01/29,14:25:00,No,2.0,1.0,-38.23046583,146.441627,LATROBE
T20150002969,Dry,Clear,Vehicle overturned (no collision),Wednesday,Day,100,2015/02/11,10:55:00,No,1.0,1.0,-37.91469948,143.7888702,GOLDEN PLAINS
T20150002971,Dry,Clear,Collision with vehicle,Tuesday,Day,110,2015/02/10,16:45:00,No,1.0,1.0,-38.20653557,146.3146318,LATROBE
T20150002975,Dry,Fog,Vehicle overturned (no collision),Wednesday,Dark No street lights,100,2015/02/11,03:30:00,Yes,1.0,1.0,-38.40246171,143.0027149,CORANGAMITE
T20150002994,Dry,Clear,Collision with a fixed object,Wednesday,Day,100,2015/02/11,12:20:00,No,1.0,1.0,-36.89881074,141.5063702,WEST WIMMERA
T20150003000,Dry,Clear,Collision with vehicle,Wednesday,Day,100,2015/02/11,17:15:00,No,3.0,1.0,-37.02450565,144.2369784,MOUNT ALEXANDER
T20150003011,Dry,Clear,Collision with vehicle,Wednesday,Day,100,2015/02/11,16:40:00,No,2.0,2.0,-36.01092011,146.6193711,INDIGO
T20150003012,Dry,Clear,Collision with vehicle,Wednesday,Day,70,2015/02/11,16:45:00,No,2.0,1.0,-38.16180037,144.3781194,GREATER GEELONG
T20150003014,Dry,Clear,Vehicle overturned (no collision),Wednesday,Day,100,2015/02/11,17:00:00,No,1.0,1.0,-37.23626537,144.3345809,HEPBURN
T20150003028,Dry,Clear,Collision with vehicle,Sunday,Day,50,2015/02/08,16:00:00,Yes,3.0,1.0,-37.55585594,143.8232921,BALLARAT
T20150003035,Dry,Clear,No collision and no object struck,Thursday,Dark No street lights,100,2015/01/29,19:00:00,Yes,2.0,2.0,-37.29014198,145.2869068,MURRINDINDI
T20150003037,Dry,Clear,Collision with vehicle,Thursday,Day,60,2015/02/12,10:30:00,No,3.0,2.0,-38.28305025,144.4497699,GREATER GEELONG
T20150003046,Dry,Clear,Collision with a fixed object,Thursday,Day,100,2015/02/12,08:30:00,No,1.0,1.0,-37.51242879,149.1696986,EAST GIPPSLAND
T20150003048,Unknown,Not known,Collision with vehicle,Tuesday,Day,110,2015/02/10,17:20:00,No,2.0,1.0,-37.54993247,144.0343995,MOORABOOL
T20150003053,Dry,Clear,Collision with vehicle,Thursday,Day,100,2015/02/12,11:00:00,No,2.0,1.0,-37.74661328,147.7575423,EAST GIPPSLAND
T20150003055,Dry,Clear,Collision with a fixed object,Thursday,Day,100,2015/02/12,12:20:00,No,1.0,1.0,-36.62276287,143.3174904,NORTHERN GRAMPIANS
T20150003058,Unknown,Clear,Collision with a fixed object,Saturday,Day,999,2015/01/31,13:00:00,No,1.0,1.0,-38.02123105,146.0245787,BAW BAW
T20150003066,Dry,Clear,Collision with vehicle,Thursday,Day,60,2015/02/12,16:00:00,No,4.0,3.0,-37.40669886,144.9798605,MITCHELL
T20150003068,Dry,Clear,Collision with vehicle,Thursday,Day,70,2015/02/12,14:00:00,No,3.0,1.0,-37.55136979,143.8086593,BALLARAT
T20150003075,Dry,Clear,Collision with vehicle,Thursday,Day,50,2015/02/12,17:30:00,No,3.0,3.0,-36.71177089,142.2048887,HORSHAM
T20150003085,Dry,Clear,Collision with vehicle,Thursday,Day,50,2015/02/12,17:00:00,No,2.0,1.0,-36.76183665,144.2777685,GREATER BENDIGO
T20150003094,Dry,Clear,Collision with a fixed object,Thursday,Day,80,2015/02/12,16:15:00,No,3.0,1.0,-38.69233284,143.3637322,COLAC OTWAY
T20150003096,Dry,Clear,Collision with vehicle,Thursday,Day,50,2015/02/12,15:00:00,No,2.0,2.0,-37.5788387,143.8379709,BALLARAT
T20150003102,Dry,Clear,Collision with vehicle,Thursday,Dark No street lights,110,2015/02/12,22:25:00,Yes,2.0,1.0,-37.3851099,145.0259424,MITCHELL
T20150003107,Dry,Clear,No collision and no object struck,Friday,Dark Street lights on,50,2015/02/13,00:10:00,Yes,1.0,1.0,-38.17681791,146.265409,LATROBE
T20150003108,Dry,Clear,Struck animal,Thursday,Dark No street lights,100,2015/02/12,23:30:00,Yes,1.0,1.0,-37.43612994,144.7461692,MACEDON RANGES
T20150003114,Dry,Clear,Vehicle overturned (no collision),Thursday,Day,80,2015/02/12,12:20:00,No,1.0,1.0,-36.15282425,147.5020154,TOWONG
T20150003125,Dry,Clear,Collision with vehicle,Friday,Day,40,2015/02/13,08:50:00,No,3.0,1.0,-35.92427999,145.6598568,MOIRA
T20150003133,Dry,Clear,Collision with a fixed object,Friday,Day,50,2015/02/13,09:25:00,No,2.0,2.0,-36.7488016,144.2815297,GREATER BENDIGO
T20150003142,Dry,Clear,Collision with a fixed object,Thursday,Day,100,2014/10/16,16:30:00,No,1.0,1.0,-36.85065009,144.3237372,GREATER BENDIGO
T20150003150,Dry,Clear,Collision with vehicle,Thursday,Day,60,2015/02/12,18:30:00,Yes,3.0,2.0,-37.5734866,143.8465602,BALLARAT
T20150003153,Dry,Clear,Struck animal,Sunday,Day,100,2015/02/01,17:00:00,Yes,1.0,1.0,-37.12982039,144.3536634,MOUNT ALEXANDER
T20150003158,Dry,Clear,Collision with vehicle,Wednesday,Day,50,2015/02/11,12:10:00,No,4.0,1.0,-38.14275771,144.3599212,GREATER GEELONG
T20150003159,Wet,Raining,Collision with vehicle,Friday,Day,60,2015/02/13,17:40:00,No,2.0,1.0,-37.59535506,143.831457,BALLARAT
T20150003161,Dry,Clear,Collision with vehicle,Friday,Day,100,2015/02/13,17:40:00,Yes,4.0,1.0,-36.13607008,146.2667027,WANGARATTA
T20150003168,Wet,Raining,Struck Pedestrian,Friday,Dark Street lights on,50,2015/02/13,21:10:00,Yes,3.0,1.0,-38.17724981,146.2572799,LATROBE
T20150003172,Wet,Clear,Collision with a fixed object,Friday,Day,100,2015/02/13,16:00:00,No,1.0,1.0,-37.22274961,143.5189957,PYRENEES
T20150003173,Dry,Strong winds,Vehicle overturned (no collision),Friday,Day,100,2015/02/13,16:00:00,Yes,1.0,1.0,-37.47650332,142.9440972,ARARAT
T20150003176,Dry,Clear,Collision with vehicle,Friday,Dark Street lights on,50,2015/02/13,21:00:00,Yes,5.0,1.0,-37.87898506,147.9889491,EAST GIPPSLAND
T20150003179,Wet,Clear,Collision with a fixed object,Friday,Dusk/Dawn,100,2015/02/13,19:00:00,Yes,2.0,1.0,-36.97019053,143.484797,PYRENEES
T20150003181,Wet,Raining,Collision with a fixed object,Friday,Dark No street lights,110,2015/02/13,20:15:00,Yes,2.0,2.0,-36.62995302,145.7436521,STRATHBOGIE
T20150003186,Wet,Raining,Collision with a fixed object,Friday,Dark Street lights on,60,2015/02/13,23:30:00,Yes,1.0,1.0,-37.57652031,143.8778593,BALLARAT
T20150003191,Wet,Raining,Collision with a fixed object,Saturday,Dark No street lights,100,2015/02/14,00:10:00,Yes,2.0,2.0,-37.10298148,144.2971783,MOUNT ALEXANDER
T20150003194,Dry,Clear,Collision with vehicle,Friday,Day,60,2015/02/13,08:25:00,No,2.0,1.0,-37.54363915,143.8596599,BALLARAT
T20150003207,Wet,Raining,Collision with a fixed object,Saturday,Day,100,2015/02/14,08:52:00,No,3.0,3.0,-37.3730996,144.1972008,HEPBURN
T20150003211,Dry,Clear,Collision with vehicle,Saturday,Day,50,2015/02/14,09:10:00,No,4.0,4.0,-36.70262781,142.1975718,HORSHAM
T20150003213,Dry,Clear,Struck animal,Saturday,Day,80,2015/02/14,10:30:00,No,1.0,1.0,-37.13259094,142.4997022,NORTHERN GRAMPIANS
T20150003216,Dry,Clear,Struck animal,Saturday,Day,100,2015/02/07,15:00:00,Yes,1.0,1.0,-36.45711647,143.6014671,LODDON
T20150003221,Wet,Raining,Collision with vehicle,Saturday,Day,50,2015/02/14,14:00:00,No,3.0,1.0,-36.1361394,146.8915395,WODONGA
T20150003229,Wet,Fog,Vehicle overturned (no collision),Saturday,Day,100,2015/02/14,11:30:00,No,2.0,2.0,-37.10083927,146.4809225,MANSFIELD
T20150003231,Dry,Clear,Collision with vehicle,Saturday,Day,50,2015/02/14,15:45:00,Yes,2.0,1.0,-38.17775126,144.3537157,GREATER GEELONG
T20150003233,Wet,Raining,Collision with a fixed object,Friday,Dark No street lights,80,2015/02/13,22:35:00,Yes,1.0,1.0,-37.39662263,144.2474013,HEPBURN
T20150003245,Dry,Clear,Collision with a fixed object,Saturday,Dark No street lights,100,2015/02/14,01:00:00,Yes,1.0,1.0,-34.27117054,142.1844978,MILDURA
T20150003250,Dry,Clear,Collision with vehicle,Saturday,Dusk/Dawn,80,2015/02/14,18:00:00,Yes,3.0,2.0,-38.20808649,144.3684265,GREATER GEELONG
T20150003256,Dry,Clear,Collision with vehicle,Saturday,Dusk/Dawn,60,2015/02/14,19:00:00,Yes,3.0,1.0,-37.55100179,143.8794591,BALLARAT
T20150003257,Dry,Clear,Fall from or in moving vehicle,Saturday,Dark Street lights on,50,2015/02/14,20:40:00,Yes,2.0,1.0,-38.08567411,144.3633007,GREATER GEELONG
T20150003260,Dry,Clear,Collision with a fixed object,Saturday,Dark No street lights,80,2015/02/14,22:50:00,Yes,1.0,1.0,-38.1678803,144.4233397,GREATER GEELONG
T20150003264,Wet,Clear,Collision with a fixed object,Saturday,Day,80,2015/02/14,09:25:00,No,1.0,1.0,-37.10227053,144.2965089,MOUNT ALEXANDER
T20150003274,Dry,Clear,Collision with a fixed object,Sunday,Dusk/Dawn,60,2015/02/15,06:48:00,No,1.0,1.0,-38.17256031,144.5586727,GREATER GEELONG
T20150003276,Dry,Not known,No collision and no object struck,Thursday,Day,100,2015/02/12,14:00:00,No,1.0,1.0,-38.39382003,146.474472,LATROBE
T20150003279,Dry,Clear,collision with some other object,Sunday,Dark No street lights,100,2015/02/15,01:30:00,Yes,2.0,1.0,-38.74944018,143.5541002,COLAC OTWAY
T20150003280,Dry,Clear,Collision with vehicle,Saturday,Day,100,2015/02/14,17:15:00,Yes,2.0,1.0,-37.3888775,144.8930248,MACEDON RANGES
T20150003281,Dry,Clear,Collision with a fixed object,Saturday,Day,80,2015/02/14,12:00:00,No,1.0,1.0,-37.03770989,145.1584201,MITCHELL
T20150003289,Dry,Clear,Collision with vehicle,Sunday,Day,100,2015/02/15,12:00:00,No,5.0,1.0,-38.47223771,145.6271341,BASS COAST
T20150003294,Dry,Clear,Collision with vehicle,Sunday,Day,60,2015/02/15,13:48:00,No,1.0,1.0,-38.33415812,143.6011992,COLAC OTWAY
T20150003297,Dry,Clear,Vehicle overturned (no collision),Sunday,Day,110,2015/02/15,09:00:00,No,2.0,1.0,-34.22822443,141.997404,MILDURA
T20150003299,Dry,Clear,Collision with a fixed object,Sunday,Dusk/Dawn,100,2015/02/15,06:40:00,Yes,5.0,5.0,-37.52600958,141.0353004,GLENELG
T20150003301,Dry,Clear,Fall from or in moving vehicle,Saturday,Dusk/Dawn,40,2015/02/14,19:45:00,Yes,2.0,1.0,-37.14619303,146.4431178,MOUNT BULLER ALPINE RESORT (UNINC)
T20150003306,Dry,Clear,Collision with a fixed object,Sunday,Day,100,2015/02/15,12:30:00,No,1.0,1.0,-36.8039026,147.4834704,EAST GIPPSLAND
T20150003314,Dry,Clear,Collision with vehicle,Sunday,Day,60,2015/02/15,18:15:00,Yes,3.0,2.0,-38.1731818,146.2615676,LATROBE
T20150003318,Dry,Clear,Collision with vehicle,Sunday,Day,60,2015/02/15,18:30:00,Yes,5.0,5.0,-35.33953209,143.5553603,SWAN HILL
T20150003324,Dry,Clear,Struck Pedestrian,Sunday,Dark No street lights,110,2015/02/15,21:08:00,Yes,3.0,1.0,-36.08007983,146.76356,WODONGA
T20150003326,Dry,Clear,Vehicle overturned (no collision),Monday,Dark No street lights,60,2015/02/16,00:40:00,Yes,4.0,2.0,-37.07279213,142.7656947,NORTHERN GRAMPIANS
T20150003329,Dry,Clear,Collision with vehicle,Friday,Day,60,2015/01/09,15:13:00,No,5.0,1.0,-37.28303852,142.9369515,ARARAT
T20150003341,Dry,Clear,Collision with vehicle,Monday,Day,60,2015/02/16,08:30:00,No,2.0,1.0,-38.17251966,144.318594,GREATER GEELONG
T20150003343,Dry,Clear,Collision with vehicle,Monday,Day,100,2015/02/16,09:00:00,No,3.0,1.0,-38.18194241,144.6435828,GREATER GEELONG
T20150003344,Dry,Clear,Collision with vehicle,Monday,Day,100,2015/02/16,09:00:00,No,4.0,1.0,-36.85393021,142.4211797,HORSHAM
T20150003351,Dry,Clear,Vehicle overturned (no collision),Monday,Day,70,2015/02/16,10:30:00,No,1.0,1.0,-37.76004889,147.356761,EAST GIPPSLAND
T20150003352,Unknown,Not known,Vehicle overturned (no collision),Tuesday,Day,999,2014/11/04,12:00:00,No,3.0,2.0,-37.54164926,146.6180601,WELLINGTON
T20150003353,Dry,Clear,Collision with vehicle,Monday,Day,100,2015/02/16,11:50:00,No,3.0,3.0,-36.53907978,142.1146533,HORSHAM
T20150003376,Dry,Not known,No collision and no object struck,Sunday,Day,999,2015/02/08,11:00:00,No,1.0,1.0,-38.00201977,145.8071001,BAW BAW
T20150003377,Dry,Clear,Struck Pedestrian,Monday,Day,50,2015/02/16,14:50:00,No,2.0,1.0,-36.71791414,144.2525465,GREATER BENDIGO
T20150003382,Dry,Clear,Collision with vehicle,Monday,Day,50,2015/02/16,14:50:00,No,1.0,1.0,-36.7759104,144.2629937,GREATER BENDIGO
T20150003384,Dry,Clear,Struck Pedestrian,Monday,Day,60,2015/02/16,15:45:00,No,2.0,1.0,-37.06032007,142.7763302,NORTHERN GRAMPIANS
T20150003392,Dry,Clear,Vehicle overturned (no collision),Monday,Day,50,2015/02/16,16:35:00,No,1.0,1.0,-37.05048693,143.740085,CENTRAL GOLDFIELDS
T20150003394,Dry,Clear,Collision with vehicle,Monday,Day,100,2015/02/16,15:50:00,No,22.0,7.0,-36.40331806,141.9612729,HINDMARSH
T20150003397,Dry,Clear,Vehicle overturned (no collision),Monday,Dusk/Dawn,100,2015/02/16,19:40:00,Yes,1.0,1.0,-37.37673931,141.5631678,SOUTHERN GRAMPIANS
T20150003405,Dry,Clear,Collision with a fixed object,Monday,Dark Street lights on,60,2015/02/16,23:00:00,Yes,1.0,1.0,-38.16491488,144.3293377,GREATER GEELONG
T20150003409,Dry,Clear,Collision with a fixed object,Tuesday,Dusk/Dawn,80,2015/02/17,07:00:00,No,1.0,1.0,-36.7295799,144.23456,GREATER BENDIGO
T20150003411,Dry,Clear,Collision with vehicle,Tuesday,Dusk/Dawn,60,2015/02/17,07:40:00,No,2.0,1.0,-36.76912353,144.2920962,GREATER BENDIGO
T20150003417,Wet,Raining,No collision and no object struck,Thursday,Day,100,2015/02/12,15:00:00,No,1.0,1.0,-36.2447111,146.9609256,INDIGO
T20150003422,Wet,Clear,Collision with vehicle,Friday,Day,100,2015/02/13,18:10:00,Yes,3.0,1.0,-38.34508656,143.4564228,COLAC OTWAY
T20150003424,Wet,Clear,Collision with a fixed object,Tuesday,Day,110,2015/02/17,08:56:00,No,1.0,1.0,-38.19128071,146.2836955,LATROBE
T20150003441,Dry,Clear,Collision with vehicle,Tuesday,Day,60,2015/01/06,17:19:00,No,3.0,1.0,-36.35145541,146.3159413,WANGARATTA
T20150003443,Dry,Clear,Collision with vehicle,Tuesday,Day,60,2015/02/17,14:20:00,No,2.0,1.0,-38.16239721,144.3566299,GREATER GEELONG
T20150003449,Dry,Clear,Collision with vehicle,Tuesday,Day,60,2015/02/17,14:12:00,No,2.0,1.0,-36.75147505,145.5765868,STRATHBOGIE
T20150003451,Dry,Clear,Vehicle overturned (no collision),Tuesday,Day,110,2015/02/17,14:45:00,No,1.0,1.0,-36.93698879,145.2133167,STRATHBOGIE
T20150003453,Dry,Clear,Collision with vehicle,Thursday,Day,60,2015/02/12,17:10:00,No,2.0,1.0,-38.18134968,144.3911401,GREATER GEELONG
T20150003462,Dry,Clear,Vehicle overturned (no collision),Sunday,Day,80,2015/02/15,15:00:00,No,1.0,1.0,-38.55687994,143.6935086,COLAC OTWAY
T20150003470,Dry,Clear,Collision with vehicle,Tuesday,Day,60,2015/02/17,16:05:00,No,4.0,1.0,-38.19551166,146.5158141,LATROBE
T20150003475,Dry,Clear,Vehicle overturned (no collision),Tuesday,Day,100,2015/02/17,15:50:00,No,1.0,1.0,-36.37138002,145.2228476,GREATER SHEPPARTON
T20150003476,Dry,Clear,Collision with vehicle,Tuesday,Dark No street lights,60,2015/01/27,02:00:00,Yes,2.0,1.0,-38.41525017,145.4388559,BASS COAST
T20150003491,Dry,Clear,Collision with vehicle,Tuesday,Dusk/Dawn,60,2015/02/17,19:40:00,Yes,2.0,1.0,-36.7735254,144.2904313,GREATER BENDIGO
T20150003493,Dry,Clear,Collision with a fixed object,Sunday,Dark No street lights,100,2014/12/07,22:10:00,No,1.0,1.0,-37.89873391,147.6586025,EAST GIPPSLAND
T20150003501,Dry,Clear,Collision with vehicle,Wednesday,Day,60,2015/02/18,08:25:00,No,3.0,1.0,-38.20150133,146.5445509,LATROBE
T20150003510,Wet,Raining,Collision with vehicle,Wednesday,Dark No street lights,80,2015/02/18,05:30:00,Yes,2.0,2.0,-35.92532377,145.6319092,MOIRA
T20150003513,Dry,Clear,Collision with vehicle,Wednesday,Day,60,2015/01/21,15:15:00,No,3.0,1.0,-37.55038455,143.8200841,BALLARAT
T20150003514,Dry,Clear,Collision with vehicle,Wednesday,Day,100,2015/02/18,10:45:00,No,3.0,1.0,-38.76080565,143.6022112,COLAC OTWAY
T20150003518,Dry,Clear,Collision with vehicle,Wednesday,Day,50,2015/02/18,11:20:00,No,2.0,1.0,-37.60573453,143.8353286,BALLARAT
T20150003519,Dry,Clear,Collision with a fixed object,Monday,Dusk/Dawn,110,2015/02/16,20:00:00,Yes,1.0,1.0,-37.14772945,145.0812274,MITCHELL
T20150003522,Dry,Clear,Collision with vehicle,Wednesday,Unknown,50,2015/02/11,11:50:00,No,2.0,1.0,-38.15311485,144.3608993,GREATER GEELONG
T20150003540,Dry,Clear,Collision with a fixed object,Wednesday,Day,60,2015/02/18,11:30:00,No,1.0,1.0,-38.15349999,144.3339499,GREATER GEELONG
T20150003546,Dry,Clear,collision with some other object,Sunday,Day,100,2015/02/15,09:35:00,Yes,1.0,1.0,-37.85275017,146.4502463,BAW BAW
T20150003550,Dry,Clear,Struck Pedestrian,Wednesday,Day,40,2015/02/18,15:10:00,No,2.0,1.0,-38.2523441,141.7168086,GLENELG
T20150003552,Dry,Clear,Collision with vehicle,Wednesday,Day,50,2015/02/18,16:25:00,No,2.0,1.0,-36.75769718,144.2811813,GREATER BENDIGO
T20150003554,Dry,Clear,Collision with vehicle,Friday,Day,50,2014/11/21,13:00:00,No,4.0,2.0,-36.71955876,142.1929026,HORSHAM
T20150003564,Dry,Clear,Collision with vehicle,Wednesday,Day,50,2015/02/18,18:00:00,Yes,3.0,1.0,-36.77361204,144.250038,GREATER BENDIGO
T20150003574,Dry,Clear,Collision with vehicle,Wednesday,Dusk/Dawn,50,2015/02/18,19:00:00,Yes,2.0,1.0,-36.76912353,144.2920962,GREATER BENDIGO
T20150003583,Dry,Clear,Struck Pedestrian,Thursday,Day,60,2015/02/19,09:15:00,No,2.0,1.0,-34.20695828,142.1366023,MILDURA