Accident_No,Surface_Cond_Desc,Atmosph_Cond_Desc,Accident_Type_Desc,Day,Light_Condition_Desc,Speed_Zone,Accident_Date,Accident_Time,Alcohol_Influence,Total_Persons_Inv,Inj_Or_Fatal,Lat,Long,LGA
T20150003586,Dry,Clear,Collision with a fixed object,Thursday,Dusk/Dawn,110,2015/02/19,07:55:00,No,1.0,1.0,-37.03079083,145.1012387,MITCHELL
T20150003604,Dry,Clear,Vehicle overturned (no collision),Sunday,Day,50,2015/02/15,13:00:00,No,1.0,1.0,-38.23013161,144.0510156,SURF COAST
T20150003610,Dry,Not known,Collision with vehicle,Sunday,Day,50,2015/02/15,16:00:00,Yes,3.0,2.0,-37.55587008,143.8483507,BALLARAT
T20150003611,Dry,Clear,Collision with vehicle,Tuesday,Day,60,2015/02/03,15:00:00,No,2.0,1.0,-37.57262698,143.8385486,BALLARAT
T20150003620,Dry,Not known,No collision and no object struck,Thursday,Day,50,2015/01/22,10:30:00,No,1.0,1.0,-37.54326678,143.8203206,BALLARAT
T20150003626,Dry,Clear,Collision with vehicle,Thursday,Day,50,2015/02/19,17:20:00,No,2.0,1.0,-37.83002113,147.6062788,EAST GIPPSLAND
T20150003629,Dry,Clear,Collision with vehicle,Thursday,Day,50,2015/02/19,17:00:00,No,4.0,2.0,-37.56313105,143.8485545,BALLARAT
T20150003632,Dry,Clear,Collision with vehicle,Thursday,Day,50,2015/02/19,16:20:00,No,1.0,1.0,-37.57220048,143.8597706,BALLARAT
T20150003634,Dry,Clear,Collision with a fixed object,Thursday,Day,100,2015/02/19,16:06:00,No,4.0,3.0,-37.67742467,144.0035906,MOORABOOL
T20150003643,Dry,Clear,Collision with vehicle,Thursday,Day,100,2015/02/19,18:15:00,Yes,5.0,1.0,-38.52084804,145.3910654,BASS COAST
T20150003645,Dry,Clear,Collision with vehicle,Thursday,Day,60,2015/02/19,14:56:00,No,5.0,1.0,-37.55322051,143.8195542,BALLARAT
T20150003653,Dry,Clear,Collision with a fixed object,Monday,Day,100,2014/12/15,15:30:00,No,1.0,1.0,-37.24031286,144.4600583,MACEDON RANGES
T20150003656,Dry,Clear,Collision with vehicle,Thursday,Dark Street lights on,60,2015/02/19,23:10:00,Yes,1.0,1.0,-38.19144955,144.3149958,GREATER GEELONG
T20150003663,Dry,Clear,Vehicle overturned (no collision),Monday,Day,100,2015/02/16,14:30:00,No,1.0,1.0,-37.21220923,147.6873311,EAST GIPPSLAND
T20150003671,Dry,Clear,Collision with vehicle,Friday,Day,60,2015/02/20,09:30:00,No,3.0,1.0,-37.56804251,143.8597151,BALLARAT
T20150003679,Dry,Clear,Collision with vehicle,Friday,Day,100,2015/02/20,10:45:00,No,2.0,2.0,-36.57894458,145.9905432,BENALLA
T20150003682,Dry,Clear,Collision with vehicle,Friday,Day,110,2015/02/20,11:10:00,No,2.0,1.0,-38.20344182,146.1819873,BAW BAW
T20150003683,Dry,Clear,Collision with vehicle,Friday,Day,60,2015/02/20,09:35:00,No,2.0,1.0,-38.12966453,144.3305591,GREATER GEELONG
T20150003695,Dry,Clear,Collision with vehicle,Friday,Day,80,2015/02/20,11:30:00,No,3.0,2.0,-38.23005055,144.3359773,GREATER GEELONG
T20150003696,Dry,Clear,Collision with vehicle,Friday,Day,60,2015/02/20,12:55:00,No,6.0,2.0,-38.38187451,142.4880103,WARRNAMBOOL
T20150003703,Dry,Clear,No collision and no object struck,Tuesday,Dusk/Dawn,60,2015/01/13,20:00:00,Yes,1.0,1.0,-37.66344957,144.4151111,MOORABOOL
T20150003715,Dry,Clear,Collision with vehicle,Wednesday,Day,50,2015/02/18,15:30:00,No,3.0,3.0,-37.28755987,142.9493689,ARARAT
T20150003716,Dry,Clear,Collision with vehicle,Friday,Day,50,2015/02/20,16:30:00,Yes,3.0,1.0,-36.12116991,144.7462706,CAMPASPE
T20150003717,Dry,Clear,Collision with vehicle,Friday,Day,40,2015/02/20,15:20:00,No,2.0,1.0,-37.75097414,148.242669,EAST GIPPSLAND
T20150003720,Dry,Clear,Vehicle overturned (no collision),Friday,Day,100,2015/02/20,16:45:00,Yes,1.0,1.0,-36.1302508,143.0013122,BULOKE
T20150003721,Dry,Not known,Collision with vehicle,Friday,Day,50,2015/02/20,17:50:00,No,4.0,1.0,-37.55954521,143.8567067,BALLARAT
T20150003739,Dry,Clear,Collision with vehicle,Friday,Dusk/Dawn,60,2015/02/20,19:30:00,Yes,3.0,1.0,-36.1211921,146.864469,WODONGA
T20150003743,Dry,Clear,Collision with vehicle,Friday,Dark Street lights on,80,2015/02/20,20:15:00,Yes,2.0,1.0,-36.80263836,144.2423217,GREATER BENDIGO
T20150003750,Dry,Clear,No collision and no object struck,Friday,Dark No street lights,110,2015/02/20,05:15:00,Yes,3.0,1.0,-34.42912907,142.1908344,MILDURA
T20150003751,Dry,Clear,Collision with a fixed object,Saturday,Dark Street lights on,50,2015/02/21,02:20:00,Yes,2.0,2.0,-38.11401009,144.333273,GREATER GEELONG
T20150003763,Unknown,Not known,Collision with vehicle,Thursday,Day,50,2015/02/19,15:30:00,No,2.0,1.0,-38.15761991,144.3739701,GREATER GEELONG
T20150003765,Dry,Clear,Vehicle overturned (no collision),Saturday,Dark No street lights,100,2015/02/21,04:15:00,Yes,1.0,1.0,-37.03806985,141.3334529,WEST WIMMERA
T20150003769,Dry,Clear,Collision with vehicle,Saturday,Day,50,2015/02/21,11:30:00,No,2.0,1.0,-37.57671734,143.8379605,BALLARAT
T20150003793,Dry,Clear,Collision with a fixed object,Friday,Dark No street lights,100,2015/02/20,22:00:00,Yes,1.0,1.0,-38.3247199,146.3305602,LATROBE
T20150003824,Dry,Clear,Collision with a fixed object,Sunday,Dark Street lights on,60,2015/02/22,05:10:00,No,1.0,1.0,-38.37109977,142.4878076,WARRNAMBOOL
T20150003833,Dry,Clear,Collision with vehicle,Sunday,Day,60,2015/02/22,11:20:00,No,3.0,3.0,-37.60573453,143.8353286,BALLARAT
T20150003834,Dry,Clear,Vehicle overturned (no collision),Sunday,Day,999,2015/02/08,11:00:00,No,1.0,1.0,-37.29945898,145.3793074,MURRINDINDI
T20150003839,Dry,Clear,Collision with a fixed object,Sunday,Day,80,2015/02/22,08:50:00,Yes,1.0,1.0,-37.53717433,145.3757412,MURRINDINDI
T20150003860,Dry,Clear,Collision with vehicle,Saturday,Dark No street lights,80,2015/02/21,21:00:00,Yes,2.0,1.0,-38.89904984,146.2484561,SOUTH GIPPSLAND
T20150003861,Dry,Clear,Collision with vehicle,Sunday,Day,50,2015/02/22,18:00:00,Yes,5.0,1.0,-38.14550281,144.3558573,GREATER GEELONG
T20150003869,Wet,Clear,Collision with a fixed object,Sunday,Day,100,2015/02/22,14:00:00,No,2.0,1.0,-37.85320853,146.1333766,BAW BAW
T20150003870,Wet,Clear,Collision with a fixed object,Sunday,Day,100,2015/02/22,16:30:00,Yes,4.0,3.0,-37.84241953,146.1593298,BAW BAW
T20150003871,Wet,Clear,Collision with a fixed object,Sunday,Day,100,2015/02/22,18:55:00,Yes,2.0,1.0,-38.22699949,146.1593616,BAW BAW
T20150003889,Dry,Clear,Collision with a fixed object,Sunday,Day,100,2015/02/22,12:15:00,No,1.0,1.0,-37.24742569,145.1792964,MURRINDINDI
T20150003891,Wet,Clear,Collision with a fixed object,Sunday,Day,80,2015/02/01,16:30:00,No,3.0,1.0,-37.43183322,143.9016282,HEPBURN
T20150003898,Dry,Clear,Collision with vehicle,Sunday,Day,50,2015/02/22,11:50:00,No,1.0,1.0,-34.18134353,142.1571139,MILDURA
T20150003910,Dry,Clear,Collision with vehicle,Monday,Day,80,2015/02/23,09:00:00,No,2.0,1.0,-38.29103424,146.4295002,LATROBE
T20150003921,Dry,Clear,Collision with a fixed object,Saturday,Day,100,2015/02/21,10:00:00,No,1.0,1.0,-38.01188464,145.9935869,BAW BAW
T20150003925,Dry,Clear,Collision with vehicle,Wednesday,Dusk/Dawn,80,2015/01/21,19:45:00,Yes,2.0,1.0,-34.22366039,142.1358521,MILDURA
T20150003930,Wet,Clear,Collision with a fixed object,Monday,Day,100,2015/02/23,15:20:00,No,1.0,1.0,-38.19025938,147.2799603,WELLINGTON
T20150003931,Dry,Clear,Vehicle overturned (no collision),Monday,Day,60,2015/02/23,13:20:00,No,1.0,1.0,-38.05057213,144.1512694,GOLDEN PLAINS
T20150003950,Dry,Clear,Collision with vehicle,Monday,Day,50,2015/02/23,17:50:00,Yes,8.0,3.0,-35.92214087,145.6465278,MOIRA
T20150003952,Wet,Raining,Collision with a fixed object,Monday,Day,100,2015/02/23,16:40:00,No,2.0,2.0,-38.00151958,146.3709106,BAW BAW
T20150003955,Wet,Raining,Vehicle overturned (no collision),Monday,Day,999,2015/02/23,12:45:00,No,1.0,1.0,-37.45496899,145.4627915,MURRINDINDI
T20150003958,Dry,Clear,Collision with vehicle,Monday,Dark Street lights on,50,2015/02/23,20:20:00,Yes,2.0,1.0,-36.38510119,145.3975018,GREATER SHEPPARTON
T20150003985,Dry,Clear,Collision with vehicle,Tuesday,Day,100,2015/02/24,09:30:00,No,2.0,1.0,-36.37085869,146.2591602,WANGARATTA
T20150003986,Dry,Clear,Struck animal,Tuesday,Dusk/Dawn,90,2015/02/10,06:10:00,No,1.0,1.0,-36.77112861,144.3995952,GREATER BENDIGO
T20150003987,Dry,Clear,No collision and no object struck,Saturday,Day,999,2015/01/31,09:30:00,No,1.0,1.0,-37.37789975,145.1468564,MITCHELL
T20150003989,Dry,Clear,Collision with vehicle,Saturday,Dark Street lights on,60,2015/02/21,22:40:00,Yes,2.0,1.0,-38.16757924,144.350644,GREATER GEELONG
T20150004003,Dry,Clear,Collision with a fixed object,Monday,Dark Street lights on,100,2015/02/23,22:44:00,Yes,1.0,1.0,-38.21220999,144.29439,GREATER GEELONG
T20150004006,Dry,Clear,Collision with a fixed object,Monday,Day,100,2015/02/23,16:15:00,No,1.0,1.0,-36.36721245,141.8218996,HINDMARSH
T20150004007,Dry,Clear,Collision with vehicle,Tuesday,Day,50,2015/02/24,14:40:00,No,5.0,1.0,-38.33734461,143.586944,COLAC OTWAY
T20150004009,Dry,Clear,No collision and no object struck,Saturday,Day,100,2015/02/21,12:00:00,No,1.0,1.0,-38.03577423,145.9350092,BAW BAW
T20150004012,Dry,Clear,Collision with vehicle,Saturday,Day,60,2015/02/21,12:30:00,No,2.0,1.0,-36.78532598,144.2521392,GREATER BENDIGO
T20150004025,Dry,Clear,Struck animal,Tuesday,Dusk/Dawn,60,2015/02/24,06:45:00,No,1.0,1.0,-37.87774895,142.2985819,SOUTHERN GRAMPIANS
T20150004033,Dry,Clear,No collision and no object struck,Tuesday,Dark Street lights on,50,2015/02/24,22:10:00,Yes,1.0,1.0,-38.19323297,144.3400094,GREATER GEELONG
T20150004044,Dry,Clear,Collision with vehicle,Wednesday,Dusk/Dawn,100,2015/02/25,06:45:00,No,2.0,2.0,-38.20014075,147.0964833,WELLINGTON
T20150004061,Dry,Clear,Collision with vehicle,Wednesday,Day,100,2015/02/25,10:10:00,No,2.0,1.0,-36.35244985,144.43871,CAMPASPE
T20150004081,Dry,Clear,Collision with vehicle,Wednesday,Day,60,2015/02/25,15:00:00,No,1.0,1.0,-37.5692867,143.8504142,BALLARAT
T20150004085,Dry,Clear,Collision with a fixed object,Wednesday,Day,60,2015/02/25,14:25:00,No,2.0,1.0,-37.05079468,143.7225903,CENTRAL GOLDFIELDS
T20150004089,Dry,Clear,Collision with vehicle,Wednesday,Day,60,2015/02/25,17:10:00,No,4.0,1.0,-38.140285,144.336427,GREATER GEELONG
T20150004102,Dry,Clear,Collision with a fixed object,Saturday,Dusk/Dawn,100,2015/02/21,19:00:00,Yes,1.0,1.0,-36.6624006,144.0986289,GREATER BENDIGO
T20150004116,Dry,Clear,Collision with vehicle,Thursday,Dusk/Dawn,100,2015/02/26,07:00:00,No,3.0,1.0,-36.41410779,145.2226303,GREATER SHEPPARTON
T20150004121,Unknown,Not known,Collision with vehicle,Friday,Day,60,2014/12/12,08:10:00,No,2.0,1.0,-37.5598574,143.8390233,BALLARAT
T20150004123,Dry,Clear,Vehicle overturned (no collision),Thursday,Dusk/Dawn,100,2015/02/26,07:45:00,No,1.0,1.0,-38.35499089,143.0575065,CORANGAMITE
T20150004127,Wet,Clear,No collision and no object struck,Thursday,Dusk/Dawn,60,2015/02/26,06:30:00,No,1.0,1.0,-36.40796349,145.3804104,GREATER SHEPPARTON
T20150004132,Dry,Clear,No collision and no object struck,Saturday,Day,999,2015/02/21,09:45:00,No,1.0,1.0,-37.36782552,145.2734018,MURRINDINDI
T20150004138,Dry,Clear,Collision with vehicle,Thursday,Dusk/Dawn,100,2015/02/26,07:00:00,No,2.0,1.0,-36.54017769,146.7512182,ALPINE
T20150004141,Wet,Clear,Collision with vehicle,Friday,Day,80,2015/01/09,17:10:00,Yes,3.0,1.0,-37.20706906,144.470643,MACEDON RANGES
T20150004146,Dry,Clear,Vehicle overturned (no collision),Thursday,Day,100,2015/02/26,12:10:00,No,1.0,1.0,-37.05088243,145.2824502,MITCHELL
T20150004159,Dry,Clear,Collision with vehicle,Thursday,Dusk/Dawn,100,2015/02/26,06:25:00,No,2.0,1.0,-37.32056593,145.0426882,MITCHELL
T20150004161,Dry,Clear,Collision with vehicle,Wednesday,Day,80,2015/02/11,10:45:00,No,2.0,1.0,-38.13921961,144.288458,GREATER GEELONG
T20150004164,Dry,Clear,Collision with vehicle,Tuesday,Dusk/Dawn,60,2015/02/24,06:50:00,No,2.0,1.0,-38.1877637,144.3556068,GREATER GEELONG
T20150004170,Dry,Clear,Collision with vehicle,Thursday,Day,60,2015/02/26,16:55:00,No,4.0,1.0,-38.15707214,144.370441,GREATER GEELONG
T20150004171,Dry,Clear,Collision with vehicle,Thursday,Day,100,2015/02/26,16:00:00,No,2.0,2.0,-36.32844029,145.0678099,CAMPASPE
T20150004174,Dry,Clear,Collision with vehicle,Thursday,Day,60,2015/02/26,17:55:00,No,3.0,1.0,-38.20163695,146.5465735,LATROBE
T20150004179,Dry,Clear,Collision with vehicle,Thursday,Day,100,2015/02/26,17:00:00,No,2.0,1.0,-37.76080099,147.7041111,EAST GIPPSLAND
T20150004186,Dry,Clear,Struck Pedestrian,Thursday,Dusk/Dawn,50,2015/02/26,20:20:00,Yes,2.0,1.0,-38.14729051,144.3607419,GREATER GEELONG
T20150004202,Dry,Clear,Collision with a fixed object,Wednesday,Dark No street lights,110,2015/02/25,23:30:00,Yes,3.0,3.0,-38.2060376,146.3069994,LATROBE
T20150004212,Dry,Clear,Collision with a fixed object,Friday,Dark No street lights,80,2015/02/27,05:50:00,Yes,1.0,1.0,-34.32227552,142.1851493,MILDURA
T20150004238,Dry,Clear,Collision with a fixed object,Friday,Day,100,2015/02/27,11:00:00,No,1.0,1.0,-37.39662626,144.8449425,MACEDON RANGES
T20150004251,Unknown,Clear,No collision and no object struck,Monday,Day,999,2015/02/23,12:00:00,No,1.0,1.0,-38.33233513,144.1226194,SURF COAST
T20150004260,Dry,Clear,Collision with vehicle,Friday,Day,60,2015/02/27,12:29:00,No,2.0,2.0,-34.19262237,142.1335928,MILDURA
T20150004261,Dry,Clear,Collision with vehicle,Friday,Day,40,2015/02/27,14:30:00,No,2.0,1.0,-38.17484041,146.26371,LATROBE
T20150004263,Dry,Clear,Struck animal,Thursday,Dusk/Dawn,100,2015/02/12,06:00:00,Yes,2.0,1.0,-36.60069657,145.1410111,GREATER SHEPPARTON
T20150004265,Dry,Clear,Collision with vehicle,Sunday,Dark Street lights on,60,2015/02/08,22:00:00,Yes,4.0,1.0,-38.18080073,144.3539576,GREATER GEELONG
T20150004269,Dry,Clear,Struck Pedestrian,Friday,Day,50,2015/02/27,14:30:00,No,2.0,1.0,-36.01093805,146.0044348,MOIRA
T20150004275,Dry,Clear,Struck Pedestrian,Friday,Day,50,2015/02/27,15:30:00,No,2.0,1.0,-38.2919526,142.3656495,MOYNE
T20150004276,Dry,Clear,Struck Pedestrian,Friday,Day,50,2015/02/27,17:58:00,Yes,2.0,1.0,-38.14212951,144.3558919,GREATER GEELONG
T20150004282,Dry,Clear,Collision with vehicle,Thursday,Day,60,2015/02/26,11:30:00,No,2.0,2.0,-36.75017322,144.2834733,GREATER BENDIGO
T20150004289,Muddy,Clear,No collision and no object struck,Monday,Day,999,2015/02/23,11:30:00,No,1.0,1.0,-37.45484008,145.4326598,MURRINDINDI
T20150004298,Dry,Clear,Collision with a fixed object,Friday,Dark No street lights,100,2015/02/27,22:54:00,Yes,1.0,1.0,-37.02872454,145.9360391,MANSFIELD
T20150004305,Dry,Clear,Collision with vehicle,Saturday,Dark No street lights,100,2015/02/28,01:30:00,Yes,2.0,1.0,-37.04121892,144.2256572,MOUNT ALEXANDER
T20150004307,Dry,Clear,Collision with a fixed object,Friday,Dark No street lights,110,2015/02/27,23:10:00,Yes,1.0,1.0,-37.54725019,143.8975699,BALLARAT
T20150004311,Wet,Raining,Collision with a fixed object,Saturday,Dark No street lights,80,2015/02/28,03:00:00,Yes,1.0,1.0,-37.39109106,144.4867001,MACEDON RANGES
T20150004316,Dry,Clear,Collision with vehicle,Monday,Day,40,2014/12/22,10:57:00,No,2.0,1.0,-38.38496857,142.4827268,WARRNAMBOOL
T20150004320,Dry,Clear,Collision with vehicle,Saturday,Day,60,2015/02/28,08:05:00,No,2.0,1.0,-38.18249791,144.4008577,GREATER GEELONG
T20150004324,Dry,Clear,Vehicle overturned (no collision),Sunday,Day,100,2015/02/22,10:30:00,No,1.0,1.0,-36.67965252,147.4429598,TOWONG
T20150004325,Dry,Clear,Collision with vehicle,Saturday,Day,60,2015/02/28,10:30:00,No,2.0,1.0,-36.71490801,142.2049137,HORSHAM
T20150004331,Dry,Clear,Collision with vehicle,Saturday,Day,60,2015/02/28,13:20:00,No,4.0,1.0,-36.76547899,144.2683342,GREATER BENDIGO
T20150004336,Wet,Clear,Collision with vehicle,Saturday,Day,100,2015/02/28,12:35:00,No,5.0,5.0,-38.71577145,146.1023884,SOUTH GIPPSLAND
T20150004337,Dry,Clear,Collision with a fixed object,Saturday,Day,100,2015/02/28,13:25:00,No,2.0,2.0,-37.89215977,144.0783718,GOLDEN PLAINS
T20150004340,Dry,Clear,Collision with vehicle,Saturday,Day,70,2015/02/28,14:47:00,Yes,4.0,1.0,-38.17260955,144.3987029,GREATER GEELONG
T20150004341,Dry,Clear,Collision with vehicle,Saturday,Day,60,2015/02/28,11:40:00,No,2.0,1.0,-38.46364016,145.2389841,BASS COAST
T20150004347,Dry,Clear,Collision with vehicle,Wednesday,Day,40,2015/02/18,17:30:00,No,2.0,1.0,-38.1338796,144.3496268,GREATER GEELONG
T20150004349,Dry,Clear,Struck animal,Saturday,Day,80,2015/02/28,17:10:00,Yes,2.0,2.0,-36.83925095,144.2798439,GREATER BENDIGO
T20150004356,Wet,Raining,Collision with vehicle,Saturday,Day,70,2015/02/28,17:00:00,Yes,4.0,1.0,-38.36966589,142.468483,WARRNAMBOOL
T20150004360,Dry,Clear,Vehicle overturned (no collision),Saturday,Dark No street lights,100,2015/02/28,04:40:00,Yes,1.0,1.0,-37.91210265,147.3096011,EAST GIPPSLAND
T20150004361,Wet,Raining,Collision with vehicle,Saturday,Dark Street lights on,60,2015/02/28,21:34:00,Yes,1.0,1.0,-37.59538337,143.8284902,BALLARAT
T20150004367,Wet,Raining,collision with some other object,Saturday,Dusk/Dawn,60,2015/02/28,19:50:00,Yes,1.0,1.0,-37.14710018,144.1665923,MOUNT ALEXANDER
T20150004373,Wet,Raining,Collision with vehicle,Saturday,Dusk/Dawn,100,2015/02/28,19:40:00,Yes,4.0,4.0,-38.31134969,143.5293426,COLAC OTWAY
T20150004375,Wet,Raining,Collision with a fixed object,Saturday,Dark Street lights on,60,2015/02/28,22:10:00,Yes,1.0,1.0,-36.78090876,144.2705343,GREATER BENDIGO
T20150004377,Wet,Raining,Collision with a fixed object,Sunday,Dark Street lights on,60,2015/03/01,01:40:00,Yes,1.0,1.0,-38.20429923,144.3033188,GREATER GEELONG
T20150004389,Dry,Clear,Collision with vehicle,Friday,Day,50,2015/02/27,12:35:00,No,2.0,1.0,-38.23520522,146.3970842,LATROBE
T20150004390,Wet,Raining,Collision with a fixed object,Sunday,Day,80,2015/03/01,08:00:00,Yes,1.0,1.0,-38.71672977,143.7124424,COLAC OTWAY
T20150004392,Dry,Clear,Collision with a fixed object,Sunday,Day,110,2015/03/01,09:50:00,Yes,1.0,1.0,-36.79216836,145.4859783,STRATHBOGIE
T20150004394,Dry,Clear,Collision with a fixed object,Sunday,Day,60,2015/02/15,11:32:00,No,1.0,1.0,-37.30116188,145.06661,MITCHELL
T20150004405,Dry,Clear,Collision with a fixed object,Sunday,Day,40,2015/03/01,14:55:00,No,3.0,1.0,-34.18154493,142.1913835,MILDURA
T20150004407,Dry,Clear,Collision with vehicle,Sunday,Day,60,2015/03/01,14:50:00,No,3.0,1.0,-36.63897755,145.7228705,STRATHBOGIE
T20150004415,Dry,Clear,Collision with vehicle,Sunday,Dusk/Dawn,80,2015/03/01,19:05:00,No,3.0,2.0,-38.17990445,146.2947703,LATROBE
T20150004416,Dry,Clear,Vehicle overturned (no collision),Sunday,Dusk/Dawn,40,2015/03/01,17:40:00,Yes,5.0,5.0,-38.15261428,142.2536401,MOYNE
T20150004417,Dry,Clear,Struck animal,Sunday,Dusk/Dawn,80,2015/03/01,19:45:00,Yes,1.0,1.0,-37.03474105,144.2371204,MOUNT ALEXANDER
T20150004428,Dry,Not known,Collision with a fixed object,Sunday,Unknown,100,2015/03/01,21:15:00,No,1.0,1.0,-38.13377328,144.2757437,GREATER GEELONG
T20150004431,Dry,Clear,Collision with a fixed object,Monday,Dark No street lights,110,2015/03/02,03:00:00,Yes,1.0,1.0,-37.40101925,144.5441245,MACEDON RANGES
T20150004434,Dry,Clear,Collision with a fixed object,Sunday,Day,60,2015/03/01,13:45:00,No,1.0,1.0,-36.76962723,144.2666082,GREATER BENDIGO
T20150004439,Dry,Clear,Collision with vehicle,Sunday,Day,80,2015/03/01,18:50:00,No,3.0,3.0,-36.80835381,143.2898929,NORTHERN GRAMPIANS
T20150004445,Wet,Raining,Collision with a fixed object,Friday,Dark No street lights,80,2015/02/27,21:20:00,Yes,1.0,1.0,-38.48424028,144.0215344,SURF COAST
T20150004460,Dry,Not known,Collision with vehicle,Monday,Dusk/Dawn,80,2015/03/02,07:50:00,No,2.0,1.0,-36.13699479,146.9087664,WODONGA
T20150004466,Dry,Clear,Collision with a fixed object,Monday,Day,110,2015/03/02,11:22:00,No,1.0,1.0,-37.47490957,144.9728566,MITCHELL
T20150004475,Dry,Clear,Collision with a fixed object,Monday,Day,100,2015/03/02,13:00:00,No,1.0,1.0,-38.48725825,143.735256,COLAC OTWAY
T20150004480,Dry,Clear,Collision with vehicle,Monday,Day,60,2015/03/02,13:45:00,No,2.0,1.0,-36.37612152,146.3082128,WANGARATTA
T20150004483,Wet,Clear,No collision and no object struck,Wednesday,Day,999,2015/02/18,17:30:00,No,1.0,1.0,-37.37530418,145.0842639,MITCHELL
T20150004487,Dry,Clear,Collision with vehicle,Monday,Day,100,2015/03/02,16:10:00,Yes,3.0,2.0,-37.37870996,144.9636098,MITCHELL
T20150004488,Wet,Raining,Vehicle overturned (no collision),Saturday,Dark No street lights,100,2015/02/28,21:30:00,Yes,1.0,1.0,-38.23470012,146.0723301,BAW BAW
T20150004491,Dry,Clear,Vehicle overturned (no collision),Monday,Day,100,2015/03/02,10:10:00,No,1.0,1.0,-38.03697038,146.6666057,WELLINGTON
T20150004498,Dry,Clear,Collision with vehicle,Monday,Day,80,2015/03/02,16:50:00,No,3.0,1.0,-36.14662008,146.9261299,WODONGA
T20150004505,Dry,Clear,Collision with vehicle,Monday,Day,80,2015/03/02,16:00:00,No,2.0,1.0,-38.16249538,147.0861537,WELLINGTON
T20150004510,Dry,Clear,Collision with vehicle,Friday,Dark Street lights on,60,2015/02/27,20:15:00,Yes,4.0,4.0,-36.75017322,144.2834733,GREATER BENDIGO
T20150004513,Dry,Clear,Collision with vehicle,Tuesday,Dusk/Dawn,100,2015/03/03,07:40:00,No,2.0,1.0,-38.03622741,144.1843334,GOLDEN PLAINS
T20150004519,Dry,Clear,Collision with vehicle,Friday,Day,100,2015/02/27,17:00:00,Yes,3.0,1.0,-34.27990886,142.1863726,MILDURA
T20150004533,Dry,Clear,Struck animal,Tuesday,Dusk/Dawn,100,2015/03/03,07:00:00,No,1.0,1.0,-37.49615749,144.5001274,MACEDON RANGES
T20150004534,Dry,Clear,Collision with vehicle,Tuesday,Day,60,2015/03/03,11:18:00,No,2.0,1.0,-36.38613466,145.4243722,GREATER SHEPPARTON
T20150004544,Dry,Clear,Struck animal,Saturday,Day,999,2015/01/31,11:50:00,No,1.0,1.0,-38.36168105,146.6314496,WELLINGTON
T20150004547,Dry,Clear,Collision with vehicle,Tuesday,Day,100,2015/03/03,13:30:00,No,4.0,1.0,-38.09946027,145.9708712,BAW BAW
T20150004550,Dry,Clear,Collision with a fixed object,Thursday,Dusk/Dawn,80,2015/02/05,07:00:00,No,1.0,1.0,-38.48685532,142.7001698,MOYNE
T20150004551,Dry,Clear,No collision and no object struck,Sunday,Day,100,2015/03/01,10:00:00,Yes,1.0,1.0,-36.97054855,146.1069354,MANSFIELD
T20150004553,Dry,Clear,Vehicle overturned (no collision),Monday,Day,100,2015/02/23,11:15:00,No,1.0,1.0,-37.90001039,145.9707606,BAW BAW
T20150004554,Dry,Clear,Collision with vehicle,Tuesday,Day,50,2015/03/03,10:00:00,No,2.0,1.0,-38.16100467,144.3896438,GREATER GEELONG
T20150004559,Dry,Clear,No collision and no object struck,Tuesday,Day,80,2015/03/03,14:30:00,No,2.0,1.0,-38.60754215,143.9183447,COLAC OTWAY
T20150004561,Dry,Clear,No collision and no object struck,Tuesday,Day,100,2015/03/03,14:00:00,No,1.0,1.0,-37.32047003,143.947301,HEPBURN
T20150004570,Dry,Clear,Struck Pedestrian,Tuesday,Day,60,2015/03/03,15:15:00,No,4.0,1.0,-38.16794025,145.9302698,BAW BAW
T20150004573,Dry,Clear,Collision with vehicle,Tuesday,Day,60,2015/03/03,16:20:00,No,3.0,2.0,-36.11484639,146.8686262,WODONGA
T20150004584,Dry,Clear,Collision with vehicle,Tuesday,Day,60,2015/03/03,16:47:00,No,3.0,1.0,-34.20562783,142.1350536,MILDURA
T20150004588,Dry,Clear,Collision with vehicle,Tuesday,Dark Street lights on,60,2015/03/03,20:15:00,Yes,2.0,1.0,-38.16543771,144.3672052,GREATER GEELONG
T20150004589,Dry,Clear,Collision with vehicle,Tuesday,Day,100,2015/03/03,19:16:00,Yes,4.0,1.0,-38.28860086,143.8392953,COLAC OTWAY
T20150004592,Dry,Clear,Collision with vehicle,Tuesday,Dusk/Dawn,60,2015/03/03,19:08:00,Yes,2.0,1.0,-38.33721558,143.5997613,COLAC OTWAY
T20150004593,Dry,Clear,Collision with vehicle,Tuesday,Dusk/Dawn,110,2015/03/03,17:15:00,No,2.0,1.0,-36.10287684,146.8252727,WODONGA
T20150004597,Dry,Clear,Collision with vehicle,Tuesday,Day,70,2015/03/03,16:00:00,No,2.0,2.0,-38.18192062,144.3477442,GREATER GEELONG
T20150004601,Dry,Clear,Collision with vehicle,Tuesday,Dusk/Dawn,60,2015/03/03,19:00:00,Yes,2.0,2.0,-36.05495691,146.4676053,INDIGO
T20150004602,Dry,Clear,Other accident,Tuesday,Dusk/Dawn,50,2015/03/03,19:30:00,Yes,2.0,1.0,-36.75155759,144.2627992,GREATER BENDIGO
T20150004609,Dry,Clear,No collision and no object struck,Wednesday,Dark Street lights on,100,2015/03/04,03:00:00,Yes,1.0,1.0,-38.17964007,144.2975055,GREATER GEELONG
T20150004615,Dry,Clear,Vehicle overturned (no collision),Tuesday,Day,100,2015/03/03,15:10:00,No,1.0,1.0,-38.02231988,144.4485876,GREATER GEELONG
T20150004628,Dry,Clear,Collision with vehicle,Monday,Day,60,2015/03/02,16:20:00,No,2.0,1.0,-38.17455951,144.5689081,GREATER GEELONG