Accident_No,Surface_Cond_Desc,Atmosph_Cond_Desc,Accident_Type_Desc,Day,Light_Condition_Desc,Speed_Zone,Accident_Date,Accident_Time,Alcohol_Influence,Total_Persons_Inv,Inj_Or_Fatal,Lat,Long,LGA
T20150004631,Dry,Clear,Collision with a fixed object,Wednesday,Day,100,2015/03/04,09:45:00,No,1.0,1.0,-36.35422348,141.7688524,HINDMARSH
T20150004645,Dry,Not known,Struck animal,Wednesday,Dark No street lights,100,2015/03/04,00:50:00,Yes,1.0,1.0,-37.00635157,144.5060386,GREATER BENDIGO
T20150004648,Dry,Clear,Collision with a fixed object,Wednesday,Day,100,2015/03/04,13:10:00,No,1.0,1.0,-37.20074792,143.0280266,ARARAT
T20150004655,Dry,Clear,Collision with vehicle,Wednesday,Day,60,2015/03/04,08:35:00,No,3.0,1.0,-36.77979332,144.2502466,GREATER BENDIGO
T20150004664,Dry,Clear,Collision with vehicle,Wednesday,Day,100,2015/03/04,16:11:00,No,2.0,1.0,-38.30157929,146.4488673,LATROBE
T20150004665,Dry,Clear,Collision with vehicle,Wednesday,Day,60,2015/03/04,15:10:00,No,2.0,1.0,-34.19187786,142.1743652,MILDURA
T20150004675,Dry,Clear,Collision with vehicle,Wednesday,Day,50,2015/03/04,14:50:00,No,3.0,1.0,-38.14215849,144.348037,GREATER GEELONG
T20150004676,Dry,Clear,Collision with vehicle,Wednesday,Dusk/Dawn,999,2015/03/04,19:00:00,Yes,2.0,1.0,-38.7497902,143.66671,COLAC OTWAY
T20150004690,Dry,Clear,Collision with a fixed object,Thursday,Dark No street lights,110,2015/03/05,01:44:00,Yes,1.0,1.0,-37.15647994,144.3993886,MOUNT ALEXANDER
T20150004694,Dry,Clear,Collision with vehicle,Thursday,Dusk/Dawn,60,2015/03/05,07:00:00,No,2.0,1.0,-37.56382877,143.8544038,BALLARAT
T20150004702,Dry,Clear,Collision with vehicle,Wednesday,Dusk/Dawn,80,2015/03/04,20:00:00,Yes,2.0,1.0,-34.24634022,142.2163111,MILDURA
T20150004712,Dry,Clear,Collision with a fixed object,Thursday,Day,100,2015/03/05,10:00:00,No,1.0,1.0,-37.95467764,147.1028783,WELLINGTON
T20150004713,Dry,Clear,Collision with vehicle,Thursday,Day,60,2015/02/12,15:02:00,No,2.0,2.0,-38.16311335,144.3591324,GREATER GEELONG
T20150004721,Dry,Clear,Collision with a fixed object,Thursday,Day,100,2015/03/05,11:10:00,No,1.0,1.0,-37.32855351,144.7262334,MACEDON RANGES
T20150004727,Dry,Clear,Collision with vehicle,Thursday,Day,70,2015/03/05,11:30:00,No,2.0,1.0,-38.11873135,144.3325125,GREATER GEELONG
T20150004733,Dry,Clear,Collision with vehicle,Wednesday,Day,60,2015/03/04,14:25:00,No,2.0,1.0,-38.20119613,144.3267625,GREATER GEELONG
T20150004746,Dry,Clear,Collision with vehicle,Wednesday,Dark No street lights,100,2015/03/04,21:00:00,Yes,2.0,1.0,-34.82129825,143.262014,SWAN HILL
T20150004755,Wet,Raining,Collision with vehicle,Thursday,Day,60,2014/12/18,17:00:00,No,2.0,1.0,-38.14352147,144.3555093,GREATER GEELONG
T20150004764,Dry,Not known,Collision with vehicle,Thursday,Unknown,50,2014/10/23,17:00:00,No,2.0,1.0,-38.14868769,144.3657578,GREATER GEELONG
T20150004769,Dry,Clear,Vehicle overturned (no collision),Thursday,Dark Street lights on,80,2015/03/05,20:40:00,Yes,2.0,1.0,-37.41965515,144.9788829,MITCHELL
T20150004776,Dry,Clear,Collision with a fixed object,Thursday,Dark No street lights,100,2015/03/05,21:50:00,Yes,1.0,1.0,-36.71140903,145.9836249,BENALLA
T20150004778,Dry,Clear,Collision with a fixed object,Thursday,Dark No street lights,80,2015/03/05,23:00:00,Yes,1.0,1.0,-36.82815832,144.2895773,GREATER BENDIGO
T20150004802,Wet,Raining,Collision with a fixed object,Friday,Day,100,2015/03/06,09:00:00,No,3.0,1.0,-38.69486739,146.1069415,SOUTH GIPPSLAND
T20150004809,Dry,Clear,Collision with vehicle,Wednesday,Day,60,2015/03/04,11:10:00,No,5.0,1.0,-38.06605063,144.3540999,GREATER GEELONG
T20150004811,Wet,Raining,Vehicle overturned (no collision),Friday,Day,80,2015/03/06,10:20:00,No,2.0,2.0,-38.6942695,143.7080733,COLAC OTWAY
T20150004820,Dry,Clear,Collision with a fixed object,Friday,Dark No street lights,80,2015/03/06,03:00:00,Yes,2.0,2.0,-34.63055997,142.8439001,SWAN HILL
T20150004825,Dry,Clear,Vehicle overturned (no collision),Friday,Day,100,2015/03/06,12:30:00,No,1.0,1.0,-37.67145854,148.7956786,EAST GIPPSLAND
T20150004832,Dry,Clear,Collision with a fixed object,Friday,Day,100,2015/03/06,11:00:00,No,1.0,1.0,-35.9219185,144.2835704,GANNAWARRA
T20150004834,Dry,Clear,Collision with vehicle,Friday,Day,50,2015/03/06,15:45:00,No,5.0,1.0,-37.29796309,144.950325,MITCHELL
T20150004835,Dry,Clear,Struck animal,Monday,Dark No street lights,100,2015/01/05,22:08:00,Yes,1.0,1.0,-38.08042187,146.712593,WELLINGTON
T20150004843,Dry,Clear,Collision with vehicle,Friday,Day,60,2015/03/06,16:10:00,Yes,3.0,2.0,-36.81078002,147.22916,ALPINE
T20150004854,Dry,Clear,Collision with a fixed object,Friday,Day,100,2015/03/06,15:40:00,No,1.0,1.0,-36.47103547,146.2064994,WANGARATTA
T20150004863,Wet,Raining,Collision with vehicle,Friday,Dark Street lights on,50,2015/03/06,19:40:00,Yes,4.0,3.0,-37.59762287,143.8380428,BALLARAT
T20150004880,Dry,Clear,Collision with a fixed object,Saturday,Dark Street lights on,50,2015/03/07,01:30:00,Yes,2.0,2.0,-36.75624819,144.2832388,GREATER BENDIGO
T20150004882,Wet,Raining,Collision with a fixed object,Saturday,Dark Street lights on,60,2015/03/07,02:20:00,Yes,1.0,1.0,-38.15856285,145.9214505,BAW BAW
T20150004889,Wet,Not known,Struck Pedestrian,Saturday,Dark No street lights,110,2015/03/07,03:49:00,Yes,2.0,2.0,-37.35196052,145.022417,MITCHELL
T20150004895,Wet,Raining,Collision with vehicle,Friday,Day,100,2015/03/06,16:30:00,Yes,2.0,1.0,-38.10729841,142.7662294,MOYNE
T20150004905,Dry,Clear,Collision with vehicle,Saturday,Day,60,2015/03/07,08:53:00,No,2.0,1.0,-36.69872798,142.2017939,HORSHAM
T20150004914,Dry,Clear,Struck animal,Saturday,Day,100,2015/03/07,11:15:00,No,1.0,1.0,-36.77272039,144.3706,GREATER BENDIGO
T20150004918,Dry,Clear,Collision with a fixed object,Friday,Dark No street lights,100,2015/03/06,20:55:00,Yes,1.0,1.0,-38.09032713,145.8548037,BAW BAW
T20150004925,Unknown,Not known,Collision with a fixed object,Saturday,Day,100,2015/03/07,12:40:00,No,1.0,1.0,-37.15781747,142.4965128,NORTHERN GRAMPIANS
T20150004933,Dry,Clear,Collision with vehicle,Saturday,Dusk/Dawn,70,2015/03/07,17:00:00,Yes,3.0,2.0,-38.12801947,144.3515559,GREATER GEELONG
T20150004954,Dry,Clear,Collision with vehicle,Saturday,Day,80,2015/03/07,12:00:00,No,3.0,2.0,-37.42563975,147.8309106,EAST GIPPSLAND
T20150004970,Dry,Clear,Collision with a fixed object,Saturday,Dark No street lights,60,2015/03/07,23:19:00,Yes,3.0,3.0,-37.86831877,144.1598504,GOLDEN PLAINS
T20150004973,Dry,Clear,Collision with a fixed object,Sunday,Day,100,2015/03/08,10:25:00,No,1.0,1.0,-37.54782929,145.4810176,MURRINDINDI
T20150004975,Wet,Raining,Vehicle overturned (no collision),Sunday,Day,100,2015/03/08,08:45:00,Yes,3.0,3.0,-37.77923584,141.6863091,GLENELG
T20150004982,Dry,Clear,Collision with vehicle,Sunday,Day,50,2015/03/08,11:05:00,No,4.0,1.0,-38.1051915,147.0670601,WELLINGTON
T20150004985,Dry,Clear,Collision with vehicle,Sunday,Day,80,2015/03/08,11:10:00,No,6.0,1.0,-37.34723972,144.1266093,HEPBURN
T20150004986,Dry,Clear,Vehicle overturned (no collision),Sunday,Day,100,2015/03/08,12:14:00,No,1.0,1.0,-37.04984275,144.2915214,MOUNT ALEXANDER
T20150005001,Dry,Clear,Collision with vehicle,Sunday,Dusk/Dawn,60,2015/03/08,17:54:00,Yes,8.0,1.0,-38.479783,145.9490279,SOUTH GIPPSLAND
T20150005006,Dry,Clear,Collision with vehicle,Sunday,Day,60,2015/03/08,13:55:00,No,1.0,1.0,-38.18144997,144.3873697,GREATER GEELONG
T20150005007,Dry,Clear,Collision with a fixed object,Sunday,Dusk/Dawn,100,2015/03/08,18:40:00,Yes,1.0,1.0,-36.38986065,146.6897866,INDIGO
T20150005010,Dry,Clear,Collision with vehicle,Friday,Dusk/Dawn,70,2015/02/20,06:20:00,No,2.0,1.0,-38.10973225,144.3529312,GREATER GEELONG
T20150005029,Dry,Clear,Collision with a fixed object,Saturday,Day,80,2015/02/21,09:10:00,No,1.0,1.0,-38.70633562,143.7567827,COLAC OTWAY
T20150005030,Dry,Clear,Collision with a fixed object,Sunday,Day,100,2015/03/08,14:30:00,No,5.0,1.0,-38.36575376,143.8247999,COLAC OTWAY
T20150005035,Dry,Clear,Collision with a fixed object,Sunday,Day,100,2015/03/08,17:00:00,No,3.0,2.0,-38.05639635,145.9665858,BAW BAW
T20150005042,Dry,Clear,Collision with vehicle,Saturday,Day,60,2015/03/07,15:50:00,Yes,11.0,1.0,-36.39006225,145.3612942,GREATER SHEPPARTON
T20150005049,Dry,Clear,Collision with a fixed object,Monday,Day,100,2015/03/09,14:15:00,No,4.0,4.0,-37.2014921,145.4662919,MURRINDINDI
T20150005054,Dry,Clear,No collision and no object struck,Monday,Day,50,2015/03/09,12:30:00,No,1.0,1.0,-37.43103936,145.283653,MURRINDINDI
T20150005057,Dry,Not known,Vehicle overturned (no collision),Saturday,Day,999,2015/03/07,12:00:00,No,1.0,1.0,-37.44467491,144.232666,MOORABOOL
T20150005067,Dry,Clear,Collision with a fixed object,Monday,Dusk/Dawn,100,2015/03/09,17:15:00,No,1.0,1.0,-36.21170041,146.9554524,WODONGA
T20150005068,Dry,Clear,Collision with vehicle,Monday,Dusk/Dawn,100,2015/03/09,18:15:00,Yes,3.0,3.0,-38.22280135,141.7553813,GLENELG
T20150005104,Dry,Clear,Collision with vehicle,Tuesday,Day,60,2015/03/10,13:19:00,No,11.0,11.0,-38.35767426,143.5828859,COLAC OTWAY
T20150005105,Dry,Clear,Struck Pedestrian,Tuesday,Day,50,2015/03/10,11:00:00,No,2.0,1.0,-37.55863134,143.8484598,BALLARAT
T20150005113,Dry,Clear,Collision with vehicle,Tuesday,Day,50,2015/03/10,12:00:00,No,2.0,1.0,-38.08304174,144.3476636,GREATER GEELONG
T20150005115,Dry,Clear,No collision and no object struck,Tuesday,Day,999,2015/03/10,13:00:00,No,1.0,1.0,-38.33409267,144.0747111,SURF COAST
T20150005117,Dry,Clear,No collision and no object struck,Sunday,Day,999,2015/03/01,11:00:00,No,1.0,1.0,-37.35683712,145.1502701,MITCHELL
T20150005118,Dry,Clear,Collision with vehicle,Tuesday,Day,70,2015/03/10,12:45:00,No,3.0,2.0,-38.14799028,144.3525123,GREATER GEELONG
T20150005126,Dry,Clear,Collision with vehicle,Tuesday,Day,70,2015/03/10,14:05:00,No,4.0,1.0,-38.14810985,144.3524888,GREATER GEELONG
T20150005127,Dry,Clear,Collision with vehicle,Tuesday,Day,60,2015/03/10,12:58:00,No,4.0,3.0,-37.58057503,143.844651,BALLARAT
T20150005138,Dry,Clear,Collision with vehicle,Tuesday,Day,50,2015/03/10,14:20:00,No,2.0,1.0,-38.1492609,144.3555196,GREATER GEELONG
T20150005151,Dry,Clear,Collision with a fixed object,Tuesday,Dark No street lights,100,2015/03/10,20:10:00,Yes,1.0,1.0,-36.97185981,145.109352,MITCHELL
T20150005165,Dry,Clear,Vehicle overturned (no collision),Wednesday,Dark Street lights on,60,2015/03/11,00:55:00,Yes,2.0,1.0,-38.38494871,142.2206692,MOYNE
T20150005173,Dry,Clear,Vehicle overturned (no collision),Saturday,Day,999,2015/02/28,11:00:00,No,1.0,1.0,-38.5307292,143.9704809,SURF COAST
T20150005174,Dry,Clear,No collision and no object struck,Tuesday,Day,100,2015/03/10,16:15:00,No,1.0,1.0,-36.90895218,147.0587199,ALPINE
T20150005180,Dry,Clear,Collision with vehicle,Wednesday,Day,60,2015/03/11,09:14:00,No,2.0,1.0,-38.1815132,146.2615869,LATROBE
T20150005186,Unknown,Not known,No collision and no object struck,Monday,Day,999,2015/03/09,11:00:00,No,1.0,1.0,-37.49675951,144.175926,MOORABOOL
T20150005188,Dry,Clear,collision with some other object,Sunday,Day,999,2015/03/08,14:30:00,No,1.0,1.0,-37.35183042,143.2835786,PYRENEES
T20150005192,Dry,Clear,Collision with a fixed object,Tuesday,Dusk/Dawn,100,2015/03/10,18:10:00,Yes,1.0,1.0,-37.10548968,144.8524004,MITCHELL
T20150005197,Dry,Clear,No collision and no object struck,Saturday,Day,100,2015/03/07,09:45:00,No,1.0,1.0,-36.99926641,147.4962473,EAST GIPPSLAND
T20150005199,Wet,Clear,No collision and no object struck,Saturday,Day,999,2015/03/07,11:30:00,No,1.0,1.0,-37.97441008,145.899749,BAW BAW
T20150005206,Dry,Clear,Struck Pedestrian,Wednesday,Dusk/Dawn,50,2015/03/11,07:30:00,No,2.0,1.0,-36.39655146,145.4100674,GREATER SHEPPARTON
T20150005209,Dry,Clear,Collision with vehicle,Wednesday,Day,40,2015/03/11,08:40:00,No,5.0,2.0,-37.19494835,145.7042364,MURRINDINDI
T20150005214,Dry,Clear,Vehicle overturned (no collision),Wednesday,Day,100,2015/03/11,11:25:00,No,2.0,2.0,-36.86854998,142.3903232,HORSHAM
T20150005226,Dry,Clear,Collision with a fixed object,Wednesday,Day,100,2015/03/11,16:30:00,No,1.0,1.0,-38.15536051,143.2252844,CORANGAMITE
T20150005241,Dry,Clear,Collision with vehicle,Wednesday,Day,60,2015/03/11,16:35:00,No,2.0,1.0,-38.36369033,141.6015468,GLENELG
T20150005256,Unknown,Not known,No collision and no object struck,Saturday,Unknown,999,2015/03/07,15:00:00,Yes,1.0,1.0,-37.52400308,144.264906,MOORABOOL
T20150005257,Dry,Clear,Collision with vehicle,Thursday,Dark Street lights on,60,2015/03/12,06:45:00,No,3.0,1.0,-36.76247909,144.2576005,GREATER BENDIGO
T20150005258,Wet,Not known,Collision with vehicle,Thursday,Dark Street lights on,60,2015/03/12,07:24:00,No,2.0,1.0,-37.55946732,143.8552092,BALLARAT
T20150005259,Dry,Clear,Collision with vehicle,Thursday,Dusk/Dawn,100,2015/03/12,06:45:00,No,3.0,1.0,-38.20124391,147.0969327,WELLINGTON
T20150005268,Dry,Clear,Vehicle overturned (no collision),Thursday,Day,100,2015/03/12,10:00:00,No,1.0,1.0,-37.99111973,146.7760264,WELLINGTON
T20150005269,Dry,Clear,Collision with vehicle,Monday,Dusk/Dawn,60,2015/03/09,07:00:00,No,2.0,1.0,-37.56974557,143.8852599,BALLARAT
T20150005273,Dry,Clear,Collision with vehicle,Thursday,Day,50,2015/03/12,10:30:00,No,2.0,1.0,-37.29000975,142.9330479,ARARAT
T20150005274,Dry,Clear,Collision with vehicle,Tuesday,Dusk/Dawn,50,2015/03/10,19:15:00,Yes,2.0,1.0,-38.02641321,144.3937708,GREATER GEELONG
T20150005288,Dry,Clear,collision with some other object,Sunday,Day,999,2015/03/08,14:00:00,No,1.0,1.0,-37.34996983,145.5670884,MURRINDINDI
T20150005296,Dry,Clear,No collision and no object struck,Monday,Dusk/Dawn,80,2015/03/09,19:04:00,Yes,1.0,1.0,-36.70509877,146.837122,ALPINE
T20150005297,Dry,Clear,Collision with vehicle,Thursday,Day,40,2015/03/12,10:15:00,No,3.0,1.0,-36.71411974,144.3141583,GREATER BENDIGO
T20150005299,Wet,Clear,No collision and no object struck,Sunday,Day,999,2015/03/01,11:00:00,No,1.0,1.0,-38.65347849,146.5101878,SOUTH GIPPSLAND
T20150005301,Dry,Clear,Collision with a fixed object,Thursday,Day,100,2015/03/12,13:38:00,No,2.0,2.0,-38.30516059,143.7487502,COLAC OTWAY
T20150005323,Dry,Clear,Collision with vehicle,Thursday,Dusk/Dawn,110,2015/03/12,19:00:00,Yes,3.0,2.0,-37.09394938,144.3389501,MOUNT ALEXANDER
T20150005345,Dry,Clear,Collision with vehicle,Tuesday,Day,100,2015/03/10,10:50:00,No,5.0,5.0,-36.55178593,146.2749418,WANGARATTA
T20150005349,Dry,Clear,Vehicle overturned (no collision),Friday,Day,100,2015/03/06,11:30:00,No,1.0,1.0,-37.431131,149.1978903,EAST GIPPSLAND
T20150005351,Dry,Clear,Struck Pedestrian,Thursday,Day,50,2015/03/12,16:00:00,No,1.0,1.0,-38.5241755,145.3669688,BASS COAST
T20150005355,Dry,Clear,Collision with vehicle,Friday,Day,60,2015/03/13,08:50:00,No,3.0,1.0,-36.75728058,144.2918285,GREATER BENDIGO
T20150005356,Wet,Clear,No collision and no object struck,Saturday,Dark Street lights on,60,2015/02/28,22:40:00,Yes,1.0,1.0,-36.77641882,144.2850933,GREATER BENDIGO
T20150005357,Dry,Clear,Collision with a fixed object,Friday,Day,100,2015/03/13,09:50:00,No,1.0,1.0,-37.17300073,143.2041922,ARARAT
T20150005360,Dry,Clear,Collision with vehicle,Friday,Day,100,2015/03/13,10:50:00,No,2.0,1.0,-38.33318608,146.4130521,LATROBE
T20150005373,Dry,Clear,No collision and no object struck,Friday,Day,100,2015/03/13,12:30:00,No,2.0,1.0,-36.51480004,144.6243294,CAMPASPE
T20150005376,Dry,Clear,Collision with vehicle,Friday,Day,100,2015/03/13,12:33:00,No,2.0,1.0,-38.17340982,146.5641086,LATROBE
T20150005378,Dry,Clear,Collision with vehicle,Friday,Day,60,2015/03/13,16:00:00,Yes,5.0,2.0,-38.60104009,145.5929291,BASS COAST
T20150005381,Dry,Clear,Collision with a fixed object,Friday,Day,100,2015/03/13,14:50:00,No,1.0,1.0,-37.17397956,144.4859893,MACEDON RANGES
T20150005382,Dry,Clear,Collision with vehicle,Friday,Day,50,2015/03/13,16:25:00,Yes,1.0,1.0,-38.19204305,144.3952601,GREATER GEELONG
T20150005384,Dry,Clear,Collision with a fixed object,Friday,Dusk/Dawn,110,2015/03/13,17:00:00,Yes,1.0,1.0,-36.65975904,145.6901984,STRATHBOGIE
T20150005393,Dry,Clear,Collision with a fixed object,Friday,Day,100,2015/03/13,15:50:00,No,1.0,1.0,-37.46999269,143.6345792,BALLARAT
T20150005395,Dry,Clear,Collision with vehicle,Friday,Dusk/Dawn,60,2015/03/13,19:20:00,Yes,2.0,1.0,-37.56972691,143.8330779,BALLARAT
T20150005396,Dry,Clear,Collision with vehicle,Friday,Dusk/Dawn,80,2015/03/13,17:00:00,Yes,3.0,3.0,-38.54766,143.70249,COLAC OTWAY
T20150005413,Dry,Clear,Struck Pedestrian,Saturday,Day,60,2015/03/14,09:24:00,No,2.0,1.0,-38.1454645,144.3563781,GREATER GEELONG
T20150005414,Dry,Clear,Collision with vehicle,Saturday,Day,60,2015/03/14,09:20:00,No,2.0,1.0,-38.26653002,144.6185877,GREATER GEELONG
T20150005419,Unknown,Clear,Collision with a fixed object,Sunday,Unknown,999,2014/10/12,13:00:00,No,1.0,1.0,-37.46624988,145.4267199,MURRINDINDI
T20150005439,Wet,Raining,Struck animal,Wednesday,Dusk/Dawn,100,2015/02/25,05:45:00,Yes,1.0,1.0,-38.51482996,146.6484996,WELLINGTON
T20150005441,Dry,Clear,Collision with vehicle,Saturday,Day,50,2015/03/14,15:10:00,No,4.0,1.0,-37.82508701,147.6234988,EAST GIPPSLAND
T20150005444,Dry,Clear,No collision and no object struck,Saturday,Day,60,2015/03/14,08:25:00,No,3.0,1.0,-38.16945869,144.3333005,GREATER GEELONG
T20150005445,Dry,Clear,Vehicle overturned (no collision),Friday,Dusk/Dawn,100,2015/03/13,18:10:00,Yes,2.0,1.0,-37.80336818,142.7652276,ARARAT
T20150005455,Dry,Clear,Collision with a fixed object,Saturday,Day,100,2015/03/14,15:30:00,Yes,1.0,1.0,-36.8002091,145.0307394,STRATHBOGIE
T20150005459,Dry,Clear,Collision with vehicle,Saturday,Dusk/Dawn,50,2015/03/14,19:30:00,Yes,2.0,1.0,-35.91507083,145.6585142,MOIRA
T20150005468,Wet,Clear,Collision with vehicle,Saturday,Dark Street lights on,60,2015/03/14,22:25:00,Yes,5.0,2.0,-38.37343126,142.4625533,WARRNAMBOOL
T20150005472,Wet,Raining,Collision with vehicle,Saturday,Dark Street lights on,60,2015/03/14,23:40:00,Yes,3.0,1.0,-37.56994637,143.8705745,BALLARAT
T20150005481,Dry,Clear,Collision with vehicle,Sunday,Dark Street lights on,60,2015/03/15,01:53:00,Yes,1.0,1.0,-38.06616047,144.3549999,GREATER GEELONG
T20150005488,Dry,Clear,Collision with vehicle,Sunday,Dusk/Dawn,50,2015/03/15,07:46:00,Yes,2.0,1.0,-38.15003749,144.3623136,GREATER GEELONG
T20150005493,Dry,Clear,No collision and no object struck,Saturday,Day,100,2015/03/14,13:15:00,No,1.0,1.0,-37.95546026,146.8891693,WELLINGTON
T20150005496,Dry,Clear,Collision with a fixed object,Sunday,Day,100,2015/03/15,10:20:00,No,1.0,1.0,-37.27667306,142.9990994,ARARAT
T20150005502,Dry,Clear,Collision with a fixed object,Sunday,Unknown,50,2015/03/15,08:45:00,Yes,1.0,1.0,-37.33926621,144.1414607,HEPBURN
T20150005505,Dry,Clear,Collision with vehicle,Friday,Day,60,2015/03/13,08:30:00,No,3.0,1.0,-37.57185067,143.8288863,BALLARAT
T20150005508,Dry,Clear,Vehicle overturned (no collision),Saturday,Dark No street lights,100,2015/03/14,00:30:00,Yes,1.0,1.0,-37.22611959,144.1386284,HEPBURN
T20150005509,Wet,Raining,Collision with vehicle,Saturday,Dark No street lights,100,2015/03/14,21:00:00,Yes,10.0,10.0,-38.22289185,146.1621222,BAW BAW
T20150005512,Dry,Clear,Collision with a fixed object,Sunday,Day,100,2015/03/15,13:45:00,No,1.0,1.0,-37.41831713,144.6062606,MACEDON RANGES
T20150005516,Dry,Clear,Collision with vehicle,Sunday,Day,60,2015/03/15,15:05:00,No,2.0,1.0,-37.63698352,143.972664,MOORABOOL
T20150005519,Dry,Clear,Collision with vehicle,Sunday,Day,100,2015/03/15,15:25:00,No,3.0,1.0,-36.87951268,143.8722447,LODDON
T20150005522,Dry,Clear,Collision with a fixed object,Sunday,Day,100,2015/03/15,16:40:00,Yes,1.0,1.0,-35.9590719,147.6416409,TOWONG
T20150005557,Dry,Clear,Collision with vehicle,Sunday,Dusk/Dawn,100,2015/03/15,17:50:00,Yes,2.0,1.0,-38.6368715,145.8451688,SOUTH GIPPSLAND
T20150005560,Dry,Clear,collision with some other object,Monday,Day,100,2015/03/16,08:30:00,Yes,1.0,1.0,-37.73028947,144.2186551,MOORABOOL
T20150005562,Dry,Clear,No collision and no object struck,Monday,Day,60,2015/03/09,12:30:00,No,1.0,1.0,-38.00518889,146.0199661,BAW BAW
T20150005571,Dry,Clear,Collision with a fixed object,Sunday,Day,100,2015/03/15,14:00:00,No,4.0,3.0,-38.53827141,143.5302905,COLAC OTWAY
T20150005575,Dry,Clear,Collision with vehicle,Monday,Dusk/Dawn,70,2015/03/16,07:45:00,No,2.0,1.0,-38.37205034,142.4740357,WARRNAMBOOL
T20150005582,Dry,Clear,Collision with a fixed object,Monday,Day,60,2015/03/16,13:10:00,No,2.0,1.0,-38.19773839,144.3195824,GREATER GEELONG
T20150005595,Wet,Raining,Collision with vehicle,Saturday,Dark Street lights on,70,2015/03/14,22:50:00,Yes,8.0,2.0,-38.12692715,144.3392528,GREATER GEELONG
T20150005597,Dry,Clear,Collision with vehicle,Saturday,Day,999,2015/03/14,13:00:00,No,2.0,1.0,-37.46043085,145.4526082,MURRINDINDI
T20150005601,Wet,Strong winds,collision with some other object,Saturday,Day,100,2015/02/14,18:30:00,Yes,5.0,1.0,-36.78281984,143.1207851,NORTHERN GRAMPIANS
T20150005604,Dry,Clear,No collision and no object struck,Monday,Dusk/Dawn,80,2015/03/16,17:45:00,No,1.0,1.0,-36.76821944,144.2245418,GREATER BENDIGO
T20150005605,Dry,Clear,No collision and no object struck,Saturday,Day,999,2015/03/14,11:30:00,No,1.0,1.0,-38.38062011,144.0262904,SURF COAST
T20150005606,Dry,Clear,Collision with vehicle,Monday,Dusk/Dawn,100,2015/03/16,17:15:00,No,2.0,1.0,-36.49901708,145.8594027,BENALLA
T20150005608,Dry,Clear,Collision with vehicle,Monday,Dusk/Dawn,70,2015/03/16,18:00:00,Yes,4.0,3.0,-37.55136979,143.8086593,BALLARAT
T20150005609,Dry,Clear,Collision with vehicle,Monday,Day,50,2015/03/16,08:00:00,No,2.0,1.0,-37.54173629,143.8285407,BALLARAT
T20150005610,Dry,Clear,Collision with vehicle,Thursday,Day,70,2015/02/26,17:28:00,No,4.0,2.0,-38.18192062,144.3477442,GREATER GEELONG
T20150005619,Dry,Clear,Collision with vehicle,Monday,Day,80,2015/03/09,08:15:00,Yes,2.0,1.0,-38.68187239,143.8402785,COLAC OTWAY
T20150005622,Dry,Clear,Collision with vehicle,Monday,Dark Street lights off,100,2015/03/16,23:25:00,Yes,3.0,1.0,-38.27914168,146.4134612,LATROBE
T20150005630,Dry,Clear,Collision with a fixed object,Saturday,Dark No street lights,100,2015/02/14,05:00:00,Yes,1.0,1.0,-36.82817966,144.4939274,GREATER BENDIGO
T20150005642,Dry,Clear,Collision with vehicle,Tuesday,Day,60,2015/03/17,09:20:00,No,5.0,1.0,-38.37681179,142.4899317,WARRNAMBOOL
T20150005656,Unknown,Not known,No collision and no object struck,Sunday,Day,999,2015/03/15,12:00:00,No,1.0,1.0,-38.33411027,146.8732067,WELLINGTON
T20150005664,Dry,Clear,Struck Pedestrian,Tuesday,Dusk/Dawn,60,2015/03/17,07:56:00,No,2.0,1.0,-37.60363554,143.8687624,BALLARAT
T20150005677,Dry,Clear,Fall from or in moving vehicle,Tuesday,Day,50,2015/03/17,11:40:00,No,2.0,1.0,-37.80357843,141.5269324,GLENELG
T20150005687,Dry,Clear,Vehicle overturned (no collision),Tuesday,Day,100,2015/03/17,13:25:00,No,3.0,3.0,-36.1274693,142.8628357,BULOKE
T20150005688,Dry,Clear,Collision with vehicle,Tuesday,Dusk/Dawn,50,2015/03/17,17:15:00,No,6.0,1.0,-38.06694182,144.3495549,GREATER GEELONG
T20150005689,Dry,Clear,Collision with a fixed object,Tuesday,Day,100,2015/03/17,15:55:00,No,1.0,1.0,-36.03656186,144.5404788,CAMPASPE
T20150005692,Dry,Clear,Collision with vehicle,Tuesday,Day,60,2015/03/17,14:50:00,No,4.0,3.0,-37.68081336,144.4344181,MOORABOOL
T20150005698,Dry,Clear,No collision and no object struck,Wednesday,Dusk/Dawn,100,2015/03/11,17:30:00,No,1.0,1.0,-36.85330291,144.5060863,GREATER BENDIGO
T20150005699,Dry,Clear,No collision and no object struck,Sunday,Day,999,2015/03/08,13:00:00,No,1.0,1.0,-38.39422201,143.8608009,SURF COAST
T20150005701,Dry,Clear,Struck Pedestrian,Tuesday,Day,50,2015/03/17,11:00:00,No,2.0,1.0,-36.715475,142.1997178,HORSHAM
T20150005702,Dry,Clear,No collision and no object struck,Thursday,Day,80,2015/01/15,16:20:00,No,1.0,1.0,-36.81296188,147.224927,ALPINE
T20150005709,Dry,Clear,Collision with vehicle,Monday,Dusk/Dawn,70,2015/03/16,17:40:00,No,3.0,2.0,-38.1865561,144.3307814,GREATER GEELONG
T20150005727,Dry,Clear,Collision with vehicle,Wednesday,Day,50,2015/03/18,08:45:00,No,3.0,1.0,-37.05046966,143.7480763,CENTRAL GOLDFIELDS
T20150005730,Dry,Clear,Collision with vehicle,Monday,Dusk/Dawn,60,2015/03/16,17:30:00,No,2.0,2.0,-38.13066115,144.3383073,GREATER GEELONG