Accident_No,Surface_Cond_Desc,Atmosph_Cond_Desc,Accident_Type_Desc,Day,Light_Condition_Desc,Speed_Zone,Accident_Date,Accident_Time,Alcohol_Influence,Total_Persons_Inv,Inj_Or_Fatal,Lat,Long,LGA
T20150005734,Dry,Clear,Collision with vehicle,Wednesday,Day,60,2015/03/18,08:00:00,No,2.0,1.0,-37.9714431,146.9838614,WELLINGTON
T20150005740,Dry,Clear,Collision with a fixed object,Tuesday,Day,50,2015/01/27,10:39:00,No,2.0,1.0,-38.30950946,144.3189677,SURF COAST
T20150005747,Dry,Clear,No collision and no object struck,Saturday,Day,90,2015/03/14,14:30:00,No,1.0,1.0,-36.34752099,145.44853,GREATER SHEPPARTON
T20150005756,Unknown,Clear,No collision and no object struck,Friday,Day,80,2015/03/06,12:00:00,No,1.0,1.0,-37.39565961,147.8330583,EAST GIPPSLAND
T20150005761,Dry,Clear,Collision with vehicle,Sunday,Day,60,2015/03/15,14:00:00,No,2.0,2.0,-38.1334072,144.3511555,GREATER GEELONG
T20150005763,Dry,Clear,Collision with a fixed object,Saturday,Day,999,2015/03/07,11:30:00,No,1.0,1.0,-37.45310863,144.4429182,MOORABOOL
T20150005782,Dry,Not known,No collision and no object struck,Sunday,Day,999,2015/03/08,16:00:00,No,1.0,1.0,-37.83631,146.2606814,MOUNT BAW BAW ALPINE RESORT (UNINC)
T20150005793,Dry,Clear,Collision with a fixed object,Wednesday,Dark Street lights on,70,2015/03/18,23:00:00,Yes,2.0,1.0,-38.18244313,144.3449339,GREATER GEELONG
T20150005805,Dry,Clear,Collision with vehicle,Tuesday,Day,70,2015/02/10,08:00:00,No,2.0,1.0,-38.1877637,144.3556068,GREATER GEELONG
T20150005810,Unknown,Clear,Collision with a fixed object,Thursday,Dusk/Dawn,100,2015/03/19,07:30:00,No,1.0,1.0,-36.68273888,146.2072436,BENALLA
T20150005812,Dry,Clear,Collision with vehicle,Wednesday,Day,60,2015/03/18,15:50:00,No,2.0,1.0,-38.23641186,146.4015378,LATROBE
T20150005817,Wet,Clear,Vehicle overturned (no collision),Wednesday,Dark No street lights,50,2015/03/18,20:40:00,Yes,1.0,1.0,-35.02356007,142.5997521,MILDURA
T20150005820,Dry,Clear,Collision with vehicle,Tuesday,Day,100,2015/03/17,14:30:00,No,3.0,2.0,-36.12528649,142.6315698,YARRIAMBIACK
T20150005822,Dry,Clear,Collision with vehicle,Wednesday,Dark Street lights on,50,2015/03/18,21:50:00,Yes,2.0,1.0,-38.38733757,142.4810331,WARRNAMBOOL
T20150005828,Dry,Not known,No collision and no object struck,Saturday,Dusk/Dawn,80,2015/03/07,18:00:00,Yes,1.0,1.0,-37.40713993,147.2484202,WELLINGTON
T20150005835,Dry,Clear,Vehicle overturned (no collision),Tuesday,Day,100,2015/01/06,17:00:00,No,1.0,1.0,-37.07221956,142.7432967,NORTHERN GRAMPIANS
T20150005838,Dry,Not known,Struck animal,Wednesday,Dark No street lights,100,2015/03/18,23:50:00,Yes,1.0,1.0,-36.59157023,146.7646283,ALPINE
T20150005840,Dry,Clear,Collision with vehicle,Thursday,Day,100,2015/03/19,13:20:00,No,2.0,1.0,-37.05709289,142.8333359,NORTHERN GRAMPIANS
T20150005841,Dry,Clear,Struck animal,Wednesday,Dark No street lights,80,2015/03/04,21:50:00,Yes,3.0,3.0,-36.36733997,145.3419801,GREATER SHEPPARTON
T20150005849,Dry,Clear,Vehicle overturned (no collision),Thursday,Day,100,2015/03/19,11:40:00,No,1.0,1.0,-36.37215019,147.2828111,TOWONG
T20150005854,Dry,Clear,Collision with vehicle,Thursday,Day,60,2015/03/19,15:15:00,No,2.0,1.0,-36.75524587,144.2740756,GREATER BENDIGO
T20150005856,Dry,Clear,Collision with vehicle,Thursday,Day,60,2015/03/19,15:15:00,No,2.0,1.0,-36.76096942,144.2631824,GREATER BENDIGO
T20150005857,Dry,Clear,Collision with vehicle,Thursday,Day,60,2015/03/19,16:25:00,No,6.0,3.0,-37.82013911,147.8307383,EAST GIPPSLAND
T20150005864,Wet,Raining,Vehicle overturned (no collision),Thursday,Dusk/Dawn,100,2015/03/19,17:50:00,No,1.0,1.0,-37.20592825,145.3846785,MURRINDINDI
T20150005873,Dry,Clear,Collision with vehicle,Thursday,Dark Street lights on,60,2015/03/19,21:00:00,Yes,2.0,1.0,-38.07410347,144.3581993,GREATER GEELONG
T20150005874,Dry,Clear,Collision with a fixed object,Thursday,Dark No street lights,100,2015/03/19,20:45:00,Yes,1.0,1.0,-35.88494,145.365711,MOIRA
T20150005879,Dry,Clear,Struck animal,Thursday,Dark No street lights,80,2015/03/19,06:10:00,No,1.0,1.0,-36.33805057,146.3401723,WANGARATTA
T20150005880,Wet,Clear,Collision with a fixed object,Friday,Dark Street lights on,80,2015/03/20,00:30:00,Yes,3.0,1.0,-36.30373132,145.4310258,GREATER SHEPPARTON
T20150005889,Dry,Clear,Collision with vehicle,Friday,Day,110,2015/03/20,08:30:00,No,3.0,1.0,-38.1849689,145.9959015,BAW BAW
T20150005893,Unknown,Clear,Collision with vehicle,Friday,Day,50,2015/03/13,14:10:00,No,2.0,1.0,-38.64375976,143.6816097,COLAC OTWAY
T20150005896,Dry,Clear,Collision with vehicle,Friday,Day,80,2015/03/20,10:08:00,No,2.0,1.0,-38.16794364,146.2792875,LATROBE
T20150005903,Dry,Clear,No collision and no object struck,Saturday,Dusk/Dawn,100,2015/03/14,17:45:00,Yes,1.0,1.0,-36.1632107,147.030427,WODONGA
T20150005909,Dry,Clear,Vehicle overturned (no collision),Friday,Day,50,2015/03/20,08:25:00,No,1.0,1.0,-38.17081083,144.300638,GREATER GEELONG
T20150005924,Unknown,Not known,Vehicle overturned (no collision),Sunday,Day,999,2015/03/08,10:00:00,Yes,1.0,1.0,-38.05818705,146.08089,BAW BAW
T20150005929,Dry,Clear,Collision with vehicle,Friday,Day,60,2015/03/20,15:15:00,No,2.0,1.0,-37.82923744,147.6154645,EAST GIPPSLAND
T20150005936,Wet,Raining,Collision with vehicle,Thursday,Dark Street lights on,80,2015/03/19,22:30:00,Yes,4.0,3.0,-37.16733376,145.5392515,MURRINDINDI
T20150005939,Dry,Clear,Collision with a fixed object,Friday,Dark No street lights,110,2015/03/20,04:20:00,Yes,1.0,1.0,-35.25914208,141.1575497,MILDURA
T20150005944,Dry,Clear,Collision with vehicle,Friday,Unknown,50,2015/03/20,16:37:00,Yes,4.0,2.0,-37.5788387,143.8379709,BALLARAT
T20150005950,Dry,Clear,Collision with a fixed object,Friday,Dusk/Dawn,100,2015/03/20,17:50:00,Yes,1.0,1.0,-38.10792062,142.0512058,MOYNE
T20150005955,Dry,Clear,Struck Pedestrian,Friday,Dusk/Dawn,60,2015/03/20,18:00:00,Yes,2.0,1.0,-37.28362557,142.9421045,ARARAT
T20150005960,Dry,Clear,Collision with a fixed object,Friday,Dark No street lights,100,2015/03/20,21:00:00,Yes,1.0,1.0,-36.59437,145.9610157,BENALLA
T20150005964,Dry,Clear,Struck Pedestrian,Saturday,Dark Street lights on,40,2015/03/21,00:35:00,Yes,2.0,1.0,-34.1823708,142.1648475,MILDURA
T20150005976,Dry,Not known,No collision and no object struck,Saturday,Day,999,2015/03/07,12:00:00,No,1.0,1.0,-38.08084017,145.9921597,BAW BAW
T20150005978,Dry,Clear,Collision with vehicle,Saturday,Day,50,2015/03/21,09:10:00,No,2.0,2.0,-36.36839402,145.4158081,GREATER SHEPPARTON
T20150005979,Dry,Not known,Collision with vehicle,Thursday,Day,60,2015/03/19,13:00:00,No,2.0,1.0,-34.20305337,142.152766,MILDURA
T20150005996,Dry,Clear,Collision with vehicle,Saturday,Day,60,2015/03/21,13:30:00,No,6.0,2.0,-38.140285,144.336427,GREATER GEELONG
T20150005998,Dry,Clear,collision with some other object,Saturday,Day,100,2015/03/21,11:30:00,No,1.0,1.0,-36.92334019,146.8195896,ALPINE
T20150006005,Dry,Clear,Vehicle overturned (no collision),Saturday,Day,100,2015/03/21,10:30:00,No,3.0,3.0,-38.58064216,143.2007966,CORANGAMITE
T20150006007,Dry,Clear,Vehicle overturned (no collision),Saturday,Day,100,2015/03/21,15:20:00,Yes,1.0,1.0,-37.91779783,146.9208185,WELLINGTON
T20150006011,Dry,Clear,Collision with vehicle,Friday,Day,60,2015/02/06,12:20:00,No,3.0,1.0,-34.5866289,142.7765092,SWAN HILL
T20150006017,Dry,Clear,Collision with vehicle,Friday,Dark Street lights on,50,2015/03/20,23:38:00,Yes,1.0,1.0,-38.40084114,146.1652701,SOUTH GIPPSLAND
T20150006018,Dry,Clear,Collision with a fixed object,Saturday,Day,999,2015/03/21,14:50:00,Yes,1.0,1.0,-38.02530932,146.0953894,BAW BAW
T20150006028,Dry,Clear,Vehicle overturned (no collision),Saturday,Day,100,2015/03/21,14:25:00,Yes,5.0,5.0,-38.40313051,146.8236688,WELLINGTON
T20150006030,Dry,Clear,Collision with a fixed object,Saturday,Dusk/Dawn,100,2015/03/21,18:30:00,Yes,3.0,2.0,-37.30923754,145.1334409,MITCHELL
T20150006031,Dry,Clear,Collision with a fixed object,Saturday,Dusk/Dawn,100,2015/03/21,17:00:00,Yes,1.0,1.0,-36.93546139,147.3083798,EAST GIPPSLAND
T20150006033,Dry,Fog,Collision with a fixed object,Saturday,Dark No street lights,100,2015/03/21,23:55:00,Yes,1.0,1.0,-37.35078244,144.5116089,MACEDON RANGES
T20150006037,Dry,Clear,Collision with vehicle,Saturday,Dark Street lights on,60,2015/03/21,23:12:00,Yes,2.0,1.0,-34.19187786,142.1743652,MILDURA
T20150006043,Wet,Clear,No collision and no object struck,Saturday,Day,999,2015/03/21,10:25:00,No,1.0,1.0,-38.06201017,146.0910297,BAW BAW
T20150006054,Dry,Clear,Collision with vehicle,Wednesday,Day,80,2015/03/04,13:30:00,No,2.0,1.0,-38.09965988,144.3548689,GREATER GEELONG
T20150006057,Dry,Clear,Collision with a fixed object,Sunday,Dusk/Dawn,100,2015/03/22,06:45:00,Yes,2.0,1.0,-37.64848127,146.6430952,WELLINGTON
T20150006069,Dry,Clear,No collision and no object struck,Sunday,Day,100,2015/03/22,10:30:00,No,1.0,1.0,-36.77038001,147.45341,TOWONG
T20150006077,Dry,Clear,Collision with vehicle,Friday,Dusk/Dawn,50,2015/03/20,17:18:00,Yes,2.0,1.0,-38.07861733,144.3598819,GREATER GEELONG
T20150006079,Dry,Clear,Collision with a fixed object,Sunday,Day,50,2015/03/22,16:10:00,Yes,1.0,1.0,-37.5960004,143.7545719,GOLDEN PLAINS
T20150006081,Dry,Clear,Collision with vehicle,Friday,Day,999,2015/03/20,16:45:00,Yes,2.0,1.0,-37.01469112,146.6622014,WANGARATTA
T20150006087,Dry,Clear,Collision with vehicle,Saturday,Day,100,2015/03/21,12:15:00,No,7.0,1.0,-37.87259125,144.2457584,GOLDEN PLAINS
T20150006088,Dry,Clear,Collision with a fixed object,Sunday,Day,100,2015/03/22,15:00:00,No,3.0,3.0,-37.20790127,145.6092499,MURRINDINDI
T20150006089,Dry,Clear,Vehicle overturned (no collision),Sunday,Day,100,2015/03/22,14:00:00,No,1.0,1.0,-37.00167583,147.1004667,MOUNT HOTHAM ALPINE RESORT (UNINC)
T20150006090,Dry,Clear,Vehicle overturned (no collision),Sunday,Day,80,2015/03/22,16:00:00,Yes,1.0,1.0,-38.47203267,144.0442915,SURF COAST
T20150006096,Dry,Clear,No collision and no object struck,Sunday,Day,80,2015/03/22,16:00:00,Yes,1.0,1.0,-38.2112262,144.2575496,GREATER GEELONG
T20150006098,Dry,Clear,Vehicle overturned (no collision),Sunday,Day,80,2015/03/22,15:35:00,No,2.0,2.0,-37.49209045,145.6754215,MURRINDINDI
T20150006100,Dry,Clear,Collision with vehicle,Sunday,Day,70,2015/03/22,15:30:00,No,5.0,1.0,-38.15766079,144.3730184,GREATER GEELONG
T20150006103,Unknown,Not known,Collision with a fixed object,Thursday,Day,50,2015/02/05,11:00:00,No,2.0,1.0,-38.17541006,144.4315608,GREATER GEELONG
T20150006118,Dry,Clear,Collision with a fixed object,Monday,Dark No street lights,100,2015/03/23,04:20:00,Yes,2.0,1.0,-36.01379,145.4603552,MOIRA
T20150006128,Dry,Clear,No collision and no object struck,Saturday,Day,999,2015/03/21,11:50:00,No,1.0,1.0,-36.92305132,145.9245508,BENALLA
T20150006147,Dry,Clear,Collision with a fixed object,Sunday,Dark No street lights,100,2015/03/22,22:00:00,Yes,1.0,1.0,-38.17146008,143.8504025,SURF COAST
T20150006150,Dry,Clear,Collision with a fixed object,Monday,Day,80,2015/03/23,11:10:00,No,2.0,1.0,-38.19172262,144.4749889,GREATER GEELONG
T20150006156,Dry,Clear,Collision with vehicle,Monday,Day,60,2015/03/23,14:30:00,No,2.0,2.0,-36.38958979,145.4114943,GREATER SHEPPARTON
T20150006158,Wet,Raining,Collision with vehicle,Monday,Day,60,2015/03/23,14:30:00,No,5.0,3.0,-36.38031005,145.4092194,GREATER SHEPPARTON
T20150006176,Wet,Raining,Vehicle overturned (no collision),Monday,Day,100,2015/03/23,14:10:00,No,10.0,9.0,-36.86801014,147.2879927,FALLS CREEK ALPINE RESORT (UNINC)
T20150006181,Dry,Clear,Collision with vehicle,Friday,Dusk/Dawn,999,2015/03/20,17:00:00,Yes,2.0,1.0,-37.0836764,145.850804,MANSFIELD
T20150006184,Dry,Clear,Collision with vehicle,Monday,Day,100,2015/03/23,15:20:00,No,4.0,1.0,-36.99116017,147.0588385,ALPINE
T20150006189,Dry,Clear,Collision with a fixed object,Monday,Dark No street lights,100,2015/03/23,19:50:00,Yes,1.0,1.0,-35.66115001,142.6361867,YARRIAMBIACK
T20150006194,Wet,Raining,Collision with vehicle,Monday,Dusk/Dawn,100,2015/03/23,18:15:00,Yes,2.0,2.0,-36.28302,146.9154296,INDIGO
T20150006196,Dry,Clear,Struck Pedestrian,Monday,Dark Street lights on,50,2015/03/23,22:45:00,Yes,5.0,2.0,-36.12028993,146.8731955,WODONGA
T20150006197,Dry,Clear,Collision with vehicle,Monday,Day,50,2015/03/16,08:45:00,No,2.0,1.0,-38.37479689,142.4740861,WARRNAMBOOL
T20150006207,Dry,Clear,Collision with vehicle,Tuesday,Dark Street lights on,50,2015/03/24,06:22:00,No,2.0,1.0,-36.76027223,144.2771919,GREATER BENDIGO
T20150006218,Dry,Clear,Collision with a fixed object,Tuesday,Day,100,2015/03/24,08:30:00,No,1.0,1.0,-37.99122918,147.3957268,WELLINGTON
T20150006222,Dry,Clear,Vehicle overturned (no collision),Tuesday,Dusk/Dawn,100,2015/03/24,07:45:00,No,1.0,1.0,-38.49434012,145.6444374,BASS COAST
T20150006232,Dry,Clear,Collision with vehicle,Tuesday,Day,50,2015/03/24,09:00:00,No,3.0,2.0,-38.09451926,147.0763211,WELLINGTON
T20150006246,Unknown,Clear,No collision and no object struck,Saturday,Day,80,2015/03/14,10:30:00,No,1.0,1.0,-37.63203916,148.5023298,EAST GIPPSLAND
T20150006249,Dry,Not known,Collision with vehicle,Tuesday,Day,50,2015/03/24,08:45:00,No,2.0,1.0,-36.35426698,146.3289346,WANGARATTA
T20150006256,Dry,Clear,No collision and no object struck,Monday,Dark No street lights,100,2015/03/23,22:00:00,Yes,1.0,1.0,-38.52413804,142.9819486,CORANGAMITE
T20150006258,Unknown,Clear,Collision with vehicle,Monday,Day,80,2015/03/23,11:40:00,No,2.0,1.0,-38.17853139,144.4202555,GREATER GEELONG
T20150006272,Wet,Fog,Collision with vehicle,Tuesday,Day,40,2015/03/24,14:00:00,No,2.0,1.0,-38.61957764,146.1553723,SOUTH GIPPSLAND
T20150006279,Dry,Clear,Collision with vehicle,Tuesday,Dusk/Dawn,40,2015/03/24,17:00:00,No,2.0,1.0,-38.39067443,142.4907823,WARRNAMBOOL
T20150006289,Dry,Clear,Collision with a fixed object,Tuesday,Day,100,2015/03/24,19:15:00,Yes,1.0,1.0,-36.39192394,143.5743031,LODDON
T20150006299,Wet,Raining,Vehicle overturned (no collision),Tuesday,Dark No street lights,100,2015/03/24,23:00:00,Yes,1.0,1.0,-38.15843922,145.8366574,BAW BAW
T20150006305,Dry,Clear,Vehicle overturned (no collision),Wednesday,Dusk/Dawn,100,2015/03/25,07:50:00,No,1.0,1.0,-37.02265994,144.2378197,MOUNT ALEXANDER
T20150006308,Dry,Clear,Collision with a fixed object,Sunday,Day,999,2015/03/15,11:00:00,No,1.0,1.0,-38.49858927,146.8685895,WELLINGTON
T20150006322,Dry,Clear,Collision with vehicle,Sunday,Day,100,2015/03/08,13:00:00,No,2.0,1.0,-37.95186785,141.9549986,SOUTHERN GRAMPIANS
T20150006335,Dry,Clear,Collision with vehicle,Wednesday,Day,100,2015/03/25,11:30:00,No,3.0,3.0,-38.27989109,145.8180593,BAW BAW
T20150006344,Dry,Clear,Struck animal,Thursday,Dusk/Dawn,100,2015/02/12,20:30:00,Yes,1.0,1.0,-38.30154071,142.7935804,MOYNE
T20150006347,Dry,Clear,Collision with vehicle,Wednesday,Day,60,2015/03/25,15:40:00,No,4.0,1.0,-34.19495069,142.1430692,MILDURA
T20150006349,Dry,Clear,Collision with vehicle,Wednesday,Day,60,2015/03/25,16:45:00,No,4.0,2.0,-37.07049535,144.2267374,MOUNT ALEXANDER
T20150006356,Dry,Clear,Collision with vehicle,Wednesday,Day,50,2015/03/25,16:53:00,No,4.0,1.0,-38.14269642,144.3598236,GREATER GEELONG
T20150006367,Dry,Clear,Collision with vehicle,Wednesday,Day,60,2015/03/25,15:36:00,No,2.0,1.0,-36.99223994,145.0307299,MITCHELL
T20150006386,Dry,Clear,Collision with vehicle,Thursday,Day,60,2015/03/26,08:20:00,No,2.0,1.0,-36.37010419,145.401598,GREATER SHEPPARTON
T20150006389,Dry,Clear,No collision and no object struck,Saturday,Day,999,2014/12/20,11:15:00,No,1.0,1.0,-37.5085511,145.3671638,MURRINDINDI
T20150006391,Dry,Not known,Collision with vehicle,Thursday,Day,999,2015/01/01,11:00:00,No,3.0,1.0,-38.49661598,145.1635293,BASS COAST
T20150006392,Dry,Clear,Collision with vehicle,Thursday,Day,100,2015/03/26,09:00:00,No,5.0,2.0,-37.6049296,143.7581658,GOLDEN PLAINS
T20150006393,Dry,Clear,Struck animal,Thursday,Dark No street lights,100,2015/03/26,06:30:00,No,1.0,1.0,-36.48730916,144.32274,GREATER BENDIGO
T20150006399,Dry,Strong winds,Collision with a fixed object,Wednesday,Day,100,2015/03/25,13:15:00,No,2.0,2.0,-35.82260906,142.7786817,BULOKE
T20150006401,Dry,Clear,Collision with a fixed object,Thursday,Day,100,2015/03/26,11:30:00,No,1.0,1.0,-36.21899997,146.98311,WODONGA
T20150006406,Dry,Clear,Collision with vehicle,Thursday,Day,100,2015/03/26,08:20:00,No,6.0,5.0,-36.81430999,144.1579099,GREATER BENDIGO
T20150006408,Dry,Clear,Collision with vehicle,Thursday,Day,60,2015/03/26,12:35:00,No,2.0,1.0,-35.91928441,145.6395277,MOIRA
T20150006425,Dry,Strong winds,Vehicle overturned (no collision),Thursday,Day,100,2015/03/26,13:44:00,No,2.0,1.0,-35.65241001,143.84597,GANNAWARRA
T20150006429,Wet,Raining,Collision with vehicle,Thursday,Day,50,2015/03/26,16:00:00,No,2.0,1.0,-38.18308112,144.3891081,GREATER GEELONG
T20150006434,Dry,Clear,Collision with vehicle,Tuesday,Day,60,2015/01/27,16:40:00,No,4.0,1.0,-38.32602596,144.3177724,SURF COAST
T20150006436,Dry,Clear,Collision with a fixed object,Thursday,Day,50,2015/03/26,15:35:00,No,1.0,1.0,-38.2655616,144.5198695,GREATER GEELONG
T20150006439,Dry,Clear,No collision and no object struck,Sunday,Day,999,2015/03/01,11:30:00,No,1.0,1.0,-37.45812313,147.1773278,WELLINGTON
T20150006447,Wet,Raining,Collision with a fixed object,Thursday,Dusk/Dawn,100,2015/03/26,18:15:00,Yes,1.0,1.0,-37.51197992,144.1613605,MOORABOOL
T20150006460,Dry,Clear,Collision with vehicle,Thursday,Dark Street lights on,60,2015/03/26,22:20:00,Yes,2.0,1.0,-36.13399151,146.9041805,WODONGA
T20150006475,Dry,Clear,Collision with vehicle,Thursday,Day,100,2015/03/26,14:00:00,No,2.0,1.0,-37.75886817,147.7072281,EAST GIPPSLAND
T20150006493,Wet,Raining,Collision with a fixed object,Friday,Dusk/Dawn,100,2015/03/27,07:45:00,No,1.0,1.0,-37.86119722,147.9460267,EAST GIPPSLAND
T20150006498,Unknown,Clear,No collision and no object struck,Saturday,Dusk/Dawn,999,2015/03/07,17:00:00,Yes,1.0,1.0,-37.97761872,146.3736754,BAW BAW
T20150006504,Dry,Clear,Collision with a fixed object,Friday,Day,100,2015/03/27,10:15:00,No,2.0,1.0,-36.33448034,147.1679093,INDIGO
T20150006524,Dry,Clear,Collision with a fixed object,Monday,Dark Street lights on,80,2015/03/23,19:50:00,Yes,1.0,1.0,-38.22559041,144.3366036,GREATER GEELONG
T20150006526,Unknown,Not known,Collision with a fixed object,Friday,Dusk/Dawn,100,2015/02/27,18:00:00,Yes,1.0,1.0,-37.69416258,143.9732438,MOORABOOL
T20150006527,Wet,Raining,Collision with a fixed object,Friday,Day,100,2015/03/27,14:45:00,No,2.0,1.0,-38.49212178,145.9289823,SOUTH GIPPSLAND
T20150006528,Dry,Clear,Collision with vehicle,Friday,Day,100,2015/03/27,13:35:00,No,4.0,2.0,-36.49602001,145.3887977,GREATER SHEPPARTON
T20150006530,Dry,Clear,Collision with vehicle,Wednesday,Dusk/Dawn,100,2015/03/25,19:00:00,Yes,2.0,1.0,-37.13820288,144.224036,MOUNT ALEXANDER
T20150006531,Dry,Clear,Collision with a fixed object,Friday,Day,80,2015/03/27,12:40:00,No,4.0,4.0,-38.17052107,144.2508004,SURF COAST
T20150006532,Dry,Clear,Collision with vehicle,Friday,Day,40,2015/02/06,12:00:00,No,2.0,1.0,-34.18295835,142.160978,MILDURA
T20150006537,Dry,Clear,Struck animal,Thursday,Day,100,2015/03/12,15:00:00,No,1.0,1.0,-38.24021409,141.8618939,GLENELG
T20150006559,Dry,Clear,Collision with vehicle,Monday,Day,60,2015/02/23,17:30:00,Yes,2.0,1.0,-38.16243807,145.9488028,BAW BAW
T20150006560,Dry,Clear,Vehicle overturned (no collision),Saturday,Dark No street lights,100,2015/03/28,02:15:00,Yes,2.0,2.0,-36.8229402,144.2377392,GREATER BENDIGO
T20150006572,Dry,Clear,Collision with vehicle,Thursday,Day,50,2015/03/26,15:10:00,No,2.0,1.0,-37.40998006,144.9812432,MITCHELL
T20150006575,Wet,Raining,Collision with vehicle,Thursday,Dark Street lights on,50,2015/03/26,18:10:00,Yes,5.0,1.0,-37.58057503,143.844651,BALLARAT
T20150006576,Wet,Raining,Collision with a fixed object,Friday,Dark No street lights,100,2015/03/27,21:15:00,Yes,1.0,1.0,-38.28067886,145.7747698,SOUTH GIPPSLAND
T20150006577,Dry,Clear,Collision with a fixed object,Saturday,Dusk/Dawn,100,2015/03/28,07:45:00,No,1.0,1.0,-38.21927386,144.2777297,GREATER GEELONG
T20150006582,Icy,Fog,Vehicle overturned (no collision),Monday,Dusk/Dawn,100,2014/08/04,06:30:00,Yes,1.0,1.0,-37.50917008,144.1615707,MOORABOOL
T20150006583,Dry,Clear,Vehicle overturned (no collision),Saturday,Dark No street lights,100,2015/03/28,00:50:00,Yes,1.0,1.0,-35.99512269,145.85415,MOIRA
T20150006591,Unknown,Clear,Collision with vehicle,Wednesday,Day,100,2015/03/04,10:50:00,No,2.0,1.0,-37.54516511,149.4533495,EAST GIPPSLAND
T20150006595,Dry,Clear,Collision with vehicle,Wednesday,Dusk/Dawn,60,2015/03/18,17:40:00,No,4.0,1.0,-36.75859141,144.2563346,GREATER BENDIGO
T20150006601,Dry,Clear,Collision with vehicle,Saturday,Day,80,2015/03/28,11:15:00,No,6.0,2.0,-36.1728764,146.9357926,WODONGA
T20150006605,Dry,Clear,No collision and no object struck,Saturday,Day,100,2015/03/28,12:10:00,No,1.0,1.0,-37.85987083,146.4562413,BAW BAW
T20150006607,Dry,Clear,Collision with a fixed object,Saturday,Day,100,2015/03/28,13:30:00,No,1.0,1.0,-36.05968908,147.0951295,TOWONG
T20150006612,Dry,Clear,Collision with vehicle,Saturday,Day,100,2015/03/28,13:25:00,No,2.0,2.0,-38.30259589,142.46563,MOYNE
T20150006618,Dry,Clear,Collision with vehicle,Saturday,Dusk/Dawn,60,2015/03/28,18:05:00,Yes,4.0,1.0,-36.35919618,146.3154587,WANGARATTA
T20150006622,Dry,Clear,No collision and no object struck,Saturday,Dusk/Dawn,40,2015/03/28,19:10:00,Yes,1.0,1.0,-38.01910068,144.4030006,GREATER GEELONG
T20150006626,Dry,Clear,Collision with vehicle,Saturday,Dusk/Dawn,100,2015/03/28,17:35:00,Yes,3.0,2.0,-38.01437954,144.4657997,GREATER GEELONG
T20150006629,Dry,Clear,Collision with a fixed object,Saturday,Dusk/Dawn,80,2015/03/28,17:55:00,Yes,2.0,2.0,-37.41818809,144.9970504,MITCHELL
T20150006647,Dry,Clear,Collision with a fixed object,Sunday,Dark Street lights on,60,2015/03/29,06:15:00,Yes,1.0,1.0,-38.37109977,142.4878076,WARRNAMBOOL
T20150006649,Wet,Clear,Collision with a fixed object,Saturday,Day,100,2015/03/28,15:30:00,Yes,5.0,4.0,-38.45378099,145.5497339,BASS COAST
T20150006656,Dry,Clear,Struck animal,Sunday,Day,100,2015/03/29,08:14:00,Yes,2.0,1.0,-36.38271702,146.59452,WANGARATTA
T20150006667,Dry,Clear,Collision with a fixed object,Saturday,Dark No street lights,60,2015/03/28,23:00:00,Yes,1.0,1.0,-37.47534937,144.3082959,MOORABOOL
T20150006669,Dry,Clear,Collision with a fixed object,Sunday,Day,100,2015/03/29,11:49:00,No,2.0,1.0,-37.97073501,147.4733578,EAST GIPPSLAND
T20150006673,Dry,Clear,Collision with a fixed object,Sunday,Unknown,60,2015/03/29,01:35:00,Yes,2.0,2.0,-37.73597022,142.0136898,SOUTHERN GRAMPIANS
T20150006678,Wet,Raining,Collision with a fixed object,Friday,Day,100,2015/03/27,13:00:00,No,1.0,1.0,-37.30097024,145.3742101,MURRINDINDI
T20150006683,Dry,Clear,No collision and no object struck,Saturday,Day,999,2015/03/28,09:30:00,No,1.0,1.0,-37.22084096,144.6551629,MACEDON RANGES
T20150006693,Dry,Clear,Collision with a fixed object,Sunday,Day,60,2015/03/29,15:15:00,No,1.0,1.0,-36.36612907,146.6818377,INDIGO
T20150006695,Dry,Clear,Collision with vehicle,Sunday,Day,70,2015/03/29,16:10:00,Yes,7.0,2.0,-38.16034656,144.3767177,GREATER GEELONG
T20150006703,Dry,Clear,Collision with a fixed object,Sunday,Day,100,2015/03/29,15:52:00,No,1.0,1.0,-37.53499109,144.4740081,MACEDON RANGES
T20150006716,Dry,Clear,Collision with a fixed object,Monday,Dark No street lights,100,2015/03/30,01:10:00,Yes,1.0,1.0,-36.717011,144.6810967,CAMPASPE
T20150006718,Dry,Clear,Collision with vehicle,Sunday,Dark Street lights on,60,2015/03/29,19:35:00,Yes,3.0,2.0,-37.59770358,143.8315,BALLARAT
T20150006722,Dry,Clear,Collision with vehicle,Sunday,Day,50,2015/03/29,11:10:00,No,3.0,2.0,-36.37456971,145.4047421,GREATER SHEPPARTON
T20150006735,Dry,Clear,Struck Pedestrian,Monday,Day,40,2015/03/30,08:45:00,No,2.0,1.0,-36.36402686,146.2907338,WANGARATTA
T20150006740,Dry,Clear,Vehicle overturned (no collision),Monday,Day,100,2015/03/30,08:55:00,No,1.0,1.0,-36.48574638,144.70142,CAMPASPE
T20150006746,Dry,Clear,Collision with a fixed object,Monday,Day,50,2015/03/30,14:05:00,No,1.0,1.0,-35.34341968,143.5593317,SWAN HILL
T20150006752,Dry,Clear,Collision with vehicle,Monday,Day,60,2015/03/30,15:55:00,No,3.0,1.0,-36.75589234,145.5713425,STRATHBOGIE