Accident_No,Surface_Cond_Desc,Atmosph_Cond_Desc,Accident_Type_Desc,Day,Light_Condition_Desc,Speed_Zone,Accident_Date,Accident_Time,Alcohol_Influence,Total_Persons_Inv,Inj_Or_Fatal,Lat,Long,LGA
T20150006753,Dry,Clear,Collision with vehicle,Thursday,Unknown,100,2015/03/26,21:10:00,Yes,2.0,1.0,-38.04227963,144.4088695,GREATER GEELONG
T20150006758,Dry,Clear,Collision with vehicle,Monday,Dusk/Dawn,50,2015/03/30,17:03:00,No,2.0,1.0,-37.81505175,147.6385887,EAST GIPPSLAND
T20150006759,Dry,Fog,Collision with a fixed object,Monday,Day,80,2015/03/30,08:15:00,No,1.0,1.0,-38.31709122,141.5565877,GLENELG
T20150006761,Unknown,Not known,No collision and no object struck,Saturday,Unknown,999,2015/03/07,11:30:00,No,2.0,1.0,-37.45623381,144.5791366,MACEDON RANGES
T20150006771,Dry,Clear,Collision with vehicle,Monday,Dusk/Dawn,50,2015/03/30,19:45:00,Yes,2.0,1.0,-36.12499999,146.88807,WODONGA
T20150006778,Dry,Clear,Collision with a fixed object,Monday,Dark No street lights,50,2015/03/30,21:30:00,Yes,1.0,1.0,-36.72877568,146.1150108,BENALLA
T20150006781,Dry,Clear,Struck animal,Monday,Dark No street lights,100,2015/03/30,23:20:00,Yes,2.0,1.0,-36.84984026,144.1551024,GREATER BENDIGO
T20150006784,Dry,Clear,Collision with vehicle,Monday,Day,50,2015/03/30,14:45:00,No,4.0,2.0,-36.13395187,144.7559907,CAMPASPE
T20150006785,Dry,Clear,Collision with vehicle,Monday,Day,70,2015/03/30,14:30:00,No,4.0,1.0,-38.17520836,144.352217,GREATER GEELONG
T20150006786,Dry,Clear,Collision with a fixed object,Tuesday,Dark No street lights,50,2015/03/31,06:10:00,No,1.0,1.0,-37.0795197,144.2528804,MOUNT ALEXANDER
T20150006791,Dry,Clear,Collision with vehicle,Tuesday,Day,50,2015/03/31,08:00:00,No,2.0,1.0,-38.17154576,144.3498845,GREATER GEELONG
T20150006795,Dry,Clear,Collision with a fixed object,Tuesday,Day,110,2015/03/31,08:30:00,No,1.0,1.0,-36.72564086,145.1910427,STRATHBOGIE
T20150006796,Dry,Clear,Collision with vehicle,Tuesday,Day,50,2015/02/03,15:15:00,No,2.0,1.0,-38.17463914,144.5688033,GREATER GEELONG
T20150006797,Dry,Clear,No collision and no object struck,Tuesday,Day,60,2015/03/31,08:30:00,No,4.0,1.0,-37.24298616,144.46394,MACEDON RANGES
T20150006800,Dry,Clear,No collision and no object struck,Tuesday,Day,60,2015/03/24,10:00:00,No,1.0,1.0,-37.18579249,146.0664916,MANSFIELD
T20150006824,Dry,Clear,Collision with vehicle,Tuesday,Day,60,2015/03/31,13:30:00,No,2.0,1.0,-36.75737269,144.2919333,GREATER BENDIGO
T20150006832,Dry,Clear,Collision with vehicle,Sunday,Day,60,2015/03/29,15:14:00,No,3.0,2.0,-38.23914828,142.9108486,CORANGAMITE
T20150006833,Dry,Clear,Collision with vehicle,Tuesday,Day,50,2015/03/31,15:10:00,No,1.0,1.0,-37.45885153,144.6863381,MACEDON RANGES
T20150006846,Dry,Clear,Collision with vehicle,Tuesday,Day,80,2015/03/31,16:40:00,No,2.0,1.0,-37.23709292,144.4564295,MACEDON RANGES
T20150006859,Dry,Clear,Collision with vehicle,Tuesday,Day,100,2015/03/31,15:15:00,No,3.0,2.0,-37.39179946,143.4300553,PYRENEES
T20150006863,Dry,Clear,Collision with vehicle,Tuesday,Dark Street lights on,60,2015/03/31,20:40:00,Yes,2.0,2.0,-37.58135599,143.8328518,BALLARAT
T20150006876,Dry,Clear,Vehicle overturned (no collision),Wednesday,Dusk/Dawn,100,2015/04/01,06:30:00,No,1.0,1.0,-37.8028253,147.4763012,EAST GIPPSLAND
T20150006887,Dry,Clear,Collision with vehicle,Wednesday,Dark No street lights,80,2015/04/01,07:00:00,No,5.0,1.0,-38.24962978,144.5042188,GREATER GEELONG
T20150006890,Dry,Clear,Collision with vehicle,Tuesday,Day,60,2015/03/31,14:30:00,No,4.0,1.0,-37.55465683,143.8162895,BALLARAT
T20150006893,Dry,Clear,Collision with vehicle,Wednesday,Day,110,2015/04/01,11:35:00,No,2.0,1.0,-38.13787385,145.8828034,BAW BAW
T20150006897,Dry,Clear,Vehicle overturned (no collision),Wednesday,Dusk/Dawn,60,2015/04/01,07:50:00,No,1.0,1.0,-37.47039848,144.5245666,MACEDON RANGES
T20150006910,Dry,Not known,Struck animal,Monday,Dusk/Dawn,100,2015/03/09,20:30:00,Yes,1.0,1.0,-36.82539848,144.5873734,GREATER BENDIGO
T20150006924,Dry,Clear,Collision with vehicle,Wednesday,Day,100,2015/04/01,15:25:00,No,4.0,2.0,-36.81971989,146.0075144,BENALLA
T20150006929,Dry,Clear,Collision with vehicle,Wednesday,Dusk/Dawn,110,2015/04/01,17:20:00,No,3.0,1.0,-38.09727654,145.8471026,BAW BAW
T20150006930,Dry,Clear,Collision with a fixed object,Wednesday,Day,80,2015/04/01,15:55:00,No,3.0,3.0,-37.67710272,144.0074207,MOORABOOL
T20150006933,Unknown,Clear,Vehicle overturned (no collision),Sunday,Day,100,2015/03/22,10:30:00,No,1.0,1.0,-36.10954972,146.6089922,INDIGO
T20150006938,Dry,Clear,No collision and no object struck,Wednesday,Day,80,2015/04/01,11:20:00,No,1.0,1.0,-37.84888015,148.0454198,EAST GIPPSLAND
T20150006940,Dry,Clear,Collision with vehicle,Wednesday,Dark Street lights on,60,2015/04/01,19:20:00,Yes,7.0,1.0,-34.20077118,142.1537438,MILDURA
T20150006953,Dry,Clear,Collision with vehicle,Thursday,Dark Street lights on,60,2015/04/02,07:00:00,No,2.0,1.0,-38.15548656,144.3569625,GREATER GEELONG
T20150006954,Dry,Clear,No collision and no object struck,Tuesday,Day,80,2015/03/31,15:00:00,No,1.0,1.0,-37.01791414,147.5746835,EAST GIPPSLAND
T20150006956,Dry,Clear,Vehicle overturned (no collision),Tuesday,Dusk/Dawn,80,2015/03/31,17:45:00,No,1.0,1.0,-36.359189,145.4308116,GREATER SHEPPARTON
T20150006981,Dry,Clear,No collision and no object struck,Thursday,Day,80,2015/04/02,10:00:00,No,1.0,1.0,-34.2251682,142.2132003,MILDURA
T20150006982,Dry,Clear,Collision with vehicle,Thursday,Day,80,2015/04/02,12:25:00,No,3.0,1.0,-38.43277286,145.4971801,BASS COAST
T20150006988,Dry,Clear,No collision and no object struck,Thursday,Day,999,2015/04/02,11:30:00,No,1.0,1.0,-37.45598858,146.2480231,MANSFIELD
T20150007011,Dry,Clear,Collision with vehicle,Thursday,Day,80,2015/04/02,15:30:00,No,2.0,1.0,-38.23005055,144.3359773,GREATER GEELONG
T20150007012,Dry,Clear,Collision with vehicle,Saturday,Day,50,2015/03/14,18:10:00,Yes,2.0,1.0,-38.12516576,144.3206995,GREATER GEELONG
T20150007015,Dry,Fog,Struck animal,Thursday,Dusk/Dawn,80,2015/03/26,07:00:00,No,1.0,1.0,-37.33543218,145.0181061,MITCHELL
T20150007019,Dry,Clear,Struck animal,Thursday,Dark No street lights,100,2015/04/02,20:08:00,Yes,3.0,3.0,-38.33592942,143.5200818,COLAC OTWAY
T20150007020,Dry,Clear,Collision with a fixed object,Thursday,Day,60,2015/04/02,08:20:00,No,1.0,1.0,-35.71967267,143.9550821,GANNAWARRA
T20150007032,Icy,Clear,Collision with a fixed object,Thursday,Day,100,2015/04/02,16:30:00,No,1.0,1.0,-36.70124907,145.5720984,STRATHBOGIE
T20150007043,Dry,Clear,Collision with a fixed object,Friday,Day,100,2015/04/03,12:05:00,No,1.0,1.0,-37.84881962,143.6792517,GOLDEN PLAINS
T20150007046,Dry,Clear,No collision and no object struck,Friday,Day,100,2015/04/03,12:30:00,No,2.0,1.0,-37.13634652,142.43466,NORTHERN GRAMPIANS
T20150007060,Dry,Clear,Collision with vehicle,Friday,Day,80,2015/04/03,14:10:00,No,5.0,1.0,-34.244672,142.1817476,MILDURA
T20150007063,Dry,Clear,No collision and no object struck,Thursday,Day,60,2015/04/02,13:15:00,No,1.0,1.0,-37.75837868,142.0159002,SOUTHERN GRAMPIANS
T20150007065,Dry,Clear,No collision and no object struck,Friday,Day,100,2015/04/03,13:15:00,No,6.0,1.0,-37.3013392,145.3697814,MURRINDINDI
T20150007066,Dry,Clear,Collision with vehicle,Friday,Day,100,2015/04/03,14:36:00,No,10.0,1.0,-38.52398407,145.422012,BASS COAST
T20150007067,Dry,Clear,No collision and no object struck,Friday,Day,100,2015/04/03,12:00:00,No,1.0,1.0,-37.3345206,145.9533802,MURRINDINDI
T20150007068,Dry,Clear,Collision with vehicle,Friday,Day,50,2015/04/03,13:50:00,No,3.0,2.0,-37.18464181,145.7103676,MURRINDINDI
T20150007071,Dry,Clear,Collision with vehicle,Friday,Day,100,2015/04/03,14:36:00,No,4.0,1.0,-38.52396351,145.4164092,BASS COAST
T20150007073,Unknown,Not known,Collision with vehicle,Sunday,Day,50,2015/03/29,11:00:00,No,2.0,1.0,-37.23990044,144.4240706,MACEDON RANGES
T20150007075,Dry,Clear,Vehicle overturned (no collision),Friday,Day,100,2015/04/03,14:40:00,No,1.0,1.0,-36.43391844,143.932431,LODDON
T20150007081,Dry,Clear,Collision with vehicle,Friday,Dusk/Dawn,60,2015/04/03,18:05:00,Yes,2.0,2.0,-37.56770759,143.8858063,BALLARAT
T20150007083,Dry,Clear,Collision with vehicle,Friday,Dusk/Dawn,100,2015/04/03,18:13:00,Yes,2.0,1.0,-37.09604256,144.326624,MOUNT ALEXANDER
T20150007091,Dry,Clear,Vehicle overturned (no collision),Friday,Day,100,2015/04/03,15:50:00,No,3.0,3.0,-36.41671026,146.6997315,WANGARATTA
T20150007096,Dry,Clear,Collision with a fixed object,Friday,Dark No street lights,999,2015/04/03,19:35:00,Yes,1.0,1.0,-38.277988,141.5143903,GLENELG
T20150007098,Unknown,Not known,No collision and no object struck,Friday,Unknown,999,2015/03/27,17:30:00,Yes,1.0,1.0,-37.50900746,144.2852407,MOORABOOL
T20150007103,Dry,Clear,Collision with a fixed object,Saturday,Dark No street lights,60,2015/04/04,00:05:00,Yes,3.0,3.0,-37.56456965,143.8227109,BALLARAT
T20150007105,Dry,Clear,Collision with a fixed object,Friday,Day,100,2015/04/03,14:45:00,No,2.0,2.0,-37.24750587,145.1788201,MURRINDINDI
T20150007111,Dry,Clear,No collision and no object struck,Saturday,Day,100,2015/04/04,11:15:00,No,1.0,1.0,-38.45716642,143.9260914,SURF COAST
T20150007118,Dry,Clear,Collision with vehicle,Saturday,Day,50,2015/04/04,12:51:00,No,3.0,2.0,-36.37978891,145.4162777,GREATER SHEPPARTON
T20150007121,Dry,Not known,No collision and no object struck,Friday,Day,80,2015/04/03,16:30:00,Yes,1.0,1.0,-37.77845315,147.1141371,WELLINGTON
T20150007141,Dry,Clear,Collision with vehicle,Saturday,Dark Street lights on,50,2015/04/04,19:35:00,Yes,3.0,1.0,-37.29103068,144.9507447,MITCHELL
T20150007142,Dry,Clear,Collision with vehicle,Saturday,Day,100,2015/04/04,16:00:00,Yes,3.0,1.0,-37.98422029,146.4180075,BAW BAW
T20150007148,Wet,Raining,Collision with vehicle,Thursday,Day,100,2015/03/26,14:25:00,No,4.0,1.0,-38.4031713,143.0013863,CORANGAMITE
T20150007160,Dry,Clear,Collision with vehicle,Saturday,Day,80,2015/04/04,14:20:00,Yes,3.0,1.0,-38.08690311,145.7772095,BAW BAW
T20150007161,Dry,Clear,Collision with a fixed object,Sunday,Dark No street lights,100,2015/04/05,04:15:00,Yes,1.0,1.0,-37.01219883,142.8562571,NORTHERN GRAMPIANS
T20150007166,Dry,Clear,Collision with vehicle,Friday,Day,60,2015/04/03,13:07:00,No,3.0,2.0,-37.82196518,147.8642297,EAST GIPPSLAND
T20150007167,Dry,Clear,Collision with vehicle,Friday,Day,100,2015/04/03,09:30:00,No,4.0,2.0,-37.85789661,147.9483636,EAST GIPPSLAND
T20150007171,Dry,Clear,Collision with vehicle,Sunday,Day,100,2015/04/05,11:15:00,No,3.0,1.0,-37.20798788,145.082742,MITCHELL
T20150007179,Dry,Clear,Collision with vehicle,Sunday,Day,100,2015/04/05,11:45:00,No,3.0,1.0,-37.09861945,145.4636178,MURRINDINDI
T20150007183,Dry,Clear,Collision with vehicle,Sunday,Day,999,2015/04/05,12:00:00,No,3.0,1.0,-37.27888708,146.1553859,MANSFIELD
T20150007195,Dry,Clear,Struck animal,Sunday,Dusk/Dawn,100,2015/04/05,18:35:00,Yes,1.0,1.0,-37.17413004,142.6247601,ARARAT
T20150007198,Dry,Clear,Collision with vehicle,Sunday,Dark Street lights off,60,2015/04/05,19:22:00,Yes,2.0,1.0,-36.40853892,145.3933908,GREATER SHEPPARTON
T20150007209,Dry,Clear,Vehicle overturned (no collision),Sunday,Day,100,2015/04/05,11:15:00,No,1.0,1.0,-38.29983875,143.7869896,COLAC OTWAY
T20150007211,Dry,Clear,Collision with a fixed object,Monday,Dark Street lights on,60,2015/04/06,05:49:00,Yes,1.0,1.0,-37.02062302,145.1263123,MITCHELL
T20150007221,Dry,Clear,Collision with vehicle,Monday,Day,100,2015/04/06,10:25:00,No,7.0,4.0,-38.09323926,145.8342318,BAW BAW
T20150007223,Wet,Raining,Collision with a fixed object,Monday,Day,100,2015/04/06,10:00:00,No,1.0,1.0,-37.77925153,141.6861903,GLENELG
T20150007225,Dry,Clear,Collision with vehicle,Wednesday,Dark Street lights on,80,2015/04/01,21:25:00,Yes,2.0,1.0,-38.19111144,146.5588304,LATROBE
T20150007227,Dry,Clear,Struck Pedestrian,Friday,Day,999,2015/01/02,12:20:00,No,2.0,1.0,-38.11105982,144.3433485,GREATER GEELONG
T20150007233,Unknown,Not known,collision with some other object,Friday,Day,80,2015/04/03,14:30:00,No,1.0,1.0,-37.77522037,146.7751396,WELLINGTON
T20150007237,Dry,Clear,Collision with vehicle,Monday,Day,100,2015/04/06,14:30:00,No,5.0,3.0,-36.37880511,146.3966978,WANGARATTA
T20150007239,Dry,Clear,Struck animal,Monday,Day,100,2015/04/06,12:20:00,No,1.0,1.0,-38.60945281,143.2597068,CORANGAMITE
T20150007244,Dry,Clear,Collision with a fixed object,Monday,Dark No street lights,110,2015/04/06,00:01:00,Yes,1.0,1.0,-34.92289959,142.3070625,MILDURA
T20150007250,Dry,Clear,Collision with a fixed object,Monday,Day,80,2015/04/06,15:30:00,No,1.0,1.0,-37.65308002,144.5072602,MOORABOOL
T20150007254,Dry,Not known,Collision with a fixed object,Saturday,Day,999,2015/04/04,14:00:00,Yes,1.0,1.0,-38.3937491,144.0795686,SURF COAST
T20150007260,Dry,Clear,Struck Pedestrian,Monday,Dusk/Dawn,50,2015/04/06,17:10:00,No,2.0,1.0,-38.66743988,143.8570398,COLAC OTWAY
T20150007262,Dry,Clear,Collision with vehicle,Monday,Dark Street lights on,60,2015/04/06,21:09:00,Yes,2.0,1.0,-38.08416923,144.3586743,GREATER GEELONG
T20150007271,Dry,Clear,Collision with a fixed object,Monday,Day,100,2015/04/06,12:45:00,No,3.0,1.0,-38.10456386,147.4867915,WELLINGTON
T20150007285,Dry,Clear,Collision with vehicle,Tuesday,Day,60,2015/04/07,10:40:00,No,2.0,1.0,-38.17331427,144.5737491,GREATER GEELONG
T20150007286,Wet,Raining,Collision with vehicle,Tuesday,Day,100,2015/04/07,09:30:00,No,2.0,2.0,-36.42538065,145.2227241,GREATER SHEPPARTON
T20150007288,Dry,Clear,No collision and no object struck,Friday,Day,999,2015/04/03,14:00:00,No,1.0,1.0,-37.30244995,146.2142102,MANSFIELD
T20150007294,Wet,Raining,Collision with vehicle,Tuesday,Day,50,2015/04/07,09:42:00,No,2.0,1.0,-38.15865582,145.9213192,BAW BAW
T20150007298,Wet,Raining,Collision with a fixed object,Tuesday,Day,80,2015/04/07,09:30:00,No,1.0,1.0,-38.46918835,143.7691078,COLAC OTWAY
T20150007299,Dry,Clear,No collision and no object struck,Monday,Day,999,2015/02/16,11:50:00,No,1.0,1.0,-38.31410815,146.4597879,LATROBE
T20150007305,Dry,Clear,No collision and no object struck,Saturday,Day,999,2015/04/04,13:00:00,No,1.0,1.0,-38.60274123,143.838866,COLAC OTWAY
T20150007308,Dry,Clear,Struck Pedestrian,Thursday,Day,50,2015/03/26,11:30:00,No,2.0,1.0,-38.0847118,144.3526369,GREATER GEELONG
T20150007314,Wet,Not known,Collision with a fixed object,Tuesday,Day,100,2015/04/07,13:45:00,No,6.0,6.0,-37.7439212,143.6350712,GOLDEN PLAINS
T20150007322,Wet,Clear,Collision with a fixed object,Tuesday,Dusk/Dawn,50,2015/04/07,17:00:00,No,1.0,1.0,-36.12697861,146.866234,WODONGA
T20150007324,Wet,Raining,Collision with a fixed object,Tuesday,Day,60,2015/04/07,15:30:00,No,3.0,3.0,-36.77314042,144.2744727,GREATER BENDIGO
T20150007325,Wet,Raining,Struck Pedestrian,Tuesday,Day,110,2015/04/07,16:10:00,No,4.0,1.0,-37.60339366,144.2807892,MOORABOOL
T20150007331,Unknown,Clear,collision with some other object,Sunday,Day,999,2015/03/29,12:00:00,No,1.0,1.0,-36.27944077,146.6154732,INDIGO
T20150007335,Dry,Clear,Vehicle overturned (no collision),Tuesday,Dusk/Dawn,100,2015/04/07,18:00:00,Yes,1.0,1.0,-36.29068105,146.9108426,INDIGO
T20150007340,Wet,Raining,Collision with a fixed object,Tuesday,Dark No street lights,100,2015/04/07,18:40:00,Yes,3.0,1.0,-37.36756411,144.2913487,HEPBURN
T20150007347,Unknown,Not known,Struck Pedestrian,Thursday,Dusk/Dawn,50,2015/02/19,17:10:00,No,2.0,1.0,-38.14426719,144.3583721,GREATER GEELONG
T20150007356,Wet,Raining,Collision with vehicle,Wednesday,Dark No street lights,100,2015/04/08,03:23:00,Yes,3.0,3.0,-38.03102919,144.4298594,GREATER GEELONG
T20150007362,Dry,Clear,Collision with vehicle,Tuesday,Dark Street lights on,80,2015/04/07,20:30:00,Yes,2.0,2.0,-37.52992817,143.8141132,BALLARAT
T20150007367,Wet,Clear,Collision with vehicle,Wednesday,Day,80,2015/04/08,09:40:00,No,5.0,1.0,-38.07537123,144.3687789,GREATER GEELONG
T20150007368,Dry,Clear,Collision with a fixed object,Saturday,Day,100,2015/04/04,13:00:00,No,1.0,1.0,-37.18877248,143.1723892,ARARAT
T20150007370,Unknown,Not known,Struck Pedestrian,Wednesday,Unknown,60,2015/02/11,18:00:00,Yes,2.0,1.0,-38.06789395,144.3543436,GREATER GEELONG
T20150007372,Dry,Clear,Collision with a fixed object,Wednesday,Day,60,2015/04/08,11:30:00,No,1.0,1.0,-36.40862,145.4080699,GREATER SHEPPARTON
T20150007375,Dry,Clear,Struck Pedestrian,Wednesday,Day,60,2015/04/08,11:40:00,No,2.0,1.0,-35.91773698,145.6413161,MOIRA
T20150007382,Unknown,Clear,No collision and no object struck,Wednesday,Day,999,2015/04/08,13:00:00,No,1.0,1.0,-37.47881017,145.463378,MURRINDINDI
T20150007388,Dry,Clear,No collision and no object struck,Friday,Dusk/Dawn,100,2015/03/27,18:00:00,Yes,1.0,1.0,-37.28786028,145.6349694,MURRINDINDI
T20150007389,Wet,Raining,Collision with a fixed object,Wednesday,Day,100,2015/04/08,12:09:00,No,4.0,4.0,-37.70491813,148.5769551,EAST GIPPSLAND
T20150007402,Dry,Clear,Collision with vehicle,Wednesday,Day,80,2015/04/08,16:10:00,No,2.0,1.0,-38.30971902,142.3762814,MOYNE
T20150007409,Dry,Clear,Struck Pedestrian,Wednesday,Dusk/Dawn,40,2015/04/08,17:30:00,No,2.0,1.0,-34.1918641,142.1393716,MILDURA
T20150007420,Dry,Clear,Collision with a fixed object,Wednesday,Dusk/Dawn,100,2015/04/08,17:00:00,No,1.0,1.0,-35.30376473,142.5768103,BULOKE
T20150007428,Dry,Clear,Collision with a fixed object,Thursday,Dark No street lights,100,2015/04/09,01:30:00,Yes,1.0,1.0,-35.20200236,143.3646232,SWAN HILL
T20150007435,Dry,Clear,Collision with a fixed object,Thursday,Dusk/Dawn,100,2015/04/09,06:50:00,No,1.0,1.0,-38.11020035,145.8108899,BAW BAW
T20150007437,Dry,Clear,Collision with a fixed object,Thursday,Day,100,2015/04/09,08:20:00,No,1.0,1.0,-36.39942006,144.7005102,CAMPASPE
T20150007440,Dry,Clear,Collision with vehicle,Thursday,Day,80,2015/04/09,08:45:00,No,2.0,1.0,-38.13727135,144.6101813,GREATER GEELONG
T20150007454,Wet,Raining,Struck Pedestrian,Tuesday,Day,50,2015/04/07,11:50:00,No,2.0,1.0,-38.19614264,146.5367896,LATROBE
T20150007455,Dry,Clear,Collision with vehicle,Thursday,Day,100,2015/04/09,10:25:00,No,4.0,1.0,-34.23229775,142.1253921,MILDURA
T20150007459,Dry,Clear,Collision with vehicle,Thursday,Day,60,2015/02/26,16:00:00,No,2.0,1.0,-36.76428091,144.2805174,GREATER BENDIGO
T20150007462,Dry,Clear,Collision with a fixed object,Thursday,Day,100,2015/04/09,10:10:00,No,1.0,1.0,-37.9189096,146.3982403,BAW BAW
T20150007473,Dry,Clear,No collision and no object struck,Thursday,Day,60,2015/04/09,13:05:00,No,1.0,1.0,-38.13276493,144.3554661,GREATER GEELONG
T20150007480,Dry,Clear,Collision with vehicle,Thursday,Day,60,2015/04/09,16:40:00,No,3.0,1.0,-36.39239438,145.3969926,GREATER SHEPPARTON
T20150007497,Dry,Clear,Collision with a fixed object,Thursday,Dark No street lights,100,2015/04/09,19:00:00,Yes,1.0,1.0,-36.85982635,145.2822972,STRATHBOGIE
T20150007507,Dry,Clear,Collision with vehicle,Thursday,Dusk/Dawn,60,2015/04/09,17:35:00,No,2.0,1.0,-38.18521639,144.3160926,GREATER GEELONG
T20150007522,Dry,Clear,No collision and no object struck,Friday,Day,80,2015/04/03,12:33:00,No,1.0,1.0,-36.83934316,147.2343853,ALPINE
T20150007527,Dry,Dust,Vehicle overturned (no collision),Monday,Day,999,2015/04/06,11:00:00,No,1.0,1.0,-37.24034772,146.2226895,MANSFIELD
T20150007530,Dry,Clear,Collision with vehicle,Saturday,Dark No street lights,60,2015/04/04,20:15:00,Yes,2.0,1.0,-38.04450966,144.1732496,GOLDEN PLAINS
T20150007543,Dry,Clear,Collision with vehicle,Friday,Day,80,2015/04/10,15:50:00,No,4.0,1.0,-38.09986852,146.9891326,WELLINGTON
T20150007547,Dry,Clear,Collision with vehicle,Friday,Day,60,2015/04/10,16:15:00,Yes,2.0,1.0,-34.21503556,142.1462918,MILDURA
T20150007552,Unknown,Not known,Collision with a fixed object,Friday,Dark No street lights,100,2015/04/10,01:20:00,Yes,1.0,1.0,-36.0586702,142.7230317,BULOKE
T20150007569,Dry,Clear,Vehicle overturned (no collision),Saturday,Dark No street lights,60,2015/04/11,00:15:00,Yes,1.0,1.0,-36.50913159,142.1003444,HORSHAM
T20150007578,Dry,Clear,Collision with a fixed object,Saturday,Dark No street lights,100,2015/04/11,02:20:00,Yes,1.0,1.0,-37.81610213,147.755439,EAST GIPPSLAND
T20150007586,Dry,Clear,Struck Pedestrian,Saturday,Day,50,2015/04/11,10:00:00,No,2.0,1.0,-36.38194355,145.405818,GREATER SHEPPARTON
T20150007589,Dry,Clear,Collision with a fixed object,Friday,Day,80,2015/04/10,16:50:00,Yes,2.0,2.0,-38.27102011,144.35013,SURF COAST
T20150007595,Dry,Clear,Collision with vehicle,Friday,Dark Street lights on,60,2015/04/10,18:30:00,Yes,2.0,1.0,-38.16899696,144.376109,GREATER GEELONG
T20150007598,Dry,Clear,Vehicle overturned (no collision),Sunday,Day,100,2015/04/05,14:30:00,No,1.0,1.0,-36.12487145,147.3361849,TOWONG
T20150007602,Dry,Clear,Collision with vehicle,Saturday,Day,100,2015/04/11,13:43:00,No,3.0,1.0,-37.36536646,144.4935453,MACEDON RANGES
T20150007604,Muddy,Not known,No collision and no object struck,Friday,Day,999,2015/04/03,14:00:00,No,1.0,1.0,-37.17702596,146.063652,MANSFIELD
T20150007605,Dry,Clear,No collision and no object struck,Saturday,Day,60,2015/04/11,13:30:00,No,1.0,1.0,-37.39900948,144.5832801,MACEDON RANGES
T20150007607,Dry,Clear,Collision with a fixed object,Saturday,Day,80,2015/04/11,13:55:00,No,3.0,1.0,-38.60844756,143.5163177,COLAC OTWAY
T20150007610,Dry,Clear,Vehicle overturned (no collision),Friday,Dark No street lights,100,2015/04/10,20:45:00,Yes,2.0,2.0,-37.89893031,141.5553992,GLENELG
T20150007616,Dry,Not known,Collision with a fixed object,Saturday,Day,100,2015/04/11,14:10:00,Yes,5.0,1.0,-35.92437139,144.3984706,CAMPASPE
T20150007625,Dry,Clear,Collision with a fixed object,Saturday,Day,100,2015/04/11,16:20:00,Yes,2.0,2.0,-36.88462872,142.4050809,NORTHERN GRAMPIANS
T20150007648,Dry,Clear,Collision with vehicle,Sunday,Dark Street lights on,60,2015/04/12,01:45:00,Yes,2.0,1.0,-38.13149619,144.3446226,GREATER GEELONG
T20150007650,Dry,Clear,Collision with a fixed object,Sunday,Dark Street lights unknown,60,2015/04/12,02:30:00,Yes,1.0,1.0,-36.79843548,144.2269984,GREATER BENDIGO
T20150007654,Dry,Clear,Vehicle overturned (no collision),Sunday,Dark No street lights,80,2015/04/12,01:35:00,Yes,3.0,3.0,-37.70287983,147.8235262,EAST GIPPSLAND
T20150007657,Dry,Clear,Collision with vehicle,Saturday,Dark Street lights on,50,2015/04/11,18:20:00,Yes,3.0,2.0,-36.31461479,145.040746,CAMPASPE
T20150007662,Dry,Clear,Collision with vehicle,Saturday,Dark Street lights on,50,2015/04/11,21:00:00,Yes,2.0,1.0,-38.08796999,144.3531308,GREATER GEELONG
T20150007664,Dry,Clear,Collision with a fixed object,Sunday,Day,100,2015/04/12,09:45:00,No,1.0,1.0,-36.12773969,147.3379771,TOWONG
T20150007665,Dry,Clear,Collision with vehicle,Friday,Day,60,2015/03/20,14:05:00,No,2.0,1.0,-36.76566818,144.2735388,GREATER BENDIGO
T20150007668,Wet,Clear,No collision and no object struck,Sunday,Day,999,2015/04/12,12:10:00,No,1.0,1.0,-37.42329849,144.3791303,HEPBURN
T20150007669,Dry,Clear,Struck Pedestrian,Sunday,Dark Street lights on,50,2015/04/12,02:18:00,Yes,2.0,1.0,-36.75946967,144.2783549,GREATER BENDIGO
T20150007675,Dry,Clear,Collision with a fixed object,Friday,Day,80,2015/04/03,08:50:00,No,2.0,2.0,-36.57633385,143.6531873,LODDON
T20150007684,Dry,Clear,Collision with a fixed object,Saturday,Dark Street lights on,50,2015/04/11,21:45:00,Yes,3.0,2.0,-38.38853089,142.5095026,WARRNAMBOOL
T20150007686,Dry,Clear,No collision and no object struck,Sunday,Day,100,2015/04/05,14:00:00,No,1.0,1.0,-38.68494027,143.1952096,CORANGAMITE
T20150007687,Dry,Clear,Collision with vehicle,Sunday,Day,60,2015/04/12,15:20:00,No,3.0,2.0,-37.18755697,145.7015707,MURRINDINDI
T20150007688,Dry,Clear,Struck animal,Tuesday,Dusk/Dawn,100,2015/03/31,06:30:00,No,1.0,1.0,-36.41816566,145.8659709,BENALLA
T20150007689,Dry,Clear,Collision with vehicle,Sunday,Day,60,2015/04/12,15:30:00,No,2.0,1.0,-37.11033607,146.4020075,MOUNT BULLER ALPINE RESORT (UNINC)
T20150007721,Dry,Not known,Struck animal,Saturday,Day,999,2015/04/04,08:35:00,No,1.0,1.0,-37.23092086,142.8859116,ARARAT
T20150007725,Dry,Clear,Collision with vehicle,Monday,Day,60,2015/04/13,12:00:00,No,2.0,1.0,-38.14687934,144.3552607,GREATER GEELONG
T20150007727,Wet,Clear,Vehicle overturned (no collision),Friday,Dusk/Dawn,999,2015/04/03,17:30:00,Yes,1.0,1.0,-37.71822473,146.3703775,BAW BAW