Accident_No,Surface_Cond_Desc,Atmosph_Cond_Desc,Accident_Type_Desc,Day,Light_Condition_Desc,Speed_Zone,Accident_Date,Accident_Time,Alcohol_Influence,Total_Persons_Inv,Inj_Or_Fatal,Lat,Long,LGA
T20150007734,Dry,Clear,Collision with vehicle,Monday,Day,50,2015/04/13,10:30:00,No,2.0,1.0,-38.15016002,144.3708363,GREATER GEELONG
T20150007740,Dry,Smoke,Collision with a fixed object,Monday,Day,80,2015/04/13,15:10:00,No,1.0,1.0,-37.36406112,144.5660711,MACEDON RANGES
T20150007744,Dry,Clear,No collision and no object struck,Thursday,Day,100,2015/04/09,16:00:00,No,1.0,1.0,-37.14172915,146.224,MANSFIELD
T20150007748,Dry,Clear,Struck animal,Monday,Day,100,2015/04/13,16:30:00,No,1.0,1.0,-36.96398292,143.6594094,CENTRAL GOLDFIELDS
T20150007759,Dry,Clear,Collision with vehicle,Monday,Day,60,2015/04/13,08:10:00,No,2.0,1.0,-36.77324747,144.3052157,GREATER BENDIGO
T20150007760,Dry,Clear,Collision with a fixed object,Sunday,Dark No street lights,100,2015/04/12,18:00:00,Yes,1.0,1.0,-38.2411593,143.0038969,CORANGAMITE
T20150007766,Dry,Clear,Collision with vehicle,Monday,Dark Street lights on,60,2015/04/13,21:10:00,Yes,2.0,2.0,-38.16757924,144.350644,GREATER GEELONG
T20150007772,Wet,Raining,Collision with vehicle,Tuesday,Dusk/Dawn,60,2015/04/14,06:50:00,No,2.0,1.0,-36.72401884,144.3106409,GREATER BENDIGO
T20150007776,Wet,Raining,Collision with a fixed object,Friday,Dark No street lights,100,2015/03/27,23:05:00,Yes,2.0,1.0,-38.49259675,142.9559776,CORANGAMITE
T20150007780,Wet,Raining,Collision with a fixed object,Tuesday,Day,100,2015/04/14,08:15:00,No,1.0,1.0,-38.49229856,146.125889,SOUTH GIPPSLAND
T20150007782,Dry,Clear,Collision with a fixed object,Saturday,Dark No street lights,100,2015/04/11,23:00:00,Yes,1.0,1.0,-38.47777447,146.1113241,SOUTH GIPPSLAND
T20150007788,Dry,Clear,Collision with vehicle,Tuesday,Day,100,2015/04/14,08:45:00,No,2.0,1.0,-35.97021031,145.52982,MOIRA
T20150007792,Wet,Clear,Collision with a fixed object,Tuesday,Day,100,2015/04/14,09:00:00,No,2.0,2.0,-36.62369757,146.1436808,BENALLA
T20150007799,Dry,Clear,Collision with vehicle,Monday,Day,100,2015/04/13,16:30:00,No,2.0,2.0,-37.5464564,143.7374477,BALLARAT
T20150007804,Dry,Clear,No collision and no object struck,Monday,Day,100,2015/04/13,15:30:00,No,1.0,1.0,-36.72775875,144.1265224,GREATER BENDIGO
T20150007820,Dry,Clear,Collision with vehicle,Tuesday,Day,80,2015/04/14,13:35:00,No,3.0,1.0,-37.04930905,143.7945638,CENTRAL GOLDFIELDS
T20150007828,Dry,Clear,Struck Pedestrian,Tuesday,Day,50,2015/04/14,15:30:00,No,3.0,1.0,-37.42180004,143.8933395,HEPBURN
T20150007830,Muddy,Clear,collision with some other object,Tuesday,Day,100,2015/04/14,09:30:00,No,1.0,1.0,-37.68967924,146.4857106,BAW BAW
T20150007832,Dry,Clear,Collision with vehicle,Sunday,Day,50,2015/04/05,14:25:00,No,3.0,1.0,-37.88147893,147.9824647,EAST GIPPSLAND
T20150007835,Dry,Not known,Collision with vehicle,Sunday,Dusk/Dawn,80,2015/03/29,17:00:00,Yes,2.0,1.0,-37.48150771,145.2788251,MURRINDINDI
T20150007840,Dry,Clear,Collision with a fixed object,Tuesday,Day,100,2015/04/14,16:00:00,No,1.0,1.0,-37.30305306,144.997018,MITCHELL
T20150007844,Dry,Clear,Collision with a fixed object,Tuesday,Dark No street lights,100,2015/04/14,18:15:00,Yes,1.0,1.0,-36.13003195,146.7943306,WODONGA
T20150007849,Dry,Clear,Collision with vehicle,Tuesday,Dark No street lights,80,2015/04/14,18:38:00,Yes,2.0,2.0,-37.82040146,147.6628768,EAST GIPPSLAND
T20150007864,Dry,Not known,Collision with a fixed object,Sunday,Day,999,2015/04/12,14:00:00,No,1.0,1.0,-36.74531909,144.3588897,GREATER BENDIGO
T20150007872,Wet,Raining,Collision with vehicle,Wednesday,Day,100,2015/04/15,06:45:00,No,6.0,6.0,-38.19106327,147.0935407,WELLINGTON
T20150007879,Wet,Raining,No collision and no object struck,Saturday,Day,999,2015/04/04,12:30:00,No,1.0,1.0,-36.62883175,147.485184,TOWONG
T20150007882,Wet,Raining,Collision with a fixed object,Wednesday,Dusk/Dawn,50,2015/04/15,07:30:00,No,1.0,1.0,-37.76336437,147.6423079,EAST GIPPSLAND
T20150007898,Wet,Raining,Vehicle overturned (no collision),Wednesday,Day,100,2015/04/15,10:10:00,No,1.0,1.0,-38.49733002,146.0055686,SOUTH GIPPSLAND
T20150007899,Wet,Clear,Vehicle overturned (no collision),Wednesday,Day,100,2015/04/15,11:50:00,No,1.0,1.0,-38.51184465,146.1182977,SOUTH GIPPSLAND
T20150007900,Dry,Clear,Collision with vehicle,Thursday,Day,60,2015/03/12,13:50:00,No,2.0,1.0,-38.15556911,144.3654123,GREATER GEELONG
T20150007903,Dry,Clear,No collision and no object struck,Thursday,Day,999,2015/04/09,12:00:00,No,1.0,1.0,-37.1503444,145.1695406,MITCHELL
T20150007910,Dry,Clear,Collision with a fixed object,Thursday,Day,30,2015/03/26,15:30:00,No,1.0,1.0,-36.36033025,147.1894323,TOWONG
T20150007918,Dry,Clear,Collision with a fixed object,Wednesday,Day,80,2015/04/15,15:50:00,No,2.0,1.0,-36.36832821,146.2948284,WANGARATTA
T20150007920,Dry,Clear,Collision with a fixed object,Wednesday,Day,100,2015/04/15,13:15:00,No,1.0,1.0,-38.07110035,144.2270895,GOLDEN PLAINS
T20150007925,Wet,Fog,No collision and no object struck,Sunday,Day,999,2015/03/08,10:30:00,No,1.0,1.0,-37.46731997,147.2536,WELLINGTON
T20150007927,Dry,Clear,Collision with a fixed object,Wednesday,Day,50,2015/04/15,14:40:00,No,1.0,1.0,-36.05694428,145.2031064,MOIRA
T20150007947,Dry,Clear,Collision with vehicle,Wednesday,Dark Street lights on,90,2015/04/15,18:20:00,Yes,5.0,1.0,-36.77006562,144.3445018,GREATER BENDIGO
T20150007950,Dry,Clear,No collision and no object struck,Wednesday,Day,100,2015/04/15,13:15:00,No,2.0,1.0,-35.92831001,143.93526,GANNAWARRA
T20150007952,Dry,Clear,Collision with vehicle,Thursday,Day,50,2015/04/09,12:00:00,No,2.0,1.0,-37.02927197,145.1441382,MITCHELL
T20150007960,Dry,Clear,Vehicle overturned (no collision),Thursday,Dark No street lights,110,2015/04/16,04:30:00,Yes,1.0,1.0,-36.12521101,146.6516815,INDIGO
T20150007974,Dry,Clear,No collision and no object struck,Saturday,Day,999,2015/04/04,16:00:00,Yes,1.0,1.0,-37.5182731,147.179707,WELLINGTON
T20150007977,Dry,Clear,Collision with vehicle,Thursday,Day,50,2015/04/16,11:00:00,No,4.0,1.0,-38.33624013,143.5842382,COLAC OTWAY
T20150007992,Wet,Clear,No collision and no object struck,Thursday,Day,100,2015/04/16,09:15:00,No,1.0,1.0,-37.48980235,144.5100923,MACEDON RANGES
T20150007993,Dry,Clear,Collision with vehicle,Thursday,Day,100,2015/04/16,12:00:00,No,3.0,3.0,-38.30259589,142.46563,MOYNE
T20150007994,Dry,Clear,Collision with vehicle,Thursday,Day,100,2015/04/16,10:02:00,No,2.0,1.0,-36.4357364,145.0682923,GREATER SHEPPARTON
T20150007995,Dry,Clear,Collision with a fixed object,Thursday,Dark No street lights,100,2015/04/16,06:00:00,Yes,1.0,1.0,-36.9576768,144.747744,GREATER BENDIGO
T20150007998,Unknown,Not known,Collision with vehicle,Monday,Day,50,2015/03/23,08:40:00,Yes,2.0,1.0,-38.15380249,144.3443006,GREATER GEELONG
T20150007999,Dry,Clear,Collision with vehicle,Thursday,Dusk/Dawn,60,2015/04/16,06:40:00,No,2.0,1.0,-37.5650338,143.8466668,BALLARAT
T20150008003,Dry,Clear,Collision with vehicle,Monday,Day,100,2015/04/13,14:25:00,No,5.0,1.0,-37.00644078,145.9705518,MANSFIELD
T20150008004,Dry,Clear,Collision with a fixed object,Thursday,Day,100,2015/04/16,13:55:00,No,1.0,1.0,-37.53392929,144.4747583,MACEDON RANGES
T20150008008,Dry,Clear,Collision with vehicle,Thursday,Dusk/Dawn,100,2015/04/16,07:50:00,No,3.0,3.0,-37.95280151,147.0865844,WELLINGTON
T20150008012,Dry,Clear,Collision with vehicle,Thursday,Day,100,2015/04/16,11:30:00,No,2.0,2.0,-36.63187941,145.9673446,BENALLA
T20150008013,Dry,Clear,Vehicle overturned (no collision),Thursday,Day,100,2015/04/16,07:05:00,No,1.0,1.0,-37.47462581,147.2590095,WELLINGTON
T20150008025,Dry,Clear,Collision with vehicle,Thursday,Dark No street lights,100,2015/04/16,18:00:00,Yes,2.0,2.0,-38.3496844,144.2573047,SURF COAST
T20150008031,Dry,Clear,Collision with vehicle,Wednesday,Day,80,2015/04/15,16:20:00,No,3.0,2.0,-37.82223641,147.8686513,EAST GIPPSLAND
T20150008046,Dry,Clear,Collision with a fixed object,Thursday,Day,60,2015/04/16,10:20:00,No,1.0,1.0,-36.36365907,145.3894255,GREATER SHEPPARTON
T20150008048,Dry,Clear,Struck Pedestrian,Friday,Dark No street lights,60,2015/04/17,05:24:00,Yes,2.0,1.0,-38.11845026,144.3484222,GREATER GEELONG
T20150008059,Dry,Clear,Collision with vehicle,Sunday,Dusk/Dawn,80,2015/03/01,17:00:00,Yes,2.0,1.0,-38.18194241,144.6435828,GREATER GEELONG
T20150008079,Unknown,Clear,No collision and no object struck,Wednesday,Unknown,60,2014/08/27,10:30:00,No,1.0,1.0,-37.23782098,145.2180756,MURRINDINDI
T20150008083,Dry,Clear,Collision with a fixed object,Friday,Dusk/Dawn,100,2015/04/17,07:00:00,No,1.0,1.0,-36.37887627,142.7880711,BULOKE
T20150008087,Wet,Raining,No collision and no object struck,Friday,Day,110,2015/04/17,14:12:00,No,2.0,1.0,-36.6098609,145.8010805,STRATHBOGIE
T20150008088,Wet,Raining,Collision with vehicle,Friday,Day,60,2015/04/17,12:30:00,No,2.0,1.0,-36.30793139,145.03415,CAMPASPE
T20150008090,Wet,Raining,Collision with a fixed object,Friday,Dark No street lights,100,2015/04/17,03:50:00,Yes,1.0,1.0,-35.99909012,145.22168,MOIRA
T20150008094,Dry,Clear,Struck animal,Tuesday,Dark No street lights,100,2015/03/10,20:10:00,Yes,1.0,1.0,-37.09892095,144.0665027,MOUNT ALEXANDER
T20150008097,Dry,Not known,Collision with a fixed object,Thursday,Day,100,2015/04/16,14:45:00,No,1.0,1.0,-36.63093,144.9541313,CAMPASPE
T20150008101,Wet,Raining,Collision with a fixed object,Friday,Day,100,2015/04/17,16:20:00,Yes,1.0,1.0,-38.11394645,144.1569426,GOLDEN PLAINS
T20150008123,Wet,Raining,Collision with vehicle,Friday,Dark Street lights on,50,2015/04/17,21:05:00,Yes,6.0,2.0,-38.52830816,145.3253381,BASS COAST
T20150008125,Wet,Clear,Collision with a fixed object,Friday,Dark No street lights,50,2015/04/17,22:15:00,Yes,2.0,2.0,-38.09662488,147.073344,WELLINGTON
T20150008161,Dry,Clear,Struck Pedestrian,Saturday,Day,60,2015/04/18,11:42:00,No,4.0,1.0,-34.20490137,142.1389249,MILDURA
T20150008180,Dry,Clear,Collision with vehicle,Saturday,Day,100,2015/04/18,14:00:00,Yes,2.0,1.0,-38.52653038,145.446547,BASS COAST
T20150008185,Dry,Clear,Fall from or in moving vehicle,Saturday,Day,80,2015/04/18,15:15:00,Yes,1.0,1.0,-37.33082949,144.5237726,MACEDON RANGES
T20150008187,Dry,Clear,Collision with vehicle,Friday,Dusk/Dawn,40,2015/04/17,17:00:00,Yes,5.0,1.0,-38.38183267,142.4849986,WARRNAMBOOL
T20150008198,Dry,Clear,Collision with vehicle,Saturday,Day,100,2015/04/18,16:40:00,Yes,2.0,1.0,-37.30263006,144.3306999,HEPBURN
T20150008201,Wet,Raining,Collision with vehicle,Friday,Dark No street lights,100,2015/04/17,20:05:00,Yes,3.0,1.0,-38.51087071,145.7233503,SOUTH GIPPSLAND
T20150008205,Dry,Clear,Collision with a fixed object,Saturday,Day,110,2015/04/18,16:40:00,Yes,4.0,4.0,-37.49699113,143.7989178,BALLARAT
T20150008220,Wet,Clear,Collision with a fixed object,Saturday,Dark No street lights,110,2015/04/18,04:00:00,Yes,1.0,1.0,-36.96514999,145.1435166,MITCHELL
T20150008237,Wet,Raining,Collision with vehicle,Sunday,Day,60,2015/04/19,09:50:00,Yes,3.0,2.0,-38.1815132,146.2615869,LATROBE
T20150008241,Wet,Raining,Collision with vehicle,Sunday,Day,70,2015/04/19,09:44:00,Yes,2.0,1.0,-38.11873135,144.3325125,GREATER GEELONG
T20150008244,Wet,Raining,Vehicle overturned (no collision),Sunday,Day,100,2015/04/19,09:40:00,Yes,1.0,1.0,-37.5843418,149.001491,EAST GIPPSLAND
T20150008246,Dry,Clear,Collision with a fixed object,Sunday,Day,110,2015/04/19,10:20:00,No,3.0,1.0,-37.54992211,144.0230505,MOORABOOL
T20150008247,Wet,Clear,Collision with vehicle,Sunday,Day,70,2015/04/19,12:20:00,No,4.0,1.0,-38.18460523,144.3543519,GREATER GEELONG
T20150008252,Dry,Clear,Collision with vehicle,Sunday,Day,50,2015/04/19,13:00:00,No,2.0,1.0,-38.35346116,141.6124691,GLENELG
T20150008257,Wet,Raining,Collision with a fixed object,Saturday,Day,100,2015/04/18,09:30:00,No,1.0,1.0,-38.62994963,146.6764869,WELLINGTON
T20150008262,Dry,Clear,Collision with vehicle,Monday,Day,40,2015/03/02,11:30:00,No,2.0,2.0,-38.14981997,144.3241,GREATER GEELONG
T20150008264,Muddy,Clear,Collision with a fixed object,Sunday,Day,999,2015/04/19,14:45:00,No,1.0,1.0,-35.93508976,144.4457204,CAMPASPE
T20150008266,Wet,Clear,Collision with vehicle,Sunday,Day,70,2015/04/19,12:23:00,No,3.0,2.0,-37.83659295,147.5992206,EAST GIPPSLAND
T20150008267,Wet,Raining,Collision with a fixed object,Sunday,Dusk/Dawn,100,2015/04/19,16:25:00,Yes,2.0,1.0,-37.41372316,144.749053,MACEDON RANGES
T20150008283,Wet,Raining,Struck animal,Sunday,Dark No street lights,90,2015/04/19,18:36:00,Yes,1.0,1.0,-37.45219797,144.5759838,MACEDON RANGES
T20150008298,Wet,Clear,Collision with a fixed object,Monday,Day,100,2015/04/20,08:45:00,No,1.0,1.0,-38.76374033,146.1247002,SOUTH GIPPSLAND
T20150008306,Wet,Raining,Collision with a fixed object,Thursday,Dusk/Dawn,100,2015/04/16,06:45:00,No,1.0,1.0,-38.66302998,146.0178107,SOUTH GIPPSLAND
T20150008311,Dry,Clear,Collision with a fixed object,Wednesday,Day,100,2014/12/24,10:15:00,No,1.0,1.0,-37.33196516,144.68403,MACEDON RANGES
T20150008312,Icy,Clear,Collision with a fixed object,Monday,Dusk/Dawn,100,2015/04/20,07:30:00,No,1.0,1.0,-37.48473324,141.3561378,GLENELG
T20150008323,Dry,Clear,Struck animal,Monday,Day,999,2015/04/20,13:30:00,No,1.0,1.0,-37.28578405,146.1487646,MANSFIELD
T20150008327,Unknown,Not known,Collision with vehicle,Saturday,Day,999,2015/04/11,09:20:00,No,3.0,1.0,-38.13639188,145.8627459,BAW BAW
T20150008335,Wet,Raining,Collision with vehicle,Thursday,Dusk/Dawn,999,2015/03/26,17:20:00,No,2.0,1.0,-38.36443789,142.4596073,WARRNAMBOOL
T20150008336,Dry,Strong winds,Struck animal,Monday,Day,100,2015/04/20,10:05:00,No,2.0,1.0,-36.96101949,144.7514808,GREATER BENDIGO
T20150008337,Wet,Clear,Collision with vehicle,Friday,Day,50,2015/04/17,10:17:00,No,5.0,1.0,-36.38194355,145.405818,GREATER SHEPPARTON
T20150008347,Dry,Clear,Collision with vehicle,Monday,Day,60,2015/04/20,15:20:00,No,2.0,1.0,-38.43192268,145.8235932,SOUTH GIPPSLAND
T20150008355,Dry,Clear,Collision with a fixed object,Sunday,Dark Street lights on,60,2015/04/19,20:36:00,Yes,5.0,4.0,-38.18028725,144.3823409,GREATER GEELONG
T20150008368,Dry,Clear,Collision with a fixed object,Monday,Dark No street lights,100,2015/04/20,04:45:00,Yes,1.0,1.0,-36.78295888,143.8348836,LODDON
T20150008381,Wet,Raining,No collision and no object struck,Saturday,Day,100,2015/03/28,12:00:00,No,1.0,1.0,-38.69264992,143.2032501,CORANGAMITE
T20150008384,Dry,Clear,Vehicle overturned (no collision),Sunday,Day,999,2015/04/19,12:00:00,No,1.0,1.0,-37.49426123,144.435403,MOORABOOL
T20150008389,Dry,Clear,Collision with vehicle,Tuesday,Day,50,2015/04/21,09:35:00,No,2.0,1.0,-37.82713531,147.6269396,EAST GIPPSLAND
T20150008403,Dry,Clear,Collision with vehicle,Monday,Day,100,2015/04/20,16:45:00,Yes,5.0,2.0,-36.23311003,146.2465304,WANGARATTA
T20150008406,Dry,Clear,Collision with vehicle,Tuesday,Day,90,2015/04/21,09:10:00,No,2.0,1.0,-36.75022203,144.2177112,GREATER BENDIGO
T20150008409,Dry,Clear,Collision with vehicle,Tuesday,Day,110,2015/04/21,11:30:00,No,3.0,1.0,-37.34738956,144.5511052,MACEDON RANGES
T20150008411,Wet,Raining,Collision with a fixed object,Tuesday,Day,80,2015/04/14,08:55:00,No,1.0,1.0,-38.24154913,146.4113017,LATROBE
T20150008415,Dry,Clear,Collision with vehicle,Tuesday,Day,60,2015/04/21,09:21:00,No,2.0,1.0,-38.23299996,146.4318198,LATROBE
T20150008426,Dry,Clear,Collision with vehicle,Tuesday,Day,50,2015/01/27,08:50:00,No,2.0,1.0,-35.34281471,143.5606651,SWAN HILL
T20150008432,Dry,Clear,Collision with vehicle,Tuesday,Dusk/Dawn,80,2015/04/21,17:30:00,No,2.0,1.0,-34.19930907,142.1899459,MILDURA
T20150008433,Dry,Clear,Struck Pedestrian,Tuesday,Day,50,2015/04/21,15:50:00,No,2.0,1.0,-37.56192434,143.856281,BALLARAT
T20150008441,Dry,Clear,Collision with vehicle,Tuesday,Day,80,2015/04/21,16:46:00,No,3.0,2.0,-38.22622768,144.2814556,GREATER GEELONG
T20150008445,Dry,Clear,Struck animal,Tuesday,Dark No street lights,110,2015/04/21,19:15:00,Yes,2.0,2.0,-34.85115062,142.2977851,MILDURA
T20150008457,Dry,Not known,Struck animal,Saturday,Dusk/Dawn,100,2015/04/11,18:00:00,Yes,2.0,2.0,-37.79775009,143.7694305,GOLDEN PLAINS
T20150008477,Dry,Clear,Struck Pedestrian,Wednesday,Day,40,2015/04/22,08:50:00,No,3.0,1.0,-38.5980104,145.600069,BASS COAST
T20150008479,Unknown,Not known,Collision with vehicle,Friday,Dark Street lights on,60,2015/04/03,21:30:00,Yes,2.0,1.0,-36.76684627,144.3157564,GREATER BENDIGO
T20150008481,Dry,Clear,Collision with vehicle,Tuesday,Dark No street lights,100,2015/04/21,21:15:00,Yes,2.0,1.0,-36.38645,144.5301324,CAMPASPE
T20150008490,Dry,Clear,No collision and no object struck,Wednesday,Day,100,2015/04/22,13:20:00,No,1.0,1.0,-37.69347034,142.3097575,SOUTHERN GRAMPIANS
T20150008491,Dry,Not known,Collision with vehicle,Sunday,Day,50,2015/04/05,11:00:00,No,3.0,1.0,-37.20308761,145.05385,MITCHELL
T20150008492,Dry,Not known,Collision with vehicle,Thursday,Unknown,999,2015/04/16,15:00:00,No,2.0,1.0,-38.16149036,144.3533698,GREATER GEELONG
T20150008497,Unknown,Not known,No collision and no object struck,Wednesday,Unknown,999,2015/04/22,12:00:00,No,1.0,1.0,-37.1260892,146.4515611,MOUNT BULLER ALPINE RESORT (UNINC)
T20150008499,Unknown,Not known,No collision and no object struck,Wednesday,Day,50,2015/04/22,14:45:00,No,1.0,1.0,-37.29063014,144.9434111,MITCHELL
T20150008502,Dry,Clear,Collision with vehicle,Thursday,Dark No street lights,50,2015/02/19,21:05:00,Yes,2.0,1.0,-36.76423247,144.274482,GREATER BENDIGO
T20150008526,Unknown,Not known,Collision with vehicle,Sunday,Unknown,999,2015/03/08,10:20:00,No,2.0,1.0,-37.24138882,145.4515812,MURRINDINDI
T20150008532,Dry,Clear,Collision with vehicle,Wednesday,Day,50,2015/04/22,15:55:00,No,3.0,1.0,-36.75940005,144.2743117,GREATER BENDIGO
T20150008535,Dry,Clear,Collision with a fixed object,Sunday,Day,60,2015/04/05,13:00:00,No,2.0,1.0,-37.23182455,146.4381808,MANSFIELD
T20150008536,Wet,Raining,Collision with vehicle,Thursday,Day,50,2015/04/23,09:00:00,No,3.0,1.0,-38.10723174,147.0691701,WELLINGTON
T20150008539,Dry,Clear,Collision with vehicle,Thursday,Dusk/Dawn,60,2015/04/23,07:09:00,No,2.0,1.0,-38.32671336,143.0648187,CORANGAMITE
T20150008540,Dry,Clear,Collision with vehicle,Tuesday,Day,100,2015/01/20,12:30:00,No,1.0,1.0,-38.06647945,144.2921339,GREATER GEELONG
T20150008544,Dry,Clear,Struck Pedestrian,Thursday,Day,50,2015/04/02,13:40:00,No,2.0,1.0,-36.85931241,143.731506,CENTRAL GOLDFIELDS
T20150008555,Dry,Clear,Struck Pedestrian,Thursday,Day,50,2015/04/23,12:08:00,No,2.0,1.0,-38.16145631,144.3532517,GREATER GEELONG
T20150008557,Dry,Clear,Collision with vehicle,Saturday,Day,70,2015/01/24,12:04:00,No,8.0,1.0,-38.13528964,144.3518115,GREATER GEELONG
T20150008559,Dry,Clear,Collision with vehicle,Wednesday,Day,60,2015/03/18,15:00:00,No,5.0,1.0,-38.10796577,147.0819775,WELLINGTON
T20150008561,Dry,Not known,No collision and no object struck,Monday,Day,80,2015/01/26,11:00:00,No,1.0,1.0,-34.27339004,142.1475,MILDURA
T20150008562,Dry,Clear,Vehicle overturned (no collision),Sunday,Dark No street lights,100,2015/03/15,21:30:00,Yes,1.0,1.0,-38.46768127,145.6261073,BASS COAST
T20150008563,Dry,Clear,Collision with a fixed object,Thursday,Dusk/Dawn,100,2015/04/23,07:15:00,No,1.0,1.0,-36.66438075,146.8750388,ALPINE
T20150008566,Dry,Clear,No collision and no object struck,Wednesday,Day,999,2015/04/22,12:00:00,No,1.0,1.0,-36.77600026,146.9435083,ALPINE
T20150008574,Dry,Clear,Vehicle overturned (no collision),Thursday,Day,100,2015/04/23,13:58:00,No,2.0,1.0,-38.58717751,145.8910861,SOUTH GIPPSLAND
T20150008575,Wet,Not known,No collision and no object struck,Tuesday,Day,999,2015/04/21,12:30:00,No,1.0,0.0,-36.74260005,146.8837202,ALPINE
T20150008578,Dry,Clear,Collision with vehicle,Thursday,Day,60,2015/04/23,15:39:00,No,2.0,1.0,-36.38434228,145.4076275,GREATER SHEPPARTON
T20150008582,Dry,Clear,Collision with vehicle,Thursday,Dark Street lights on,80,2015/04/23,17:35:00,No,5.0,3.0,-37.5257913,143.8104077,BALLARAT
T20150008586,Dry,Clear,Collision with a fixed object,Thursday,Dusk/Dawn,60,2015/04/23,17:15:00,No,1.0,1.0,-38.60401937,145.5785854,BASS COAST
T20150008587,Dry,Clear,Collision with a fixed object,Thursday,Dark No street lights,70,2015/04/23,18:20:00,Yes,3.0,3.0,-36.71712029,144.3251623,GREATER BENDIGO
T20150008599,Dry,Clear,Collision with a fixed object,Thursday,Dark Street lights on,50,2015/04/23,22:52:00,Yes,3.0,2.0,-38.08865631,144.3653471,GREATER GEELONG
T20150008609,Wet,Raining,Collision with a fixed object,Saturday,Day,90,2015/02/14,10:00:00,No,1.0,1.0,-38.1589795,145.8362183,BAW BAW
T20150008614,Wet,Raining,Struck Pedestrian,Friday,Dark Street lights unknown,60,2015/04/24,02:30:00,Yes,3.0,1.0,-38.18290973,146.567298,LATROBE
T20150008623,Dry,Clear,Collision with vehicle,Friday,Day,100,2015/03/13,11:45:00,No,3.0,1.0,-38.0177105,147.0606541,WELLINGTON
T20150008624,Wet,Raining,Collision with a fixed object,Monday,Day,100,2015/04/20,09:45:00,Yes,2.0,2.0,-37.70707183,148.5457292,EAST GIPPSLAND
T20150008636,Dry,Not known,Collision with vehicle,Sunday,Day,999,2015/04/19,12:30:00,No,2.0,1.0,-37.35364375,145.0555384,MITCHELL
T20150008640,Dry,Clear,Collision with vehicle,Friday,Day,60,2015/04/24,13:40:00,No,3.0,1.0,-36.11844869,146.8742807,WODONGA
T20150008642,Dry,Clear,Collision with vehicle,Tuesday,Dark No street lights,999,2015/04/21,22:10:00,Yes,5.0,1.0,-37.7505997,144.4828874,MOORABOOL
T20150008644,Dry,Clear,Vehicle overturned (no collision),Friday,Day,100,2015/04/24,15:00:00,No,1.0,1.0,-36.77871758,147.0652019,ALPINE
T20150008657,Wet,Not known,Collision with vehicle,Friday,Day,60,2015/04/17,16:15:00,Yes,3.0,1.0,-36.38152016,145.397741,GREATER SHEPPARTON
T20150008667,Dry,Clear,Collision with vehicle,Friday,Dusk/Dawn,60,2015/04/24,17:15:00,Yes,6.0,3.0,-38.1800497,144.38095,GREATER GEELONG
T20150008669,Unknown,Clear,No collision and no object struck,Sunday,Day,999,2015/03/15,16:40:00,Yes,1.0,1.0,-37.47642036,145.3260636,MURRINDINDI
T20150008675,Wet,Raining,Collision with vehicle,Friday,Dark Street lights on,50,2015/04/24,21:30:00,Yes,3.0,1.0,-37.56005646,143.8429722,BALLARAT
T20150008676,Wet,Raining,Collision with vehicle,Friday,Dark Street lights on,60,2015/04/24,18:33:00,Yes,5.0,2.0,-37.61376931,143.8376713,BALLARAT
T20150008707,Dry,Clear,Struck Pedestrian,Friday,Day,999,2015/04/24,11:30:00,No,2.0,1.0,-36.3837606,145.4002742,GREATER SHEPPARTON
T20150008716,Wet,Fog,Collision with a fixed object,Saturday,Dark Street lights on,60,2015/04/25,04:30:00,Yes,1.0,1.0,-37.58666204,141.4121276,GLENELG
T20150008718,Wet,Raining,Collision with vehicle,Friday,Day,80,2015/04/24,10:50:00,No,6.0,2.0,-37.47260779,147.8283704,EAST GIPPSLAND
T20150008719,Wet,Fog,Struck Pedestrian,Saturday,Dusk/Dawn,40,2015/04/25,06:30:00,Yes,2.0,1.0,-36.92333948,144.7087014,GREATER BENDIGO
T20150008735,Wet,Raining,Collision with vehicle,Saturday,Day,100,2015/04/25,11:28:00,No,2.0,2.0,-38.04959365,141.020953,GLENELG
T20150008738,Wet,Raining,Collision with a fixed object,Saturday,Day,50,2015/04/25,14:25:00,No,3.0,2.0,-38.09676579,144.3720971,GREATER GEELONG
T20150008748,Unknown,Clear,Vehicle overturned (no collision),Saturday,Day,100,2015/04/25,15:40:00,Yes,1.0,1.0,-37.01245381,143.07438,NORTHERN GRAMPIANS
T20150008751,Wet,Raining,Collision with vehicle,Saturday,Day,60,2015/04/25,15:25:00,Yes,1.0,1.0,-37.52687421,143.8260883,BALLARAT
T20150008768,Wet,Raining,Collision with a fixed object,Saturday,Dark No street lights,100,2015/04/25,05:10:00,Yes,1.0,1.0,-37.35828226,143.9809196,HEPBURN
T20150008776,Dry,Clear,Collision with vehicle,Friday,Dusk/Dawn,70,2015/03/13,18:15:00,Yes,3.0,2.0,-38.3670558,142.4640617,WARRNAMBOOL
T20150008779,Wet,Clear,Collision with a fixed object,Sunday,Dark No street lights,110,2015/04/26,02:40:00,Yes,1.0,1.0,-37.40871627,145.0088464,MITCHELL
T20150008781,Wet,Raining,Collision with a fixed object,Sunday,Dark No street lights,100,2015/04/26,02:43:00,Yes,1.0,1.0,-37.57656991,141.58155,SOUTHERN GRAMPIANS
T20150008787,Wet,Raining,Collision with vehicle,Sunday,Day,60,2015/04/26,07:50:00,No,3.0,2.0,-37.56005646,143.8429722,BALLARAT