Accident_No,Surface_Cond_Desc,Atmosph_Cond_Desc,Accident_Type_Desc,Day,Light_Condition_Desc,Speed_Zone,Accident_Date,Accident_Time,Alcohol_Influence,Total_Persons_Inv,Inj_Or_Fatal,Lat,Long,LGA
T20150008796,Wet,Clear,Collision with a fixed object,Sunday,Day,100,2015/04/26,08:40:00,No,3.0,3.0,-38.54161778,143.4797662,COLAC OTWAY
T20150008802,Unknown,Clear,Vehicle overturned (no collision),Sunday,Day,100,2015/04/26,09:25:00,Yes,1.0,1.0,-37.58736165,142.5810414,ARARAT
T20150008803,Unknown,Not known,Collision with a fixed object,Sunday,Dusk/Dawn,100,2015/04/26,07:00:00,Yes,2.0,2.0,-37.97087073,144.1778885,GOLDEN PLAINS
T20150008805,Wet,Raining,Collision with vehicle,Saturday,Dark Street lights on,60,2015/04/25,19:29:00,Yes,2.0,2.0,-38.08346052,144.3581717,GREATER GEELONG
T20150008808,Wet,Raining,Collision with a fixed object,Sunday,Day,80,2015/04/26,11:40:00,No,3.0,2.0,-38.66897365,143.7249526,COLAC OTWAY
T20150008816,Dry,Not known,Struck Pedestrian,Friday,Dusk/Dawn,999,2015/04/03,20:00:00,Yes,2.0,1.0,-38.11606103,144.6614698,GREATER GEELONG
T20150008831,Dry,Clear,Collision with vehicle,Thursday,Dusk/Dawn,60,2015/04/23,17:20:00,No,2.0,2.0,-38.09158958,144.3352366,GREATER GEELONG
T20150008838,Dry,Clear,Collision with vehicle,Tuesday,Day,60,2015/02/24,09:50:00,No,3.0,2.0,-36.69655068,144.3226866,GREATER BENDIGO
T20150008848,Dry,Not known,Collision with a fixed object,Monday,Dark No street lights,100,2015/04/27,06:45:00,No,1.0,1.0,-37.75491944,144.4422183,MOORABOOL
T20150008867,Wet,Raining,Collision with a fixed object,Monday,Day,100,2015/04/27,09:45:00,No,1.0,1.0,-38.48916186,146.1313421,SOUTH GIPPSLAND
T20150008868,Unknown,Not known,Struck animal,Monday,Unknown,100,2015/03/30,17:00:00,No,1.0,1.0,-37.33879232,143.4195176,PYRENEES
T20150008878,Dry,Clear,Collision with vehicle,Wednesday,Day,70,2015/03/25,15:20:00,No,4.0,1.0,-38.128,144.35156,GREATER GEELONG
T20150008881,Dry,Clear,Collision with a fixed object,Sunday,Dark No street lights,100,2015/04/26,05:20:00,Yes,1.0,1.0,-38.1015588,146.9493198,WELLINGTON
T20150008883,Dry,Clear,Collision with a fixed object,Wednesday,Dusk/Dawn,50,2015/04/01,18:30:00,Yes,1.0,1.0,-38.06551161,144.3697167,GREATER GEELONG
T20150008887,Unknown,Not known,Collision with vehicle,Monday,Day,70,2015/04/27,12:15:00,No,2.0,1.0,-38.09737044,144.3555239,GREATER GEELONG
T20150008889,Wet,Clear,Collision with vehicle,Sunday,Day,60,2015/04/26,13:45:00,No,4.0,1.0,-37.57740948,143.8433586,BALLARAT
T20150008892,Dry,Clear,Collision with vehicle,Monday,Day,100,2015/04/27,15:20:00,No,2.0,1.0,-35.99915879,145.3317696,MOIRA
T20150008904,Dry,Clear,Collision with a fixed object,Monday,Dark Street lights on,70,2015/04/27,19:33:00,Yes,1.0,1.0,-38.3550489,142.4340816,WARRNAMBOOL
T20150008905,Dry,Clear,Collision with vehicle,Monday,Day,60,2015/04/27,14:36:00,No,3.0,2.0,-37.59275568,143.8411198,BALLARAT
T20150008908,Dry,Clear,Struck animal,Monday,Dark No street lights,100,2015/04/27,21:10:00,Yes,1.0,1.0,-37.69224372,141.8953073,SOUTHERN GRAMPIANS
T20150008910,Dry,Clear,Collision with a fixed object,Monday,Dusk/Dawn,40,2015/04/27,17:15:00,Yes,1.0,1.0,-38.16431765,144.3169214,GREATER GEELONG
T20150008922,Dry,Not known,Struck animal,Sunday,Dark Street lights on,80,2015/02/01,05:00:00,Yes,1.0,1.0,-38.30147982,146.4218585,LATROBE
T20150008937,Dry,Clear,Collision with vehicle,Tuesday,Day,50,2015/04/28,11:10:00,No,3.0,2.0,-36.77417975,144.3045295,GREATER BENDIGO
T20150008938,Wet,Not known,Vehicle overturned (no collision),Sunday,Day,999,2015/04/26,11:00:00,No,1.0,1.0,-38.37007846,146.16472,SOUTH GIPPSLAND
T20150008940,Wet,Raining,Collision with a fixed object,Tuesday,Day,100,2015/03/24,12:55:00,No,3.0,1.0,-38.34387107,145.7488221,SOUTH GIPPSLAND
T20150008941,Muddy,Raining,Vehicle overturned (no collision),Monday,Day,30,2015/04/27,11:00:00,No,1.0,1.0,-37.53053984,144.2732076,MOORABOOL
T20150008947,Dry,Clear,Collision with a fixed object,Tuesday,Day,110,2015/04/28,12:21:00,No,1.0,1.0,-37.19192948,144.4046319,MACEDON RANGES
T20150008975,Wet,Clear,Collision with a fixed object,Tuesday,Dark No street lights,60,2015/04/28,18:50:00,Yes,2.0,2.0,-37.65058308,143.924228,BALLARAT
T20150008989,Dry,Clear,Collision with a fixed object,Saturday,Day,100,2015/03/21,15:05:00,Yes,1.0,1.0,-36.58535086,147.4303292,TOWONG
T20150008990,Wet,Clear,Collision with a fixed object,Wednesday,Dark No street lights,100,2015/04/29,05:15:00,Yes,1.0,1.0,-38.28852325,142.3362194,MOYNE
T20150008991,Wet,Fog,Collision with vehicle,Wednesday,Dusk/Dawn,60,2015/04/29,07:35:00,No,2.0,1.0,-37.41965515,144.9788829,MITCHELL
T20150008997,Dry,Clear,Collision with vehicle,Friday,Day,100,2015/03/13,10:50:00,No,2.0,1.0,-38.33347994,146.4130628,LATROBE
T20150009005,Dry,Clear,Collision with vehicle,Wednesday,Day,100,2015/04/29,08:50:00,No,2.0,2.0,-36.27620808,146.9117214,INDIGO
T20150009008,Dry,Clear,Collision with vehicle,Wednesday,Day,100,2015/04/22,08:50:00,No,7.0,5.0,-36.45997115,142.0588991,HINDMARSH
T20150009025,Wet,Raining,Vehicle overturned (no collision),Tuesday,Day,100,2015/04/28,10:00:00,No,2.0,1.0,-37.6543759,143.903233,BALLARAT
T20150009036,Dry,Clear,Collision with vehicle,Wednesday,Day,60,2015/04/22,08:30:00,No,2.0,1.0,-38.4725066,145.9508448,SOUTH GIPPSLAND
T20150009043,Dry,Clear,No collision and no object struck,Wednesday,Day,999,2015/04/29,11:30:00,No,1.0,1.0,-38.40987033,146.1624178,SOUTH GIPPSLAND
T20150009044,Dry,Clear,Collision with vehicle,Wednesday,Dark Street lights unknown,50,2015/04/29,18:35:00,Yes,2.0,1.0,-36.77108237,144.2683323,GREATER BENDIGO
T20150009045,Dry,Clear,Collision with vehicle,Tuesday,Day,100,2015/04/28,12:20:00,No,4.0,1.0,-38.5877701,146.0633499,SOUTH GIPPSLAND
T20150009047,Dry,Clear,Struck Pedestrian,Wednesday,Dark No street lights,50,2015/04/29,18:30:00,Yes,2.0,1.0,-36.38310947,145.4078825,GREATER SHEPPARTON
T20150009059,Dry,Clear,Collision with vehicle,Wednesday,Day,50,2015/04/29,14:55:00,No,2.0,1.0,-38.13412958,144.3552469,GREATER GEELONG
T20150009077,Dry,Clear,Collision with vehicle,Thursday,Day,100,2015/04/30,08:00:00,No,2.0,1.0,-37.71805114,142.1486607,SOUTHERN GRAMPIANS
T20150009088,Dry,Clear,Struck Pedestrian,Thursday,Day,50,2015/04/30,10:25:00,No,2.0,1.0,-35.06975993,142.3149119,MILDURA
T20150009092,Dry,Not known,Collision with a fixed object,Tuesday,Dark No street lights,999,2015/04/28,19:00:00,Yes,1.0,1.0,-35.8041185,143.3596402,GANNAWARRA
T20150009101,Dry,Clear,Collision with vehicle,Thursday,Day,100,2015/04/30,11:50:00,No,2.0,1.0,-36.44760881,143.6580413,LODDON
T20150009107,Dry,Clear,Collision with vehicle,Monday,Dusk/Dawn,60,2015/04/13,17:00:00,No,2.0,1.0,-38.16069843,145.9368657,BAW BAW
T20150009108,Dry,Clear,collision with some other object,Sunday,Dusk/Dawn,100,2015/04/19,18:30:00,No,1.0,1.0,-37.42531686,144.1155332,HEPBURN
T20150009110,Dry,Clear,Collision with vehicle,Thursday,Day,90,2015/04/30,12:28:00,No,3.0,1.0,-36.75405955,144.2201822,GREATER BENDIGO
T20150009113,Dry,Clear,Collision with vehicle,Sunday,Day,60,2015/03/15,15:00:00,No,1.0,1.0,-38.16807032,144.5717927,GREATER GEELONG
T20150009115,Wet,Not known,Collision with vehicle,Thursday,Day,50,2015/04/30,14:53:00,No,2.0,1.0,-34.19312794,142.1758587,MILDURA
T20150009118,Dry,Clear,Collision with vehicle,Wednesday,Day,100,2015/04/29,15:30:00,No,4.0,2.0,-38.28870123,143.8391044,COLAC OTWAY
T20150009123,Dry,Clear,Collision with vehicle,Thursday,Day,80,2015/04/30,12:20:00,No,2.0,1.0,-37.5784915,143.8087723,BALLARAT
T20150009133,Dry,Clear,Collision with vehicle,Thursday,Day,50,2015/04/30,15:30:00,No,4.0,1.0,-38.16364685,144.5681463,GREATER GEELONG
T20150009142,Dry,Clear,Collision with vehicle,Thursday,Dark Street lights on,60,2015/04/30,19:15:00,Yes,3.0,1.0,-36.75837264,144.2873756,GREATER BENDIGO
T20150009153,Dry,Clear,Collision with vehicle,Monday,Dusk/Dawn,60,2015/04/27,17:38:00,Yes,2.0,1.0,-37.57030331,143.8501352,BALLARAT
T20150009154,Dry,Clear,Collision with vehicle,Friday,Dark Street lights on,50,2015/05/01,06:05:00,No,2.0,1.0,-36.36076834,144.7001562,CAMPASPE
T20150009163,Dry,Clear,Collision with a fixed object,Saturday,Day,999,2015/03/07,11:30:00,No,1.0,1.0,-37.57136127,147.3736824,EAST GIPPSLAND
T20150009170,Dry,Clear,Vehicle overturned (no collision),Thursday,Dark No street lights,100,2015/04/30,19:20:00,Yes,1.0,1.0,-34.98296015,143.2997538,SWAN HILL
T20150009174,Dry,Clear,Collision with a fixed object,Friday,Day,999,2015/05/01,10:00:00,No,1.0,1.0,-37.49187983,144.4843499,MACEDON RANGES
T20150009188,Wet,Raining,Collision with a fixed object,Friday,Day,60,2015/01/09,15:00:00,No,2.0,1.0,-37.00348457,144.2503533,MOUNT ALEXANDER
T20150009199,Dry,Clear,Collision with a fixed object,Tuesday,Dark No street lights,100,2015/04/28,19:00:00,Yes,3.0,3.0,-35.43213013,142.2220596,YARRIAMBIACK
T20150009209,Dry,Clear,Collision with vehicle,Friday,Dusk/Dawn,80,2015/05/01,17:30:00,Yes,2.0,1.0,-36.36468307,145.4619654,GREATER SHEPPARTON
T20150009212,Dry,Clear,Collision with vehicle,Friday,Dusk/Dawn,60,2015/05/01,16:00:00,Yes,5.0,1.0,-38.24220602,144.2780978,GREATER GEELONG
T20150009213,Dry,Clear,Collision with vehicle,Friday,Dark Street lights on,50,2015/05/01,18:21:00,Yes,3.0,1.0,-36.37883132,145.3983163,GREATER SHEPPARTON
T20150009220,Dry,Clear,Collision with vehicle,Friday,Dusk/Dawn,50,2015/05/01,17:40:00,Yes,2.0,1.0,-37.54602837,143.8441158,BALLARAT
T20150009227,Dry,Not known,Collision with vehicle,Friday,Dark No street lights,110,2015/05/01,05:20:00,Yes,2.0,1.0,-37.31162533,145.0499157,MITCHELL
T20150009229,Dry,Clear,Collision with a fixed object,Saturday,Dark Street lights on,100,2015/05/02,02:10:00,Yes,1.0,1.0,-38.10541999,144.3201501,GREATER GEELONG
T20150009234,Dry,Clear,Collision with a fixed object,Saturday,Dark No street lights,100,2015/05/02,00:50:00,Yes,1.0,1.0,-37.51237999,141.3836305,GLENELG
T20150009235,Dry,Clear,Collision with vehicle,Monday,Dusk/Dawn,90,2015/04/27,17:30:00,No,2.0,1.0,-37.39650169,144.9777933,MITCHELL
T20150009241,Dry,Clear,Collision with vehicle,Saturday,Day,60,2015/05/02,10:50:00,No,4.0,4.0,-37.06010395,142.7567482,NORTHERN GRAMPIANS
T20150009244,Unknown,Fog,Collision with vehicle,Friday,Dark Street lights unknown,50,2015/05/01,05:45:00,Yes,1.0,1.0,-36.35868966,146.3088678,WANGARATTA
T20150009251,Dry,Clear,Collision with vehicle,Saturday,Day,60,2015/05/02,12:45:00,No,2.0,2.0,-38.35941441,143.5727189,COLAC OTWAY
T20150009254,Dry,Clear,Vehicle overturned (no collision),Saturday,Day,100,2015/05/02,13:00:00,No,1.0,1.0,-37.10132733,143.7700316,CENTRAL GOLDFIELDS
T20150009278,Dry,Clear,Collision with a fixed object,Saturday,Dark No street lights,100,2015/05/02,19:00:00,Yes,1.0,1.0,-34.60372744,142.7505298,SWAN HILL
T20150009282,Dry,Clear,Collision with a fixed object,Saturday,Dark Street lights on,60,2015/05/02,20:00:00,Yes,1.0,1.0,-38.17865271,146.2529014,LATROBE
T20150009283,Dry,Clear,Collision with vehicle,Wednesday,Dark Street lights on,60,2015/04/29,18:40:00,Yes,2.0,1.0,-36.75844657,145.5659724,STRATHBOGIE
T20150009284,Dry,Clear,Vehicle overturned (no collision),Saturday,Dusk/Dawn,100,2015/05/02,17:30:00,Yes,2.0,2.0,-37.32371034,144.1627275,HEPBURN
T20150009291,Dry,Clear,Collision with vehicle,Saturday,Day,100,2015/05/02,14:30:00,Yes,5.0,5.0,-36.2112964,145.1036211,CAMPASPE
T20150009302,Dry,Clear,Vehicle overturned (no collision),Sunday,Day,100,2015/05/03,09:30:00,Yes,4.0,1.0,-36.68631073,147.169914,ALPINE
T20150009305,Dry,Clear,No collision and no object struck,Sunday,Day,100,2015/05/03,13:10:00,No,2.0,2.0,-37.9304201,141.2903584,GLENELG
T20150009310,Unknown,Clear,Collision with vehicle,Friday,Day,60,2015/05/01,08:15:00,No,2.0,1.0,-37.55205621,143.7854727,BALLARAT
T20150009311,Dry,Not known,Collision with vehicle,Sunday,Day,60,2015/05/03,14:00:00,No,4.0,1.0,-34.17712271,142.1425314,MILDURA
T20150009314,Dry,Clear,Collision with a fixed object,Sunday,Day,80,2015/05/03,13:00:00,No,1.0,1.0,-36.37084952,146.7084607,INDIGO
T20150009315,Dry,Clear,Collision with vehicle,Sunday,Day,100,2015/05/03,14:40:00,No,5.0,2.0,-36.40419904,145.0681894,GREATER SHEPPARTON
T20150009320,Wet,Clear,Vehicle overturned (no collision),Sunday,Day,100,2015/05/03,08:50:00,Yes,1.0,1.0,-37.56479883,149.0510597,EAST GIPPSLAND
T20150009322,Dry,Clear,Collision with vehicle,Sunday,Day,100,2015/05/03,10:11:00,No,2.0,2.0,-37.6878694,143.9658806,MOORABOOL
T20150009327,Dry,Clear,Collision with a fixed object,Sunday,Dusk/Dawn,100,2015/05/03,17:15:00,Yes,1.0,1.0,-36.80962317,144.1984498,GREATER BENDIGO
T20150009331,Dry,Clear,Collision with vehicle,Sunday,Dark Street lights on,60,2015/05/03,21:10:00,Yes,2.0,2.0,-38.16261094,144.3725145,GREATER GEELONG
T20150009334,Dry,Clear,Collision with vehicle,Sunday,Dark No street lights,50,2015/05/03,04:50:00,Yes,3.0,1.0,-36.75271923,144.2980877,GREATER BENDIGO
T20150009337,Dry,Clear,Collision with vehicle,Sunday,Dusk/Dawn,100,2015/05/03,16:17:00,Yes,2.0,1.0,-38.22332768,144.3701707,GREATER GEELONG
T20150009347,Dry,Clear,Collision with vehicle,Monday,Dark Street lights on,50,2015/05/04,06:24:00,No,2.0,1.0,-38.14762646,144.3619715,GREATER GEELONG
T20150009360,Unknown,Not known,Collision with vehicle,Tuesday,Day,60,2015/04/28,09:30:00,No,3.0,2.0,-37.58611034,143.8342081,BALLARAT
T20150009363,Dry,Clear,Collision with vehicle,Saturday,Day,60,2015/03/07,09:20:00,No,5.0,1.0,-38.19285527,146.548479,LATROBE
T20150009368,Wet,Raining,Collision with a fixed object,Saturday,Dark Street lights unknown,60,2015/04/25,18:30:00,Yes,2.0,2.0,-36.76480467,144.2235424,GREATER BENDIGO
T20150009372,Unknown,Not known,Collision with vehicle,Thursday,Unknown,70,2015/04/09,11:00:00,No,3.0,1.0,-38.19356323,144.3426855,GREATER GEELONG
T20150009390,Dry,Clear,Collision with vehicle,Saturday,Dark No street lights,100,2015/05/02,19:05:00,Yes,3.0,1.0,-38.55001994,146.6547395,WELLINGTON
T20150009396,Dry,Clear,Collision with vehicle,Monday,Dusk/Dawn,100,2015/05/04,16:30:00,No,2.0,1.0,-38.32028136,141.5468328,GLENELG
T20150009401,Dry,Clear,Collision with vehicle,Monday,Day,60,2015/05/04,15:33:00,No,2.0,1.0,-38.15853042,144.3356548,GREATER GEELONG
T20150009405,Dry,Clear,collision with some other object,Tuesday,Day,999,2015/04/14,14:30:00,No,1.0,1.0,-36.83817016,145.9011004,BENALLA
T20150009407,Dry,Clear,Collision with a fixed object,Monday,Dark No street lights,100,2015/05/04,17:30:00,No,1.0,1.0,-37.80274973,148.1095188,EAST GIPPSLAND
T20150009408,Dry,Clear,No collision and no object struck,Sunday,Day,999,2015/05/03,10:30:00,No,1.0,1.0,-37.35151516,145.8921765,MURRINDINDI
T20150009425,Dry,Clear,Struck animal,Tuesday,Dark No street lights,100,2015/05/05,01:56:00,Yes,1.0,1.0,-38.01834959,146.6704068,WELLINGTON
T20150009431,Dry,Clear,Vehicle overturned (no collision),Monday,Day,100,2015/05/04,09:50:00,No,3.0,3.0,-38.33327039,146.3639699,LATROBE
T20150009436,Dry,Clear,Collision with vehicle,Tuesday,Day,50,2015/04/28,08:45:00,No,5.0,1.0,-36.39757283,145.4011876,GREATER SHEPPARTON
T20150009452,Wet,Raining,Collision with vehicle,Friday,Dark Street lights on,50,2015/04/24,19:20:00,Yes,2.0,1.0,-38.16308441,145.9310113,BAW BAW
T20150009460,Wet,Raining,Vehicle overturned (no collision),Tuesday,Day,80,2015/05/05,12:20:00,No,1.0,1.0,-37.55666174,144.0386404,MOORABOOL
T20150009471,Dry,Clear,Collision with vehicle,Thursday,Day,60,2014/09/11,08:50:00,No,3.0,2.0,-36.72078969,144.3042645,GREATER BENDIGO
T20150009474,Dry,Clear,Collision with vehicle,Friday,Day,60,2015/05/01,12:00:00,No,2.0,1.0,-37.55006079,143.8503253,BALLARAT
T20150009492,Unknown,Not known,collision with some other object,Tuesday,Day,999,2015/05/05,10:30:00,No,1.0,1.0,-37.20315884,144.6572189,MACEDON RANGES
T20150009511,Dry,Clear,Struck Pedestrian,Thursday,Day,50,2014/11/20,15:20:00,No,3.0,1.0,-38.14868624,144.3618268,GREATER GEELONG
T20150009513,Dry,Clear,Collision with vehicle,Wednesday,Day,50,2015/05/06,08:50:00,No,2.0,1.0,-36.71782537,142.2023266,HORSHAM
T20150009516,Dry,Clear,Collision with a fixed object,Wednesday,Day,40,2015/05/06,08:30:00,No,2.0,2.0,-37.62460969,143.8814938,BALLARAT
T20150009520,Dry,Clear,Collision with a fixed object,Wednesday,Day,50,2015/05/06,09:30:00,No,3.0,1.0,-38.15832972,145.9177478,BAW BAW
T20150009524,Dry,Clear,Collision with a fixed object,Wednesday,Day,100,2015/05/06,08:10:00,No,1.0,1.0,-36.30442955,146.6675406,INDIGO
T20150009528,Unknown,Clear,No collision and no object struck,Monday,Day,999,2015/04/27,10:20:00,No,1.0,1.0,-37.17490931,145.1986825,MITCHELL
T20150009533,Dry,Clear,Collision with vehicle,Wednesday,Day,50,2015/05/06,11:33:00,No,4.0,1.0,-38.31348157,144.3313297,SURF COAST
T20150009541,Dry,Clear,Collision with vehicle,Tuesday,Dark No street lights,100,2015/05/05,19:30:00,Yes,2.0,1.0,-37.78825208,147.6795949,EAST GIPPSLAND
T20150009553,Wet,Raining,Vehicle overturned (no collision),Wednesday,Day,80,2015/05/06,11:10:00,No,2.0,1.0,-38.74753742,143.275593,COLAC OTWAY
T20150009556,Dry,Clear,Collision with vehicle,Wednesday,Dusk/Dawn,60,2015/05/06,16:04:00,No,2.0,2.0,-36.5549735,145.9766672,BENALLA
T20150009559,Dry,Clear,Vehicle overturned (no collision),Saturday,Dusk/Dawn,999,2015/05/02,16:00:00,Yes,1.0,1.0,-37.92993944,146.0445283,BAW BAW
T20150009583,Wet,Raining,Collision with a fixed object,Wednesday,Dark Street lights off,100,2015/05/06,18:20:00,Yes,1.0,1.0,-37.11691334,146.1323192,MANSFIELD
T20150009588,Dry,Clear,Collision with a fixed object,Wednesday,Day,80,2015/05/06,16:00:00,No,1.0,1.0,-37.10324196,141.0360382,WEST WIMMERA
T20150009593,Wet,Raining,Vehicle overturned (no collision),Wednesday,Dark No street lights,110,2015/05/06,21:10:00,Yes,1.0,1.0,-36.98500842,145.1416012,MITCHELL
T20150009599,Wet,Raining,Collision with vehicle,Thursday,Dark Street lights on,60,2015/05/07,02:17:00,Yes,2.0,1.0,-37.56801897,143.8689225,BALLARAT
T20150009600,Dry,Clear,Collision with a fixed object,Thursday,Dark No street lights,100,2015/05/07,01:30:00,Yes,1.0,1.0,-37.97769207,144.5414317,GREATER GEELONG
T20150009609,Dry,Clear,Collision with vehicle,Tuesday,Day,60,2015/03/03,15:45:00,No,3.0,1.0,-37.30745037,144.950073,MITCHELL
T20150009613,Dry,Clear,Collision with vehicle,Friday,Day,70,2015/05/01,08:00:00,No,2.0,1.0,-38.1820579,144.3464093,GREATER GEELONG
T20150009615,Unknown,Clear,No collision and no object struck,Saturday,Unknown,999,2015/04/04,15:30:00,Yes,1.0,1.0,-37.45697404,146.1044155,MURRINDINDI
T20150009622,Dry,Not known,Collision with vehicle,Sunday,Day,80,2014/10/12,09:20:00,Yes,2.0,1.0,-37.68425776,144.4839888,MOORABOOL
T20150009634,Wet,Raining,Collision with vehicle,Thursday,Day,50,2015/05/07,13:34:00,No,3.0,3.0,-37.05610447,146.0706068,MANSFIELD
T20150009641,Dry,Clear,Collision with a fixed object,Thursday,Day,100,2015/05/07,13:20:00,No,2.0,2.0,-35.96743035,143.9433159,LODDON
T20150009650,Dry,Clear,Collision with vehicle,Thursday,Day,60,2015/05/07,15:10:00,No,2.0,1.0,-38.16203745,144.3783468,GREATER GEELONG
T20150009669,Dry,Clear,Vehicle overturned (no collision),Thursday,Dark No street lights,100,2015/04/30,22:30:00,Yes,2.0,2.0,-37.54074913,144.0104401,MOORABOOL
T20150009674,Dry,Clear,Struck Pedestrian,Thursday,Dark Street lights on,60,2015/05/07,20:15:00,Yes,4.0,1.0,-38.07584047,144.347834,GREATER GEELONG
T20150009675,Dry,Clear,Collision with vehicle,Thursday,Dark Street lights on,60,2015/05/07,20:50:00,Yes,3.0,2.0,-38.0227493,144.4120301,GREATER GEELONG
T20150009684,Dry,Clear,Collision with a fixed object,Thursday,Dark No street lights,80,2015/05/07,22:20:00,Yes,2.0,2.0,-36.75041956,145.5629763,STRATHBOGIE
T20150009689,Dry,Clear,Struck Pedestrian,Thursday,Day,50,2015/05/07,13:00:00,No,2.0,1.0,-38.20860994,146.1575996,BAW BAW
T20150009693,Dry,Clear,Collision with vehicle,Wednesday,Dusk/Dawn,70,2015/04/29,16:30:00,No,5.0,1.0,-38.18266037,144.3447049,GREATER GEELONG
T20150009694,Wet,Clear,Collision with a fixed object,Friday,Day,50,2015/05/08,08:50:00,No,5.0,2.0,-38.33460999,142.3908634,MOYNE
T20150009711,Dry,Clear,No collision and no object struck,Saturday,Day,100,2015/03/07,11:00:00,No,1.0,1.0,-37.26304969,145.9053064,MURRINDINDI
T20150009714,Wet,Raining,Collision with vehicle,Friday,Day,60,2015/05/08,09:32:00,No,2.0,2.0,-36.71176377,142.1996858,HORSHAM
T20150009718,Dry,Clear,Collision with vehicle,Friday,Day,60,2015/05/08,15:15:00,No,5.0,3.0,-36.78211079,144.2485316,GREATER BENDIGO
T20150009721,Unknown,Not known,Collision with vehicle,Sunday,Day,999,2015/05/03,10:00:00,Yes,2.0,1.0,-37.20870631,146.9088004,ALPINE
T20150009736,Dry,Clear,Collision with vehicle,Friday,Dark Street lights on,50,2015/05/08,20:10:00,Yes,2.0,1.0,-34.18429587,142.161725,MILDURA
T20150009741,Dry,Clear,Collision with vehicle,Friday,Dark No street lights,100,2015/05/08,19:17:00,Yes,5.0,4.0,-37.89166229,147.3825212,EAST GIPPSLAND
T20150009742,Dry,Clear,collision with some other object,Sunday,Day,60,2015/05/03,11:00:00,No,1.0,1.0,-37.07924799,144.2520708,MOUNT ALEXANDER
T20150009745,Wet,Clear,Collision with a fixed object,Friday,Dark No street lights,100,2015/05/08,19:48:00,Yes,1.0,1.0,-37.99424302,142.614879,MOYNE
T20150009750,Dry,Clear,Collision with a fixed object,Friday,Dark No street lights,100,2015/05/08,23:00:00,Yes,2.0,2.0,-37.05571024,144.3726773,MOUNT ALEXANDER
T20150009764,Wet,Clear,Collision with vehicle,Saturday,Day,100,2015/05/09,09:10:00,No,3.0,3.0,-36.55958197,145.9489811,BENALLA
T20150009766,Dry,Clear,Collision with vehicle,Saturday,Day,80,2015/05/09,12:30:00,No,2.0,1.0,-37.48150771,145.2788251,MURRINDINDI
T20150009767,Wet,Raining,Collision with vehicle,Thursday,Dusk/Dawn,999,2015/05/07,16:15:00,No,2.0,1.0,-38.23813271,146.4300814,LATROBE
T20150009774,Dry,Clear,Collision with a fixed object,Saturday,Day,100,2015/05/09,12:30:00,No,2.0,2.0,-37.56672948,143.7833701,BALLARAT
T20150009783,Wet,Raining,Collision with a fixed object,Saturday,Day,100,2015/05/09,15:25:00,Yes,1.0,1.0,-37.00519162,144.5664133,GREATER BENDIGO
T20150009787,Dry,Clear,Collision with a fixed object,Saturday,Dusk/Dawn,100,2015/05/09,17:00:00,Yes,1.0,1.0,-36.61639251,145.2008788,GREATER SHEPPARTON
T20150009791,Wet,Raining,Struck animal,Saturday,Dark No street lights,100,2015/05/09,17:33:00,Yes,2.0,1.0,-37.19818963,144.4722768,MACEDON RANGES
T20150009792,Wet,Raining,Collision with vehicle,Saturday,Day,50,2015/05/09,15:30:00,No,3.0,1.0,-36.38522752,145.3985013,GREATER SHEPPARTON
T20150009794,Dry,Clear,No collision and no object struck,Saturday,Dusk/Dawn,80,2015/05/09,16:30:00,Yes,1.0,1.0,-36.44080516,145.3888463,GREATER SHEPPARTON
T20150009804,Wet,Raining,Collision with vehicle,Saturday,Dusk/Dawn,100,2015/05/09,06:35:00,Yes,2.0,1.0,-36.41408318,145.2228007,GREATER SHEPPARTON
T20150009813,Wet,Clear,Collision with a fixed object,Saturday,Dark No street lights,100,2015/05/09,19:40:00,Yes,1.0,1.0,-37.42721084,144.7189812,MACEDON RANGES
T20150009821,Dry,Clear,Collision with a fixed object,Sunday,Dark Street lights on,50,2015/05/10,01:45:00,Yes,1.0,1.0,-38.22977526,146.4262341,LATROBE
T20150009823,Dry,Clear,Collision with vehicle,Sunday,Dark Street lights on,50,2015/05/10,04:23:00,Yes,3.0,1.0,-34.18992738,142.1507532,MILDURA
T20150009835,Dry,Clear,No collision and no object struck,Thursday,Day,100,2015/04/30,10:00:00,No,1.0,1.0,-36.68439987,141.7418531,HORSHAM
T20150009856,Dry,Clear,Collision with a fixed object,Sunday,Day,80,2015/05/10,14:40:00,No,6.0,3.0,-37.12947906,142.5312902,NORTHERN GRAMPIANS
T20150009858,Wet,Raining,Struck Pedestrian,Sunday,Day,50,2015/05/10,15:34:00,No,5.0,3.0,-37.562107,143.857737,BALLARAT
T20150009862,Dry,Clear,Collision with vehicle,Sunday,Day,100,2015/05/10,14:46:00,No,2.0,1.0,-37.94630996,144.2658261,GREATER GEELONG
T20150009863,Wet,Raining,Vehicle overturned (no collision),Sunday,Dark No street lights,100,2015/05/10,17:25:00,Yes,2.0,2.0,-36.49886094,146.788182,ALPINE
T20150009868,Dry,Clear,Collision with a fixed object,Sunday,Dark No street lights,100,2015/05/10,18:30:00,Yes,1.0,1.0,-36.06814682,145.1023114,MOIRA
T20150009873,Unknown,Clear,Collision with vehicle,Sunday,Day,100,2015/05/10,15:20:00,No,2.0,1.0,-36.70325059,145.9818257,BENALLA
T20150009887,Wet,Raining,Collision with vehicle,Sunday,Unknown,50,2015/05/10,18:30:00,Yes,3.0,1.0,-36.71309363,142.2022837,HORSHAM