Accident_No,Surface_Cond_Desc,Atmosph_Cond_Desc,Accident_Type_Desc,Day,Light_Condition_Desc,Speed_Zone,Accident_Date,Accident_Time,Alcohol_Influence,Total_Persons_Inv,Inj_Or_Fatal,Lat,Long,LGA
T20150009892,Dry,Clear,No collision and no object struck,Sunday,Day,999,2015/05/03,14:00:00,No,1.0,1.0,-37.1602104,145.1577393,MITCHELL
T20150009895,Unknown,Not known,Collision with vehicle,Friday,Day,60,2015/02/06,13:30:00,No,2.0,1.0,-35.33801724,143.5623481,SWAN HILL
T20150009897,Unknown,Not known,Collision with vehicle,Sunday,Day,60,2015/04/05,15:50:00,No,4.0,1.0,-36.75708705,144.2608453,GREATER BENDIGO
T20150009899,Wet,Strong winds,Collision with a fixed object,Friday,Day,100,2015/05/08,12:45:00,No,2.0,2.0,-38.15195167,141.9388486,MOYNE
T20150009900,Dry,Clear,Collision with vehicle,Wednesday,Day,60,2015/03/25,12:00:00,No,2.0,1.0,-36.12498849,144.7522622,CAMPASPE
T20150009923,Dry,Clear,Collision with a fixed object,Monday,Dark No street lights,100,2015/05/11,01:00:00,Yes,1.0,1.0,-36.04415887,144.5981032,CAMPASPE
T20150009925,Dry,Clear,Collision with vehicle,Monday,Day,40,2015/05/11,15:20:00,No,4.0,3.0,-36.13344078,144.7617669,CAMPASPE
T20150009929,Dry,Clear,Collision with vehicle,Monday,Day,80,2015/05/11,16:20:00,No,3.0,1.0,-36.36468307,145.4619654,GREATER SHEPPARTON
T20150009939,Wet,Raining,Collision with vehicle,Monday,Dark Street lights on,60,2015/05/11,18:30:00,Yes,4.0,4.0,-37.74101546,142.023831,SOUTHERN GRAMPIANS
T20150009944,Dry,Clear,Struck Pedestrian,Friday,Dark Street lights unknown,50,2015/04/10,22:30:00,Yes,2.0,1.0,-36.79613012,144.2406808,GREATER BENDIGO
T20150009959,Dry,Clear,Struck Pedestrian,Monday,Day,40,2015/05/11,10:50:00,No,2.0,1.0,-38.08052963,144.3469369,GREATER GEELONG
T20150009963,Wet,Clear,Collision with vehicle,Tuesday,Day,50,2015/05/12,07:12:00,No,4.0,2.0,-38.33977956,143.5844367,COLAC OTWAY
T20150009985,Dry,Clear,Collision with a fixed object,Tuesday,Day,100,2015/05/12,11:00:00,No,5.0,3.0,-37.88880998,146.82852,WELLINGTON
T20150009995,Dry,Clear,Struck Pedestrian,Thursday,Day,50,2015/04/30,15:33:00,No,2.0,1.0,-38.1365171,144.3331706,GREATER GEELONG
T20150009998,Wet,Strong winds,Collision with vehicle,Tuesday,Dusk/Dawn,60,2015/05/12,16:30:00,No,3.0,1.0,-38.36490664,141.6138514,GLENELG
T20150010007,Dry,Clear,Collision with vehicle,Thursday,Day,60,2015/04/30,13:05:00,No,2.0,1.0,-36.11030858,146.8935807,WODONGA
T20150010020,Icy,Raining,Collision with a fixed object,Wednesday,Dark No street lights,100,2015/05/13,03:30:00,Yes,1.0,1.0,-38.61653726,145.6588704,BASS COAST
T20150010028,Dry,Clear,Collision with vehicle,Wednesday,Day,100,2015/05/13,08:05:00,No,2.0,2.0,-36.357615,144.8139009,CAMPASPE
T20150010030,Dry,Clear,Collision with vehicle,Tuesday,Day,60,2015/04/21,10:30:00,No,2.0,1.0,-38.25756153,144.5355816,GREATER GEELONG
T20150010031,Wet,Clear,Collision with a fixed object,Wednesday,Day,100,2015/05/13,08:25:00,No,2.0,2.0,-38.17415039,144.4553599,GREATER GEELONG
T20150010042,Dry,Not known,Collision with a fixed object,Saturday,Dark No street lights,80,2015/01/10,05:15:00,Yes,1.0,1.0,-38.1899135,144.3091047,GREATER GEELONG
T20150010045,Dry,Clear,Collision with vehicle,Wednesday,Day,60,2015/05/13,11:30:00,No,3.0,1.0,-36.36519422,146.3148746,WANGARATTA
T20150010058,Wet,Raining,Collision with vehicle,Friday,Day,100,2015/05/08,14:00:00,No,2.0,2.0,-38.28066238,143.8637011,SURF COAST
T20150010061,Wet,Raining,Struck Pedestrian,Monday,Dark Street lights on,60,2015/05/11,17:40:00,No,2.0,1.0,-38.19624473,146.5379849,LATROBE
T20150010063,Wet,Raining,Collision with vehicle,Wednesday,Dark No street lights,100,2015/05/13,05:35:00,Yes,2.0,1.0,-37.37659656,143.2093915,ARARAT
T20150010064,Dry,Clear,Collision with vehicle,Tuesday,Day,60,2015/04/21,15:38:00,No,3.0,2.0,-38.13198973,144.3488144,GREATER GEELONG
T20150010066,Wet,Raining,Collision with vehicle,Wednesday,Day,100,2015/05/13,11:50:00,No,2.0,1.0,-38.26251016,141.6246307,GLENELG
T20150010091,Wet,Clear,Collision with vehicle,Wednesday,Day,100,2015/05/13,14:00:00,No,2.0,2.0,-37.26700952,145.2610008,MURRINDINDI
T20150010098,Dry,Clear,Collision with vehicle,Sunday,Day,80,2015/04/05,12:00:00,No,3.0,1.0,-38.24281627,146.4372391,LATROBE
T20150010106,Wet,Raining,Collision with vehicle,Wednesday,Day,60,2015/05/13,14:30:00,No,2.0,1.0,-38.31817971,146.3314925,LATROBE
T20150010111,Wet,Clear,Collision with vehicle,Thursday,Dark No street lights,50,2015/05/14,00:01:00,Yes,1.0,1.0,-38.43868162,145.4426697,BASS COAST
T20150010119,Dry,Clear,No collision and no object struck,Saturday,Day,999,2015/05/09,14:30:00,Yes,1.0,1.0,-37.36562018,143.3547799,PYRENEES
T20150010124,Dry,Clear,Collision with a fixed object,Thursday,Dusk/Dawn,100,2015/05/14,07:35:00,No,1.0,1.0,-36.74879106,144.0263298,LODDON
T20150010129,Wet,Clear,Vehicle overturned (no collision),Sunday,Dusk/Dawn,999,2015/05/10,16:00:00,No,1.0,1.0,-37.45989995,145.3254302,MURRINDINDI
T20150010136,Unknown,Not known,Struck animal,Monday,Dark No street lights,100,2015/04/13,21:30:00,Yes,1.0,1.0,-38.39265934,143.8017398,COLAC OTWAY
T20150010138,Dry,Clear,Vehicle overturned (no collision),Thursday,Day,100,2015/05/14,09:30:00,No,1.0,1.0,-36.13283941,145.191087,MOIRA
T20150010154,Dry,Clear,Collision with vehicle,Thursday,Day,60,2015/05/14,13:15:00,No,3.0,1.0,-36.14090044,144.7296582,CAMPASPE
T20150010156,Dry,Clear,Collision with vehicle,Monday,Day,40,2015/03/30,14:20:00,No,1.0,1.0,-36.76825178,144.306217,GREATER BENDIGO
T20150010163,Dry,Clear,Collision with a fixed object,Monday,Day,100,2014/11/03,13:40:00,No,1.0,1.0,-36.40294001,144.9958876,CAMPASPE
T20150010168,Dry,Clear,Struck Pedestrian,Thursday,Dark No street lights,50,2015/05/14,18:20:00,Yes,2.0,1.0,-36.75821791,144.2902228,GREATER BENDIGO
T20150010169,Dry,Clear,Collision with vehicle,Wednesday,Dark Street lights on,60,2015/05/13,19:55:00,Yes,2.0,1.0,-37.82022088,147.6221275,EAST GIPPSLAND
T20150010176,Dry,Clear,Collision with vehicle,Thursday,Dusk/Dawn,50,2015/05/14,17:25:00,No,4.0,1.0,-38.13265997,144.354562,GREATER GEELONG
T20150010178,Dry,Not known,Collision with vehicle,Thursday,Dusk/Dawn,40,2015/05/14,16:50:00,No,2.0,1.0,-35.98380413,142.9146073,BULOKE
T20150010181,Wet,Raining,No collision and no object struck,Sunday,Day,100,2015/05/10,14:00:00,No,1.0,1.0,-38.22923982,142.6580346,MOYNE
T20150010187,Dry,Clear,Collision with vehicle,Tuesday,Dusk/Dawn,50,2014/12/23,19:48:00,Yes,3.0,1.0,-36.39432169,145.3601004,GREATER SHEPPARTON
T20150010194,Dry,Clear,Collision with vehicle,Thursday,Dark Street lights on,100,2015/05/14,18:30:00,Yes,3.0,2.0,-36.19896606,144.9482083,CAMPASPE
T20150010208,Dry,Clear,Collision with vehicle,Sunday,Dark Street lights on,60,2015/04/26,20:15:00,Yes,3.0,1.0,-36.77519241,144.3085535,GREATER BENDIGO
T20150010212,Wet,Raining,Collision with vehicle,Friday,Dark Street lights on,90,2015/05/08,18:10:00,Yes,3.0,1.0,-36.75405955,144.2201822,GREATER BENDIGO
T20150010216,Dry,Clear,Struck Pedestrian,Friday,Dusk/Dawn,50,2015/05/15,07:45:00,No,2.0,1.0,-35.91846138,145.64951,MOIRA
T20150010224,Dry,Clear,Collision with vehicle,Friday,Day,60,2015/05/01,09:55:00,No,2.0,1.0,-37.41729264,144.5620439,MACEDON RANGES
T20150010231,Dry,Clear,No collision and no object struck,Thursday,Day,999,2015/05/14,11:00:00,No,1.0,1.0,-34.82414,141.6384596,MILDURA
T20150010240,Unknown,Clear,No collision and no object struck,Friday,Day,999,2015/05/15,11:00:00,No,1.0,1.0,-34.77656407,141.6710195,MILDURA
T20150010250,Unknown,Not known,No collision and no object struck,Saturday,Day,999,2014/10/18,12:00:00,No,1.0,1.0,-35.8527061,141.7450291,HINDMARSH
T20150010260,Wet,Raining,Collision with vehicle,Wednesday,Day,80,2015/05/13,10:50:00,No,2.0,2.0,-38.15865582,145.9213192,BAW BAW
T20150010269,Dry,Clear,Fall from or in moving vehicle,Friday,Dark No street lights,50,2015/02/27,03:00:00,Yes,2.0,1.0,-36.3797293,145.4135801,GREATER SHEPPARTON
T20150010279,Dry,Clear,Collision with vehicle,Friday,Dark Street lights on,60,2015/05/15,20:00:00,Yes,2.0,1.0,-36.35745998,145.4022278,GREATER SHEPPARTON
T20150010296,Dry,Clear,Collision with vehicle,Saturday,Dark Street lights on,50,2015/05/16,00:45:00,Yes,1.0,1.0,-37.2937422,142.9201847,ARARAT
T20150010308,Wet,Clear,Collision with a fixed object,Saturday,Dusk/Dawn,60,2015/05/16,06:55:00,No,1.0,1.0,-38.16823054,144.571762,GREATER GEELONG
T20150010317,Dry,Not known,Struck Pedestrian,Saturday,Dusk/Dawn,60,2015/05/16,07:35:00,Yes,4.0,1.0,-37.27937209,142.9472813,ARARAT
T20150010323,Muddy,Not known,No collision and no object struck,Sunday,Day,999,2015/04/26,14:30:00,No,1.0,1.0,-37.35798865,145.5816113,MURRINDINDI
T20150010326,Dry,Clear,No collision and no object struck,Saturday,Day,100,2015/05/16,12:10:00,No,1.0,1.0,-37.7823909,144.1251698,MOORABOOL
T20150010329,Dry,Clear,Fall from or in moving vehicle,Saturday,Day,50,2015/05/16,13:00:00,No,2.0,1.0,-37.05856022,144.2206718,MOUNT ALEXANDER
T20150010346,Dry,Clear,collision with some other object,Saturday,Day,100,2015/05/16,10:13:00,No,1.0,1.0,-36.90414874,146.7474002,ALPINE
T20150010355,Dry,Clear,Collision with vehicle,Saturday,Day,60,2015/05/16,15:00:00,Yes,6.0,1.0,-38.20064219,144.3124321,GREATER GEELONG
T20150010365,Dry,Clear,No collision and no object struck,Saturday,Dusk/Dawn,100,2015/05/16,16:15:00,Yes,1.0,1.0,-37.42417674,147.1234231,WELLINGTON
T20150010368,Dry,Clear,Collision with vehicle,Saturday,Dusk/Dawn,100,2015/05/16,17:15:00,Yes,7.0,1.0,-36.74885062,144.0267999,LODDON
T20150010397,Dry,Clear,Collision with a fixed object,Sunday,Dark Street lights on,50,2015/05/17,06:10:00,Yes,1.0,1.0,-38.09151115,144.3569998,GREATER GEELONG
T20150010398,Dry,Clear,Collision with a fixed object,Saturday,Day,60,2015/05/16,12:05:00,No,2.0,1.0,-37.86717061,147.9871864,EAST GIPPSLAND
T20150010402,Dry,Dust,Vehicle overturned (no collision),Sunday,Dusk/Dawn,999,2015/05/03,16:00:00,Yes,1.0,1.0,-37.5219177,145.6353705,MURRINDINDI
T20150010403,Dry,Fog,Collision with vehicle,Sunday,Day,100,2015/05/17,08:05:00,Yes,2.0,1.0,-38.18098925,144.5129419,GREATER GEELONG
T20150010409,Icy,Clear,Collision with a fixed object,Sunday,Day,100,2015/05/17,11:00:00,No,2.0,2.0,-37.00388958,147.0976297,MOUNT HOTHAM ALPINE RESORT (UNINC)
T20150010411,Dry,Clear,Collision with a fixed object,Sunday,Day,100,2015/05/17,12:37:00,No,1.0,1.0,-38.44323842,142.9242046,CORANGAMITE
T20150010414,Dry,Clear,Collision with vehicle,Sunday,Day,100,2015/05/17,11:50:00,No,2.0,1.0,-37.26314951,145.9053317,MURRINDINDI
T20150010422,Dry,Clear,Collision with a fixed object,Sunday,Dusk/Dawn,100,2015/05/17,16:10:00,Yes,1.0,1.0,-36.73969881,144.6884349,CAMPASPE
T20150010425,Dry,Clear,Vehicle overturned (no collision),Saturday,Dusk/Dawn,100,2015/05/16,17:30:00,Yes,1.0,1.0,-36.12542035,142.8644106,BULOKE
T20150010429,Dry,Clear,Collision with a fixed object,Sunday,Day,100,2015/05/17,14:00:00,No,1.0,1.0,-37.24731197,145.1767886,MURRINDINDI
T20150010431,Dry,Clear,Collision with a fixed object,Sunday,Dusk/Dawn,100,2015/05/17,17:20:00,Yes,1.0,1.0,-37.16101931,142.8632213,NORTHERN GRAMPIANS
T20150010433,Dry,Clear,Vehicle overturned (no collision),Thursday,Dark No street lights,100,2015/05/14,19:00:00,Yes,1.0,1.0,-36.18743001,144.5347223,CAMPASPE
T20150010439,Dry,Clear,collision with some other object,Sunday,Day,999,2015/05/17,14:00:00,No,1.0,1.0,-38.01629268,146.0321614,BAW BAW
T20150010454,Dry,Clear,Collision with vehicle,Friday,Day,50,2014/08/29,16:00:00,Yes,2.0,1.0,-37.82485014,147.6343395,EAST GIPPSLAND
T20150010456,Dry,Clear,Collision with vehicle,Saturday,Day,60,2015/05/16,14:20:00,Yes,2.0,1.0,-38.16123182,145.9275634,BAW BAW
T20150010459,Dry,Clear,Vehicle overturned (no collision),Monday,Dusk/Dawn,100,2015/05/18,07:05:00,No,1.0,1.0,-36.47977157,142.5050712,YARRIAMBIACK
T20150010460,Dry,Clear,Struck Pedestrian,Monday,Day,50,2015/05/18,09:00:00,No,2.0,1.0,-36.71865249,144.2536985,GREATER BENDIGO
T20150010465,Dry,Clear,Vehicle overturned (no collision),Monday,Day,100,2015/05/18,08:30:00,No,1.0,1.0,-38.23607864,141.4571307,GLENELG
T20150010466,Unknown,Not known,Struck animal,Monday,Unknown,100,2015/04/06,11:45:00,No,1.0,1.0,-37.19235043,145.0965156,MITCHELL
T20150010474,Dry,Clear,Collision with a fixed object,Monday,Day,999,2015/05/18,10:10:00,No,3.0,1.0,-38.37166833,145.8376627,SOUTH GIPPSLAND
T20150010479,Dry,Clear,Struck Pedestrian,Monday,Day,40,2015/05/18,08:56:00,No,2.0,1.0,-36.70786976,142.1865765,HORSHAM
T20150010490,Wet,Clear,No collision and no object struck,Saturday,Day,999,2015/05/09,11:30:00,No,1.0,1.0,-37.46765988,145.4593403,MURRINDINDI
T20150010500,Wet,Clear,No collision and no object struck,Saturday,Day,999,2015/05/16,14:00:00,Yes,1.0,1.0,-37.14417138,148.903894,EAST GIPPSLAND
T20150010501,Dry,Clear,Collision with a fixed object,Monday,Day,100,2015/05/18,13:45:00,No,1.0,1.0,-36.74118026,143.96695,LODDON
T20150010504,Dry,Not known,collision with some other object,Saturday,Day,60,2015/01/24,13:00:00,No,1.0,1.0,-37.33770288,147.0553473,WELLINGTON
T20150010509,Unknown,Not known,Collision with vehicle,Monday,Day,999,2015/05/18,11:30:00,No,2.0,1.0,-36.29898328,144.13962,LODDON
T20150010518,Dry,Clear,Collision with vehicle,Monday,Dusk/Dawn,80,2015/05/18,16:05:00,No,6.0,1.0,-38.74587231,143.2739006,COLAC OTWAY
T20150010523,Dry,Clear,Collision with a fixed object,Monday,Day,100,2015/05/18,15:00:00,No,4.0,4.0,-37.14653106,142.5680383,NORTHERN GRAMPIANS
T20150010546,Dry,Clear,Collision with vehicle,Monday,Day,70,2015/04/20,11:35:00,No,2.0,1.0,-38.15460793,144.351431,GREATER GEELONG
T20150010560,Dry,Clear,Collision with vehicle,Saturday,Day,60,2015/04/04,12:00:00,No,2.0,1.0,-36.13073898,144.7487123,CAMPASPE
T20150010562,Wet,Raining,Collision with vehicle,Tuesday,Day,100,2015/05/19,08:00:00,No,2.0,2.0,-36.93022951,144.2968597,GREATER BENDIGO
T20150010563,Dry,Clear,No collision and no object struck,Monday,Day,60,2015/04/20,08:15:00,No,2.0,1.0,-37.07934016,144.2113413,MOUNT ALEXANDER
T20150010565,Wet,Raining,Collision with vehicle,Tuesday,Day,100,2015/05/19,09:02:00,No,4.0,3.0,-37.60948638,143.8029805,GOLDEN PLAINS
T20150010570,Dry,Clear,Collision with vehicle,Sunday,Dusk/Dawn,60,2015/05/17,17:35:00,No,1.0,1.0,-36.75889729,144.286852,GREATER BENDIGO
T20150010571,Dry,Clear,Vehicle overturned (no collision),Tuesday,Dusk/Dawn,100,2015/05/19,06:45:00,No,1.0,1.0,-38.16219251,146.9341695,WELLINGTON
T20150010572,Wet,Not known,Collision with vehicle,Tuesday,Day,80,2015/05/19,09:20:00,No,3.0,1.0,-37.64724591,143.8743241,BALLARAT
T20150010598,Dry,Clear,Collision with vehicle,Tuesday,Dusk/Dawn,70,2015/05/19,16:15:00,No,2.0,1.0,-37.8384105,147.5957004,EAST GIPPSLAND
T20150010608,Dry,Clear,Vehicle overturned (no collision),Monday,Dark No street lights,100,2015/05/18,22:15:00,Yes,1.0,1.0,-37.48710996,145.4175795,MURRINDINDI
T20150010612,Dry,Clear,Collision with vehicle,Tuesday,Dusk/Dawn,60,2015/05/19,16:45:00,No,2.0,2.0,-38.06395589,144.3799398,GREATER GEELONG
T20150010636,Wet,Raining,Collision with vehicle,Tuesday,Day,60,2015/05/19,11:00:00,No,2.0,1.0,-36.74570917,144.2888516,GREATER BENDIGO
T20150010642,Dry,Clear,Collision with a fixed object,Tuesday,Dark Street lights on,999,2015/05/19,22:40:00,Yes,1.0,1.0,-38.21770049,146.427402,LATROBE
T20150010647,Dry,Clear,Collision with vehicle,Sunday,Dusk/Dawn,110,2015/03/08,20:16:00,Yes,3.0,2.0,-36.80276951,144.5708902,GREATER BENDIGO
T20150010649,Dry,Clear,No collision and no object struck,Monday,Day,999,2015/02/16,18:00:00,Yes,2.0,1.0,-37.66233022,143.8303493,GOLDEN PLAINS
T20150010651,Wet,Raining,Collision with a fixed object,Wednesday,Dark No street lights,100,2015/05/20,02:40:00,Yes,1.0,1.0,-37.26197025,145.0037305,MITCHELL
T20150010666,Dry,Clear,No collision and no object struck,Wednesday,Dark No street lights,100,2015/04/08,03:00:00,Yes,1.0,1.0,-38.38554341,142.5406196,WARRNAMBOOL
T20150010673,Wet,Clear,Collision with vehicle,Wednesday,Day,60,2015/05/20,12:10:00,No,2.0,1.0,-36.74443386,144.2902577,GREATER BENDIGO
T20150010674,Dry,Clear,Collision with vehicle,Wednesday,Day,60,2015/05/20,10:15:00,No,2.0,1.0,-38.14676003,144.3471254,GREATER GEELONG
T20150010676,Dry,Clear,Collision with vehicle,Wednesday,Day,60,2015/05/20,11:45:00,No,5.0,3.0,-36.39390961,145.3629213,GREATER SHEPPARTON
T20150010681,Dry,Clear,Collision with vehicle,Wednesday,Dusk/Dawn,100,2015/05/20,06:23:00,No,2.0,1.0,-37.77887581,147.6841967,EAST GIPPSLAND
T20150010683,Wet,Raining,Collision with vehicle,Thursday,Day,60,2015/05/14,14:50:00,No,2.0,1.0,-38.26567967,144.6637404,QUEENSCLIFFE
T20150010684,Dry,Clear,Collision with vehicle,Wednesday,Day,100,2015/05/20,10:52:00,No,3.0,1.0,-38.09258883,146.6000772,WELLINGTON
T20150010687,Wet,Raining,Collision with vehicle,Wednesday,Day,70,2015/05/20,13:14:00,No,2.0,1.0,-37.54487223,143.7932385,BALLARAT
T20150010690,Wet,Clear,Collision with vehicle,Wednesday,Day,80,2015/05/20,12:00:00,No,2.0,1.0,-38.02643961,144.4289933,GREATER GEELONG
T20150010692,Wet,Clear,Collision with a fixed object,Wednesday,Day,100,2015/05/20,10:04:00,No,1.0,1.0,-37.10032183,145.0607491,MITCHELL
T20150010696,Wet,Clear,No collision and no object struck,Sunday,Day,999,2015/05/17,11:00:00,No,1.0,1.0,-37.54401889,145.5883638,MURRINDINDI
T20150010704,Dry,Clear,Collision with vehicle,Friday,Day,60,2015/04/03,12:10:00,No,4.0,1.0,-37.56026506,143.8444996,BALLARAT
T20150010708,Dry,Clear,Collision with a fixed object,Wednesday,Day,100,2015/05/20,15:00:00,No,1.0,1.0,-35.99510664,145.84585,MOIRA
T20150010716,Wet,Raining,Collision with vehicle,Wednesday,Dusk/Dawn,60,2015/05/20,17:09:00,No,5.0,2.0,-37.58623744,143.8261516,BALLARAT
T20150010718,Muddy,Clear,No collision and no object struck,Saturday,Day,999,2015/05/09,10:30:00,No,1.0,1.0,-37.95100878,146.4079533,BAW BAW
T20150010720,Wet,Raining,Collision with vehicle,Wednesday,Dark Street lights on,60,2015/05/20,17:42:00,No,3.0,2.0,-35.33928173,143.5566888,SWAN HILL
T20150010723,Wet,Raining,Collision with vehicle,Wednesday,Dark Street lights on,70,2015/05/20,17:45:00,No,2.0,1.0,-38.19699057,144.3420148,GREATER GEELONG
T20150010729,Unknown,Not known,Collision with vehicle,Thursday,Day,50,2015/04/30,15:30:00,No,1.0,1.0,-36.35745317,145.40762,GREATER SHEPPARTON
T20150010732,Wet,Clear,Collision with vehicle,Wednesday,Dark Street lights on,60,2015/05/20,19:40:00,Yes,2.0,1.0,-36.37385,145.4229897,GREATER SHEPPARTON
T20150010733,Dry,Clear,Collision with vehicle,Wednesday,Day,50,2015/05/20,14:33:00,No,6.0,1.0,-38.14861116,144.3573052,GREATER GEELONG
T20150010737,Dry,Clear,Collision with a fixed object,Wednesday,Dark No street lights,110,2015/05/20,19:40:00,Yes,1.0,1.0,-37.11877992,145.0914592,MITCHELL
T20150010741,Dry,Clear,Collision with a fixed object,Wednesday,Dark Street lights on,50,2015/05/20,20:00:00,Yes,1.0,1.0,-38.31079993,146.4114698,LATROBE
T20150010751,Wet,Raining,Struck animal,Thursday,Dark No street lights,100,2015/05/21,05:00:00,Yes,1.0,1.0,-37.60979948,143.9114153,MOORABOOL
T20150010756,Dry,Clear,Collision with vehicle,Thursday,Day,50,2015/05/21,09:10:00,No,2.0,1.0,-35.72458308,143.9232132,GANNAWARRA
T20150010759,Dry,Clear,No collision and no object struck,Sunday,Day,999,2015/05/10,09:00:00,Yes,1.0,1.0,-38.38984099,144.1938407,SURF COAST
T20150010760,Wet,Raining,Collision with vehicle,Wednesday,Dark Street lights on,60,2015/05/20,19:00:00,Yes,3.0,1.0,-36.91327995,144.6991101,GREATER BENDIGO
T20150010761,Dry,Clear,Collision with vehicle,Monday,Day,80,2015/05/04,13:30:00,No,4.0,2.0,-38.67458999,143.6805496,COLAC OTWAY
T20150010766,Wet,Clear,Collision with a fixed object,Thursday,Day,100,2015/05/21,09:30:00,No,1.0,1.0,-37.89734105,144.4649265,GREATER GEELONG
T20150010771,Dry,Clear,Collision with vehicle,Thursday,Day,70,2015/05/21,12:40:00,No,4.0,1.0,-38.15172483,144.351973,GREATER GEELONG
T20150010779,Dry,Clear,Struck animal,Monday,Dusk/Dawn,100,2015/04/27,17:30:00,No,1.0,1.0,-37.30230161,144.9939754,MITCHELL
T20150010785,Dry,Clear,Collision with a fixed object,Wednesday,Day,999,2015/04/29,16:30:00,No,1.0,1.0,-38.20429071,146.0028636,BAW BAW
T20150010795,Dry,Clear,Collision with vehicle,Thursday,Day,80,2015/05/21,12:30:00,No,3.0,2.0,-37.0274302,145.8637699,MANSFIELD
T20150010830,Dry,Clear,Collision with a fixed object,Thursday,Dusk/Dawn,100,2015/05/21,16:08:00,No,3.0,3.0,-38.10288169,142.9521125,MOYNE
T20150010842,Dry,Clear,Collision with vehicle,Thursday,Dark Street lights on,50,2015/05/21,21:57:00,Yes,2.0,1.0,-36.77073064,144.2622505,GREATER BENDIGO
T20150010849,Dry,Clear,Collision with vehicle,Friday,Day,50,2015/05/22,10:15:00,No,3.0,2.0,-36.38160991,145.3977194,GREATER SHEPPARTON
T20150010854,Dry,Clear,Struck Pedestrian,Friday,Day,50,2015/05/22,10:30:00,No,2.0,1.0,-38.60637065,145.5880201,BASS COAST
T20150010859,Dry,Clear,Collision with vehicle,Friday,Day,60,2015/05/22,12:30:00,No,2.0,1.0,-38.37795612,142.4820629,WARRNAMBOOL
T20150010860,Dry,Clear,Collision with vehicle,Friday,Day,60,2015/05/22,11:44:00,No,2.0,1.0,-34.30338,142.2008603,MILDURA
T20150010862,Wet,Clear,Collision with vehicle,Friday,Day,50,2015/05/22,10:00:00,No,2.0,1.0,-37.46372065,144.6755809,MACEDON RANGES
T20150010863,Wet,Raining,Collision with vehicle,Thursday,Dusk/Dawn,40,2015/05/21,17:20:00,No,3.0,2.0,-38.17688702,144.4805306,GREATER GEELONG
T20150010866,Dry,Clear,Collision with vehicle,Friday,Day,50,2015/05/22,12:30:00,No,5.0,1.0,-38.350485,141.6035211,GLENELG
T20150010868,Dry,Clear,Collision with vehicle,Sunday,Day,70,2015/05/10,12:20:00,No,4.0,2.0,-38.14309021,144.3536018,GREATER GEELONG
T20150010871,Dry,Clear,Collision with vehicle,Friday,Day,50,2015/05/22,12:55:00,No,5.0,1.0,-36.77716842,144.3013312,GREATER BENDIGO
T20150010879,Dry,Clear,No collision and no object struck,Sunday,Day,100,2015/05/17,14:00:00,No,1.0,1.0,-37.84782866,146.7076471,WELLINGTON
T20150010886,Dry,Clear,Collision with a fixed object,Friday,Day,110,2015/05/22,15:30:00,No,2.0,2.0,-36.47503235,146.1685214,BENALLA
T20150010904,Dry,Clear,Collision with a fixed object,Friday,Dark Street lights on,50,2015/05/22,20:50:00,Yes,2.0,2.0,-38.12884979,144.3335581,GREATER GEELONG
T20150010924,Dry,Clear,Collision with vehicle,Saturday,Day,60,2015/05/23,12:25:00,No,3.0,3.0,-36.3524933,146.331299,WANGARATTA
T20150010927,Dry,Clear,Collision with vehicle,Friday,Dusk/Dawn,60,2015/05/22,16:30:00,Yes,2.0,1.0,-38.19664607,144.3512907,GREATER GEELONG
T20150010928,Dry,Clear,Collision with vehicle,Saturday,Day,100,2015/05/23,10:15:00,No,3.0,2.0,-38.21964033,146.3978125,LATROBE
T20150010942,Dry,Clear,Collision with a fixed object,Saturday,Day,100,2015/05/23,14:20:00,No,1.0,1.0,-36.87718591,146.3217381,WANGARATTA
T20150010949,Dry,Clear,Collision with vehicle,Friday,Day,60,2015/05/22,08:30:00,No,2.0,1.0,-34.17680498,142.152767,MILDURA
T20150010951,Muddy,Not known,No collision and no object struck,Sunday,Day,999,2015/05/17,14:00:00,No,1.0,1.0,-37.46926954,145.6141777,MURRINDINDI
T20150010973,Dry,Clear,Collision with vehicle,Saturday,Dark Street lights on,60,2015/05/23,23:00:00,Yes,1.0,1.0,-38.15362874,144.3586206,GREATER GEELONG
T20150010990,Dry,Fog,Vehicle overturned (no collision),Saturday,Dark No street lights,100,2015/05/23,21:00:00,Yes,4.0,4.0,-36.22659954,146.9506994,WODONGA
T20150010991,Unknown,Not known,Collision with vehicle,Wednesday,Dark Street lights on,60,2015/05/20,18:15:00,Yes,3.0,1.0,-38.197497,144.3193209,GREATER GEELONG
T20150010997,Dry,Clear,Collision with vehicle,Sunday,Day,999,2015/05/24,12:30:00,No,2.0,1.0,-38.14751412,145.9295406,BAW BAW
T20150011005,Dry,Fog,Collision with a fixed object,Saturday,Dark No street lights,100,2015/05/23,21:20:00,Yes,1.0,1.0,-37.93123037,147.67691,EAST GIPPSLAND
T20150011014,Dry,Clear,Collision with a fixed object,Sunday,Day,100,2015/05/24,14:25:00,No,1.0,1.0,-37.09110541,145.4693313,MURRINDINDI
T20150011024,Dry,Clear,Collision with a fixed object,Sunday,Dark Street lights on,50,2015/05/24,20:00:00,Yes,1.0,1.0,-36.11859175,146.8535761,WODONGA
T20150011025,Dry,Clear,Collision with vehicle,Sunday,Dark Street lights on,60,2015/05/24,18:05:00,Yes,2.0,1.0,-37.90011944,143.7181802,GOLDEN PLAINS
T20150011030,Dry,Clear,Collision with a fixed object,Sunday,Dark No street lights,80,2015/05/24,19:50:00,Yes,1.0,1.0,-36.64523856,144.0108411,LODDON