Accident_No,Surface_Cond_Desc,Atmosph_Cond_Desc,Accident_Type_Desc,Day,Light_Condition_Desc,Speed_Zone,Accident_Date,Accident_Time,Alcohol_Influence,Total_Persons_Inv,Inj_Or_Fatal,Lat,Long,LGA
T20150011041,Unknown,Clear,No collision and no object struck,Saturday,Day,60,2015/03/14,14:30:00,Yes,1.0,1.0,-37.46663047,144.4822768,MACEDON RANGES
T20150011044,Wet,Raining,No collision and no object struck,Tuesday,Day,999,2015/04/28,13:00:00,No,1.0,1.0,-37.04937277,143.3023649,PYRENEES
T20150011056,Dry,Clear,Vehicle overturned (no collision),Sunday,Day,80,2015/05/24,13:00:00,No,1.0,1.0,-38.51713034,145.6620735,BASS COAST
T20150011059,Dry,Clear,Collision with vehicle,Monday,Day,100,2015/05/25,09:15:00,No,2.0,1.0,-38.27983176,144.2705957,SURF COAST
T20150011062,Wet,Raining,Collision with vehicle,Monday,Day,50,2015/03/23,13:30:00,No,2.0,1.0,-36.13759038,144.7608555,CAMPASPE
T20150011065,Dry,Clear,Collision with vehicle,Thursday,Day,50,2015/04/02,08:02:00,No,2.0,1.0,-38.31578948,144.3383256,SURF COAST
T20150011067,Unknown,Clear,Collision with a fixed object,Monday,Dark No street lights,100,2015/05/25,01:00:00,Yes,1.0,1.0,-37.93686009,144.1692522,GOLDEN PLAINS
T20150011072,Dry,Clear,Collision with vehicle,Monday,Day,999,2015/05/25,11:45:00,No,2.0,1.0,-36.99960298,147.5139499,EAST GIPPSLAND
T20150011073,Wet,Fog,Vehicle overturned (no collision),Sunday,Dusk/Dawn,999,2015/05/24,07:00:00,Yes,1.0,1.0,-38.01461788,146.7005971,WELLINGTON
T20150011079,Wet,Not known,Vehicle overturned (no collision),Sunday,Dark No street lights,999,2015/05/24,02:30:00,Yes,3.0,2.0,-36.43436064,143.6636717,LODDON
T20150011080,Dry,Clear,Collision with vehicle,Monday,Day,100,2015/05/25,13:50:00,No,4.0,1.0,-38.32454411,146.3065384,LATROBE
T20150011094,Dry,Clear,Vehicle overturned (no collision),Monday,Day,100,2015/05/25,13:40:00,No,1.0,1.0,-38.60538178,143.242264,CORANGAMITE
T20150011105,Dry,Not known,Collision with vehicle,Tuesday,Day,60,2015/05/12,12:15:00,No,3.0,1.0,-36.38359976,145.4127482,GREATER SHEPPARTON
T20150011119,Dry,Clear,Struck Pedestrian,Monday,Day,50,2015/05/25,12:00:00,No,2.0,1.0,-38.33920994,143.5870321,COLAC OTWAY
T20150011132,Dry,Clear,Collision with a fixed object,Friday,Day,50,2015/05/22,15:40:00,No,1.0,1.0,-38.20865963,146.1537323,BAW BAW
T20150011137,Dry,Clear,Collision with vehicle,Saturday,Day,80,2015/05/23,15:30:00,Yes,3.0,1.0,-36.88832936,146.2526705,BENALLA
T20150011142,Dry,Clear,Collision with vehicle,Friday,Dusk/Dawn,60,2015/05/15,16:00:00,Yes,2.0,1.0,-38.19452161,146.5421888,LATROBE
T20150011144,Dry,Clear,Collision with a fixed object,Tuesday,Day,100,2015/05/26,12:30:00,No,2.0,1.0,-36.09781958,146.8727855,WODONGA
T20150011147,Dry,Clear,Collision with vehicle,Friday,Dusk/Dawn,50,2015/03/27,06:15:00,No,1.0,1.0,-36.75424069,144.2732587,GREATER BENDIGO
T20150011148,Dry,Clear,Collision with vehicle,Tuesday,Day,70,2015/05/26,10:35:00,No,3.0,1.0,-38.11602611,144.3303279,GREATER GEELONG
T20150011162,Dry,Clear,Collision with vehicle,Tuesday,Day,60,2015/05/26,12:05:00,No,2.0,1.0,-36.74407418,144.2583066,GREATER BENDIGO
T20150011163,Dry,Clear,Collision with vehicle,Tuesday,Day,100,2015/05/26,13:50:00,No,3.0,3.0,-38.21283099,144.1807652,SURF COAST
T20150011170,Dry,Clear,Vehicle overturned (no collision),Tuesday,Day,100,2015/05/26,15:45:00,No,1.0,1.0,-38.59955768,145.7788484,BASS COAST
T20150011171,Dry,Clear,Collision with vehicle,Tuesday,Dusk/Dawn,60,2015/05/26,16:15:00,No,5.0,3.0,-36.76247909,144.2576005,GREATER BENDIGO
T20150011172,Dry,Clear,Vehicle overturned (no collision),Tuesday,Dusk/Dawn,100,2015/05/26,16:10:00,No,1.0,1.0,-38.12442093,146.2537667,BAW BAW
T20150011174,Unknown,Not known,Collision with a fixed object,Friday,Dusk/Dawn,60,2015/05/08,06:50:00,No,1.0,1.0,-38.17769241,144.7012556,GREATER GEELONG
T20150011185,Dry,Clear,Collision with vehicle,Tuesday,Day,60,2015/05/26,15:50:00,No,3.0,1.0,-37.58531047,143.8408428,BALLARAT
T20150011193,Dry,Clear,Struck Pedestrian,Saturday,Day,50,2015/05/23,10:00:00,No,2.0,1.0,-38.38315003,141.6108084,GLENELG
T20150011203,Dry,Clear,Vehicle overturned (no collision),Tuesday,Day,100,2015/05/26,14:50:00,No,1.0,1.0,-36.40126023,146.6913185,INDIGO
T20150011205,Dry,Clear,Collision with vehicle,Wednesday,Day,60,2015/05/27,08:10:00,No,5.0,1.0,-38.30785001,146.42073,LATROBE
T20150011207,Wet,Not known,Vehicle overturned (no collision),Wednesday,Day,999,2015/05/20,15:00:00,No,2.0,1.0,-37.48243856,144.2684651,MOORABOOL
T20150011214,Dry,Clear,Collision with vehicle,Wednesday,Day,80,2015/05/27,09:30:00,No,3.0,1.0,-36.43802,145.3888308,GREATER SHEPPARTON
T20150011216,Dry,Clear,Collision with vehicle,Wednesday,Day,60,2015/05/27,08:35:00,No,6.0,1.0,-38.13856928,145.8623522,BAW BAW
T20150011217,Dry,Clear,Collision with vehicle,Thursday,Day,50,2015/05/07,13:42:00,No,3.0,1.0,-36.71429438,142.1971206,HORSHAM
T20150011244,Dry,Clear,Collision with vehicle,Wednesday,Day,80,2015/05/27,13:34:00,No,4.0,2.0,-38.62584743,145.7411186,BASS COAST
T20150011267,Dry,Clear,Collision with vehicle,Wednesday,Day,60,2015/05/27,15:45:00,No,5.0,4.0,-37.54047056,143.8219747,BALLARAT
T20150011269,Dry,Clear,Collision with vehicle,Wednesday,Dusk/Dawn,100,2015/05/27,16:35:00,No,2.0,1.0,-38.21245633,144.2179698,SURF COAST
T20150011270,Dry,Clear,Collision with vehicle,Wednesday,Day,60,2015/05/27,14:05:00,No,2.0,1.0,-38.16797477,144.3724698,GREATER GEELONG
T20150011277,Dry,Clear,Collision with a fixed object,Thursday,Dark No street lights,100,2015/05/28,00:20:00,Yes,2.0,2.0,-37.85641978,144.3876241,GREATER GEELONG
T20150011284,Dry,Clear,Collision with vehicle,Thursday,Day,50,2015/05/28,08:30:00,No,5.0,1.0,-36.12783396,144.7537883,CAMPASPE
T20150011286,Dry,Clear,Collision with vehicle,Monday,Day,60,2015/05/18,08:10:00,Yes,2.0,1.0,-37.5650338,143.8466668,BALLARAT
T20150011287,Dry,Clear,Collision with vehicle,Wednesday,Dark Street lights on,60,2015/05/27,19:58:00,Yes,2.0,2.0,-38.1815132,146.2615869,LATROBE
T20150011288,Dry,Clear,Collision with vehicle,Wednesday,Dusk/Dawn,50,2015/05/27,17:00:00,No,2.0,1.0,-38.36443789,142.4596073,WARRNAMBOOL
T20150011290,Dry,Clear,Collision with vehicle,Thursday,Day,50,2015/05/28,09:06:00,No,5.0,2.0,-37.82453227,147.6260325,EAST GIPPSLAND
T20150011294,Icy,Clear,Collision with a fixed object,Friday,Dark No street lights,60,2015/05/01,17:48:00,No,1.0,1.0,-38.43739415,145.5605614,BASS COAST
T20150011298,Dry,Clear,Collision with vehicle,Thursday,Day,100,2015/05/28,08:45:00,No,2.0,2.0,-36.95566558,144.2358899,MOUNT ALEXANDER
T20150011299,Dry,Clear,Collision with vehicle,Tuesday,Day,60,2015/04/21,16:00:00,No,2.0,1.0,-36.77698146,144.253172,GREATER BENDIGO
T20150011306,Dry,Clear,Collision with vehicle,Wednesday,Dark No street lights,100,2015/05/27,21:35:00,Yes,2.0,1.0,-38.44992695,145.8434267,SOUTH GIPPSLAND
T20150011311,Dry,Clear,Collision with vehicle,Thursday,Day,60,2015/05/28,11:36:00,No,2.0,1.0,-38.20487796,146.1573354,BAW BAW
T20150011314,Dry,Clear,Struck animal,Sunday,Day,100,2015/05/17,13:00:00,No,1.0,1.0,-38.03138059,145.8821215,BAW BAW
T20150011317,Dry,Clear,No collision and no object struck,Thursday,Day,60,2015/05/28,13:30:00,No,2.0,1.0,-37.88068222,147.9662935,EAST GIPPSLAND
T20150011323,Dry,Clear,Struck animal,Wednesday,Dark No street lights,100,2015/05/27,20:20:00,Yes,5.0,3.0,-37.92110022,147.2797101,EAST GIPPSLAND
T20150011327,Dry,Clear,Collision with a fixed object,Wednesday,Day,100,2015/04/29,09:00:00,No,1.0,1.0,-38.17166132,145.8253847,BAW BAW
T20150011330,Wet,Not known,No collision and no object struck,Thursday,Day,999,2015/05/28,11:00:00,No,1.0,1.0,-37.03404207,146.3387999,MANSFIELD
T20150011332,Dry,Clear,Collision with vehicle,Thursday,Day,60,2015/05/28,14:00:00,No,2.0,1.0,-38.11592987,145.7671189,BAW BAW
T20150011344,Dry,Clear,No collision and no object struck,Thursday,Day,100,2015/05/28,13:15:00,No,1.0,1.0,-38.23218684,146.2184384,BAW BAW
T20150011345,Dry,Clear,Struck Pedestrian,Thursday,Day,50,2015/05/28,15:00:00,No,2.0,1.0,-37.74061875,142.024619,SOUTHERN GRAMPIANS
T20150011346,Dry,Clear,Collision with a fixed object,Thursday,Day,100,2015/05/28,15:35:00,No,1.0,1.0,-37.30705112,143.0038898,ARARAT
T20150011348,Unknown,Not known,Collision with vehicle,Friday,Day,60,2014/11/21,11:30:00,No,4.0,2.0,-36.74977885,144.2907517,GREATER BENDIGO
T20150011350,Wet,Clear,Vehicle overturned (no collision),Thursday,Day,80,2015/05/28,09:40:00,No,1.0,1.0,-38.50160083,143.9593654,SURF COAST
T20150011353,Dry,Clear,Collision with vehicle,Thursday,Dark Street lights on,60,2015/05/28,17:47:00,No,3.0,2.0,-36.74185171,144.2968634,GREATER BENDIGO
T20150011354,Dry,Clear,Collision with a fixed object,Tuesday,Dark Street lights on,60,2015/05/19,03:02:00,Yes,3.0,3.0,-36.73007152,144.2592797,GREATER BENDIGO
T20150011361,Dry,Clear,Struck Pedestrian,Thursday,Dark Street lights on,50,2015/05/28,18:10:00,Yes,2.0,1.0,-34.16792916,142.06184,MILDURA
T20150011367,Wet,Raining,Collision with vehicle,Thursday,Dark Street lights on,60,2015/05/28,18:59:00,Yes,2.0,1.0,-38.12246238,144.3470281,GREATER GEELONG
T20150011372,Dry,Clear,No collision and no object struck,Sunday,Day,50,2015/05/24,15:00:00,No,1.0,1.0,-37.53410996,145.6957693,MURRINDINDI
T20150011381,Wet,Not known,Collision with a fixed object,Friday,Dark Street lights unknown,100,2015/05/29,00:00:00,Yes,1.0,1.0,-38.54877881,145.6568693,BASS COAST
T20150011391,Wet,Fog,Collision with vehicle,Friday,Dusk/Dawn,100,2015/05/29,06:20:00,No,4.0,1.0,-36.05114466,146.4948437,INDIGO
T20150011396,Wet,Raining,Vehicle overturned (no collision),Thursday,Unknown,999,2015/05/28,09:05:00,No,4.0,4.0,-36.41388567,146.1974972,BENALLA
T20150011398,Dry,Not known,Collision with vehicle,Tuesday,Dusk/Dawn,60,2015/03/31,17:30:00,No,2.0,1.0,-37.54954811,143.9081764,BALLARAT
T20150011403,Wet,Fog,Collision with vehicle,Friday,Dusk/Dawn,100,2015/05/29,07:45:00,No,3.0,3.0,-36.68090977,146.4192533,WANGARATTA
T20150011404,Dry,Clear,Collision with a fixed object,Friday,Dark No street lights,100,2015/05/29,04:45:00,Yes,1.0,1.0,-38.02126378,144.2845092,GREATER GEELONG
T20150011408,Dry,Clear,Struck Pedestrian,Friday,Day,50,2015/05/29,10:35:00,No,2.0,1.0,-38.19332195,146.5383739,LATROBE
T20150011413,Dry,Clear,Collision with vehicle,Friday,Day,110,2015/05/29,11:10:00,No,2.0,1.0,-37.57703694,144.1351419,MOORABOOL
T20150011425,Unknown,Fog,Vehicle overturned (no collision),Sunday,Day,999,2015/05/24,12:00:00,No,1.0,1.0,-37.24681902,145.1717194,MURRINDINDI
T20150011426,Dry,Clear,Vehicle overturned (no collision),Wednesday,Day,999,2015/03/18,12:00:00,No,1.0,1.0,-38.34547274,144.1499297,SURF COAST
T20150011448,Wet,Raining,Collision with a fixed object,Sunday,Day,80,2015/05/10,11:00:00,No,1.0,1.0,-38.69427731,143.7083052,COLAC OTWAY
T20150011449,Unknown,Clear,No collision and no object struck,Thursday,Day,100,2015/05/28,15:00:00,No,1.0,1.0,-38.43439807,146.8454637,WELLINGTON
T20150011451,Unknown,Not known,No collision and no object struck,Friday,Day,999,2015/05/29,12:00:00,No,1.0,1.0,-38.54174998,143.6439778,COLAC OTWAY
T20150011459,Wet,Not known,Vehicle overturned (no collision),Friday,Day,100,2015/05/08,09:30:00,No,1.0,1.0,-37.90952986,146.46756,BAW BAW
T20150011476,Dry,Clear,Collision with vehicle,Wednesday,Day,40,2015/05/27,12:55:00,No,3.0,2.0,-38.10997111,144.3528344,GREATER GEELONG
T20150011483,Dry,Clear,Vehicle overturned (no collision),Saturday,Day,100,2015/05/30,10:00:00,No,1.0,1.0,-38.3306882,145.7142609,SOUTH GIPPSLAND
T20150011487,Dry,Clear,Collision with vehicle,Wednesday,Day,40,2015/01/21,14:30:00,No,2.0,1.0,-38.16180023,145.9325502,BAW BAW
T20150011496,Dry,Clear,Collision with vehicle,Saturday,Day,60,2015/05/30,14:00:00,Yes,3.0,1.0,-37.56561748,143.8866582,BALLARAT
T20150011505,Wet,Raining,Collision with a fixed object,Saturday,Day,100,2015/05/30,14:50:00,Yes,14.0,2.0,-37.72061024,143.7994739,GOLDEN PLAINS
T20150011507,Dry,Clear,Collision with a fixed object,Saturday,Day,999,2015/05/30,14:00:00,Yes,2.0,1.0,-37.66606201,147.4149446,EAST GIPPSLAND
T20150011524,Wet,Clear,Struck Pedestrian,Saturday,Dark Street lights on,60,2015/05/30,17:51:00,Yes,3.0,1.0,-37.56776046,143.837554,BALLARAT
T20150011527,Dry,Clear,Collision with vehicle,Saturday,Dark Street lights on,70,2015/05/30,17:45:00,Yes,2.0,1.0,-36.14916995,144.7305606,CAMPASPE
T20150011529,Dry,Clear,Collision with vehicle,Saturday,Dusk/Dawn,100,2015/05/30,16:45:00,Yes,2.0,2.0,-38.6852561,146.0560077,SOUTH GIPPSLAND
T20150011534,Wet,Clear,Collision with vehicle,Sunday,Dark Street lights on,50,2015/05/31,01:13:00,Yes,4.0,1.0,-37.56382877,143.8544038,BALLARAT
T20150011536,Wet,Raining,Collision with a fixed object,Saturday,Dark Street lights on,60,2015/05/30,22:10:00,Yes,4.0,3.0,-38.07825473,144.3584258,GREATER GEELONG
T20150011568,Dry,Clear,Collision with vehicle,Sunday,Day,60,2015/05/31,12:45:00,No,4.0,1.0,-38.18666391,146.2828783,LATROBE
T20150011573,Unknown,Clear,Collision with vehicle,Saturday,Dusk/Dawn,999,2015/05/30,16:00:00,Yes,2.0,1.0,-37.36791906,144.6019506,MACEDON RANGES
T20150011581,Wet,Raining,Collision with a fixed object,Sunday,Dusk/Dawn,100,2015/05/31,16:15:00,No,5.0,1.0,-37.98130958,141.3953305,GLENELG
T20150011599,Dry,Clear,Collision with vehicle,Sunday,Day,60,2015/05/17,11:30:00,No,3.0,1.0,-38.14142295,144.3578616,GREATER GEELONG
T20150011609,Wet,Raining,Collision with a fixed object,Thursday,Day,100,2015/05/07,15:10:00,No,1.0,1.0,-38.63878496,146.2299463,SOUTH GIPPSLAND
T20150011613,Wet,Raining,Collision with vehicle,Monday,Dark No street lights,80,2015/06/01,06:45:00,No,2.0,1.0,-37.62373053,143.8351679,BALLARAT
T20150011617,Dry,Clear,Collision with vehicle,Sunday,Day,60,2015/03/01,14:30:00,No,3.0,1.0,-38.36728281,142.4884161,WARRNAMBOOL
T20150011619,Wet,Clear,Collision with vehicle,Monday,Day,80,2015/06/01,09:30:00,No,2.0,1.0,-38.24347047,144.5384237,GREATER GEELONG
T20150011622,Unknown,Not known,No collision and no object struck,Friday,Dusk/Dawn,60,2015/05/15,07:50:00,No,1.0,1.0,-36.6658297,144.2723307,GREATER BENDIGO
T20150011635,Wet,Clear,Vehicle overturned (no collision),Saturday,Day,999,2015/04/25,11:00:00,No,1.0,1.0,-37.85608879,146.5035466,WELLINGTON
T20150011643,Wet,Not known,Collision with a fixed object,Monday,Day,999,2015/05/18,15:30:00,No,1.0,1.0,-38.02236741,146.4774219,BAW BAW
T20150011654,Dry,Clear,Collision with vehicle,Saturday,Dusk/Dawn,100,2015/05/30,17:20:00,Yes,3.0,1.0,-38.29702071,146.4172969,LATROBE
T20150011659,Dry,Clear,Collision with vehicle,Monday,Day,50,2015/05/25,15:50:00,No,2.0,1.0,-37.55689615,143.8128539,BALLARAT
T20150011662,Dry,Clear,Vehicle overturned (no collision),Saturday,Day,100,2015/05/30,08:00:00,No,2.0,1.0,-36.69545062,146.0958846,BENALLA
T20150011665,Dry,Clear,Collision with vehicle,Monday,Dusk/Dawn,60,2015/06/01,17:15:00,No,2.0,1.0,-36.39552035,145.3531001,GREATER SHEPPARTON
T20150011668,Unknown,Not known,Collision with a fixed object,Wednesday,Day,50,2015/04/01,08:30:00,No,2.0,1.0,-38.07039993,144.3678618,GREATER GEELONG
T20150011671,Dry,Clear,Collision with a fixed object,Monday,Dark No street lights,100,2015/06/01,18:00:00,Yes,1.0,1.0,-37.90067923,144.0853813,GOLDEN PLAINS
T20150011676,Dry,Clear,Collision with a fixed object,Wednesday,Dusk/Dawn,100,2015/02/18,07:15:00,No,1.0,1.0,-37.14213413,144.0412233,MOUNT ALEXANDER
T20150011680,Wet,Clear,Collision with vehicle,Monday,Dark Street lights on,60,2015/06/01,18:00:00,Yes,2.0,1.0,-38.15326473,145.9412324,BAW BAW
T20150011716,Dry,Clear,Collision with vehicle,Tuesday,Dusk/Dawn,999,2015/05/19,16:00:00,No,2.0,1.0,-38.17689978,144.4018481,GREATER GEELONG
T20150011736,Dry,Clear,Collision with a fixed object,Wednesday,Dark No street lights,100,2015/04/29,18:30:00,Yes,1.0,1.0,-37.29626714,144.499582,MACEDON RANGES
T20150011738,Dry,Clear,No collision and no object struck,Tuesday,Day,60,2015/06/02,15:50:00,No,1.0,1.0,-37.57265972,143.8366475,BALLARAT
T20150011745,Dry,Not known,No collision and no object struck,Saturday,Day,999,2015/05/30,15:00:00,No,1.0,1.0,-37.72887391,146.6319069,WELLINGTON
T20150011757,Unknown,Not known,No collision and no object struck,Tuesday,Dusk/Dawn,80,2015/05/12,17:30:00,No,1.0,1.0,-37.35061001,144.7314576,MACEDON RANGES
T20150011759,Dry,Clear,Collision with a fixed object,Tuesday,Dark No street lights,100,2015/06/02,23:00:00,Yes,2.0,2.0,-38.33257362,142.3584234,MOYNE
T20150011765,Dry,Clear,Struck animal,Wednesday,Dark No street lights,100,2015/06/03,03:10:00,Yes,1.0,1.0,-37.52786005,145.7236,MURRINDINDI
T20150011769,Wet,Raining,Collision with a fixed object,Wednesday,Dark No street lights,100,2015/06/03,06:05:00,No,1.0,1.0,-38.17166103,144.4345798,GREATER GEELONG
T20150011773,Dry,Clear,No collision and no object struck,Saturday,Day,999,2015/05/23,15:00:00,Yes,1.0,1.0,-38.02107606,146.2656932,BAW BAW
T20150011776,Wet,Clear,Struck Pedestrian,Saturday,Dark Street lights on,50,2015/05/16,23:30:00,Yes,2.0,2.0,-38.14954849,144.3606007,GREATER GEELONG
T20150011779,Unknown,Not known,Collision with vehicle,Tuesday,Day,999,2015/05/12,12:00:00,No,2.0,1.0,-36.36174325,143.5344502,LODDON
T20150011782,Dry,Clear,Struck Pedestrian,Wednesday,Dusk/Dawn,60,2015/06/03,08:00:00,No,4.0,1.0,-36.35403,145.3705061,GREATER SHEPPARTON
T20150011793,Dry,Clear,Collision with vehicle,Wednesday,Day,60,2015/06/03,12:40:00,No,3.0,2.0,-38.17880207,146.2524376,LATROBE
T20150011794,Dry,Clear,Collision with vehicle,Wednesday,Day,999,2015/06/03,13:30:00,No,3.0,1.0,-38.08291995,144.3581989,GREATER GEELONG
T20150011795,Muddy,Not known,No collision and no object struck,Tuesday,Day,999,2014/11/04,13:00:00,No,1.0,1.0,-37.33694036,145.6121713,MURRINDINDI
T20150011809,Dry,Clear,Collision with vehicle,Wednesday,Dusk/Dawn,60,2015/06/03,17:00:00,No,3.0,1.0,-36.74697281,144.2533049,GREATER BENDIGO
T20150011813,Dry,Clear,Collision with vehicle,Wednesday,Dark Street lights on,60,2015/06/03,18:20:00,Yes,4.0,1.0,-36.7486041,144.2852048,GREATER BENDIGO
T20150011814,Unknown,Not known,No collision and no object struck,Saturday,Day,999,2015/04/25,11:00:00,No,1.0,1.0,-37.32581346,144.3175088,HEPBURN
T20150011815,Dry,Clear,Collision with vehicle,Wednesday,Day,60,2015/06/03,15:30:00,No,8.0,2.0,-37.94169658,146.980568,WELLINGTON
T20150011830,Dry,Not known,Collision with a fixed object,Wednesday,Dark No street lights,100,2015/06/03,05:10:00,Yes,1.0,1.0,-36.38778059,146.4321698,WANGARATTA
T20150011839,Dry,Clear,Collision with vehicle,Friday,Day,60,2015/04/03,16:00:00,Yes,2.0,1.0,-38.19810428,146.5380816,LATROBE
T20150011847,Dry,Clear,Collision with a fixed object,Wednesday,Day,100,2015/06/03,13:30:00,No,1.0,1.0,-36.8977395,142.0440678,HORSHAM
T20150011849,Dry,Clear,Collision with vehicle,Tuesday,Dark Street lights on,60,2015/06/02,18:30:00,Yes,2.0,1.0,-38.0227493,144.4120301,GREATER GEELONG
T20150011853,Dry,Clear,Collision with vehicle,Monday,Dark Street lights on,999,2015/05/04,23:00:00,Yes,2.0,1.0,-38.16136747,145.9395422,BAW BAW
T20150011854,Dry,Clear,Vehicle overturned (no collision),Sunday,Day,100,2015/05/24,12:30:00,No,1.0,1.0,-36.26946456,146.6532682,INDIGO
T20150011858,Dry,Clear,Collision with vehicle,Monday,Dark Street lights on,80,2015/06/01,17:16:00,No,2.0,1.0,-38.10034284,144.3547441,GREATER GEELONG
T20150011861,Dry,Clear,Collision with vehicle,Thursday,Dusk/Dawn,50,2015/06/04,07:40:00,No,2.0,1.0,-37.80338014,147.7293302,EAST GIPPSLAND
T20150011865,Muddy,Not known,No collision and no object struck,Sunday,Day,999,2015/05/17,13:30:00,No,1.0,1.0,-38.01288193,146.0042228,BAW BAW
T20150011868,Dry,Clear,Collision with vehicle,Thursday,Day,100,2015/06/04,12:15:00,No,3.0,1.0,-37.42819889,144.7183164,MACEDON RANGES
T20150011875,Dry,Clear,Collision with a fixed object,Thursday,Dusk/Dawn,50,2015/06/04,08:50:00,No,1.0,1.0,-36.36269825,146.3244464,WANGARATTA
T20150011889,Wet,Raining,Collision with vehicle,Thursday,Day,60,2015/06/04,14:20:00,No,4.0,1.0,-36.74356635,144.274233,GREATER BENDIGO
T20150011891,Dry,Clear,Struck Pedestrian,Thursday,Dusk/Dawn,50,2015/06/04,08:30:00,No,3.0,1.0,-37.82448897,147.6459202,EAST GIPPSLAND
T20150011892,Dry,Clear,Collision with a fixed object,Thursday,Day,100,2015/06/04,13:00:00,No,1.0,1.0,-38.44963094,145.9570978,SOUTH GIPPSLAND
T20150011895,Wet,Raining,Collision with a fixed object,Thursday,Day,100,2015/06/04,14:20:00,No,1.0,1.0,-36.86448922,144.8102096,GREATER BENDIGO
T20150011897,Dry,Clear,Struck Pedestrian,Wednesday,Day,50,2015/06/03,12:30:00,No,1.0,1.0,-36.76166544,144.2769888,GREATER BENDIGO
T20150011902,Wet,Raining,Collision with vehicle,Thursday,Dark Street lights on,100,2015/06/04,17:05:00,No,3.0,1.0,-38.50012885,145.4614686,BASS COAST
T20150011915,Wet,Raining,Collision with vehicle,Thursday,Day,50,2015/06/04,15:00:00,No,6.0,1.0,-36.76237131,144.2814828,GREATER BENDIGO
T20150011920,Wet,Clear,Struck Pedestrian,Thursday,Day,50,2015/06/04,11:20:00,No,2.0,1.0,-37.74136612,142.0231966,SOUTHERN GRAMPIANS
T20150011923,Wet,Raining,Collision with vehicle,Thursday,Dark Street lights on,50,2015/06/04,18:15:00,Yes,3.0,1.0,-38.52885472,145.3410959,BASS COAST
T20150011929,Wet,Raining,Collision with a fixed object,Thursday,Dark Street lights on,50,2015/06/04,21:45:00,Yes,3.0,2.0,-38.22476405,146.4223004,LATROBE
T20150011930,Wet,Raining,Collision with vehicle,Thursday,Dark Street lights on,60,2015/06/04,18:05:00,Yes,3.0,1.0,-36.11919686,146.8495699,WODONGA
T20150011933,Wet,Clear,Collision with vehicle,Thursday,Dark Street lights on,60,2015/06/04,22:40:00,Yes,4.0,1.0,-36.76347183,144.2705802,GREATER BENDIGO
T20150011935,Dry,Not known,Collision with a fixed object,Monday,Dusk/Dawn,60,2015/05/18,18:25:00,Yes,1.0,1.0,-36.48627103,144.6334472,CAMPASPE
T20150011939,Dry,Clear,Collision with a fixed object,Wednesday,Dark No street lights,100,2015/06/03,23:00:00,Yes,2.0,1.0,-38.22837276,146.5185842,LATROBE
T20150011948,Dry,Clear,Collision with vehicle,Friday,Day,50,2015/04/10,13:20:00,No,2.0,1.0,-36.13049314,144.750194,CAMPASPE
T20150011952,Unknown,Not known,Collision with vehicle,Friday,Dusk/Dawn,70,2015/05/01,08:00:00,No,3.0,1.0,-38.1834098,144.3447483,GREATER GEELONG
T20150011967,Dry,Clear,Collision with vehicle,Friday,Day,80,2015/06/05,13:30:00,No,4.0,3.0,-36.44080516,145.3888463,GREATER SHEPPARTON
T20150011971,Dry,Clear,Collision with vehicle,Monday,Dusk/Dawn,60,2015/06/01,17:00:00,No,3.0,1.0,-36.40893846,145.3933059,GREATER SHEPPARTON
T20150011972,Dry,Clear,Collision with vehicle,Monday,Day,60,2015/05/25,15:20:00,No,2.0,1.0,-38.17616056,144.3695269,GREATER GEELONG
T20150011974,Wet,Raining,Collision with a fixed object,Friday,Day,100,2015/06/05,13:15:00,No,1.0,1.0,-37.41490418,143.9342804,HEPBURN
T20150012008,Dry,Clear,Collision with vehicle,Friday,Day,50,2015/06/05,16:55:00,No,2.0,1.0,-36.77108237,144.2683323,GREATER BENDIGO
T20150012011,Dry,Clear,Struck Pedestrian,Friday,Dark No street lights,60,2015/06/05,17:52:00,Yes,2.0,1.0,-37.26006962,144.4512562,MACEDON RANGES
T20150012016,Dry,Clear,Collision with vehicle,Wednesday,Dark Street lights on,60,2015/06/03,06:00:00,Yes,2.0,1.0,-36.54897388,145.9955198,BENALLA
T20150012025,Dry,Clear,Collision with a fixed object,Saturday,Dark No street lights,100,2015/06/06,03:00:00,Yes,1.0,1.0,-37.23698665,144.9956663,MITCHELL
T20150012036,Wet,Fog,Collision with vehicle,Saturday,Dusk/Dawn,100,2015/06/06,07:20:00,Yes,4.0,3.0,-36.54245001,145.2228264,GREATER SHEPPARTON
T20150012038,Dry,Clear,Struck Pedestrian,Saturday,Day,50,2015/06/06,09:15:00,No,3.0,1.0,-36.12419781,144.7495294,CAMPASPE
T20150012040,Dry,Clear,Collision with vehicle,Saturday,Day,60,2015/06/06,10:20:00,No,3.0,1.0,-36.25324266,142.3979319,YARRIAMBIACK
T20150012041,Dry,Clear,Collision with a fixed object,Saturday,Day,50,2015/06/06,09:45:00,No,1.0,1.0,-37.65949808,144.4378086,MOORABOOL
T20150012050,Muddy,Clear,collision with some other object,Saturday,Day,999,2015/06/06,12:50:00,No,1.0,1.0,-38.38894,144.18726,SURF COAST
T20150012058,Dry,Clear,Collision with vehicle,Saturday,Day,60,2015/06/06,14:20:00,Yes,5.0,1.0,-37.54665627,143.8208005,BALLARAT
T20150012062,Dry,Clear,Collision with vehicle,Saturday,Day,100,2015/06/06,11:30:00,No,4.0,2.0,-37.84759524,147.5663187,EAST GIPPSLAND