Accident_No,Surface_Cond_Desc,Atmosph_Cond_Desc,Accident_Type_Desc,Day,Light_Condition_Desc,Speed_Zone,Accident_Date,Accident_Time,Alcohol_Influence,Total_Persons_Inv,Inj_Or_Fatal,Lat,Long,LGA
T20150012085,Dry,Clear,Collision with a fixed object,Saturday,Dark No street lights,60,2015/06/06,20:00:00,Yes,1.0,1.0,-37.97245883,147.0770545,WELLINGTON
T20150012088,Unknown,Not known,Collision with a fixed object,Saturday,Day,100,2015/05/02,12:45:00,No,1.0,1.0,-38.3876598,144.0270827,SURF COAST
T20150012094,Dry,Clear,Collision with a fixed object,Saturday,Day,999,2015/03/21,15:00:00,No,1.0,1.0,-37.53125294,146.2200147,MANSFIELD
T20150012095,Dry,Clear,Collision with a fixed object,Sunday,Dusk/Dawn,110,2015/06/07,07:30:00,Yes,2.0,2.0,-37.1126,145.09167,MITCHELL
T20150012096,Wet,Raining,Collision with a fixed object,Thursday,Dark No street lights,999,2015/06/04,20:00:00,Yes,3.0,1.0,-38.40280885,145.6723592,BASS COAST
T20150012099,Dry,Clear,Collision with vehicle,Sunday,Day,60,2015/06/07,09:30:00,Yes,3.0,1.0,-38.38366962,142.4958673,WARRNAMBOOL
T20150012100,Dry,Clear,Collision with a fixed object,Sunday,Dark Street lights on,80,2015/06/07,05:45:00,Yes,3.0,2.0,-37.52427227,143.809056,BALLARAT
T20150012117,Dry,Clear,No collision and no object struck,Sunday,Day,50,2015/06/07,12:15:00,No,1.0,1.0,-37.59817919,141.6901101,SOUTHERN GRAMPIANS
T20150012123,Dry,Clear,Collision with vehicle,Sunday,Dusk/Dawn,100,2015/06/07,08:45:00,Yes,2.0,1.0,-36.96665009,142.17005,HORSHAM
T20150012131,Dry,Clear,Collision with a fixed object,Sunday,Day,100,2015/06/07,15:13:00,No,2.0,2.0,-36.79431231,142.0083096,HORSHAM
T20150012134,Dry,Clear,Collision with a fixed object,Sunday,Dark No street lights,100,2015/06/07,20:50:00,Yes,1.0,1.0,-38.24353013,142.6562808,MOYNE
T20150012135,Dry,Clear,Vehicle overturned (no collision),Sunday,Dusk/Dawn,999,2015/06/07,16:50:00,Yes,5.0,5.0,-37.81712963,147.3787172,EAST GIPPSLAND
T20150012150,Dry,Clear,Collision with vehicle,Monday,Day,60,2015/06/08,09:54:00,Yes,2.0,2.0,-36.76142368,144.2833852,GREATER BENDIGO
T20150012152,Dry,Clear,Struck animal,Monday,Dark No street lights,999,2015/05/18,18:20:00,Yes,2.0,2.0,-37.61517889,143.6110494,PYRENEES
T20150012159,Dry,Clear,Collision with a fixed object,Sunday,Dark No street lights,100,2015/06/07,22:00:00,Yes,1.0,1.0,-37.74168965,148.1568905,EAST GIPPSLAND
T20150012161,Dry,Clear,Collision with vehicle,Monday,Day,999,2015/06/08,13:15:00,No,3.0,1.0,-38.40767029,146.6612701,WELLINGTON
T20150012162,Dry,Clear,Struck animal,Friday,Dark No street lights,110,2015/06/05,06:30:00,No,1.0,1.0,-38.1922171,146.2123485,BAW BAW
T20150012163,Dry,Clear,Collision with a fixed object,Monday,Day,110,2015/06/08,13:00:00,No,1.0,1.0,-36.75253393,145.1788203,STRATHBOGIE
T20150012165,Wet,Raining,Collision with a fixed object,Saturday,Dusk/Dawn,100,2015/05/09,17:00:00,Yes,1.0,1.0,-38.19387405,142.8858593,CORANGAMITE
T20150012175,Wet,Raining,Collision with vehicle,Monday,Dark No street lights,100,2015/06/08,18:00:00,Yes,4.0,3.0,-38.32461625,143.3228286,CORANGAMITE
T20150012181,Dry,Clear,collision with some other object,Monday,Dark No street lights,100,2015/06/08,21:03:00,Yes,2.0,2.0,-38.07690003,145.91904,BAW BAW
T20150012183,Dry,Clear,Collision with a fixed object,Monday,Dark No street lights,80,2015/06/08,21:15:00,Yes,1.0,1.0,-37.99901719,144.4437995,GREATER GEELONG
T20150012197,Wet,Raining,Vehicle overturned (no collision),Sunday,Day,100,2015/05/31,11:30:00,No,2.0,1.0,-37.43753132,145.30985,MURRINDINDI
T20150012199,Dry,Clear,Collision with vehicle,Tuesday,Day,50,2015/06/09,09:00:00,No,3.0,1.0,-38.20615724,144.3381205,GREATER GEELONG
T20150012202,Wet,Clear,Collision with a fixed object,Saturday,Dusk/Dawn,999,2015/06/06,16:30:00,Yes,2.0,1.0,-36.66036112,145.1313091,CAMPASPE
T20150012203,Wet,Raining,Collision with vehicle,Tuesday,Dark No street lights,80,2015/06/09,06:45:00,No,2.0,2.0,-36.12954949,144.7267265,CAMPASPE
T20150012209,Dry,Clear,Collision with vehicle,Tuesday,Dusk/Dawn,100,2015/06/09,08:15:00,No,5.0,1.0,-38.01456469,143.5712105,CORANGAMITE
T20150012214,Dry,Clear,Vehicle overturned (no collision),Saturday,Day,999,2015/06/06,11:00:00,No,1.0,1.0,-35.89138596,145.1317854,MOIRA
T20150012215,Unknown,Clear,No collision and no object struck,Saturday,Day,999,2015/05/30,11:30:00,No,1.0,1.0,-37.43134939,143.9108697,HEPBURN
T20150012216,Dry,Clear,Collision with vehicle,Wednesday,Day,50,2015/06/03,10:40:00,No,2.0,1.0,-38.1510268,144.3576615,GREATER GEELONG
T20150012217,Dry,Clear,Collision with vehicle,Tuesday,Day,50,2015/06/09,11:15:00,No,5.0,1.0,-38.10872008,147.0656374,WELLINGTON
T20150012220,Dry,Clear,No collision and no object struck,Saturday,Dusk/Dawn,50,2015/05/16,17:00:00,Yes,1.0,1.0,-37.44124124,145.4993211,MURRINDINDI
T20150012225,Dry,Clear,Collision with a fixed object,Sunday,Day,100,2015/06/07,15:30:00,No,1.0,1.0,-35.3632819,141.2060375,MILDURA
T20150012226,Wet,Clear,Collision with vehicle,Tuesday,Day,80,2015/06/09,13:30:00,No,2.0,1.0,-34.2186808,142.17142,MILDURA
T20150012228,Dry,Clear,Collision with vehicle,Tuesday,Day,60,2015/06/09,13:50:00,No,3.0,2.0,-38.17976977,144.377816,GREATER GEELONG
T20150012258,Wet,Not known,Collision with a fixed object,Tuesday,Dusk/Dawn,60,2015/06/09,16:45:00,No,3.0,1.0,-37.58109657,143.8460704,BALLARAT
T20150012269,Unknown,Not known,Collision with vehicle,Friday,Day,60,2015/05/15,10:00:00,No,2.0,1.0,-34.20229518,142.1518498,MILDURA
T20150012271,Dry,Clear,Collision with vehicle,Wednesday,Dusk/Dawn,100,2015/06/10,08:20:00,No,2.0,2.0,-35.99616153,145.9331385,MOIRA
T20150012276,Dry,Clear,Collision with vehicle,Wednesday,Day,40,2015/06/10,09:15:00,No,2.0,1.0,-38.35959024,142.4604023,WARRNAMBOOL
T20150012287,Wet,Raining,Collision with a fixed object,Wednesday,Day,100,2015/06/10,10:00:00,No,1.0,1.0,-37.47163942,144.2959702,MOORABOOL
T20150012293,Dry,Clear,Collision with a fixed object,Thursday,Day,100,2015/04/30,11:55:00,No,1.0,1.0,-38.56281608,145.9536315,SOUTH GIPPSLAND
T20150012302,Dry,Clear,Struck Pedestrian,Wednesday,Day,60,2015/06/10,15:00:00,No,1.0,1.0,-38.32228225,144.3185012,SURF COAST
T20150012303,Dry,Clear,No collision and no object struck,Monday,Day,50,2015/06/08,14:30:00,No,1.0,1.0,-37.65953945,144.4114413,MOORABOOL
T20150012306,Dry,Clear,Collision with vehicle,Wednesday,Day,50,2015/06/10,15:50:00,No,5.0,4.0,-36.39302448,145.3574879,GREATER SHEPPARTON
T20150012307,Dry,Clear,collision with some other object,Monday,Day,999,2015/06/08,13:00:00,No,1.0,1.0,-37.38316126,145.8076278,MURRINDINDI
T20150012321,Muddy,Clear,collision with some other object,Wednesday,Day,999,2015/06/10,09:00:00,No,1.0,1.0,-38.01728137,146.0221342,BAW BAW
T20150012324,Dry,Not known,Vehicle overturned (no collision),Wednesday,Dark No street lights,60,2015/06/10,21:25:00,Yes,1.0,1.0,-37.51941124,143.8199793,BALLARAT
T20150012341,Unknown,Not known,Collision with vehicle,Sunday,Unknown,999,2015/05/03,14:30:00,No,2.0,1.0,-37.37474569,144.3251202,HEPBURN
T20150012349,Dry,Clear,collision with some other object,Sunday,Day,999,2015/05/31,10:00:00,Yes,1.0,1.0,-37.3367394,143.2537116,PYRENEES
T20150012351,Dry,Clear,Collision with vehicle,Thursday,Day,50,2015/06/11,11:25:00,No,4.0,2.0,-37.28238866,142.9310257,ARARAT
T20150012359,Dry,Clear,Collision with vehicle,Thursday,Day,80,2015/06/11,12:25:00,No,2.0,1.0,-38.22943966,144.3358771,GREATER GEELONG
T20150012363,Dry,Not known,No collision and no object struck,Saturday,Day,999,2015/06/06,11:00:00,No,1.0,1.0,-37.17037777,145.186611,MITCHELL
T20150012365,Dry,Clear,No collision and no object struck,Thursday,Dark No street lights,100,2015/06/11,07:10:00,No,1.0,1.0,-38.62173868,146.239298,SOUTH GIPPSLAND
T20150012371,Dry,Clear,Collision with vehicle,Thursday,Day,60,2015/06/11,15:15:00,No,3.0,1.0,-37.55189314,143.8098979,BALLARAT
T20150012372,Dry,Clear,Collision with vehicle,Monday,Day,60,2015/05/04,12:00:00,No,2.0,1.0,-34.18237468,142.1558648,MILDURA
T20150012390,Dry,Clear,Collision with vehicle,Thursday,Dark Street lights on,60,2015/06/11,17:45:00,No,2.0,1.0,-36.7422536,144.2965735,GREATER BENDIGO
T20150012400,Dry,Clear,No collision and no object struck,Monday,Dark Street lights unknown,50,2015/04/27,20:30:00,Yes,1.0,1.0,-36.72662629,144.2664983,GREATER BENDIGO
T20150012415,Dry,Clear,Vehicle overturned (no collision),Sunday,Day,100,2015/03/29,15:00:00,No,1.0,1.0,-37.50890001,145.8765731,LAKE MOUNTAIN ALPINE RESORT (UNINC)
T20150012425,Dry,Not known,No collision and no object struck,Sunday,Day,999,2015/06/07,11:00:00,No,1.0,1.0,-37.80792144,143.7254498,GOLDEN PLAINS
T20150012436,Dry,Clear,Collision with vehicle,Friday,Day,60,2015/06/12,11:10:00,No,5.0,1.0,-36.72304957,142.2049392,HORSHAM
T20150012443,Wet,Clear,Collision with vehicle,Monday,Dark Street lights on,60,2015/05/25,21:41:00,Yes,3.0,1.0,-38.22112589,146.4190667,LATROBE
T20150012444,Dry,Clear,Collision with vehicle,Friday,Dusk/Dawn,60,2015/06/12,06:55:00,No,2.0,1.0,-36.36335998,145.4020355,GREATER SHEPPARTON
T20150012446,Muddy,Clear,No collision and no object struck,Sunday,Day,999,2015/06/07,13:30:00,No,1.0,1.0,-37.47367083,147.2181262,WELLINGTON
T20150012451,Dry,Clear,Collision with vehicle,Friday,Day,60,2015/06/12,10:40:00,No,3.0,1.0,-36.77378871,144.3048173,GREATER BENDIGO
T20150012461,Dry,Clear,Collision with vehicle,Friday,Day,100,2015/06/12,13:54:00,No,5.0,2.0,-34.21163358,142.1006945,MILDURA
T20150012465,Dry,Clear,Vehicle overturned (no collision),Friday,Day,100,2015/06/12,10:15:00,No,3.0,3.0,-36.62305257,143.3133879,NORTHERN GRAMPIANS
T20150012466,Dry,Clear,Struck Pedestrian,Friday,Day,50,2015/06/12,09:00:00,No,2.0,1.0,-37.82566943,147.6264275,EAST GIPPSLAND
T20150012469,Dry,Clear,No collision and no object struck,Saturday,Day,999,2015/06/06,11:10:00,No,1.0,1.0,-37.2172298,142.1535968,SOUTHERN GRAMPIANS
T20150012484,Dry,Clear,Struck Pedestrian,Friday,Dark Street lights on,50,2015/06/12,19:15:00,Yes,2.0,1.0,-38.37911084,142.4839419,WARRNAMBOOL
T20150012486,Dry,Clear,Collision with vehicle,Friday,Dusk/Dawn,100,2015/06/12,16:00:00,Yes,2.0,1.0,-38.01654111,141.4739091,GLENELG
T20150012490,Dry,Clear,Vehicle overturned (no collision),Sunday,Dark No street lights,80,2015/04/05,22:50:00,No,1.0,1.0,-37.35274992,144.1831866,HEPBURN
T20150012491,Dry,Clear,Struck animal,Tuesday,Dark No street lights,100,2015/05/19,23:15:00,Yes,1.0,1.0,-37.34681101,144.9997689,MITCHELL
T20150012492,Dry,Clear,Collision with vehicle,Friday,Dark Street lights on,70,2015/06/12,19:20:00,Yes,2.0,1.0,-38.17047963,144.3914615,GREATER GEELONG
T20150012501,Dry,Clear,Struck animal,Wednesday,Day,50,2015/06/10,13:00:00,No,1.0,1.0,-37.35723014,142.1870683,SOUTHERN GRAMPIANS
T20150012503,Dry,Clear,Collision with vehicle,Friday,Dusk/Dawn,100,2015/06/12,16:20:00,Yes,3.0,2.0,-37.47398722,144.6195919,MACEDON RANGES
T20150012512,Dry,Clear,No collision and no object struck,Saturday,Day,999,2015/02/21,10:00:00,No,1.0,1.0,-37.96257102,146.4110771,BAW BAW
T20150012513,Dry,Fog,Collision with a fixed object,Friday,Dark Street lights on,60,2015/06/12,22:50:00,Yes,2.0,1.0,-37.9714431,146.9838614,WELLINGTON
T20150012514,Dry,Clear,Collision with vehicle,Friday,Dark No street lights,100,2015/06/12,23:45:00,Yes,4.0,2.0,-34.26900919,142.183663,MILDURA
T20150012516,Dry,Clear,Collision with vehicle,Saturday,Dark No street lights,110,2015/06/13,00:25:00,Yes,2.0,2.0,-35.31050491,142.7544703,BULOKE
T20150012517,Dry,Fog,Collision with vehicle,Saturday,Dark Street lights on,60,2015/06/13,06:00:00,Yes,2.0,1.0,-38.14676003,144.3471254,GREATER GEELONG
T20150012526,Dry,Clear,Struck Pedestrian,Saturday,Day,50,2015/06/13,11:20:00,No,2.0,1.0,-38.33846893,143.5774303,COLAC OTWAY
T20150012528,Dry,Clear,Collision with a fixed object,Saturday,Day,80,2015/06/13,10:15:00,No,1.0,1.0,-36.74992988,146.9806306,ALPINE
T20150012543,Dry,Not known,Collision with vehicle,Friday,Dusk/Dawn,50,2015/05/15,16:10:00,Yes,2.0,1.0,-36.74999877,144.2832314,GREATER BENDIGO
T20150012545,Dry,Not known,Struck Pedestrian,Saturday,Day,60,2015/06/13,15:30:00,No,2.0,1.0,-38.16458615,144.34726,GREATER GEELONG
T20150012546,Dry,Clear,Collision with a fixed object,Saturday,Day,100,2015/06/13,15:26:00,Yes,1.0,1.0,-36.16673011,144.7307017,CAMPASPE
T20150012549,Dry,Dust,No collision and no object struck,Sunday,Day,999,2015/05/24,10:00:00,Yes,1.0,1.0,-35.87141687,144.348949,GANNAWARRA
T20150012550,Dry,Clear,Vehicle overturned (no collision),Saturday,Dark No street lights,50,2015/06/13,17:10:00,Yes,1.0,1.0,-36.55153017,146.7239703,ALPINE
T20150012558,Dry,Clear,No collision and no object struck,Thursday,Day,999,2015/06/11,12:50:00,No,1.0,1.0,-36.29055005,142.9900607,BULOKE
T20150012564,Dry,Clear,Struck Pedestrian,Saturday,Dark Street lights on,50,2015/06/13,21:15:00,Yes,2.0,1.0,-36.36030997,145.3994872,GREATER SHEPPARTON
T20150012566,Dry,Clear,Collision with vehicle,Saturday,Dark No street lights,50,2015/06/13,21:33:00,Yes,1.0,1.0,-35.35592712,143.5539305,SWAN HILL
T20150012567,Dry,Clear,Collision with vehicle,Saturday,Dusk/Dawn,50,2015/06/13,17:50:00,Yes,2.0,2.0,-36.75855483,144.2981548,GREATER BENDIGO
T20150012581,Wet,Clear,Collision with a fixed object,Friday,Day,80,2015/06/12,07:40:00,No,1.0,1.0,-38.05128718,144.385038,GREATER GEELONG
T20150012585,Dry,Clear,Collision with vehicle,Tuesday,Dusk/Dawn,40,2015/06/09,08:50:00,No,5.0,1.0,-35.33323049,143.5522841,SWAN HILL
T20150012598,Icy,Fog,Collision with vehicle,Sunday,Day,100,2015/06/14,11:35:00,No,2.0,1.0,-37.29541231,145.3757989,MURRINDINDI
T20150012608,Dry,Clear,Collision with vehicle,Sunday,Day,100,2015/06/14,14:10:00,No,2.0,1.0,-36.81494942,144.10674,GREATER BENDIGO
T20150012613,Dry,Clear,Vehicle overturned (no collision),Sunday,Day,100,2015/06/14,15:15:00,No,1.0,1.0,-37.51321609,142.9378659,ARARAT
T20150012620,Dry,Clear,Collision with vehicle,Sunday,Day,60,2015/06/14,16:05:00,No,3.0,1.0,-36.76790435,144.2936974,GREATER BENDIGO
T20150012621,Dry,Not known,Collision with a fixed object,Sunday,Dusk/Dawn,999,2015/06/14,16:50:00,No,1.0,1.0,-36.65676,144.2709512,GREATER BENDIGO
T20150012624,Unknown,Clear,Struck animal,Thursday,Dark No street lights,100,2015/06/11,18:00:00,Yes,1.0,1.0,-38.14996015,146.4618992,LATROBE
T20150012634,Dry,Clear,Collision with vehicle,Sunday,Dark Street lights on,40,2015/06/14,18:40:00,Yes,2.0,1.0,-38.20028919,144.3211021,GREATER GEELONG
T20150012635,Dry,Clear,Collision with a fixed object,Sunday,Dark No street lights,100,2015/06/14,21:05:00,Yes,1.0,1.0,-36.45143006,141.1971906,WEST WIMMERA
T20150012644,Dry,Clear,Collision with a fixed object,Sunday,Dark Street lights on,50,2015/06/14,03:30:00,No,2.0,1.0,-38.14696305,144.3675795,GREATER GEELONG
T20150012663,Dry,Clear,Collision with vehicle,Monday,Dusk/Dawn,100,2015/06/15,07:10:00,No,3.0,1.0,-38.13393976,144.3075399,GREATER GEELONG
T20150012673,Dry,Clear,No collision and no object struck,Monday,Day,999,2015/06/08,13:30:00,No,1.0,1.0,-37.59436543,147.1876253,WELLINGTON
T20150012674,Unknown,Not known,Collision with vehicle,Monday,Unknown,80,2015/06/15,09:47:00,No,2.0,1.0,-38.40752048,145.5302338,BASS COAST
T20150012679,Wet,Not known,Vehicle overturned (no collision),Saturday,Day,60,2015/06/06,11:00:00,No,1.0,1.0,-37.32199911,145.1232103,MITCHELL
T20150012681,Dry,Clear,Vehicle overturned (no collision),Sunday,Day,100,2015/05/17,12:00:00,No,1.0,1.0,-37.57470247,144.3169758,MOORABOOL
T20150012682,Unknown,Clear,Collision with a fixed object,Friday,Dusk/Dawn,100,2015/06/12,07:30:00,No,1.0,1.0,-37.32238048,145.3108601,MURRINDINDI
T20150012687,Dry,Clear,Struck animal,Thursday,Dark No street lights,60,2015/06/11,19:00:00,Yes,1.0,1.0,-37.11006569,146.396701,MOUNT BULLER ALPINE RESORT (UNINC)
T20150012692,Dry,Clear,Collision with vehicle,Monday,Day,60,2015/06/15,14:40:00,No,2.0,1.0,-35.9115544,145.6318572,MOIRA
T20150012696,Dry,Not known,No collision and no object struck,Monday,Day,999,2015/06/15,12:30:00,No,1.0,1.0,-36.50468848,142.0598459,HORSHAM
T20150012697,Wet,Raining,Collision with vehicle,Monday,Dark Street lights on,60,2015/06/15,17:35:00,No,4.0,2.0,-36.75411672,144.2861697,GREATER BENDIGO
T20150012705,Wet,Raining,Struck Pedestrian,Monday,Dark No street lights,80,2015/06/15,18:10:00,Yes,2.0,1.0,-38.21126671,144.5138928,GREATER GEELONG
T20150012706,Wet,Raining,Collision with vehicle,Monday,Dark Street lights on,50,2015/06/15,17:55:00,Yes,2.0,1.0,-37.55548126,143.8574432,BALLARAT
T20150012714,Wet,Raining,Collision with a fixed object,Monday,Dark Street lights on,50,2015/06/15,21:35:00,Yes,2.0,2.0,-37.01820893,145.1354926,MITCHELL
T20150012719,Dry,Clear,Collision with vehicle,Monday,Dark No street lights,100,2015/06/15,06:10:00,No,2.0,1.0,-37.77674861,144.4363589,MOORABOOL
T20150012727,Dry,Clear,Collision with vehicle,Monday,Day,60,2015/06/15,13:15:00,No,2.0,2.0,-37.59259939,143.8672395,BALLARAT
T20150012731,Wet,Raining,Collision with a fixed object,Tuesday,Dusk/Dawn,100,2015/06/16,06:45:00,No,1.0,1.0,-38.4452037,146.0023557,SOUTH GIPPSLAND
T20150012732,Dry,Clear,Collision with vehicle,Saturday,Dusk/Dawn,50,2015/06/13,16:00:00,Yes,2.0,1.0,-37.67091712,144.4393218,MOORABOOL
T20150012737,Dry,Not known,Collision with a fixed object,Saturday,Dusk/Dawn,60,2015/05/23,16:30:00,Yes,1.0,1.0,-38.02279369,146.2813786,BAW BAW
T20150012740,Wet,Raining,Collision with vehicle,Tuesday,Day,60,2015/06/16,09:15:00,No,2.0,1.0,-36.44361543,145.225244,GREATER SHEPPARTON
T20150012744,Muddy,Snowing,Vehicle overturned (no collision),Thursday,Day,80,2015/06/04,12:00:00,No,1.0,1.0,-37.0748963,146.2691397,MANSFIELD
T20150012751,Wet,Raining,Collision with a fixed object,Wednesday,Day,100,2015/05/13,09:15:00,No,2.0,2.0,-38.58319258,146.0523183,SOUTH GIPPSLAND
T20150012752,Dry,Clear,Collision with a fixed object,Sunday,Dark No street lights,100,2015/06/07,19:45:00,Yes,2.0,2.0,-36.15677936,145.6811,MOIRA
T20150012757,Muddy,Raining,Vehicle overturned (no collision),Sunday,Day,50,2015/04/19,11:00:00,No,1.0,1.0,-38.45585013,144.0773801,SURF COAST
T20150012758,Dry,Not known,Struck animal,Monday,Dark No street lights,80,2015/05/25,22:30:00,Yes,1.0,1.0,-37.42539967,145.0570345,MITCHELL
T20150012769,Dry,Clear,Struck Pedestrian,Tuesday,Day,50,2015/06/16,15:35:00,No,2.0,1.0,-38.37978411,142.480418,WARRNAMBOOL
T20150012770,Dry,Clear,Collision with vehicle,Thursday,Day,60,2015/06/11,09:15:00,No,2.0,1.0,-38.08346052,144.3581717,GREATER GEELONG
T20150012778,Unknown,Not known,Collision with a fixed object,Monday,Dusk/Dawn,100,2015/05/25,16:30:00,Yes,1.0,1.0,-37.33860039,144.9316631,MITCHELL
T20150012783,Icy,Fog,Struck Pedestrian,Friday,Day,60,2015/06/12,09:05:00,No,2.0,1.0,-37.496773,144.5940295,MACEDON RANGES
T20150012786,Wet,Raining,Collision with a fixed object,Tuesday,Dark No street lights,100,2015/06/16,18:20:00,Yes,1.0,1.0,-36.52678332,146.6854467,ALPINE
T20150012796,Wet,Raining,Vehicle overturned (no collision),Tuesday,Dark No street lights,100,2015/06/16,01:40:00,Yes,1.0,1.0,-37.26689132,144.6410506,MACEDON RANGES
T20150012808,Unknown,Clear,Vehicle overturned (no collision),Saturday,Day,999,2015/03/07,15:00:00,Yes,1.0,1.0,-37.27931751,146.1541374,MANSFIELD
T20150012814,Dry,Clear,Collision with a fixed object,Wednesday,Dusk/Dawn,100,2015/06/17,08:00:00,No,2.0,1.0,-37.47901703,144.7367426,MACEDON RANGES
T20150012816,Wet,Raining,Collision with vehicle,Wednesday,Dusk/Dawn,60,2015/06/17,08:15:00,No,2.0,2.0,-34.19187786,142.1743652,MILDURA
T20150012817,Dry,Clear,Collision with vehicle,Wednesday,Day,100,2015/06/17,08:25:00,No,2.0,1.0,-37.99274341,147.0655449,WELLINGTON
T20150012818,Dry,Clear,Collision with a fixed object,Thursday,Day,100,2015/06/11,10:00:00,No,1.0,1.0,-38.76134974,143.6618996,COLAC OTWAY
T20150012820,Dry,Clear,Struck Pedestrian,Wednesday,Day,50,2015/06/17,11:30:00,No,2.0,1.0,-38.34099328,143.584472,COLAC OTWAY
T20150012830,Dry,Clear,Collision with vehicle,Wednesday,Dusk/Dawn,60,2015/06/17,08:45:00,No,2.0,1.0,-38.1815132,146.2615869,LATROBE
T20150012832,Dry,Clear,Collision with a fixed object,Tuesday,Day,110,2015/06/16,15:20:00,No,2.0,2.0,-38.15386708,145.8976516,BAW BAW
T20150012835,Dry,Clear,Collision with vehicle,Wednesday,Day,100,2015/06/17,13:05:00,No,2.0,1.0,-38.21245633,144.2179698,SURF COAST
T20150012836,Dry,Clear,Collision with a fixed object,Wednesday,Day,100,2015/06/10,11:40:00,No,1.0,1.0,-36.1075007,147.0562304,TOWONG
T20150012843,Dry,Fog,Collision with vehicle,Wednesday,Dusk/Dawn,100,2015/06/17,07:10:00,No,3.0,2.0,-35.03287998,142.3139812,MILDURA
T20150012844,Dry,Clear,Vehicle overturned (no collision),Wednesday,Day,50,2015/06/17,13:35:00,No,2.0,2.0,-38.47908083,145.9473263,SOUTH GIPPSLAND
T20150012846,Dry,Clear,Collision with a fixed object,Wednesday,Day,50,2015/06/17,13:30:00,No,1.0,1.0,-37.34739704,144.7409848,MACEDON RANGES
T20150012860,Dry,Clear,No collision and no object struck,Sunday,Day,999,2015/03/29,14:00:00,No,2.0,1.0,-38.55557742,143.6120059,COLAC OTWAY
T20150012861,Wet,Raining,Collision with vehicle,Wednesday,Dusk/Dawn,110,2015/06/17,16:30:00,No,2.0,1.0,-37.60914774,144.3157593,MOORABOOL
T20150012862,Dry,Clear,Other accident,Wednesday,Dusk/Dawn,70,2015/06/17,17:15:00,No,2.0,2.0,-36.81717547,144.2385284,GREATER BENDIGO
T20150012863,Dry,Clear,Collision with a fixed object,Wednesday,Dusk/Dawn,80,2015/06/17,17:10:00,No,1.0,1.0,-36.45701111,145.38019,GREATER SHEPPARTON
T20150012864,Dry,Clear,Collision with vehicle,Wednesday,Dusk/Dawn,100,2015/06/17,16:00:00,No,5.0,2.0,-38.21701215,146.0003066,BAW BAW
T20150012871,Wet,Raining,Struck Pedestrian,Wednesday,Dark Street lights on,50,2015/06/17,20:35:00,Yes,5.0,1.0,-37.55954521,143.8567067,BALLARAT
T20150012873,Wet,Raining,Struck Pedestrian,Wednesday,Dark No street lights,60,2015/06/17,18:11:00,Yes,2.0,1.0,-34.19726155,142.1579919,MILDURA
T20150012877,Dry,Clear,Collision with a fixed object,Wednesday,Dark Street lights on,50,2015/06/17,22:55:00,Yes,2.0,1.0,-36.12458775,144.747142,CAMPASPE
T20150012883,Dry,Clear,Collision with vehicle,Tuesday,Day,60,2015/01/06,07:32:00,No,3.0,1.0,-34.19106785,142.1556458,MILDURA
T20150012888,Unknown,Not known,No collision and no object struck,Sunday,Day,50,2015/05/24,11:20:00,No,1.0,1.0,-37.44512166,145.7022397,MURRINDINDI
T20150012891,Wet,Raining,Collision with a fixed object,Thursday,Dark No street lights,100,2015/06/18,05:15:00,Yes,1.0,1.0,-36.41935962,145.7045995,GREATER SHEPPARTON
T20150012893,Dry,Clear,Collision with vehicle,Wednesday,Day,50,2015/06/10,14:15:00,No,2.0,1.0,-36.38949283,145.3606058,GREATER SHEPPARTON
T20150012899,Wet,Raining,Collision with a fixed object,Thursday,Dusk/Dawn,100,2015/06/18,08:00:00,No,3.0,3.0,-36.61018942,145.9630346,BENALLA
T20150012903,Dry,Clear,Collision with vehicle,Thursday,Day,70,2015/06/18,08:30:00,No,2.0,1.0,-38.17520836,144.352217,GREATER GEELONG
T20150012905,Dry,Clear,Collision with vehicle,Thursday,Day,50,2015/06/18,10:25:00,No,3.0,1.0,-36.77626906,144.2580451,GREATER BENDIGO
T20150012909,Wet,Fog,Collision with vehicle,Thursday,Dusk/Dawn,100,2015/06/18,08:20:00,No,4.0,3.0,-37.52627382,144.0035297,MOORABOOL
T20150012913,Wet,Raining,Collision with vehicle,Thursday,Dusk/Dawn,40,2015/06/18,08:10:00,No,4.0,2.0,-38.22528149,146.3494794,LATROBE
T20150012916,Dry,Clear,Collision with vehicle,Thursday,Day,50,2015/06/18,08:35:00,No,2.0,1.0,-38.15754468,144.3846745,GREATER GEELONG
T20150012918,Wet,Raining,Collision with a fixed object,Thursday,Day,100,2015/06/18,09:00:00,No,2.0,1.0,-38.01225303,146.6724126,WELLINGTON
T20150012922,Wet,Raining,Collision with a fixed object,Thursday,Day,100,2015/06/18,14:00:00,No,1.0,1.0,-37.92132606,147.2781296,EAST GIPPSLAND
T20150012926,Wet,Raining,Collision with a fixed object,Wednesday,Dark No street lights,100,2015/06/17,21:45:00,Yes,1.0,1.0,-38.17243787,147.1710791,WELLINGTON
T20150012936,Dry,Clear,Vehicle overturned (no collision),Saturday,Day,100,2015/06/13,13:15:00,No,1.0,1.0,-38.30865676,146.3281,LATROBE
T20150012938,Wet,Raining,Collision with a fixed object,Thursday,Dusk/Dawn,100,2015/06/18,16:50:00,No,1.0,1.0,-37.49015039,144.1323516,MOORABOOL