Accident_No,Surface_Cond_Desc,Atmosph_Cond_Desc,Accident_Type_Desc,Day,Light_Condition_Desc,Speed_Zone,Accident_Date,Accident_Time,Alcohol_Influence,Total_Persons_Inv,Inj_Or_Fatal,Lat,Long,LGA
T20150012940,Wet,Raining,Collision with vehicle,Thursday,Dark Street lights on,80,2015/06/18,18:00:00,Yes,2.0,1.0,-37.68146944,144.5063787,MOORABOOL
T20150012944,Dry,Clear,Collision with a fixed object,Friday,Dark No street lights,100,2015/06/12,21:00:00,Yes,4.0,2.0,-37.24981998,144.4249997,MACEDON RANGES
T20150012954,Wet,Raining,collision with some other object,Thursday,Dark No street lights,100,2015/06/18,18:45:00,Yes,2.0,1.0,-37.88010453,147.4265468,EAST GIPPSLAND
T20150012975,Unknown,Not known,No collision and no object struck,Saturday,Day,999,2015/06/13,12:30:00,No,1.0,1.0,-38.01570269,146.0360712,BAW BAW
T20150012982,Dry,Clear,Collision with a fixed object,Friday,Dusk/Dawn,100,2015/06/19,08:50:00,No,2.0,1.0,-36.87994992,144.1457897,GREATER BENDIGO
T20150012993,Dry,Clear,Collision with vehicle,Friday,Day,50,2015/06/19,11:25:00,No,3.0,1.0,-36.35652943,146.3249694,WANGARATTA
T20150012996,Dry,Clear,Collision with a fixed object,Friday,Day,100,2015/06/19,10:15:00,No,1.0,1.0,-36.74142438,141.91193,HORSHAM
T20150013007,Dry,Clear,Collision with vehicle,Friday,Day,90,2015/06/19,13:10:00,No,3.0,1.0,-36.14337882,144.7742229,CAMPASPE
T20150013008,Dry,Clear,Collision with vehicle,Sunday,Day,60,2015/02/22,14:00:00,No,2.0,1.0,-36.44814857,144.9820591,CAMPASPE
T20150013020,Dry,Clear,Collision with vehicle,Wednesday,Dark No street lights,100,2015/04/08,19:30:00,Yes,2.0,1.0,-37.95081048,144.1309488,GOLDEN PLAINS
T20150013021,Wet,Raining,Collision with vehicle,Friday,Day,100,2015/06/19,12:23:00,No,5.0,2.0,-37.6147009,148.8890479,EAST GIPPSLAND
T20150013034,Dry,Clear,Collision with vehicle,Friday,Dark Street lights on,60,2015/06/19,17:06:00,Yes,1.0,1.0,-37.54439406,143.8658892,BALLARAT
T20150013035,Wet,Raining,Collision with a fixed object,Thursday,Dark No street lights,100,2015/06/18,19:50:00,Yes,3.0,3.0,-37.89631102,141.347361,GLENELG
T20150013043,Dry,Clear,Collision with vehicle,Friday,Dark Street lights on,60,2015/06/19,18:20:00,Yes,3.0,2.0,-36.75841668,144.2680393,GREATER BENDIGO
T20150013055,Dry,Clear,Collision with vehicle,Friday,Dark No street lights,60,2015/06/19,18:50:00,Yes,3.0,1.0,-37.57629967,143.8684683,BALLARAT
T20150013059,Dry,Clear,Collision with a fixed object,Friday,Dark Street lights on,60,2015/06/19,21:05:00,Yes,4.0,2.0,-37.55217456,143.9008921,BALLARAT
T20150013063,Unknown,Clear,Collision with vehicle,Friday,Dark No street lights,110,2015/06/19,17:50:00,Yes,2.0,1.0,-37.66430331,144.3930196,MOORABOOL
T20150013074,Dry,Clear,Collision with vehicle,Saturday,Dusk/Dawn,50,2015/06/20,08:45:00,No,4.0,1.0,-36.01503739,146.0045014,MOIRA
T20150013077,Dry,Fog,Collision with a fixed object,Saturday,Dusk/Dawn,100,2015/06/20,07:40:00,Yes,1.0,1.0,-38.29636978,143.6361754,COLAC OTWAY
T20150013078,Wet,Raining,Collision with vehicle,Saturday,Day,60,2015/06/20,10:00:00,No,4.0,2.0,-38.18048115,144.3839398,GREATER GEELONG
T20150013080,Wet,Clear,Collision with a fixed object,Saturday,Day,100,2015/06/20,09:50:00,No,1.0,1.0,-38.22506852,144.5401713,GREATER GEELONG
T20150013084,Unknown,Not known,No collision and no object struck,Saturday,Dusk/Dawn,100,2015/06/13,08:20:00,No,1.0,1.0,-37.30016608,145.0772846,MITCHELL
T20150013101,Dry,Clear,Collision with a fixed object,Saturday,Day,100,2015/06/20,12:00:00,No,1.0,1.0,-36.93267929,141.0893584,WEST WIMMERA
T20150013104,Wet,Clear,No collision and no object struck,Sunday,Day,999,2015/06/07,12:30:00,No,1.0,1.0,-37.40949274,145.3144262,MURRINDINDI
T20150013112,Dry,Clear,Collision with vehicle,Saturday,Day,60,2015/06/20,15:15:00,Yes,5.0,1.0,-38.43455874,145.8273942,SOUTH GIPPSLAND
T20150013117,Dry,Clear,Collision with vehicle,Saturday,Dusk/Dawn,50,2015/06/20,17:20:00,Yes,3.0,2.0,-36.35795427,146.316118,WANGARATTA
T20150013137,Wet,Clear,Collision with a fixed object,Saturday,Dark No street lights,100,2015/06/20,18:50:00,Yes,3.0,3.0,-37.93505947,146.8845086,WELLINGTON
T20150013139,Wet,Fog,Collision with a fixed object,Saturday,Dark No street lights,60,2015/06/20,23:41:00,Yes,1.0,1.0,-37.37716005,144.5975214,MACEDON RANGES
T20150013158,Muddy,Clear,Vehicle overturned (no collision),Sunday,Day,999,2015/06/21,09:15:00,Yes,1.0,1.0,-37.3514896,145.1053399,MITCHELL
T20150013160,Dry,Clear,Collision with a fixed object,Sunday,Day,100,2015/06/21,09:55:00,Yes,1.0,1.0,-37.47317007,144.9745447,MITCHELL
T20150013171,Dry,Clear,Collision with a fixed object,Sunday,Dusk/Dawn,100,2015/06/21,08:30:00,Yes,1.0,1.0,-38.44728139,145.573618,BASS COAST
T20150013172,Wet,Clear,No collision and no object struck,Sunday,Day,60,2015/06/21,09:30:00,Yes,2.0,1.0,-37.73467017,142.0366999,SOUTHERN GRAMPIANS
T20150013174,Dry,Clear,No collision and no object struck,Sunday,Day,100,2015/06/21,12:35:00,No,1.0,1.0,-37.0344085,145.5056089,MURRINDINDI
T20150013176,Dry,Clear,Collision with vehicle,Tuesday,Dusk/Dawn,60,2015/06/09,17:00:00,No,4.0,1.0,-36.74195998,144.29678,GREATER BENDIGO
T20150013181,Dry,Clear,Collision with vehicle,Sunday,Day,100,2015/06/21,14:30:00,No,3.0,1.0,-37.34349154,144.5848584,MACEDON RANGES
T20150013189,Dry,Clear,Collision with vehicle,Sunday,Dusk/Dawn,100,2015/06/21,16:25:00,Yes,2.0,2.0,-38.12355767,144.2297602,GOLDEN PLAINS
T20150013190,Wet,Clear,Collision with vehicle,Sunday,Dusk/Dawn,50,2015/06/21,06:30:00,No,1.0,1.0,-36.61568263,143.2574664,NORTHERN GRAMPIANS
T20150013193,Dry,Clear,Struck Pedestrian,Sunday,Dark Street lights on,50,2015/06/21,17:40:00,Yes,2.0,1.0,-37.34008566,144.145728,HEPBURN
T20150013194,Dry,Clear,Collision with vehicle,Sunday,Dark No street lights,80,2015/06/21,18:05:00,Yes,4.0,4.0,-37.51840108,143.8444045,BALLARAT
T20150013202,Dry,Clear,Collision with vehicle,Sunday,Dark No street lights,100,2015/06/21,18:15:00,Yes,6.0,3.0,-37.3419699,143.1225201,ARARAT
T20150013210,Dry,Clear,Collision with a fixed object,Sunday,Day,100,2015/06/21,11:48:00,No,2.0,2.0,-38.3930781,145.9575802,SOUTH GIPPSLAND
T20150013217,Dry,Clear,Collision with a fixed object,Monday,Dusk/Dawn,60,2015/06/22,07:15:00,No,1.0,1.0,-36.60425961,145.2171088,GREATER SHEPPARTON
T20150013222,Dry,Clear,Collision with vehicle,Friday,Day,90,2015/05/01,13:38:00,No,2.0,1.0,-36.94584698,144.7311132,GREATER BENDIGO
T20150013232,Dry,Fog,Collision with vehicle,Monday,Dusk/Dawn,100,2015/06/22,08:25:00,No,2.0,2.0,-38.26912055,146.4338745,LATROBE
T20150013235,Dry,Clear,Collision with vehicle,Monday,Day,80,2015/06/22,09:10:00,Yes,5.0,1.0,-38.07561036,144.3684905,GREATER GEELONG
T20150013239,Dry,Clear,Collision with vehicle,Monday,Day,80,2015/06/22,13:50:00,No,2.0,1.0,-37.72245251,141.9916596,SOUTHERN GRAMPIANS
T20150013246,Wet,Fog,Collision with vehicle,Monday,Unknown,100,2015/06/22,08:09:00,No,2.0,2.0,-38.28576042,146.4305834,LATROBE
T20150013248,Muddy,Clear,No collision and no object struck,Monday,Day,999,2015/06/08,10:00:00,No,1.0,1.0,-37.78314988,146.48393,BAW BAW
T20150013249,Dry,Clear,Collision with vehicle,Friday,Day,60,2015/06/19,15:05:00,No,5.0,2.0,-37.82842238,147.6191959,EAST GIPPSLAND
T20150013257,Dry,Clear,Struck animal,Monday,Dark No street lights,100,2015/06/22,17:15:00,No,5.0,5.0,-38.19067013,147.2814299,WELLINGTON
T20150013260,Dry,Clear,Collision with vehicle,Monday,Day,100,2015/06/22,15:52:00,No,1.0,1.0,-37.98355196,146.9919054,WELLINGTON
T20150013262,Dry,Not known,Fall from or in moving vehicle,Friday,Dark Street lights on,50,2015/06/05,20:30:00,Yes,2.0,1.0,-36.74660256,145.5676028,STRATHBOGIE
T20150013263,Wet,Raining,Collision with vehicle,Monday,Dusk/Dawn,60,2015/06/22,16:30:00,No,3.0,1.0,-37.53352102,143.8233142,BALLARAT
T20150013272,Dry,Clear,Vehicle overturned (no collision),Monday,Day,80,2015/06/22,13:35:00,No,1.0,1.0,-34.54293557,142.3491582,MILDURA
T20150013274,Dry,Clear,Collision with a fixed object,Monday,Dark No street lights,100,2015/06/22,18:15:00,Yes,1.0,1.0,-37.85158946,147.0531192,WELLINGTON
T20150013282,Dry,Clear,Vehicle overturned (no collision),Monday,Dark No street lights,80,2015/06/22,23:00:00,Yes,1.0,1.0,-38.62366772,145.7341858,BASS COAST
T20150013286,Dry,Clear,Collision with a fixed object,Monday,Day,100,2015/06/22,14:30:00,No,1.0,1.0,-38.34748252,145.8985926,SOUTH GIPPSLAND
T20150013292,Wet,Not known,Vehicle overturned (no collision),Monday,Day,40,2015/06/08,14:30:00,No,1.0,1.0,-36.76193006,146.36335,WANGARATTA
T20150013296,Dry,Clear,Collision with vehicle,Tuesday,Dusk/Dawn,100,2015/06/23,08:20:00,No,2.0,1.0,-38.20911838,146.4951272,LATROBE
T20150013301,Dry,Clear,Collision with vehicle,Tuesday,Dusk/Dawn,100,2015/06/23,07:30:00,No,2.0,1.0,-37.43754982,144.9774664,MITCHELL
T20150013318,Dry,Clear,Collision with a fixed object,Tuesday,Day,80,2015/06/23,11:50:00,No,1.0,1.0,-38.26315368,146.4345874,LATROBE
T20150013327,Unknown,Clear,Vehicle overturned (no collision),Friday,Day,999,2015/06/19,15:30:00,No,1.0,1.0,-35.96534112,144.4877885,CAMPASPE
T20150013329,Dry,Clear,Vehicle overturned (no collision),Saturday,Day,999,2015/06/13,15:00:00,Yes,1.0,1.0,-37.37845079,145.0799013,MITCHELL
T20150013338,Dry,Clear,Vehicle overturned (no collision),Tuesday,Dark Street lights on,100,2015/06/23,18:20:00,Yes,1.0,1.0,-38.34059708,142.700536,MOYNE
T20150013340,Dry,Clear,Collision with a fixed object,Tuesday,Dark No street lights,100,2015/06/23,18:10:00,Yes,1.0,1.0,-36.88257974,145.4595487,STRATHBOGIE
T20150013341,Wet,Raining,Vehicle overturned (no collision),Tuesday,Dark Street lights on,80,2015/06/23,17:30:00,No,1.0,1.0,-38.10265952,144.3543159,GREATER GEELONG
T20150013350,Dry,Clear,Collision with vehicle,Tuesday,Dark Street lights on,60,2015/06/23,21:38:00,Yes,4.0,4.0,-38.23951009,143.1423063,CORANGAMITE
T20150013351,Dry,Clear,collision with some other object,Monday,Day,999,2015/06/22,10:00:00,No,1.0,1.0,-37.45791257,144.5160777,MACEDON RANGES
T20150013354,Dry,Strong winds,Collision with vehicle,Thursday,Dark No street lights,100,2015/06/18,17:10:00,No,3.0,1.0,-37.02905062,144.2348925,MOUNT ALEXANDER
T20150013361,Wet,Fog,Collision with vehicle,Wednesday,Dusk/Dawn,100,2015/06/24,06:35:00,No,2.0,1.0,-36.7541296,144.0808796,GREATER BENDIGO
T20150013366,Wet,Clear,Collision with a fixed object,Wednesday,Dusk/Dawn,100,2015/06/24,08:40:00,No,2.0,2.0,-38.49062001,145.99796,SOUTH GIPPSLAND
T20150013368,Wet,Clear,Collision with a fixed object,Wednesday,Day,100,2015/06/24,09:15:00,No,1.0,1.0,-36.9750818,144.1054947,MOUNT ALEXANDER
T20150013370,Dry,Clear,Struck Pedestrian,Tuesday,Dusk/Dawn,50,2015/06/23,16:30:00,No,2.0,1.0,-37.67404912,144.4363558,MOORABOOL
T20150013381,Dry,Clear,Collision with vehicle,Wednesday,Dark Street lights on,50,2015/06/24,06:45:00,No,2.0,1.0,-38.16910135,144.3490421,GREATER GEELONG
T20150013383,Dry,Clear,Vehicle overturned (no collision),Sunday,Day,100,2015/06/21,14:45:00,No,4.0,2.0,-37.81352531,146.4003569,BAW BAW
T20150013401,Wet,Clear,Collision with a fixed object,Wednesday,Day,40,2015/06/24,14:55:00,No,1.0,1.0,-36.01320867,146.3976203,INDIGO
T20150013402,Wet,Raining,Collision with a fixed object,Wednesday,Day,100,2015/06/24,11:50:00,No,1.0,1.0,-36.75544791,146.870711,ALPINE
T20150013404,Dry,Clear,Collision with vehicle,Wednesday,Day,80,2015/06/24,16:25:00,No,2.0,1.0,-36.84442071,144.1583478,GREATER BENDIGO
T20150013415,Dry,Clear,Collision with vehicle,Wednesday,Dark No street lights,100,2015/06/24,18:15:00,Yes,4.0,3.0,-36.2546171,145.0495004,CAMPASPE
T20150013416,Dry,Clear,Collision with a fixed object,Wednesday,Dark No street lights,100,2015/06/24,18:25:00,Yes,1.0,1.0,-38.24364949,144.2901101,GREATER GEELONG
T20150013426,Wet,Raining,Collision with vehicle,Wednesday,Dark Street lights on,50,2015/06/24,19:10:00,Yes,2.0,1.0,-37.59280479,143.8359198,BALLARAT
T20150013429,Dry,Clear,Collision with vehicle,Wednesday,Dark Street lights on,60,2015/06/24,21:30:00,Yes,2.0,1.0,-38.18068995,144.3452244,GREATER GEELONG
T20150013448,Dry,Clear,Collision with vehicle,Friday,Day,60,2015/06/19,15:15:00,No,2.0,1.0,-38.15822872,144.3330486,GREATER GEELONG
T20150013452,Dry,Clear,Collision with a fixed object,Thursday,Dark No street lights,100,2015/06/25,06:30:00,No,1.0,1.0,-38.0036161,146.8650623,WELLINGTON
T20150013458,Dry,Clear,Collision with vehicle,Thursday,Day,50,2015/06/25,09:10:00,No,2.0,1.0,-36.37601097,145.4139513,GREATER SHEPPARTON
T20150013460,Dry,Clear,Collision with vehicle,Thursday,Dusk/Dawn,50,2015/06/25,07:50:00,No,2.0,1.0,-38.15036976,144.3593092,GREATER GEELONG
T20150013484,Wet,Raining,Collision with a fixed object,Thursday,Day,100,2015/06/25,15:30:00,No,2.0,2.0,-38.50347144,145.7617684,SOUTH GIPPSLAND
T20150013491,Dry,Clear,Struck animal,Friday,Dark No street lights,100,2015/06/12,18:00:00,Yes,1.0,1.0,-36.93343966,143.3308017,PYRENEES
T20150013494,Dry,Clear,Collision with vehicle,Friday,Dusk/Dawn,60,2015/06/26,08:55:00,No,3.0,1.0,-34.18434006,142.1511499,MILDURA
T20150013498,Wet,Raining,Collision with a fixed object,Friday,Dark No street lights,80,2015/06/26,06:30:00,No,1.0,1.0,-38.4882978,143.9398123,SURF COAST
T20150013503,Dry,Clear,Collision with vehicle,Friday,Day,100,2015/06/26,08:55:00,No,3.0,1.0,-38.03540937,147.0168301,WELLINGTON
T20150013505,Dry,Clear,Collision with vehicle,Sunday,Day,50,2015/06/21,12:20:00,No,2.0,1.0,-36.36075591,146.3195628,WANGARATTA
T20150013511,Dry,Clear,Collision with vehicle,Thursday,Dark No street lights,100,2015/06/25,18:25:00,Yes,4.0,2.0,-38.24386081,144.3837229,GREATER GEELONG
T20150013524,Dry,Clear,Collision with vehicle,Friday,Day,100,2015/06/26,12:50:00,No,3.0,3.0,-36.55773795,146.3281063,WANGARATTA
T20150013527,Dry,Clear,Struck Pedestrian,Friday,Day,40,2015/06/26,15:00:00,No,2.0,1.0,-38.60771022,145.5864978,BASS COAST
T20150013540,Dry,Clear,Collision with vehicle,Friday,Dusk/Dawn,50,2015/06/26,16:15:00,Yes,2.0,1.0,-38.47522012,145.9422932,SOUTH GIPPSLAND
T20150013554,Dry,Clear,Collision with vehicle,Friday,Dark Street lights on,60,2015/06/26,19:23:00,Yes,5.0,1.0,-37.73607474,142.0132084,SOUTHERN GRAMPIANS
T20150013565,Dry,Clear,Struck animal,Wednesday,Dark No street lights,100,2015/06/24,05:30:00,Yes,2.0,1.0,-36.55611511,145.35849,STRATHBOGIE
T20150013569,Dry,Clear,Collision with a fixed object,Wednesday,Dark No street lights,80,2015/06/24,05:19:00,Yes,1.0,1.0,-38.1162362,146.0545203,BAW BAW
T20150013570,Dry,Clear,No collision and no object struck,Friday,Dark Street lights on,60,2015/06/26,23:08:00,Yes,1.0,1.0,-37.4938758,144.5896442,MACEDON RANGES
T20150013590,Unknown,Not known,Struck animal,Monday,Dusk/Dawn,110,2015/04/27,19:30:00,Yes,1.0,1.0,-37.04442837,144.2826027,MOUNT ALEXANDER
T20150013591,Dry,Clear,Vehicle overturned (no collision),Saturday,Day,50,2015/06/27,12:50:00,No,3.0,1.0,-36.5517923,145.9833858,BENALLA
T20150013592,Dry,Clear,Collision with vehicle,Friday,Day,110,2015/06/26,14:15:00,No,2.0,1.0,-37.12559081,144.3861562,MOUNT ALEXANDER
T20150013596,Dry,Clear,Collision with vehicle,Saturday,Dusk/Dawn,60,2015/06/27,07:05:00,Yes,2.0,1.0,-38.19971572,146.532985,LATROBE
T20150013598,Dry,Clear,Collision with vehicle,Saturday,Day,100,2015/06/27,10:50:00,No,4.0,3.0,-38.12078641,144.2709598,GREATER GEELONG
T20150013604,Dry,Clear,Collision with a fixed object,Saturday,Day,80,2015/06/27,15:20:00,Yes,1.0,1.0,-37.85549996,147.99683,EAST GIPPSLAND
T20150013621,Dry,Clear,Collision with vehicle,Saturday,Dark Street lights on,100,2015/06/27,19:15:00,Yes,4.0,4.0,-38.52097121,145.4320314,BASS COAST
T20150013622,Dry,Clear,Collision with vehicle,Saturday,Dark Street lights on,60,2015/06/27,19:18:00,Yes,3.0,2.0,-38.37365035,142.477565,WARRNAMBOOL
T20150013632,Dry,Clear,Vehicle overturned (no collision),Sunday,Dark No street lights,100,2015/06/28,03:36:00,Yes,1.0,1.0,-38.48369049,143.4670999,COLAC OTWAY
T20150013638,Dry,Clear,Collision with a fixed object,Sunday,Dark Street lights unknown,50,2015/06/28,05:50:00,Yes,1.0,1.0,-38.23045625,146.4357808,LATROBE
T20150013640,Dry,Clear,Collision with vehicle,Friday,Day,50,2015/06/26,13:20:00,No,2.0,1.0,-38.13891259,144.3402053,GREATER GEELONG
T20150013642,Dry,Clear,Collision with vehicle,Saturday,Day,60,2015/06/27,10:00:00,No,6.0,1.0,-38.13066115,144.3383073,GREATER GEELONG
T20150013645,Wet,Raining,Collision with vehicle,Wednesday,Dusk/Dawn,60,2015/06/17,17:00:00,No,5.0,1.0,-37.54238441,143.8499672,BALLARAT
T20150013656,Dry,Clear,collision with some other object,Sunday,Day,100,2015/06/28,11:20:00,No,1.0,1.0,-37.33694962,145.1324802,MITCHELL
T20150013657,Dry,Clear,Collision with a fixed object,Sunday,Day,60,2015/06/28,13:20:00,No,1.0,1.0,-36.75565628,144.2636618,GREATER BENDIGO
T20150013664,Dry,Clear,Vehicle overturned (no collision),Sunday,Day,100,2015/06/28,12:45:00,No,1.0,1.0,-36.19263,145.5315823,MOIRA
T20150013667,Dry,Clear,Collision with vehicle,Sunday,Day,50,2015/06/28,15:20:00,No,2.0,1.0,-38.39232189,142.5032094,WARRNAMBOOL
T20150013670,Dry,Clear,Collision with vehicle,Sunday,Day,60,2015/06/28,12:00:00,No,3.0,2.0,-37.54971014,143.8501415,BALLARAT
T20150013689,Dry,Clear,Collision with a fixed object,Monday,Dark No street lights,100,2015/06/29,01:20:00,Yes,4.0,4.0,-37.9823598,146.8879284,WELLINGTON
T20150013693,Dry,Clear,Collision with vehicle,Monday,Dusk/Dawn,50,2015/06/29,07:44:00,No,2.0,1.0,-36.77740522,144.3026386,GREATER BENDIGO
T20150013695,Dry,Clear,Collision with vehicle,Monday,Dusk/Dawn,100,2015/06/29,07:00:00,Yes,2.0,1.0,-38.23251607,144.5545675,GREATER GEELONG
T20150013707,Dry,Clear,Collision with vehicle,Monday,Day,70,2015/06/29,11:40:00,No,2.0,1.0,-38.06021002,144.3582015,GREATER GEELONG
T20150013709,Dry,Clear,Collision with a fixed object,Monday,Dusk/Dawn,100,2015/06/29,07:20:00,No,1.0,1.0,-36.662872,145.7373117,STRATHBOGIE
T20150013718,Dry,Clear,Collision with a fixed object,Monday,Day,50,2015/06/29,14:25:00,No,1.0,1.0,-38.16613974,144.3227573,GREATER GEELONG
T20150013743,Dry,Clear,Vehicle overturned (no collision),Tuesday,Dark No street lights,80,2015/06/30,00:15:00,Yes,1.0,1.0,-34.33553708,142.27168,MILDURA
T20150013744,Dry,Clear,Struck Pedestrian,Tuesday,Dark Street lights on,60,2015/06/30,00:03:00,Yes,2.0,1.0,-37.55015955,143.8711498,BALLARAT
T20150013747,Dry,Clear,Vehicle overturned (no collision),Tuesday,Dusk/Dawn,110,2015/06/30,07:15:00,No,1.0,1.0,-37.61735938,144.3372609,MOORABOOL
T20150013773,Dry,Clear,Collision with vehicle,Tuesday,Day,100,2015/06/30,13:55:00,No,2.0,2.0,-38.38406332,142.622058,MOYNE
T20150013777,Dry,Clear,No collision and no object struck,Sunday,Day,50,2015/05/03,10:30:00,No,1.0,1.0,-38.00498033,146.0201205,BAW BAW
T20150013780,Dry,Clear,Collision with vehicle,Monday,Dark Street lights on,50,2015/06/29,18:10:00,Yes,6.0,5.0,-37.56095233,143.8504425,BALLARAT
T20150013789,Dry,Clear,Struck Pedestrian,Tuesday,Day,50,2015/06/30,15:45:00,No,2.0,1.0,-35.92214646,145.64837,MOIRA
T20150013790,Dry,Clear,Collision with vehicle,Tuesday,Dark Street lights on,50,2015/06/30,18:00:00,Yes,2.0,1.0,-37.55952945,143.8582052,BALLARAT
T20150013802,Dry,Clear,Collision with vehicle,Tuesday,Dark Street lights on,50,2015/06/30,21:10:00,Yes,2.0,1.0,-37.56017975,143.8414054,BALLARAT
T20150013803,Dry,Clear,Collision with vehicle,Tuesday,Dusk/Dawn,60,2015/06/30,17:23:00,No,2.0,1.0,-37.56141052,143.8473443,BALLARAT
T20150013804,Dry,Clear,Collision with vehicle,Tuesday,Dark No street lights,100,2015/06/30,19:30:00,Yes,2.0,1.0,-38.13085164,146.5603827,LATROBE
T20150013817,Dry,Fog,Collision with a fixed object,Tuesday,Dark No street lights,100,2015/06/30,23:00:00,Yes,1.0,1.0,-36.48459926,145.316841,GREATER SHEPPARTON
T20150013818,Dry,Clear,Collision with a fixed object,Wednesday,Dark Street lights on,60,2015/07/01,05:15:00,Yes,2.0,1.0,-38.1773201,144.3683602,GREATER GEELONG
T20150013824,Wet,Raining,Collision with vehicle,Monday,Dark Street lights on,60,2015/06/15,21:20:00,Yes,2.0,1.0,-36.7275521,144.3079042,GREATER BENDIGO
T20150013825,Dry,Clear,Vehicle overturned (no collision),Tuesday,Day,100,2015/06/23,12:30:00,No,1.0,1.0,-36.60057202,145.11443,CAMPASPE
T20150013835,Dry,Clear,Collision with vehicle,Wednesday,Day,50,2015/07/01,12:15:00,No,3.0,1.0,-36.70534632,142.2009123,HORSHAM
T20150013847,Dry,Clear,Collision with a fixed object,Wednesday,Day,80,2015/07/01,13:45:00,No,1.0,1.0,-38.38043349,141.6101147,GLENELG
T20150013870,Dry,Clear,Collision with a fixed object,Wednesday,Dusk/Dawn,60,2015/07/01,16:10:00,No,3.0,3.0,-36.81625529,144.2290902,GREATER BENDIGO
T20150013871,Dry,Clear,Collision with a fixed object,Wednesday,Dusk/Dawn,110,2015/07/01,16:40:00,No,2.0,2.0,-35.15878966,142.37469,MILDURA
T20150013872,Dry,Clear,Collision with vehicle,Friday,Dusk/Dawn,70,2015/06/26,07:15:00,No,3.0,1.0,-38.1160696,144.3544069,GREATER GEELONG
T20150013877,Wet,Raining,Collision with vehicle,Wednesday,Dark Street lights on,50,2015/07/01,21:00:00,Yes,2.0,1.0,-36.75375659,144.2635457,GREATER BENDIGO
T20150013885,Dry,Clear,Collision with vehicle,Wednesday,Dark No street lights,100,2015/07/01,06:40:00,No,4.0,2.0,-37.20501022,142.884479,ARARAT
T20150013888,Dry,Clear,Collision with a fixed object,Wednesday,Unknown,50,2015/07/01,11:15:00,No,1.0,1.0,-37.81894112,147.6095298,EAST GIPPSLAND
T20150013894,Dry,Clear,Struck Pedestrian,Sunday,Dark Street lights on,50,2015/06/28,18:00:00,Yes,1.0,1.0,-36.55596675,146.7208631,ALPINE
T20150013902,Dry,Clear,Collision with vehicle,Thursday,Day,100,2015/07/02,10:50:00,No,3.0,2.0,-37.61830025,144.4698333,MOORABOOL
T20150013905,Dry,Clear,Collision with vehicle,Thursday,Day,60,2015/07/02,12:10:00,No,2.0,1.0,-34.18403037,142.1649496,MILDURA
T20150013907,Wet,Raining,Vehicle overturned (no collision),Thursday,Day,100,2015/07/02,10:25:00,No,1.0,1.0,-38.0158704,143.2512033,CORANGAMITE
T20150013915,Wet,Raining,Collision with vehicle,Thursday,Dusk/Dawn,80,2015/07/02,08:30:00,No,3.0,1.0,-38.18893418,146.4869768,LATROBE
T20150013937,Dry,Clear,Collision with vehicle,Thursday,Dark Street lights on,50,2015/07/02,18:00:00,Yes,2.0,1.0,-37.5633899,143.8574891,BALLARAT
T20150013938,Dry,Clear,Collision with vehicle,Thursday,Day,100,2015/07/02,14:25:00,No,3.0,3.0,-38.07300206,143.7909792,COLAC OTWAY
T20150013966,Dry,Clear,Collision with a fixed object,Friday,Day,50,2015/07/03,08:30:00,No,1.0,1.0,-37.82447633,147.6320426,EAST GIPPSLAND
T20150013978,Dry,Clear,Vehicle overturned (no collision),Thursday,Dark No street lights,100,2015/07/02,21:40:00,Yes,1.0,1.0,-36.27037845,147.0836626,INDIGO
T20150013983,Wet,Raining,Collision with a fixed object,Thursday,Dark No street lights,100,2015/07/02,21:00:00,Yes,1.0,1.0,-38.62847732,146.3565885,SOUTH GIPPSLAND
T20150013985,Dry,Clear,Collision with a fixed object,Friday,Day,50,2015/07/03,11:30:00,No,7.0,2.0,-38.07732629,144.3418824,GREATER GEELONG
T20150013987,Wet,Not known,Collision with a fixed object,Friday,Dusk/Dawn,100,2015/07/03,06:30:00,No,1.0,1.0,-38.39270967,143.0752003,CORANGAMITE
T20150014001,Dry,Clear,Collision with vehicle,Friday,Day,70,2015/07/03,13:40:00,No,2.0,1.0,-38.30837501,146.4205812,LATROBE
T20150014006,Dry,Clear,Collision with vehicle,Friday,Day,60,2015/07/03,13:42:00,No,3.0,1.0,-36.1112502,146.8946901,WODONGA
T20150014017,Dry,Clear,Struck animal,Friday,Dark No street lights,100,2015/07/03,18:20:00,Yes,2.0,1.0,-37.51918003,144.4775512,MACEDON RANGES
T20150014020,Dry,Not known,Struck animal,Friday,Dark Street lights on,60,2015/07/03,18:30:00,Yes,1.0,1.0,-37.41935007,145.0021506,MITCHELL
T20150014025,Dry,Clear,Collision with vehicle,Friday,Dark No street lights,80,2015/07/03,18:45:00,Yes,5.0,1.0,-38.31110513,143.7248581,COLAC OTWAY
T20150014033,Dry,Clear,Collision with vehicle,Friday,Day,60,2015/07/03,15:35:00,No,6.0,6.0,-36.02608249,146.013434,MOIRA
T20150014038,Dry,Clear,No collision and no object struck,Saturday,Day,999,2015/05/30,15:30:00,Yes,1.0,1.0,-35.93530977,144.4459802,CAMPASPE
T20150014051,Dry,Clear,Collision with a fixed object,Saturday,Dark No street lights,60,2015/07/04,04:30:00,Yes,1.0,1.0,-37.21919072,145.4160691,MURRINDINDI
T20150014053,Dry,Clear,No collision and no object struck,Saturday,Day,110,2015/07/04,10:20:00,No,1.0,1.0,-34.27611008,141.40856,MILDURA