Accident_No,Surface_Cond_Desc,Atmosph_Cond_Desc,Accident_Type_Desc,Day,Light_Condition_Desc,Speed_Zone,Accident_Date,Accident_Time,Alcohol_Influence,Total_Persons_Inv,Inj_Or_Fatal,Lat,Long,LGA
T20150016093,Wet,Raining,Collision with vehicle,Tuesday,Dusk/Dawn,50,2015/07/14,16:05:00,No,2.0,1.0,-35.33898898,143.5565981,SWAN HILL
T20150016097,Wet,Clear,Vehicle overturned (no collision),Sunday,Dark Street lights unknown,80,2015/08/02,18:55:00,Yes,2.0,1.0,-38.02222025,144.3901576,GREATER GEELONG
T20150016098,Wet,Raining,Collision with a fixed object,Sunday,Dusk/Dawn,100,2015/08/02,17:09:00,No,1.0,1.0,-37.47463083,143.6697865,BALLARAT
T20150016108,Wet,Raining,Collision with a fixed object,Sunday,Dark No street lights,110,2015/08/02,23:45:00,Yes,3.0,1.0,-37.26303051,145.0559733,MITCHELL
T20150016114,Dry,Clear,Collision with a fixed object,Sunday,Day,100,2015/08/02,14:00:00,No,2.0,1.0,-37.5161486,148.1640194,EAST GIPPSLAND
T20150016118,Dry,Clear,Collision with vehicle,Sunday,Day,60,2015/08/02,12:00:00,No,7.0,1.0,-37.0473198,143.8158501,CENTRAL GOLDFIELDS
T20150016133,Wet,Raining,Collision with vehicle,Monday,Day,50,2015/08/03,12:10:00,No,2.0,1.0,-37.57067988,143.842579,BALLARAT
T20150016142,Wet,Clear,Struck animal,Thursday,Dusk/Dawn,100,2015/07/30,07:20:00,No,1.0,1.0,-37.37312005,143.3688408,PYRENEES
T20150016149,Unknown,Not known,Struck animal,Thursday,Dusk/Dawn,60,2015/07/30,16:00:00,No,1.0,1.0,-37.68405057,144.4944335,MOORABOOL
T20150016152,Wet,Clear,No collision and no object struck,Friday,Day,100,2015/07/31,09:30:00,No,1.0,1.0,-36.93158008,147.4705241,EAST GIPPSLAND
T20150016154,Dry,Clear,Collision with a fixed object,Wednesday,Dark No street lights,100,2015/07/15,21:45:00,Yes,1.0,1.0,-36.73912317,145.5796893,STRATHBOGIE
T20150016163,Dry,Clear,Collision with a fixed object,Monday,Day,100,2015/08/03,15:14:00,No,1.0,1.0,-38.26111676,143.9216593,SURF COAST
T20150016167,Dry,Clear,Collision with a fixed object,Thursday,Dark No street lights,110,2015/02/12,04:00:00,Yes,1.0,1.0,-36.6461509,145.7206906,STRATHBOGIE
T20150016170,Wet,Raining,Vehicle overturned (no collision),Monday,Day,100,2015/08/03,16:45:00,No,2.0,2.0,-38.60437004,145.9702708,SOUTH GIPPSLAND
T20150016199,Dry,Clear,Collision with vehicle,Tuesday,Day,60,2015/08/04,08:40:00,No,2.0,1.0,-36.11578037,146.8700296,WODONGA
T20150016218,Dry,Clear,Collision with a fixed object,Tuesday,Day,80,2015/08/04,15:40:00,No,2.0,2.0,-37.54045924,144.6416473,MACEDON RANGES
T20150016222,Dry,Clear,Collision with vehicle,Tuesday,Day,50,2015/08/04,14:29:00,No,2.0,1.0,-38.1694201,144.3723316,GREATER GEELONG
T20150016232,Dry,Clear,Collision with vehicle,Friday,Day,60,2015/06/12,09:00:00,No,3.0,2.0,-36.76628678,144.2922578,GREATER BENDIGO
T20150016240,Wet,Clear,Collision with vehicle,Tuesday,Day,60,2015/08/04,16:38:00,No,3.0,2.0,-38.35653407,141.6112034,GLENELG
T20150016253,Dry,Clear,Collision with vehicle,Sunday,Day,60,2015/06/21,14:48:00,No,2.0,1.0,-36.71698551,144.246714,GREATER BENDIGO
T20150016261,Wet,Clear,Collision with vehicle,Wednesday,Day,110,2015/08/05,09:15:00,No,2.0,1.0,-37.44173,144.9817398,MITCHELL
T20150016263,Dry,Clear,Collision with vehicle,Wednesday,Day,60,2015/08/05,10:45:00,No,3.0,2.0,-38.17493036,144.3179432,GREATER GEELONG
T20150016274,Wet,Clear,collision with some other object,Wednesday,Day,50,2015/08/05,12:42:00,No,1.0,1.0,-37.5671465,143.8582657,BALLARAT
T20150016276,Wet,Raining,No collision and no object struck,Wednesday,Day,70,2015/08/05,14:38:00,No,1.0,1.0,-38.17364618,144.4024612,GREATER GEELONG
T20150016277,Wet,Raining,Vehicle overturned (no collision),Tuesday,Dark Street lights on,50,2015/08/04,19:15:00,Yes,1.0,1.0,-36.75103091,144.2846628,GREATER BENDIGO
T20150016284,Unknown,Clear,collision with some other object,Sunday,Day,999,2015/08/02,14:00:00,No,1.0,1.0,-37.76224065,147.0098701,WELLINGTON
T20150016286,Wet,Raining,No collision and no object struck,Sunday,Day,50,2015/08/02,10:00:00,Yes,1.0,1.0,-37.11675131,145.906928,MANSFIELD
T20150016308,Wet,Raining,Collision with vehicle,Wednesday,Dark Street lights on,70,2015/08/05,21:15:00,Yes,2.0,1.0,-38.37203044,142.4926743,WARRNAMBOOL
T20150016318,Wet,Clear,Collision with a fixed object,Wednesday,Dark Street lights on,100,2015/08/05,22:45:00,Yes,3.0,3.0,-38.0649506,144.3382315,GREATER GEELONG
T20150016327,Wet,Raining,Collision with a fixed object,Thursday,Dark No street lights,100,2015/08/06,05:30:00,Yes,2.0,1.0,-38.301726,143.7730204,COLAC OTWAY
T20150016333,Icy,Raining,Collision with a fixed object,Monday,Dusk/Dawn,100,2015/08/03,07:34:00,Yes,4.0,1.0,-38.43242151,145.4978926,BASS COAST
T20150016336,Dry,Clear,Collision with vehicle,Wednesday,Dark Street lights on,50,2015/08/05,20:10:00,Yes,1.0,1.0,-38.26234039,144.5239716,GREATER GEELONG
T20150016337,Unknown,Not known,Collision with a fixed object,Sunday,Day,999,2015/07/26,14:00:00,No,1.0,1.0,-37.82790989,146.8204197,WELLINGTON
T20150016342,Dry,Clear,Collision with vehicle,Wednesday,Dusk/Dawn,60,2015/08/05,18:00:00,Yes,2.0,1.0,-37.52485415,143.8095725,BALLARAT
T20150016344,Wet,Clear,Collision with a fixed object,Thursday,Day,100,2015/08/06,08:25:00,No,1.0,1.0,-38.41068046,146.7183603,WELLINGTON
T20150016346,Wet,Clear,Collision with a fixed object,Saturday,Day,100,2015/08/01,11:15:00,No,1.0,1.0,-37.99812863,146.7784847,WELLINGTON
T20150016348,Wet,Fog,Collision with a fixed object,Thursday,Dusk/Dawn,100,2015/08/06,07:30:00,No,1.0,1.0,-36.65057847,141.660219,WEST WIMMERA
T20150016359,Dry,Clear,Collision with a fixed object,Saturday,Dark No street lights,60,2015/02/07,00:30:00,Yes,2.0,1.0,-37.38867007,144.1734504,HEPBURN
T20150016360,Wet,Raining,Collision with vehicle,Thursday,Day,50,2015/08/06,09:00:00,No,4.0,3.0,-37.57060173,143.8331607,BALLARAT
T20150016364,Wet,Clear,Collision with vehicle,Thursday,Day,70,2015/08/06,15:05:00,No,3.0,2.0,-38.0532099,144.3583548,GREATER GEELONG
T20150016376,Dry,Clear,Collision with vehicle,Thursday,Day,80,2015/08/06,14:00:00,No,89.0,2.0,-36.52329167,146.0366461,BENALLA
T20150016378,Wet,Raining,Collision with a fixed object,Thursday,Day,100,2015/08/06,15:45:00,No,1.0,1.0,-38.18300743,144.5321205,GREATER GEELONG
T20150016382,Snowy,Snowing,Vehicle overturned (no collision),Sunday,Day,80,2015/07/26,15:55:00,No,7.0,1.0,-37.51389976,145.8726983,LAKE MOUNTAIN ALPINE RESORT (UNINC)
T20150016387,Wet,Not known,Collision with vehicle,Thursday,Dusk/Dawn,100,2015/08/06,17:00:00,No,2.0,1.0,-37.98523028,146.693801,WELLINGTON
T20150016393,Wet,Raining,Collision with a fixed object,Thursday,Dark No street lights,100,2015/08/06,18:45:00,Yes,4.0,4.0,-37.11583065,145.6058165,MURRINDINDI
T20150016394,Wet,Raining,Collision with vehicle,Thursday,Dark Street lights on,60,2015/08/06,21:30:00,Yes,3.0,1.0,-37.41340637,144.9823285,MITCHELL
T20150016395,Dry,Clear,Collision with vehicle,Thursday,Day,50,2015/08/06,15:29:00,No,4.0,4.0,-36.70534632,142.2009123,HORSHAM
T20150016398,Wet,Raining,Struck Pedestrian,Thursday,Dark No street lights,50,2015/08/06,23:00:00,Yes,2.0,1.0,-36.77713251,144.3012487,GREATER BENDIGO
T20150016414,Dry,Clear,Collision with vehicle,Friday,Day,60,2015/08/07,09:15:00,No,3.0,2.0,-38.1760062,144.5670054,GREATER GEELONG
T20150016418,Dry,Clear,Collision with a fixed object,Friday,Dusk/Dawn,100,2015/08/07,07:30:00,No,1.0,1.0,-37.28683525,144.535108,MACEDON RANGES
T20150016440,Dry,Clear,Collision with vehicle,Friday,Day,50,2015/08/07,15:02:00,No,2.0,1.0,-36.12629821,146.9016527,WODONGA
T20150016451,Dry,Clear,Collision with a fixed object,Friday,Day,100,2015/08/07,15:45:00,No,3.0,3.0,-36.87617,145.0854018,MITCHELL
T20150016455,Unknown,Not known,Collision with a fixed object,Friday,Dark No street lights,100,2015/08/07,02:05:00,Yes,2.0,2.0,-36.12864992,142.8625494,BULOKE
T20150016463,Dry,Clear,Collision with vehicle,Friday,Dark Street lights on,50,2015/08/07,18:45:00,Yes,5.0,1.0,-35.34163351,143.555964,SWAN HILL
T20150016470,Wet,Clear,Collision with vehicle,Friday,Dark Street lights on,60,2015/08/07,18:15:00,Yes,2.0,2.0,-38.09709045,144.365114,GREATER GEELONG
T20150016472,Dry,Clear,Collision with vehicle,Friday,Dark Street lights on,60,2015/08/07,18:15:00,Yes,4.0,3.0,-37.55205621,143.7854727,BALLARAT
T20150016478,Dry,Fog,Vehicle overturned (no collision),Friday,Dark No street lights,100,2015/08/07,22:35:00,Yes,1.0,1.0,-37.74461963,144.4461066,MOORABOOL
T20150016480,Dry,Fog,Collision with a fixed object,Saturday,Dark No street lights,100,2015/08/08,01:00:00,Yes,1.0,1.0,-35.99886811,145.4771077,MOIRA
T20150016492,Dry,Clear,Collision with vehicle,Saturday,Day,80,2015/08/08,08:30:00,No,3.0,1.0,-36.73172494,144.1346957,GREATER BENDIGO
T20150016493,Wet,Raining,Collision with a fixed object,Saturday,Dusk/Dawn,60,2015/08/08,07:25:00,Yes,1.0,1.0,-37.53730066,145.3397891,MURRINDINDI
T20150016520,Dry,Clear,No collision and no object struck,Saturday,Day,999,2015/08/08,12:20:00,No,1.0,1.0,-35.86245584,141.7139014,HINDMARSH
T20150016532,Dry,Clear,Collision with vehicle,Saturday,Dark Street lights on,50,2015/08/08,02:15:00,Yes,2.0,1.0,-38.17644693,144.3511406,GREATER GEELONG
T20150016548,Dry,Clear,Collision with a fixed object,Sunday,Dark No street lights,100,2015/08/09,03:00:00,Yes,1.0,1.0,-37.88770556,146.9418,WELLINGTON
T20150016551,Wet,Raining,Collision with vehicle,Thursday,Dark Street lights on,60,2015/07/30,19:07:00,Yes,2.0,1.0,-37.82563574,147.6154858,EAST GIPPSLAND
T20150016553,Dry,Clear,Collision with vehicle,Sunday,Day,100,2015/08/09,09:00:00,No,4.0,1.0,-36.50721978,145.9687765,BENALLA
T20150016557,Unknown,Not known,No collision and no object struck,Saturday,Dark Street lights unknown,60,2015/07/04,01:30:00,Yes,1.0,1.0,-38.12727892,144.3459321,GREATER GEELONG
T20150016558,Dry,Clear,Collision with vehicle,Sunday,Day,50,2015/08/09,09:10:00,Yes,3.0,1.0,-38.16899696,144.376109,GREATER GEELONG
T20150016562,Dry,Clear,Struck animal,Sunday,Day,100,2015/08/09,11:20:00,No,1.0,1.0,-37.22795982,142.5388882,NORTHERN GRAMPIANS
T20150016568,Dry,Clear,Collision with a fixed object,Sunday,Day,100,2015/08/09,13:25:00,No,4.0,4.0,-37.80002927,147.3407303,EAST GIPPSLAND
T20150016581,Wet,Clear,Collision with vehicle,Sunday,Dark Street lights on,70,2015/08/09,18:41:00,Yes,3.0,1.0,-37.55621254,143.8199983,BALLARAT
T20150016596,Muddy,Clear,Collision with a fixed object,Sunday,Day,999,2015/08/09,14:20:00,No,1.0,1.0,-36.31956312,147.5257973,TOWONG
T20150016597,Dry,Clear,Struck Pedestrian,Sunday,Dark Street lights on,60,2015/08/09,18:00:00,Yes,2.0,1.0,-38.10758008,147.0683171,WELLINGTON
T20150016601,Wet,Raining,Collision with vehicle,Friday,Day,60,2015/07/17,11:51:00,No,2.0,1.0,-38.09690993,144.3460995,GREATER GEELONG
T20150016606,Dry,Clear,No collision and no object struck,Sunday,Day,60,2015/08/09,09:40:00,Yes,1.0,1.0,-38.13162158,145.8608672,BAW BAW
T20150016611,Dry,Clear,Struck Pedestrian,Monday,Day,70,2015/08/10,11:15:00,No,2.0,1.0,-36.13892295,144.7507884,CAMPASPE
T20150016615,Dry,Clear,Collision with vehicle,Monday,Day,60,2015/08/10,11:20:00,No,2.0,1.0,-37.55746035,143.848063,BALLARAT
T20150016617,Dry,Clear,Collision with vehicle,Monday,Day,60,2015/08/10,12:00:00,No,2.0,2.0,-36.37440253,145.4034909,GREATER SHEPPARTON
T20150016619,Dry,Clear,Collision with vehicle,Monday,Day,100,2015/08/10,11:20:00,No,6.0,1.0,-34.33240231,142.1864765,MILDURA
T20150016621,Dry,Clear,Collision with vehicle,Monday,Day,60,2015/08/10,12:30:00,No,2.0,1.0,-38.19452161,146.5421888,LATROBE
T20150016622,Dry,Clear,Collision with vehicle,Monday,Day,50,2015/08/10,12:45:00,No,1.0,1.0,-37.55066024,143.8688721,BALLARAT
T20150016635,Dry,Clear,Collision with a fixed object,Monday,Day,60,2015/08/10,11:00:00,No,2.0,2.0,-36.92666019,144.7155495,GREATER BENDIGO
T20150016639,Wet,Raining,Collision with a fixed object,Wednesday,Dark No street lights,80,2015/08/05,23:00:00,Yes,1.0,1.0,-38.73532694,143.6836073,COLAC OTWAY
T20150016647,Wet,Raining,Struck animal,Monday,Dusk/Dawn,100,2015/08/10,18:50:00,Yes,3.0,3.0,-38.59953469,145.7789032,BASS COAST
T20150016660,Dry,Clear,Collision with vehicle,Monday,Dark Street lights on,50,2015/08/10,21:20:00,Yes,1.0,1.0,-38.11966882,144.3318102,GREATER GEELONG
T20150016669,Wet,Raining,Collision with vehicle,Friday,Dark No street lights,80,2015/07/24,18:05:00,Yes,5.0,1.0,-38.18340293,144.4404289,GREATER GEELONG
T20150016673,Dry,Clear,Collision with vehicle,Saturday,Day,60,2015/06/13,11:15:00,No,4.0,1.0,-37.54136614,143.8413808,BALLARAT
T20150016676,Dry,Clear,Collision with vehicle,Tuesday,Day,50,2015/08/11,08:45:00,No,2.0,1.0,-36.12217245,146.8710209,WODONGA
T20150016680,Dry,Clear,Collision with vehicle,Tuesday,Day,60,2015/08/11,10:05:00,No,3.0,2.0,-38.13639188,145.8627459,BAW BAW
T20150016688,Dry,Clear,Struck animal,Saturday,Dark No street lights,100,2015/08/08,18:20:00,Yes,1.0,1.0,-36.68096314,144.3739326,GREATER BENDIGO
T20150016694,Wet,Raining,Collision with vehicle,Friday,Dark Street lights on,50,2015/04/17,22:00:00,Yes,2.0,1.0,-37.58649194,143.8191053,BALLARAT
T20150016699,Wet,Not known,Collision with a fixed object,Saturday,Dark No street lights,100,2015/08/08,02:00:00,Yes,1.0,1.0,-38.66862896,146.2247576,SOUTH GIPPSLAND
T20150016702,Dry,Clear,Vehicle overturned (no collision),Tuesday,Day,100,2015/08/11,11:00:00,No,1.0,1.0,-37.83009979,147.2378357,WELLINGTON
T20150016704,Wet,Raining,Collision with a fixed object,Tuesday,Day,100,2015/08/11,09:40:00,No,1.0,1.0,-37.34540965,144.67025,MACEDON RANGES
T20150016706,Dry,Clear,Collision with vehicle,Monday,Day,50,2015/08/10,08:10:00,No,2.0,1.0,-34.5842663,142.7743271,SWAN HILL
T20150016709,Dry,Clear,Struck animal,Tuesday,Dusk/Dawn,100,2015/08/11,06:55:00,No,1.0,1.0,-38.56972587,145.8391519,SOUTH GIPPSLAND
T20150016712,Dry,Clear,Collision with vehicle,Tuesday,Day,80,2015/08/11,15:50:00,No,3.0,1.0,-36.5862128,145.9607123,BENALLA
T20150016737,Wet,Raining,Struck animal,Thursday,Dark No street lights,100,2015/08/06,21:45:00,Yes,1.0,1.0,-37.38784087,144.8872065,MACEDON RANGES
T20150016746,Dry,Clear,Collision with a fixed object,Tuesday,Dark Street lights on,80,2015/08/11,20:57:00,Yes,3.0,3.0,-38.18951696,146.5682992,LATROBE
T20150016758,Dry,Clear,Collision with a fixed object,Thursday,Dusk/Dawn,110,2015/08/06,07:30:00,No,3.0,2.0,-35.0944074,142.3293035,MILDURA
T20150016759,Wet,Raining,Collision with vehicle,Wednesday,Dusk/Dawn,100,2015/08/12,07:00:00,No,2.0,2.0,-36.32117015,145.2944799,GREATER SHEPPARTON
T20150016774,Dry,Clear,Collision with vehicle,Thursday,Day,50,2015/07/16,13:25:00,No,2.0,1.0,-34.16651197,142.0608612,MILDURA
T20150016777,Wet,Clear,Vehicle overturned (no collision),Wednesday,Day,110,2015/08/12,11:20:00,No,1.0,1.0,-37.40022748,145.0186559,MITCHELL
T20150016786,Wet,Raining,Collision with a fixed object,Wednesday,Day,100,2015/08/12,08:45:00,No,1.0,1.0,-36.02529005,145.6546199,MOIRA
T20150016791,Wet,Raining,Struck Pedestrian,Wednesday,Day,40,2015/08/12,14:15:00,No,3.0,1.0,-38.16667017,144.4224015,GREATER GEELONG
T20150016792,Dry,Clear,Collision with vehicle,Tuesday,Day,50,2015/08/11,15:10:00,No,2.0,1.0,-36.77635816,144.284397,GREATER BENDIGO
T20150016794,Dry,Clear,collision with some other object,Tuesday,Day,100,2015/08/04,12:15:00,No,2.0,1.0,-36.65156234,144.3795896,GREATER BENDIGO
T20150016796,Wet,Raining,Collision with vehicle,Wednesday,Day,100,2015/08/12,15:35:00,No,2.0,1.0,-36.66268372,144.4519765,GREATER BENDIGO
T20150016803,Dry,Clear,Collision with vehicle,Wednesday,Day,50,2015/08/12,08:56:00,No,3.0,1.0,-37.58705985,143.8305986,BALLARAT
T20150016805,Wet,Not known,Vehicle overturned (no collision),Wednesday,Day,60,2015/08/12,16:30:00,No,2.0,1.0,-38.09468941,144.365585,GREATER GEELONG
T20150016806,Wet,Clear,Struck animal,Wednesday,Dark No street lights,100,2015/08/12,19:30:00,Yes,2.0,2.0,-36.75537266,147.0202656,ALPINE
T20150016807,Wet,Clear,Collision with vehicle,Wednesday,Dark No street lights,90,2015/08/12,19:00:00,Yes,2.0,2.0,-36.75405955,144.2201822,GREATER BENDIGO
T20150016811,Dry,Clear,Collision with a fixed object,Tuesday,Dark Street lights on,60,2015/08/11,23:35:00,Yes,1.0,1.0,-38.33589653,141.6042343,GLENELG
T20150016812,Dry,Clear,Collision with vehicle,Wednesday,Dark Street lights on,60,2015/08/12,06:00:00,Yes,2.0,1.0,-38.38827807,142.4833818,WARRNAMBOOL
T20150016818,Wet,Clear,Collision with a fixed object,Wednesday,Dark Street lights on,80,2015/08/12,23:35:00,Yes,1.0,1.0,-36.79982092,144.2430924,GREATER BENDIGO
T20150016820,Wet,Not known,Collision with vehicle,Wednesday,Dark No street lights,60,2015/08/12,22:30:00,Yes,2.0,1.0,-38.14332344,144.3149664,GREATER GEELONG
T20150016821,Dry,Clear,Collision with vehicle,Wednesday,Day,60,2015/07/29,09:30:00,No,2.0,1.0,-38.11873135,144.3325125,GREATER GEELONG
T20150016837,Wet,Not known,No collision and no object struck,Monday,Dark Street lights on,50,2015/04/20,00:30:00,Yes,3.0,1.0,-37.06126806,142.7850328,NORTHERN GRAMPIANS
T20150016838,Wet,Clear,Collision with a fixed object,Thursday,Day,60,2015/08/13,09:25:00,No,1.0,1.0,-37.78583943,147.6518857,EAST GIPPSLAND
T20150016861,Dry,Clear,No collision and no object struck,Thursday,Day,60,2015/08/13,14:50:00,No,1.0,1.0,-38.1671008,145.9468893,BAW BAW
T20150016862,Dry,Clear,Struck Pedestrian,Thursday,Day,80,2015/08/13,11:08:00,No,3.0,3.0,-38.09003022,144.3566418,GREATER GEELONG
T20150016869,Dry,Clear,Collision with vehicle,Thursday,Day,50,2015/08/13,16:10:00,No,2.0,1.0,-36.11798622,146.8733995,WODONGA
T20150016872,Dry,Clear,Collision with vehicle,Thursday,Dark Street lights on,60,2015/08/13,17:30:00,No,2.0,1.0,-37.41783999,144.9790098,MITCHELL
T20150016874,Unknown,Not known,Collision with vehicle,Wednesday,Day,60,2015/08/12,12:01:00,No,3.0,1.0,-36.78055428,144.2534282,GREATER BENDIGO
T20150016877,Dry,Clear,Collision with vehicle,Thursday,Dusk/Dawn,50,2015/08/13,17:05:00,No,4.0,1.0,-38.14727975,144.3470278,GREATER GEELONG
T20150016878,Dry,Clear,Collision with vehicle,Thursday,Dusk/Dawn,60,2015/08/13,17:20:00,No,2.0,1.0,-38.12948705,144.3291797,GREATER GEELONG
T20150016879,Unknown,Not known,collision with some other object,Saturday,Unknown,999,2015/08/01,19:00:00,Yes,2.0,1.0,-36.86080277,147.0709414,ALPINE
T20150016881,Dry,Clear,Collision with a fixed object,Thursday,Dusk/Dawn,100,2015/08/13,17:05:00,No,2.0,2.0,-36.62554513,142.61203,YARRIAMBIACK
T20150016886,Dry,Clear,Struck Pedestrian,Thursday,Dark Street lights on,60,2015/08/13,21:35:00,Yes,1.0,1.0,-38.20635974,144.3028579,GREATER GEELONG
T20150016895,Wet,Not known,Collision with a fixed object,Monday,Dark Street lights on,70,2015/04/27,22:32:00,Yes,1.0,1.0,-38.1020497,144.3544271,GREATER GEELONG
T20150016905,Wet,Clear,No collision and no object struck,Tuesday,Day,90,2015/08/11,16:00:00,No,2.0,1.0,-38.14089886,146.3984228,LATROBE
T20150016907,Unknown,Not known,Collision with a fixed object,Thursday,Day,100,2015/08/06,15:00:00,No,1.0,1.0,-37.2842244,145.001895,MITCHELL
T20150016912,Wet,Clear,Collision with a fixed object,Thursday,Day,60,2015/08/13,08:05:00,No,1.0,1.0,-38.15275748,144.3722309,GREATER GEELONG
T20150016913,Muddy,Not known,No collision and no object struck,Friday,Day,999,2015/08/07,09:30:00,No,1.0,1.0,-37.46888098,145.4218698,MURRINDINDI
T20150016917,Dry,Clear,Struck animal,Friday,Day,100,2015/08/14,09:40:00,No,2.0,1.0,-37.01245382,144.9366099,MITCHELL
T20150016927,Wet,Clear,Collision with vehicle,Wednesday,Day,50,2015/08/12,16:20:00,No,2.0,1.0,-38.18004356,144.3887594,GREATER GEELONG
T20150016932,Dry,Clear,Collision with vehicle,Friday,Day,100,2015/08/14,11:10:00,No,2.0,2.0,-38.11852586,146.8626979,WELLINGTON
T20150016942,Dry,Clear,Collision with a fixed object,Friday,Day,60,2015/08/14,16:00:00,Yes,2.0,1.0,-36.71369035,146.79676,ALPINE
T20150016959,Dry,Clear,Collision with vehicle,Friday,Dark No street lights,110,2015/08/14,18:54:00,Yes,3.0,1.0,-37.61457344,144.3334372,MOORABOOL
T20150016981,Dry,Clear,Collision with vehicle,Saturday,Day,100,2015/08/15,09:15:00,No,2.0,1.0,-37.55840552,141.5030325,GLENELG
T20150016985,Dry,Clear,Collision with vehicle,Saturday,Day,60,2015/08/15,12:00:00,No,3.0,2.0,-37.53531241,143.8493916,BALLARAT
T20150016987,Dry,Clear,Collision with vehicle,Saturday,Day,60,2015/08/15,09:45:00,No,2.0,1.0,-36.76347183,144.2705802,GREATER BENDIGO
T20150016988,Dry,Clear,Collision with vehicle,Saturday,Day,50,2015/08/15,13:00:00,No,2.0,1.0,-38.32725623,141.5925664,GLENELG
T20150016993,Dry,Clear,Collision with vehicle,Saturday,Unknown,60,2015/08/15,12:07:00,No,2.0,1.0,-34.19563585,142.1698489,MILDURA
T20150016997,Dry,Clear,Collision with a fixed object,Saturday,Day,100,2015/08/15,12:10:00,No,4.0,4.0,-36.69153,145.3183146,STRATHBOGIE
T20150017005,Dry,Clear,Collision with vehicle,Saturday,Day,50,2015/08/15,16:48:00,Yes,2.0,1.0,-36.91671492,144.7085661,GREATER BENDIGO
T20150017021,Dry,Clear,Collision with vehicle,Saturday,Day,50,2015/08/15,15:42:00,Yes,2.0,1.0,-38.14469165,144.3635189,GREATER GEELONG
T20150017023,Dry,Clear,Struck Pedestrian,Saturday,Dark No street lights,50,2015/08/15,18:10:00,Yes,3.0,2.0,-37.82092228,147.8648397,EAST GIPPSLAND
T20150017024,Dry,Clear,Collision with vehicle,Saturday,Dark Street lights on,50,2015/08/15,20:20:00,Yes,1.0,1.0,-37.59106018,143.8173117,BALLARAT
T20150017040,Dry,Clear,Struck animal,Sunday,Dark No street lights,100,2015/08/16,02:30:00,Yes,1.0,1.0,-37.9321327,141.2945691,GLENELG
T20150017044,Dry,Fog,Collision with vehicle,Sunday,Dark Street lights on,60,2015/08/16,03:30:00,Yes,2.0,2.0,-38.15201339,145.9333094,BAW BAW
T20150017051,Dry,Fog,Struck animal,Sunday,Dark No street lights,100,2015/08/16,06:00:00,Yes,8.0,1.0,-38.10858462,146.8940626,WELLINGTON
T20150017052,Dry,Clear,Collision with vehicle,Thursday,Day,60,2015/04/23,08:10:00,No,3.0,1.0,-36.76347183,144.2705802,GREATER BENDIGO
T20150017063,Dry,Clear,Collision with a fixed object,Sunday,Day,80,2015/08/16,12:15:00,No,1.0,1.0,-38.07680124,144.3331828,GREATER GEELONG
T20150017066,Dry,Clear,Collision with vehicle,Sunday,Day,100,2015/08/16,11:25:00,No,4.0,2.0,-36.888421,144.1427026,GREATER BENDIGO
T20150017072,Dry,Clear,Collision with vehicle,Sunday,Day,60,2015/08/16,13:45:00,No,3.0,3.0,-36.74730906,144.2926381,GREATER BENDIGO
T20150017074,Dry,Clear,Collision with a fixed object,Sunday,Day,100,2015/08/16,08:55:00,Yes,1.0,1.0,-38.05286997,144.2946597,GREATER GEELONG
T20150017088,Dry,Clear,Collision with vehicle,Sunday,Dark No street lights,100,2015/08/16,19:15:00,Yes,3.0,1.0,-36.61296,144.1995231,GREATER BENDIGO
T20150017089,Wet,Not known,No collision and no object struck,Saturday,Dark Street lights unknown,50,2015/07/11,21:30:00,Yes,1.0,1.0,-36.7601602,144.2819724,GREATER BENDIGO
T20150017097,Dry,Clear,Collision with a fixed object,Sunday,Dark No street lights,100,2015/08/16,22:45:00,Yes,1.0,1.0,-38.00702771,141.4562816,GLENELG
T20150017099,Dry,Fog,Struck animal,Tuesday,Dark No street lights,80,2015/08/11,05:20:00,Yes,1.0,1.0,-36.78868131,144.333069,GREATER BENDIGO
T20150017102,Wet,Raining,Collision with vehicle,Monday,Dark No street lights,999,2015/08/17,04:00:00,Yes,1.0,1.0,-37.62394451,143.5806895,PYRENEES
T20150017103,Dry,Clear,No collision and no object struck,Sunday,Day,100,2015/08/16,13:30:00,No,1.0,1.0,-37.85526983,146.7063351,WELLINGTON
T20150017105,Dry,Clear,Struck Pedestrian,Sunday,Dark Street lights on,50,2015/08/16,00:08:00,No,3.0,2.0,-38.18241166,146.278172,LATROBE
T20150017123,Wet,Clear,Collision with a fixed object,Monday,Dusk/Dawn,100,2015/08/17,07:15:00,Yes,1.0,1.0,-37.5103621,143.8277648,BALLARAT
T20150017125,Wet,Clear,Collision with a fixed object,Monday,Day,100,2015/08/17,08:30:00,No,20.0,13.0,-38.48597539,143.0230144,CORANGAMITE
T20150017135,Wet,Clear,Collision with vehicle,Monday,Day,110,2015/08/17,12:15:00,No,2.0,1.0,-37.50640972,144.6140509,MACEDON RANGES
T20150017139,Dry,Clear,Vehicle overturned (no collision),Monday,Day,100,2015/08/17,15:00:00,No,1.0,1.0,-36.67706034,144.5218409,GREATER BENDIGO
T20150017145,Dry,Clear,Collision with vehicle,Monday,Day,100,2015/08/17,16:15:00,No,6.0,5.0,-36.01678833,146.4141442,INDIGO
T20150017149,Wet,Raining,Collision with a fixed object,Monday,Day,100,2015/08/17,15:50:00,No,1.0,1.0,-38.41941816,145.9034523,SOUTH GIPPSLAND