Accident_No,Surface_Cond_Desc,Atmosph_Cond_Desc,Accident_Type_Desc,Day,Light_Condition_Desc,Speed_Zone,Accident_Date,Accident_Time,Alcohol_Influence,Total_Persons_Inv,Inj_Or_Fatal,Lat,Long,LGA
T20150017151,Dry,Clear,Collision with a fixed object,Monday,Day,100,2015/08/17,14:40:00,No,1.0,1.0,-36.77357033,146.0084967,BENALLA
T20150017155,Wet,Raining,Collision with a fixed object,Monday,Day,100,2015/08/17,15:45:00,No,2.0,2.0,-38.27539873,146.6927133,WELLINGTON
T20150017161,Wet,Clear,Collision with vehicle,Monday,Dark No street lights,60,2015/08/17,19:20:00,Yes,4.0,2.0,-37.64211861,143.682391,GOLDEN PLAINS
T20150017183,Wet,Clear,Vehicle overturned (no collision),Sunday,Day,999,2015/08/02,15:45:00,No,1.0,1.0,-37.56655375,143.889229,BALLARAT
T20150017187,Wet,Raining,Collision with vehicle,Monday,Day,60,2015/07/06,11:55:00,No,2.0,1.0,-36.74185098,144.2660148,GREATER BENDIGO
T20150017188,Dry,Clear,Collision with vehicle,Tuesday,Day,50,2015/08/18,09:54:00,No,2.0,1.0,-38.11064934,144.3345268,GREATER GEELONG
T20150017195,Dry,Clear,Vehicle overturned (no collision),Saturday,Day,999,2015/08/15,15:30:00,Yes,1.0,1.0,-36.27315082,146.6264566,INDIGO
T20150017199,Dry,Clear,Collision with vehicle,Sunday,Day,70,2015/06/28,13:15:00,No,5.0,1.0,-36.80263836,144.2423217,GREATER BENDIGO
T20150017213,Dry,Clear,Vehicle overturned (no collision),Monday,Dark No street lights,100,2015/08/17,20:20:00,Yes,2.0,1.0,-37.28821988,144.52874,MACEDON RANGES
T20150017218,Wet,Clear,Vehicle overturned (no collision),Tuesday,Day,100,2015/08/18,09:00:00,No,1.0,1.0,-38.34899063,143.4039003,COLAC OTWAY
T20150017219,Wet,Clear,Collision with a fixed object,Tuesday,Day,100,2015/08/18,12:15:00,No,3.0,3.0,-38.62647996,146.3573351,SOUTH GIPPSLAND
T20150017221,Dry,Clear,Collision with a fixed object,Tuesday,Day,50,2015/08/18,11:19:00,No,1.0,1.0,-37.83003892,147.619855,EAST GIPPSLAND
T20150017223,Dry,Clear,Collision with vehicle,Tuesday,Day,60,2015/08/18,14:00:00,No,2.0,1.0,-37.57332434,143.8451639,BALLARAT
T20150017227,Wet,Clear,Collision with vehicle,Tuesday,Day,100,2015/08/18,14:58:00,No,2.0,2.0,-38.20089042,146.479006,LATROBE
T20150017228,Dry,Clear,Collision with vehicle,Tuesday,Day,50,2015/08/18,15:45:00,No,2.0,1.0,-37.04391946,143.7395106,CENTRAL GOLDFIELDS
T20150017230,Dry,Clear,Collision with vehicle,Tuesday,Dusk/Dawn,60,2015/08/18,17:20:00,No,5.0,1.0,-36.72304957,142.2049392,HORSHAM
T20150017233,Dry,Clear,Collision with vehicle,Tuesday,Day,60,2015/08/18,17:20:00,No,2.0,1.0,-38.38187451,142.4880103,WARRNAMBOOL
T20150017240,Dry,Clear,Struck Pedestrian,Tuesday,Day,50,2015/08/18,15:05:00,No,2.0,1.0,-38.15084803,144.3653409,GREATER GEELONG
T20150017248,Dry,Clear,Collision with vehicle,Wednesday,Day,50,2015/08/12,15:30:00,No,3.0,1.0,-36.76337163,144.2828909,GREATER BENDIGO
T20150017254,Dry,Clear,Struck Pedestrian,Tuesday,Dark No street lights,80,2015/08/18,20:16:00,Yes,2.0,1.0,-36.54171874,146.0136492,BENALLA
T20150017255,Dry,Clear,Struck Pedestrian,Tuesday,Dark Street lights on,90,2015/08/18,19:00:00,Yes,2.0,1.0,-37.86169025,148.0268103,EAST GIPPSLAND
T20150017267,Dry,Clear,Collision with a fixed object,Tuesday,Day,100,2015/08/18,16:45:00,No,1.0,1.0,-38.55131009,143.4018396,COLAC OTWAY
T20150017272,Dry,Clear,Collision with vehicle,Wednesday,Day,90,2015/08/19,09:50:00,No,3.0,1.0,-36.76995512,144.344082,GREATER BENDIGO
T20150017298,Dry,Clear,Collision with vehicle,Wednesday,Dusk/Dawn,80,2015/08/19,17:16:00,No,4.0,4.0,-37.52886058,143.813159,BALLARAT
T20150017305,Dry,Clear,Collision with vehicle,Wednesday,Day,100,2015/08/19,16:15:00,No,4.0,2.0,-36.778588,145.9422007,BENALLA
T20150017307,Dry,Clear,Collision with vehicle,Wednesday,Day,999,2015/08/19,15:20:00,No,5.0,2.0,-34.15957792,142.1593223,MILDURA
T20150017315,Dry,Clear,Collision with a fixed object,Wednesday,Dark No street lights,100,2015/08/19,18:00:00,Yes,1.0,1.0,-37.6169734,147.8828146,EAST GIPPSLAND
T20150017317,Dry,Clear,Collision with a fixed object,Wednesday,Dark No street lights,100,2015/08/19,18:20:00,Yes,1.0,1.0,-36.14542687,145.13612,MOIRA
T20150017341,Dry,Clear,Collision with vehicle,Thursday,Dusk/Dawn,100,2015/08/20,07:15:00,No,2.0,1.0,-37.42546046,144.7286135,MACEDON RANGES
T20150017343,Dry,Clear,Collision with vehicle,Wednesday,Dark Street lights on,60,2015/08/19,21:30:00,Yes,2.0,1.0,-36.11007989,146.8939393,WODONGA
T20150017354,Dry,Clear,Collision with vehicle,Thursday,Day,50,2015/08/20,13:04:00,No,4.0,1.0,-37.55548126,143.8574432,BALLARAT
T20150017356,Dry,Clear,Collision with vehicle,Thursday,Day,100,2015/08/20,10:11:00,No,2.0,1.0,-37.68310116,143.0757942,PYRENEES
T20150017362,Dry,Clear,Collision with vehicle,Thursday,Day,100,2015/08/20,11:40:00,No,2.0,2.0,-38.21080092,143.1462594,CORANGAMITE
T20150017363,Dry,Not known,Collision with vehicle,Tuesday,Unknown,50,2015/07/14,15:00:00,No,3.0,1.0,-36.31352594,145.0407411,CAMPASPE
T20150017380,Dry,Clear,Collision with vehicle,Thursday,Day,70,2015/08/20,13:40:00,No,2.0,1.0,-38.17266949,144.3989202,GREATER GEELONG
T20150017393,Dry,Clear,Collision with vehicle,Thursday,Dark Street lights on,60,2015/08/20,21:15:00,Yes,4.0,2.0,-38.15865582,145.9213192,BAW BAW
T20150017395,Dry,Clear,Collision with vehicle,Thursday,Dark Street lights off,70,2015/08/20,20:30:00,Yes,4.0,2.0,-38.36160335,142.4551583,WARRNAMBOOL
T20150017417,Dry,Clear,Collision with vehicle,Friday,Day,50,2015/08/21,10:50:00,No,2.0,2.0,-38.17248494,144.566194,GREATER GEELONG
T20150017428,Dry,Clear,Collision with vehicle,Saturday,Day,80,2015/08/01,15:30:00,No,2.0,1.0,-38.0586183,144.3582397,GREATER GEELONG
T20150017430,Dry,Clear,Collision with a fixed object,Friday,Day,100,2015/08/21,12:10:00,No,1.0,1.0,-37.77217847,147.6759615,EAST GIPPSLAND
T20150017435,Dry,Clear,Collision with vehicle,Friday,Day,100,2015/08/21,13:00:00,No,6.0,2.0,-36.42970933,144.6530185,GREATER BENDIGO
T20150017442,Dry,Clear,Collision with vehicle,Friday,Day,50,2015/08/21,16:00:00,No,2.0,1.0,-38.18441315,144.3500085,GREATER GEELONG
T20150017444,Dry,Clear,Collision with vehicle,Friday,Dusk/Dawn,80,2015/08/21,17:25:00,Yes,5.0,4.0,-35.92045466,145.6403756,MOIRA
T20150017445,Wet,Raining,Collision with vehicle,Thursday,Dark No street lights,80,2015/07/30,17:23:00,No,3.0,1.0,-37.52781438,143.8122274,BALLARAT
T20150017459,Wet,Clear,Collision with vehicle,Friday,Dark No street lights,100,2015/08/21,23:20:00,Yes,4.0,2.0,-37.03022039,144.2343509,MOUNT ALEXANDER
T20150017461,Dry,Clear,collision with some other object,Friday,Dark No street lights,100,2015/08/21,23:00:00,Yes,2.0,1.0,-38.25930605,141.6837486,GLENELG
T20150017466,Wet,Clear,Collision with a fixed object,Friday,Dark No street lights,100,2015/08/21,00:30:00,Yes,1.0,1.0,-38.2917901,143.1180706,CORANGAMITE
T20150017471,Wet,Clear,Collision with a fixed object,Saturday,Dark Street lights on,60,2015/08/22,04:50:00,Yes,5.0,4.0,-36.74993061,144.2837408,GREATER BENDIGO
T20150017484,Dry,Clear,Collision with vehicle,Saturday,Day,60,2015/08/22,09:10:00,No,6.0,1.0,-37.87786631,142.2902864,SOUTHERN GRAMPIANS
T20150017491,Dry,Clear,Collision with vehicle,Saturday,Day,50,2015/08/22,12:10:00,No,2.0,1.0,-36.39302448,145.3574879,GREATER SHEPPARTON
T20150017493,Dry,Clear,Vehicle overturned (no collision),Saturday,Day,100,2015/08/22,12:50:00,No,3.0,3.0,-36.87257966,145.995049,MANSFIELD
T20150017500,Dry,Clear,Collision with vehicle,Friday,Dark Street lights on,60,2015/08/21,18:30:00,Yes,2.0,1.0,-38.13394832,145.8506836,BAW BAW
T20150017512,Dry,Clear,Collision with vehicle,Saturday,Dusk/Dawn,999,2015/08/22,17:03:00,Yes,4.0,3.0,-37.18489036,144.4748346,MACEDON RANGES
T20150017519,Dry,Clear,Collision with a fixed object,Saturday,Dark No street lights,110,2015/08/22,22:54:00,Yes,1.0,1.0,-36.08046908,146.7715701,WODONGA
T20150017531,Wet,Fog,Collision with a fixed object,Sunday,Dark No street lights,100,2015/08/23,05:50:00,Yes,3.0,3.0,-38.3491148,143.4035273,COLAC OTWAY
T20150017549,Dry,Not known,No collision and no object struck,Sunday,Day,999,2015/08/16,08:30:00,Yes,1.0,1.0,-38.62942786,143.8994085,COLAC OTWAY
T20150017551,Dry,Clear,Collision with vehicle,Sunday,Day,50,2015/08/23,13:55:00,No,4.0,1.0,-37.58900684,143.8428973,BALLARAT
T20150017552,Dry,Clear,Collision with vehicle,Sunday,Day,70,2015/08/23,10:10:00,No,2.0,2.0,-38.20687848,144.3401638,GREATER GEELONG
T20150017566,Dry,Clear,Collision with a fixed object,Sunday,Dark No street lights,80,2015/08/23,20:00:00,Yes,1.0,1.0,-38.22188892,141.6224429,GLENELG
T20150017575,Dry,Clear,Collision with vehicle,Friday,Day,50,2015/06/26,15:30:00,No,2.0,1.0,-36.7729044,144.2906661,GREATER BENDIGO
T20150017587,Dry,Clear,Collision with vehicle,Friday,Dark Street lights on,60,2015/08/21,19:30:00,Yes,4.0,3.0,-37.59026,143.8408897,BALLARAT
T20150017610,Wet,Raining,Collision with a fixed object,Monday,Dusk/Dawn,100,2015/08/24,17:31:00,Yes,1.0,1.0,-38.4808395,143.5831289,COLAC OTWAY
T20150017612,Dry,Clear,Collision with vehicle,Monday,Dusk/Dawn,60,2015/08/24,17:00:00,No,3.0,1.0,-37.83869901,147.6098178,EAST GIPPSLAND
T20150017621,Dry,Fog,Vehicle overturned (no collision),Sunday,Dark No street lights,100,2015/08/23,05:10:00,Yes,3.0,3.0,-36.86988024,141.6728903,WEST WIMMERA
T20150017638,Unknown,Not known,Collision with vehicle,Tuesday,Day,100,2014/12/30,12:00:00,No,2.0,1.0,-38.20383058,144.4999595,GREATER GEELONG
T20150017644,Wet,Raining,Collision with vehicle,Tuesday,Day,50,2015/08/25,09:40:00,No,2.0,1.0,-36.1231596,146.8859171,WODONGA
T20150017662,Dry,Clear,Collision with vehicle,Tuesday,Day,60,2015/08/25,13:30:00,No,5.0,1.0,-38.19689058,144.3186986,GREATER GEELONG
T20150017669,Dry,Clear,Collision with vehicle,Tuesday,Day,60,2015/08/25,14:30:00,No,3.0,1.0,-36.4011675,145.3949964,GREATER SHEPPARTON
T20150017674,Dry,Clear,Collision with vehicle,Tuesday,Day,60,2015/08/25,09:00:00,No,3.0,2.0,-36.80644116,144.3565598,GREATER BENDIGO
T20150017701,Unknown,Clear,No collision and no object struck,Sunday,Day,999,2015/08/23,09:00:00,Yes,2.0,1.0,-37.99804107,146.0370016,BAW BAW
T20150017707,Dry,Clear,Collision with a fixed object,Wednesday,Dusk/Dawn,100,2015/08/26,07:50:00,No,1.0,1.0,-38.34930581,143.6741098,COLAC OTWAY
T20150017711,Dry,Clear,Collision with vehicle,Wednesday,Day,60,2015/08/26,09:50:00,No,2.0,1.0,-38.11142154,147.0684336,WELLINGTON
T20150017715,Dry,Clear,Vehicle overturned (no collision),Sunday,Day,100,2015/08/23,10:30:00,No,1.0,1.0,-37.99708448,146.0386718,BAW BAW
T20150017718,Dry,Clear,Collision with a fixed object,Wednesday,Day,100,2015/08/12,10:05:00,No,1.0,1.0,-38.32046907,146.6790685,WELLINGTON
T20150017719,Dry,Clear,Vehicle overturned (no collision),Saturday,Day,100,2015/08/15,10:00:00,No,1.0,1.0,-38.07716159,146.553989,LATROBE
T20150017726,Dry,Clear,Collision with a fixed object,Sunday,Dark Street lights on,60,2015/08/23,18:50:00,Yes,1.0,1.0,-37.56646809,143.8942935,BALLARAT
T20150017729,Dry,Clear,Collision with vehicle,Friday,Dusk/Dawn,60,2015/08/14,06:30:00,No,2.0,1.0,-36.13659,146.90899,WODONGA
T20150017733,Wet,Raining,Collision with vehicle,Wednesday,Day,100,2015/08/05,15:00:00,No,3.0,1.0,-38.29922577,146.3545824,LATROBE
T20150017738,Wet,Raining,Collision with vehicle,Wednesday,Day,60,2015/08/26,14:40:00,No,2.0,1.0,-36.38958979,145.4114943,GREATER SHEPPARTON
T20150017744,Dry,Clear,Vehicle overturned (no collision),Tuesday,Unknown,100,2015/08/25,10:15:00,No,1.0,1.0,-37.20791002,141.6218298,SOUTHERN GRAMPIANS
T20150017750,Wet,Clear,Collision with a fixed object,Wednesday,Dusk/Dawn,100,2015/08/26,17:30:00,No,1.0,1.0,-38.42222047,143.1710092,CORANGAMITE
T20150017751,Wet,Clear,Collision with vehicle,Wednesday,Dark Street lights on,50,2015/08/26,18:19:00,Yes,4.0,3.0,-37.58192016,143.8759109,BALLARAT
T20150017752,Dry,Clear,Collision with a fixed object,Wednesday,Dark No street lights,100,2015/08/26,17:50:00,No,1.0,1.0,-36.87416346,144.1995293,GREATER BENDIGO
T20150017761,Dry,Clear,Collision with a fixed object,Tuesday,Day,999,2015/04/21,14:15:00,No,2.0,1.0,-38.39460089,146.6081305,WELLINGTON
T20150017779,Wet,Raining,Collision with a fixed object,Thursday,Dusk/Dawn,60,2015/08/27,06:25:00,No,1.0,1.0,-38.20115996,146.5445555,LATROBE
T20150017788,Dry,Clear,Collision with a fixed object,Wednesday,Day,100,2015/08/26,15:05:00,No,1.0,1.0,-36.1911,144.6296805,CAMPASPE
T20150017791,Dry,Clear,Collision with vehicle,Thursday,Day,50,2015/08/27,10:10:00,No,1.0,1.0,-38.15814893,144.378316,GREATER GEELONG
T20150017800,Wet,Clear,collision with some other object,Thursday,Day,999,2015/08/27,11:30:00,No,1.0,1.0,-37.47373455,145.4639359,MURRINDINDI
T20150017803,Unknown,Not known,No collision and no object struck,Saturday,Dark Street lights unknown,999,2015/08/22,22:00:00,Yes,1.0,1.0,-36.93783413,145.948011,MANSFIELD
T20150017806,Wet,Raining,Collision with a fixed object,Thursday,Day,80,2015/08/27,11:40:00,No,2.0,1.0,-37.10811142,145.0927727,MITCHELL
T20150017814,Wet,Raining,Collision with a fixed object,Thursday,Day,100,2015/08/27,13:30:00,No,2.0,2.0,-35.7912127,144.0598888,GANNAWARRA
T20150017821,Dry,Clear,Vehicle overturned (no collision),Thursday,Day,100,2015/08/27,14:15:00,No,1.0,1.0,-37.91878048,142.6700397,MOYNE
T20150017832,Wet,Raining,Collision with vehicle,Thursday,Day,60,2015/08/27,16:25:00,No,3.0,1.0,-37.96411091,147.0830923,WELLINGTON
T20150017847,Wet,Raining,Collision with vehicle,Thursday,Dark No street lights,100,2015/08/27,18:15:00,Yes,8.0,3.0,-38.07451118,145.9003478,BAW BAW
T20150017849,Wet,Raining,Vehicle overturned (no collision),Thursday,Day,50,2015/08/27,16:00:00,No,1.0,1.0,-36.36006919,144.7030159,CAMPASPE
T20150017850,Wet,Raining,No collision and no object struck,Thursday,Dark No street lights,100,2015/08/27,20:00:00,Yes,1.0,1.0,-38.44129717,146.0341058,SOUTH GIPPSLAND
T20150017860,Wet,Clear,Collision with vehicle,Wednesday,Dark No street lights,60,2015/08/19,20:53:00,Yes,2.0,1.0,-38.30951198,142.3759608,MOYNE
T20150017877,Dry,Not known,Collision with vehicle,Friday,Dusk/Dawn,60,2015/07/31,08:30:00,No,2.0,1.0,-36.79097178,144.2358313,GREATER BENDIGO
T20150017890,Dry,Clear,Collision with vehicle,Saturday,Day,60,2015/07/04,14:00:00,Yes,2.0,1.0,-36.75841668,144.2680393,GREATER BENDIGO
T20150017892,Dry,Clear,Collision with vehicle,Friday,Dusk/Dawn,100,2015/08/28,06:43:00,No,3.0,1.0,-37.95660242,147.0969972,WELLINGTON
T20150017894,Dry,Clear,Collision with vehicle,Thursday,Day,80,2015/08/27,16:40:00,No,2.0,1.0,-36.31073677,145.2774472,GREATER SHEPPARTON
T20150017907,Unknown,Not known,No collision and no object struck,Sunday,Day,999,2015/08/09,15:30:00,No,1.0,1.0,-38.34428908,146.8112341,WELLINGTON
T20150017911,Wet,Clear,No collision and no object struck,Friday,Day,100,2015/08/28,12:00:00,No,1.0,1.0,-36.09261893,147.0650585,TOWONG
T20150017914,Wet,Clear,Vehicle overturned (no collision),Friday,Day,110,2015/08/28,14:30:00,No,1.0,1.0,-38.20741792,146.3177111,LATROBE
T20150017916,Dry,Clear,Collision with a fixed object,Wednesday,Day,50,2015/08/26,12:40:00,No,1.0,1.0,-35.18226051,143.3428592,SWAN HILL
T20150017920,Dry,Clear,Collision with vehicle,Friday,Day,60,2015/08/28,15:15:00,No,2.0,1.0,-35.07261178,142.3177374,MILDURA
T20150017939,Dry,Clear,Collision with vehicle,Friday,Dark Street lights on,60,2015/08/28,20:55:00,Yes,2.0,1.0,-36.1168607,146.8905588,WODONGA
T20150017947,Dry,Clear,No collision and no object struck,Saturday,Dark Street lights on,70,2015/08/29,03:30:00,Yes,1.0,1.0,-38.12501847,144.3376438,GREATER GEELONG
T20150017953,Wet,Raining,Vehicle overturned (no collision),Saturday,Day,100,2015/08/29,11:40:00,No,1.0,1.0,-38.44902889,145.8784995,SOUTH GIPPSLAND
T20150017960,Dry,Clear,Collision with vehicle,Saturday,Day,80,2015/08/29,12:10:00,No,3.0,2.0,-37.0481578,143.7812233,CENTRAL GOLDFIELDS
T20150017961,Wet,Raining,Collision with vehicle,Saturday,Day,60,2015/08/29,13:20:00,No,3.0,3.0,-38.19321841,146.5371402,LATROBE
T20150017975,Dry,Clear,Collision with vehicle,Saturday,Day,100,2015/08/29,14:35:00,Yes,2.0,2.0,-38.26568693,144.4044212,SURF COAST
T20150017976,Wet,Clear,Collision with a fixed object,Saturday,Day,100,2015/08/29,14:35:00,Yes,1.0,1.0,-37.05212025,143.2386592,PYRENEES
T20150017981,Dry,Clear,Collision with vehicle,Saturday,Day,80,2015/08/29,16:20:00,Yes,2.0,1.0,-38.05067188,144.3799581,GREATER GEELONG
T20150017982,Dry,Clear,Collision with vehicle,Saturday,Day,100,2015/08/29,09:30:00,No,2.0,1.0,-37.36434023,144.1890878,HEPBURN
T20150017994,Dry,Clear,Collision with vehicle,Saturday,Dusk/Dawn,100,2015/08/29,18:00:00,Yes,3.0,2.0,-36.35539703,146.0620443,BENALLA
T20150018007,Dry,Clear,Collision with a fixed object,Saturday,Dark No street lights,100,2015/08/29,05:00:00,Yes,2.0,1.0,-36.69820005,142.6315924,YARRIAMBIACK
T20150018011,Wet,Raining,Collision with vehicle,Saturday,Dark Street lights on,60,2015/08/29,22:55:00,Yes,2.0,1.0,-37.56709098,143.8685017,BALLARAT
T20150018029,Wet,Raining,Collision with a fixed object,Sunday,Day,110,2015/08/30,09:20:00,Yes,2.0,1.0,-37.40561124,145.0137818,MITCHELL
T20150018032,Dry,Clear,Collision with vehicle,Tuesday,Day,40,2015/07/07,13:45:00,No,2.0,1.0,-36.44011307,145.23036,GREATER SHEPPARTON
T20150018035,Dry,Clear,Collision with a fixed object,Sunday,Day,100,2015/08/30,11:55:00,No,1.0,1.0,-36.39798046,145.9815062,BENALLA
T20150018038,Dry,Clear,Collision with vehicle,Sunday,Day,50,2015/08/30,12:20:00,No,4.0,1.0,-37.82699359,147.6257712,EAST GIPPSLAND
T20150018061,Dry,Clear,Collision with a fixed object,Sunday,Dark No street lights,100,2015/08/30,19:00:00,Yes,1.0,1.0,-38.03639031,143.9808219,GOLDEN PLAINS
T20150018069,Dry,Clear,Collision with vehicle,Friday,Day,100,2015/08/28,13:45:00,No,3.0,1.0,-36.97109107,144.021364,MOUNT ALEXANDER
T20150018074,Dry,Clear,collision with some other object,Sunday,Dark No street lights,100,2015/08/30,23:00:00,No,1.0,1.0,-37.60947784,143.9369402,MOORABOOL
T20150018080,Dry,Clear,Vehicle overturned (no collision),Friday,Day,100,2015/08/28,12:00:00,No,2.0,1.0,-36.43231908,143.298913,BULOKE
T20150018083,Dry,Clear,Collision with a fixed object,Monday,Day,100,2015/08/31,08:24:00,No,3.0,1.0,-37.0299595,145.9828301,MANSFIELD
T20150018084,Wet,Clear,Collision with a fixed object,Sunday,Day,70,2015/08/30,13:30:00,No,1.0,1.0,-37.33736006,145.3393462,MURRINDINDI
T20150018091,Dry,Clear,Collision with vehicle,Tuesday,Day,50,2015/08/18,15:15:00,No,2.0,1.0,-36.75548978,144.284313,GREATER BENDIGO
T20150018097,Dry,Clear,Collision with vehicle,Sunday,Day,80,2015/08/30,14:45:00,No,3.0,1.0,-36.44080516,145.3888463,GREATER SHEPPARTON
T20150018107,Dry,Clear,Collision with vehicle,Monday,Day,60,2015/08/31,10:40:00,No,1.0,1.0,-38.15567264,144.3659388,GREATER GEELONG
T20150018108,Dry,Clear,Collision with a fixed object,Monday,Day,100,2015/08/31,08:40:00,No,1.0,1.0,-34.27222961,142.1423129,MILDURA
T20150018109,Dry,Clear,Collision with vehicle,Monday,Day,60,2015/08/31,11:35:00,No,3.0,1.0,-36.66271615,144.335915,GREATER BENDIGO
T20150018113,Wet,Not known,Collision with a fixed object,Friday,Dusk/Dawn,60,2015/08/28,17:30:00,Yes,2.0,1.0,-37.57648,141.685238,SOUTHERN GRAMPIANS
T20150018116,Dry,Clear,Collision with vehicle,Monday,Day,100,2015/08/31,14:45:00,No,2.0,1.0,-35.99915879,145.3317696,MOIRA
T20150018118,Unknown,Not known,Struck animal,Friday,Dusk/Dawn,100,2015/08/21,17:45:00,Yes,3.0,1.0,-36.57973464,144.9755156,CAMPASPE
T20150018119,Dry,Clear,Collision with vehicle,Monday,Day,40,2015/08/31,14:45:00,No,2.0,1.0,-36.09845578,147.0598785,TOWONG
T20150018121,Dry,Clear,Collision with vehicle,Monday,Day,80,2015/08/31,15:40:00,No,8.0,2.0,-36.39900371,145.4466997,GREATER SHEPPARTON
T20150018129,Dry,Clear,Collision with a fixed object,Saturday,Dark No street lights,80,2015/08/15,21:30:00,Yes,1.0,1.0,-36.75377959,144.2108811,GREATER BENDIGO
T20150018140,Wet,Raining,Collision with vehicle,Tuesday,Dark Street lights on,60,2015/09/01,06:45:00,No,2.0,1.0,-36.7422536,144.2965735,GREATER BENDIGO
T20150018153,Dry,Not known,Vehicle overturned (no collision),Tuesday,Day,60,2015/08/25,14:30:00,No,2.0,1.0,-37.04583792,143.7390718,CENTRAL GOLDFIELDS
T20150018154,Dry,Clear,Vehicle overturned (no collision),Monday,Day,100,2015/07/13,10:30:00,No,1.0,1.0,-37.3781268,143.4140513,PYRENEES
T20150018157,Dry,Clear,Vehicle overturned (no collision),Sunday,Day,50,2015/08/23,14:00:00,No,2.0,2.0,-38.13785847,145.8429303,BAW BAW
T20150018161,Dry,Clear,Vehicle overturned (no collision),Sunday,Day,999,2015/08/30,09:20:00,No,2.0,1.0,-37.46491003,142.2744725,SOUTHERN GRAMPIANS
T20150018162,Dry,Clear,Collision with vehicle,Sunday,Day,100,2015/08/30,11:05:00,No,3.0,1.0,-38.67022726,146.161138,SOUTH GIPPSLAND
T20150018167,Dry,Clear,Collision with a fixed object,Tuesday,Day,100,2015/09/01,09:55:00,No,1.0,1.0,-36.97832925,145.5805412,MURRINDINDI
T20150018170,Dry,Clear,Collision with a fixed object,Sunday,Dusk/Dawn,60,2015/08/30,17:00:00,No,1.0,1.0,-36.6034098,143.6988406,LODDON
T20150018171,Dry,Clear,No collision and no object struck,Saturday,Day,100,2015/08/22,11:00:00,No,1.0,1.0,-37.32244272,145.6300401,MURRINDINDI
T20150018178,Dry,Clear,Collision with vehicle,Tuesday,Day,40,2015/09/01,15:00:00,No,2.0,1.0,-38.13546903,145.8558076,BAW BAW
T20150018184,Dry,Clear,Collision with vehicle,Tuesday,Day,60,2015/09/01,12:10:00,No,2.0,1.0,-38.15940348,144.3431994,GREATER GEELONG
T20150018186,Dry,Clear,Collision with vehicle,Tuesday,Day,60,2015/08/18,14:05:00,No,3.0,1.0,-34.20972936,142.1398508,MILDURA
T20150018198,Dry,Clear,Collision with vehicle,Saturday,Dark Street lights on,80,2015/08/22,21:50:00,Yes,6.0,5.0,-34.239605,142.1756834,MILDURA
T20150018199,Dry,Clear,Collision with vehicle,Tuesday,Dusk/Dawn,60,2015/09/01,17:00:00,No,2.0,1.0,-36.73785792,144.2552073,GREATER BENDIGO
T20150018202,Dry,Clear,Collision with vehicle,Tuesday,Dusk/Dawn,60,2015/09/01,18:05:00,Yes,3.0,1.0,-37.56198356,143.8386195,BALLARAT
T20150018219,Dry,Clear,Collision with vehicle,Tuesday,Dusk/Dawn,100,2015/09/01,18:30:00,Yes,3.0,1.0,-37.1250263,141.6715455,WEST WIMMERA
T20150018222,Dry,Clear,Struck animal,Tuesday,Dark No street lights,80,2015/09/01,23:30:00,Yes,1.0,1.0,-37.42009048,145.0228244,MITCHELL
T20150018227,Dry,Clear,Collision with a fixed object,Tuesday,Dark No street lights,80,2015/09/01,21:20:00,Yes,1.0,1.0,-37.49168334,145.3004391,MURRINDINDI
T20150018250,Dry,Clear,Collision with vehicle,Sunday,Day,100,2015/08/30,13:55:00,No,2.0,1.0,-37.18616245,147.5684689,EAST GIPPSLAND
T20150018253,Wet,Raining,Collision with vehicle,Wednesday,Day,60,2015/09/02,09:55:00,No,4.0,1.0,-35.33928173,143.5566888,SWAN HILL
T20150018263,Unknown,Not known,Collision with vehicle,Wednesday,Day,100,2015/09/02,08:40:00,No,3.0,1.0,-38.18098925,144.5129419,GREATER GEELONG
T20150018268,Dry,Clear,Collision with vehicle,Wednesday,Day,60,2015/09/02,15:20:00,No,2.0,1.0,-36.37781906,146.3133902,WANGARATTA
T20150018270,Wet,Raining,Collision with vehicle,Wednesday,Dusk/Dawn,50,2015/09/02,17:30:00,No,2.0,1.0,-38.14450042,144.3591857,GREATER GEELONG
T20150018296,Dry,Clear,Collision with vehicle,Thursday,Day,50,2015/09/03,08:45:00,No,2.0,2.0,-38.18912943,146.508812,LATROBE
T20150018305,Dry,Clear,Collision with vehicle,Thursday,Day,100,2015/09/03,08:20:00,No,2.0,1.0,-37.99678109,146.8850335,WELLINGTON
T20150018313,Dry,Clear,Collision with a fixed object,Thursday,Day,90,2015/09/03,09:00:00,No,1.0,1.0,-38.46769481,145.7346086,SOUTH GIPPSLAND
T20150018326,Dry,Clear,No collision and no object struck,Sunday,Day,999,2015/05/03,14:00:00,No,1.0,1.0,-37.13339993,145.1342426,MITCHELL
T20150018327,Dry,Clear,Collision with vehicle,Thursday,Day,60,2015/09/03,12:15:00,No,2.0,1.0,-38.16138151,144.3858931,GREATER GEELONG
T20150018342,Dry,Clear,Collision with a fixed object,Thursday,Day,100,2015/09/03,14:45:00,No,1.0,1.0,-38.23702058,141.6294356,GLENELG
T20150018347,Dry,Not known,No collision and no object struck,Thursday,Dusk/Dawn,80,2015/09/03,05:30:00,Yes,2.0,1.0,-36.44079625,145.4981727,GREATER SHEPPARTON
T20150018348,Dry,Clear,Collision with a fixed object,Thursday,Day,100,2015/09/03,16:45:00,No,2.0,2.0,-36.81293502,144.407471,GREATER BENDIGO