Accident_No,Surface_Cond_Desc,Atmosph_Cond_Desc,Accident_Type_Desc,Day,Light_Condition_Desc,Speed_Zone,Accident_Date,Accident_Time,Alcohol_Influence,Total_Persons_Inv,Inj_Or_Fatal,Lat,Long,LGA
T20150018353,Dry,Clear,Vehicle overturned (no collision),Sunday,Day,50,2015/08/30,09:20:00,Yes,1.0,1.0,-36.84581987,145.9095902,BENALLA
T20150018362,Dry,Clear,Collision with vehicle,Thursday,Dark No street lights,80,2015/09/03,21:50:00,Yes,7.0,2.0,-38.23927923,144.380927,GREATER GEELONG
T20150018387,Dry,Clear,Collision with vehicle,Friday,Day,60,2015/09/04,10:45:00,No,5.0,1.0,-37.57166285,143.8604105,BALLARAT
T20150018390,Unknown,Not known,Collision with vehicle,Thursday,Dusk/Dawn,60,2015/07/30,08:10:00,No,2.0,1.0,-38.15739067,144.3883596,GREATER GEELONG
T20150018403,Wet,Raining,Collision with a fixed object,Wednesday,Dusk/Dawn,50,2015/09/02,17:40:00,No,4.0,1.0,-35.34402872,143.5488299,SWAN HILL
T20150018406,Dry,Clear,Collision with a fixed object,Friday,Day,100,2015/09/04,12:45:00,No,1.0,1.0,-36.12285281,144.8129313,CAMPASPE
T20150018415,Dry,Clear,Collision with vehicle,Friday,Day,60,2015/09/04,14:55:00,No,2.0,1.0,-38.52074414,145.3689582,BASS COAST
T20150018422,Dry,Clear,Collision with vehicle,Friday,Day,100,2015/09/04,14:30:00,No,2.0,1.0,-35.96039906,145.6956483,MOIRA
T20150018427,Dry,Clear,Struck Pedestrian,Friday,Day,50,2015/09/04,15:40:00,No,2.0,1.0,-38.20485697,144.3303406,GREATER GEELONG
T20150018431,Dry,Clear,Collision with vehicle,Thursday,Day,50,2015/08/27,16:30:00,No,2.0,1.0,-36.36839402,145.4158081,GREATER SHEPPARTON
T20150018447,Dry,Clear,Collision with a fixed object,Friday,Dark No street lights,110,2015/09/04,20:10:00,Yes,1.0,1.0,-36.60274989,145.3247597,GREATER SHEPPARTON
T20150018450,Dry,Clear,Collision with vehicle,Friday,Day,50,2015/09/04,14:20:00,No,2.0,2.0,-38.12476101,144.3356681,GREATER GEELONG
T20150018454,Dry,Clear,Collision with vehicle,Friday,Day,60,2015/09/04,15:19:00,No,5.0,3.0,-34.23141728,142.1658857,MILDURA
T20150018462,Dry,Clear,Struck Pedestrian,Saturday,Dark Street lights on,80,2015/09/05,00:46:00,Yes,2.0,1.0,-37.51206261,143.705936,BALLARAT
T20150018500,Dry,Clear,Collision with vehicle,Thursday,Dusk/Dawn,50,2015/07/23,17:30:00,No,4.0,3.0,-36.73415474,144.3027975,GREATER BENDIGO
T20150018502,Dry,Clear,Collision with vehicle,Friday,Dark Street lights on,60,2015/09/04,18:30:00,Yes,5.0,1.0,-38.08301693,144.3487724,GREATER GEELONG
T20150018503,Dry,Clear,Collision with a fixed object,Saturday,Day,80,2015/09/05,14:50:00,Yes,2.0,1.0,-37.10375097,146.3446698,MANSFIELD
T20150018504,Dry,Clear,Collision with vehicle,Saturday,Day,60,2015/09/05,13:30:00,No,7.0,3.0,-38.48327938,144.0253678,SURF COAST
T20150018505,Dry,Clear,Collision with a fixed object,Saturday,Day,100,2015/09/05,13:00:00,No,2.0,2.0,-38.29057963,144.048577,SURF COAST
T20150018507,Dry,Clear,Collision with vehicle,Saturday,Day,60,2015/09/05,16:15:00,Yes,4.0,2.0,-38.1800953,144.3814607,GREATER GEELONG
T20150018515,Dry,Clear,Vehicle overturned (no collision),Saturday,Dusk/Dawn,110,2015/09/05,17:30:00,Yes,4.0,4.0,-37.48322939,144.6053115,MACEDON RANGES
T20150018522,Dry,Clear,Collision with vehicle,Saturday,Dark Street lights on,60,2015/09/05,21:35:00,Yes,1.0,1.0,-38.15876941,144.5722601,GREATER GEELONG
T20150018547,Dry,Clear,No collision and no object struck,Sunday,Day,50,2015/09/06,13:10:00,No,2.0,2.0,-38.06661106,144.187859,GOLDEN PLAINS
T20150018548,Dry,Clear,Vehicle overturned (no collision),Sunday,Day,80,2015/09/06,11:30:00,No,1.0,1.0,-38.03075992,145.9542399,BAW BAW
T20150018566,Dry,Clear,No collision and no object struck,Sunday,Day,999,2015/09/06,15:30:00,No,1.0,1.0,-37.36349075,145.0637332,MITCHELL
T20150018570,Wet,Raining,Collision with vehicle,Sunday,Dark Street lights on,60,2015/09/06,18:30:00,Yes,4.0,1.0,-36.73629065,144.1409374,GREATER BENDIGO
T20150018581,Wet,Raining,Collision with vehicle,Sunday,Dark No street lights,110,2015/09/06,21:32:00,Yes,2.0,2.0,-36.98331266,145.1352499,MITCHELL
T20150018587,Wet,Raining,Collision with a fixed object,Sunday,Dark No street lights,80,2015/09/06,23:25:00,Yes,1.0,1.0,-38.09732929,145.7745586,BAW BAW
T20150018599,Unknown,Not known,Collision with vehicle,Monday,Day,60,2015/08/17,15:45:00,No,2.0,1.0,-37.56198356,143.8386195,BALLARAT
T20150018602,Dry,Clear,Collision with vehicle,Saturday,Day,50,2015/09/05,16:20:00,Yes,3.0,2.0,-37.56434658,143.8588079,BALLARAT
T20150018612,Dry,Clear,No collision and no object struck,Sunday,Day,100,2015/09/06,16:30:00,Yes,2.0,1.0,-38.78407585,145.8930029,SOUTH GIPPSLAND
T20150018617,Dry,Clear,Collision with a fixed object,Saturday,Day,999,2015/09/05,13:00:00,No,1.0,1.0,-35.4395616,141.229399,MILDURA
T20150018618,Dry,Clear,Collision with vehicle,Monday,Day,60,2015/09/07,15:25:00,No,2.0,2.0,-36.80597298,144.3530831,GREATER BENDIGO
T20150018625,Dry,Clear,Collision with vehicle,Monday,Day,60,2015/09/07,15:10:00,No,3.0,1.0,-38.10702346,144.3441313,GREATER GEELONG
T20150018636,Dry,Clear,Struck Pedestrian,Monday,Dusk/Dawn,50,2015/09/07,17:40:00,No,3.0,1.0,-35.73087573,143.9203199,GANNAWARRA
T20150018637,Wet,Raining,Collision with vehicle,Monday,Dark Street lights on,70,2015/09/07,19:10:00,Yes,2.0,1.0,-37.54649808,143.7971099,BALLARAT
T20150018645,Dry,Clear,Collision with vehicle,Monday,Dark No street lights,100,2015/09/07,19:55:00,Yes,5.0,5.0,-36.68652037,142.3305607,HORSHAM
T20150018669,Dry,Clear,Collision with vehicle,Tuesday,Day,60,2015/09/08,08:40:00,No,2.0,1.0,-38.11142154,147.0684336,WELLINGTON
T20150018681,Muddy,Not known,Vehicle overturned (no collision),Saturday,Dark No street lights,999,2015/09/05,22:45:00,Yes,3.0,1.0,-37.2562082,143.2003923,ARARAT
T20150018688,Dry,Clear,Vehicle overturned (no collision),Tuesday,Day,50,2015/09/08,12:00:00,No,2.0,2.0,-37.34600846,144.1448487,HEPBURN
T20150018697,Dry,Clear,Collision with vehicle,Tuesday,Day,100,2015/09/08,11:30:00,No,2.0,2.0,-35.98437579,145.5593756,MOIRA
T20150018723,Wet,Raining,Vehicle overturned (no collision),Tuesday,Dusk/Dawn,80,2015/09/08,16:35:00,No,1.0,1.0,-37.44378969,142.8581604,ARARAT
T20150018727,Wet,Clear,Vehicle overturned (no collision),Tuesday,Dark No street lights,100,2015/09/08,22:45:00,Yes,1.0,1.0,-36.71931783,147.1171594,ALPINE
T20150018748,Dry,Clear,Struck Pedestrian,Friday,Day,60,2015/08/28,14:30:00,No,2.0,1.0,-37.58565996,143.8408041,BALLARAT
T20150018751,Dry,Clear,Collision with a fixed object,Friday,Day,100,2015/04/03,13:30:00,No,4.0,1.0,-38.13050564,146.5592179,LATROBE
T20150018760,Dry,Clear,Collision with a fixed object,Wednesday,Day,80,2015/09/09,12:00:00,No,1.0,1.0,-37.87368113,144.2488829,GREATER GEELONG
T20150018764,Dry,Clear,Collision with vehicle,Monday,Day,70,2015/07/27,15:00:00,No,2.0,1.0,-37.80702202,147.6182257,EAST GIPPSLAND
T20150018766,Dry,Clear,Collision with vehicle,Wednesday,Day,60,2015/09/09,12:50:00,No,1.0,1.0,-38.36423859,141.6192534,GLENELG
T20150018773,Dry,Clear,Collision with vehicle,Monday,Day,50,2015/09/07,13:05:00,No,2.0,1.0,-36.7646997,144.282694,GREATER BENDIGO
T20150018774,Dry,Clear,collision with some other object,Saturday,Dark No street lights,80,2015/08/29,20:20:00,Yes,1.0,1.0,-37.90345384,147.6916492,EAST GIPPSLAND
T20150018779,Dry,Clear,Collision with vehicle,Wednesday,Day,60,2015/09/09,14:05:00,No,2.0,1.0,-38.13536055,141.6292333,GLENELG
T20150018782,Dry,Clear,Collision with a fixed object,Wednesday,Day,100,2015/09/09,14:15:00,No,3.0,1.0,-37.58851782,148.5083601,EAST GIPPSLAND
T20150018783,Dry,Clear,Struck Pedestrian,Wednesday,Day,60,2015/09/09,15:40:00,No,2.0,1.0,-38.15818583,144.3745262,GREATER GEELONG
T20150018793,Wet,Raining,Collision with a fixed object,Wednesday,Dark No street lights,100,2015/09/09,19:15:00,Yes,2.0,1.0,-38.00625366,146.9487253,WELLINGTON
T20150018811,Dry,Clear,Collision with a fixed object,Saturday,Day,999,2015/08/22,11:00:00,No,1.0,1.0,-38.3613993,144.1097373,SURF COAST
T20150018823,Dry,Clear,Vehicle overturned (no collision),Thursday,Day,60,2015/09/10,09:40:00,No,1.0,1.0,-37.41932142,143.8946157,HEPBURN
T20150018828,Wet,Raining,Collision with vehicle,Wednesday,Dark Street lights on,50,2015/09/02,19:38:00,Yes,2.0,1.0,-36.37978891,145.4162777,GREATER SHEPPARTON
T20150018842,Dry,Clear,Vehicle overturned (no collision),Thursday,Day,100,2015/09/10,12:30:00,No,1.0,1.0,-35.47546533,142.8466801,BULOKE
T20150018847,Dry,Clear,Collision with vehicle,Monday,Day,100,2015/08/31,08:20:00,Yes,2.0,1.0,-38.03497431,142.3487457,MOYNE
T20150018851,Dry,Clear,collision with some other object,Friday,Day,60,2015/02/06,10:00:00,No,1.0,1.0,-38.00871635,145.8076718,BAW BAW
T20150018852,Dry,Clear,Collision with a fixed object,Thursday,Day,100,2015/09/10,14:39:00,No,1.0,1.0,-38.57773071,145.5951918,BASS COAST
T20150018853,Dry,Clear,Collision with vehicle,Thursday,Day,100,2015/09/10,15:05:00,No,3.0,1.0,-38.28860086,143.8392953,COLAC OTWAY
T20150018863,Dry,Clear,Vehicle overturned (no collision),Thursday,Day,100,2015/09/10,15:00:00,No,1.0,1.0,-36.55350129,142.25757,HORSHAM
T20150018871,Dry,Clear,Collision with vehicle,Thursday,Day,80,2015/09/10,16:05:00,No,4.0,1.0,-36.76103496,144.2353666,GREATER BENDIGO
T20150018872,Dry,Clear,Collision with vehicle,Wednesday,Day,60,2015/09/09,16:15:00,No,2.0,1.0,-38.38490976,142.4827694,WARRNAMBOOL
T20150018876,Dry,Clear,Collision with vehicle,Thursday,Dusk/Dawn,50,2015/09/10,17:30:00,No,1.0,1.0,-38.36196003,142.4453203,WARRNAMBOOL
T20150018885,Dry,Clear,Collision with a fixed object,Thursday,Dark No street lights,100,2015/09/10,22:00:00,Yes,2.0,1.0,-36.09002372,145.2038521,MOIRA
T20150018896,Dry,Clear,Collision with vehicle,Friday,Dusk/Dawn,60,2015/09/11,06:50:00,No,2.0,1.0,-36.54629656,145.9777038,BENALLA
T20150018904,Wet,Clear,No collision and no object struck,Tuesday,Dusk/Dawn,100,2015/09/08,17:00:00,No,1.0,1.0,-36.79840749,146.8306522,ALPINE
T20150018910,Dry,Clear,Collision with vehicle,Friday,Day,100,2015/09/11,10:12:00,No,3.0,1.0,-37.39124038,143.2608585,PYRENEES
T20150018912,Dry,Clear,Collision with vehicle,Friday,Day,60,2015/09/11,12:40:00,No,2.0,1.0,-36.80118029,144.2427164,GREATER BENDIGO
T20150018935,Dry,Clear,Vehicle overturned (no collision),Wednesday,Dusk/Dawn,30,2015/09/09,17:00:00,No,1.0,1.0,-38.38202012,142.4818403,WARRNAMBOOL
T20150018942,Dry,Clear,Collision with vehicle,Friday,Dusk/Dawn,60,2015/09/11,17:24:00,No,2.0,1.0,-38.34416401,143.5804525,COLAC OTWAY
T20150018950,Wet,Raining,collision with some other object,Tuesday,Dark No street lights,100,2015/09/08,19:10:00,Yes,1.0,1.0,-37.53994694,141.3858897,GLENELG
T20150018955,Dry,Clear,Collision with a fixed object,Friday,Dark No street lights,100,2015/09/11,22:45:00,Yes,1.0,1.0,-36.76925002,142.5316241,NORTHERN GRAMPIANS
T20150018959,Dry,Clear,Collision with vehicle,Friday,Dark No street lights,110,2015/09/11,23:15:00,Yes,2.0,1.0,-36.28139772,146.398796,WANGARATTA
T20150018960,Dry,Clear,Vehicle overturned (no collision),Saturday,Dark No street lights,60,2015/09/12,00:05:00,Yes,1.0,1.0,-37.6111727,144.3253681,MOORABOOL
T20150018963,Dry,Clear,Collision with vehicle,Saturday,Dusk/Dawn,60,2015/09/12,06:30:00,Yes,2.0,1.0,-36.74788991,144.2881128,GREATER BENDIGO
T20150018965,Dry,Clear,Collision with vehicle,Saturday,Dusk/Dawn,100,2015/09/12,07:30:00,Yes,2.0,1.0,-37.02112985,144.2385796,MOUNT ALEXANDER
T20150018970,Dry,Clear,Collision with vehicle,Sunday,Day,80,2015/08/30,16:11:00,Yes,4.0,3.0,-36.40677003,145.4981438,GREATER SHEPPARTON
T20150018977,Dry,Clear,Collision with vehicle,Saturday,Dusk/Dawn,80,2015/09/12,06:19:00,Yes,2.0,1.0,-35.93195023,145.6564397,MOIRA
T20150018978,Dry,Clear,Collision with vehicle,Thursday,Dusk/Dawn,60,2015/09/10,07:50:00,No,2.0,1.0,-36.73136386,144.2918793,GREATER BENDIGO
T20150018981,Dry,Clear,Collision with a fixed object,Saturday,Day,100,2015/09/12,12:10:00,No,1.0,1.0,-37.08833854,144.3461303,MOUNT ALEXANDER
T20150018986,Unknown,Clear,No collision and no object struck,Wednesday,Day,999,2014/12/31,12:00:00,No,1.0,1.0,-38.28485099,146.8451939,WELLINGTON
T20150018988,Dry,Clear,Collision with a fixed object,Saturday,Day,100,2015/09/12,13:40:00,No,1.0,1.0,-36.26506944,145.4665591,GREATER SHEPPARTON
T20150018989,Dry,Clear,Collision with vehicle,Saturday,Day,60,2015/09/12,14:30:00,Yes,6.0,1.0,-38.19929275,144.3146926,GREATER GEELONG
T20150018993,Dry,Clear,Vehicle overturned (no collision),Saturday,Day,999,2015/09/12,10:00:00,No,1.0,1.0,-37.2257569,146.4880761,MANSFIELD
T20150018997,Dry,Not known,Collision with vehicle,Saturday,Day,60,2015/09/12,16:30:00,Yes,2.0,2.0,-37.61612459,143.8077045,GOLDEN PLAINS
T20150019001,Dry,Clear,No collision and no object struck,Saturday,Dusk/Dawn,100,2015/09/12,17:00:00,Yes,1.0,1.0,-36.4365601,145.2043943,GREATER SHEPPARTON
T20150019008,Dry,Clear,Collision with vehicle,Saturday,Dark Street lights on,80,2015/09/12,18:20:00,Yes,3.0,2.0,-38.04858861,144.1995114,GOLDEN PLAINS
T20150019020,Dry,Clear,Collision with a fixed object,Sunday,Dark No street lights,100,2015/09/13,03:40:00,Yes,1.0,1.0,-37.82860542,147.5352509,EAST GIPPSLAND
T20150019032,Dry,Clear,Collision with vehicle,Saturday,Day,60,2015/09/12,15:20:00,No,4.0,1.0,-37.42124753,145.0226229,MITCHELL
T20150019042,Dry,Clear,No collision and no object struck,Sunday,Day,100,2015/09/13,13:15:00,No,1.0,1.0,-37.48060097,149.5988983,EAST GIPPSLAND
T20150019043,Dry,Clear,Collision with vehicle,Sunday,Day,50,2015/09/13,14:30:00,No,4.0,1.0,-38.38161337,142.239981,MOYNE
T20150019046,Dry,Clear,Collision with vehicle,Sunday,Day,100,2015/09/13,13:48:00,No,3.0,1.0,-38.03797917,146.3384999,BAW BAW
T20150019048,Dry,Clear,Collision with vehicle,Sunday,Day,60,2015/09/13,15:10:00,No,5.0,1.0,-38.32183964,144.318587,SURF COAST
T20150019058,Dry,Clear,Collision with vehicle,Sunday,Day,60,2015/09/13,16:45:00,Yes,3.0,1.0,-36.75565628,144.2636618,GREATER BENDIGO
T20150019071,Wet,Clear,Vehicle overturned (no collision),Sunday,Day,999,2015/09/13,11:00:00,No,1.0,1.0,-37.49925869,144.2981989,MOORABOOL
T20150019080,Dry,Clear,Vehicle overturned (no collision),Sunday,Day,999,2015/09/13,12:00:00,No,1.0,1.0,-37.4726609,144.4224378,MOORABOOL
T20150019081,Unknown,Clear,Vehicle overturned (no collision),Saturday,Unknown,999,2015/09/12,09:20:00,No,1.0,1.0,-37.24875701,144.6140702,MACEDON RANGES
T20150019083,Unknown,Not known,Vehicle overturned (no collision),Monday,Dusk/Dawn,60,2015/08/31,16:30:00,No,1.0,1.0,-38.17378811,145.9694019,BAW BAW
T20150019088,Dry,Clear,Collision with vehicle,Saturday,Dusk/Dawn,60,2015/09/12,17:45:00,Yes,2.0,1.0,-37.57095453,143.8199683,BALLARAT
T20150019094,Dry,Clear,Collision with a fixed object,Thursday,Dark No street lights,100,2015/09/10,19:15:00,Yes,1.0,1.0,-34.20737541,142.2175608,MILDURA
T20150019100,Dry,Clear,Collision with vehicle,Monday,Day,60,2015/09/14,11:15:00,No,2.0,1.0,-38.19452161,146.5421888,LATROBE
T20150019110,Dry,Clear,Collision with vehicle,Sunday,Day,50,2015/09/13,13:00:00,No,3.0,1.0,-38.33984027,144.2979523,SURF COAST
T20150019112,Dry,Clear,Vehicle overturned (no collision),Monday,Day,50,2015/09/14,08:15:00,No,1.0,1.0,-36.02230143,145.9774009,MOIRA
T20150019113,Dry,Clear,collision with some other object,Sunday,Day,999,2015/09/06,15:00:00,No,1.0,1.0,-37.49190047,144.4782689,MACEDON RANGES
T20150019115,Dry,Clear,Collision with a fixed object,Sunday,Day,100,2015/09/13,17:15:00,No,1.0,1.0,-36.64641648,143.2666357,NORTHERN GRAMPIANS
T20150019119,Dry,Not known,Vehicle overturned (no collision),Saturday,Day,999,2015/09/12,09:30:00,No,1.0,1.0,-38.02485322,145.8133798,BAW BAW
T20150019121,Dry,Clear,Vehicle overturned (no collision),Friday,Day,50,2015/06/05,14:30:00,No,2.0,1.0,-37.82679093,147.6322969,EAST GIPPSLAND
T20150019123,Unknown,Not known,Struck Pedestrian,Saturday,Dark Street lights unknown,50,2015/09/12,23:15:00,Yes,2.0,1.0,-36.1394694,144.7661141,CAMPASPE
T20150019125,Dry,Clear,Collision with vehicle,Monday,Day,100,2015/09/14,16:05:00,No,3.0,2.0,-37.43192982,144.5594447,MACEDON RANGES
T20150019129,Dry,Clear,Collision with vehicle,Monday,Day,60,2015/09/14,15:30:00,No,2.0,1.0,-38.14709018,144.3498783,GREATER GEELONG
T20150019139,Dry,Clear,Collision with vehicle,Monday,Dusk/Dawn,60,2015/09/14,17:10:00,No,2.0,1.0,-37.60743764,143.8400947,BALLARAT
T20150019141,Dry,Clear,Collision with vehicle,Monday,Day,50,2015/09/14,08:48:00,No,2.0,1.0,-38.29624702,142.369337,MOYNE
T20150019142,Dry,Not known,Vehicle overturned (no collision),Sunday,Dark No street lights,110,2015/07/19,20:30:00,Yes,1.0,1.0,-38.19348026,146.0238599,BAW BAW
T20150019151,Dry,Not known,Collision with vehicle,Monday,Unknown,100,2015/09/14,16:54:00,Yes,2.0,1.0,-36.3136432,145.2206842,GREATER SHEPPARTON
T20150019155,Wet,Raining,Collision with a fixed object,Monday,Dark Street lights on,50,2015/09/14,22:08:00,Yes,1.0,1.0,-37.57553999,143.8639297,BALLARAT
T20150019159,Wet,Raining,Collision with vehicle,Tuesday,Dark No street lights,110,2015/09/15,05:55:00,Yes,2.0,1.0,-37.03489001,145.1011635,MITCHELL
T20150019160,Wet,Raining,Collision with vehicle,Tuesday,Dark Street lights on,50,2015/09/15,05:00:00,Yes,1.0,1.0,-37.03071953,145.1359612,MITCHELL
T20150019162,Dry,Clear,Collision with vehicle,Saturday,Unknown,60,2015/09/12,12:10:00,No,5.0,1.0,-38.17933042,144.3675903,GREATER GEELONG
T20150019163,Dry,Clear,Struck animal,Sunday,Day,999,2015/09/13,09:30:00,Yes,1.0,1.0,-37.09057967,143.3747298,PYRENEES
T20150019164,Dry,Clear,Collision with vehicle,Tuesday,Dusk/Dawn,100,2015/09/15,06:30:00,No,2.0,2.0,-36.61294525,144.1404554,LODDON
T20150019173,Dry,Clear,Collision with vehicle,Sunday,Dark Street lights on,60,2015/09/13,19:30:00,No,2.0,1.0,-38.35797782,141.6133587,GLENELG
T20150019175,Wet,Raining,Collision with vehicle,Tuesday,Day,100,2015/09/15,08:00:00,No,23.0,7.0,-38.27351739,146.487876,LATROBE
T20150019178,Dry,Clear,Collision with vehicle,Tuesday,Day,100,2015/09/15,10:50:00,No,2.0,2.0,-37.51140903,143.7060872,BALLARAT
T20150019191,Wet,Clear,Vehicle overturned (no collision),Tuesday,Day,999,2015/09/15,10:30:00,No,1.0,1.0,-38.35478835,144.164641,SURF COAST
T20150019193,Dry,Clear,Collision with vehicle,Tuesday,Day,60,2015/09/15,13:00:00,No,2.0,1.0,-38.33730895,144.3168309,SURF COAST
T20150019209,Dry,Clear,Collision with vehicle,Tuesday,Day,50,2015/09/15,16:00:00,No,1.0,1.0,-34.20052923,142.1358718,MILDURA
T20150019214,Dry,Clear,Collision with vehicle,Tuesday,Dusk/Dawn,70,2015/09/15,17:30:00,No,4.0,3.0,-36.7069569,144.3158042,GREATER BENDIGO
T20150019220,Dry,Clear,Collision with vehicle,Tuesday,Dusk/Dawn,60,2015/09/15,18:10:00,Yes,2.0,1.0,-38.14941236,144.3682435,GREATER GEELONG
T20150019227,Dry,Clear,No collision and no object struck,Tuesday,Dark No street lights,110,2015/09/15,20:50:00,Yes,1.0,1.0,-36.23275137,146.4403041,WANGARATTA
T20150019229,Wet,Raining,Collision with a fixed object,Tuesday,Dusk/Dawn,100,2015/09/15,06:20:00,No,1.0,1.0,-38.60976409,145.7557241,BASS COAST
T20150019237,Dry,Fog,Collision with a fixed object,Wednesday,Dark No street lights,100,2015/09/16,05:00:00,Yes,1.0,1.0,-36.60457147,145.3960682,STRATHBOGIE
T20150019245,Dry,Clear,Collision with vehicle,Monday,Day,60,2015/08/10,16:05:00,No,6.0,1.0,-38.12889047,145.847505,BAW BAW
T20150019261,Dry,Clear,Collision with vehicle,Tuesday,Day,60,2015/09/15,16:01:00,No,4.0,1.0,-37.55719381,143.8553286,BALLARAT
T20150019266,Dry,Clear,No collision and no object struck,Thursday,Day,50,2015/08/06,09:00:00,No,1.0,1.0,-38.18268823,144.3526703,GREATER GEELONG
T20150019267,Dry,Clear,Collision with vehicle,Tuesday,Dusk/Dawn,100,2015/09/01,17:30:00,No,2.0,2.0,-38.29487287,146.7079208,WELLINGTON
T20150019276,Dry,Clear,Struck animal,Wednesday,Day,100,2015/09/02,12:00:00,No,1.0,1.0,-37.44406666,145.6769186,MURRINDINDI
T20150019282,Dry,Clear,Collision with vehicle,Wednesday,Day,50,2015/09/16,15:35:00,No,2.0,1.0,-38.32149416,144.3118792,SURF COAST
T20150019284,Dry,Not known,Vehicle overturned (no collision),Monday,Day,100,2015/09/14,08:45:00,No,4.0,1.0,-38.59168074,143.176108,CORANGAMITE
T20150019289,Dry,Clear,Collision with a fixed object,Saturday,Day,100,2015/09/12,16:00:00,Yes,1.0,1.0,-38.28976964,144.0490793,SURF COAST
T20150019294,Dry,Clear,Collision with vehicle,Wednesday,Dark Street lights on,50,2015/09/16,19:00:00,Yes,2.0,1.0,-37.56197399,143.8703376,BALLARAT
T20150019305,Dry,Not known,No collision and no object struck,Sunday,Day,100,2015/09/13,17:30:00,No,2.0,1.0,-36.85632786,143.879548,LODDON
T20150019331,Dry,Clear,Collision with vehicle,Thursday,Day,70,2015/09/17,10:26:00,No,3.0,1.0,-38.18516116,144.332262,GREATER GEELONG
T20150019348,Dry,Clear,Vehicle overturned (no collision),Thursday,Day,100,2015/09/17,13:30:00,No,1.0,1.0,-36.31487815,146.2813242,WANGARATTA
T20150019353,Dry,Clear,Collision with vehicle,Thursday,Day,80,2015/09/17,15:25:00,No,4.0,2.0,-35.31564272,143.5474661,SWAN HILL
T20150019364,Dry,Clear,Struck animal,Tuesday,Dark No street lights,100,2015/09/15,21:00:00,Yes,1.0,1.0,-37.09403875,144.0670798,MOUNT ALEXANDER
T20150019377,Dry,Clear,Collision with vehicle,Friday,Day,60,2015/08/07,15:25:00,No,2.0,1.0,-38.03399384,144.3944136,GREATER GEELONG
T20150019382,Dry,Clear,Collision with vehicle,Wednesday,Day,60,2015/07/29,12:54:00,No,2.0,1.0,-38.14442363,144.3275393,GREATER GEELONG
T20150019389,Wet,Clear,Struck Pedestrian,Friday,Dusk/Dawn,100,2015/09/18,07:55:00,No,2.0,1.0,-38.45996954,143.6838163,COLAC OTWAY
T20150019403,Unknown,Not known,Collision with vehicle,Wednesday,Day,60,2015/09/16,13:00:00,No,2.0,1.0,-38.27807467,144.4879092,GREATER GEELONG
T20150019405,Dry,Clear,Collision with a fixed object,Friday,Day,100,2015/09/18,13:00:00,No,1.0,1.0,-37.10665925,143.7218762,CENTRAL GOLDFIELDS
T20150019408,Dry,Clear,Collision with vehicle,Friday,Day,60,2015/09/18,14:45:00,No,4.0,1.0,-37.56393276,143.8552895,BALLARAT
T20150019411,Dry,Clear,Collision with vehicle,Friday,Day,60,2015/09/18,15:00:00,No,2.0,1.0,-37.28354978,144.9496581,MITCHELL
T20150019418,Dry,Clear,Vehicle overturned (no collision),Friday,Day,100,2015/09/18,12:05:00,No,1.0,1.0,-37.2349569,143.290903,PYRENEES
T20150019420,Dry,Clear,Collision with a fixed object,Thursday,Day,110,2015/09/17,13:00:00,No,1.0,1.0,-37.5815772,144.1459625,MOORABOOL
T20150019424,Wet,Not known,Collision with a fixed object,Monday,Dusk/Dawn,60,2015/08/24,16:50:00,No,1.0,1.0,-38.20817071,144.3119104,GREATER GEELONG
T20150019429,Dry,Clear,Struck Pedestrian,Friday,Day,999,2015/09/18,16:55:00,Yes,2.0,1.0,-36.11685773,146.8577012,WODONGA
T20150019431,Dry,Clear,Struck Pedestrian,Friday,Dusk/Dawn,50,2015/09/18,17:15:00,Yes,2.0,1.0,-36.12860356,146.8651798,WODONGA
T20150019448,Dry,Clear,collision with some other object,Friday,Dusk/Dawn,100,2015/09/18,05:10:00,Yes,1.0,1.0,-37.46506836,145.6873059,MURRINDINDI
T20150019450,Dry,Clear,Collision with vehicle,Friday,Dark Street lights on,60,2015/09/18,21:05:00,Yes,2.0,2.0,-34.19916935,142.1481108,MILDURA
T20150019457,Wet,Raining,Collision with vehicle,Saturday,Dark Street lights on,80,2015/05/09,20:40:00,Yes,3.0,1.0,-36.80295697,144.2422349,GREATER BENDIGO
T20150019465,Dry,Clear,Collision with a fixed object,Saturday,Dark No street lights,110,2015/09/19,03:35:00,Yes,1.0,1.0,-37.52084275,143.84937,BALLARAT
T20150019469,Dry,Clear,Collision with vehicle,Thursday,Day,110,2015/09/17,11:10:00,No,2.0,1.0,-38.20611516,146.0926007,BAW BAW
T20150019478,Dry,Not known,Struck animal,Saturday,Dark No street lights,100,2015/09/19,04:15:00,Yes,1.0,1.0,-37.68104494,143.5791107,GOLDEN PLAINS
T20150019480,Dry,Clear,Vehicle overturned (no collision),Friday,Day,100,2015/09/18,15:00:00,No,2.0,2.0,-35.86074447,144.1534692,GANNAWARRA
T20150019483,Dry,Clear,No collision and no object struck,Thursday,Dark Street lights on,60,2015/09/17,19:00:00,Yes,1.0,1.0,-38.11093452,147.0812557,WELLINGTON
T20150019488,Dry,Clear,Struck Pedestrian,Friday,Dark Street lights on,60,2015/09/18,23:39:00,Yes,2.0,1.0,-37.82165189,147.6251488,EAST GIPPSLAND
T20150019491,Dry,Clear,Collision with vehicle,Saturday,Day,100,2015/09/19,14:20:00,Yes,2.0,1.0,-36.14421733,144.70041,CAMPASPE
T20150019494,Dry,Clear,Collision with vehicle,Saturday,Day,100,2015/09/19,13:50:00,No,2.0,1.0,-37.89544984,147.0255586,WELLINGTON