Accident_No,Surface_Cond_Desc,Atmosph_Cond_Desc,Accident_Type_Desc,Day,Light_Condition_Desc,Speed_Zone,Accident_Date,Accident_Time,Alcohol_Influence,Total_Persons_Inv,Inj_Or_Fatal,Lat,Long,LGA
T20150019499,Wet,Clear,Vehicle overturned (no collision),Saturday,Day,999,2015/08/01,13:00:00,No,1.0,1.0,-37.47831117,144.4654339,MACEDON RANGES
T20150019528,Dry,Fog,Collision with vehicle,Saturday,Dusk/Dawn,50,2015/09/19,06:30:00,Yes,1.0,1.0,-38.19188718,146.5216304,LATROBE
T20150019535,Dry,Clear,Struck animal,Sunday,Day,110,2015/09/20,08:00:00,Yes,1.0,1.0,-36.13050951,146.6488967,INDIGO
T20150019537,Dry,Clear,Struck animal,Sunday,Dusk/Dawn,110,2015/09/20,06:00:00,Yes,1.0,1.0,-36.6050764,145.8169081,STRATHBOGIE
T20150019548,Dry,Clear,Collision with a fixed object,Sunday,Day,100,2015/09/20,11:40:00,No,2.0,1.0,-38.14861391,142.3302172,MOYNE
T20150019549,Dry,Clear,Collision with a fixed object,Sunday,Dark Street lights on,50,2015/09/20,02:30:00,Yes,1.0,1.0,-37.07873756,144.2468246,MOUNT ALEXANDER
T20150019554,Dry,Clear,Collision with vehicle,Sunday,Day,60,2015/09/20,14:00:00,No,2.0,1.0,-36.12783396,144.7537883,CAMPASPE
T20150019558,Dry,Clear,Collision with vehicle,Sunday,Day,100,2015/09/20,14:59:00,No,2.0,1.0,-36.88704073,144.2125375,GREATER BENDIGO
T20150019564,Dry,Clear,Collision with vehicle,Sunday,Day,60,2015/09/20,15:17:00,No,2.0,1.0,-34.20640016,142.1567546,MILDURA
T20150019569,Dry,Clear,Collision with a fixed object,Sunday,Day,40,2015/09/20,16:48:00,Yes,1.0,1.0,-37.57297987,143.8782892,BALLARAT
T20150019578,Unknown,Not known,No collision and no object struck,Wednesday,Dark No street lights,100,2015/03/18,05:30:00,Yes,1.0,1.0,-38.1475055,145.8418729,BAW BAW
T20150019587,Wet,Clear,No collision and no object struck,Thursday,Day,999,2015/09/17,11:30:00,No,1.0,1.0,-37.52489093,144.2646633,MOORABOOL
T20150019593,Dry,Fog,Struck Pedestrian,Monday,Day,40,2015/09/21,11:30:00,No,3.0,1.0,-36.98286949,147.1428209,MOUNT HOTHAM ALPINE RESORT (UNINC)
T20150019605,Unknown,Not known,Vehicle overturned (no collision),Saturday,Day,999,2015/09/05,16:00:00,Yes,1.0,1.0,-37.44792157,145.3388393,MURRINDINDI
T20150019608,Dry,Clear,Vehicle overturned (no collision),Monday,Day,100,2015/09/21,08:30:00,No,1.0,1.0,-36.13998818,141.9636303,HINDMARSH
T20150019610,Dry,Clear,Collision with vehicle,Sunday,Day,60,2015/09/20,15:00:00,No,4.0,2.0,-36.75091071,147.1930933,ALPINE
T20150019613,Dry,Clear,Vehicle overturned (no collision),Friday,Day,100,2015/09/11,14:00:00,No,1.0,1.0,-37.47571355,148.1826495,EAST GIPPSLAND
T20150019620,Wet,Clear,Vehicle overturned (no collision),Monday,Day,100,2015/09/21,15:07:00,No,3.0,1.0,-38.19717956,147.2966799,WELLINGTON
T20150019621,Dry,Clear,Collision with a fixed object,Monday,Dark No street lights,110,2015/09/21,19:00:00,Yes,2.0,2.0,-36.90518001,145.1435743,STRATHBOGIE
T20150019642,Dry,Dust,Collision with a fixed object,Monday,Dark No street lights,100,2015/09/21,19:00:00,Yes,2.0,1.0,-37.2913402,145.0184688,MITCHELL
T20150019643,Wet,Raining,Vehicle overturned (no collision),Thursday,Day,40,2015/08/27,14:00:00,No,1.0,1.0,-38.19609871,144.2963549,GREATER GEELONG
T20150019645,Wet,Raining,Vehicle overturned (no collision),Saturday,Day,80,2015/07/11,14:00:00,No,1.0,1.0,-37.32338056,146.0810309,MANSFIELD
T20150019650,Dry,Clear,Collision with vehicle,Tuesday,Day,60,2015/09/22,08:50:00,No,6.0,2.0,-35.34956994,143.5619634,SWAN HILL
T20150019671,Dry,Clear,Vehicle overturned (no collision),Tuesday,Day,100,2015/09/22,10:20:00,No,1.0,1.0,-37.90469068,147.0766184,WELLINGTON
T20150019674,Wet,Raining,Collision with a fixed object,Tuesday,Day,80,2015/09/22,09:25:00,No,4.0,4.0,-37.47286761,144.973923,MITCHELL
T20150019685,Dry,Not known,Collision with vehicle,Wednesday,Dusk/Dawn,60,2015/09/09,17:20:00,No,2.0,1.0,-34.19498748,142.1431131,MILDURA
T20150019686,Unknown,Not known,Vehicle overturned (no collision),Tuesday,Day,999,2015/09/22,12:15:00,No,1.0,1.0,-37.445508,144.4684378,MOORABOOL
T20150019688,Wet,Raining,Vehicle overturned (no collision),Tuesday,Day,80,2015/09/22,14:00:00,No,1.0,1.0,-37.11541939,147.5577584,EAST GIPPSLAND
T20150019689,Wet,Clear,No collision and no object struck,Sunday,Day,100,2015/09/13,11:00:00,No,1.0,1.0,-37.4697637,144.1775538,MOORABOOL
T20150019690,Dry,Clear,Collision with vehicle,Tuesday,Day,50,2015/09/22,15:30:00,No,1.0,1.0,-38.20061594,146.5551207,LATROBE
T20150019697,Dry,Clear,Collision with a fixed object,Tuesday,Day,100,2015/09/22,08:15:00,No,1.0,1.0,-37.30245055,143.3815524,PYRENEES
T20150019699,Dry,Clear,Collision with vehicle,Tuesday,Day,100,2015/09/22,14:35:00,No,3.0,3.0,-37.68310116,143.0757942,PYRENEES
T20150019703,Wet,Clear,No collision and no object struck,Sunday,Day,60,2015/09/20,12:30:00,No,1.0,1.0,-37.93139808,146.1113112,BAW BAW
T20150019706,Dry,Not known,collision with some other object,Tuesday,Day,999,2015/09/22,13:30:00,No,1.0,1.0,-37.30916808,145.1331507,MITCHELL
T20150019722,Dry,Clear,Collision with a fixed object,Wednesday,Dusk/Dawn,100,2015/09/23,06:50:00,No,2.0,1.0,-37.32146566,143.0637713,ARARAT
T20150019724,Dry,Clear,Collision with vehicle,Wednesday,Day,70,2015/09/23,07:38:00,No,2.0,1.0,-38.16052552,144.3502997,GREATER GEELONG
T20150019726,Dry,Clear,Fall from or in moving vehicle,Wednesday,Day,60,2015/09/23,10:00:00,No,2.0,1.0,-38.23975961,144.3697396,GREATER GEELONG
T20150019731,Dry,Clear,Collision with vehicle,Wednesday,Day,60,2015/09/23,10:10:00,No,2.0,1.0,-36.1369195,146.8634379,WODONGA
T20150019737,Dry,Clear,Collision with vehicle,Wednesday,Day,50,2015/09/23,08:45:00,No,2.0,1.0,-36.80481964,144.241728,GREATER BENDIGO
T20150019744,Dry,Clear,No collision and no object struck,Saturday,Day,40,2015/09/19,16:00:00,Yes,1.0,1.0,-37.2210894,145.9234805,MURRINDINDI
T20150019748,Dry,Clear,Struck animal,Wednesday,Dusk/Dawn,100,2015/08/19,18:15:00,Yes,2.0,1.0,-37.15879967,148.2589831,EAST GIPPSLAND
T20150019750,Dry,Clear,Collision with vehicle,Wednesday,Day,70,2015/09/23,12:45:00,No,7.0,1.0,-38.12761196,144.3518796,GREATER GEELONG
T20150019755,Dry,Clear,Struck Pedestrian,Wednesday,Day,50,2015/09/23,14:15:00,No,2.0,1.0,-36.7079897,142.20518,HORSHAM
T20150019758,Wet,Raining,Collision with vehicle,Tuesday,Day,100,2015/09/08,11:30:00,No,2.0,1.0,-37.5464564,143.7374477,BALLARAT
T20150019766,Dry,Clear,Collision with vehicle,Wednesday,Day,100,2015/09/23,15:25:00,No,4.0,2.0,-38.60316662,146.6669354,WELLINGTON
T20150019773,Dry,Clear,Vehicle overturned (no collision),Wednesday,Dusk/Dawn,110,2015/09/23,17:05:00,No,1.0,1.0,-38.21380043,146.3242091,LATROBE
T20150019780,Dry,Clear,Collision with vehicle,Wednesday,Day,70,2015/09/23,16:35:00,No,3.0,1.0,-38.10768014,144.3533211,GREATER GEELONG
T20150019781,Dry,Clear,Collision with a fixed object,Wednesday,Dark No street lights,60,2015/09/23,19:00:00,Yes,1.0,1.0,-37.78889947,148.1018332,EAST GIPPSLAND
T20150019785,Wet,Clear,Collision with vehicle,Wednesday,Dark Street lights on,60,2015/09/23,20:45:00,Yes,6.0,1.0,-38.07415744,144.3586475,GREATER GEELONG
T20150019790,Dry,Clear,Collision with vehicle,Wednesday,Dark Street lights on,70,2015/09/23,20:20:00,Yes,2.0,1.0,-37.55525778,143.8177315,BALLARAT
T20150019791,Dry,Clear,Struck animal,Wednesday,Dark No street lights,100,2015/09/23,04:20:00,Yes,1.0,1.0,-38.03089697,146.7660599,WELLINGTON
T20150019800,Dry,Clear,Collision with vehicle,Tuesday,Dark Street lights on,60,2015/09/15,19:00:00,Yes,3.0,1.0,-37.60363554,143.8687624,BALLARAT
T20150019803,Dry,Clear,Collision with a fixed object,Thursday,Dusk/Dawn,50,2015/09/24,06:00:00,Yes,1.0,1.0,-37.06450024,144.2102022,MOUNT ALEXANDER
T20150019807,Dry,Clear,Collision with a fixed object,Monday,Dark No street lights,100,2015/08/03,20:10:00,Yes,1.0,1.0,-36.01896191,146.6241025,INDIGO
T20150019809,Wet,Not known,Vehicle overturned (no collision),Thursday,Day,80,2015/09/24,11:00:00,No,1.0,1.0,-38.7378514,143.2920229,COLAC OTWAY
T20150019812,Dry,Clear,Collision with a fixed object,Wednesday,Dark No street lights,100,2015/09/23,20:20:00,Yes,1.0,1.0,-36.06134818,146.4093041,INDIGO
T20150019813,Unknown,Dust,Vehicle overturned (no collision),Friday,Day,999,2015/09/11,12:15:00,No,1.0,1.0,-35.3597778,143.5648441,SWAN HILL
T20150019826,Dry,Clear,Fall from or in moving vehicle,Thursday,Day,50,2015/09/24,13:45:00,No,2.0,1.0,-37.56424022,143.857332,BALLARAT
T20150019834,Dry,Clear,No collision and no object struck,Saturday,Day,999,2015/09/19,14:00:00,Yes,1.0,1.0,-38.07319951,146.2347909,BAW BAW
T20150019836,Dry,Not known,Collision with vehicle,Thursday,Dusk/Dawn,60,2015/09/10,18:30:00,Yes,4.0,2.0,-36.77226827,144.312398,GREATER BENDIGO
T20150019837,Dry,Clear,Collision with vehicle,Wednesday,Day,80,2015/09/23,13:45:00,No,2.0,1.0,-36.15517263,144.7311922,CAMPASPE
T20150019841,Dry,Clear,Collision with vehicle,Thursday,Day,60,2015/09/24,16:25:00,No,3.0,1.0,-36.74691865,144.2581089,GREATER BENDIGO
T20150019843,Dry,Clear,Collision with vehicle,Monday,Day,60,2015/09/21,13:30:00,No,2.0,1.0,-37.58069484,143.8414341,BALLARAT
T20150019845,Dry,Clear,Collision with a fixed object,Sunday,Day,999,2015/09/13,10:15:00,No,1.0,1.0,-37.24560411,144.6236677,MACEDON RANGES
T20150019848,Unknown,Clear,Collision with vehicle,Wednesday,Day,999,2015/09/09,11:30:00,No,2.0,1.0,-38.19699057,144.3420148,GREATER GEELONG
T20150019860,Dry,Clear,Collision with a fixed object,Thursday,Dark No street lights,100,2015/09/24,19:00:00,Yes,1.0,1.0,-36.14385972,145.7310207,MOIRA
T20150019862,Dry,Clear,Collision with a fixed object,Friday,Dark No street lights,100,2015/09/25,00:02:00,Yes,1.0,1.0,-38.18387338,144.4424187,GREATER GEELONG
T20150019863,Dry,Clear,Struck animal,Thursday,Dark No street lights,80,2015/09/24,23:50:00,Yes,3.0,2.0,-38.21029037,144.3688055,GREATER GEELONG
T20150019866,Dry,Clear,Collision with a fixed object,Friday,Dusk/Dawn,80,2015/09/25,05:30:00,Yes,1.0,1.0,-37.03990033,145.1606295,MITCHELL
T20150019870,Dry,Clear,Collision with a fixed object,Friday,Day,80,2015/09/25,09:25:00,No,1.0,1.0,-38.32704452,146.2944088,LATROBE
T20150019871,Dry,Clear,Collision with vehicle,Friday,Dusk/Dawn,100,2015/09/25,07:05:00,No,2.0,2.0,-36.29874443,145.103559,CAMPASPE
T20150019872,Wet,Raining,Vehicle overturned (no collision),Friday,Day,60,2015/09/25,09:15:00,No,2.0,1.0,-37.73196147,148.092186,EAST GIPPSLAND
T20150019878,Unknown,Not known,No collision and no object struck,Saturday,Day,999,2015/09/19,10:15:00,No,1.0,1.0,-37.48118002,145.6586013,MURRINDINDI
T20150019884,Dry,Clear,Collision with vehicle,Thursday,Day,60,2015/09/24,16:10:00,No,2.0,1.0,-38.17411306,144.3527069,GREATER GEELONG
T20150019889,Dry,Clear,Collision with vehicle,Friday,Day,80,2015/09/25,14:30:00,No,3.0,2.0,-36.23836953,145.4314647,GREATER SHEPPARTON
T20150019893,Dry,Clear,No collision and no object struck,Friday,Day,100,2015/09/18,13:30:00,No,1.0,1.0,-34.23976,142.0713381,MILDURA
T20150019897,Dry,Clear,Collision with vehicle,Friday,Day,60,2015/09/25,15:30:00,No,2.0,1.0,-38.09003701,144.3474257,GREATER GEELONG
T20150019903,Dry,Clear,Collision with vehicle,Friday,Day,50,2015/09/25,14:40:00,No,2.0,1.0,-37.20438182,145.0444289,MITCHELL
T20150019910,Dry,Clear,Collision with a fixed object,Friday,Dusk/Dawn,100,2015/09/25,18:00:00,Yes,2.0,2.0,-36.99742884,142.4849128,NORTHERN GRAMPIANS
T20150019922,Dry,Clear,Collision with vehicle,Friday,Day,60,2015/09/25,16:10:00,No,2.0,1.0,-36.78062644,144.2703328,GREATER BENDIGO
T20150019943,Dry,Clear,Collision with vehicle,Saturday,Day,60,2015/09/26,08:00:00,Yes,2.0,2.0,-37.67387224,144.4369806,MOORABOOL
T20150019946,Dry,Fog,Collision with a fixed object,Saturday,Dark No street lights,100,2015/09/19,02:30:00,Yes,1.0,1.0,-36.04218,145.4603349,MOIRA
T20150019948,Dry,Fog,Vehicle overturned (no collision),Friday,Dark No street lights,100,2015/09/25,21:25:00,Yes,3.0,1.0,-38.04547173,147.1374091,WELLINGTON
T20150019953,Dry,Clear,Collision with a fixed object,Saturday,Dusk/Dawn,100,2015/09/26,06:30:00,Yes,1.0,1.0,-38.67440383,143.170662,CORANGAMITE
T20150019958,Dry,Clear,Collision with vehicle,Saturday,Day,60,2015/09/26,12:15:00,No,1.0,1.0,-37.59329217,143.840958,BALLARAT
T20150019966,Dry,Clear,Collision with vehicle,Saturday,Day,50,2015/09/26,13:30:00,No,2.0,1.0,-36.75874158,144.277478,GREATER BENDIGO
T20150019968,Dry,Clear,Collision with vehicle,Saturday,Day,100,2015/09/26,15:50:00,Yes,3.0,1.0,-38.0802,146.77122,WELLINGTON
T20150019974,Dry,Clear,Vehicle overturned (no collision),Saturday,Day,100,2015/09/26,13:25:00,No,1.0,1.0,-38.36547645,144.0498613,SURF COAST
T20150019985,Dry,Clear,Collision with vehicle,Saturday,Dusk/Dawn,60,2015/09/26,18:00:00,Yes,2.0,1.0,-38.18582284,144.3212497,GREATER GEELONG
T20150019987,Dry,Clear,Struck Pedestrian,Saturday,Dusk/Dawn,60,2015/09/26,18:20:00,Yes,2.0,1.0,-38.15155506,146.7884691,WELLINGTON
T20150020004,Dry,Dust,Struck animal,Saturday,Day,999,2015/09/19,16:00:00,Yes,1.0,1.0,-38.02140306,146.2879727,BAW BAW
T20150020010,Dry,Clear,Collision with a fixed object,Saturday,Day,100,2015/09/26,11:36:00,No,3.0,3.0,-37.86748202,147.8638703,EAST GIPPSLAND
T20150020012,Dry,Clear,Collision with a fixed object,Saturday,Day,80,2015/09/26,11:30:00,No,2.0,1.0,-38.35474277,143.0572774,CORANGAMITE
T20150020019,Dry,Clear,Collision with a fixed object,Sunday,Dark Street lights on,50,2015/09/27,02:35:00,Yes,1.0,1.0,-37.29093952,143.781911,HEPBURN
T20150020020,Dry,Clear,Collision with vehicle,Sunday,Day,80,2015/09/27,11:35:00,No,2.0,1.0,-38.5165878,143.9718884,SURF COAST
T20150020038,Dry,Clear,Collision with a fixed object,Sunday,Dusk/Dawn,60,2015/09/27,17:44:00,Yes,2.0,2.0,-36.39734045,145.3689936,GREATER SHEPPARTON
T20150020041,Dry,Clear,Struck animal,Sunday,Dark No street lights,80,2015/09/27,18:45:00,Yes,1.0,1.0,-38.12839077,145.9286879,BAW BAW
T20150020043,Dry,Clear,Collision with vehicle,Sunday,Day,50,2015/09/27,16:15:00,Yes,2.0,1.0,-38.09243224,144.3646162,GREATER GEELONG
T20150020045,Dry,Clear,Collision with vehicle,Sunday,Dark Street lights on,50,2015/09/27,21:30:00,Yes,3.0,1.0,-37.59890007,143.8380685,BALLARAT
T20150020047,Dry,Clear,Collision with a fixed object,Sunday,Dark No street lights,100,2015/09/27,20:45:00,Yes,3.0,1.0,-36.85343316,144.5078084,GREATER BENDIGO
T20150020048,Dry,Clear,Collision with a fixed object,Sunday,Dusk/Dawn,999,2015/09/27,17:00:00,Yes,2.0,1.0,-37.80653043,147.5800438,EAST GIPPSLAND
T20150020063,Dry,Clear,Collision with vehicle,Monday,Day,60,2015/09/28,09:30:00,No,3.0,1.0,-37.57359952,143.8285722,BALLARAT
T20150020087,Dry,Clear,Collision with a fixed object,Monday,Dark No street lights,100,2015/09/28,05:20:00,Yes,2.0,2.0,-36.47818959,143.7022404,LODDON
T20150020094,Dry,Clear,Collision with vehicle,Tuesday,Day,60,2015/09/08,17:20:00,No,3.0,1.0,-37.58213024,143.8679913,BALLARAT
T20150020097,Unknown,Not known,Collision with vehicle,Wednesday,Day,999,2015/08/19,12:15:00,No,2.0,1.0,-36.7314577,144.304867,GREATER BENDIGO
T20150020098,Dry,Clear,Collision with vehicle,Monday,Day,60,2015/09/28,14:45:00,No,2.0,1.0,-36.7634301,144.2519197,GREATER BENDIGO
T20150020108,Unknown,Not known,Collision with vehicle,Monday,Day,100,2015/09/28,15:00:00,No,3.0,2.0,-36.14771705,146.928148,WODONGA
T20150020117,Dry,Clear,Collision with vehicle,Monday,Day,60,2015/09/28,16:20:00,No,13.0,1.0,-38.20813092,146.1507502,BAW BAW
T20150020131,Unknown,Not known,No collision and no object struck,Tuesday,Dusk/Dawn,50,2015/08/18,06:45:00,No,1.0,1.0,-38.19928958,144.3270861,GREATER GEELONG
T20150020139,Dry,Clear,Collision with a fixed object,Monday,Day,100,2015/09/28,13:55:00,No,1.0,1.0,-36.06980633,144.404278,CAMPASPE
T20150020140,Dry,Clear,Collision with vehicle,Tuesday,Dark No street lights,100,2015/09/29,05:40:00,Yes,2.0,1.0,-38.10703927,141.6451985,GLENELG
T20150020144,Dry,Clear,Collision with vehicle,Tuesday,Day,60,2015/09/29,08:48:00,No,2.0,1.0,-36.37940423,145.3958,GREATER SHEPPARTON
T20150020148,Dry,Clear,Collision with a fixed object,Friday,Day,80,2015/09/25,08:15:00,No,2.0,1.0,-36.71053074,146.9348693,ALPINE
T20150020161,Dry,Clear,Collision with vehicle,Tuesday,Day,50,2015/09/29,12:45:00,No,2.0,1.0,-38.10493245,147.0752122,WELLINGTON
T20150020164,Dry,Clear,Collision with vehicle,Tuesday,Day,110,2015/09/29,13:40:00,No,5.0,3.0,-37.16667945,145.0770768,MITCHELL
T20150020170,Dry,Clear,Collision with vehicle,Tuesday,Day,80,2015/09/29,14:30:00,No,3.0,1.0,-38.40752048,145.5302338,BASS COAST
T20150020203,Dry,Clear,Collision with vehicle,Wednesday,Day,60,2015/09/30,08:25:00,No,2.0,1.0,-38.08824418,144.3358918,GREATER GEELONG
T20150020211,Dry,Clear,Collision with vehicle,Monday,Day,60,2015/08/31,08:00:00,No,2.0,1.0,-38.17968425,144.3768052,GREATER GEELONG
T20150020216,Dry,Not known,Collision with vehicle,Saturday,Day,999,2015/09/05,11:27:00,No,2.0,1.0,-37.66417403,144.4390274,MOORABOOL
T20150020221,Dry,Clear,Collision with vehicle,Wednesday,Day,50,2015/09/30,12:05:00,No,2.0,2.0,-36.38617633,145.3561618,GREATER SHEPPARTON
T20150020228,Dry,Clear,No collision and no object struck,Saturday,Day,999,2015/09/26,15:00:00,Yes,1.0,1.0,-37.81935594,146.4053998,BAW BAW
T20150020234,Dry,Dust,Collision with a fixed object,Tuesday,Day,999,2015/09/22,13:00:00,No,1.0,1.0,-36.65141026,144.14407,GREATER BENDIGO
T20150020244,Dry,Clear,Struck animal,Monday,Dark No street lights,100,2015/09/14,18:55:00,Yes,1.0,1.0,-37.30532931,144.737613,MACEDON RANGES
T20150020251,Dry,Clear,Collision with vehicle,Wednesday,Dusk/Dawn,60,2015/09/30,17:24:00,No,5.0,1.0,-37.54338953,143.8576301,BALLARAT
T20150020256,Dry,Clear,Vehicle overturned (no collision),Friday,Day,999,2015/09/25,12:00:00,No,1.0,1.0,-36.71138802,146.8977169,ALPINE
T20150020257,Dry,Clear,Collision with vehicle,Wednesday,Dusk/Dawn,50,2015/09/30,17:35:00,No,3.0,1.0,-36.75548978,144.284313,GREATER BENDIGO
T20150020259,Unknown,Clear,Collision with vehicle,Tuesday,Day,60,2015/05/12,12:40:00,No,2.0,1.0,-38.07352305,144.3533694,GREATER GEELONG
T20150020260,Dry,Clear,Collision with vehicle,Wednesday,Day,60,2015/09/30,16:20:00,No,3.0,1.0,-38.17139983,144.3093184,GREATER GEELONG
T20150020269,Dry,Clear,Collision with vehicle,Wednesday,Dark Street lights on,50,2015/09/30,03:50:00,Yes,1.0,1.0,-38.26207999,144.54462,GREATER GEELONG
T20150020271,Dry,Clear,Collision with a fixed object,Thursday,Dark No street lights,100,2015/10/01,00:30:00,Yes,1.0,1.0,-38.44618924,143.1531896,CORANGAMITE
T20150020277,Wet,Clear,Vehicle overturned (no collision),Monday,Day,100,2015/09/21,11:20:00,No,1.0,1.0,-37.51812205,143.8342994,BALLARAT
T20150020281,Dry,Clear,Vehicle overturned (no collision),Wednesday,Day,100,2015/09/30,16:30:00,No,1.0,1.0,-36.38909345,146.877081,INDIGO
T20150020286,Unknown,Clear,Collision with vehicle,Friday,Day,50,2015/09/11,16:04:00,Yes,3.0,1.0,-38.15795377,144.3586656,GREATER GEELONG
T20150020287,Dry,Clear,Collision with vehicle,Thursday,Day,110,2015/10/01,08:45:00,No,6.0,3.0,-38.20558339,146.0863302,BAW BAW
T20150020289,Unknown,Not known,No collision and no object struck,Sunday,Unknown,999,2015/08/30,15:30:00,No,1.0,1.0,-37.04511095,142.2124784,HORSHAM
T20150020290,Dry,Clear,Collision with vehicle,Thursday,Dusk/Dawn,100,2015/10/01,06:45:00,No,2.0,1.0,-38.6357542,146.1914869,SOUTH GIPPSLAND
T20150020299,Dry,Clear,Struck animal,Thursday,Day,999,2015/10/01,10:00:00,No,1.0,1.0,-38.38330934,144.1728407,SURF COAST
T20150020300,Dry,Clear,Collision with a fixed object,Thursday,Day,110,2015/10/01,09:37:00,No,1.0,1.0,-36.84054995,144.2327299,GREATER BENDIGO
T20150020312,Dry,Clear,Collision with vehicle,Friday,Day,50,2015/09/25,14:20:00,No,2.0,1.0,-36.12537601,146.8796141,WODONGA
T20150020337,Dry,Clear,Collision with vehicle,Thursday,Dark No street lights,100,2015/10/01,20:45:00,Yes,3.0,1.0,-35.11174935,143.3487824,SWAN HILL
T20150020342,Dry,Clear,Collision with vehicle,Wednesday,Dusk/Dawn,110,2015/09/30,06:16:00,No,2.0,1.0,-37.1347902,144.3893388,MOUNT ALEXANDER
T20150020344,Dry,Clear,Collision with vehicle,Thursday,Dark No street lights,100,2015/10/01,22:19:00,Yes,3.0,3.0,-37.93963774,147.1489986,WELLINGTON
T20150020350,Dry,Clear,Collision with a fixed object,Friday,Dark No street lights,100,2015/10/02,01:54:00,Yes,4.0,3.0,-35.61746996,143.8034623,GANNAWARRA
T20150020371,Dry,Clear,Struck animal,Monday,Dark No street lights,100,2015/05/18,18:10:00,Yes,1.0,1.0,-36.07410763,145.31383,MOIRA
T20150020378,Dry,Clear,Collision with vehicle,Thursday,Day,50,2015/10/01,14:10:00,No,3.0,1.0,-37.8216715,147.6223083,EAST GIPPSLAND
T20150020383,Dry,Clear,Collision with vehicle,Friday,Day,100,2015/10/02,14:05:00,No,2.0,1.0,-38.64888141,146.2074319,SOUTH GIPPSLAND
T20150020393,Dry,Clear,Collision with a fixed object,Friday,Day,50,2015/10/02,14:34:00,No,1.0,1.0,-37.5663101,143.8595202,BALLARAT
T20150020397,Dry,Clear,Collision with vehicle,Friday,Day,100,2015/10/02,15:15:00,No,11.0,5.0,-36.49766362,144.6433753,CAMPASPE
T20150020403,Dry,Clear,Collision with vehicle,Friday,Day,50,2015/10/02,15:50:00,No,2.0,1.0,-38.40241403,142.4750195,WARRNAMBOOL
T20150020411,Dry,Clear,Collision with vehicle,Friday,Dark No street lights,100,2015/10/02,18:50:00,Yes,3.0,2.0,-35.92547269,145.5316015,MOIRA
T20150020412,Dry,Clear,No collision and no object struck,Friday,Day,100,2015/10/02,12:00:00,No,1.0,1.0,-37.85269907,146.6757221,WELLINGTON
T20150020416,Dry,Clear,Collision with vehicle,Saturday,Day,70,2015/06/20,10:30:00,No,3.0,1.0,-38.14563028,144.3531063,GREATER GEELONG
T20150020419,Dry,Clear,Collision with vehicle,Friday,Dark Street lights on,60,2015/10/02,20:38:00,Yes,1.0,1.0,-36.14047533,144.7544522,CAMPASPE
T20150020422,Dry,Clear,Collision with a fixed object,Saturday,Dark Street lights on,50,2015/10/03,03:47:00,Yes,1.0,1.0,-36.41422892,145.3980005,GREATER SHEPPARTON
T20150020423,Dry,Clear,Collision with a fixed object,Friday,Dark No street lights,999,2015/10/02,23:45:00,Yes,1.0,1.0,-36.84144449,142.3030989,HORSHAM
T20150020426,Dry,Clear,Collision with a fixed object,Saturday,Dark No street lights,100,2015/10/03,00:15:00,Yes,3.0,3.0,-38.2675418,144.4634997,GREATER GEELONG
T20150020431,Dry,Clear,Collision with vehicle,Friday,Dusk/Dawn,60,2015/10/02,17:30:00,No,2.0,1.0,-38.19640912,146.5519006,LATROBE
T20150020432,Dry,Clear,Collision with vehicle,Friday,Day,40,2015/10/02,12:30:00,No,3.0,1.0,-37.54796013,143.8224408,BALLARAT
T20150020439,Dry,Clear,Collision with vehicle,Saturday,Day,60,2015/10/03,11:19:00,No,5.0,2.0,-38.07308648,144.3497902,GREATER GEELONG
T20150020440,Dry,Clear,Vehicle overturned (no collision),Friday,Day,100,2015/10/02,11:31:00,No,1.0,1.0,-37.53027983,144.2480563,MOORABOOL
T20150020441,Dry,Clear,Collision with vehicle,Saturday,Day,50,2015/10/03,12:30:00,No,5.0,1.0,-36.7283175,144.2626376,GREATER BENDIGO
T20150020442,Dry,Not known,No collision and no object struck,Thursday,Dark No street lights,100,2015/08/06,18:45:00,Yes,1.0,1.0,-37.65567904,143.3220218,PYRENEES
T20150020458,Dry,Clear,Collision with a fixed object,Saturday,Day,999,2015/10/03,13:45:00,No,2.0,2.0,-37.70863422,143.7327541,GOLDEN PLAINS
T20150020463,Dry,Clear,Collision with vehicle,Saturday,Day,60,2015/10/03,16:10:00,Yes,6.0,2.0,-34.205965,142.1770164,MILDURA
T20150020477,Unknown,Not known,No collision and no object struck,Saturday,Day,999,2015/07/11,12:00:00,No,1.0,1.0,-37.99708448,146.0386718,BAW BAW
T20150020481,Dry,Clear,Collision with vehicle,Sunday,Dusk/Dawn,100,2015/10/04,06:20:00,No,2.0,1.0,-37.98339618,144.5308168,GREATER GEELONG
T20150020482,Dry,Clear,Struck Pedestrian,Tuesday,Day,60,2015/09/08,10:30:00,No,2.0,1.0,-36.25186,142.3950135,YARRIAMBIACK
T20150020483,Dry,Clear,Vehicle overturned (no collision),Sunday,Day,60,2015/10/04,09:45:00,Yes,2.0,1.0,-38.37365035,142.477565,WARRNAMBOOL
T20150020489,Dry,Clear,Collision with vehicle,Sunday,Day,60,2015/10/04,11:45:00,No,4.0,2.0,-38.19987122,144.3137212,GREATER GEELONG
T20150020490,Dry,Clear,Collision with vehicle,Sunday,Day,50,2015/10/04,11:40:00,No,2.0,1.0,-38.15414408,144.3604242,GREATER GEELONG
T20150020498,Dry,Clear,Vehicle overturned (no collision),Sunday,Day,100,2015/10/04,13:35:00,No,4.0,2.0,-36.80671975,144.4820418,GREATER BENDIGO
T20150020502,Dry,Clear,Vehicle overturned (no collision),Sunday,Day,100,2015/10/04,13:45:00,No,5.0,1.0,-36.42183104,146.784889,INDIGO