Accident_No,Surface_Cond_Desc,Atmosph_Cond_Desc,Accident_Type_Desc,Day,Light_Condition_Desc,Speed_Zone,Accident_Date,Accident_Time,Alcohol_Influence,Total_Persons_Inv,Inj_Or_Fatal,Lat,Long,LGA
T20150020503,Dry,Clear,Collision with vehicle,Sunday,Day,50,2015/10/04,14:55:00,No,3.0,1.0,-37.35069125,144.7430122,MACEDON RANGES
T20150020511,Dry,Clear,Collision with vehicle,Sunday,Day,50,2015/10/04,14:30:00,No,5.0,3.0,-36.56191138,146.7257341,ALPINE
T20150020516,Dry,Clear,collision with some other object,Sunday,Day,100,2015/10/04,14:30:00,No,3.0,2.0,-36.69644993,144.5155293,GREATER BENDIGO
T20150020530,Dry,Clear,Collision with a fixed object,Sunday,Day,50,2015/10/04,16:20:00,Yes,2.0,2.0,-36.71426998,142.20252,HORSHAM
T20150020531,Dry,Clear,Collision with a fixed object,Sunday,Dark No street lights,110,2015/10/04,19:30:00,Yes,1.0,1.0,-36.84782747,145.3447486,STRATHBOGIE
T20150020558,Dry,Not known,No collision and no object struck,Saturday,Day,999,2015/10/03,11:45:00,No,1.0,1.0,-36.7819954,146.7043402,ALPINE
T20150020563,Dry,Clear,collision with some other object,Sunday,Day,999,2015/10/04,14:00:00,No,1.0,1.0,-37.37155999,145.08608,MITCHELL
T20150020573,Dry,Clear,collision with some other object,Monday,Day,999,2015/10/05,12:30:00,No,1.0,1.0,-37.05452733,143.2435725,PYRENEES
T20150020577,Dry,Clear,Collision with vehicle,Monday,Dusk/Dawn,100,2015/10/05,07:30:00,Yes,2.0,1.0,-37.34796391,145.0153307,MITCHELL
T20150020578,Dry,Clear,Collision with vehicle,Monday,Day,100,2015/10/05,10:55:00,No,2.0,1.0,-36.61235351,145.3178133,GREATER SHEPPARTON
T20150020583,Dry,Clear,Collision with vehicle,Monday,Day,110,2015/10/05,08:30:00,No,48.0,15.0,-36.84785219,145.3430412,STRATHBOGIE
T20150020585,Dry,Clear,Collision with a fixed object,Monday,Day,100,2015/10/05,12:45:00,No,1.0,1.0,-38.46242966,145.4410973,BASS COAST
T20150020588,Dry,Clear,Vehicle overturned (no collision),Monday,Day,80,2015/10/05,14:37:00,No,2.0,2.0,-37.291231,142.8945035,ARARAT
T20150020591,Dry,Clear,Collision with vehicle,Monday,Day,60,2015/10/05,14:15:00,No,4.0,2.0,-36.75937612,144.3131899,GREATER BENDIGO
T20150020593,Dry,Clear,Vehicle overturned (no collision),Friday,Day,100,2015/10/02,11:45:00,No,1.0,1.0,-37.70244962,147.5865207,EAST GIPPSLAND
T20150020604,Dry,Clear,No collision and no object struck,Saturday,Day,60,2015/10/03,10:00:00,No,1.0,1.0,-37.44837634,144.4459095,MOORABOOL
T20150020606,Dry,Clear,Collision with vehicle,Monday,Dusk/Dawn,60,2015/10/05,17:15:00,No,5.0,3.0,-37.84476103,147.5850227,EAST GIPPSLAND
T20150020616,Dry,Clear,Collision with vehicle,Monday,Day,110,2015/10/05,16:45:00,No,2.0,1.0,-34.25577283,141.8803903,MILDURA
T20150020622,Dry,Clear,Vehicle overturned (no collision),Saturday,Dark Street lights on,60,2015/04/18,23:53:00,Yes,1.0,1.0,-38.39315924,146.1430408,SOUTH GIPPSLAND
T20150020630,Dry,Clear,Vehicle overturned (no collision),Monday,Day,110,2015/10/05,13:50:00,No,1.0,1.0,-36.47933935,146.1581196,BENALLA
T20150020632,Dry,Clear,Collision with vehicle,Monday,Dusk/Dawn,110,2015/10/05,18:45:00,Yes,3.0,2.0,-36.5654279,146.0094683,BENALLA
T20150020636,Dry,Clear,No collision and no object struck,Monday,Dark Street lights on,50,2015/07/13,21:30:00,Yes,1.0,1.0,-37.25201655,144.4622174,MACEDON RANGES
T20150020645,Dry,Clear,Collision with vehicle,Thursday,Dusk/Dawn,50,2015/10/01,19:25:00,Yes,3.0,1.0,-36.79585646,144.2441379,GREATER BENDIGO
T20150020653,Dry,Clear,Collision with vehicle,Tuesday,Day,80,2015/10/06,10:00:00,No,4.0,2.0,-36.39671568,145.46193,GREATER SHEPPARTON
T20150020660,Dry,Clear,No collision and no object struck,Saturday,Day,60,2015/10/03,10:00:00,No,1.0,1.0,-36.99311994,143.3229295,PYRENEES
T20150020672,Dry,Clear,Collision with vehicle,Tuesday,Day,40,2015/10/06,16:15:00,No,3.0,1.0,-36.12454178,146.8885164,WODONGA
T20150020677,Dry,Dust,Collision with a fixed object,Tuesday,Dusk/Dawn,100,2015/10/06,17:00:00,No,1.0,1.0,-36.64704753,144.5317087,GREATER BENDIGO
T20150020682,Dry,Clear,Collision with vehicle,Tuesday,Dusk/Dawn,100,2015/10/06,19:00:00,Yes,6.0,4.0,-34.24280289,142.1126457,MILDURA
T20150020683,Dry,Smoke,collision with some other object,Tuesday,Dusk/Dawn,100,2015/10/06,17:20:00,No,3.0,3.0,-37.10046295,144.572374,MACEDON RANGES
T20150020689,Dry,Clear,Collision with a fixed object,Thursday,Day,100,2015/10/01,15:00:00,No,3.0,1.0,-38.6065565,145.7626875,BASS COAST
T20150020699,Dry,Clear,Collision with a fixed object,Tuesday,Dark Street lights unknown,50,2015/10/06,23:35:00,Yes,1.0,1.0,-36.76366049,144.2549072,GREATER BENDIGO
T20150020705,Dry,Clear,Collision with vehicle,Sunday,Dark Street lights on,50,2015/10/04,00:30:00,No,1.0,1.0,-38.18236088,144.4700881,GREATER GEELONG
T20150020722,Dry,Clear,Collision with vehicle,Wednesday,Day,60,2015/10/07,12:00:00,No,2.0,1.0,-37.53211902,143.8210224,BALLARAT
T20150020725,Dry,Clear,Collision with vehicle,Wednesday,Dusk/Dawn,100,2015/10/07,07:00:00,No,3.0,2.0,-37.8749417,147.4500806,EAST GIPPSLAND
T20150020727,Dry,Clear,Vehicle overturned (no collision),Tuesday,Day,30,2015/10/06,11:30:00,No,1.0,1.0,-34.28759232,142.1959624,MILDURA
T20150020728,Dry,Clear,Collision with a fixed object,Tuesday,Day,100,2015/10/06,18:42:00,Yes,1.0,1.0,-36.94185061,144.7374106,GREATER BENDIGO
T20150020732,Dry,Clear,Struck Pedestrian,Wednesday,Day,60,2015/10/07,14:05:00,No,3.0,1.0,-36.38108673,145.3993076,GREATER SHEPPARTON
T20150020733,Dry,Clear,Vehicle overturned (no collision),Wednesday,Day,100,2015/10/07,12:00:00,No,1.0,1.0,-36.21627163,147.2120096,TOWONG
T20150020736,Dry,Clear,Vehicle overturned (no collision),Saturday,Day,40,2015/10/03,15:45:00,Yes,1.0,1.0,-37.94850928,146.4072495,BAW BAW
T20150020738,Dry,Clear,Collision with vehicle,Wednesday,Day,100,2015/10/07,12:40:00,No,2.0,1.0,-37.1038999,142.8008802,NORTHERN GRAMPIANS
T20150020741,Dry,Clear,Collision with vehicle,Wednesday,Day,80,2015/10/07,16:30:00,No,3.0,1.0,-37.34996851,144.5495095,MACEDON RANGES
T20150020746,Dry,Clear,Collision with a fixed object,Wednesday,Dusk/Dawn,999,2015/08/12,18:20:00,Yes,1.0,1.0,-36.19918038,145.65921,MOIRA
T20150020747,Dry,Clear,Collision with vehicle,Wednesday,Day,100,2015/10/07,16:50:00,No,2.0,2.0,-38.51855116,145.9518375,SOUTH GIPPSLAND
T20150020748,Dry,Clear,Collision with a fixed object,Wednesday,Dark No street lights,100,2015/10/07,19:30:00,Yes,1.0,1.0,-37.83723346,147.4784593,EAST GIPPSLAND
T20150020774,Dry,Clear,Collision with a fixed object,Thursday,Day,100,2015/10/08,09:20:00,No,1.0,1.0,-35.92546376,145.4248624,MOIRA
T20150020775,Dry,Clear,Collision with vehicle,Thursday,Day,60,2015/03/12,14:45:00,No,1.0,1.0,-38.14955701,144.3466022,GREATER GEELONG
T20150020777,Unknown,Not known,Collision with a fixed object,Sunday,Day,60,2015/08/16,12:30:00,No,1.0,1.0,-38.01546949,145.9630172,BAW BAW
T20150020790,Dry,Clear,Collision with vehicle,Thursday,Day,60,2015/10/08,14:00:00,No,2.0,1.0,-37.55610985,143.8483087,BALLARAT
T20150020797,Dry,Clear,Collision with vehicle,Thursday,Day,50,2015/10/08,15:45:00,No,3.0,1.0,-35.34281471,143.5606651,SWAN HILL
T20150020801,Dry,Clear,No collision and no object struck,Wednesday,Dusk/Dawn,100,2015/10/07,07:55:00,No,2.0,1.0,-37.99990054,147.0641244,WELLINGTON
T20150020820,Dry,Clear,Collision with a fixed object,Thursday,Dark No street lights,110,2015/10/08,23:00:00,Yes,1.0,1.0,-37.41935082,144.9932814,MITCHELL
T20150020823,Unknown,Not known,Collision with vehicle,Tuesday,Dark No street lights,80,2015/10/06,06:00:00,Yes,2.0,1.0,-37.70777901,144.4569971,MOORABOOL
T20150020829,Dry,Clear,Collision with vehicle,Thursday,Day,50,2015/10/08,11:45:00,No,2.0,2.0,-36.76941742,144.2910189,GREATER BENDIGO
T20150020832,Wet,Raining,Struck Pedestrian,Monday,Dusk/Dawn,60,2015/09/14,17:40:00,No,3.0,1.0,-38.18583977,144.3441483,GREATER GEELONG
T20150020833,Dry,Clear,Collision with vehicle,Monday,Day,70,2015/08/31,08:00:00,No,2.0,1.0,-36.75937612,144.3131899,GREATER BENDIGO
T20150020834,Dry,Clear,Collision with a fixed object,Saturday,Day,50,2015/09/26,16:10:00,Yes,1.0,1.0,-38.328241,141.5925695,GLENELG
T20150020836,Dry,Clear,Struck Pedestrian,Thursday,Day,60,2015/10/08,12:30:00,No,2.0,1.0,-37.56070838,143.8457503,BALLARAT
T20150020841,Dry,Clear,Collision with vehicle,Friday,Day,60,2015/10/09,08:55:00,No,2.0,1.0,-38.14109119,145.8707697,BAW BAW
T20150020872,Dry,Clear,Struck Pedestrian,Friday,Day,50,2015/10/09,15:45:00,No,3.0,1.0,-38.37221979,142.4876376,WARRNAMBOOL
T20150020873,Dry,Clear,Collision with vehicle,Friday,Dusk/Dawn,50,2015/10/09,17:00:00,Yes,2.0,1.0,-36.7178125,142.2049356,HORSHAM
T20150020874,Dry,Clear,Collision with vehicle,Friday,Day,50,2015/10/09,12:25:00,No,3.0,1.0,-36.38670226,145.399677,GREATER SHEPPARTON
T20150020888,Dry,Clear,Collision with a fixed object,Friday,Day,100,2015/10/09,15:15:00,No,1.0,1.0,-36.31184318,146.8632893,INDIGO
T20150020891,Dry,Clear,Collision with vehicle,Tuesday,Day,50,2015/09/22,08:20:00,No,3.0,1.0,-38.13339186,144.3497251,GREATER GEELONG
T20150020905,Dry,Clear,Collision with vehicle,Friday,Dark Street lights on,80,2015/10/09,23:50:00,Yes,3.0,2.0,-38.09882187,144.355022,GREATER GEELONG
T20150020906,Dry,Clear,Collision with vehicle,Wednesday,Day,60,2015/10/07,18:35:00,Yes,4.0,2.0,-36.72446432,142.2051952,HORSHAM
T20150020911,Dry,Clear,Collision with a fixed object,Friday,Dark No street lights,100,2015/10/09,20:45:00,Yes,1.0,1.0,-37.9514212,146.8845486,WELLINGTON
T20150020915,Dry,Clear,Collision with a fixed object,Saturday,Day,60,2015/10/10,08:41:00,No,1.0,1.0,-38.19538032,146.552034,LATROBE
T20150020916,Dry,Clear,Collision with vehicle,Saturday,Day,60,2015/10/10,10:10:00,No,4.0,1.0,-38.33510602,143.6098889,COLAC OTWAY
T20150020921,Dry,Clear,Collision with vehicle,Thursday,Day,60,2015/10/08,16:00:00,No,6.0,5.0,-36.38226723,145.4080889,GREATER SHEPPARTON
T20150020923,Dry,Clear,Collision with a fixed object,Saturday,Dusk/Dawn,60,2015/10/10,07:01:00,No,2.0,2.0,-36.3828415,145.4124197,GREATER SHEPPARTON
T20150020942,Dry,Clear,Collision with vehicle,Saturday,Day,60,2015/10/10,16:17:00,Yes,3.0,2.0,-37.60041022,143.8682576,BALLARAT
T20150020952,Dry,Clear,Collision with vehicle,Friday,Dusk/Dawn,50,2015/10/09,18:20:00,Yes,2.0,1.0,-36.38359616,145.4022008,GREATER SHEPPARTON
T20150020964,Wet,Clear,Collision with a fixed object,Saturday,Dark Street lights on,70,2015/10/10,23:35:00,Yes,2.0,1.0,-38.1195681,144.3332262,GREATER GEELONG
T20150020969,Wet,Clear,Collision with vehicle,Saturday,Dark Street lights on,50,2015/10/10,22:00:00,Yes,1.0,1.0,-36.42018137,145.40698,GREATER SHEPPARTON
T20150020976,Wet,Raining,No collision and no object struck,Saturday,Day,100,2015/10/10,16:30:00,Yes,1.0,1.0,-37.34974974,147.2068882,WELLINGTON
T20150020981,Dry,Not known,No collision and no object struck,Saturday,Day,100,2015/10/10,16:30:00,Yes,2.0,1.0,-37.89119874,146.0323053,BAW BAW
T20150020988,Dry,Clear,Collision with a fixed object,Sunday,Unknown,110,2015/10/11,07:00:00,Yes,1.0,1.0,-37.59026003,144.18973,MOORABOOL
T20150020993,Dry,Clear,Vehicle overturned (no collision),Sunday,Dark No street lights,100,2015/10/11,01:00:00,No,1.0,1.0,-36.11234197,146.6779135,INDIGO
T20150021000,Dry,Clear,Collision with a fixed object,Sunday,Day,100,2015/10/11,14:22:00,No,2.0,1.0,-37.66382952,141.8319706,SOUTHERN GRAMPIANS
T20150021018,Dry,Clear,Collision with a fixed object,Sunday,Day,60,2015/10/11,16:45:00,Yes,1.0,1.0,-37.15116722,144.1621737,MOUNT ALEXANDER
T20150021019,Dry,Clear,No collision and no object struck,Tuesday,Dark Street lights on,60,2015/08/25,19:00:00,Yes,2.0,1.0,-38.17616789,144.3432136,GREATER GEELONG
T20150021037,Dry,Not known,Collision with vehicle,Tuesday,Dusk/Dawn,50,2015/09/15,17:40:00,No,1.0,1.0,-38.1353317,144.3410984,GREATER GEELONG
T20150021040,Dry,Clear,Collision with vehicle,Monday,Day,70,2015/10/12,08:40:00,Yes,2.0,1.0,-38.18209981,144.34225,GREATER GEELONG
T20150021041,Dry,Clear,Collision with a fixed object,Monday,Day,110,2015/10/12,08:50:00,No,1.0,1.0,-37.68524572,144.4799507,MOORABOOL
T20150021046,Wet,Clear,Collision with vehicle,Monday,Day,90,2015/10/12,08:20:00,No,3.0,1.0,-37.86787366,148.0155924,EAST GIPPSLAND
T20150021051,Dry,Clear,Collision with vehicle,Monday,Day,70,2015/10/12,11:04:00,No,2.0,1.0,-38.38483398,142.533004,WARRNAMBOOL
T20150021058,Wet,Raining,Collision with a fixed object,Monday,Day,80,2015/10/12,08:05:00,No,1.0,1.0,-37.29527154,144.9444997,MITCHELL
T20150021059,Dry,Clear,Vehicle overturned (no collision),Saturday,Day,100,2015/10/10,15:15:00,Yes,1.0,1.0,-36.46208219,147.3545988,TOWONG
T20150021061,Dry,Clear,collision with some other object,Monday,Day,100,2015/10/12,10:00:00,Yes,2.0,1.0,-36.88228022,144.4929369,GREATER BENDIGO
T20150021063,Unknown,Clear,No collision and no object struck,Thursday,Dusk/Dawn,60,2015/10/08,18:00:00,Yes,1.0,1.0,-36.40028873,145.3687021,GREATER SHEPPARTON
T20150021065,Wet,Raining,Collision with a fixed object,Monday,Day,100,2015/10/12,09:54:00,No,2.0,1.0,-37.67717741,143.5980096,GOLDEN PLAINS
T20150021067,Unknown,Not known,No collision and no object struck,Sunday,Day,999,2015/10/11,14:30:00,No,1.0,1.0,-37.44059736,145.5010982,MURRINDINDI
T20150021068,Wet,Raining,Collision with a fixed object,Sunday,Day,999,2015/10/11,15:00:00,No,1.0,1.0,-37.68811863,143.7035138,GOLDEN PLAINS
T20150021087,Dry,Clear,Struck Pedestrian,Monday,Day,999,2015/10/12,11:30:00,No,2.0,1.0,-37.58622101,143.8334702,BALLARAT
T20150021090,Wet,Not known,No collision and no object struck,Friday,Dark Street lights on,60,2015/10/09,19:30:00,Yes,1.0,1.0,-37.65916283,144.4423251,MOORABOOL
T20150021092,Dry,Clear,Collision with vehicle,Monday,Day,60,2015/10/12,17:15:00,Yes,5.0,1.0,-37.58306758,143.8679427,BALLARAT
T20150021098,Dry,Clear,Struck animal,Saturday,Day,999,2015/09/26,14:30:00,Yes,1.0,1.0,-37.22699922,143.2555658,ARARAT
T20150021102,Wet,Clear,Collision with a fixed object,Monday,Day,80,2015/10/12,13:10:00,No,3.0,3.0,-38.14676023,145.8676993,BAW BAW
T20150021103,Dry,Clear,Collision with a fixed object,Monday,Day,100,2015/10/12,14:55:00,No,2.0,2.0,-36.63911352,142.08984,HORSHAM
T20150021105,Dry,Clear,Collision with a fixed object,Monday,Day,110,2015/10/12,15:40:00,No,3.0,1.0,-37.54970565,144.0564798,MOORABOOL
T20150021115,Dry,Clear,Vehicle overturned (no collision),Sunday,Day,100,2015/10/04,11:00:00,No,2.0,1.0,-38.25585839,144.1363784,SURF COAST
T20150021118,Dry,Clear,Collision with a fixed object,Tuesday,Dusk/Dawn,100,2015/10/13,06:30:00,No,1.0,1.0,-38.12561434,144.2397785,GOLDEN PLAINS
T20150021119,Wet,Raining,Struck Pedestrian,Saturday,Day,100,2015/08/29,12:30:00,No,2.0,1.0,-37.86318885,146.0796594,BAW BAW
T20150021121,Dry,Clear,Collision with vehicle,Tuesday,Dusk/Dawn,60,2015/10/13,07:40:00,No,2.0,1.0,-36.39239438,145.3969926,GREATER SHEPPARTON
T20150021124,Dry,Clear,Collision with vehicle,Tuesday,Day,70,2015/10/13,09:20:00,No,2.0,1.0,-38.1195681,144.3332262,GREATER GEELONG
T20150021127,Dry,Clear,Collision with vehicle,Monday,Day,100,2015/10/12,18:10:00,Yes,2.0,2.0,-38.30493786,146.3897052,LATROBE
T20150021132,Unknown,Not known,Collision with vehicle,Tuesday,Day,50,2015/10/13,12:00:00,No,2.0,1.0,-36.12488606,146.8910538,WODONGA
T20150021137,Dry,Clear,Vehicle overturned (no collision),Saturday,Day,999,2015/10/03,08:00:00,No,1.0,1.0,-38.83042188,143.5653428,COLAC OTWAY
T20150021145,Dry,Clear,Collision with vehicle,Tuesday,Day,60,2015/10/13,12:08:00,No,2.0,2.0,-36.34719092,145.4022515,GREATER SHEPPARTON
T20150021156,Dry,Clear,No collision and no object struck,Sunday,Day,80,2015/09/27,14:15:00,No,1.0,1.0,-37.0873708,145.7813798,MANSFIELD
T20150021159,Wet,Fog,Collision with a fixed object,Monday,Day,80,2015/10/12,15:00:00,No,1.0,1.0,-37.51313956,147.8473492,EAST GIPPSLAND
T20150021161,Dry,Clear,Collision with vehicle,Wednesday,Day,80,2015/10/07,16:35:00,No,3.0,1.0,-37.39775714,143.8945986,HEPBURN
T20150021165,Dry,Clear,Vehicle overturned (no collision),Tuesday,Dusk/Dawn,100,2015/10/13,07:55:00,No,2.0,2.0,-36.48641088,142.0987477,HINDMARSH
T20150021174,Dry,Clear,Collision with vehicle,Tuesday,Dusk/Dawn,60,2015/10/13,19:15:00,Yes,3.0,3.0,-37.28275553,142.9343469,ARARAT
T20150021186,Dry,Clear,Collision with vehicle,Wednesday,Dark Street lights on,60,2015/10/14,03:00:00,Yes,2.0,1.0,-38.15493811,144.3794109,GREATER GEELONG
T20150021203,Dry,Clear,Collision with vehicle,Wednesday,Day,60,2015/10/14,11:00:00,No,2.0,1.0,-37.83129652,147.611132,EAST GIPPSLAND
T20150021216,Dry,Clear,Collision with vehicle,Wednesday,Day,100,2015/10/14,11:59:00,No,3.0,2.0,-37.41372316,144.749053,MACEDON RANGES
T20150021218,Dry,Clear,Collision with vehicle,Wednesday,Day,40,2015/10/14,13:40:00,No,2.0,1.0,-38.19132142,146.5151469,LATROBE
T20150021223,Dry,Clear,Collision with a fixed object,Sunday,Day,100,2015/10/04,12:15:00,No,1.0,1.0,-37.87811029,145.7829597,BAW BAW
T20150021229,Wet,Raining,Collision with a fixed object,Sunday,Dusk/Dawn,110,2015/10/11,18:00:00,No,1.0,1.0,-37.49497983,144.9602798,MITCHELL
T20150021234,Dry,Clear,Collision with a fixed object,Wednesday,Day,110,2015/10/14,15:10:00,No,2.0,2.0,-36.84663008,145.34803,STRATHBOGIE
T20150021235,Dry,Clear,Collision with vehicle,Wednesday,Day,70,2015/10/14,16:18:00,No,2.0,1.0,-37.5891203,143.8147386,BALLARAT
T20150021245,Dry,Clear,collision with some other object,Tuesday,Day,999,2015/09/08,11:15:00,No,1.0,1.0,-38.21994744,142.4759319,MOYNE
T20150021246,Dry,Not known,Struck Pedestrian,Wednesday,Day,50,2015/10/14,16:50:00,No,2.0,1.0,-38.13317052,144.3497647,GREATER GEELONG
T20150021249,Dry,Clear,Collision with a fixed object,Wednesday,Dusk/Dawn,80,2015/10/14,17:35:00,No,1.0,1.0,-36.92269205,146.2474417,MANSFIELD
T20150021251,Dry,Clear,Collision with vehicle,Wednesday,Dusk/Dawn,100,2015/10/14,17:40:00,No,3.0,1.0,-36.37037988,144.5301407,CAMPASPE
T20150021257,Dry,Clear,Collision with vehicle,Wednesday,Dark Street lights on,100,2015/10/14,20:35:00,Yes,2.0,2.0,-37.41372316,144.749053,MACEDON RANGES
T20150021263,Dry,Clear,Collision with vehicle,Wednesday,Day,50,2015/10/14,09:50:00,No,2.0,1.0,-38.18352166,146.2937812,LATROBE
T20150021264,Dry,Clear,Collision with vehicle,Wednesday,Dark Street lights on,60,2015/10/14,23:30:00,Yes,2.0,1.0,-38.39353195,142.468208,WARRNAMBOOL
T20150021265,Dry,Clear,Vehicle overturned (no collision),Thursday,Dark No street lights,110,2015/10/15,00:29:00,Yes,2.0,1.0,-37.42691996,144.5424004,MACEDON RANGES
T20150021287,Dry,Clear,Collision with vehicle,Thursday,Day,100,2015/10/15,08:30:00,No,2.0,1.0,-36.01896191,146.6241025,INDIGO
T20150021288,Dry,Clear,Collision with a fixed object,Thursday,Day,100,2015/10/15,08:04:00,No,1.0,1.0,-37.02460579,145.9154413,MANSFIELD
T20150021300,Dry,Clear,Collision with vehicle,Thursday,Day,80,2015/10/15,11:05:00,No,2.0,1.0,-37.3655801,144.5283994,MACEDON RANGES
T20150021304,Dry,Clear,Collision with a fixed object,Thursday,Day,100,2015/10/15,09:05:00,No,1.0,1.0,-35.90008643,145.6011295,MOIRA
T20150021306,Dry,Clear,No collision and no object struck,Saturday,Day,100,2015/09/19,14:00:00,Yes,1.0,1.0,-36.42835918,146.7584397,INDIGO
T20150021314,Dry,Clear,Collision with vehicle,Thursday,Day,60,2015/10/15,13:25:00,No,3.0,1.0,-38.10502745,147.0722179,WELLINGTON
T20150021315,Dry,Clear,Collision with vehicle,Thursday,Day,80,2015/10/15,13:50:00,No,2.0,2.0,-34.27960608,142.1863745,MILDURA
T20150021327,Dry,Clear,Vehicle overturned (no collision),Saturday,Day,999,2015/10/10,14:00:00,Yes,1.0,1.0,-38.36142108,144.0403109,SURF COAST
T20150021328,Dry,Clear,Vehicle overturned (no collision),Thursday,Day,100,2015/10/15,14:00:00,No,1.0,1.0,-37.33371092,145.9450227,MURRINDINDI
T20150021329,Dry,Clear,Collision with vehicle,Thursday,Day,50,2015/10/15,10:22:00,No,2.0,1.0,-36.36106974,146.3129182,WANGARATTA
T20150021332,Dry,Clear,Collision with vehicle,Thursday,Day,60,2015/10/15,13:50:00,No,3.0,1.0,-38.14689128,144.3482198,GREATER GEELONG
T20150021335,Dry,Clear,Vehicle overturned (no collision),Thursday,Day,100,2015/10/15,15:50:00,No,2.0,2.0,-37.98425999,145.7567901,BAW BAW
T20150021338,Dry,Clear,Vehicle overturned (no collision),Thursday,Day,100,2015/10/15,16:12:00,No,3.0,2.0,-38.07322028,142.5907707,MOYNE
T20150021350,Dry,Clear,Collision with vehicle,Thursday,Dark Street lights on,60,2015/10/15,21:10:00,Yes,3.0,1.0,-36.772742,144.2687969,GREATER BENDIGO
T20150021352,Unknown,Not known,Collision with a fixed object,Friday,Dusk/Dawn,100,2015/10/09,18:20:00,Yes,1.0,1.0,-38.36908127,142.9049202,CORANGAMITE
T20150021353,Dry,Clear,Collision with vehicle,Thursday,Dusk/Dawn,50,2015/10/15,17:35:00,No,1.0,1.0,-36.71271995,142.1939433,HORSHAM
T20150021358,Dry,Fog,Struck animal,Wednesday,Dusk/Dawn,100,2015/10/14,06:15:00,No,1.0,1.0,-36.75868882,142.1354857,HORSHAM
T20150021363,Dry,Clear,Collision with a fixed object,Thursday,Dusk/Dawn,80,2015/10/15,06:55:00,No,3.0,1.0,-36.20646,145.3317888,GREATER SHEPPARTON
T20150021377,Dry,Not known,Vehicle overturned (no collision),Thursday,Dark No street lights,100,2015/10/01,22:00:00,Yes,2.0,1.0,-38.34387501,142.9966991,CORANGAMITE
T20150021396,Dry,Not known,Collision with vehicle,Monday,Dusk/Dawn,60,2015/09/07,07:45:00,No,2.0,1.0,-36.75928004,144.3174337,GREATER BENDIGO
T20150021403,Wet,Raining,Collision with vehicle,Tuesday,Day,60,2015/07/07,09:00:00,No,2.0,1.0,-38.19231947,146.5524128,LATROBE
T20150021409,Dry,Clear,Collision with vehicle,Sunday,Day,50,2015/10/11,12:45:00,No,2.0,1.0,-38.15258992,144.3723198,GREATER GEELONG
T20150021414,Unknown,Clear,Collision with a fixed object,Saturday,Dark Street lights unknown,70,2015/05/16,19:20:00,Yes,2.0,1.0,-38.05177978,144.391128,GREATER GEELONG
T20150021433,Dry,Clear,Collision with a fixed object,Friday,Dark No street lights,80,2015/10/16,20:35:00,Yes,3.0,2.0,-38.227621,144.2817498,GREATER GEELONG
T20150021437,Dry,Clear,Collision with a fixed object,Friday,Dark No street lights,60,2015/10/16,22:30:00,Yes,2.0,1.0,-37.66218106,144.4151541,MOORABOOL
T20150021454,Wet,Raining,Struck Pedestrian,Saturday,Day,999,2015/10/17,09:35:00,No,2.0,1.0,-34.21133028,142.1417797,MILDURA
T20150021465,Dry,Clear,Collision with vehicle,Saturday,Day,100,2015/10/17,08:10:00,No,3.0,2.0,-36.81749093,142.3577792,HORSHAM
T20150021471,Dry,Clear,Collision with vehicle,Saturday,Day,80,2015/10/17,13:00:00,No,7.0,1.0,-38.16692,144.4222318,GREATER GEELONG
T20150021473,Dry,Clear,Collision with a fixed object,Saturday,Day,100,2015/10/17,09:23:00,No,1.0,1.0,-36.87763842,144.214215,GREATER BENDIGO
T20150021477,Dry,Clear,Collision with a fixed object,Saturday,Day,100,2015/10/17,13:15:00,No,2.0,2.0,-36.62320855,145.6449302,STRATHBOGIE
T20150021483,Dry,Clear,Collision with a fixed object,Saturday,Day,80,2015/10/17,15:00:00,Yes,1.0,1.0,-38.33014713,145.902345,SOUTH GIPPSLAND
T20150021488,Dry,Clear,Collision with vehicle,Saturday,Day,60,2015/10/17,12:35:00,No,2.0,1.0,-38.37019515,142.4733011,WARRNAMBOOL
T20150021496,Dry,Clear,Collision with vehicle,Saturday,Dusk/Dawn,50,2015/10/17,19:05:00,Yes,3.0,1.0,-37.82443704,147.6455365,EAST GIPPSLAND
T20150021500,Dry,Clear,Collision with vehicle,Saturday,Dusk/Dawn,60,2015/10/17,18:50:00,Yes,3.0,1.0,-37.56983458,143.8104559,BALLARAT
T20150021505,Dry,Clear,Collision with a fixed object,Saturday,Dark No street lights,100,2015/10/17,04:00:00,Yes,1.0,1.0,-36.95077985,143.7383995,CENTRAL GOLDFIELDS
T20150021515,Dry,Clear,Struck Pedestrian,Saturday,Dark No street lights,80,2015/10/17,22:40:00,Yes,2.0,1.0,-38.15960172,144.3956093,GREATER GEELONG
T20150021517,Dry,Clear,Collision with vehicle,Saturday,Day,60,2015/10/17,11:00:00,No,2.0,1.0,-38.19068592,146.5436815,LATROBE
T20150021518,Dry,Clear,Collision with vehicle,Saturday,Day,60,2015/10/17,14:20:00,Yes,3.0,1.0,-36.7869441,144.5019971,GREATER BENDIGO
T20150021522,Dry,Clear,Collision with vehicle,Sunday,Day,100,2015/10/18,10:30:00,No,3.0,3.0,-35.7879572,144.04109,GANNAWARRA
T20150021526,Dry,Clear,No collision and no object struck,Sunday,Day,100,2015/10/18,10:00:00,Yes,1.0,1.0,-38.48449963,145.4647978,BASS COAST
T20150021529,Dry,Clear,Collision with vehicle,Friday,Day,50,2015/10/16,10:10:00,No,2.0,1.0,-36.76330963,144.2776096,GREATER BENDIGO
T20150021531,Dry,Clear,No collision and no object struck,Sunday,Day,999,2015/10/18,10:45:00,No,1.0,1.0,-37.36034305,145.0854392,MITCHELL