Accident_No,Surface_Cond_Desc,Atmosph_Cond_Desc,Accident_Type_Desc,Day,Light_Condition_Desc,Speed_Zone,Accident_Date,Accident_Time,Alcohol_Influence,Total_Persons_Inv,Inj_Or_Fatal,Lat,Long,LGA
T20150021537,Unknown,Clear,Collision with a fixed object,Monday,Unknown,999,2015/09/14,10:00:00,Yes,1.0,1.0,-38.38543243,144.1914381,SURF COAST
T20150021547,Dry,Clear,Collision with a fixed object,Sunday,Dusk/Dawn,100,2015/10/18,17:00:00,Yes,1.0,1.0,-38.17591125,147.1214792,WELLINGTON
T20150021549,Dry,Clear,No collision and no object struck,Friday,Day,100,2015/10/02,15:00:00,No,1.0,1.0,-37.38244161,146.2107476,MANSFIELD
T20150021550,Dry,Clear,Collision with a fixed object,Sunday,Day,100,2015/10/18,12:05:00,No,1.0,1.0,-37.27483685,145.2789248,MURRINDINDI
T20150021552,Dry,Clear,Collision with a fixed object,Saturday,Dark No street lights,100,2015/10/17,22:30:00,Yes,1.0,1.0,-37.42120102,144.1156835,HEPBURN
T20150021555,Dry,Clear,No collision and no object struck,Sunday,Day,100,2015/10/18,16:20:00,Yes,1.0,1.0,-37.46559038,145.4271208,MURRINDINDI
T20150021586,Dry,Clear,Collision with vehicle,Monday,Day,80,2015/10/19,08:30:00,No,2.0,1.0,-37.16546374,143.2860684,PYRENEES
T20150021588,Dry,Clear,Collision with a fixed object,Saturday,Day,100,2015/10/17,12:30:00,No,3.0,3.0,-36.6400522,143.1049903,NORTHERN GRAMPIANS
T20150021614,Dry,Clear,No collision and no object struck,Monday,Day,100,2015/10/19,08:50:00,No,2.0,2.0,-36.99290972,143.3810005,PYRENEES
T20150021616,Dry,Clear,Vehicle overturned (no collision),Monday,Day,100,2015/10/19,12:15:00,No,1.0,1.0,-37.37232244,146.0234604,MURRINDINDI
T20150021620,Dry,Clear,Collision with a fixed object,Monday,Day,60,2015/10/19,11:40:00,No,1.0,1.0,-36.57346363,146.7430735,ALPINE
T20150021623,Dry,Clear,Collision with vehicle,Thursday,Day,60,2015/10/15,17:58:00,No,2.0,1.0,-38.3255396,144.3178667,SURF COAST
T20150021626,Dry,Clear,Collision with vehicle,Monday,Day,60,2015/10/19,08:45:00,No,2.0,2.0,-38.11813701,144.3419794,GREATER GEELONG
T20150021628,Dry,Clear,Collision with vehicle,Monday,Day,80,2015/10/19,15:15:00,No,3.0,2.0,-34.239605,142.1756834,MILDURA
T20150021638,Muddy,Not known,No collision and no object struck,Sunday,Day,60,2015/10/04,09:30:00,Yes,1.0,1.0,-37.44823052,145.3410508,MURRINDINDI
T20150021645,Dry,Clear,Collision with vehicle,Monday,Day,60,2015/10/19,15:00:00,No,4.0,2.0,-36.71966926,142.2049777,HORSHAM
T20150021654,Dry,Clear,Collision with vehicle,Monday,Dusk/Dawn,80,2015/10/19,17:40:00,No,3.0,1.0,-38.12554945,144.3523157,GREATER GEELONG
T20150021661,Dry,Clear,Collision with vehicle,Tuesday,Day,100,2015/09/22,08:00:00,No,2.0,1.0,-36.63031013,143.23007,NORTHERN GRAMPIANS
T20150021671,Dry,Clear,Collision with a fixed object,Wednesday,Day,100,2015/10/14,15:45:00,No,1.0,1.0,-36.12525,147.33628,TOWONG
T20150021673,Dry,Clear,Collision with vehicle,Tuesday,Day,40,2015/10/20,09:55:00,No,2.0,1.0,-36.12494954,146.8884155,WODONGA
T20150021680,Dry,Clear,Collision with vehicle,Tuesday,Day,60,2015/10/20,11:25:00,No,2.0,1.0,-38.37239392,142.4802422,WARRNAMBOOL
T20150021684,Dry,Clear,Collision with vehicle,Tuesday,Day,60,2015/10/20,08:45:00,No,5.0,1.0,-37.73123259,142.0188735,SOUTHERN GRAMPIANS
T20150021690,Dry,Clear,Vehicle overturned (no collision),Tuesday,Dusk/Dawn,100,2015/10/20,07:30:00,No,1.0,1.0,-38.578686,145.8324298,SOUTH GIPPSLAND
T20150021697,Dry,Clear,Collision with vehicle,Tuesday,Day,110,2015/10/20,13:30:00,No,2.0,1.0,-37.05042298,144.2941076,MOUNT ALEXANDER
T20150021699,Dry,Clear,Struck animal,Friday,Day,100,2015/10/16,15:45:00,No,1.0,1.0,-38.04346706,141.9642204,MOYNE
T20150021711,Dry,Clear,Collision with vehicle,Friday,Day,70,2015/01/09,12:00:00,No,3.0,1.0,-38.17838744,144.4202763,GREATER GEELONG
T20150021716,Dry,Clear,No collision and no object struck,Monday,Day,60,2015/09/14,12:45:00,No,1.0,1.0,-38.16957149,144.4153873,GREATER GEELONG
T20150021718,Dry,Clear,Collision with vehicle,Tuesday,Day,50,2015/10/20,14:20:00,No,2.0,1.0,-35.73296575,143.917,GANNAWARRA
T20150021719,Dry,Clear,Struck Pedestrian,Tuesday,Day,50,2015/10/20,10:55:00,No,2.0,1.0,-36.11436959,143.7307166,LODDON
T20150021731,Dry,Not known,Vehicle overturned (no collision),Tuesday,Dusk/Dawn,50,2015/10/13,20:00:00,Yes,1.0,1.0,-36.76383936,145.5841793,STRATHBOGIE
T20150021740,Dry,Clear,Collision with vehicle,Tuesday,Day,70,2015/10/20,15:53:00,No,5.0,1.0,-38.19566945,144.3424078,GREATER GEELONG
T20150021741,Dry,Clear,Collision with a fixed object,Tuesday,Day,100,2015/10/20,15:10:00,No,5.0,5.0,-36.02586977,143.1352697,BULOKE
T20150021742,Dry,Clear,Collision with a fixed object,Tuesday,Dusk/Dawn,100,2015/10/20,17:30:00,No,2.0,2.0,-37.02339572,141.2428522,WEST WIMMERA
T20150021744,Dry,Clear,Collision with a fixed object,Tuesday,Dark No street lights,100,2015/10/20,20:00:00,Yes,1.0,1.0,-36.33657999,145.6316562,GREATER SHEPPARTON
T20150021749,Dry,Clear,Collision with vehicle,Tuesday,Day,100,2015/10/20,12:20:00,No,3.0,3.0,-38.20278557,146.4665889,LATROBE
T20150021751,Dry,Clear,Collision with a fixed object,Tuesday,Day,100,2015/10/20,15:20:00,No,1.0,1.0,-38.23467796,145.7886102,BAW BAW
T20150021754,Wet,Raining,Collision with a fixed object,Tuesday,Dark No street lights,60,2015/10/20,04:15:00,Yes,2.0,2.0,-38.20598871,141.7009884,GLENELG
T20150021769,Dry,Clear,No collision and no object struck,Wednesday,Day,999,2015/09/30,11:00:00,No,3.0,1.0,-36.7642696,146.9817671,ALPINE
T20150021776,Dry,Clear,Collision with vehicle,Tuesday,Day,80,2015/10/20,16:45:00,No,5.0,1.0,-37.73514916,148.4326273,EAST GIPPSLAND
T20150021789,Dry,Clear,Collision with a fixed object,Wednesday,Day,100,2015/10/21,08:45:00,No,1.0,1.0,-36.4594317,146.862844,ALPINE
T20150021793,Wet,Raining,Collision with a fixed object,Wednesday,Day,80,2015/10/21,13:00:00,No,1.0,1.0,-36.15290807,147.5021321,TOWONG
T20150021805,Dry,Clear,Collision with vehicle,Wednesday,Dusk/Dawn,50,2015/10/21,17:50:00,No,4.0,3.0,-36.12776727,146.8821601,WODONGA
T20150021808,Dry,Clear,Collision with a fixed object,Wednesday,Day,100,2015/10/21,16:45:00,No,1.0,1.0,-38.19613225,144.6393895,GREATER GEELONG
T20150021809,Dry,Clear,Collision with vehicle,Wednesday,Day,60,2015/10/21,15:40:00,No,2.0,1.0,-37.57275161,143.8366305,BALLARAT
T20150021820,Dry,Clear,No collision and no object struck,Sunday,Day,999,2015/10/18,15:30:00,No,1.0,1.0,-37.44657297,145.4834815,MURRINDINDI
T20150021822,Wet,Clear,Collision with a fixed object,Thursday,Dark No street lights,110,2015/10/22,00:05:00,Yes,2.0,2.0,-36.24411018,146.4311003,WANGARATTA
T20150021828,Dry,Clear,Collision with vehicle,Thursday,Dusk/Dawn,60,2015/09/17,19:00:00,Yes,2.0,1.0,-36.76024286,144.2772462,GREATER BENDIGO
T20150021839,Dry,Clear,Collision with vehicle,Thursday,Day,60,2015/10/22,10:20:00,No,3.0,1.0,-36.36248399,145.4151324,GREATER SHEPPARTON
T20150021843,Wet,Clear,Collision with a fixed object,Thursday,Day,100,2015/10/22,10:30:00,No,1.0,1.0,-38.10287577,146.2959065,BAW BAW
T20150021844,Dry,Clear,Collision with vehicle,Wednesday,Day,60,2015/09/30,16:30:00,No,2.0,1.0,-36.75017322,144.2834733,GREATER BENDIGO
T20150021850,Dry,Not known,Collision with vehicle,Tuesday,Dark Street lights on,50,2015/10/20,18:30:00,Yes,4.0,2.0,-36.77324747,144.3052157,GREATER BENDIGO
T20150021854,Dry,Clear,Struck Pedestrian,Friday,Day,100,2015/10/16,16:00:00,Yes,2.0,1.0,-36.27110384,144.61765,CAMPASPE
T20150021859,Dry,Clear,Collision with vehicle,Thursday,Day,100,2015/10/22,09:42:00,No,3.0,2.0,-37.69763573,141.907893,SOUTHERN GRAMPIANS
T20150021866,Dry,Clear,Collision with vehicle,Thursday,Day,60,2015/10/22,16:05:00,No,8.0,1.0,-37.59940275,143.8448509,BALLARAT
T20150021870,Dry,Clear,Collision with a fixed object,Thursday,Day,100,2015/10/22,15:20:00,No,1.0,1.0,-37.4953985,144.1267786,MOORABOOL
T20150021875,Dry,Clear,Collision with vehicle,Thursday,Day,60,2015/10/22,18:10:00,Yes,3.0,1.0,-34.18705447,142.1685634,MILDURA
T20150021876,Dry,Clear,Collision with vehicle,Thursday,Dusk/Dawn,50,2015/10/22,17:50:00,No,2.0,1.0,-36.71463999,142.1997138,HORSHAM
T20150021880,Dry,Clear,Collision with vehicle,Thursday,Dusk/Dawn,50,2015/10/22,17:00:00,No,2.0,1.0,-37.82677398,147.6213589,EAST GIPPSLAND
T20150021881,Dry,Clear,Collision with a fixed object,Thursday,Day,100,2015/10/22,14:35:00,No,1.0,1.0,-37.29991118,141.6729177,SOUTHERN GRAMPIANS
T20150021887,Dry,Clear,Collision with vehicle,Thursday,Day,100,2015/10/22,14:30:00,No,3.0,1.0,-36.80968426,144.1587835,GREATER BENDIGO
T20150021897,Dry,Clear,Collision with vehicle,Tuesday,Day,80,2015/09/08,08:12:00,No,2.0,1.0,-38.19220113,146.5524286,LATROBE
T20150021900,Wet,Raining,Vehicle overturned (no collision),Thursday,Day,60,2015/10/22,09:30:00,No,1.0,1.0,-38.06988418,145.9239316,BAW BAW
T20150021913,Dry,Dust,Collision with a fixed object,Sunday,Day,999,2015/09/27,14:30:00,No,1.0,1.0,-37.55378215,144.2676097,MOORABOOL
T20150021918,Dry,Clear,Collision with vehicle,Friday,Day,50,2015/10/23,11:00:00,No,2.0,1.0,-37.55137016,143.8659313,BALLARAT
T20150021931,Dry,Clear,Vehicle overturned (no collision),Friday,Day,80,2015/10/23,11:56:00,No,1.0,1.0,-36.92145086,147.0540801,ALPINE
T20150021933,Dry,Clear,Collision with vehicle,Friday,Day,60,2015/10/23,09:00:00,No,4.0,2.0,-38.373822,142.493644,WARRNAMBOOL
T20150021938,Dry,Clear,Collision with vehicle,Friday,Day,60,2015/10/23,15:55:00,No,3.0,1.0,-38.17880207,146.2524376,LATROBE
T20150021962,Dry,Not known,Collision with a fixed object,Friday,Dark No street lights,100,2015/10/23,05:15:00,Yes,1.0,1.0,-37.53683915,144.4726582,MACEDON RANGES
T20150021963,Dry,Clear,Collision with a fixed object,Thursday,Dark No street lights,110,2015/10/22,23:53:00,Yes,2.0,1.0,-37.4612285,144.9716759,MITCHELL
T20150021969,Dry,Clear,Collision with a fixed object,Friday,Dark No street lights,100,2015/10/23,21:34:00,Yes,1.0,1.0,-38.40277664,143.0024461,CORANGAMITE
T20150021975,Dry,Clear,Collision with a fixed object,Saturday,Day,60,2015/10/24,09:15:00,No,1.0,1.0,-37.06736276,144.2217625,MOUNT ALEXANDER
T20150021990,Dry,Clear,Collision with vehicle,Saturday,Day,60,2015/10/24,13:40:00,No,10.0,2.0,-36.38391077,145.4166097,GREATER SHEPPARTON
T20150021992,Dry,Clear,Collision with a fixed object,Saturday,Day,100,2015/10/24,09:45:00,No,1.0,1.0,-37.65971939,143.5493409,GOLDEN PLAINS
T20150021995,Dry,Clear,Collision with vehicle,Saturday,Day,70,2015/10/24,12:20:00,No,4.0,2.0,-38.17520836,144.352217,GREATER GEELONG
T20150021996,Dry,Clear,Collision with vehicle,Thursday,Day,60,2015/10/15,14:38:00,No,3.0,2.0,-37.53648329,143.8597608,BALLARAT
T20150021998,Dry,Clear,Collision with vehicle,Saturday,Day,50,2015/10/24,14:38:00,Yes,3.0,2.0,-36.75499493,144.2871501,GREATER BENDIGO
T20150021999,Dry,Clear,Collision with vehicle,Saturday,Day,100,2015/10/24,11:50:00,No,4.0,4.0,-36.0566137,145.4557228,MOIRA
T20150022002,Dry,Clear,Collision with a fixed object,Friday,Dark Street lights on,50,2015/10/23,19:55:00,Yes,1.0,1.0,-37.57080046,143.8331239,BALLARAT
T20150022009,Dry,Clear,Collision with vehicle,Friday,Dusk/Dawn,110,2015/10/23,18:49:00,Yes,3.0,1.0,-36.65570851,145.2833561,STRATHBOGIE
T20150022013,Dry,Clear,No collision and no object struck,Saturday,Dusk/Dawn,100,2015/10/24,17:10:00,Yes,1.0,1.0,-37.51084651,147.8443213,EAST GIPPSLAND
T20150022014,Dry,Clear,Collision with vehicle,Saturday,Day,100,2015/10/24,15:20:00,Yes,2.0,2.0,-37.40344219,144.5353807,MACEDON RANGES
T20150022022,Dry,Clear,Collision with a fixed object,Friday,Dark No street lights,100,2015/10/23,04:30:00,Yes,1.0,1.0,-36.41632528,145.4621221,GREATER SHEPPARTON
T20150022036,Dry,Clear,Collision with a fixed object,Sunday,Dark No street lights,100,2015/10/25,01:50:00,Yes,1.0,1.0,-36.80266921,144.303118,GREATER BENDIGO
T20150022040,Dry,Clear,No collision and no object struck,Sunday,Dark No street lights,100,2015/10/25,03:56:00,No,2.0,1.0,-36.06553096,144.5884888,CAMPASPE
T20150022047,Dry,Clear,Collision with a fixed object,Tuesday,Day,100,2015/09/29,14:20:00,No,1.0,1.0,-37.71388648,144.0493234,MOORABOOL
T20150022049,Dry,Clear,Other accident,Saturday,Day,100,2015/10/24,13:30:00,No,2.0,1.0,-37.24520036,144.9839004,MITCHELL
T20150022058,Dry,Clear,Vehicle overturned (no collision),Saturday,Dark No street lights,100,2015/10/24,21:00:00,Yes,1.0,1.0,-38.46904043,142.9619377,CORANGAMITE
T20150022064,Dry,Clear,Collision with vehicle,Sunday,Day,100,2015/10/25,13:00:00,No,5.0,1.0,-38.34893713,144.2588438,SURF COAST
T20150022068,Dry,Clear,Collision with vehicle,Sunday,Day,60,2015/10/25,13:00:00,No,3.0,1.0,-37.32525979,145.7123636,MURRINDINDI
T20150022070,Dry,Clear,Collision with vehicle,Thursday,Day,40,2015/10/22,13:30:00,No,1.0,1.0,-35.33121961,143.5454664,SWAN HILL
T20150022073,Dry,Clear,Collision with vehicle,Sunday,Day,100,2015/10/25,09:15:00,Yes,2.0,2.0,-34.32546424,142.1792188,MILDURA
T20150022077,Dry,Clear,Vehicle overturned (no collision),Sunday,Day,100,2015/10/25,10:00:00,Yes,1.0,1.0,-36.17578069,147.3362989,TOWONG
T20150022082,Dry,Clear,Collision with a fixed object,Sunday,Day,100,2015/10/25,16:00:00,No,1.0,1.0,-36.17120072,147.4030914,TOWONG
T20150022092,Dry,Clear,Collision with vehicle,Sunday,Day,100,2015/10/25,15:11:00,No,3.0,3.0,-38.21283099,144.1807652,SURF COAST
T20150022104,Wet,Clear,Collision with a fixed object,Sunday,Dark No street lights,60,2015/10/25,23:20:00,Yes,1.0,1.0,-36.40294195,145.3724291,GREATER SHEPPARTON
T20150022105,Dry,Clear,Collision with a fixed object,Monday,Dark No street lights,100,2015/10/26,01:40:00,Yes,3.0,3.0,-37.51490998,144.2158201,MOORABOOL
T20150022109,Wet,Raining,Collision with a fixed object,Monday,Dusk/Dawn,80,2015/10/26,06:55:00,No,1.0,1.0,-38.16174123,144.4040995,GREATER GEELONG
T20150022111,Dry,Clear,Collision with a fixed object,Sunday,Day,100,2015/10/25,13:30:00,No,1.0,1.0,-36.76141993,146.3568889,WANGARATTA
T20150022118,Wet,Raining,Vehicle overturned (no collision),Monday,Day,100,2015/10/26,08:35:00,No,9.0,8.0,-37.60340786,144.2808978,MOORABOOL
T20150022120,Dry,Clear,Vehicle overturned (no collision),Saturday,Dusk/Dawn,50,2015/10/17,18:30:00,Yes,1.0,1.0,-38.45126121,145.220172,BASS COAST
T20150022125,Dry,Not known,Vehicle overturned (no collision),Sunday,Day,50,2015/09/27,13:00:00,No,1.0,1.0,-37.04738923,142.7800285,NORTHERN GRAMPIANS
T20150022130,Dry,Clear,No collision and no object struck,Monday,Day,70,2015/10/26,11:01:00,No,1.0,1.0,-38.15172483,144.351973,GREATER GEELONG
T20150022143,Dry,Clear,Struck Pedestrian,Friday,Day,50,2015/10/09,14:30:00,No,2.0,1.0,-36.7192096,144.2532392,GREATER BENDIGO
T20150022144,Dry,Clear,Collision with a fixed object,Monday,Day,80,2015/10/26,12:40:00,No,1.0,1.0,-36.82293098,144.2377358,GREATER BENDIGO
T20150022152,Dry,Clear,Collision with vehicle,Monday,Day,100,2015/10/26,14:20:00,No,2.0,2.0,-37.63937,143.85497,BALLARAT
T20150022156,Dry,Clear,Collision with a fixed object,Monday,Day,100,2015/10/26,13:11:00,No,1.0,1.0,-36.20153001,145.3545972,GREATER SHEPPARTON
T20150022158,Dry,Clear,Collision with vehicle,Monday,Day,70,2015/10/26,16:00:00,No,2.0,1.0,-36.15517263,144.7311922,CAMPASPE
T20150022159,Dry,Clear,Vehicle overturned (no collision),Sunday,Day,100,2015/10/25,15:00:00,No,1.0,1.0,-37.73580021,143.7536997,GOLDEN PLAINS
T20150022162,Dry,Clear,Collision with vehicle,Monday,Day,110,2015/10/26,16:20:00,Yes,4.0,3.0,-37.47731446,143.6937595,BALLARAT
T20150022165,Dry,Clear,Collision with vehicle,Monday,Day,50,2015/10/26,16:40:00,No,2.0,1.0,-36.73137946,144.2605914,GREATER BENDIGO
T20150022169,Wet,Raining,Collision with vehicle,Monday,Dusk/Dawn,50,2015/10/26,17:30:00,No,2.0,2.0,-38.10722032,147.0695274,WELLINGTON
T20150022171,Dry,Clear,Collision with vehicle,Monday,Day,60,2015/10/26,13:30:00,No,2.0,1.0,-36.705802,144.3215476,GREATER BENDIGO
T20150022173,Dry,Not known,Collision with a fixed object,Monday,Unknown,100,2015/10/26,16:33:00,Yes,1.0,1.0,-37.25041059,142.9440799,ARARAT
T20150022176,Dry,Clear,Collision with vehicle,Monday,Day,100,2015/10/26,12:30:00,No,8.0,7.0,-36.1304241,145.642172,MOIRA
T20150022180,Dry,Dust,No collision and no object struck,Monday,Day,999,2015/03/23,11:00:00,No,1.0,1.0,-38.34508022,144.1461696,SURF COAST
T20150022183,Dry,Clear,Collision with a fixed object,Monday,Day,100,2015/10/26,15:44:00,No,1.0,1.0,-37.85307995,147.9299099,EAST GIPPSLAND
T20150022193,Unknown,Clear,Vehicle overturned (no collision),Sunday,Day,999,2015/10/25,16:45:00,Yes,1.0,1.0,-38.03389448,145.9297871,BAW BAW
T20150022200,Dry,Clear,Collision with a fixed object,Tuesday,Day,60,2015/10/27,08:50:00,No,1.0,1.0,-38.05546954,144.1818463,GOLDEN PLAINS
T20150022204,Unknown,Not known,No collision and no object struck,Saturday,Day,100,2015/10/24,08:30:00,No,1.0,1.0,-37.3529913,145.1081628,MITCHELL
T20150022205,Dry,Clear,Collision with vehicle,Tuesday,Day,60,2015/10/27,08:45:00,No,3.0,1.0,-37.58785875,143.8231097,BALLARAT
T20150022207,Dry,Clear,Struck Pedestrian,Tuesday,Day,999,2015/10/27,08:30:00,No,2.0,1.0,-34.2099676,142.1426071,MILDURA
T20150022209,Dry,Clear,Collision with vehicle,Tuesday,Dusk/Dawn,80,2015/10/27,07:00:00,No,2.0,1.0,-38.31078673,144.2834288,SURF COAST
T20150022212,Dry,Clear,No collision and no object struck,Friday,Day,80,2015/10/09,10:30:00,No,2.0,1.0,-37.14975844,142.5003343,NORTHERN GRAMPIANS
T20150022217,Wet,Raining,Collision with vehicle,Monday,Day,60,2015/10/26,08:00:00,No,2.0,1.0,-38.1716125,144.3225792,GREATER GEELONG
T20150022219,Dry,Clear,Collision with a fixed object,Tuesday,Day,80,2015/10/27,09:55:00,No,1.0,1.0,-38.23508108,144.2792213,GREATER GEELONG
T20150022221,Dry,Clear,Collision with vehicle,Tuesday,Day,50,2015/10/27,10:15:00,No,2.0,1.0,-38.25849829,144.543178,GREATER GEELONG
T20150022228,Dry,Clear,Collision with a fixed object,Saturday,Day,80,2015/10/10,13:00:00,No,1.0,1.0,-38.36778047,144.0010715,SURF COAST
T20150022236,Dry,Clear,Collision with vehicle,Tuesday,Day,100,2015/10/27,11:50:00,No,3.0,2.0,-36.59675383,144.83493,CAMPASPE
T20150022249,Dry,Clear,Collision with a fixed object,Tuesday,Day,110,2015/10/27,14:05:00,No,1.0,1.0,-36.10689169,146.8662204,WODONGA
T20150022254,Dry,Clear,Collision with vehicle,Thursday,Day,60,2015/08/20,16:30:00,No,2.0,1.0,-35.26277713,141.1844115,MILDURA
T20150022263,Wet,Raining,Collision with a fixed object,Wednesday,Day,999,2015/10/21,12:30:00,No,1.0,1.0,-37.10880954,145.0925175,MITCHELL
T20150022265,Dry,Clear,Collision with vehicle,Tuesday,Dusk/Dawn,60,2015/10/27,17:29:00,No,3.0,1.0,-38.35218664,142.4616523,WARRNAMBOOL
T20150022266,Unknown,Not known,Vehicle overturned (no collision),Saturday,Unknown,100,2015/05/23,22:15:00,Yes,1.0,1.0,-38.06531745,142.069451,MOYNE
T20150022267,Dry,Clear,Collision with a fixed object,Tuesday,Day,80,2015/10/27,18:20:00,Yes,1.0,1.0,-36.34613998,145.4318342,GREATER SHEPPARTON
T20150022268,Dry,Clear,Collision with vehicle,Tuesday,Day,80,2015/10/27,15:45:00,No,3.0,1.0,-36.37350603,146.2890422,WANGARATTA
T20150022273,Dry,Clear,Collision with a fixed object,Tuesday,Dusk/Dawn,100,2015/10/27,19:25:00,Yes,1.0,1.0,-36.83684199,144.5988771,GREATER BENDIGO
T20150022277,Dry,Clear,Collision with a fixed object,Tuesday,Dusk/Dawn,60,2015/10/27,18:50:00,Yes,1.0,1.0,-37.5210111,144.3052287,MOORABOOL
T20150022283,Dry,Clear,Collision with a fixed object,Tuesday,Dusk/Dawn,100,2015/10/27,17:45:00,No,1.0,1.0,-38.13037914,144.0519996,SURF COAST
T20150022294,Dry,Clear,Struck animal,Wednesday,Dusk/Dawn,100,2015/10/28,06:40:00,No,1.0,1.0,-37.78213922,143.7637566,GOLDEN PLAINS
T20150022302,Dry,Clear,Collision with vehicle,Wednesday,Day,60,2015/10/28,09:00:00,No,2.0,1.0,-38.17539349,146.2670915,LATROBE
T20150022323,Dry,Clear,Collision with vehicle,Monday,Day,60,2015/10/26,11:30:00,No,2.0,1.0,-36.11525937,146.8916586,WODONGA
T20150022329,Dry,Clear,Collision with vehicle,Wednesday,Day,80,2015/10/28,17:56:00,No,5.0,4.0,-36.39671568,145.46193,GREATER SHEPPARTON
T20150022330,Dry,Clear,collision with some other object,Wednesday,Dusk/Dawn,110,2015/10/28,17:00:00,No,1.0,1.0,-37.26445059,144.72578,MACEDON RANGES
T20150022335,Dry,Clear,Collision with a fixed object,Wednesday,Day,80,2015/10/28,15:50:00,No,1.0,1.0,-36.714541,144.2287093,GREATER BENDIGO
T20150022351,Dry,Clear,Collision with vehicle,Wednesday,Dark No street lights,110,2015/10/28,22:05:00,Yes,3.0,2.0,-37.28249999,144.49271,MACEDON RANGES
T20150022354,Dry,Clear,Collision with vehicle,Thursday,Day,100,2015/10/22,16:40:00,No,2.0,1.0,-37.01980978,142.719602,NORTHERN GRAMPIANS
T20150022355,Dry,Clear,Collision with a fixed object,Wednesday,Dark No street lights,70,2015/10/28,23:25:00,Yes,4.0,2.0,-37.46524358,144.6734224,MACEDON RANGES
T20150022357,Dry,Clear,Collision with a fixed object,Saturday,Unknown,60,2015/10/03,12:30:00,No,1.0,1.0,-36.486992,144.5051408,GREATER BENDIGO
T20150022366,Dry,Clear,No collision and no object struck,Thursday,Day,80,2015/10/22,08:10:00,No,1.0,1.0,-37.48064858,145.2541501,MURRINDINDI
T20150022369,Dry,Clear,Vehicle overturned (no collision),Saturday,Day,100,2015/09/26,13:00:00,No,1.0,1.0,-36.64172141,143.23382,NORTHERN GRAMPIANS
T20150022378,Dry,Clear,Collision with vehicle,Thursday,Day,60,2015/10/29,09:30:00,No,2.0,1.0,-38.16866258,144.4081124,GREATER GEELONG
T20150022382,Dry,Clear,Collision with a fixed object,Wednesday,Day,100,2015/10/28,16:30:00,No,1.0,1.0,-35.42525015,142.4517896,YARRIAMBIACK
T20150022384,Dry,Clear,Vehicle overturned (no collision),Thursday,Day,100,2015/10/29,08:30:00,No,1.0,1.0,-35.32171956,142.4165435,YARRIAMBIACK
T20150022395,Dry,Clear,Collision with a fixed object,Thursday,Dusk/Dawn,100,2015/10/29,07:00:00,No,1.0,1.0,-38.56357845,145.9552497,SOUTH GIPPSLAND
T20150022401,Dry,Clear,No collision and no object struck,Wednesday,Day,100,2015/10/28,16:15:00,No,1.0,1.0,-36.32880208,147.0334482,INDIGO
T20150022409,Dry,Clear,Collision with a fixed object,Tuesday,Day,100,2015/09/08,14:30:00,No,2.0,2.0,-37.71474853,142.7825503,ARARAT
T20150022413,Dry,Clear,Collision with vehicle,Thursday,Day,50,2015/10/29,15:45:00,No,3.0,2.0,-37.24311571,144.4592361,MACEDON RANGES
T20150022419,Dry,Clear,Struck Pedestrian,Thursday,Dusk/Dawn,50,2015/10/29,18:52:00,Yes,2.0,1.0,-38.14932359,144.3598061,GREATER GEELONG
T20150022429,Dry,Clear,Collision with vehicle,Thursday,Day,100,2015/10/29,13:45:00,No,2.0,1.0,-37.95201377,147.1089626,WELLINGTON
T20150022437,Dry,Clear,Struck animal,Thursday,Dark No street lights,100,2015/10/29,21:05:00,Yes,2.0,2.0,-38.49714811,145.7328887,SOUTH GIPPSLAND
T20150022441,Dry,Clear,Collision with a fixed object,Friday,Dark Street lights on,60,2015/10/30,00:27:00,Yes,6.0,2.0,-38.12723021,144.3520916,GREATER GEELONG
T20150022446,Dry,Clear,Collision with a fixed object,Friday,Dark Street lights on,50,2015/10/30,03:45:00,Yes,1.0,1.0,-38.39001035,142.2334032,MOYNE
T20150022459,Dry,Clear,No collision and no object struck,Saturday,Day,60,2015/10/03,16:15:00,Yes,1.0,1.0,-36.99235098,147.1567699,MOUNT HOTHAM ALPINE RESORT (UNINC)
T20150022467,Dry,Clear,Vehicle overturned (no collision),Tuesday,Day,999,2015/10/13,15:30:00,No,1.0,1.0,-38.54891017,143.651809,COLAC OTWAY
T20150022471,Dry,Clear,Collision with vehicle,Friday,Day,50,2015/10/30,12:10:00,No,2.0,1.0,-36.71783821,142.1997291,HORSHAM
T20150022476,Dry,Clear,collision with some other object,Friday,Day,100,2015/10/30,13:50:00,No,1.0,1.0,-35.91876999,145.4717367,MOIRA
T20150022487,Dry,Clear,Collision with a fixed object,Friday,Day,100,2015/10/30,13:46:00,No,1.0,1.0,-38.53398438,146.0198376,SOUTH GIPPSLAND
T20150022488,Dry,Clear,Collision with vehicle,Friday,Day,100,2015/10/30,12:27:00,No,2.0,2.0,-35.99913509,145.4784656,MOIRA
T20150022494,Unknown,Not known,Collision with vehicle,Monday,Dark Street lights on,60,2015/09/28,20:30:00,Yes,3.0,2.0,-38.1795545,144.3745698,GREATER GEELONG
T20150022500,Dry,Clear,Collision with a fixed object,Friday,Day,100,2015/10/30,16:05:00,Yes,2.0,2.0,-38.39235055,143.0748188,CORANGAMITE
T20150022501,Dry,Clear,Collision with vehicle,Friday,Dusk/Dawn,50,2015/10/30,18:35:00,Yes,2.0,1.0,-36.11945273,146.8812222,WODONGA
T20150022507,Dry,Clear,Collision with vehicle,Friday,Dusk/Dawn,100,2015/10/30,18:20:00,Yes,7.0,2.0,-36.01434501,145.9594485,MOIRA