Accident_No,Surface_Cond_Desc,Atmosph_Cond_Desc,Accident_Type_Desc,Day,Light_Condition_Desc,Speed_Zone,Accident_Date,Accident_Time,Alcohol_Influence,Total_Persons_Inv,Inj_Or_Fatal,Lat,Long,LGA
T20150022525,Dry,Clear,Vehicle overturned (no collision),Friday,Dark No street lights,100,2015/10/30,23:59:00,Yes,1.0,1.0,-36.23100103,145.7799091,MOIRA
T20150022529,Dry,Clear,No collision and no object struck,Sunday,Day,999,2015/10/11,10:00:00,Yes,1.0,1.0,-38.3415553,144.1336109,SURF COAST
T20150022540,Dry,Clear,Collision with vehicle,Saturday,Dusk/Dawn,100,2015/10/31,07:55:00,Yes,3.0,1.0,-36.55262103,145.2804821,GREATER SHEPPARTON
T20150022542,Dry,Clear,Collision with a fixed object,Friday,Dark No street lights,100,2015/10/30,20:00:00,Yes,2.0,2.0,-37.14600852,142.4673939,NORTHERN GRAMPIANS
T20150022544,Wet,Raining,Struck Pedestrian,Saturday,Day,50,2015/10/31,09:45:00,No,3.0,1.0,-38.28251741,144.4929705,GREATER GEELONG
T20150022550,Wet,Raining,Collision with a fixed object,Saturday,Day,100,2015/10/31,10:51:00,No,2.0,2.0,-36.81071196,144.2089697,GREATER BENDIGO
T20150022554,Wet,Raining,Collision with a fixed object,Saturday,Day,100,2015/10/31,11:05:00,No,2.0,2.0,-38.15950308,145.835287,BAW BAW
T20150022555,Wet,Clear,Collision with vehicle,Saturday,Day,100,2015/10/31,09:55:00,No,3.0,3.0,-38.16140618,145.978554,BAW BAW
T20150022556,Dry,Clear,Vehicle overturned (no collision),Sunday,Day,60,2015/10/25,12:30:00,No,1.0,1.0,-37.52118003,145.94652,MURRINDINDI
T20150022558,Wet,Raining,No collision and no object struck,Saturday,Day,100,2015/10/31,12:15:00,No,1.0,1.0,-38.5077563,146.119349,SOUTH GIPPSLAND
T20150022561,Wet,Raining,Collision with a fixed object,Saturday,Day,80,2015/10/31,10:35:00,No,1.0,1.0,-37.58203965,145.634383,MURRINDINDI
T20150022572,Dry,Clear,Collision with a fixed object,Saturday,Day,100,2015/10/31,14:00:00,Yes,2.0,1.0,-37.21964752,143.4034789,PYRENEES
T20150022577,Dry,Clear,Vehicle overturned (no collision),Saturday,Dark No street lights,999,2015/10/24,01:00:00,Yes,3.0,1.0,-36.52486744,146.6741264,ALPINE
T20150022584,Wet,Raining,Collision with a fixed object,Saturday,Dusk/Dawn,100,2015/10/31,18:05:00,Yes,1.0,1.0,-37.79778797,147.774257,EAST GIPPSLAND
T20150022585,Dry,Clear,Collision with a fixed object,Saturday,Dusk/Dawn,80,2015/10/31,17:40:00,Yes,1.0,1.0,-37.51468015,143.8639113,BALLARAT
T20150022605,Dry,Fog,Collision with a fixed object,Saturday,Dark No street lights,80,2015/10/31,22:45:00,Yes,1.0,1.0,-38.69265975,143.3627599,COLAC OTWAY
T20150022627,Wet,Raining,Struck Pedestrian,Saturday,Day,50,2015/10/31,10:30:00,No,3.0,1.0,-38.14932359,144.3598061,GREATER GEELONG
T20150022632,Dry,Clear,Collision with a fixed object,Sunday,Day,100,2015/11/01,12:00:00,No,1.0,1.0,-38.57914029,146.0234724,SOUTH GIPPSLAND
T20150022633,Dry,Fog,No collision and no object struck,Sunday,Day,100,2015/11/01,15:00:00,No,1.0,1.0,-38.53195046,146.6449335,WELLINGTON
T20150022642,Dry,Clear,Collision with vehicle,Sunday,Day,60,2015/11/01,16:35:00,Yes,2.0,1.0,-38.13114181,144.3428673,GREATER GEELONG
T20150022649,Dry,Clear,No collision and no object struck,Sunday,Day,60,2015/11/01,18:20:00,Yes,2.0,1.0,-38.60589761,145.5927796,BASS COAST
T20150022658,Dry,Clear,Collision with a fixed object,Sunday,Dark No street lights,80,2015/11/01,21:45:00,Yes,4.0,1.0,-36.25871976,144.7429816,CAMPASPE
T20150022674,Dry,Clear,Collision with a fixed object,Saturday,Dark Street lights on,60,2015/10/31,22:20:00,Yes,2.0,1.0,-37.58537914,143.8409251,BALLARAT
T20150022677,Dry,Clear,No collision and no object struck,Sunday,Dusk/Dawn,80,2015/11/01,19:25:00,Yes,1.0,1.0,-37.58930382,141.3787402,GLENELG
T20150022681,Wet,Raining,Struck Pedestrian,Monday,Day,50,2015/11/02,08:30:00,No,2.0,1.0,-38.45232593,145.23869,BASS COAST
T20150022682,Wet,Clear,Collision with vehicle,Sunday,Day,100,2015/11/01,13:57:00,No,3.0,3.0,-36.5643757,145.9352777,BENALLA
T20150022684,Dry,Clear,Collision with a fixed object,Monday,Day,80,2015/11/02,09:40:00,No,1.0,1.0,-38.07537123,144.3687789,GREATER GEELONG
T20150022694,Dry,Clear,collision with some other object,Monday,Day,40,2015/11/02,09:15:00,Yes,1.0,1.0,-37.96598176,146.9770946,WELLINGTON
T20150022705,Wet,Raining,Vehicle overturned (no collision),Monday,Day,100,2015/11/02,10:15:00,No,1.0,1.0,-37.69535699,148.7397189,EAST GIPPSLAND
T20150022714,Dry,Clear,Collision with vehicle,Monday,Day,70,2015/11/02,17:10:00,Yes,3.0,1.0,-38.20100917,144.3116243,GREATER GEELONG
T20150022716,Dry,Clear,Vehicle overturned (no collision),Wednesday,Day,100,2015/10/21,10:00:00,No,1.0,1.0,-37.92524931,143.2281304,CORANGAMITE
T20150022717,Wet,Clear,collision with some other object,Monday,Dark Street lights unknown,60,2015/11/02,05:15:00,Yes,1.0,1.0,-38.07863993,144.3377594,GREATER GEELONG
T20150022725,Dry,Clear,Collision with a fixed object,Monday,Day,100,2015/11/02,18:39:00,Yes,1.0,1.0,-36.72495996,145.5448701,STRATHBOGIE
T20150022733,Dry,Clear,Collision with a fixed object,Monday,Dark Street lights on,60,2015/11/02,22:00:00,Yes,1.0,1.0,-38.13298316,145.8535204,BAW BAW
T20150022739,Dry,Clear,Struck Pedestrian,Tuesday,Dark No street lights,80,2015/11/03,03:42:00,Yes,2.0,1.0,-38.06717954,144.3790394,GREATER GEELONG
T20150022743,Dry,Clear,Vehicle overturned (no collision),Tuesday,Dark No street lights,999,2015/10/06,21:00:00,Yes,1.0,1.0,-34.14733072,142.0494327,MILDURA
T20150022748,Unknown,Not known,Collision with a fixed object,Friday,Unknown,999,2015/09/25,08:10:00,No,1.0,1.0,-34.28651969,142.1440517,MILDURA
T20150022751,Dry,Clear,Collision with a fixed object,Monday,Dusk/Dawn,80,2015/11/02,19:00:00,Yes,1.0,1.0,-37.64963817,143.9049086,BALLARAT
T20150022756,Unknown,Not known,No collision and no object struck,Saturday,Day,80,2015/10/10,14:20:00,Yes,1.0,1.0,-38.70470105,143.232837,CORANGAMITE
T20150022759,Dry,Clear,Struck Pedestrian,Tuesday,Day,50,2015/11/03,12:25:00,No,2.0,1.0,-36.71455,144.2491596,GREATER BENDIGO
T20150022766,Dry,Clear,Vehicle overturned (no collision),Tuesday,Day,100,2015/11/03,12:10:00,No,1.0,1.0,-36.22393363,147.6676502,TOWONG
T20150022767,Dry,Clear,Collision with vehicle,Tuesday,Day,70,2015/11/03,15:03:00,No,3.0,1.0,-36.75950998,144.3174315,GREATER BENDIGO
T20150022772,Dry,Not known,Struck Pedestrian,Friday,Dusk/Dawn,999,2015/10/09,18:00:00,Yes,2.0,1.0,-38.11492665,144.6521906,GREATER GEELONG
T20150022782,Dry,Clear,Collision with vehicle,Tuesday,Day,60,2015/11/03,15:20:00,No,2.0,1.0,-37.5632704,143.8383834,BALLARAT
T20150022795,Dry,Clear,Collision with a fixed object,Tuesday,Dark Street lights on,80,2015/11/03,23:50:00,Yes,1.0,1.0,-36.37350603,146.2890422,WANGARATTA
T20150022799,Dry,Clear,Collision with vehicle,Wednesday,Dusk/Dawn,60,2015/11/04,05:20:00,Yes,1.0,1.0,-36.39765832,145.4017604,GREATER SHEPPARTON
T20150022810,Dry,Clear,Collision with vehicle,Tuesday,Unknown,50,2015/10/27,19:00:00,Yes,2.0,1.0,-37.54000354,143.8289793,BALLARAT
T20150022811,Wet,Raining,Collision with a fixed object,Wednesday,Day,100,2015/11/04,08:20:00,No,2.0,2.0,-38.16590975,146.2771403,LATROBE
T20150022817,Dry,Clear,Struck Pedestrian,Wednesday,Day,40,2015/11/04,09:40:00,No,2.0,1.0,-38.14078283,144.3482861,GREATER GEELONG
T20150022822,Dry,Clear,Collision with vehicle,Tuesday,Day,100,2015/11/03,13:00:00,No,4.0,1.0,-38.62584743,145.7411186,BASS COAST
T20150022823,Muddy,Raining,Vehicle overturned (no collision),Sunday,Day,100,2015/11/01,15:00:00,No,1.0,1.0,-37.41368002,147.12055,WELLINGTON
T20150022838,Dry,Clear,Collision with a fixed object,Wednesday,Day,100,2015/11/04,13:20:00,No,1.0,1.0,-37.35125167,144.7975397,MACEDON RANGES
T20150022842,Wet,Raining,Collision with vehicle,Wednesday,Dusk/Dawn,60,2015/10/21,18:00:00,Yes,2.0,1.0,-37.55512996,143.8560096,BALLARAT
T20150022844,Dry,Clear,Collision with vehicle,Wednesday,Day,60,2015/11/04,14:20:00,No,2.0,1.0,-37.54495956,143.7934403,BALLARAT
T20150022850,Unknown,Clear,No collision and no object struck,Monday,Day,999,2015/11/02,10:00:00,No,1.0,1.0,-37.51105016,148.259361,EAST GIPPSLAND
T20150022856,Unknown,Clear,collision with some other object,Sunday,Day,999,2015/11/01,14:30:00,No,1.0,1.0,-38.07336976,146.44547,BAW BAW
T20150022857,Wet,Raining,Collision with vehicle,Wednesday,Day,60,2015/11/04,16:20:00,No,2.0,1.0,-36.35745998,145.4022278,GREATER SHEPPARTON
T20150022864,Wet,Raining,Vehicle overturned (no collision),Wednesday,Day,100,2015/11/04,14:20:00,No,2.0,2.0,-37.57660903,141.5817004,SOUTHERN GRAMPIANS
T20150022867,Dry,Clear,Collision with a fixed object,Wednesday,Day,100,2015/11/04,18:00:00,Yes,1.0,1.0,-38.33121962,142.2739584,MOYNE
T20150022874,Dry,Clear,Collision with vehicle,Wednesday,Day,60,2015/11/04,15:45:00,No,2.0,1.0,-36.7730573,144.3046213,GREATER BENDIGO
T20150022876,Dry,Clear,Collision with vehicle,Wednesday,Day,60,2015/11/04,17:02:00,No,2.0,1.0,-37.82394591,147.6231343,EAST GIPPSLAND
T20150022878,Wet,Not known,Collision with a fixed object,Wednesday,Dark No street lights,100,2015/11/04,20:30:00,Yes,2.0,2.0,-37.2467722,144.7552401,MACEDON RANGES
T20150022889,Wet,Raining,Collision with a fixed object,Wednesday,Dark Street lights on,70,2015/11/04,22:10:00,Yes,1.0,1.0,-38.10448142,144.3192562,GREATER GEELONG
T20150022894,Dry,Clear,collision with some other object,Sunday,Day,999,2015/11/01,10:30:00,No,1.0,1.0,-37.69553023,146.3978303,BAW BAW
T20150022902,Wet,Raining,Collision with a fixed object,Thursday,Day,100,2015/11/05,08:25:00,No,1.0,1.0,-38.22685031,146.1593082,BAW BAW
T20150022904,Wet,Raining,Collision with vehicle,Thursday,Day,100,2015/11/05,09:20:00,No,3.0,1.0,-38.09190801,144.2480539,GOLDEN PLAINS
T20150022909,Wet,Raining,Vehicle overturned (no collision),Thursday,Day,50,2015/11/05,09:00:00,No,1.0,1.0,-36.75837264,144.2873756,GREATER BENDIGO
T20150022910,Wet,Raining,Struck Pedestrian,Thursday,Day,50,2015/11/05,10:50:00,No,2.0,1.0,-38.09835044,144.3553439,GREATER GEELONG
T20150022914,Wet,Raining,Collision with a fixed object,Thursday,Day,100,2015/11/05,09:30:00,No,1.0,1.0,-37.18928188,143.1835794,ARARAT
T20150022917,Dry,Clear,Collision with a fixed object,Wednesday,Day,100,2015/11/04,17:45:00,No,1.0,1.0,-38.24340721,145.9636694,BAW BAW
T20150022932,Unknown,Clear,Vehicle overturned (no collision),Saturday,Day,50,2015/10/17,10:00:00,No,1.0,1.0,-37.9533299,146.4193382,BAW BAW
T20150022933,Wet,Raining,Collision with vehicle,Thursday,Day,80,2015/11/05,11:45:00,No,3.0,1.0,-38.40758257,145.5303817,BASS COAST
T20150022941,Dry,Clear,Struck Pedestrian,Thursday,Day,60,2015/11/05,14:20:00,No,2.0,1.0,-38.18462244,146.2913817,LATROBE
T20150022947,Dry,Clear,Struck Pedestrian,Saturday,Dark Street lights on,50,2015/10/31,00:30:00,Yes,2.0,1.0,-38.38456219,142.4803684,WARRNAMBOOL
T20150022948,Dry,Clear,Collision with vehicle,Thursday,Day,70,2015/11/05,13:10:00,No,3.0,2.0,-38.14496659,144.3532358,GREATER GEELONG
T20150022950,Unknown,Clear,Struck Pedestrian,Sunday,Dusk/Dawn,999,2015/11/01,19:15:00,Yes,2.0,1.0,-37.19516985,144.3734394,MACEDON RANGES
T20150022951,Wet,Raining,Collision with a fixed object,Thursday,Day,100,2015/11/05,17:15:00,No,1.0,1.0,-38.05819197,145.9430973,BAW BAW
T20150022952,Wet,Raining,Collision with vehicle,Thursday,Day,60,2015/11/05,17:44:00,No,2.0,1.0,-36.75312946,144.2875288,GREATER BENDIGO
T20150022957,Wet,Clear,No collision and no object struck,Monday,Day,999,2015/04/06,15:00:00,No,1.0,1.0,-37.2802104,146.1294904,MANSFIELD
T20150022960,Dry,Clear,Struck Pedestrian,Thursday,Day,50,2015/11/05,16:42:00,No,2.0,1.0,-38.0908396,144.3396523,GREATER GEELONG
T20150022979,Dry,Clear,Collision with a fixed object,Thursday,Day,50,2015/11/05,14:10:00,No,3.0,1.0,-37.56996048,143.8852029,BALLARAT
T20150022992,Dry,Clear,Collision with vehicle,Tuesday,Day,60,2015/10/27,08:45:00,No,3.0,1.0,-38.13239345,144.3514106,GREATER GEELONG
T20150022998,Dry,Clear,Collision with vehicle,Thursday,Day,60,2015/11/05,15:40:00,No,3.0,2.0,-37.58515636,143.8408839,BALLARAT
T20150023015,Dry,Clear,Collision with vehicle,Friday,Day,60,2015/11/06,13:45:00,No,2.0,1.0,-37.59943634,143.8450323,BALLARAT
T20150023016,Wet,Raining,Collision with vehicle,Friday,Day,60,2015/11/06,12:58:00,No,4.0,4.0,-38.47150908,145.9457689,SOUTH GIPPSLAND
T20150023022,Wet,Clear,Collision with a fixed object,Friday,Day,110,2015/11/06,15:20:00,No,2.0,2.0,-36.60956001,145.80197,STRATHBOGIE
T20150023027,Dry,Clear,No collision and no object struck,Sunday,Day,80,2015/11/01,12:00:00,No,2.0,1.0,-36.73319113,147.4474866,TOWONG
T20150023034,Wet,Raining,Collision with a fixed object,Friday,Day,100,2015/11/06,16:20:00,Yes,1.0,1.0,-38.71792747,146.1064305,SOUTH GIPPSLAND
T20150023046,Dry,Clear,Vehicle overturned (no collision),Saturday,Dark No street lights,100,2015/11/07,05:30:00,Yes,1.0,1.0,-36.26492063,145.3615683,GREATER SHEPPARTON
T20150023057,Dry,Clear,Collision with a fixed object,Tuesday,Dusk/Dawn,100,2015/10/27,17:00:00,No,1.0,1.0,-37.32453923,144.0967472,HEPBURN
T20150023066,Dry,Clear,Collision with vehicle,Friday,Day,100,2015/11/06,16:20:00,Yes,4.0,4.0,-36.52833969,147.7953575,TOWONG
T20150023070,Dry,Clear,Collision with vehicle,Saturday,Dark No street lights,100,2015/11/07,00:40:00,Yes,4.0,1.0,-37.31641926,141.0326301,WEST WIMMERA
T20150023072,Dry,Clear,Collision with a fixed object,Saturday,Dark Street lights on,60,2015/11/07,01:10:00,Yes,1.0,1.0,-36.74064233,145.564297,STRATHBOGIE
T20150023073,Wet,Clear,Collision with a fixed object,Monday,Day,30,2015/11/02,15:30:00,No,2.0,2.0,-37.67361929,147.1583704,WELLINGTON
T20150023080,Wet,Clear,Collision with a fixed object,Saturday,Dark No street lights,100,2015/11/07,01:05:00,Yes,2.0,2.0,-38.66694766,146.1707081,SOUTH GIPPSLAND
T20150023081,Dry,Clear,Collision with a fixed object,Thursday,Dusk/Dawn,100,2015/10/29,18:15:00,Yes,1.0,1.0,-37.74072879,143.7916976,GOLDEN PLAINS
T20150023084,Dry,Clear,Collision with vehicle,Saturday,Day,60,2015/11/07,17:20:00,Yes,5.0,1.0,-36.78476724,144.2314818,GREATER BENDIGO
T20150023088,Dry,Clear,Struck animal,Saturday,Dusk/Dawn,100,2015/11/07,20:06:00,Yes,1.0,1.0,-37.09772053,145.0852097,MITCHELL
T20150023093,Dry,Clear,Struck Pedestrian,Saturday,Day,50,2015/11/07,19:50:00,Yes,2.0,1.0,-37.54806989,143.7954741,BALLARAT
T20150023094,Dry,Clear,Collision with a fixed object,Saturday,Dark Street lights on,50,2015/11/07,22:00:00,Yes,1.0,1.0,-36.35403063,146.3099443,WANGARATTA
T20150023100,Dry,Clear,Collision with vehicle,Saturday,Day,100,2015/11/07,16:22:00,Yes,2.0,1.0,-36.44790495,146.4167209,WANGARATTA
T20150023105,Dry,Clear,Collision with a fixed object,Sunday,Dark Street lights on,50,2015/11/08,05:00:00,Yes,4.0,4.0,-36.38276696,145.4056809,GREATER SHEPPARTON
T20150023107,Dry,Clear,Collision with a fixed object,Sunday,Dark No street lights,100,2015/11/08,05:00:00,No,1.0,1.0,-36.90208003,143.8435602,CENTRAL GOLDFIELDS
T20150023112,Dry,Clear,Collision with vehicle,Sunday,Day,60,2015/11/08,09:35:00,Yes,5.0,1.0,-37.55367748,143.8136903,BALLARAT
T20150023114,Dry,Clear,Collision with a fixed object,Sunday,Day,100,2015/11/08,10:30:00,No,1.0,1.0,-37.16441204,143.7532896,CENTRAL GOLDFIELDS
T20150023115,Dry,Clear,Collision with a fixed object,Saturday,Dark No street lights,100,2015/11/07,21:34:00,Yes,4.0,3.0,-38.19096887,146.2181194,BAW BAW
T20150023118,Dry,Clear,Collision with a fixed object,Sunday,Dark No street lights,100,2015/11/08,00:30:00,Yes,1.0,1.0,-37.7438231,148.16568,EAST GIPPSLAND
T20150023122,Dry,Clear,Vehicle overturned (no collision),Sunday,Day,60,2015/11/08,13:30:00,No,1.0,1.0,-36.76712119,144.266509,GREATER BENDIGO
T20150023133,Dry,Clear,Collision with a fixed object,Sunday,Day,100,2015/11/08,14:15:00,No,2.0,1.0,-36.75246,142.6315284,YARRIAMBIACK
T20150023137,Dry,Clear,Collision with vehicle,Sunday,Day,60,2015/11/08,13:00:00,No,4.0,1.0,-37.29578468,143.7774614,HEPBURN
T20150023138,Dry,Clear,Collision with vehicle,Sunday,Day,60,2015/11/08,15:00:00,No,2.0,1.0,-37.56604898,143.8828863,BALLARAT
T20150023140,Dry,Clear,Collision with vehicle,Sunday,Day,60,2015/11/08,15:45:00,No,3.0,1.0,-37.56056682,143.8771068,BALLARAT
T20150023146,Dry,Clear,Collision with vehicle,Sunday,Day,60,2015/11/08,17:40:00,Yes,4.0,4.0,-36.74977885,144.2907517,GREATER BENDIGO
T20150023154,Dry,Clear,Collision with vehicle,Sunday,Day,100,2015/11/08,16:45:00,Yes,2.0,2.0,-36.65202055,142.1459883,HORSHAM
T20150023167,Dry,Clear,Collision with a fixed object,Monday,Dark Street lights off,110,2015/11/09,04:50:00,Yes,1.0,1.0,-36.15190779,146.6296179,INDIGO
T20150023174,Dry,Clear,Collision with a fixed object,Sunday,Day,100,2015/11/08,17:40:00,Yes,3.0,3.0,-38.00884183,146.6243675,LATROBE
T20150023187,Dry,Clear,Vehicle overturned (no collision),Monday,Day,100,2015/11/09,08:45:00,No,1.0,1.0,-36.11946965,144.7143404,CAMPASPE
T20150023192,Dry,Clear,Collision with vehicle,Monday,Day,100,2015/11/09,11:00:00,No,2.0,1.0,-36.93256093,146.2136802,MANSFIELD
T20150023193,Dry,Clear,Struck Pedestrian,Thursday,Dusk/Dawn,50,2015/10/01,19:00:00,Yes,2.0,1.0,-36.75204281,144.1964798,GREATER BENDIGO
T20150023195,Dry,Clear,Collision with vehicle,Monday,Day,50,2015/11/09,11:50:00,No,2.0,1.0,-37.0029415,144.0688897,MOUNT ALEXANDER
T20150023201,Dry,Clear,Collision with a fixed object,Saturday,Dusk/Dawn,80,2015/11/07,05:45:00,Yes,1.0,1.0,-38.21043958,144.3396661,GREATER GEELONG
T20150023205,Dry,Clear,Collision with vehicle,Monday,Day,60,2015/11/09,10:15:00,No,2.0,1.0,-37.56112572,143.8519107,BALLARAT
T20150023206,Dry,Clear,Collision with vehicle,Monday,Day,100,2015/11/09,13:40:00,No,6.0,1.0,-38.21245633,144.2179698,SURF COAST
T20150023218,Dry,Clear,Collision with vehicle,Monday,Day,60,2015/11/09,12:35:00,No,2.0,1.0,-38.15647584,146.7525529,WELLINGTON
T20150023220,Dry,Clear,Collision with vehicle,Monday,Day,50,2015/11/09,17:00:00,No,1.0,1.0,-37.02482764,145.1361287,MITCHELL
T20150023221,Dry,Clear,Collision with vehicle,Monday,Day,80,2015/11/09,15:49:00,No,4.0,1.0,-38.24970709,144.3426605,SURF COAST
T20150023226,Dry,Clear,Collision with vehicle,Monday,Day,100,2015/11/09,16:27:00,No,3.0,3.0,-37.16225003,144.8761387,MITCHELL
T20150023256,Dry,Clear,No collision and no object struck,Saturday,Day,100,2015/11/07,16:00:00,Yes,1.0,1.0,-37.30729552,146.09053,MANSFIELD
T20150023258,Dry,Clear,Collision with vehicle,Tuesday,Day,40,2015/11/10,08:30:00,No,2.0,2.0,-36.70603414,142.1867465,HORSHAM
T20150023259,Dry,Clear,Collision with vehicle,Tuesday,Day,100,2015/11/10,09:30:00,No,2.0,1.0,-38.2270104,146.6486232,LATROBE
T20150023261,Dry,Clear,No collision and no object struck,Monday,Day,50,2015/11/02,10:30:00,No,2.0,1.0,-36.78482078,144.2654213,GREATER BENDIGO
T20150023264,Dry,Clear,Collision with vehicle,Tuesday,Day,60,2015/11/10,09:35:00,No,5.0,2.0,-38.14460981,144.3290659,GREATER GEELONG
T20150023268,Wet,Clear,Collision with a fixed object,Saturday,Day,100,2015/10/17,14:30:00,Yes,1.0,1.0,-38.05033547,146.0268308,BAW BAW
T20150023274,Dry,Not known,Collision with vehicle,Friday,Dark Street lights on,60,2015/10/02,23:10:00,Yes,3.0,1.0,-36.74353409,144.2955618,GREATER BENDIGO
T20150023294,Dry,Clear,Vehicle overturned (no collision),Tuesday,Day,100,2015/11/10,10:00:00,No,1.0,1.0,-36.80475978,145.8580898,STRATHBOGIE
T20150023298,Dry,Clear,Collision with a fixed object,Tuesday,Day,60,2015/11/10,18:25:00,Yes,1.0,1.0,-37.68620035,143.3686745,CORANGAMITE
T20150023299,Dry,Clear,Collision with vehicle,Monday,Day,60,2015/11/09,17:20:00,No,2.0,1.0,-36.7314577,144.304867,GREATER BENDIGO
T20150023303,Wet,Raining,Collision with a fixed object,Tuesday,Dusk/Dawn,80,2015/11/10,19:33:00,Yes,1.0,1.0,-37.64749476,143.9092959,BALLARAT
T20150023307,Dry,Clear,Collision with vehicle,Tuesday,Dark No street lights,80,2015/11/10,21:50:00,Yes,2.0,1.0,-38.33480607,143.5348148,COLAC OTWAY
T20150023320,Dry,Clear,Collision with vehicle,Tuesday,Day,60,2015/11/10,12:25:00,No,2.0,1.0,-36.37404206,145.400677,GREATER SHEPPARTON
T20150023321,Dry,Clear,Collision with vehicle,Wednesday,Day,100,2015/11/11,08:00:00,No,2.0,1.0,-38.46709586,143.6823862,COLAC OTWAY
T20150023330,Dry,Not known,collision with some other object,Sunday,Day,999,2015/11/08,10:30:00,No,1.0,1.0,-36.26556428,146.6459396,INDIGO
T20150023334,Dry,Clear,Collision with vehicle,Wednesday,Day,50,2015/11/11,10:20:00,No,2.0,2.0,-37.56080772,143.8489881,BALLARAT
T20150023337,Dry,Clear,Collision with vehicle,Saturday,Day,60,2015/10/17,15:41:00,No,2.0,1.0,-38.17980928,144.3782582,GREATER GEELONG
T20150023341,Dry,Clear,Collision with a fixed object,Wednesday,Day,80,2015/11/11,12:50:00,No,1.0,1.0,-36.30463073,145.431617,GREATER SHEPPARTON
T20150023345,Dry,Clear,Struck animal,Monday,Dark No street lights,100,2015/11/09,05:40:00,Yes,1.0,1.0,-37.38055098,144.3444315,HEPBURN
T20150023353,Dry,Clear,Collision with a fixed object,Tuesday,Day,999,2015/09/29,11:00:00,No,2.0,2.0,-38.32008051,145.7272667,SOUTH GIPPSLAND
T20150023354,Dry,Clear,Collision with a fixed object,Wednesday,Day,100,2015/11/11,14:55:00,No,1.0,1.0,-36.59210001,145.9610151,BENALLA
T20150023356,Wet,Raining,Collision with a fixed object,Wednesday,Day,100,2015/11/11,12:12:00,No,1.0,1.0,-38.27777986,146.6938594,WELLINGTON
T20150023357,Dry,Clear,Collision with vehicle,Wednesday,Day,100,2015/11/11,13:05:00,No,4.0,3.0,-37.6561034,142.3109682,SOUTHERN GRAMPIANS
T20150023364,Dry,Clear,Collision with vehicle,Wednesday,Day,60,2015/11/11,15:01:00,No,2.0,1.0,-36.76712119,144.266509,GREATER BENDIGO
T20150023371,Muddy,Clear,Vehicle overturned (no collision),Friday,Day,100,2015/10/30,14:00:00,No,1.0,1.0,-37.4856002,147.1542972,WELLINGTON
T20150023407,Dry,Clear,Collision with vehicle,Thursday,Dark Street lights on,60,2015/07/30,22:30:00,Yes,2.0,1.0,-38.14537599,144.3354674,GREATER GEELONG
T20150023411,Wet,Clear,Collision with vehicle,Thursday,Day,100,2015/11/12,08:15:00,No,5.0,2.0,-36.4956802,147.3492995,TOWONG
T20150023417,Dry,Clear,Collision with vehicle,Thursday,Day,60,2015/11/12,11:05:00,No,3.0,2.0,-35.33898898,143.5565981,SWAN HILL
T20150023429,Dry,Clear,Collision with a fixed object,Thursday,Day,999,2015/11/12,11:50:00,No,1.0,1.0,-37.41372316,144.749053,MACEDON RANGES
T20150023430,Dry,Clear,Vehicle overturned (no collision),Sunday,Day,100,2015/11/08,11:30:00,No,1.0,1.0,-36.94068889,146.2054282,MANSFIELD
T20150023431,Wet,Raining,Collision with vehicle,Thursday,Day,60,2015/11/12,14:30:00,No,2.0,1.0,-37.82543255,147.6408634,EAST GIPPSLAND
T20150023437,Dry,Clear,Collision with vehicle,Thursday,Day,50,2015/11/12,14:40:00,No,2.0,2.0,-38.75724091,143.669717,COLAC OTWAY
T20150023439,Dry,Clear,Vehicle overturned (no collision),Thursday,Day,100,2015/09/03,14:00:00,No,1.0,1.0,-37.82404959,147.2389265,WELLINGTON
T20150023441,Dry,Clear,Collision with vehicle,Thursday,Day,60,2015/11/12,15:50:00,No,2.0,2.0,-36.55009265,145.9908137,BENALLA
T20150023446,Dry,Clear,Collision with a fixed object,Tuesday,Day,100,2015/09/22,10:15:00,No,2.0,1.0,-36.808476,144.1590405,GREATER BENDIGO
T20150023466,Dry,Clear,Vehicle overturned (no collision),Thursday,Day,50,2015/11/12,18:10:00,Yes,1.0,1.0,-38.06212791,144.3684257,GREATER GEELONG
T20150023480,Muddy,Clear,No collision and no object struck,Saturday,Day,999,2015/11/07,16:00:00,Yes,1.0,1.0,-38.54558891,143.7669402,COLAC OTWAY
T20150023487,Wet,Raining,Collision with vehicle,Friday,Day,80,2015/11/13,10:00:00,No,4.0,2.0,-38.08693059,145.7774723,BAW BAW
T20150023502,Dry,Fog,Struck Pedestrian,Sunday,Dusk/Dawn,80,2015/11/08,06:00:00,No,2.0,1.0,-37.66572964,143.8806059,BALLARAT
T20150023510,Wet,Not known,Vehicle overturned (no collision),Friday,Day,999,2015/11/13,13:40:00,No,1.0,1.0,-38.29713775,143.5648726,COLAC OTWAY
T20150023518,Dry,Clear,Collision with vehicle,Friday,Day,100,2015/11/13,11:40:00,No,2.0,1.0,-37.30764995,142.9227039,ARARAT
T20150023537,Dry,Clear,Vehicle overturned (no collision),Friday,Unknown,100,2015/11/13,00:05:00,Yes,1.0,1.0,-36.2762664,143.0180206,BULOKE
T20150023544,Dry,Clear,Collision with vehicle,Friday,Dark Street lights on,70,2015/11/13,23:10:00,Yes,3.0,2.0,-38.14496659,144.3532358,GREATER GEELONG
T20150023554,Dry,Clear,Collision with vehicle,Saturday,Day,100,2015/11/14,09:20:00,No,4.0,1.0,-38.09859753,146.5798303,LATROBE