Accident_No,Surface_Cond_Desc,Atmosph_Cond_Desc,Accident_Type_Desc,Day,Light_Condition_Desc,Speed_Zone,Accident_Date,Accident_Time,Alcohol_Influence,Total_Persons_Inv,Inj_Or_Fatal,Lat,Long,LGA
T20150023561,Dry,Clear,Collision with vehicle,Saturday,Day,60,2015/11/14,08:56:00,No,2.0,1.0,-36.76347183,144.2705802,GREATER BENDIGO
T20150023567,Dry,Clear,Collision with vehicle,Saturday,Day,60,2015/11/14,12:30:00,No,6.0,3.0,-36.73520249,144.267522,GREATER BENDIGO
T20150023580,Dry,Clear,collision with some other object,Sunday,Day,100,2015/11/01,12:00:00,No,1.0,1.0,-38.27417072,146.171341,BAW BAW
T20150023581,Dry,Clear,Collision with vehicle,Tuesday,Day,60,2015/11/10,12:35:00,No,2.0,1.0,-36.37188976,145.4151385,GREATER SHEPPARTON
T20150023583,Dry,Clear,Collision with vehicle,Saturday,Day,60,2015/11/14,14:27:00,Yes,6.0,6.0,-36.39902398,145.479995,GREATER SHEPPARTON
T20150023585,Dry,Clear,Vehicle overturned (no collision),Saturday,Day,100,2015/11/07,08:50:00,No,1.0,1.0,-37.1726205,145.6961773,MURRINDINDI
T20150023588,Dry,Clear,Collision with vehicle,Saturday,Day,100,2015/11/14,14:47:00,Yes,4.0,2.0,-37.63964353,143.8556739,BALLARAT
T20150023594,Dry,Clear,Struck Pedestrian,Saturday,Day,110,2015/11/14,17:46:00,Yes,5.0,1.0,-37.10147885,144.3674413,MOUNT ALEXANDER
T20150023599,Dry,Clear,Collision with a fixed object,Saturday,Dark Street lights on,80,2015/11/14,20:15:00,Yes,3.0,3.0,-38.30191509,146.4263312,LATROBE
T20150023600,Dry,Clear,Collision with a fixed object,Saturday,Dark No street lights,60,2015/11/14,21:00:00,Yes,1.0,1.0,-37.63710835,143.9720295,MOORABOOL
T20150023606,Wet,Raining,Collision with a fixed object,Sunday,Dark Street lights on,60,2015/11/15,03:00:00,Yes,1.0,1.0,-38.16640165,144.3619979,GREATER GEELONG
T20150023610,Dry,Clear,Vehicle overturned (no collision),Sunday,Dark No street lights,100,2015/11/15,01:00:00,Yes,1.0,1.0,-36.14360022,146.6405702,INDIGO
T20150023612,Dry,Clear,Vehicle overturned (no collision),Sunday,Dusk/Dawn,100,2015/11/15,06:30:00,Yes,1.0,1.0,-36.21142763,144.3349502,CAMPASPE
T20150023621,Unknown,Not known,Collision with vehicle,Friday,Dusk/Dawn,50,2015/10/23,07:15:00,No,2.0,1.0,-36.75970006,144.2785951,GREATER BENDIGO
T20150023625,Dry,Clear,Collision with vehicle,Sunday,Day,100,2015/11/15,09:50:00,Yes,3.0,2.0,-36.80420543,144.5758965,GREATER BENDIGO
T20150023626,Dry,Clear,Collision with a fixed object,Monday,Dark Street lights unknown,60,2015/10/05,21:15:00,Yes,1.0,1.0,-38.16690096,144.3827527,GREATER GEELONG
T20150023627,Dry,Clear,Collision with vehicle,Sunday,Day,90,2015/11/15,09:05:00,Yes,27.0,27.0,-38.24624231,144.3118796,SURF COAST
T20150023629,Unknown,Not known,No collision and no object struck,Monday,Day,999,2015/11/09,12:15:00,No,1.0,1.0,-37.88906004,146.03495,BAW BAW
T20150023634,Dry,Clear,Collision with vehicle,Sunday,Day,100,2015/11/15,10:58:00,No,6.0,5.0,-37.79040966,142.3724462,SOUTHERN GRAMPIANS
T20150023637,Dry,Clear,Collision with vehicle,Sunday,Day,110,2015/11/15,13:36:00,No,2.0,2.0,-37.67613998,144.4668545,MOORABOOL
T20150023639,Dry,Clear,No collision and no object struck,Sunday,Day,100,2015/11/15,11:50:00,No,1.0,1.0,-37.08554644,146.3742934,MANSFIELD
T20150023647,Dry,Not known,Vehicle overturned (no collision),Thursday,Day,100,2015/09/03,12:00:00,No,1.0,1.0,-35.28183916,143.4655614,SWAN HILL
T20150023648,Dry,Clear,Collision with vehicle,Sunday,Day,100,2015/11/15,11:00:00,No,4.0,2.0,-38.3690183,146.1535926,SOUTH GIPPSLAND
T20150023650,Dry,Clear,Collision with vehicle,Sunday,Day,100,2015/11/15,15:16:00,No,3.0,1.0,-38.50663893,146.1664812,SOUTH GIPPSLAND
T20150023668,Dry,Clear,Collision with a fixed object,Saturday,Day,999,2015/11/14,15:20:00,Yes,1.0,1.0,-37.43002124,143.9304821,HEPBURN
T20150023685,Dry,Not known,No collision and no object struck,Saturday,Day,999,2015/11/14,14:00:00,Yes,1.0,1.0,-37.16683012,145.1520504,MITCHELL
T20150023691,Dry,Clear,Collision with a fixed object,Saturday,Day,80,2015/11/14,18:00:00,Yes,1.0,1.0,-37.55193309,145.4804166,MURRINDINDI
T20150023693,Dry,Clear,Vehicle overturned (no collision),Saturday,Dusk/Dawn,60,2015/11/14,19:30:00,Yes,1.0,1.0,-36.86755191,144.7456171,GREATER BENDIGO
T20150023698,Dry,Clear,Collision with vehicle,Monday,Day,100,2015/11/16,14:08:00,No,4.0,3.0,-38.21255675,141.4179816,GLENELG
T20150023701,Dry,Clear,Collision with vehicle,Sunday,Day,60,2015/11/01,11:30:00,No,2.0,1.0,-36.38991087,145.4157126,GREATER SHEPPARTON
T20150023711,Dry,Clear,collision with some other object,Friday,Day,999,2015/11/13,11:00:00,No,1.0,1.0,-37.0002756,147.067578,MOUNT HOTHAM ALPINE RESORT (UNINC)
T20150023713,Dry,Clear,Collision with vehicle,Monday,Day,70,2015/11/16,17:20:00,No,2.0,2.0,-37.55200302,143.810158,BALLARAT
T20150023714,Dry,Clear,Struck Pedestrian,Monday,Day,50,2015/11/16,14:40:00,No,2.0,1.0,-37.53093985,143.8209999,BALLARAT
T20150023715,Dry,Clear,No collision and no object struck,Monday,Day,50,2015/11/16,18:09:00,Yes,1.0,1.0,-37.56434658,143.8588079,BALLARAT
T20150023723,Dry,Clear,Struck Pedestrian,Tuesday,Dark Street lights on,70,2015/11/17,03:30:00,Yes,2.0,1.0,-38.12617016,144.3403807,GREATER GEELONG
T20150023727,Dry,Clear,Collision with a fixed object,Tuesday,Dark No street lights,80,2015/11/17,01:30:00,Yes,1.0,1.0,-37.64495235,143.8659949,BALLARAT
T20150023758,Unknown,Not known,Collision with a fixed object,Saturday,Day,999,2015/09/12,15:00:00,Yes,1.0,1.0,-37.78585988,147.1988897,WELLINGTON
T20150023760,Dry,Clear,Vehicle overturned (no collision),Tuesday,Day,50,2015/11/17,10:00:00,No,1.0,1.0,-37.50274022,147.3159307,WELLINGTON
T20150023764,Dry,Clear,Collision with a fixed object,Tuesday,Dark No street lights,100,2015/11/17,06:00:00,Yes,1.0,1.0,-36.9516089,144.2336731,MOUNT ALEXANDER
T20150023766,Dry,Clear,Struck Pedestrian,Tuesday,Day,60,2015/11/17,13:20:00,No,2.0,1.0,-37.55700955,143.8481461,BALLARAT
T20150023768,Dry,Clear,Collision with vehicle,Tuesday,Day,80,2015/11/17,11:55:00,No,2.0,1.0,-38.69267767,143.8094165,COLAC OTWAY
T20150023769,Dry,Clear,Collision with vehicle,Tuesday,Day,60,2015/11/17,13:00:00,No,2.0,2.0,-38.15260229,144.334124,GREATER GEELONG
T20150023774,Dry,Clear,Collision with a fixed object,Tuesday,Day,80,2015/11/17,13:15:00,No,1.0,1.0,-37.0258882,145.2006594,MITCHELL
T20150023783,Dry,Clear,Collision with vehicle,Tuesday,Dark Street lights on,50,2015/10/13,19:50:00,Yes,2.0,1.0,-36.75327057,144.2750642,GREATER BENDIGO
T20150023787,Unknown,Clear,Vehicle overturned (no collision),Sunday,Day,999,2015/11/01,15:50:00,No,1.0,1.0,-36.75903308,144.3075642,GREATER BENDIGO
T20150023790,Dry,Clear,Collision with vehicle,Wednesday,Day,60,2015/11/11,08:30:00,No,3.0,2.0,-38.20857249,144.3398647,GREATER GEELONG
T20150023792,Dry,Clear,No collision and no object struck,Friday,Dusk/Dawn,999,2015/10/30,18:30:00,Yes,1.0,1.0,-36.14043929,144.8685415,CAMPASPE
T20150023797,Dry,Clear,No collision and no object struck,Sunday,Day,999,2015/11/15,11:55:00,No,1.0,1.0,-37.04802918,146.3579853,MANSFIELD
T20150023803,Dry,Clear,Collision with vehicle,Tuesday,Dark Street lights on,60,2015/11/17,20:50:00,Yes,2.0,2.0,-38.15074652,144.3648099,GREATER GEELONG
T20150023804,Dry,Clear,Collision with vehicle,Tuesday,Day,50,2015/11/17,18:47:00,Yes,2.0,1.0,-37.39015856,145.013398,MITCHELL
T20150023815,Dry,Clear,Vehicle overturned (no collision),Saturday,Day,40,2015/10/24,12:00:00,No,1.0,1.0,-37.66302226,143.6561595,GOLDEN PLAINS
T20150023827,Icy,Not known,Collision with a fixed object,Monday,Dark No street lights,110,2015/07/20,06:20:00,Yes,1.0,1.0,-37.55767747,143.960329,MOORABOOL
T20150023847,Dry,Clear,Collision with a fixed object,Wednesday,Day,100,2015/11/18,12:00:00,No,2.0,2.0,-38.59965777,146.2130712,SOUTH GIPPSLAND
T20150023851,Dry,Clear,Collision with vehicle,Wednesday,Dusk/Dawn,100,2015/11/18,07:00:00,No,4.0,3.0,-36.3136931,145.1684857,GREATER SHEPPARTON
T20150023856,Dry,Clear,Collision with a fixed object,Wednesday,Day,100,2015/11/18,11:30:00,No,1.0,1.0,-37.14480023,144.0404607,MOUNT ALEXANDER
T20150023857,Dry,Clear,Collision with vehicle,Wednesday,Day,50,2015/11/18,13:40:00,No,3.0,2.0,-37.91700614,147.7220258,EAST GIPPSLAND
T20150023860,Dry,Clear,Collision with vehicle,Sunday,Day,80,2015/11/01,17:30:00,Yes,3.0,1.0,-37.42347939,145.4229415,MURRINDINDI
T20150023867,Dry,Clear,Struck animal,Friday,Day,100,2015/11/13,10:30:00,No,1.0,1.0,-36.61785956,147.0135712,ALPINE
T20150023868,Dry,Clear,Vehicle overturned (no collision),Wednesday,Day,110,2015/11/18,14:30:00,No,2.0,2.0,-35.25909816,141.2859697,MILDURA
T20150023871,Dry,Clear,Collision with a fixed object,Wednesday,Day,80,2015/11/18,18:00:00,Yes,1.0,1.0,-36.24667192,146.8221313,WODONGA
T20150023886,Dry,Clear,Collision with vehicle,Wednesday,Dusk/Dawn,50,2015/11/18,19:30:00,Yes,2.0,1.0,-38.35261283,143.5788882,COLAC OTWAY
T20150023906,Dry,Clear,Collision with vehicle,Thursday,Day,60,2015/11/19,11:30:00,No,2.0,1.0,-38.19852284,144.3050012,GREATER GEELONG
T20150023912,Dry,Clear,Vehicle overturned (no collision),Thursday,Day,999,2015/11/19,11:30:00,No,1.0,1.0,-36.85375317,144.7503687,GREATER BENDIGO
T20150023924,Dry,Clear,Collision with a fixed object,Thursday,Day,100,2015/11/19,12:30:00,No,1.0,1.0,-38.16796479,146.5639179,LATROBE
T20150023925,Dry,Clear,Struck Pedestrian,Thursday,Day,50,2015/11/19,13:25:00,No,2.0,1.0,-37.82297521,147.6130139,EAST GIPPSLAND
T20150023927,Dry,Clear,Collision with a fixed object,Monday,Day,100,2015/11/16,11:30:00,No,1.0,1.0,-37.86149086,144.1312075,GOLDEN PLAINS
T20150023936,Dry,Clear,Fall from or in moving vehicle,Thursday,Day,60,2015/10/22,14:45:00,No,2.0,1.0,-36.74977885,144.2907517,GREATER BENDIGO
T20150023938,Dry,Clear,Vehicle overturned (no collision),Thursday,Day,100,2015/11/19,13:10:00,No,2.0,2.0,-37.75323986,147.857867,EAST GIPPSLAND
T20150023939,Dry,Clear,Struck Pedestrian,Saturday,Day,999,2015/11/14,12:00:00,No,2.0,1.0,-38.1153957,144.3579208,GREATER GEELONG
T20150023947,Dry,Clear,Collision with vehicle,Thursday,Day,40,2015/11/19,15:10:00,No,2.0,1.0,-36.36632881,146.3104246,WANGARATTA
T20150023953,Dry,Clear,Collision with vehicle,Thursday,Day,60,2015/11/19,17:45:00,No,9.0,2.0,-38.17982369,144.3784195,GREATER GEELONG
T20150023977,Dry,Clear,Collision with vehicle,Friday,Day,100,2015/11/20,08:00:00,No,3.0,2.0,-38.02704728,144.4384019,GREATER GEELONG
T20150023979,Wet,Raining,Collision with vehicle,Friday,Day,50,2015/11/20,09:10:00,No,2.0,1.0,-38.15017966,144.3622488,GREATER GEELONG
T20150023995,Dry,Clear,Collision with vehicle,Friday,Day,100,2015/11/20,11:55:00,No,3.0,2.0,-37.56709851,141.4568982,GLENELG
T20150024003,Unknown,Not known,No collision and no object struck,Thursday,Dusk/Dawn,50,2015/11/19,19:30:00,Yes,1.0,1.0,-37.67702991,144.4323792,MOORABOOL
T20150024006,Dry,Clear,Collision with vehicle,Saturday,Dark Street lights on,70,2015/11/14,21:45:00,Yes,3.0,1.0,-37.34064806,144.741813,MACEDON RANGES
T20150024016,Dry,Clear,Collision with vehicle,Friday,Day,70,2015/11/20,15:57:00,No,4.0,1.0,-38.17850746,144.3515125,GREATER GEELONG
T20150024017,Wet,Raining,Collision with vehicle,Friday,Day,50,2015/11/20,15:40:00,No,2.0,1.0,-36.77284296,144.2462496,GREATER BENDIGO
T20150024030,Wet,Raining,Collision with a fixed object,Friday,Dusk/Dawn,110,2015/11/20,19:30:00,Yes,1.0,1.0,-36.68555158,145.2303715,STRATHBOGIE
T20150024032,Wet,Raining,Collision with a fixed object,Friday,Dusk/Dawn,100,2015/11/20,19:25:00,Yes,1.0,1.0,-38.08126745,147.0181063,WELLINGTON
T20150024034,Wet,Raining,Vehicle overturned (no collision),Friday,Dusk/Dawn,100,2015/11/20,19:45:00,Yes,1.0,1.0,-38.15883994,145.8363699,BAW BAW
T20150024039,Dry,Clear,Collision with vehicle,Friday,Dark Street lights on,60,2015/11/20,21:05:00,Yes,5.0,2.0,-38.18080073,144.3539576,GREATER GEELONG
T20150024057,Dry,Clear,Collision with a fixed object,Saturday,Dusk/Dawn,60,2015/11/21,07:50:00,Yes,1.0,1.0,-36.69799952,144.3224063,GREATER BENDIGO
T20150024058,Wet,Raining,collision with some other object,Friday,Dark No street lights,80,2015/11/20,19:27:00,Yes,1.0,1.0,-38.36496931,147.1855508,WELLINGTON
T20150024061,Dry,Clear,No collision and no object struck,Sunday,Day,100,2015/11/01,11:00:00,No,1.0,1.0,-37.06693949,143.7524807,CENTRAL GOLDFIELDS
T20150024064,Dry,Clear,Struck Pedestrian,Saturday,Day,50,2015/11/21,11:30:00,No,3.0,1.0,-37.4873698,144.5866419,MACEDON RANGES
T20150024073,Dry,Clear,Collision with a fixed object,Saturday,Day,100,2015/11/21,11:40:00,No,1.0,1.0,-38.55941999,145.9497814,SOUTH GIPPSLAND
T20150024075,Dry,Clear,Collision with vehicle,Saturday,Day,100,2015/11/21,10:40:00,No,2.0,1.0,-36.60532999,142.1251221,HORSHAM
T20150024081,Dry,Clear,Collision with a fixed object,Saturday,Day,110,2015/11/21,16:25:00,Yes,1.0,1.0,-37.47429011,144.9729611,MITCHELL
T20150024084,Dry,Clear,Collision with vehicle,Saturday,Day,60,2015/11/21,13:50:00,No,4.0,1.0,-38.07615119,144.3585388,GREATER GEELONG
T20150024085,Dry,Clear,Collision with vehicle,Saturday,Day,60,2015/11/21,11:15:00,No,2.0,1.0,-38.17193154,144.2910903,GREATER GEELONG
T20150024088,Dry,Clear,Vehicle overturned (no collision),Saturday,Day,100,2015/11/21,13:30:00,No,2.0,1.0,-36.82740085,147.4950748,EAST GIPPSLAND
T20150024101,Dry,Clear,Collision with a fixed object,Friday,Day,50,2015/11/20,18:15:00,Yes,1.0,1.0,-37.54115876,149.7498408,EAST GIPPSLAND
T20150024105,Dry,Clear,Struck animal,Saturday,Dark No street lights,100,2015/11/21,22:30:00,Yes,1.0,1.0,-36.08070933,146.76241,WODONGA
T20150024106,Dry,Clear,Collision with vehicle,Saturday,Dark Street lights on,60,2015/11/21,21:40:00,Yes,3.0,1.0,-35.64276758,144.1261217,GANNAWARRA
T20150024117,Dry,Clear,Collision with vehicle,Sunday,Day,60,2015/11/22,09:00:00,Yes,2.0,1.0,-38.27590079,144.503911,GREATER GEELONG
T20150024124,Dry,Clear,Vehicle overturned (no collision),Sunday,Day,50,2015/11/22,11:37:00,No,1.0,1.0,-36.13610905,146.8902074,WODONGA
T20150024125,Dry,Clear,Struck Pedestrian,Sunday,Day,60,2015/11/22,11:00:00,No,2.0,1.0,-36.40892718,145.3918233,GREATER SHEPPARTON
T20150024126,Dry,Clear,Collision with a fixed object,Sunday,Day,100,2015/11/22,08:30:00,No,1.0,1.0,-36.29883023,144.9492988,CAMPASPE
T20150024141,Dry,Clear,No collision and no object struck,Sunday,Day,60,2015/11/22,14:15:00,No,2.0,1.0,-36.7895599,144.2448695,GREATER BENDIGO
T20150024142,Dry,Clear,Collision with vehicle,Sunday,Dark Street lights on,50,2015/11/22,00:00:00,Yes,1.0,1.0,-35.73762,143.9231593,GANNAWARRA
T20150024144,Dry,Clear,Collision with a fixed object,Sunday,Day,100,2015/11/22,11:15:00,No,2.0,2.0,-37.22887947,144.4847555,MACEDON RANGES
T20150024146,Dry,Clear,Collision with a fixed object,Sunday,Day,100,2015/11/22,15:40:00,No,1.0,1.0,-35.22041993,143.4066104,SWAN HILL
T20150024153,Dry,Clear,Collision with vehicle,Sunday,Day,100,2015/11/22,11:05:00,No,2.0,1.0,-38.25389964,146.424539,LATROBE
T20150024155,Dry,Clear,Collision with a fixed object,Sunday,Day,80,2015/11/22,17:39:00,Yes,1.0,1.0,-36.12976224,147.9821324,TOWONG
T20150024157,Dry,Clear,Collision with vehicle,Sunday,Dark Street lights on,60,2015/11/22,21:25:00,Yes,4.0,3.0,-37.56498191,143.8675012,BALLARAT
T20150024166,Dry,Clear,Collision with vehicle,Friday,Dusk/Dawn,60,2015/11/20,06:20:00,No,2.0,1.0,-38.10184245,147.0965602,WELLINGTON
T20150024167,Dry,Clear,Vehicle overturned (no collision),Friday,Day,100,2015/11/20,14:15:00,No,1.0,1.0,-37.32722084,144.1646679,HEPBURN
T20150024169,Dry,Clear,Collision with vehicle,Monday,Dusk/Dawn,100,2015/11/23,06:50:00,Yes,2.0,1.0,-36.37853142,145.2955399,GREATER SHEPPARTON
T20150024173,Dry,Not known,No collision and no object struck,Saturday,Day,999,2015/11/07,11:00:00,No,1.0,1.0,-37.82797151,147.0937879,WELLINGTON
T20150024174,Dry,Clear,No collision and no object struck,Saturday,Day,60,2015/11/21,11:00:00,No,1.0,1.0,-37.52948446,145.9427436,MURRINDINDI
T20150024176,Dry,Clear,Collision with a fixed object,Sunday,Dusk/Dawn,100,2015/11/15,19:00:00,Yes,1.0,1.0,-36.7520888,145.19018,STRATHBOGIE
T20150024183,Dry,Clear,collision with some other object,Monday,Day,100,2015/11/23,10:30:00,No,1.0,1.0,-36.53460879,146.6064203,WANGARATTA
T20150024185,Dry,Clear,Collision with vehicle,Monday,Day,50,2015/11/23,12:40:00,No,3.0,1.0,-37.55993827,143.8596203,BALLARAT
T20150024186,Dry,Clear,Struck Pedestrian,Monday,Dusk/Dawn,60,2015/11/23,05:45:00,Yes,2.0,1.0,-36.71698551,144.246714,GREATER BENDIGO
T20150024203,Dry,Clear,No collision and no object struck,Friday,Day,100,2015/11/20,17:00:00,Yes,1.0,1.0,-36.4494903,147.0097504,ALPINE
T20150024204,Dry,Clear,Collision with a fixed object,Monday,Day,100,2015/11/23,14:35:00,No,1.0,1.0,-35.79681605,143.6305179,GANNAWARRA
T20150024209,Dry,Clear,Collision with vehicle,Monday,Day,60,2015/11/23,14:45:00,No,1.0,1.0,-38.17514018,146.2875347,LATROBE
T20150024215,Dry,Clear,No collision and no object struck,Sunday,Day,60,2015/11/22,14:30:00,No,1.0,1.0,-36.78209495,142.1600301,HORSHAM
T20150024236,Dry,Clear,Collision with vehicle,Monday,Day,100,2015/11/23,19:30:00,Yes,2.0,1.0,-36.31280938,146.3632191,WANGARATTA
T20150024242,Dry,Clear,Collision with vehicle,Monday,Dark Street lights on,60,2015/11/23,22:30:00,Yes,2.0,2.0,-38.19230001,146.52646,LATROBE
T20150024246,Dry,Clear,Collision with vehicle,Monday,Dark No street lights,100,2015/11/23,22:30:00,Yes,4.0,2.0,-36.21073,145.103621,CAMPASPE
T20150024250,Dry,Clear,Vehicle overturned (no collision),Tuesday,Dusk/Dawn,60,2015/11/24,06:48:00,No,1.0,1.0,-38.06305023,145.8323488,BAW BAW
T20150024253,Dry,Clear,Collision with a fixed object,Friday,Day,100,2015/10/23,16:00:00,No,2.0,2.0,-37.04776897,145.5814355,MURRINDINDI
T20150024266,Dry,Clear,Collision with a fixed object,Tuesday,Day,60,2015/11/24,11:15:00,No,2.0,2.0,-37.64530954,144.4294983,MOORABOOL
T20150024271,Unknown,Not known,Fall from or in moving vehicle,Thursday,Dusk/Dawn,999,2015/10/08,17:50:00,No,2.0,1.0,-37.68736896,144.438012,MOORABOOL
T20150024279,Dry,Dust,No collision and no object struck,Sunday,Day,100,2015/11/15,12:30:00,No,1.0,1.0,-37.07866805,146.3293068,MANSFIELD
T20150024281,Dry,Clear,No collision and no object struck,Tuesday,Day,100,2015/11/24,08:15:00,No,1.0,1.0,-36.67513826,143.2888435,NORTHERN GRAMPIANS
T20150024282,Unknown,Not known,Vehicle overturned (no collision),Sunday,Day,999,2015/11/08,14:00:00,No,1.0,1.0,-37.46220623,145.3731726,MURRINDINDI
T20150024301,Dry,Clear,Struck animal,Saturday,Dark Street lights on,50,2015/11/21,05:15:00,Yes,1.0,1.0,-38.2936409,142.3650211,MOYNE
T20150024309,Dry,Clear,Collision with vehicle,Tuesday,Day,60,2015/11/24,15:46:00,No,5.0,1.0,-38.11487029,144.3491124,GREATER GEELONG
T20150024330,Dry,Clear,Collision with vehicle,Wednesday,Dusk/Dawn,60,2015/11/25,07:58:00,No,3.0,1.0,-36.39695083,145.3419211,GREATER SHEPPARTON
T20150024331,Muddy,Clear,Collision with a fixed object,Saturday,Day,999,2015/11/14,14:30:00,Yes,1.0,1.0,-37.32841113,147.0713407,WELLINGTON
T20150024333,Dry,Clear,Collision with vehicle,Wednesday,Day,100,2015/10/07,13:10:00,No,5.0,1.0,-36.09002372,145.2038521,MOIRA
T20150024337,Dry,Clear,Collision with a fixed object,Tuesday,Day,80,2015/11/24,11:50:00,No,1.0,1.0,-37.85115104,148.048409,EAST GIPPSLAND
T20150024348,Dry,Clear,Collision with a fixed object,Friday,Dusk/Dawn,60,2015/11/20,07:20:00,No,1.0,1.0,-38.1616381,144.3931221,GREATER GEELONG
T20150024350,Dry,Clear,Collision with vehicle,Wednesday,Day,60,2015/11/25,11:05:00,No,2.0,1.0,-36.75312946,144.2875288,GREATER BENDIGO
T20150024357,Dry,Clear,collision with some other object,Monday,Day,110,2015/10/26,14:14:00,No,3.0,1.0,-37.60888194,144.3179506,MOORABOOL
T20150024368,Dry,Clear,Collision with vehicle,Wednesday,Day,50,2015/11/25,09:10:00,No,4.0,1.0,-38.14861116,144.3573052,GREATER GEELONG
T20150024386,Dry,Clear,Collision with vehicle,Wednesday,Day,50,2015/11/25,17:30:00,No,2.0,1.0,-38.15749481,144.3560414,GREATER GEELONG
T20150024399,Dry,Dust,Collision with a fixed object,Wednesday,Dusk/Dawn,100,2015/11/25,19:00:00,Yes,2.0,2.0,-35.67132103,143.37117,GANNAWARRA
T20150024416,Unknown,Clear,Collision with a fixed object,Monday,Dark No street lights,80,2015/10/12,21:00:00,Yes,1.0,1.0,-38.15267957,144.0054864,SURF COAST
T20150024418,Dry,Clear,Collision with vehicle,Thursday,Dusk/Dawn,80,2015/11/26,07:05:00,No,2.0,1.0,-38.35098733,141.5877685,GLENELG
T20150024422,Wet,Clear,Collision with vehicle,Thursday,Day,60,2015/11/26,08:30:00,No,3.0,1.0,-38.59579004,145.5920694,BASS COAST
T20150024425,Wet,Raining,Collision with a fixed object,Thursday,Day,60,2015/11/26,08:15:00,No,1.0,1.0,-38.66548828,146.43533,SOUTH GIPPSLAND
T20150024433,Dry,Clear,Struck Pedestrian,Thursday,Day,50,2015/11/26,10:15:00,No,2.0,1.0,-38.14535732,144.3546412,GREATER GEELONG
T20150024437,Dry,Strong winds,Collision with vehicle,Thursday,Day,50,2015/11/26,12:08:00,No,5.0,1.0,-37.8210042,147.5973722,EAST GIPPSLAND
T20150024442,Wet,Raining,Vehicle overturned (no collision),Thursday,Day,100,2015/11/26,10:30:00,No,1.0,1.0,-38.06318151,145.932168,BAW BAW
T20150024443,Dry,Clear,Collision with a fixed object,Saturday,Day,999,2015/11/21,11:30:00,No,1.0,1.0,-37.74218026,146.8009405,WELLINGTON
T20150024445,Dry,Clear,Collision with vehicle,Wednesday,Day,60,2015/11/25,15:15:00,No,2.0,1.0,-37.82214179,147.8573896,EAST GIPPSLAND
T20150024448,Dry,Clear,Collision with vehicle,Friday,Dusk/Dawn,50,2015/11/20,19:19:00,Yes,4.0,2.0,-37.53352102,143.8233142,BALLARAT
T20150024453,Unknown,Not known,Collision with a fixed object,Sunday,Day,999,2015/11/15,14:30:00,No,1.0,1.0,-37.66617889,147.2762895,EAST GIPPSLAND
T20150024463,Dry,Clear,Collision with vehicle,Thursday,Day,50,2015/11/26,14:30:00,No,3.0,1.0,-38.18751345,146.2859769,LATROBE
T20150024480,Wet,Raining,Collision with a fixed object,Saturday,Dark No street lights,100,2015/08/08,20:30:00,Yes,1.0,1.0,-37.17441996,143.5316698,PYRENEES
T20150024481,Dry,Clear,Struck Pedestrian,Thursday,Day,100,2015/11/26,16:00:00,No,24.0,1.0,-36.63532929,146.0511588,BENALLA
T20150024487,Dry,Clear,Collision with vehicle,Thursday,Dusk/Dawn,60,2015/11/26,19:30:00,Yes,2.0,1.0,-38.07415744,144.3586475,GREATER GEELONG
T20150024490,Dry,Clear,Vehicle overturned (no collision),Thursday,Dusk/Dawn,100,2015/11/26,20:35:00,Yes,1.0,1.0,-37.02989155,146.1039483,MANSFIELD
T20150024492,Wet,Clear,Collision with a fixed object,Thursday,Day,60,2015/11/26,15:10:00,No,1.0,1.0,-38.23444997,146.4066199,LATROBE
T20150024499,Dry,Clear,Collision with a fixed object,Thursday,Dark No street lights,100,2015/11/26,21:16:00,Yes,1.0,1.0,-37.03674012,144.1046599,MOUNT ALEXANDER
T20150024501,Dry,Clear,Collision with a fixed object,Friday,Dark No street lights,110,2015/11/27,02:37:00,Yes,1.0,1.0,-37.6043393,144.2855005,MOORABOOL
T20150024531,Dry,Clear,Collision with vehicle,Friday,Day,50,2015/11/27,09:30:00,No,2.0,1.0,-37.56214036,143.8703667,BALLARAT
T20150024536,Dry,Not known,Collision with a fixed object,Friday,Day,80,2015/11/27,13:28:00,No,1.0,1.0,-37.28938905,142.9115496,ARARAT
T20150024543,Dry,Clear,Vehicle overturned (no collision),Sunday,Day,100,2015/11/22,13:30:00,No,1.0,1.0,-37.99621982,145.8151624,BAW BAW
T20150024546,Icy,Not known,Vehicle overturned (no collision),Wednesday,Dusk/Dawn,60,2015/07/15,07:45:00,No,1.0,1.0,-36.77979332,144.2502466,GREATER BENDIGO
T20150024551,Wet,Clear,Collision with a fixed object,Friday,Day,100,2015/11/27,17:00:00,No,1.0,1.0,-38.0875196,145.8721788,BAW BAW
T20150024557,Dry,Clear,Collision with vehicle,Friday,Day,100,2015/11/27,16:45:00,Yes,2.0,2.0,-36.53512809,146.7613074,ALPINE
T20150024563,Dry,Clear,Collision with vehicle,Friday,Day,60,2015/11/27,15:20:00,No,3.0,1.0,-38.23247046,146.4319452,LATROBE
T20150024566,Dry,Clear,Collision with vehicle,Friday,Dusk/Dawn,70,2015/11/27,19:25:00,Yes,3.0,2.0,-38.43907991,145.4459107,BASS COAST
T20150024572,Dry,Clear,Collision with a fixed object,Friday,Day,100,2015/11/27,17:12:00,Yes,1.0,1.0,-37.20974189,145.3757801,MURRINDINDI
T20150024580,Dry,Clear,Struck animal,Friday,Dark No street lights,100,2015/11/27,21:15:00,Yes,1.0,1.0,-38.03873041,146.6256434,LATROBE
T20150024582,Dry,Clear,Collision with vehicle,Friday,Dark Street lights on,60,2015/11/27,23:10:00,Yes,6.0,1.0,-37.58206106,143.838941,BALLARAT