Accident_No,Surface_Cond_Desc,Atmosph_Cond_Desc,Accident_Type_Desc,Day,Light_Condition_Desc,Speed_Zone,Accident_Date,Accident_Time,Alcohol_Influence,Total_Persons_Inv,Inj_Or_Fatal,Lat,Long,LGA
T20150024591,Dry,Clear,Collision with vehicle,Friday,Day,80,2015/11/27,16:00:00,Yes,6.0,2.0,-38.14570197,145.8963285,BAW BAW
T20150024597,Dry,Clear,Collision with vehicle,Saturday,Day,60,2015/11/28,11:07:00,No,5.0,1.0,-37.47378094,144.97495,MITCHELL
T20150024603,Muddy,Clear,No collision and no object struck,Saturday,Day,100,2015/11/28,10:20:00,No,1.0,1.0,-36.94277911,146.280596,MANSFIELD
T20150024616,Dry,Clear,Collision with vehicle,Saturday,Day,80,2015/11/28,13:30:00,No,4.0,2.0,-38.47277,145.2389986,BASS COAST
T20150024618,Dry,Clear,Collision with vehicle,Saturday,Day,60,2015/11/28,14:10:00,Yes,5.0,3.0,-38.52052845,145.3730593,BASS COAST
T20150024619,Dry,Clear,No collision and no object struck,Saturday,Day,100,2015/11/28,14:30:00,Yes,1.0,1.0,-37.72877069,149.2803183,EAST GIPPSLAND
T20150024627,Dry,Clear,Collision with a fixed object,Friday,Day,100,2015/11/27,18:50:00,Yes,1.0,1.0,-36.07421924,145.38524,MOIRA
T20150024651,Dry,Clear,Collision with a fixed object,Sunday,Dark Street lights on,50,2015/11/29,01:15:00,Yes,1.0,1.0,-38.18053754,144.4626233,GREATER GEELONG
T20150024652,Dry,Clear,Vehicle overturned (no collision),Sunday,Dark Street lights on,60,2015/11/29,04:00:00,No,3.0,2.0,-38.15317441,145.9284054,BAW BAW
T20150024653,Dry,Clear,Collision with a fixed object,Sunday,Dark No street lights,999,2015/11/29,02:30:00,Yes,1.0,1.0,-38.61692622,146.4027161,SOUTH GIPPSLAND
T20150024664,Dry,Clear,Collision with a fixed object,Sunday,Dark No street lights,100,2015/09/20,22:00:00,Yes,1.0,1.0,-36.63822998,143.7044896,LODDON
T20150024665,Dry,Clear,Collision with vehicle,Sunday,Dusk/Dawn,110,2015/11/29,07:15:00,Yes,3.0,2.0,-37.68539841,144.48921,MOORABOOL
T20150024675,Unknown,Not known,No collision and no object struck,Thursday,Day,999,2015/11/26,12:30:00,No,1.0,1.0,-37.51919003,144.2818101,MOORABOOL
T20150024679,Wet,Raining,Collision with vehicle,Sunday,Day,100,2015/11/29,12:35:00,No,3.0,2.0,-36.46952116,145.1589762,GREATER SHEPPARTON
T20150024682,Dry,Clear,Collision with a fixed object,Sunday,Day,100,2015/11/29,12:00:00,No,1.0,1.0,-37.34908057,146.0620486,MANSFIELD
T20150024695,Dry,Clear,Collision with a fixed object,Sunday,Day,100,2015/11/29,15:27:00,No,2.0,2.0,-37.50480089,144.7885998,MACEDON RANGES
T20150024698,Dry,Clear,Collision with a fixed object,Sunday,Day,60,2015/11/29,18:55:00,Yes,1.0,1.0,-36.31351582,145.0332588,CAMPASPE
T20150024706,Dry,Clear,Vehicle overturned (no collision),Friday,Day,100,2015/11/27,16:00:00,Yes,2.0,2.0,-37.09689,146.1323009,MANSFIELD
T20150024710,Wet,Not known,No collision and no object struck,Sunday,Dark Street lights unknown,60,2015/11/29,19:40:00,Yes,1.0,1.0,-38.19010027,146.538911,LATROBE
T20150024714,Dry,Clear,Collision with a fixed object,Sunday,Dark Street lights on,60,2015/11/29,22:30:00,Yes,1.0,1.0,-37.58338627,143.8755057,BALLARAT
T20150024723,Dry,Clear,Struck animal,Monday,Dusk/Dawn,110,2015/11/30,04:15:00,Yes,1.0,1.0,-37.66382867,144.4420602,MOORABOOL
T20150024727,Dry,Clear,Collision with vehicle,Thursday,Day,40,2015/11/19,15:10:00,No,2.0,2.0,-37.33080123,143.8247885,HEPBURN
T20150024728,Dry,Clear,Collision with vehicle,Sunday,Day,40,2015/11/29,14:10:00,No,2.0,1.0,-38.33117128,144.3192998,SURF COAST
T20150024731,Dry,Clear,No collision and no object struck,Sunday,Day,100,2015/11/29,10:30:00,No,1.0,1.0,-36.9410003,147.3314596,EAST GIPPSLAND
T20150024732,Dry,Clear,Collision with vehicle,Monday,Day,60,2015/11/30,08:50:00,No,2.0,1.0,-37.84506971,144.076977,GOLDEN PLAINS
T20150024733,Dry,Clear,Vehicle overturned (no collision),Saturday,Day,100,2015/11/28,12:45:00,No,1.0,1.0,-36.76459812,146.3608417,WANGARATTA
T20150024738,Dry,Clear,Collision with vehicle,Tuesday,Day,80,2015/11/24,06:40:00,No,2.0,2.0,-37.29047783,143.7699849,HEPBURN
T20150024739,Dry,Clear,Struck Pedestrian,Monday,Day,50,2015/11/30,08:26:00,No,2.0,1.0,-38.19005671,146.5583693,LATROBE
T20150024741,Unknown,Clear,Collision with a fixed object,Friday,Day,100,2015/11/27,18:00:00,Yes,1.0,1.0,-37.43483003,144.9776807,MITCHELL
T20150024755,Dry,Clear,Vehicle overturned (no collision),Monday,Dusk/Dawn,100,2015/11/30,06:15:00,No,1.0,1.0,-37.90542349,141.1311069,GLENELG
T20150024757,Dry,Clear,Collision with vehicle,Monday,Day,100,2015/11/30,08:05:00,No,3.0,3.0,-36.23912032,145.53162,GREATER SHEPPARTON
T20150024759,Unknown,Not known,Collision with a fixed object,Friday,Unknown,999,2015/10/16,08:30:00,No,3.0,1.0,-38.20760813,144.2731007,GREATER GEELONG
T20150024771,Dry,Clear,Collision with a fixed object,Monday,Day,100,2015/11/30,14:45:00,No,1.0,1.0,-37.59950015,143.7650202,GOLDEN PLAINS
T20150024772,Dry,Clear,Collision with vehicle,Thursday,Day,50,2015/11/12,16:30:00,No,2.0,1.0,-38.15574003,144.3710501,GREATER GEELONG
T20150024775,Dry,Clear,Collision with vehicle,Tuesday,Day,50,2015/11/24,12:30:00,No,2.0,1.0,-38.16285815,144.3541894,GREATER GEELONG
T20150024791,Dry,Clear,Collision with a fixed object,Monday,Day,60,2015/11/30,18:00:00,Yes,1.0,1.0,-36.69930063,144.3237323,GREATER BENDIGO
T20150024807,Dry,Clear,Collision with vehicle,Sunday,Day,100,2015/11/15,08:25:00,Yes,2.0,1.0,-36.48386961,145.3170782,GREATER SHEPPARTON
T20150024828,Dry,Clear,Collision with a fixed object,Sunday,Day,90,2015/11/29,12:30:00,No,3.0,3.0,-37.25594038,145.3647711,MURRINDINDI
T20150024830,Dry,Clear,Collision with a fixed object,Wednesday,Day,100,2015/11/25,12:30:00,No,1.0,1.0,-37.43175997,143.3402917,PYRENEES
T20150024838,Dry,Clear,Collision with a fixed object,Tuesday,Day,80,2015/12/01,12:00:00,No,1.0,1.0,-37.6036203,143.8558697,BALLARAT
T20150024847,Dry,Clear,Struck animal,Tuesday,Day,80,2015/12/01,14:30:00,No,1.0,1.0,-36.28401224,145.11353,CAMPASPE
T20150024849,Dry,Clear,Collision with a fixed object,Tuesday,Day,60,2015/12/01,13:30:00,No,1.0,1.0,-38.21806787,146.1551423,BAW BAW
T20150024859,Dry,Clear,Vehicle overturned (no collision),Sunday,Day,80,2015/09/13,14:30:00,No,2.0,2.0,-38.04532037,145.956059,BAW BAW
T20150024867,Dry,Clear,Collision with vehicle,Tuesday,Day,100,2015/12/01,16:15:00,No,2.0,1.0,-36.47272999,145.0318733,CAMPASPE
T20150024869,Unknown,Not known,Collision with a fixed object,Sunday,Dark No street lights,100,2015/11/01,06:00:00,Yes,1.0,1.0,-38.36913123,146.1023176,SOUTH GIPPSLAND
T20150024883,Dry,Clear,Collision with a fixed object,Tuesday,Dusk/Dawn,100,2015/12/01,19:00:00,Yes,1.0,1.0,-35.64916292,143.8389569,GANNAWARRA
T20150024899,Dry,Clear,Collision with vehicle,Tuesday,Day,50,2015/12/01,17:00:00,No,2.0,1.0,-36.12596871,146.8838255,WODONGA
T20150024909,Dry,Clear,Collision with a fixed object,Saturday,Day,70,2015/03/21,14:00:00,Yes,6.0,1.0,-38.18484748,144.3325962,GREATER GEELONG
T20150024910,Dry,Clear,Collision with vehicle,Wednesday,Day,50,2015/12/02,12:30:00,No,2.0,1.0,-36.76925302,144.2755502,GREATER BENDIGO
T20150024924,Dry,Clear,Collision with a fixed object,Wednesday,Dusk/Dawn,100,2015/10/28,17:35:00,No,1.0,1.0,-36.98935234,145.7365358,MANSFIELD
T20150024933,Dry,Clear,Collision with vehicle,Wednesday,Day,100,2015/12/02,15:00:00,No,3.0,2.0,-38.34784563,142.2873561,MOYNE
T20150024943,Dry,Clear,Collision with vehicle,Wednesday,Dusk/Dawn,999,2015/12/02,17:40:00,No,2.0,1.0,-37.5588537,143.8583285,BALLARAT
T20150024945,Dry,Clear,No collision and no object struck,Saturday,Day,60,2015/11/28,14:30:00,Yes,1.0,1.0,-37.92968011,146.4504041,BAW BAW
T20150024946,Unknown,Not known,Collision with vehicle,Monday,Unknown,60,2015/11/23,09:00:00,No,2.0,1.0,-38.15461954,144.3512523,GREATER GEELONG
T20150024974,Dry,Clear,Vehicle overturned (no collision),Thursday,Dark No street lights,110,2015/12/03,03:15:00,Yes,2.0,1.0,-38.20578579,146.3089093,LATROBE
T20150024979,Dry,Clear,Collision with vehicle,Thursday,Day,100,2015/12/03,07:45:00,No,2.0,2.0,-36.81744111,145.1947096,STRATHBOGIE
T20150024989,Dry,Clear,Collision with vehicle,Thursday,Day,60,2015/12/03,10:15:00,No,2.0,1.0,-36.74356635,144.274233,GREATER BENDIGO
T20150024994,Dry,Clear,Collision with a fixed object,Thursday,Day,100,2015/12/03,10:50:00,No,1.0,1.0,-36.44746674,146.0534579,BENALLA
T20150024995,Dry,Clear,Vehicle overturned (no collision),Tuesday,Day,80,2015/11/03,12:00:00,No,2.0,1.0,-37.90425372,146.1835872,BAW BAW
T20150025013,Unknown,Not known,Collision with vehicle,Friday,Unknown,60,2015/11/27,16:00:00,Yes,2.0,1.0,-38.32227276,144.3183001,SURF COAST
T20150025015,Dry,Clear,Collision with vehicle,Thursday,Day,50,2015/12/03,12:35:00,No,3.0,2.0,-36.75586658,144.2651054,GREATER BENDIGO
T20150025018,Dry,Clear,Collision with vehicle,Thursday,Day,100,2015/12/03,15:10:00,No,2.0,1.0,-36.17282033,147.0351784,WODONGA
T20150025031,Muddy,Clear,No collision and no object struck,Thursday,Day,60,2015/12/03,14:30:00,No,1.0,1.0,-37.46887208,145.4218095,MURRINDINDI
T20150025033,Dry,Clear,Collision with a fixed object,Thursday,Dusk/Dawn,60,2015/12/03,19:20:00,Yes,2.0,2.0,-38.72169413,143.7217142,COLAC OTWAY
T20150025035,Dry,Clear,Collision with vehicle,Thursday,Day,50,2015/12/03,18:50:00,Yes,2.0,1.0,-36.36067002,145.3940761,GREATER SHEPPARTON
T20150025037,Dry,Clear,Collision with vehicle,Thursday,Day,50,2015/12/03,16:30:00,No,4.0,3.0,-37.67720855,144.4323484,MOORABOOL
T20150025068,Dry,Clear,Collision with vehicle,Friday,Day,60,2015/12/04,12:10:00,No,3.0,3.0,-36.74703946,144.2869246,GREATER BENDIGO
T20150025072,Dry,Clear,Collision with vehicle,Friday,Day,60,2015/12/04,11:55:00,No,4.0,2.0,-37.55967811,143.8390424,BALLARAT
T20150025083,Dry,Clear,Collision with vehicle,Friday,Day,100,2015/12/04,10:45:00,No,2.0,2.0,-38.41918349,143.3981738,COLAC OTWAY
T20150025095,Dry,Clear,Collision with a fixed object,Friday,Day,100,2015/12/04,12:50:00,No,2.0,1.0,-38.21925006,146.10963,BAW BAW
T20150025097,Dry,Clear,Collision with vehicle,Friday,Day,60,2015/12/04,15:40:00,No,3.0,1.0,-36.7806861,144.2538134,GREATER BENDIGO
T20150025098,Dry,Clear,Collision with vehicle,Friday,Day,60,2015/12/04,15:25:00,No,3.0,1.0,-38.19162056,146.5525244,LATROBE
T20150025099,Dry,Not known,Collision with vehicle,Wednesday,Day,50,2015/11/25,15:35:00,No,3.0,1.0,-36.79423983,144.2444977,GREATER BENDIGO
T20150025101,Dry,Clear,Collision with vehicle,Wednesday,Day,60,2015/12/02,16:50:00,No,2.0,1.0,-38.38363486,142.4928156,WARRNAMBOOL
T20150025105,Dry,Clear,Collision with vehicle,Friday,Day,50,2015/12/04,15:40:00,No,2.0,1.0,-38.34974301,141.5910885,GLENELG
T20150025107,Dry,Clear,Collision with vehicle,Friday,Day,100,2015/12/04,13:55:00,No,2.0,1.0,-37.51489804,148.1678078,EAST GIPPSLAND
T20150025112,Dry,Clear,Collision with vehicle,Friday,Day,100,2015/12/04,16:10:00,Yes,2.0,1.0,-38.31533056,143.7309996,COLAC OTWAY
T20150025122,Dry,Clear,Fall from or in moving vehicle,Friday,Day,50,2015/12/04,18:00:00,Yes,2.0,1.0,-36.3904936,145.4129796,GREATER SHEPPARTON
T20150025128,Dry,Clear,Collision with a fixed object,Sunday,Dusk/Dawn,100,2015/10/18,20:30:00,Yes,1.0,1.0,-36.80978995,145.4202903,STRATHBOGIE
T20150025137,Dry,Clear,Vehicle overturned (no collision),Friday,Dark Street lights on,60,2015/12/04,22:05:00,Yes,1.0,1.0,-38.17129358,144.3479393,GREATER GEELONG
T20150025141,Dry,Clear,Struck Pedestrian,Friday,Dark Street lights on,60,2015/12/04,23:40:00,Yes,2.0,1.0,-37.82183377,147.6040592,EAST GIPPSLAND
T20150025147,Dry,Clear,Collision with a fixed object,Saturday,Dark No street lights,100,2015/12/05,01:55:00,Yes,2.0,2.0,-38.27666053,146.0393494,BAW BAW
T20150025157,Dry,Clear,Vehicle overturned (no collision),Friday,Day,100,2015/12/04,13:20:00,No,1.0,1.0,-38.20842133,146.1300598,BAW BAW
T20150025171,Dry,Not known,Vehicle overturned (no collision),Saturday,Day,80,2015/12/05,11:00:00,No,1.0,1.0,-34.12767211,142.0070092,MILDURA
T20150025172,Dry,Clear,Vehicle overturned (no collision),Saturday,Day,40,2015/12/05,08:00:00,Yes,5.0,5.0,-38.00107134,143.0779201,CORANGAMITE
T20150025180,Dry,Clear,Collision with vehicle,Saturday,Day,100,2015/12/05,10:10:00,No,3.0,1.0,-38.66183433,145.9295858,SOUTH GIPPSLAND
T20150025186,Dry,Clear,Collision with a fixed object,Friday,Dark No street lights,100,2015/12/04,21:00:00,Yes,2.0,2.0,-36.53693086,145.90848,BENALLA
T20150025189,Dry,Clear,Collision with vehicle,Saturday,Day,50,2015/12/05,13:50:00,No,4.0,1.0,-36.01502343,146.0086227,MOIRA
T20150025190,Dry,Clear,Vehicle overturned (no collision),Saturday,Dark No street lights,50,2015/11/28,21:30:00,Yes,1.0,1.0,-36.74184256,144.3060489,GREATER BENDIGO
T20150025197,Dry,Clear,Collision with a fixed object,Wednesday,Day,80,2015/12/02,18:30:00,Yes,1.0,1.0,-37.13226226,147.5144327,EAST GIPPSLAND
T20150025198,Dry,Clear,Collision with a fixed object,Saturday,Day,100,2015/12/05,17:00:00,Yes,2.0,2.0,-38.25466322,143.1944094,CORANGAMITE
T20150025206,Dry,Clear,Struck animal,Sunday,Day,999,2015/11/29,13:00:00,No,1.0,1.0,-37.52103145,144.3217175,MOORABOOL
T20150025207,Dry,Clear,Collision with a fixed object,Saturday,Day,100,2015/12/05,15:10:00,Yes,1.0,1.0,-36.99224882,145.1580625,MITCHELL
T20150025213,Dry,Clear,Collision with vehicle,Saturday,Day,80,2015/12/05,17:02:00,Yes,4.0,4.0,-34.239605,142.1756834,MILDURA
T20150025221,Dry,Clear,No collision and no object struck,Saturday,Day,999,2015/12/05,14:00:00,Yes,1.0,1.0,-37.8881495,145.9891103,BAW BAW
T20150025223,Dry,Clear,Collision with a fixed object,Saturday,Dusk/Dawn,100,2015/12/05,20:14:00,Yes,2.0,2.0,-36.18649944,147.0058307,WODONGA
T20150025227,Dry,Clear,Collision with vehicle,Saturday,Day,50,2015/12/05,16:10:00,Yes,3.0,3.0,-36.11919686,146.8495699,WODONGA
T20150025228,Dry,Clear,Vehicle overturned (no collision),Sunday,Day,100,2015/12/06,06:00:00,Yes,2.0,1.0,-36.26089051,144.7406916,CAMPASPE
T20150025248,Dry,Clear,Collision with a fixed object,Sunday,Day,100,2015/12/06,10:40:00,No,1.0,1.0,-37.50189052,144.7700308,MACEDON RANGES
T20150025255,Dry,Clear,Collision with a fixed object,Saturday,Dark No street lights,100,2015/12/05,23:00:00,Yes,1.0,1.0,-37.43889613,144.8240107,MACEDON RANGES
T20150025258,Dry,Clear,Collision with a fixed object,Sunday,Day,100,2015/12/06,14:40:00,No,1.0,1.0,-37.12119508,144.7683578,MITCHELL
T20150025261,Dry,Clear,Fall from or in moving vehicle,Friday,Dusk/Dawn,999,2015/12/04,19:30:00,Yes,1.0,1.0,-37.13921124,146.5432917,MANSFIELD
T20150025270,Dry,Clear,Collision with vehicle,Sunday,Day,100,2015/12/06,13:15:00,No,4.0,4.0,-36.56113916,144.5661578,GREATER BENDIGO
T20150025272,Dry,Clear,Vehicle overturned (no collision),Sunday,Day,100,2015/12/06,17:30:00,Yes,3.0,2.0,-35.99513317,145.9224,MOIRA
T20150025285,Dry,Clear,Collision with vehicle,Sunday,Day,60,2015/12/06,16:10:00,Yes,2.0,2.0,-36.38522752,145.3985013,GREATER SHEPPARTON
T20150025287,Dry,Clear,Collision with vehicle,Sunday,Dark Street lights on,60,2015/12/06,22:58:00,Yes,1.0,1.0,-37.55570057,143.855894,BALLARAT
T20150025290,Dry,Clear,Collision with vehicle,Thursday,Day,60,2015/12/03,15:45:00,No,2.0,1.0,-38.36625427,142.494246,WARRNAMBOOL
T20150025292,Dry,Clear,Collision with a fixed object,Monday,Dark Street lights on,50,2015/12/07,03:55:00,Yes,2.0,1.0,-36.36702998,145.4179266,GREATER SHEPPARTON
T20150025309,Dry,Clear,Collision with vehicle,Monday,Day,100,2015/12/07,07:15:00,No,2.0,2.0,-36.98640752,142.6429612,NORTHERN GRAMPIANS
T20150025319,Dry,Clear,No collision and no object struck,Saturday,Day,999,2015/11/21,15:30:00,Yes,1.0,1.0,-36.52142861,147.9253493,TOWONG
T20150025321,Dry,Clear,Collision with vehicle,Monday,Day,60,2015/12/07,12:28:00,No,6.0,1.0,-37.04366976,143.740356,CENTRAL GOLDFIELDS
T20150025322,Dry,Clear,No collision and no object struck,Saturday,Day,100,2015/12/05,14:30:00,Yes,1.0,1.0,-37.5287819,145.4369936,MURRINDINDI
T20150025327,Dry,Clear,Collision with vehicle,Sunday,Day,70,2015/12/06,10:10:00,No,2.0,2.0,-38.18081181,144.3504384,GREATER GEELONG
T20150025331,Wet,Clear,Collision with a fixed object,Thursday,Dusk/Dawn,60,2015/11/05,07:08:00,No,1.0,1.0,-37.51955577,143.8189663,BALLARAT
T20150025333,Dry,Clear,Collision with vehicle,Sunday,Day,80,2015/12/06,14:20:00,No,4.0,1.0,-34.60152914,142.771666,SWAN HILL
T20150025334,Unknown,Not known,Collision with vehicle,Monday,Day,50,2015/12/07,10:10:00,No,2.0,1.0,-36.7493712,144.2910624,GREATER BENDIGO
T20150025340,Dry,Clear,Collision with vehicle,Monday,Day,100,2015/12/07,13:25:00,No,4.0,1.0,-37.51140903,143.7060872,BALLARAT
T20150025375,Dry,Clear,Vehicle overturned (no collision),Monday,Day,100,2015/12/07,17:00:00,No,1.0,1.0,-37.79137473,144.4714167,MOORABOOL
T20150025376,Dry,Clear,Collision with vehicle,Monday,Day,100,2015/12/07,18:05:00,Yes,2.0,2.0,-34.21587377,142.043881,MILDURA
T20150025384,Wet,Raining,Collision with a fixed object,Tuesday,Dusk/Dawn,100,2015/12/08,05:30:00,Yes,1.0,1.0,-37.54358015,142.7246701,ARARAT
T20150025385,Dry,Clear,Collision with a fixed object,Tuesday,Dark No street lights,60,2015/12/08,01:30:00,Yes,1.0,1.0,-38.24339777,144.1657599,SURF COAST
T20150025387,Wet,Raining,Vehicle overturned (no collision),Tuesday,Day,100,2015/12/08,07:15:00,No,1.0,1.0,-38.25423619,143.2472788,CORANGAMITE
T20150025397,Dry,Clear,Collision with vehicle,Tuesday,Day,60,2015/12/08,07:55:00,No,2.0,1.0,-34.19393528,142.1418574,MILDURA
T20150025410,Dry,Dust,collision with some other object,Tuesday,Day,100,2015/12/08,10:00:00,No,1.0,1.0,-36.17875684,147.278233,TOWONG
T20150025413,Unknown,Not known,Struck Pedestrian,Wednesday,Day,50,2015/12/02,09:30:00,No,2.0,1.0,-37.52097345,143.8331593,BALLARAT
T20150025417,Unknown,Clear,No collision and no object struck,Tuesday,Day,999,2015/12/08,09:30:00,No,1.0,1.0,-37.11123883,146.3728128,MANSFIELD
T20150025435,Dry,Clear,Collision with vehicle,Tuesday,Day,80,2015/12/08,13:50:00,No,5.0,1.0,-38.51652935,145.3429335,BASS COAST
T20150025440,Wet,Clear,Collision with a fixed object,Tuesday,Day,100,2015/12/08,14:45:00,No,2.0,2.0,-36.38673,145.3134605,GREATER SHEPPARTON
T20150025469,Dry,Clear,Collision with a fixed object,Wednesday,Dark No street lights,100,2015/12/09,04:55:00,Yes,2.0,1.0,-36.19752002,144.9481874,CAMPASPE
T20150025472,Dry,Clear,No collision and no object struck,Saturday,Day,80,2015/11/14,15:00:00,Yes,1.0,1.0,-38.46228009,145.6402406,BASS COAST
T20150025481,Dry,Clear,No collision and no object struck,Monday,Day,100,2015/12/07,15:25:00,No,1.0,1.0,-35.11547879,143.3508342,SWAN HILL
T20150025483,Dry,Clear,Collision with vehicle,Wednesday,Day,50,2015/12/09,07:00:00,No,2.0,1.0,-35.33256854,143.5487719,SWAN HILL
T20150025485,Unknown,Dust,Vehicle overturned (no collision),Sunday,Day,80,2015/11/29,14:00:00,No,1.0,1.0,-37.50158954,145.845191,MURRINDINDI
T20150025486,Unknown,Not known,No collision and no object struck,Saturday,Day,999,2015/11/14,14:30:00,Yes,1.0,1.0,-38.18750817,143.479438,COLAC OTWAY
T20150025496,Dry,Clear,Collision with vehicle,Wednesday,Day,100,2015/12/09,09:00:00,No,2.0,2.0,-36.93680013,145.7275965,MANSFIELD
T20150025497,Dry,Clear,Collision with vehicle,Wednesday,Day,40,2015/12/09,08:45:00,No,2.0,1.0,-38.09592713,147.0683786,WELLINGTON
T20150025500,Dry,Clear,Collision with a fixed object,Wednesday,Day,100,2015/12/09,10:45:00,No,5.0,2.0,-38.22697962,141.7514487,GLENELG
T20150025504,Dry,Clear,Collision with a fixed object,Sunday,Day,100,2015/07/12,16:00:00,Yes,1.0,1.0,-37.75270236,142.0496934,SOUTHERN GRAMPIANS
T20150025510,Dry,Clear,Collision with a fixed object,Wednesday,Day,100,2015/12/09,12:50:00,No,1.0,1.0,-36.13534703,145.5067905,MOIRA
T20150025511,Dry,Not known,Collision with vehicle,Friday,Day,60,2015/11/06,12:10:00,No,3.0,2.0,-36.7192096,144.2532392,GREATER BENDIGO
T20150025518,Dry,Clear,Collision with vehicle,Monday,Day,100,2015/12/07,11:00:00,No,3.0,3.0,-36.42951953,145.1137109,GREATER SHEPPARTON
T20150025524,Wet,Raining,Collision with vehicle,Thursday,Day,60,2015/11/05,08:45:00,No,4.0,1.0,-38.16651195,144.3517838,GREATER GEELONG
T20150025528,Dry,Clear,Collision with a fixed object,Wednesday,Day,100,2015/12/09,15:55:00,No,1.0,1.0,-35.88003701,145.555262,MOIRA
T20150025541,Dry,Clear,Collision with vehicle,Wednesday,Dark No street lights,70,2015/12/09,18:10:00,Yes,6.0,1.0,-37.54495956,143.7934403,BALLARAT
T20150025546,Dry,Clear,Collision with a fixed object,Wednesday,Dusk/Dawn,100,2015/12/09,19:30:00,Yes,1.0,1.0,-38.65295165,146.3118238,SOUTH GIPPSLAND
T20150025547,Dry,Clear,Collision with vehicle,Wednesday,Dusk/Dawn,70,2015/12/09,19:20:00,Yes,2.0,1.0,-36.94002844,144.7223015,GREATER BENDIGO
T20150025554,Dry,Clear,Collision with vehicle,Wednesday,Dusk/Dawn,60,2015/12/09,21:00:00,Yes,4.0,2.0,-37.56054224,143.8444444,BALLARAT
T20150025572,Dry,Clear,Collision with vehicle,Wednesday,Day,60,2015/12/02,16:40:00,No,3.0,1.0,-36.73788035,144.2639834,GREATER BENDIGO
T20150025576,Dry,Clear,Collision with vehicle,Thursday,Day,60,2015/12/03,18:30:00,Yes,2.0,1.0,-36.77324747,144.3052157,GREATER BENDIGO
T20150025591,Dry,Clear,Struck animal,Friday,Day,100,2015/12/04,11:00:00,No,1.0,1.0,-36.79708066,147.7152579,EAST GIPPSLAND
T20150025603,Dry,Clear,Collision with vehicle,Thursday,Day,80,2015/12/10,09:45:00,No,2.0,1.0,-37.47208458,144.6055844,MACEDON RANGES
T20150025611,Dry,Clear,Collision with vehicle,Monday,Day,80,2015/10/26,14:40:00,No,5.0,1.0,-36.31350539,145.07252,CAMPASPE
T20150025612,Unknown,Not known,Collision with vehicle,Monday,Day,999,2015/11/30,15:30:00,No,2.0,1.0,-36.75405955,144.2201822,GREATER BENDIGO
T20150025616,Dry,Clear,Collision with vehicle,Thursday,Day,50,2015/12/10,13:30:00,No,2.0,1.0,-38.07291902,144.3483937,GREATER GEELONG
T20150025633,Dry,Clear,Collision with vehicle,Thursday,Day,80,2015/12/10,17:25:00,No,3.0,2.0,-37.52610864,143.8106924,BALLARAT
T20150025638,Dry,Clear,No collision and no object struck,Thursday,Day,50,2015/12/10,17:50:00,No,2.0,1.0,-35.33833957,143.5608659,SWAN HILL
T20150025652,Dry,Clear,Collision with a fixed object,Thursday,Dusk/Dawn,100,2015/12/10,19:20:00,Yes,1.0,1.0,-37.12295944,145.2212842,MITCHELL
T20150025653,Dry,Clear,Collision with a fixed object,Thursday,Dusk/Dawn,100,2015/12/10,19:30:00,Yes,1.0,1.0,-37.24659093,144.7236279,MACEDON RANGES
T20150025656,Dry,Clear,Collision with a fixed object,Thursday,Day,80,2015/12/10,14:40:00,No,2.0,2.0,-36.41011998,145.4318435,GREATER SHEPPARTON
T20150025663,Dry,Clear,Collision with vehicle,Thursday,Dusk/Dawn,110,2015/12/10,19:30:00,Yes,2.0,2.0,-36.84699932,145.3470196,STRATHBOGIE
T20150025673,Dry,Not known,Collision with a fixed object,Thursday,Dark No street lights,999,2015/12/10,23:59:00,Yes,1.0,1.0,-37.81334979,147.68459,EAST GIPPSLAND
T20150025677,Dry,Clear,Collision with a fixed object,Thursday,Day,50,2015/12/10,11:25:00,No,1.0,1.0,-38.10319067,147.0304986,WELLINGTON
T20150025679,Dry,Clear,Struck Pedestrian,Thursday,Day,60,2015/12/10,10:55:00,No,2.0,1.0,-38.16136747,145.9395422,BAW BAW
T20150025682,Dry,Clear,No collision and no object struck,Friday,Day,100,2015/12/11,08:55:00,No,1.0,1.0,-36.63272976,144.1603704,GREATER BENDIGO
T20150025688,Dry,Clear,Collision with a fixed object,Saturday,Day,999,2015/10/17,13:00:00,No,1.0,1.0,-38.05901867,146.0858129,BAW BAW
T20150025697,Dry,Clear,Collision with vehicle,Thursday,Day,60,2015/11/26,10:45:00,No,2.0,1.0,-38.15662862,145.9187558,BAW BAW
T20150025712,Dry,Clear,Collision with a fixed object,Friday,Day,60,2015/12/11,12:41:00,No,2.0,1.0,-38.14347863,144.3163596,GREATER GEELONG
T20150025717,Wet,Raining,Collision with vehicle,Friday,Day,50,2015/12/11,12:30:00,No,3.0,1.0,-38.17443218,144.5690727,GREATER GEELONG
T20150025742,Dry,Clear,Collision with a fixed object,Friday,Day,100,2015/12/04,06:45:00,No,2.0,1.0,-36.9379715,145.6730495,MANSFIELD
T20150025745,Dry,Clear,Collision with vehicle,Friday,Day,80,2015/12/11,15:20:00,No,2.0,1.0,-38.51468078,145.34959,BASS COAST
T20150025774,Dry,Clear,Collision with vehicle,Friday,Day,50,2015/12/11,09:15:00,No,2.0,1.0,-37.25020055,144.4530419,MACEDON RANGES
T20150025775,Dry,Clear,Collision with vehicle,Friday,Dark Street lights unknown,50,2015/10/30,22:00:00,Yes,4.0,3.0,-36.71783821,142.1997291,HORSHAM
T20150025778,Dry,Clear,Collision with vehicle,Saturday,Day,100,2015/12/12,08:42:00,No,6.0,6.0,-36.25648148,144.5901138,CAMPASPE