Accident_No,Surface_Cond_Desc,Atmosph_Cond_Desc,Accident_Type_Desc,Day,Light_Condition_Desc,Speed_Zone,Accident_Date,Accident_Time,Alcohol_Influence,Total_Persons_Inv,Inj_Or_Fatal,Lat,Long,LGA
T20150025788,Dry,Clear,Collision with vehicle,Wednesday,Day,60,2015/12/09,08:30:00,No,2.0,1.0,-34.21099073,142.1413662,MILDURA
T20150025790,Dry,Clear,Collision with vehicle,Saturday,Day,60,2015/12/12,12:40:00,No,4.0,2.0,-38.09871624,144.3541055,GREATER GEELONG
T20150025794,Dry,Clear,Vehicle overturned (no collision),Saturday,Day,80,2015/12/12,11:50:00,No,1.0,1.0,-36.35963149,145.4312949,GREATER SHEPPARTON
T20150025805,Dry,Clear,Collision with vehicle,Saturday,Day,100,2015/12/12,16:20:00,Yes,2.0,2.0,-38.28895408,142.3399792,MOYNE
T20150025806,Dry,Clear,Struck Pedestrian,Friday,Day,50,2015/12/11,15:30:00,No,2.0,1.0,-38.19153042,146.2488099,LATROBE
T20150025814,Dry,Clear,Collision with vehicle,Saturday,Day,50,2015/12/12,18:50:00,Yes,2.0,1.0,-36.77831032,144.2429144,GREATER BENDIGO
T20150025816,Dry,Clear,Collision with vehicle,Saturday,Day,60,2015/12/12,14:20:00,Yes,3.0,3.0,-37.34845603,144.5370072,MACEDON RANGES
T20150025820,Dry,Clear,Collision with vehicle,Saturday,Dusk/Dawn,60,2015/12/12,20:05:00,Yes,3.0,1.0,-36.78535524,144.2466732,GREATER BENDIGO
T20150025822,Dry,Clear,Collision with a fixed object,Wednesday,Day,100,2015/12/09,12:40:00,No,1.0,1.0,-36.37246508,145.21032,GREATER SHEPPARTON
T20150025827,Dry,Clear,Struck Pedestrian,Sunday,Dark No street lights,50,2015/12/13,00:20:00,Yes,3.0,1.0,-38.27795957,144.4933963,GREATER GEELONG
T20150025846,Dry,Clear,No collision and no object struck,Saturday,Day,100,2015/12/12,13:20:00,No,1.0,1.0,-36.97709934,147.4893001,EAST GIPPSLAND
T20150025863,Dry,Clear,Collision with vehicle,Sunday,Day,50,2015/12/13,11:23:00,No,3.0,1.0,-36.3788545,145.4062934,GREATER SHEPPARTON
T20150025867,Dry,Clear,Collision with a fixed object,Sunday,Day,80,2015/12/13,14:15:00,No,1.0,1.0,-37.54890148,145.4886287,MURRINDINDI
T20150025870,Dry,Clear,Collision with a fixed object,Sunday,Day,40,2015/12/13,14:55:00,No,2.0,2.0,-38.64130034,143.6999099,COLAC OTWAY
T20150025875,Dry,Clear,Collision with a fixed object,Friday,Dusk/Dawn,100,2015/04/24,12:17:00,No,2.0,1.0,-38.38836618,142.8364093,MOYNE
T20150025878,Dry,Clear,Collision with vehicle,Sunday,Day,80,2015/12/13,18:40:00,Yes,4.0,2.0,-36.39900371,145.4466997,GREATER SHEPPARTON
T20150025897,Dry,Clear,Vehicle overturned (no collision),Sunday,Dusk/Dawn,100,2015/12/13,19:55:00,Yes,2.0,2.0,-36.88398393,144.4757187,GREATER BENDIGO
T20150025902,Dry,Clear,Collision with vehicle,Monday,Day,60,2015/12/14,08:00:00,No,5.0,3.0,-36.71200999,142.204892,HORSHAM
T20150025911,Dry,Clear,Collision with vehicle,Sunday,Dusk/Dawn,60,2015/12/13,19:10:00,Yes,2.0,1.0,-36.36839402,145.4158081,GREATER SHEPPARTON
T20150025914,Dry,Clear,Collision with vehicle,Tuesday,Dark Street lights on,60,2015/11/03,21:25:00,Yes,3.0,2.0,-36.76919911,144.2644185,GREATER BENDIGO
T20150025920,Dry,Clear,Struck Pedestrian,Friday,Day,999,2015/12/11,15:33:00,No,2.0,1.0,-35.92099965,145.64856,MOIRA
T20150025921,Dry,Not known,Vehicle overturned (no collision),Sunday,Day,60,2015/12/13,10:30:00,No,1.0,1.0,-38.32490978,144.1523137,SURF COAST
T20150025922,Dry,Clear,Collision with vehicle,Monday,Day,110,2015/12/14,10:50:00,No,2.0,1.0,-37.28423995,145.0555592,MITCHELL
T20150025923,Unknown,Not known,Struck animal,Saturday,Dusk/Dawn,999,2015/11/21,06:00:00,Yes,1.0,1.0,-36.25483822,146.8579615,INDIGO
T20150025926,Dry,Clear,No collision and no object struck,Thursday,Day,100,2015/11/19,12:00:00,No,1.0,1.0,-38.00175094,146.0465494,BAW BAW
T20150025928,Dry,Clear,Collision with a fixed object,Monday,Day,100,2015/12/14,10:09:00,No,1.0,1.0,-37.89734045,146.7978982,WELLINGTON
T20150025940,Dry,Clear,Collision with vehicle,Monday,Day,60,2015/12/14,07:55:00,No,3.0,1.0,-38.15393709,144.3758913,GREATER GEELONG
T20150025942,Dry,Not known,Collision with vehicle,Monday,Day,60,2015/12/14,15:50:00,No,4.0,2.0,-38.3080046,146.4171901,LATROBE
T20150025946,Unknown,Not known,collision with some other object,Thursday,Day,999,2015/11/19,17:00:00,No,1.0,1.0,-37.45241958,146.7108581,WELLINGTON
T20150025949,Dry,Clear,Collision with vehicle,Monday,Day,100,2015/12/14,11:50:00,No,2.0,2.0,-37.24267927,144.737146,MACEDON RANGES
T20150025950,Dry,Clear,Collision with vehicle,Friday,Dark Street lights on,50,2015/09/25,22:00:00,Yes,3.0,1.0,-38.13358197,144.334069,GREATER GEELONG
T20150025959,Dry,Clear,Collision with a fixed object,Saturday,Day,999,2015/11/14,12:15:00,No,1.0,1.0,-38.11360483,146.0549988,BAW BAW
T20150025964,Dry,Clear,Collision with a fixed object,Monday,Day,100,2015/12/14,18:30:00,Yes,1.0,1.0,-37.43655042,144.8721738,MACEDON RANGES
T20150025965,Dry,Clear,Collision with vehicle,Sunday,Day,60,2015/11/22,08:38:00,Yes,5.0,1.0,-38.15342512,144.357908,GREATER GEELONG
T20150025967,Dry,Clear,Collision with vehicle,Monday,Day,100,2015/12/14,18:33:00,Yes,3.0,2.0,-37.27084035,144.7193365,MACEDON RANGES
T20150025971,Dry,Clear,Collision with vehicle,Monday,Day,60,2015/12/14,17:18:00,No,4.0,1.0,-34.18934271,142.1712333,MILDURA
T20150025982,Dry,Clear,No collision and no object struck,Monday,Day,100,2015/11/16,16:00:00,No,1.0,1.0,-36.16932002,144.8137152,CAMPASPE
T20150025983,Dry,Clear,Collision with vehicle,Monday,Day,80,2015/12/14,15:45:00,No,2.0,1.0,-34.24733156,142.1843148,MILDURA
T20150026002,Dry,Clear,Vehicle overturned (no collision),Saturday,Dusk/Dawn,50,2015/11/21,20:30:00,Yes,1.0,1.0,-36.75879034,144.2804095,GREATER BENDIGO
T20150026003,Dry,Clear,Collision with a fixed object,Monday,Day,100,2015/12/14,13:50:00,No,1.0,1.0,-38.45293694,143.0917095,CORANGAMITE
T20150026010,Dry,Clear,Struck Pedestrian,Tuesday,Day,50,2015/12/15,11:50:00,No,2.0,1.0,-36.77280848,144.3055368,GREATER BENDIGO
T20150026026,Dry,Clear,Collision with a fixed object,Tuesday,Dusk/Dawn,110,2015/12/15,05:30:00,Yes,1.0,1.0,-35.66714899,143.0369612,BULOKE
T20150026035,Dry,Clear,Vehicle overturned (no collision),Tuesday,Day,100,2015/12/15,14:20:00,No,1.0,1.0,-38.02687905,143.6102505,CORANGAMITE
T20150026041,Wet,Raining,Collision with vehicle,Thursday,Day,70,2015/11/05,09:50:00,No,2.0,1.0,-38.15172483,144.351973,GREATER GEELONG
T20150026080,Dry,Clear,Collision with vehicle,Monday,Day,50,2015/12/14,15:30:00,No,2.0,1.0,-38.164561,145.9420181,BAW BAW
T20150026102,Dry,Clear,Collision with vehicle,Tuesday,Day,100,2015/12/15,11:00:00,No,2.0,1.0,-37.42124753,145.0226229,MITCHELL
T20150026106,Dry,Clear,Collision with vehicle,Tuesday,Day,60,2015/12/15,17:30:00,No,4.0,1.0,-38.15692681,144.3703458,GREATER GEELONG
T20150026108,Dry,Clear,Vehicle overturned (no collision),Tuesday,Day,100,2015/12/15,15:00:00,No,1.0,1.0,-38.04263019,140.9956799,GLENELG
T20150026112,Dry,Not known,Struck Pedestrian,Tuesday,Day,50,2015/12/15,15:00:00,No,2.0,1.0,-37.28948038,144.9500586,MITCHELL
T20150026115,Dry,Not known,Collision with a fixed object,Wednesday,Dark No street lights,100,2015/12/16,02:30:00,Yes,2.0,1.0,-36.95223005,145.1063529,MITCHELL
T20150026123,Dry,Clear,Collision with vehicle,Wednesday,Day,50,2015/12/16,14:55:00,No,3.0,1.0,-37.82623915,147.6293572,EAST GIPPSLAND
T20150026127,Dry,Clear,Collision with a fixed object,Sunday,Day,50,2015/12/13,16:07:00,Yes,1.0,1.0,-38.2348218,146.4312506,LATROBE
T20150026138,Dry,Clear,Collision with vehicle,Wednesday,Day,60,2015/12/16,17:25:00,No,3.0,1.0,-36.73302073,144.3036715,GREATER BENDIGO
T20150026148,Dry,Clear,Collision with a fixed object,Wednesday,Dusk/Dawn,80,2015/12/16,19:30:00,Yes,1.0,1.0,-38.26898846,144.4412494,GREATER GEELONG
T20150026150,Dry,Clear,No collision and no object struck,Saturday,Day,999,2015/12/12,13:00:00,No,1.0,1.0,-37.7046743,144.4514091,MOORABOOL
T20150026153,Dry,Clear,Collision with a fixed object,Wednesday,Day,100,2015/12/16,18:45:00,Yes,1.0,1.0,-36.80698061,144.4901147,GREATER BENDIGO
T20150026170,Dry,Clear,collision with some other object,Thursday,Dark No street lights,100,2015/12/17,00:30:00,Yes,1.0,1.0,-36.38617096,145.979134,BENALLA
T20150026188,Dry,Fog,Collision with vehicle,Thursday,Dusk/Dawn,100,2015/12/17,06:40:00,No,3.0,2.0,-38.09873501,144.117808,GOLDEN PLAINS
T20150026190,Dry,Clear,Vehicle overturned (no collision),Thursday,Day,100,2015/12/17,07:30:00,No,3.0,3.0,-36.16443233,147.9618792,TOWONG
T20150026193,Dry,Clear,Collision with vehicle,Tuesday,Day,110,2015/12/15,17:00:00,No,2.0,2.0,-36.11090191,146.8907603,WODONGA
T20150026199,Dry,Clear,Collision with vehicle,Thursday,Day,60,2015/12/17,11:45:00,No,2.0,1.0,-37.476807,143.8065299,BALLARAT
T20150026218,Dry,Clear,Collision with vehicle,Wednesday,Day,70,2015/12/16,07:00:00,No,1.0,1.0,-35.35186999,143.5621708,SWAN HILL
T20150026223,Dry,Clear,Collision with vehicle,Wednesday,Day,80,2015/12/16,10:30:00,No,5.0,1.0,-37.75398615,148.323038,EAST GIPPSLAND
T20150026228,Dry,Clear,No collision and no object struck,Tuesday,Day,80,2015/10/13,10:00:00,No,1.0,1.0,-37.46779121,144.6544699,MACEDON RANGES
T20150026230,Dry,Clear,Collision with vehicle,Thursday,Day,60,2015/12/17,17:20:00,No,3.0,1.0,-38.4516,145.2389802,BASS COAST
T20150026236,Dry,Not known,Collision with vehicle,Tuesday,Dusk/Dawn,60,2015/11/24,19:30:00,Yes,2.0,1.0,-38.18278736,146.5087504,LATROBE
T20150026238,Dry,Clear,Collision with vehicle,Thursday,Day,100,2015/12/17,16:59:00,No,2.0,1.0,-38.27532825,142.1679803,MOYNE
T20150026242,Dry,Clear,Collision with a fixed object,Thursday,Day,50,2015/12/17,18:00:00,Yes,1.0,1.0,-38.18319981,146.5398316,LATROBE
T20150026249,Dry,Clear,Collision with vehicle,Thursday,Dark Street lights on,999,2015/12/17,21:10:00,Yes,3.0,1.0,-38.11111246,145.7682389,BAW BAW
T20150026260,Dry,Clear,Collision with a fixed object,Thursday,Dark Street lights on,60,2015/11/12,02:00:00,Yes,1.0,1.0,-38.3727614,142.4837597,WARRNAMBOOL
T20150026264,Dry,Clear,Collision with vehicle,Monday,Day,60,2015/12/07,11:00:00,No,3.0,1.0,-37.2527691,144.4599107,MACEDON RANGES
T20150026265,Dry,Clear,Collision with vehicle,Friday,Day,60,2015/12/18,08:30:00,No,4.0,3.0,-36.37758557,145.4318101,GREATER SHEPPARTON
T20150026269,Dry,Clear,Collision with vehicle,Friday,Day,50,2015/12/18,08:30:00,No,2.0,1.0,-37.54594985,143.8547105,BALLARAT
T20150026272,Dry,Clear,Collision with vehicle,Thursday,Dusk/Dawn,100,2015/12/17,19:58:00,Yes,3.0,2.0,-35.05602665,143.00818,SWAN HILL
T20150026284,Dry,Clear,Collision with vehicle,Friday,Day,60,2015/12/18,09:30:00,No,2.0,1.0,-38.43580999,145.8175196,SOUTH GIPPSLAND
T20150026295,Dry,Clear,Collision with a fixed object,Thursday,Dark No street lights,100,2015/12/17,23:20:00,Yes,1.0,1.0,-35.99919091,145.41446,MOIRA
T20150026297,Dry,Clear,Collision with vehicle,Friday,Day,80,2015/12/18,11:45:00,No,7.0,2.0,-38.46361026,145.2014303,BASS COAST
T20150026304,Dry,Clear,Collision with vehicle,Friday,Day,100,2015/12/18,10:20:00,No,3.0,2.0,-38.31192592,143.6777001,COLAC OTWAY
T20150026317,Dry,Clear,Collision with vehicle,Wednesday,Day,60,2015/12/09,10:30:00,No,2.0,1.0,-38.60254148,145.5931753,BASS COAST
T20150026326,Dry,Clear,Collision with a fixed object,Thursday,Day,100,2015/12/17,17:40:00,No,2.0,2.0,-37.76428982,148.1563824,EAST GIPPSLAND
T20150026332,Dry,Clear,Collision with a fixed object,Friday,Day,80,2015/12/18,14:40:00,No,1.0,1.0,-38.66354865,145.7835916,SOUTH GIPPSLAND
T20150026343,Dry,Clear,No collision and no object struck,Wednesday,Day,60,2015/12/09,12:00:00,No,2.0,1.0,-38.47298999,145.2389981,BASS COAST
T20150026348,Dry,Clear,Vehicle overturned (no collision),Friday,Day,110,2015/12/18,17:28:00,No,1.0,1.0,-38.1714434,145.9289797,BAW BAW
T20150026359,Dry,Clear,Collision with vehicle,Friday,Day,60,2015/12/18,15:52:00,No,4.0,2.0,-38.15142806,146.7722725,WELLINGTON
T20150026367,Dry,Clear,Collision with a fixed object,Saturday,Dark Street lights on,60,2015/12/19,00:12:00,Yes,1.0,1.0,-38.33593335,143.5609294,COLAC OTWAY
T20150026372,Dry,Clear,Collision with vehicle,Saturday,Day,40,2015/12/12,12:05:00,No,3.0,2.0,-36.12224532,146.8861327,WODONGA
T20150026377,Dry,Clear,Collision with a fixed object,Friday,Dark No street lights,100,2015/12/18,23:45:00,Yes,2.0,2.0,-36.67736945,143.8760285,LODDON
T20150026378,Dry,Clear,Collision with a fixed object,Friday,Dark No street lights,100,2015/12/18,22:00:00,Yes,2.0,1.0,-36.54068959,143.8139803,LODDON
T20150026384,Dry,Clear,Collision with vehicle,Saturday,Day,60,2015/12/19,11:50:00,No,2.0,1.0,-38.20100917,144.3116243,GREATER GEELONG
T20150026388,Dry,Clear,Collision with a fixed object,Saturday,Day,60,2015/12/19,10:00:00,No,1.0,1.0,-37.42807704,143.3916476,PYRENEES
T20150026394,Dry,Clear,Collision with a fixed object,Saturday,Day,100,2015/12/19,12:00:00,No,1.0,1.0,-38.42230005,142.9231229,CORANGAMITE
T20150026400,Dry,Dust,Vehicle overturned (no collision),Saturday,Day,100,2015/12/19,15:45:00,Yes,1.0,1.0,-35.79242003,144.2588404,GANNAWARRA
T20150026409,Dry,Clear,Other accident,Friday,Dark Street lights on,999,2015/12/18,22:00:00,Yes,1.0,1.0,-36.7939797,144.2898192,GREATER BENDIGO
T20150026422,Dry,Clear,No collision and no object struck,Wednesday,Day,80,2015/12/16,13:25:00,No,1.0,1.0,-38.26510077,144.3480113,SURF COAST
T20150026424,Dry,Clear,Collision with a fixed object,Saturday,Dark No street lights,80,2015/12/19,20:50:00,Yes,3.0,2.0,-38.22022014,144.3378113,GREATER GEELONG
T20150026425,Dry,Clear,Collision with vehicle,Sunday,Dark No street lights,100,2015/12/20,02:05:00,Yes,4.0,4.0,-35.47244034,143.6706698,SWAN HILL
T20150026427,Dry,Clear,Collision with a fixed object,Saturday,Day,100,2015/12/19,08:30:00,No,2.0,2.0,-38.58360002,145.8163392,BASS COAST
T20150026432,Dry,Clear,Vehicle overturned (no collision),Saturday,Dark No street lights,100,2015/12/19,23:50:00,Yes,1.0,1.0,-36.98327032,145.7016908,MANSFIELD
T20150026434,Dry,Clear,Other accident,Sunday,Dark Street lights on,50,2015/12/20,02:00:00,Yes,2.0,1.0,-35.92421996,145.48064,MOIRA
T20150026436,Dry,Clear,Collision with a fixed object,Sunday,Day,50,2015/12/20,11:00:00,No,1.0,1.0,-37.34543567,144.1569709,HEPBURN
T20150026437,Dry,Clear,Collision with a fixed object,Sunday,Day,50,2015/12/20,12:05:00,No,3.0,1.0,-38.40758014,144.1863409,SURF COAST
T20150026444,Dry,Clear,Collision with a fixed object,Sunday,Day,100,2015/12/20,13:25:00,No,1.0,1.0,-37.19216024,144.473382,MACEDON RANGES
T20150026454,Dry,Clear,Collision with vehicle,Tuesday,Day,80,2015/11/03,14:00:00,No,2.0,1.0,-38.09969038,144.3548633,GREATER GEELONG
T20150026461,Wet,Raining,Collision with vehicle,Sunday,Day,50,2015/12/20,13:53:00,No,2.0,1.0,-38.17978583,146.2511292,LATROBE
T20150026469,Wet,Raining,Collision with a fixed object,Sunday,Day,50,2015/12/20,18:30:00,No,3.0,3.0,-38.22797985,146.4229098,LATROBE
T20150026481,Dry,Dust,Collision with a fixed object,Sunday,Unknown,999,2015/11/15,01:30:00,Yes,1.0,1.0,-37.06644447,146.3634615,MANSFIELD
T20150026483,Dry,Clear,Collision with vehicle,Saturday,Day,50,2015/11/21,11:15:00,No,3.0,3.0,-36.38142354,145.4018541,GREATER SHEPPARTON
T20150026487,Dry,Clear,Collision with vehicle,Monday,Dark No street lights,110,2015/12/21,05:30:00,Yes,2.0,1.0,-37.37973957,144.5504039,MACEDON RANGES
T20150026493,Wet,Raining,Collision with vehicle,Sunday,Day,60,2015/12/20,11:10:00,No,2.0,1.0,-38.38187451,142.4880103,WARRNAMBOOL
T20150026504,Dry,Clear,Struck Pedestrian,Monday,Day,50,2015/12/21,11:00:00,No,2.0,1.0,-38.31146209,144.3290848,SURF COAST
T20150026505,Wet,Raining,Collision with a fixed object,Monday,Dusk/Dawn,60,2015/12/21,08:00:00,No,1.0,1.0,-37.55178691,143.8651406,BALLARAT
T20150026518,Dry,Clear,Collision with vehicle,Sunday,Day,60,2015/12/20,14:15:00,No,7.0,1.0,-38.49668708,145.2575958,BASS COAST
T20150026526,Dry,Clear,Collision with a fixed object,Monday,Day,100,2015/12/21,15:00:00,No,2.0,1.0,-37.64585954,143.8367208,BALLARAT
T20150026527,Dry,Clear,Collision with vehicle,Monday,Day,100,2015/12/21,12:29:00,No,2.0,2.0,-36.63242678,143.1545255,NORTHERN GRAMPIANS
T20150026529,Dry,Clear,Collision with vehicle,Tuesday,Day,60,2015/12/15,15:40:00,No,2.0,1.0,-38.13247399,144.3519165,GREATER GEELONG
T20150026532,Dry,Clear,Collision with vehicle,Monday,Day,100,2015/12/21,15:30:00,No,3.0,1.0,-38.30066971,144.3226277,SURF COAST
T20150026533,Dry,Clear,Vehicle overturned (no collision),Monday,Day,80,2015/12/21,12:45:00,No,1.0,1.0,-37.37849971,148.6417199,EAST GIPPSLAND
T20150026534,Dry,Clear,Vehicle overturned (no collision),Monday,Day,100,2015/12/21,15:15:00,No,1.0,1.0,-37.45111073,145.7237674,MURRINDINDI
T20150026535,Dry,Clear,Collision with vehicle,Monday,Day,80,2015/12/21,16:40:00,No,5.0,1.0,-36.39900371,145.4466997,GREATER SHEPPARTON
T20150026538,Dry,Clear,collision with some other object,Sunday,Day,100,2015/12/20,12:30:00,No,2.0,1.0,-36.52639978,146.6850703,ALPINE
T20150026555,Dry,Clear,Collision with vehicle,Monday,Day,60,2015/12/21,20:24:00,Yes,2.0,2.0,-37.83078805,147.6111794,EAST GIPPSLAND
T20150026564,Dry,Clear,Collision with a fixed object,Tuesday,Dark Street lights on,60,2015/12/22,02:00:00,Yes,1.0,1.0,-36.76660065,144.3064251,GREATER BENDIGO
T20150026567,Unknown,Clear,Collision with a fixed object,Saturday,Day,100,2015/12/19,17:10:00,Yes,1.0,1.0,-37.68124083,143.5804897,GOLDEN PLAINS
T20150026569,Dry,Clear,Collision with a fixed object,Monday,Day,100,2015/12/21,08:30:00,Yes,1.0,1.0,-35.9927624,144.5121004,CAMPASPE
T20150026577,Dry,Clear,No collision and no object struck,Sunday,Day,999,2015/12/13,13:10:00,No,1.0,1.0,-37.48498918,144.3158687,MOORABOOL
T20150026580,Dry,Clear,Collision with vehicle,Tuesday,Day,60,2015/12/22,08:00:00,No,2.0,1.0,-36.7486041,144.2852048,GREATER BENDIGO
T20150026581,Dry,Clear,Collision with vehicle,Tuesday,Day,100,2015/12/22,09:25:00,No,2.0,2.0,-36.08808912,144.6395616,CAMPASPE
T20150026583,Dry,Clear,Collision with a fixed object,Tuesday,Day,100,2015/12/22,09:05:00,No,3.0,3.0,-36.42476857,145.9116434,BENALLA
T20150026587,Dry,Clear,Collision with a fixed object,Tuesday,Day,80,2015/12/22,07:52:00,No,1.0,1.0,-38.20966045,146.4772034,LATROBE
T20150026589,Dry,Clear,Collision with vehicle,Tuesday,Day,60,2015/12/22,11:00:00,No,3.0,1.0,-36.79520515,144.2442717,GREATER BENDIGO
T20150026590,Dry,Clear,Collision with vehicle,Tuesday,Day,60,2015/12/22,10:00:00,No,2.0,1.0,-38.43115846,145.8228124,SOUTH GIPPSLAND
T20150026592,Dry,Clear,Collision with vehicle,Tuesday,Day,60,2015/12/22,09:36:00,No,2.0,1.0,-38.1646485,144.3644907,GREATER GEELONG
T20150026607,Dry,Clear,collision with some other object,Saturday,Dusk/Dawn,100,2015/12/19,06:44:00,Yes,1.0,1.0,-38.37255648,144.2311307,SURF COAST
T20150026611,Dry,Smoke,Collision with vehicle,Sunday,Day,110,2015/12/20,14:30:00,No,5.0,1.0,-36.07995212,146.7547999,WODONGA
T20150026619,Dry,Clear,Collision with vehicle,Tuesday,Day,50,2015/12/22,15:40:00,No,5.0,1.0,-37.60394902,143.8357283,BALLARAT
T20150026624,Wet,Raining,Collision with vehicle,Tuesday,Day,50,2015/12/22,13:50:00,No,2.0,2.0,-38.38752843,142.486975,WARRNAMBOOL
T20150026643,Dry,Clear,Collision with vehicle,Tuesday,Day,60,2015/12/22,17:10:00,No,2.0,1.0,-38.17285911,144.3513327,GREATER GEELONG
T20150026654,Dry,Clear,Collision with vehicle,Tuesday,Day,80,2015/12/22,18:40:00,Yes,2.0,1.0,-38.09917961,144.3549566,GREATER GEELONG
T20150026662,Dry,Clear,Collision with vehicle,Tuesday,Dark No street lights,100,2015/12/22,21:55:00,Yes,3.0,1.0,-36.51594845,145.3783461,GREATER SHEPPARTON
T20150026670,Dry,Clear,Fall from or in moving vehicle,Sunday,Dark No street lights,60,2015/12/13,23:45:00,Yes,2.0,1.0,-37.82214903,147.8574402,EAST GIPPSLAND
T20150026698,Dry,Clear,Collision with a fixed object,Wednesday,Day,80,2015/12/23,07:00:00,No,1.0,1.0,-38.33861425,146.5794466,LATROBE
T20150026702,Dry,Clear,Collision with vehicle,Wednesday,Day,50,2015/12/23,13:35:00,No,8.0,5.0,-38.7607909,143.6716407,COLAC OTWAY
T20150026705,Dry,Clear,Vehicle overturned (no collision),Wednesday,Day,100,2015/12/23,12:25:00,No,1.0,1.0,-36.46958008,145.09379,GREATER SHEPPARTON
T20150026706,Dry,Clear,Collision with vehicle,Tuesday,Dark Street lights on,50,2015/12/22,23:00:00,Yes,2.0,1.0,-38.32294822,144.3243702,SURF COAST
T20150026717,Dry,Clear,Collision with a fixed object,Wednesday,Day,50,2015/12/23,16:20:00,No,1.0,1.0,-36.75918588,144.3101706,GREATER BENDIGO
T20150026721,Dry,Clear,Collision with vehicle,Wednesday,Day,80,2015/12/23,16:40:00,No,3.0,2.0,-36.88524463,144.2120002,GREATER BENDIGO
T20150026742,Dry,Clear,Collision with a fixed object,Wednesday,Dark No street lights,100,2015/12/23,22:54:00,Yes,1.0,1.0,-38.44597735,145.8499589,SOUTH GIPPSLAND
T20150026744,Dry,Clear,Collision with vehicle,Wednesday,Dark Street lights on,60,2015/12/23,23:35:00,Yes,2.0,1.0,-38.36147014,142.4980573,WARRNAMBOOL
T20150026755,Dry,Clear,Collision with vehicle,Wednesday,Dusk/Dawn,60,2015/12/23,20:15:00,Yes,4.0,1.0,-37.55465683,143.8162895,BALLARAT
T20150026758,Dry,Clear,Collision with vehicle,Thursday,Day,60,2015/12/24,07:16:00,No,2.0,1.0,-37.82993602,147.6141063,EAST GIPPSLAND
T20150026761,Unknown,Not known,Vehicle overturned (no collision),Tuesday,Dusk/Dawn,40,2015/12/15,06:40:00,No,1.0,1.0,-36.31352404,145.0449255,CAMPASPE
T20150026763,Dry,Clear,Collision with a fixed object,Thursday,Day,110,2015/12/24,09:30:00,No,11.0,2.0,-37.09118972,145.0987796,MITCHELL
T20150026770,Dry,Clear,Collision with a fixed object,Thursday,Day,50,2015/12/24,11:15:00,No,1.0,1.0,-37.58772074,143.8144585,BALLARAT
T20150026772,Dry,Clear,Collision with vehicle,Thursday,Day,100,2015/12/24,10:00:00,No,3.0,3.0,-38.52199624,145.3864496,BASS COAST
T20150026773,Dry,Clear,Collision with vehicle,Thursday,Day,60,2015/12/24,11:15:00,No,2.0,1.0,-36.77022305,144.2631997,GREATER BENDIGO
T20150026774,Dry,Fog,Collision with a fixed object,Thursday,Dusk/Dawn,100,2015/12/24,05:15:00,Yes,2.0,2.0,-38.52903,145.9518178,SOUTH GIPPSLAND
T20150026785,Unknown,Not known,Collision with vehicle,Monday,Dusk/Dawn,60,2015/09/28,06:30:00,No,2.0,1.0,-36.75621864,144.2943566,GREATER BENDIGO
T20150026787,Dry,Clear,Collision with vehicle,Thursday,Day,100,2015/12/24,10:00:00,No,2.0,2.0,-38.42030855,143.0015233,CORANGAMITE
T20150026791,Dry,Clear,Collision with vehicle,Thursday,Day,100,2015/12/24,13:40:00,No,2.0,2.0,-37.69416258,143.9732438,MOORABOOL
T20150026795,Dry,Clear,Collision with a fixed object,Thursday,Day,60,2015/12/24,16:10:00,No,13.0,2.0,-38.50683077,145.2893494,BASS COAST
T20150026797,Dry,Clear,Collision with vehicle,Thursday,Day,100,2015/12/24,15:13:00,No,2.0,2.0,-38.05375523,146.8743181,WELLINGTON
T20150026801,Dry,Clear,Collision with vehicle,Thursday,Day,80,2015/12/24,17:30:00,No,2.0,2.0,-38.19754966,144.5660272,GREATER GEELONG
T20150026804,Dry,Clear,Collision with vehicle,Thursday,Day,60,2015/12/24,18:30:00,Yes,3.0,2.0,-37.60305721,143.8686057,BALLARAT
T20150026807,Dry,Clear,Collision with vehicle,Thursday,Day,80,2015/12/24,19:25:00,Yes,2.0,2.0,-34.19777295,142.0841422,MILDURA
T20150026823,Dry,Fog,Vehicle overturned (no collision),Monday,Dark Street lights unknown,100,2014/11/03,04:29:00,Yes,3.0,1.0,-36.37208963,146.2718569,WANGARATTA
T20150026829,Dry,Clear,Collision with a fixed object,Friday,Dark No street lights,999,2015/12/25,04:05:00,Yes,1.0,1.0,-38.17832202,146.0228286,BAW BAW
T20150026848,Dry,Clear,Collision with vehicle,Friday,Day,60,2015/12/25,16:20:00,Yes,5.0,2.0,-36.49831829,144.6104308,GREATER BENDIGO
T20150026852,Dry,Clear,Collision with a fixed object,Friday,Day,100,2015/12/25,16:05:00,Yes,2.0,1.0,-36.37197397,141.8691794,HINDMARSH
T20150026857,Dry,Clear,Vehicle overturned (no collision),Friday,Day,100,2015/07/17,13:20:00,No,1.0,1.0,-36.91287834,145.3448228,STRATHBOGIE
T20150026861,Dry,Clear,Collision with a fixed object,Friday,Dark No street lights,100,2015/12/25,04:45:00,Yes,1.0,1.0,-38.08286896,141.6703574,GLENELG
T20150026863,Dry,Clear,Collision with vehicle,Friday,Dark Street lights on,60,2015/12/25,23:10:00,Yes,4.0,1.0,-36.44814857,144.9820591,CAMPASPE
T20150026871,Wet,Clear,Collision with a fixed object,Saturday,Day,100,2015/12/26,07:15:00,No,1.0,1.0,-35.6476603,143.8368497,GANNAWARRA
T20150026872,Wet,Raining,Collision with a fixed object,Saturday,Day,60,2015/12/26,07:20:00,No,1.0,1.0,-36.39565,145.36691,GREATER SHEPPARTON