Accident_No,Surface_Cond_Desc,Atmosph_Cond_Desc,Accident_Type_Desc,Day,Light_Condition_Desc,Speed_Zone,Accident_Date,Accident_Time,Alcohol_Influence,Total_Persons_Inv,Inj_Or_Fatal,Lat,Long,LGA
T20150026879,Dry,Clear,Collision with vehicle,Monday,Day,60,2015/11/23,16:45:00,No,3.0,1.0,-36.75542707,144.2737276,GREATER BENDIGO
T20150026883,Dry,Clear,Collision with vehicle,Friday,Day,60,2015/12/25,20:00:00,Yes,3.0,1.0,-37.57231157,143.8328445,BALLARAT
T20150026884,Wet,Clear,Collision with a fixed object,Saturday,Day,100,2015/12/26,12:07:00,No,1.0,1.0,-36.99571051,145.9152943,MANSFIELD
T20150026886,Wet,Raining,Collision with a fixed object,Saturday,Day,80,2015/12/26,12:45:00,No,1.0,1.0,-38.49741985,144.0083098,SURF COAST
T20150026900,Wet,Raining,Collision with a fixed object,Saturday,Day,100,2015/12/26,15:24:00,Yes,1.0,1.0,-36.13869994,147.9728199,TOWONG
T20150026903,Dry,Clear,Collision with vehicle,Friday,Dark Street lights on,100,2015/12/25,23:15:00,Yes,3.0,1.0,-38.08693059,145.7774723,BAW BAW
T20150026907,Wet,Raining,Collision with a fixed object,Saturday,Day,100,2015/12/26,15:50:00,Yes,4.0,3.0,-37.56867806,149.2541113,EAST GIPPSLAND
T20150026910,Dry,Clear,Vehicle overturned (no collision),Saturday,Day,100,2015/12/26,17:15:00,Yes,2.0,2.0,-36.76160998,143.2651945,NORTHERN GRAMPIANS
T20150026911,Dry,Clear,Collision with vehicle,Saturday,Day,100,2015/12/26,18:45:00,Yes,3.0,1.0,-38.13028481,146.8257373,WELLINGTON
T20150026913,Dry,Clear,Collision with vehicle,Saturday,Day,60,2015/12/26,16:15:00,Yes,4.0,3.0,-38.53038207,143.9806436,SURF COAST
T20150026916,Dry,Clear,Collision with a fixed object,Saturday,Day,110,2015/12/26,13:40:00,No,6.0,6.0,-36.61428668,145.7895882,STRATHBOGIE
T20150026918,Dry,Clear,Collision with a fixed object,Saturday,Day,100,2015/12/26,18:00:00,Yes,1.0,1.0,-36.45483,145.1186778,GREATER SHEPPARTON
T20150026921,Dry,Clear,Collision with a fixed object,Saturday,Dusk/Dawn,100,2015/12/26,20:20:00,Yes,2.0,1.0,-37.60558754,141.3678104,GLENELG
T20150026922,Wet,Clear,Struck animal,Saturday,Dark No street lights,110,2015/12/26,22:15:00,Yes,3.0,2.0,-38.2386905,146.4500607,LATROBE
T20150026925,Dry,Clear,Collision with a fixed object,Wednesday,Dark Street lights on,60,2015/12/23,22:48:00,Yes,1.0,1.0,-38.10184245,147.0965602,WELLINGTON
T20150026946,Dry,Clear,Collision with vehicle,Sunday,Day,50,2015/12/27,09:59:00,Yes,8.0,1.0,-37.82593301,147.6307511,EAST GIPPSLAND
T20150026948,Dry,Clear,Vehicle overturned (no collision),Saturday,Day,100,2015/11/14,11:00:00,No,1.0,1.0,-36.59347919,146.6727806,ALPINE
T20150026954,Dry,Clear,Vehicle overturned (no collision),Sunday,Day,80,2015/12/27,13:30:00,No,1.0,1.0,-37.54813883,145.4807584,MURRINDINDI
T20150026959,Dry,Clear,Collision with vehicle,Sunday,Day,100,2015/12/27,12:25:00,No,3.0,1.0,-38.6391815,146.672374,WELLINGTON
T20150026965,Dry,Clear,Collision with a fixed object,Sunday,Day,60,2015/12/27,17:02:00,Yes,1.0,1.0,-38.19331036,146.2687452,LATROBE
T20150026966,Dry,Clear,Collision with a fixed object,Sunday,Day,100,2015/12/27,17:30:00,No,1.0,1.0,-37.78414764,144.1442784,MOORABOOL
T20150026968,Dry,Clear,Collision with vehicle,Sunday,Day,100,2015/12/27,16:10:00,Yes,9.0,6.0,-37.46060535,143.6780251,BALLARAT
T20150026970,Dry,Not known,Collision with a fixed object,Monday,Day,50,2015/12/14,18:30:00,Yes,1.0,1.0,-36.75298147,144.2563011,GREATER BENDIGO
T20150026971,Dry,Clear,Vehicle overturned (no collision),Sunday,Day,110,2015/12/27,16:50:00,Yes,6.0,1.0,-34.87799693,142.3002149,MILDURA
T20150026972,Dry,Clear,Collision with a fixed object,Sunday,Day,100,2015/12/27,18:10:00,Yes,1.0,1.0,-36.45023795,145.9279749,BENALLA
T20150026973,Dry,Clear,Collision with vehicle,Tuesday,Day,50,2015/12/22,11:15:00,No,3.0,1.0,-38.15293999,144.36098,GREATER GEELONG
T20150026979,Dry,Clear,Collision with a fixed object,Sunday,Day,80,2015/12/27,17:30:00,Yes,1.0,1.0,-37.6430192,144.4414613,MOORABOOL
T20150026988,Wet,Clear,collision with some other object,Saturday,Day,80,2015/12/19,12:30:00,No,1.0,1.0,-37.49555878,145.7484077,MURRINDINDI
T20150026990,Dry,Clear,Collision with vehicle,Sunday,Dark No street lights,110,2015/12/27,23:30:00,Yes,4.0,1.0,-37.552425,144.0111139,MOORABOOL
T20150026993,Dry,Clear,Struck animal,Sunday,Dark No street lights,100,2015/12/27,22:30:00,Yes,1.0,1.0,-37.90046792,143.7173592,GOLDEN PLAINS
T20150026998,Dry,Clear,Vehicle overturned (no collision),Sunday,Day,100,2015/12/27,13:15:00,No,2.0,2.0,-37.01837195,147.5861807,EAST GIPPSLAND
T20150026999,Dry,Clear,Collision with vehicle,Monday,Day,100,2015/12/28,10:00:00,No,3.0,3.0,-36.65015027,144.5228121,GREATER BENDIGO
T20150027001,Dry,Clear,Collision with vehicle,Monday,Day,60,2015/12/28,10:17:00,No,2.0,1.0,-38.20450381,146.5508079,LATROBE
T20150027004,Dry,Clear,No collision and no object struck,Monday,Day,100,2015/12/28,10:15:00,No,3.0,2.0,-36.55422002,146.9663197,ALPINE
T20150027005,Dry,Clear,Collision with a fixed object,Sunday,Day,100,2015/12/27,12:30:00,No,1.0,1.0,-35.77077585,144.3283208,GANNAWARRA
T20150027010,Dry,Clear,No collision and no object struck,Wednesday,Dusk/Dawn,100,2015/12/09,20:00:00,Yes,1.0,1.0,-37.61871991,143.68998,GOLDEN PLAINS
T20150027016,Dry,Clear,Collision with vehicle,Monday,Day,100,2015/12/28,11:55:00,No,8.0,6.0,-38.3644708,143.6907706,COLAC OTWAY
T20150027017,Dry,Clear,Collision with a fixed object,Monday,Day,80,2015/12/28,14:30:00,No,1.0,1.0,-37.5382631,145.3808473,MURRINDINDI
T20150027042,Dry,Clear,Collision with a fixed object,Monday,Day,100,2015/12/28,12:40:00,No,1.0,1.0,-34.13252212,142.0251491,MILDURA
T20150027061,Dry,Clear,Collision with vehicle,Tuesday,Day,60,2015/12/29,07:45:00,No,2.0,1.0,-38.13066115,144.3383073,GREATER GEELONG
T20150027069,Dry,Clear,Vehicle overturned (no collision),Monday,Day,60,2015/12/28,16:40:00,No,2.0,1.0,-35.32743857,143.5529104,SWAN HILL
T20150027072,Dry,Clear,Collision with vehicle,Tuesday,Day,80,2015/12/29,11:15:00,No,3.0,1.0,-36.3632954,146.3036855,WANGARATTA
T20150027075,Dry,Clear,Collision with a fixed object,Monday,Dusk/Dawn,100,2015/12/28,20:00:00,Yes,4.0,3.0,-37.61438035,146.6101584,WELLINGTON
T20150027078,Dry,Clear,collision with some other object,Tuesday,Day,999,2015/12/29,10:10:00,No,2.0,2.0,-37.31710285,145.1418902,MITCHELL
T20150027086,Dry,Clear,Collision with vehicle,Friday,Dusk/Dawn,50,2015/12/04,06:45:00,No,2.0,1.0,-36.44125411,145.2308072,GREATER SHEPPARTON
T20150027110,Dry,Clear,Vehicle overturned (no collision),Tuesday,Day,80,2015/12/29,16:00:00,No,1.0,1.0,-38.76349828,143.4808898,COLAC OTWAY
T20150027115,Dry,Clear,Collision with a fixed object,Monday,Dusk/Dawn,80,2015/12/28,20:00:00,Yes,1.0,1.0,-38.66534834,143.7261656,COLAC OTWAY
T20150027119,Dry,Clear,Collision with vehicle,Tuesday,Dark Street lights on,60,2015/12/29,23:00:00,Yes,6.0,5.0,-37.56797877,143.8536352,BALLARAT
T20150027122,Dry,Clear,Collision with a fixed object,Tuesday,Dark No street lights,50,2015/12/29,23:45:00,Yes,3.0,3.0,-38.29540203,144.3891712,GREATER GEELONG
T20150027123,Dry,Clear,Vehicle overturned (no collision),Tuesday,Dark No street lights,60,2015/12/29,23:00:00,Yes,1.0,1.0,-37.21971685,145.0477301,MITCHELL
T20150027135,Dry,Clear,Collision with a fixed object,Wednesday,Day,80,2015/12/30,09:50:00,No,4.0,4.0,-37.04192948,142.7628802,NORTHERN GRAMPIANS
T20150027136,Dry,Clear,No collision and no object struck,Wednesday,Day,80,2015/12/30,09:50:00,No,3.0,1.0,-38.31385925,144.3093801,SURF COAST
T20150027140,Dry,Clear,Collision with vehicle,Saturday,Day,100,2015/12/26,11:55:00,No,4.0,1.0,-35.989318,145.631629,MOIRA
T20150027141,Dry,Clear,Collision with vehicle,Friday,Day,40,2015/12/18,14:00:00,No,3.0,1.0,-36.73707987,144.2682402,GREATER BENDIGO
T20150027143,Dry,Clear,Collision with vehicle,Tuesday,Day,60,2015/12/29,10:20:00,No,3.0,2.0,-37.96511403,146.9728385,WELLINGTON
T20150027146,Dry,Clear,Collision with vehicle,Wednesday,Day,50,2015/12/30,10:37:00,No,2.0,2.0,-36.19523213,147.9059813,TOWONG
T20150027150,Dry,Clear,Collision with vehicle,Wednesday,Day,80,2015/12/30,11:45:00,No,3.0,1.0,-37.39269146,144.592632,MACEDON RANGES
T20150027156,Unknown,Not known,Vehicle overturned (no collision),Thursday,Unknown,999,2015/12/24,11:00:00,No,1.0,1.0,-38.33149116,144.126511,SURF COAST
T20150027157,Dry,Clear,No collision and no object struck,Friday,Day,80,2015/12/11,13:30:00,No,1.0,1.0,-36.94065959,147.0610189,ALPINE
T20150027160,Dry,Clear,Collision with vehicle,Wednesday,Day,50,2015/12/30,14:48:00,No,2.0,1.0,-38.1468688,144.3637658,GREATER GEELONG
T20150027162,Dry,Clear,Collision with a fixed object,Wednesday,Day,100,2015/12/30,13:10:00,No,1.0,1.0,-37.28298948,146.1226704,MANSFIELD
T20150027165,Dry,Clear,Collision with a fixed object,Wednesday,Day,80,2015/12/30,12:30:00,No,1.0,1.0,-37.56360257,143.9365511,BALLARAT
T20150027170,Dry,Clear,Collision with vehicle,Wednesday,Day,80,2015/12/30,15:50:00,No,4.0,4.0,-37.68459754,144.5118707,MOORABOOL
T20150027172,Dry,Clear,Collision with a fixed object,Wednesday,Day,100,2015/12/30,16:00:00,No,1.0,1.0,-38.40794991,145.5727769,BASS COAST
T20150027182,Dry,Clear,Collision with a fixed object,Wednesday,Dusk/Dawn,100,2015/12/30,19:30:00,Yes,1.0,1.0,-36.84641097,145.25052,STRATHBOGIE
T20150027185,Dry,Clear,Collision with a fixed object,Wednesday,Dusk/Dawn,100,2015/12/30,19:44:00,Yes,5.0,5.0,-38.17263756,147.1704685,WELLINGTON
T20150027186,Dry,Clear,Collision with a fixed object,Wednesday,Day,100,2015/12/30,20:00:00,Yes,1.0,1.0,-37.01783965,143.938037,MOUNT ALEXANDER
T20150027189,Dry,Clear,Struck animal,Wednesday,Dark No street lights,100,2015/12/30,22:40:00,Yes,1.0,1.0,-38.57664783,145.6931398,BASS COAST
T20150027192,Dry,Clear,Collision with a fixed object,Wednesday,Dark Street lights off,50,2015/12/30,22:46:00,Yes,1.0,1.0,-38.08618908,144.3608777,GREATER GEELONG
T20150027194,Dry,Clear,Vehicle overturned (no collision),Thursday,Dark No street lights,100,2015/12/31,00:30:00,Yes,1.0,1.0,-37.98701417,142.8649312,MOYNE
T20150027216,Dry,Not known,Struck animal,Monday,Dark No street lights,100,2015/12/21,23:30:00,Yes,1.0,1.0,-38.31212389,142.7624308,MOYNE
T20150027218,Dry,Clear,Vehicle overturned (no collision),Thursday,Day,999,2015/12/31,09:49:00,No,1.0,1.0,-36.60680825,143.2587775,NORTHERN GRAMPIANS
T20150027220,Dry,Clear,No collision and no object struck,Thursday,Day,40,2015/12/31,12:00:00,No,1.0,1.0,-37.34296989,144.1424391,HEPBURN
T20150027225,Dry,Clear,Collision with vehicle,Monday,Day,40,2015/12/07,15:40:00,No,1.0,1.0,-36.78305873,144.2302828,GREATER BENDIGO
T20150027230,Dry,Clear,Collision with vehicle,Thursday,Day,100,2015/12/31,13:15:00,No,4.0,4.0,-37.52235044,149.6872873,EAST GIPPSLAND
T20150027231,Dry,Clear,Collision with vehicle,Thursday,Day,100,2015/12/31,15:10:00,No,5.0,2.0,-38.23302867,144.2050207,SURF COAST
T20150027233,Dry,Clear,Collision with vehicle,Tuesday,Day,50,2015/12/29,10:30:00,No,3.0,1.0,-38.13300188,145.8633745,BAW BAW
T20150027237,Dry,Clear,Vehicle overturned (no collision),Thursday,Day,100,2015/12/31,17:50:00,No,1.0,1.0,-37.46190994,143.8545399,HEPBURN
T20150027241,Dry,Clear,Collision with vehicle,Thursday,Day,80,2015/12/31,17:00:00,No,3.0,3.0,-36.51342999,145.3094183,GREATER SHEPPARTON
T20150027242,Dry,Clear,Collision with vehicle,Monday,Day,100,2015/12/28,12:00:00,No,6.0,1.0,-37.86641713,141.5520416,GLENELG
T20150027244,Dry,Clear,Collision with vehicle,Thursday,Day,110,2015/12/31,13:55:00,No,5.0,1.0,-37.47748824,143.6861376,BALLARAT
T20160000007,Dry,Clear,Collision with a fixed object,Thursday,Dark No street lights,100,2015/12/31,23:20:00,Yes,1.0,1.0,-38.60283953,142.9139162,CORANGAMITE
T20160000010,Dry,Clear,Collision with a fixed object,Thursday,Dusk/Dawn,100,2015/12/31,19:57:00,Yes,5.0,5.0,-37.85263951,143.8943321,GOLDEN PLAINS
T20160000015,Dry,Clear,Collision with a fixed object,Friday,Dark Street lights on,80,2016/01/01,02:35:00,Yes,1.0,1.0,-36.10573076,146.8956519,WODONGA
T20160000017,Dry,Clear,Collision with vehicle,Thursday,Dark Street lights on,50,2015/12/31,22:40:00,Yes,1.0,1.0,-38.59066206,145.5876684,BASS COAST
T20160000032,Dry,Clear,Collision with vehicle,Thursday,Day,60,2015/12/31,13:10:00,No,2.0,1.0,-38.07471966,144.3633392,GREATER GEELONG
T20160000034,Dry,Clear,Collision with vehicle,Friday,Day,80,2016/01/01,11:00:00,No,6.0,1.0,-38.39217934,144.2042786,SURF COAST
T20160000038,Dry,Clear,Collision with a fixed object,Friday,Day,80,2016/01/01,13:00:00,No,1.0,1.0,-37.75687151,143.7839325,GOLDEN PLAINS
T20160000046,Dry,Clear,Collision with a fixed object,Friday,Day,100,2016/01/01,15:45:00,No,2.0,1.0,-36.08629846,144.8440194,MOIRA
T20160000048,Dry,Clear,Fall from or in moving vehicle,Friday,Dark Street lights on,50,2016/01/01,01:25:00,Yes,4.0,1.0,-35.18677913,143.3466713,SWAN HILL
T20160000052,Dry,Clear,Collision with vehicle,Friday,Day,100,2016/01/01,15:10:00,No,4.0,1.0,-37.28718191,146.1388626,MANSFIELD
T20160000053,Dry,Clear,Vehicle overturned (no collision),Friday,Day,80,2016/01/01,15:15:00,No,2.0,2.0,-37.12610634,145.9637607,MANSFIELD
T20160000057,Dry,Clear,Collision with a fixed object,Friday,Dusk/Dawn,100,2016/01/01,19:00:00,Yes,1.0,1.0,-38.27715994,146.4192099,LATROBE
T20160000079,Dry,Clear,Struck Pedestrian,Friday,Dark Street lights on,60,2016/01/01,02:00:00,Yes,4.0,1.0,-37.87694678,148.0038693,EAST GIPPSLAND
T20160000082,Wet,Raining,Collision with a fixed object,Friday,Day,100,2016/01/01,15:15:00,No,1.0,1.0,-37.22320948,148.2634082,EAST GIPPSLAND
T20160000086,Dry,Clear,Struck Pedestrian,Saturday,Day,50,2016/01/02,10:10:00,No,4.0,3.0,-38.11514906,144.654025,GREATER GEELONG
T20160000091,Wet,Fog,Vehicle overturned (no collision),Saturday,Day,60,2016/01/02,10:00:00,No,4.0,3.0,-38.51664962,143.9717794,SURF COAST
T20160000092,Dry,Clear,Struck Pedestrian,Saturday,Day,60,2016/01/02,11:15:00,No,3.0,1.0,-37.58018837,143.843611,BALLARAT
T20160000095,Dry,Clear,Collision with vehicle,Saturday,Day,80,2016/01/02,12:20:00,No,2.0,1.0,-36.34309052,145.402239,GREATER SHEPPARTON
T20160000097,Dry,Clear,Collision with vehicle,Thursday,Day,60,2015/12/31,06:45:00,No,2.0,1.0,-38.27448241,144.4885547,GREATER GEELONG
T20160000099,Dry,Clear,Collision with vehicle,Saturday,Day,60,2016/01/02,14:00:00,No,10.0,1.0,-38.48462725,145.2601453,BASS COAST
T20160000102,Wet,Raining,Vehicle overturned (no collision),Saturday,Day,100,2016/01/02,12:30:00,No,2.0,1.0,-37.70440976,148.71049,EAST GIPPSLAND
T20160000106,Dry,Clear,Collision with a fixed object,Saturday,Day,40,2016/01/02,16:30:00,Yes,1.0,1.0,-35.72468081,143.91964,GANNAWARRA
T20160000109,Wet,Fog,Collision with a fixed object,Saturday,Day,80,2016/01/02,16:00:00,Yes,2.0,2.0,-38.62663023,143.7216297,COLAC OTWAY
T20160000114,Wet,Raining,Vehicle overturned (no collision),Saturday,Dusk/Dawn,100,2016/01/02,18:00:00,Yes,1.0,1.0,-37.58753983,148.918491,EAST GIPPSLAND
T20160000130,Dry,Clear,Collision with a fixed object,Sunday,Dark Street lights on,50,2016/01/03,00:15:00,Yes,2.0,1.0,-37.65026022,143.8839688,BALLARAT
T20160000133,Wet,Raining,Collision with a fixed object,Sunday,Dark Street lights unknown,60,2016/01/03,02:00:00,Yes,2.0,1.0,-38.19422889,146.5334749,LATROBE
T20160000136,Dry,Clear,Vehicle overturned (no collision),Saturday,Day,100,2016/01/02,17:10:00,Yes,1.0,1.0,-36.06396591,144.5865049,CAMPASPE
T20160000140,Icy,Clear,Collision with vehicle,Sunday,Day,60,2016/01/03,09:20:00,Yes,3.0,2.0,-36.75844999,144.3131691,GREATER BENDIGO
T20160000143,Dry,Clear,Collision with vehicle,Sunday,Day,110,2016/01/03,09:15:00,No,3.0,1.0,-36.55586889,145.3529977,GREATER SHEPPARTON
T20160000152,Dry,Clear,No collision and no object struck,Sunday,Day,999,2016/01/03,11:45:00,No,1.0,1.0,-37.07646963,146.3939587,MANSFIELD
T20160000153,Wet,Raining,Collision with a fixed object,Sunday,Day,100,2016/01/03,11:19:00,No,3.0,2.0,-38.26475095,146.6887892,WELLINGTON
T20160000157,Wet,Raining,Collision with vehicle,Saturday,Dark No street lights,110,2016/01/02,19:15:00,Yes,7.0,1.0,-36.60736244,145.8100199,STRATHBOGIE
T20160000164,Dry,Clear,Vehicle overturned (no collision),Sunday,Day,110,2016/01/03,13:40:00,No,1.0,1.0,-36.16628293,146.5371501,INDIGO
T20160000168,Dry,Clear,Collision with a fixed object,Saturday,Dark No street lights,100,2016/01/02,21:30:00,Yes,1.0,1.0,-36.24001289,144.9225399,CAMPASPE
T20160000169,Wet,Raining,Collision with a fixed object,Sunday,Day,50,2016/01/03,15:15:00,No,2.0,1.0,-36.74676988,144.2593729,GREATER BENDIGO
T20160000172,Dry,Clear,Collision with a fixed object,Sunday,Day,100,2016/01/03,15:30:00,No,1.0,1.0,-37.4824294,144.2684504,MOORABOOL
T20160000174,Dry,Clear,Collision with vehicle,Sunday,Day,50,2016/01/03,08:45:00,Yes,2.0,1.0,-36.71648999,142.1997227,HORSHAM
T20160000178,Dry,Dust,Collision with vehicle,Sunday,Day,110,2016/01/03,17:02:00,Yes,2.0,1.0,-34.27676354,141.7875012,MILDURA
T20160000184,Unknown,Not known,collision with some other object,Sunday,Dusk/Dawn,60,2016/01/03,19:00:00,Yes,3.0,3.0,-37.82086754,143.7594322,GOLDEN PLAINS
T20160000191,Dry,Clear,Collision with a fixed object,Monday,Dusk/Dawn,100,2016/01/04,05:20:00,Yes,1.0,1.0,-36.8539458,144.1697932,GREATER BENDIGO
T20160000192,Wet,Raining,Collision with a fixed object,Sunday,Day,60,2016/01/03,11:30:00,No,1.0,1.0,-38.09401955,147.0687617,WELLINGTON
T20160000195,Dry,Clear,Vehicle overturned (no collision),Sunday,Day,60,2016/01/03,15:15:00,No,1.0,1.0,-37.5600982,144.2996981,MOORABOOL
T20160000198,Dry,Clear,Collision with vehicle,Sunday,Day,60,2016/01/03,16:10:00,Yes,2.0,1.0,-38.0784379,144.3584045,GREATER GEELONG
T20160000203,Dry,Clear,Collision with vehicle,Monday,Day,60,2015/12/21,13:20:00,No,4.0,1.0,-36.75228041,145.5686889,STRATHBOGIE
T20160000210,Dry,Clear,Struck Pedestrian,Monday,Day,50,2016/01/04,12:20:00,No,2.0,2.0,-35.3411257,143.5577287,SWAN HILL
T20160000213,Wet,Raining,Collision with a fixed object,Monday,Day,100,2016/01/04,11:00:00,No,1.0,1.0,-36.18276083,147.2770312,TOWONG
T20160000215,Dry,Clear,Collision with vehicle,Tuesday,Day,50,2015/11/24,15:00:00,No,3.0,2.0,-36.7601602,144.2819724,GREATER BENDIGO
T20160000220,Dry,Clear,Vehicle overturned (no collision),Monday,Day,100,2016/01/04,12:30:00,No,2.0,2.0,-36.83906014,144.4443111,GREATER BENDIGO
T20160000221,Wet,Raining,Collision with vehicle,Monday,Day,60,2016/01/04,11:28:00,No,5.0,1.0,-37.96612346,147.0800654,WELLINGTON
T20160000223,Wet,Not known,No collision and no object struck,Monday,Dark No street lights,50,2016/01/04,02:00:00,Yes,1.0,1.0,-37.02331038,145.1580323,MITCHELL
T20160000225,Wet,Raining,Collision with a fixed object,Monday,Day,100,2016/01/04,10:00:00,No,3.0,1.0,-38.14927123,146.4411909,LATROBE
T20160000226,Wet,Raining,Vehicle overturned (no collision),Monday,Day,100,2016/01/04,09:40:00,No,2.0,1.0,-38.14854206,146.4508696,LATROBE
T20160000231,Unknown,Clear,collision with some other object,Monday,Day,40,2016/01/04,10:15:00,No,1.0,1.0,-37.34121071,144.7387907,MACEDON RANGES
T20160000232,Wet,Raining,Collision with vehicle,Sunday,Day,110,2016/01/03,16:30:00,Yes,3.0,3.0,-36.82015567,145.1643052,STRATHBOGIE
T20160000234,Dry,Clear,Collision with vehicle,Monday,Day,60,2016/01/04,15:15:00,No,2.0,1.0,-35.07127334,142.3235685,MILDURA
T20160000235,Dry,Clear,Collision with vehicle,Monday,Day,70,2016/01/04,09:00:00,Yes,2.0,1.0,-38.1334072,144.3511555,GREATER GEELONG
T20160000243,Dry,Clear,Collision with vehicle,Sunday,Day,60,2016/01/03,12:30:00,No,4.0,1.0,-38.51027138,145.2961289,BASS COAST
T20160000248,Dry,Clear,Collision with vehicle,Monday,Dark Street lights on,50,2016/01/04,23:00:00,Yes,3.0,2.0,-38.09034443,144.3473667,GREATER GEELONG
T20160000250,Dry,Clear,Struck animal,Tuesday,Dark No street lights,80,2016/01/05,00:30:00,Yes,2.0,2.0,-36.47333754,145.2227996,GREATER SHEPPARTON
T20160000253,Dry,Clear,Collision with a fixed object,Thursday,Day,60,2015/12/31,16:17:00,No,3.0,3.0,-37.61226872,143.8385767,BALLARAT
T20160000255,Dry,Clear,No collision and no object struck,Monday,Day,60,2016/01/04,15:55:00,No,1.0,1.0,-36.12680936,146.905404,WODONGA
T20160000257,Wet,Raining,Vehicle overturned (no collision),Monday,Day,100,2016/01/04,17:00:00,No,1.0,1.0,-38.09397241,146.0436501,BAW BAW
T20160000260,Dry,Clear,Collision with a fixed object,Tuesday,Day,50,2016/01/05,10:10:00,No,1.0,1.0,-36.12589535,146.8706384,WODONGA
T20160000263,Wet,Raining,Vehicle overturned (no collision),Tuesday,Day,100,2016/01/05,10:30:00,No,1.0,1.0,-37.56924611,149.0328876,EAST GIPPSLAND
T20160000265,Unknown,Not known,Struck Pedestrian,Wednesday,Unknown,50,2015/12/23,02:00:00,Yes,2.0,1.0,-38.38084973,142.4796394,WARRNAMBOOL
T20160000271,Dry,Clear,No collision and no object struck,Monday,Day,80,2015/11/09,10:30:00,No,1.0,1.0,-37.3387928,145.9543285,MURRINDINDI
T20160000276,Dry,Clear,Collision with vehicle,Tuesday,Day,60,2016/01/05,14:20:00,No,3.0,2.0,-37.30257955,144.950956,MITCHELL
T20160000279,Dry,Clear,Collision with vehicle,Tuesday,Dusk/Dawn,60,2015/11/24,19:00:00,Yes,3.0,1.0,-38.12871816,145.8479074,BAW BAW
T20160000291,Dry,Clear,No collision and no object struck,Tuesday,Day,999,2016/01/05,13:38:00,No,2.0,1.0,-36.86484043,147.2866004,FALLS CREEK ALPINE RESORT (UNINC)
T20160000292,Dry,Clear,Vehicle overturned (no collision),Tuesday,Day,80,2016/01/05,15:23:00,No,1.0,1.0,-36.75023991,142.1979998,HORSHAM
T20160000294,Wet,Raining,Collision with vehicle,Tuesday,Day,100,2016/01/05,14:30:00,No,3.0,1.0,-37.05188867,145.6683475,MURRINDINDI
T20160000298,Dry,Clear,Collision with vehicle,Tuesday,Day,80,2016/01/05,13:57:00,No,3.0,3.0,-38.46365922,145.25422,BASS COAST
T20160000304,Dry,Clear,Collision with vehicle,Tuesday,Day,60,2016/01/05,16:00:00,No,4.0,3.0,-37.55954521,143.8567067,BALLARAT
T20160000305,Dry,Clear,Collision with vehicle,Tuesday,Day,60,2016/01/05,18:18:00,Yes,2.0,2.0,-38.33657378,143.6021616,COLAC OTWAY
T20160000307,Dry,Clear,Collision with vehicle,Tuesday,Day,60,2016/01/05,16:50:00,No,2.0,1.0,-36.61051662,143.2469408,NORTHERN GRAMPIANS
T20160000308,Dry,Clear,Collision with vehicle,Tuesday,Day,60,2016/01/05,13:30:00,No,2.0,1.0,-36.78427043,144.2471614,GREATER BENDIGO
T20160000311,Dry,Clear,Collision with vehicle,Tuesday,Dusk/Dawn,60,2016/01/05,19:00:00,Yes,3.0,1.0,-38.43395616,145.8246913,SOUTH GIPPSLAND
T20160000314,Dry,Clear,Collision with a fixed object,Tuesday,Dusk/Dawn,50,2016/01/05,19:30:00,Yes,1.0,1.0,-38.53508964,143.9746396,SURF COAST
T20160000319,Wet,Clear,Collision with a fixed object,Tuesday,Dusk/Dawn,100,2016/01/05,20:00:00,Yes,1.0,1.0,-37.92590804,146.9944784,WELLINGTON
T20160000320,Dry,Clear,Collision with a fixed object,Tuesday,Dark No street lights,100,2016/01/05,22:05:00,Yes,1.0,1.0,-37.62111886,143.7992792,GOLDEN PLAINS
T20160000324,Dry,Clear,Vehicle overturned (no collision),Tuesday,Dark No street lights,50,2016/01/05,00:10:00,Yes,3.0,1.0,-37.47412381,144.9662277,MITCHELL
T20160000334,Dry,Clear,Collision with a fixed object,Wednesday,Day,100,2015/12/30,14:30:00,No,2.0,1.0,-37.41749463,145.0232763,MITCHELL
T20160000338,Dry,Clear,Collision with vehicle,Wednesday,Day,999,2016/01/06,09:48:00,No,2.0,1.0,-38.11034327,144.6371509,GREATER GEELONG
T20160000343,Dry,Clear,Collision with a fixed object,Wednesday,Day,110,2016/01/06,10:38:00,No,1.0,1.0,-37.5527623,144.0096708,MOORABOOL
T20160000345,Dry,Clear,Collision with a fixed object,Monday,Day,100,2016/01/04,16:30:00,No,2.0,2.0,-35.14914004,143.3676969,SWAN HILL
T20160000349,Unknown,Not known,No collision and no object struck,Sunday,Day,999,2015/12/27,17:00:00,Yes,1.0,1.0,-36.39782897,146.7634987,INDIGO
T20160000357,Dry,Not known,Collision with a fixed object,Wednesday,Dark No street lights,110,2015/11/11,23:30:00,Yes,1.0,1.0,-36.58006948,145.3380487,GREATER SHEPPARTON
T20160000359,Dry,Clear,No collision and no object struck,Monday,Day,100,2015/12/28,13:00:00,No,1.0,1.0,-37.52642789,145.8136318,MURRINDINDI
T20160000366,Dry,Clear,No collision and no object struck,Sunday,Day,40,2016/01/03,11:40:00,No,1.0,1.0,-37.16626971,145.5433602,MURRINDINDI
T20160000371,Dry,Clear,Collision with vehicle,Wednesday,Day,50,2016/01/06,15:30:00,No,1.0,1.0,-38.19472531,144.461401,GREATER GEELONG
T20160000374,Dry,Clear,Collision with vehicle,Wednesday,Day,60,2016/01/06,14:15:00,No,2.0,1.0,-38.4759345,145.9468031,SOUTH GIPPSLAND