Accident_No,Surface_Cond_Desc,Atmosph_Cond_Desc,Accident_Type_Desc,Day,Light_Condition_Desc,Speed_Zone,Accident_Date,Accident_Time,Alcohol_Influence,Total_Persons_Inv,Inj_Or_Fatal,Lat,Long,LGA
T20160000375,Dry,Clear,Collision with a fixed object,Wednesday,Day,100,2016/01/06,16:50:00,No,2.0,2.0,-36.64645826,144.5404455,GREATER BENDIGO
T20160000384,Dry,Clear,Collision with vehicle,Wednesday,Day,100,2016/01/06,16:57:00,No,4.0,3.0,-38.06998884,147.0896924,WELLINGTON
T20160000392,Dry,Clear,Collision with a fixed object,Wednesday,Dark Street lights on,60,2016/01/06,23:25:00,Yes,2.0,2.0,-36.76933529,144.2956701,GREATER BENDIGO
T20160000398,Dry,Clear,Collision with a fixed object,Wednesday,Dark No street lights,50,2016/01/06,22:45:00,Yes,1.0,1.0,-37.42989348,144.5805481,MACEDON RANGES
T20160000399,Dry,Clear,Collision with a fixed object,Wednesday,Dark Street lights on,60,2016/01/06,22:45:00,Yes,2.0,2.0,-37.56798285,143.8108594,BALLARAT
T20160000413,Dry,Clear,Collision with vehicle,Thursday,Day,100,2016/01/07,08:00:00,No,2.0,1.0,-38.31088911,146.3425944,LATROBE
T20160000421,Dry,Clear,No collision and no object struck,Tuesday,Day,50,2015/12/22,17:30:00,No,1.0,1.0,-37.04567887,143.7392484,CENTRAL GOLDFIELDS
T20160000423,Dry,Clear,Vehicle overturned (no collision),Saturday,Dark No street lights,100,2015/12/12,03:00:00,Yes,1.0,1.0,-36.17839623,141.3133777,HINDMARSH
T20160000432,Dry,Clear,Collision with a fixed object,Thursday,Unknown,60,2016/01/07,13:10:00,No,1.0,1.0,-38.51003119,143.7294067,COLAC OTWAY
T20160000442,Unknown,Not known,Collision with vehicle,Monday,Dusk/Dawn,70,2015/12/07,17:20:00,No,3.0,2.0,-38.18244313,144.3449339,GREATER GEELONG
T20160000456,Dry,Clear,Vehicle overturned (no collision),Saturday,Day,60,2015/12/26,16:20:00,Yes,2.0,1.0,-38.11142154,147.0684336,WELLINGTON
T20160000457,Dry,Clear,Collision with a fixed object,Thursday,Dusk/Dawn,110,2016/01/07,19:00:00,Yes,1.0,1.0,-37.15939978,145.0783776,MITCHELL
T20160000458,Dry,Clear,Collision with vehicle,Thursday,Day,80,2016/01/07,18:15:00,Yes,3.0,1.0,-34.1775506,142.1084801,MILDURA
T20160000465,Dry,Clear,Collision with vehicle,Thursday,Day,50,2016/01/07,19:00:00,Yes,2.0,1.0,-37.48569434,144.5899796,MACEDON RANGES
T20160000471,Dry,Clear,Collision with a fixed object,Thursday,Dusk/Dawn,999,2016/01/07,20:43:00,Yes,2.0,1.0,-38.14923004,144.3829901,GREATER GEELONG
T20160000474,Dry,Clear,Collision with vehicle,Wednesday,Day,50,2015/12/16,16:25:00,No,2.0,1.0,-38.11345033,147.0890929,WELLINGTON
T20160000488,Dry,Clear,Collision with vehicle,Friday,Day,100,2016/01/08,08:22:00,No,2.0,1.0,-38.01473184,143.9981294,GOLDEN PLAINS
T20160000492,Dry,Clear,Collision with vehicle,Friday,Day,60,2016/01/08,10:10:00,No,3.0,1.0,-38.38084767,142.4857097,WARRNAMBOOL
T20160000499,Dry,Clear,Collision with vehicle,Friday,Day,100,2016/01/08,08:30:00,No,7.0,4.0,-37.10382163,143.7760194,CENTRAL GOLDFIELDS
T20160000502,Dry,Clear,Collision with vehicle,Wednesday,Day,60,2016/01/06,18:15:00,Yes,2.0,1.0,-37.95302016,143.3360609,CORANGAMITE
T20160000503,Dry,Not known,Collision with a fixed object,Tuesday,Day,999,2016/01/05,17:30:00,No,1.0,1.0,-38.15955876,146.0842324,BAW BAW
T20160000504,Dry,Clear,Collision with vehicle,Friday,Day,60,2016/01/08,11:50:00,No,2.0,1.0,-38.16098481,144.3516163,GREATER GEELONG
T20160000505,Unknown,Clear,Collision with a fixed object,Friday,Dusk/Dawn,999,2015/10/02,20:00:00,Yes,1.0,1.0,-37.44502004,144.5070501,MACEDON RANGES
T20160000507,Dry,Clear,Collision with vehicle,Thursday,Day,40,2016/01/07,15:45:00,No,2.0,1.0,-37.562107,143.857737,BALLARAT
T20160000508,Dry,Clear,Collision with a fixed object,Monday,Day,60,2016/01/04,18:30:00,Yes,1.0,1.0,-36.76415482,144.2482888,GREATER BENDIGO
T20160000517,Dry,Clear,Vehicle overturned (no collision),Friday,Day,100,2016/01/08,11:53:00,No,1.0,1.0,-36.27265869,143.6685202,LODDON
T20160000522,Dry,Clear,Collision with vehicle,Friday,Day,50,2015/11/27,15:45:00,No,3.0,2.0,-36.1243574,144.7485954,CAMPASPE
T20160000525,Dry,Clear,Collision with vehicle,Friday,Day,60,2016/01/08,11:17:00,No,2.0,1.0,-37.06430054,142.7906789,NORTHERN GRAMPIANS
T20160000526,Dry,Clear,Collision with vehicle,Friday,Day,70,2016/01/08,14:20:00,No,2.0,1.0,-36.70627968,144.3159375,GREATER BENDIGO
T20160000528,Dry,Clear,Collision with vehicle,Friday,Day,60,2016/01/08,15:37:00,No,5.0,1.0,-37.82338486,147.6456048,EAST GIPPSLAND
T20160000549,Dry,Clear,Vehicle overturned (no collision),Saturday,Dark No street lights,60,2016/01/09,01:00:00,Yes,1.0,1.0,-37.41727435,144.9872092,MITCHELL
T20160000552,Dry,Clear,No collision and no object struck,Wednesday,Day,60,2016/01/06,08:00:00,No,2.0,1.0,-36.76144001,144.2923906,GREATER BENDIGO
T20160000556,Dry,Clear,Collision with vehicle,Saturday,Day,60,2016/01/09,09:00:00,No,2.0,1.0,-38.1869855,146.2847686,LATROBE
T20160000557,Dry,Clear,Vehicle overturned (no collision),Sunday,Day,60,2015/12/27,10:00:00,Yes,1.0,1.0,-37.18497114,142.5851212,ARARAT
T20160000563,Dry,Clear,Vehicle overturned (no collision),Saturday,Day,110,2016/01/09,07:26:00,Yes,2.0,2.0,-36.40055799,146.3184194,WANGARATTA
T20160000564,Dry,Clear,Collision with vehicle,Saturday,Day,60,2016/01/09,12:50:00,No,3.0,1.0,-37.55425472,143.8042404,BALLARAT
T20160000565,Dry,Clear,Collision with vehicle,Saturday,Day,80,2016/01/02,11:30:00,No,2.0,1.0,-38.08693059,145.7774723,BAW BAW
T20160000567,Dry,Clear,No collision and no object struck,Saturday,Day,100,2016/01/09,13:40:00,No,1.0,1.0,-38.03577423,145.9350092,BAW BAW
T20160000570,Muddy,Clear,Collision with a fixed object,Tuesday,Day,999,2016/01/05,16:15:00,No,1.0,1.0,-36.94822403,145.9020207,MANSFIELD
T20160000577,Dry,Clear,Collision with vehicle,Saturday,Day,60,2016/01/09,12:08:00,No,6.0,3.0,-34.20023418,142.1543775,MILDURA
T20160000578,Dry,Clear,Collision with vehicle,Saturday,Day,50,2016/01/09,13:30:00,No,2.0,1.0,-36.01412001,146.0044216,MOIRA
T20160000582,Dry,Clear,Collision with vehicle,Saturday,Day,60,2016/01/09,17:06:00,Yes,2.0,1.0,-38.19380015,146.52907,LATROBE
T20160000584,Dry,Not known,Collision with vehicle,Saturday,Day,60,2016/01/09,17:20:00,Yes,3.0,1.0,-38.45615488,145.2484035,BASS COAST
T20160000585,Dry,Clear,No collision and no object struck,Saturday,Day,60,2016/01/09,15:00:00,Yes,1.0,1.0,-36.93220693,145.66475,STRATHBOGIE
T20160000611,Dry,Clear,Collision with vehicle,Sunday,Day,60,2016/01/10,11:02:00,No,2.0,1.0,-38.25667473,144.5281394,GREATER GEELONG
T20160000621,Dry,Clear,Collision with vehicle,Sunday,Day,100,2016/01/10,13:00:00,No,5.0,1.0,-38.17388781,144.4531625,GREATER GEELONG
T20160000624,Dry,Clear,Vehicle overturned (no collision),Sunday,Day,60,2016/01/10,14:00:00,No,2.0,1.0,-38.43641151,143.3365506,COLAC OTWAY
T20160000628,Dry,Clear,Vehicle overturned (no collision),Sunday,Day,60,2016/01/10,16:15:00,Yes,1.0,1.0,-38.18238082,146.2672525,LATROBE
T20160000632,Dry,Clear,Collision with a fixed object,Sunday,Day,100,2016/01/10,15:30:00,No,1.0,1.0,-37.52036015,147.2377502,WELLINGTON
T20160000633,Dry,Clear,Collision with a fixed object,Sunday,Dark No street lights,100,2016/01/10,06:00:00,Yes,1.0,1.0,-36.66398203,147.7917165,EAST GIPPSLAND
T20160000637,Dry,Clear,Collision with a fixed object,Sunday,Day,100,2016/01/10,14:41:00,No,2.0,2.0,-36.79300945,143.2781311,NORTHERN GRAMPIANS
T20160000646,Dry,Clear,Vehicle overturned (no collision),Sunday,Dusk/Dawn,100,2016/01/10,19:50:00,Yes,4.0,4.0,-37.79775195,148.7186987,EAST GIPPSLAND
T20160000654,Dry,Clear,Collision with vehicle,Monday,Day,110,2015/11/09,07:26:00,Yes,2.0,1.0,-37.48777229,143.77299,BALLARAT
T20160000656,Dry,Clear,Collision with vehicle,Wednesday,Dusk/Dawn,50,2016/01/06,19:30:00,Yes,2.0,1.0,-37.54466993,143.8140191,BALLARAT
T20160000663,Dry,Clear,Vehicle overturned (no collision),Sunday,Day,60,2016/01/03,14:15:00,No,2.0,1.0,-37.55166702,143.9278743,BALLARAT
T20160000668,Unknown,Not known,No collision and no object struck,Tuesday,Day,999,2015/12/29,15:00:00,No,1.0,1.0,-38.16700209,147.3871071,WELLINGTON
T20160000678,Dry,Clear,Collision with vehicle,Monday,Day,80,2016/01/11,12:20:00,No,6.0,2.0,-35.92649759,145.6492072,MOIRA
T20160000686,Dry,Clear,Struck Pedestrian,Monday,Day,50,2016/01/11,13:30:00,No,3.0,1.0,-38.33225518,144.3253909,SURF COAST
T20160000694,Wet,Raining,Collision with a fixed object,Monday,Day,80,2016/01/11,10:15:00,No,1.0,1.0,-38.21893658,144.2880548,GREATER GEELONG
T20160000700,Wet,Raining,Collision with a fixed object,Monday,Day,100,2016/01/11,11:35:00,No,1.0,1.0,-37.26912009,144.4775307,MACEDON RANGES
T20160000703,Dry,Clear,Collision with vehicle,Monday,Day,40,2016/01/11,12:45:00,No,6.0,1.0,-38.11505662,144.6532707,GREATER GEELONG
T20160000705,Dry,Clear,Collision with a fixed object,Monday,Day,60,2016/01/11,15:10:00,No,1.0,1.0,-38.29416244,146.7010195,WELLINGTON
T20160000709,Unknown,Not known,Collision with vehicle,Thursday,Day,60,2015/12/10,17:15:00,No,4.0,1.0,-36.76730715,144.2755633,GREATER BENDIGO
T20160000710,Dry,Clear,No collision and no object struck,Monday,Day,80,2016/01/11,10:30:00,No,1.0,1.0,-37.42362902,144.48558,MACEDON RANGES
T20160000715,Dry,Clear,Collision with vehicle,Monday,Day,60,2016/01/11,16:25:00,Yes,2.0,2.0,-38.33161635,145.670146,SOUTH GIPPSLAND
T20160000731,Dry,Clear,Collision with a fixed object,Saturday,Day,60,2016/01/09,13:00:00,No,1.0,1.0,-36.85585878,146.3304046,WANGARATTA
T20160000734,Dry,Clear,Struck animal,Thursday,Dark Street lights unknown,100,2015/12/31,22:35:00,Yes,1.0,1.0,-37.10598939,144.4278108,MOUNT ALEXANDER
T20160000735,Dry,Clear,Collision with vehicle,Monday,Day,40,2016/01/11,13:50:00,No,4.0,3.0,-38.23631465,146.4309497,LATROBE
T20160000741,Dry,Clear,Collision with a fixed object,Thursday,Day,100,2015/12/31,11:00:00,No,1.0,1.0,-36.67874368,146.6780402,ALPINE
T20160000746,Dry,Clear,Collision with vehicle,Thursday,Day,60,2015/11/12,08:15:00,No,2.0,1.0,-36.74274761,144.2111997,GREATER BENDIGO
T20160000753,Dry,Clear,Collision with a fixed object,Sunday,Day,999,2016/01/10,12:30:00,No,1.0,1.0,-38.34424851,144.1438316,SURF COAST
T20160000764,Dry,Clear,Collision with vehicle,Tuesday,Day,60,2016/01/12,15:45:00,No,5.0,1.0,-36.38494706,145.4202318,GREATER SHEPPARTON
T20160000768,Dry,Clear,Collision with vehicle,Monday,Day,50,2015/12/21,15:30:00,No,3.0,2.0,-38.19666985,146.5379282,LATROBE
T20160000770,Dry,Clear,No collision and no object struck,Tuesday,Dusk/Dawn,999,2016/01/05,20:45:00,Yes,2.0,2.0,-36.41125203,146.2620196,WANGARATTA
T20160000773,Dry,Clear,Collision with a fixed object,Tuesday,Day,80,2016/01/12,17:05:00,No,1.0,1.0,-38.17072722,144.3923212,GREATER GEELONG
T20160000777,Dry,Not known,No collision and no object struck,Tuesday,Unknown,60,2016/01/05,14:35:00,No,1.0,1.0,-36.45481717,145.22836,GREATER SHEPPARTON
T20160000785,Dry,Clear,Collision with vehicle,Tuesday,Day,100,2016/01/12,19:30:00,Yes,3.0,1.0,-37.51140903,143.7060872,BALLARAT
T20160000798,Dry,Clear,Vehicle overturned (no collision),Tuesday,Dusk/Dawn,110,2016/01/12,21:00:00,Yes,3.0,1.0,-36.58076039,145.9688879,BENALLA
T20160000801,Dry,Clear,Collision with vehicle,Wednesday,Dusk/Dawn,100,2016/01/13,05:25:00,Yes,2.0,1.0,-37.75319355,144.4431354,MOORABOOL
T20160000802,Dry,Clear,Struck animal,Monday,Dusk/Dawn,60,2016/01/04,20:30:00,Yes,1.0,1.0,-36.69725993,144.2577596,GREATER BENDIGO
T20160000804,Dry,Clear,Collision with vehicle,Thursday,Day,50,2015/12/17,13:05:00,No,2.0,1.0,-38.17618885,146.2579435,LATROBE
T20160000808,Dry,Clear,Struck animal,Wednesday,Dark Street lights unknown,90,2016/01/06,22:00:00,Yes,1.0,1.0,-37.39348955,144.9771532,MITCHELL
T20160000813,Dry,Clear,Collision with vehicle,Wednesday,Day,50,2016/01/13,07:15:00,No,2.0,1.0,-36.13800456,144.7682444,CAMPASPE
T20160000817,Dry,Clear,Vehicle overturned (no collision),Monday,Day,100,2016/01/11,16:00:00,No,1.0,1.0,-36.11074,146.4722098,INDIGO
T20160000819,Dry,Clear,Struck animal,Monday,Dark No street lights,80,2015/09/28,01:00:00,Yes,1.0,1.0,-36.80921065,144.291427,GREATER BENDIGO
T20160000837,Dry,Clear,No collision and no object struck,Thursday,Day,110,2015/12/31,09:10:00,No,1.0,1.0,-37.46544997,144.9710827,MITCHELL
T20160000841,Dry,Clear,Collision with a fixed object,Wednesday,Day,60,2016/01/13,14:30:00,No,1.0,1.0,-36.40891449,145.3868799,GREATER SHEPPARTON
T20160000847,Dry,Clear,Collision with vehicle,Wednesday,Dark No street lights,100,2016/01/13,04:50:00,Yes,3.0,3.0,-36.01025157,146.6108776,INDIGO
T20160000858,Dry,Not known,Collision with vehicle,Saturday,Day,80,2015/11/07,12:05:00,No,2.0,2.0,-36.95592734,144.2360593,MOUNT ALEXANDER
T20160000859,Dry,Clear,No collision and no object struck,Monday,Dusk/Dawn,999,2016/01/11,19:00:00,Yes,1.0,1.0,-38.05907992,141.2914502,GLENELG
T20160000863,Dry,Clear,Collision with vehicle,Wednesday,Dusk/Dawn,80,2016/01/13,18:59:00,Yes,2.0,1.0,-38.06660545,144.3586549,GREATER GEELONG
T20160000868,Dry,Clear,Collision with a fixed object,Wednesday,Dark No street lights,100,2016/01/13,20:47:00,Yes,1.0,1.0,-34.75793991,142.6667599,SWAN HILL
T20160000870,Dry,Clear,Collision with vehicle,Monday,Day,70,2016/01/11,09:40:00,No,2.0,1.0,-38.20100917,144.3116243,GREATER GEELONG
T20160000877,Dry,Clear,Collision with a fixed object,Wednesday,Dark Street lights on,999,2016/01/13,23:40:00,Yes,4.0,4.0,-38.4025772,142.4753514,WARRNAMBOOL
T20160000878,Unknown,Not known,Vehicle overturned (no collision),Wednesday,Dusk/Dawn,60,2015/12/30,08:45:00,No,1.0,1.0,-37.89586934,146.886855,WELLINGTON
T20160000889,Dry,Clear,Collision with vehicle,Thursday,Day,60,2016/01/14,08:30:00,No,2.0,1.0,-38.15624539,144.3679443,GREATER GEELONG
T20160000893,Dry,Clear,Collision with vehicle,Thursday,Day,100,2016/01/14,08:05:00,No,2.0,2.0,-38.13085164,146.5603827,LATROBE
T20160000897,Dry,Clear,Fall from or in moving vehicle,Wednesday,Day,80,2015/12/09,17:15:00,No,2.0,1.0,-38.10326012,144.3169299,GREATER GEELONG
T20160000904,Dry,Clear,Collision with vehicle,Wednesday,Day,110,2016/01/13,16:12:00,No,5.0,1.0,-37.4737134,144.9730175,MITCHELL
T20160000910,Dry,Clear,No collision and no object struck,Sunday,Day,999,2016/01/10,14:30:00,No,1.0,1.0,-37.64557153,143.8990998,BALLARAT
T20160000913,Dry,Clear,Collision with a fixed object,Thursday,Day,100,2016/01/14,06:50:00,No,1.0,1.0,-36.14860924,147.0212308,WODONGA
T20160000931,Dry,Clear,Vehicle overturned (no collision),Wednesday,Day,100,2016/01/13,16:00:00,No,1.0,1.0,-36.89040366,144.7179789,GREATER BENDIGO
T20160000932,Dry,Clear,Collision with a fixed object,Thursday,Day,100,2016/01/14,12:00:00,No,1.0,1.0,-35.69818874,144.1322208,GANNAWARRA
T20160000939,Wet,Raining,Collision with vehicle,Thursday,Day,50,2016/01/14,16:05:00,No,3.0,2.0,-38.23520522,146.3970842,LATROBE
T20160000940,Wet,Clear,Collision with a fixed object,Thursday,Day,100,2016/01/14,15:55:00,No,1.0,1.0,-37.5188698,143.9103502,BALLARAT
T20160000942,Dry,Clear,Collision with vehicle,Thursday,Day,60,2016/01/14,16:30:00,No,2.0,1.0,-36.78135366,144.2589257,GREATER BENDIGO
T20160000948,Wet,Raining,Collision with a fixed object,Thursday,Day,80,2016/01/14,15:40:00,No,1.0,1.0,-37.69569903,148.7229882,EAST GIPPSLAND
T20160000949,Wet,Clear,Collision with a fixed object,Thursday,Day,50,2016/01/14,18:15:00,Yes,1.0,1.0,-38.22460196,146.4301928,LATROBE
T20160000951,Dry,Clear,No collision and no object struck,Friday,Day,999,2016/01/08,15:00:00,No,1.0,1.0,-37.20966052,144.6474713,MACEDON RANGES
T20160000960,Dry,Clear,Struck Pedestrian,Saturday,Day,50,2015/12/19,18:15:00,Yes,3.0,2.0,-38.18035318,146.3007723,LATROBE
T20160000969,Dry,Clear,Collision with vehicle,Thursday,Day,50,2015/11/26,16:55:00,No,2.0,1.0,-36.38831506,145.4021548,GREATER SHEPPARTON
T20160000977,Dry,Clear,Collision with vehicle,Thursday,Dark No street lights,100,2016/01/14,23:50:00,Yes,2.0,1.0,-36.39049093,141.5051809,HINDMARSH
T20160000978,Dry,Not known,Collision with vehicle,Sunday,Day,50,2016/01/10,11:15:00,No,2.0,1.0,-36.77730309,144.304144,GREATER BENDIGO
T20160000990,Dry,Clear,Collision with vehicle,Tuesday,Day,50,2016/01/12,10:30:00,No,5.0,1.0,-38.60699847,145.5938888,BASS COAST
T20160000992,Dry,Clear,Collision with a fixed object,Friday,Day,110,2016/01/15,08:50:00,No,2.0,1.0,-35.8445988,143.1687316,BULOKE
T20160000993,Dry,Clear,Collision with vehicle,Sunday,Dark Street lights on,60,2016/01/10,21:15:00,Yes,2.0,1.0,-36.74356635,144.274233,GREATER BENDIGO
T20160000995,Dry,Clear,Collision with vehicle,Wednesday,Day,60,2015/12/23,12:15:00,No,2.0,1.0,-36.38776074,145.3979285,GREATER SHEPPARTON
T20160000996,Dry,Clear,Collision with vehicle,Thursday,Day,60,2016/01/14,17:00:00,No,4.0,2.0,-38.45616159,145.2503168,BASS COAST
T20160001008,Dry,Clear,Collision with vehicle,Friday,Day,50,2016/01/15,15:21:00,No,5.0,1.0,-37.82450031,147.6205671,EAST GIPPSLAND
T20160001012,Wet,Raining,Collision with a fixed object,Thursday,Day,100,2016/01/14,18:30:00,Yes,1.0,1.0,-38.48954837,146.1311909,SOUTH GIPPSLAND
T20160001013,Dry,Clear,Collision with vehicle,Friday,Day,50,2016/01/15,16:35:00,No,2.0,1.0,-36.38964601,145.3567158,GREATER SHEPPARTON
T20160001016,Dry,Clear,Collision with vehicle,Friday,Day,60,2016/01/15,14:35:00,No,2.0,1.0,-37.31706333,144.1382859,HEPBURN
T20160001019,Dry,Clear,Collision with vehicle,Friday,Day,70,2016/01/15,12:09:00,No,4.0,3.0,-38.20494984,144.3406408,GREATER GEELONG
T20160001021,Dry,Clear,Collision with vehicle,Wednesday,Day,60,2015/12/09,15:45:00,No,2.0,1.0,-37.57095453,143.8199683,BALLARAT
T20160001022,Dry,Clear,Fall from or in moving vehicle,Friday,Day,999,2016/01/15,17:00:00,Yes,5.0,1.0,-36.66417095,146.4385937,WANGARATTA
T20160001024,Dry,Clear,Collision with vehicle,Friday,Day,50,2016/01/15,17:28:00,No,2.0,1.0,-36.12215075,146.8944141,WODONGA
T20160001049,Dry,Clear,Collision with vehicle,Friday,Day,50,2016/01/15,14:50:00,No,5.0,1.0,-38.11680021,144.679138,GREATER GEELONG
T20160001052,Dry,Clear,Struck animal,Friday,Dark No street lights,100,2016/01/15,23:00:00,Yes,2.0,2.0,-36.98044881,144.7699929,MITCHELL
T20160001058,Wet,Not known,Vehicle overturned (no collision),Tuesday,Day,100,2016/01/05,11:40:00,No,2.0,1.0,-37.02706099,147.5910101,EAST GIPPSLAND
T20160001059,Dry,Clear,Collision with vehicle,Saturday,Day,110,2016/01/16,11:45:00,No,2.0,1.0,-36.20159839,146.4592868,WANGARATTA
T20160001063,Dry,Clear,Collision with vehicle,Saturday,Day,60,2016/01/16,11:00:00,No,2.0,1.0,-38.31209772,144.3390325,SURF COAST
T20160001067,Dry,Clear,Collision with a fixed object,Saturday,Day,100,2016/01/16,13:00:00,No,1.0,1.0,-38.03834956,141.5300703,GLENELG
T20160001068,Unknown,Not known,Vehicle overturned (no collision),Monday,Dark No street lights,100,2016/01/11,22:25:00,Yes,1.0,1.0,-37.34591933,144.6068201,MACEDON RANGES
T20160001069,Dry,Clear,Collision with a fixed object,Wednesday,Day,100,2015/04/08,16:00:00,No,3.0,2.0,-36.6186996,145.5911042,STRATHBOGIE
T20160001080,Dry,Clear,Collision with a fixed object,Saturday,Day,100,2016/01/16,15:00:00,No,1.0,1.0,-37.74501015,147.2765403,EAST GIPPSLAND
T20160001087,Dry,Clear,Collision with vehicle,Saturday,Day,50,2016/01/16,16:50:00,Yes,3.0,1.0,-36.39443253,145.359371,GREATER SHEPPARTON
T20160001096,Dry,Clear,Collision with vehicle,Saturday,Day,100,2016/01/16,17:45:00,Yes,9.0,2.0,-38.48612008,143.7360305,COLAC OTWAY
T20160001103,Dry,Clear,Collision with vehicle,Saturday,Dark Street lights on,60,2016/01/16,22:15:00,Yes,5.0,1.0,-36.75737269,144.2919333,GREATER BENDIGO
T20160001105,Dry,Clear,Collision with vehicle,Saturday,Dark No street lights,100,2016/01/16,23:28:00,Yes,2.0,1.0,-37.39280152,143.6917475,BALLARAT
T20160001109,Dry,Clear,Collision with vehicle,Saturday,Day,60,2016/01/16,13:35:00,No,4.0,2.0,-38.63098191,145.7254961,BASS COAST
T20160001119,Dry,Clear,Collision with vehicle,Sunday,Day,100,2016/01/17,11:00:00,No,4.0,3.0,-37.90738361,147.1179022,WELLINGTON
T20160001120,Dry,Clear,Collision with vehicle,Sunday,Day,60,2016/01/10,11:50:00,No,2.0,1.0,-38.13066115,144.3383073,GREATER GEELONG
T20160001122,Dry,Clear,No collision and no object struck,Sunday,Day,100,2016/01/17,11:56:00,No,1.0,1.0,-36.71777031,147.092601,ALPINE
T20160001136,Dry,Not known,Collision with vehicle,Sunday,Day,999,2016/01/17,11:14:00,No,4.0,1.0,-38.75495999,143.621746,COLAC OTWAY
T20160001144,Dry,Clear,Collision with vehicle,Sunday,Day,60,2016/01/17,16:50:00,Yes,5.0,2.0,-36.7596259,144.3174301,GREATER BENDIGO
T20160001145,Dry,Clear,Collision with a fixed object,Sunday,Day,100,2016/01/17,15:50:00,No,2.0,2.0,-36.53122008,145.0463092,CAMPASPE
T20160001148,Dry,Clear,Collision with vehicle,Sunday,Day,80,2016/01/17,17:00:00,Yes,3.0,3.0,-37.42347939,145.4229415,MURRINDINDI
T20160001153,Dry,Clear,Collision with a fixed object,Sunday,Dusk/Dawn,100,2016/01/17,19:10:00,Yes,3.0,2.0,-38.35792154,146.1890935,SOUTH GIPPSLAND
T20160001162,Dry,Clear,Collision with a fixed object,Sunday,Dark No street lights,50,2016/01/17,23:30:00,Yes,3.0,1.0,-38.37252901,142.4622424,WARRNAMBOOL
T20160001174,Dry,Clear,Collision with vehicle,Monday,Day,80,2016/01/04,18:30:00,Yes,2.0,1.0,-38.74625001,143.2586803,COLAC OTWAY
T20160001176,Dry,Clear,Collision with a fixed object,Monday,Day,100,2016/01/18,07:35:00,Yes,1.0,1.0,-38.27912551,142.0012865,MOYNE
T20160001177,Dry,Clear,Collision with vehicle,Monday,Day,80,2016/01/18,08:50:00,No,3.0,1.0,-38.26713911,144.5835694,GREATER GEELONG
T20160001179,Wet,Raining,Collision with vehicle,Wednesday,Dark Street lights on,50,2015/11/04,20:30:00,Yes,2.0,1.0,-38.13209812,144.3499273,GREATER GEELONG
T20160001183,Wet,Raining,Collision with a fixed object,Wednesday,Day,80,2016/01/06,11:00:00,No,1.0,1.0,-39.00053588,146.3007647,SOUTH GIPPSLAND
T20160001191,Dry,Clear,Collision with vehicle,Monday,Day,100,2016/01/18,09:50:00,No,3.0,1.0,-38.07933589,144.2372224,GOLDEN PLAINS
T20160001196,Dry,Clear,No collision and no object struck,Sunday,Day,999,2016/01/17,17:00:00,Yes,1.0,1.0,-37.74766964,146.9238188,WELLINGTON
T20160001201,Wet,Not known,Collision with a fixed object,Tuesday,Day,100,2015/12/08,07:40:00,No,1.0,1.0,-38.33677769,145.7023717,SOUTH GIPPSLAND
T20160001209,Dry,Clear,Collision with a fixed object,Monday,Day,100,2016/01/18,14:25:00,No,1.0,1.0,-37.93961731,146.0163585,BAW BAW
T20160001210,Dry,Clear,Collision with a fixed object,Monday,Day,50,2016/01/18,11:30:00,No,1.0,1.0,-38.77983695,143.6631384,COLAC OTWAY
T20160001227,Dry,Clear,Collision with vehicle,Sunday,Day,60,2016/01/17,15:20:00,No,3.0,1.0,-37.59661998,143.8411816,BALLARAT
T20160001236,Dry,Clear,Collision with vehicle,Monday,Day,999,2016/01/18,16:00:00,No,2.0,1.0,-36.79263417,144.2443621,GREATER BENDIGO
T20160001244,Dry,Clear,Collision with a fixed object,Tuesday,Dark No street lights,100,2016/01/19,00:10:00,Yes,3.0,1.0,-38.06585193,147.0566143,WELLINGTON
T20160001249,Dry,Not known,Collision with vehicle,Thursday,Day,60,2015/11/12,11:00:00,No,2.0,1.0,-38.17186675,144.2927828,GREATER GEELONG
T20160001250,Dry,Clear,No collision and no object struck,Monday,Day,100,2016/01/18,16:30:00,No,1.0,1.0,-37.37505194,143.2039691,ARARAT
T20160001252,Dry,Clear,Collision with vehicle,Tuesday,Day,50,2016/01/19,08:55:00,No,3.0,1.0,-38.20082258,146.5550971,LATROBE
T20160001257,Dry,Clear,Struck Pedestrian,Tuesday,Day,60,2016/01/19,08:15:00,No,2.0,1.0,-36.54766005,145.9818998,BENALLA
T20160001264,Dry,Clear,Collision with vehicle,Tuesday,Day,50,2016/01/19,11:42:00,No,2.0,1.0,-34.18958577,142.157427,MILDURA
T20160001266,Dry,Clear,Collision with a fixed object,Tuesday,Day,60,2016/01/19,11:05:00,No,1.0,1.0,-36.78116256,144.2615893,GREATER BENDIGO
T20160001269,Dry,Clear,No collision and no object struck,Tuesday,Day,999,2015/12/29,11:30:00,No,1.0,1.0,-37.76924867,146.7855604,WELLINGTON
T20160001272,Dry,Clear,Struck animal,Sunday,Dark No street lights,110,2016/01/10,00:30:00,No,1.0,1.0,-36.71747944,145.1950082,STRATHBOGIE
T20160001273,Dry,Clear,Collision with vehicle,Tuesday,Day,60,2016/01/19,09:30:00,No,2.0,1.0,-37.6429605,143.686109,GOLDEN PLAINS
T20160001278,Unknown,Not known,No collision and no object struck,Sunday,Day,999,2016/01/03,10:30:00,No,1.0,1.0,-37.93291929,145.854074,BAW BAW
T20160001282,Dry,Clear,Collision with a fixed object,Tuesday,Day,100,2016/01/19,14:45:00,No,1.0,1.0,-38.40649809,143.0880457,CORANGAMITE