Accident_No,Surface_Cond_Desc,Atmosph_Cond_Desc,Accident_Type_Desc,Day,Light_Condition_Desc,Speed_Zone,Accident_Date,Accident_Time,Alcohol_Influence,Total_Persons_Inv,Inj_Or_Fatal,Lat,Long,LGA
T20160001287,Dry,Clear,Collision with vehicle,Wednesday,Day,50,2016/01/13,12:50:00,No,2.0,1.0,-38.14573249,144.3384595,GREATER GEELONG
T20160001303,Dry,Clear,Struck Pedestrian,Tuesday,Day,40,2016/01/19,18:12:00,Yes,3.0,1.0,-37.60463149,143.8346996,BALLARAT
T20160001305,Dry,Clear,Vehicle overturned (no collision),Tuesday,Day,110,2016/01/19,17:15:00,No,1.0,1.0,-34.40573001,142.1867036,MILDURA
T20160001306,Dry,Clear,Collision with vehicle,Tuesday,Day,110,2016/01/19,17:40:00,No,3.0,1.0,-37.22288619,144.419765,MACEDON RANGES
T20160001308,Unknown,Clear,Collision with vehicle,Tuesday,Day,999,2016/01/19,15:30:00,No,5.0,1.0,-38.14763728,144.3620112,GREATER GEELONG
T20160001310,Dry,Clear,Collision with a fixed object,Tuesday,Dusk/Dawn,50,2016/01/19,19:30:00,Yes,1.0,1.0,-38.22969285,146.3938972,LATROBE
T20160001315,Dry,Clear,Collision with a fixed object,Friday,Day,80,2016/01/08,07:00:00,No,1.0,1.0,-35.81941956,145.555941,MOIRA
T20160001330,Dry,Clear,Collision with vehicle,Sunday,Day,60,2016/01/17,17:50:00,No,3.0,1.0,-37.91508299,147.7190592,EAST GIPPSLAND
T20160001333,Dry,Clear,Collision with vehicle,Monday,Day,70,2015/12/07,15:50:00,No,2.0,1.0,-36.73347154,142.2055295,HORSHAM
T20160001334,Wet,Raining,Collision with vehicle,Wednesday,Day,60,2016/01/20,07:15:00,No,2.0,1.0,-38.13014957,145.8443194,BAW BAW
T20160001335,Wet,Raining,Collision with a fixed object,Wednesday,Day,60,2016/01/20,08:20:00,No,2.0,1.0,-37.40374179,144.9558894,MITCHELL
T20160001340,Dry,Clear,Collision with vehicle,Thursday,Day,60,2015/12/17,12:20:00,No,3.0,2.0,-38.16577419,145.9325994,BAW BAW
T20160001349,Wet,Raining,Vehicle overturned (no collision),Wednesday,Day,100,2016/01/20,09:00:00,No,1.0,1.0,-38.52686536,145.4423262,BASS COAST
T20160001352,Wet,Raining,Collision with a fixed object,Wednesday,Day,100,2016/01/20,07:40:00,No,1.0,1.0,-38.55561958,145.6498301,BASS COAST
T20160001359,Dry,Clear,Collision with vehicle,Monday,Day,50,2015/12/14,15:45:00,No,2.0,1.0,-36.72205808,144.3067615,GREATER BENDIGO
T20160001362,Wet,Clear,Collision with vehicle,Wednesday,Day,100,2016/01/20,11:50:00,No,2.0,1.0,-38.56067969,145.9504005,SOUTH GIPPSLAND
T20160001366,Dry,Clear,No collision and no object struck,Tuesday,Dark No street lights,999,2015/12/15,01:30:00,Yes,2.0,2.0,-38.63086096,143.8883726,COLAC OTWAY
T20160001369,Dry,Clear,Struck Pedestrian,Wednesday,Day,50,2016/01/20,12:40:00,No,2.0,1.0,-37.82650573,147.6321756,EAST GIPPSLAND
T20160001370,Wet,Raining,No collision and no object struck,Wednesday,Day,100,2016/01/20,11:00:00,No,1.0,1.0,-36.74250042,147.4477802,TOWONG
T20160001389,Dry,Clear,Collision with vehicle,Wednesday,Day,100,2016/01/20,16:45:00,No,3.0,1.0,-34.13045262,142.0175871,MILDURA
T20160001394,Dry,Clear,Struck Pedestrian,Wednesday,Day,50,2016/01/20,17:30:00,No,2.0,1.0,-38.06891005,144.3587456,GREATER GEELONG
T20160001395,Dry,Clear,Struck Pedestrian,Wednesday,Dark Street lights on,999,2016/01/20,23:35:00,Yes,2.0,1.0,-38.09301947,144.3479657,GREATER GEELONG
T20160001396,Dry,Clear,Struck animal,Wednesday,Dark No street lights,80,2016/01/20,05:05:00,Yes,1.0,1.0,-38.35218664,142.4616523,WARRNAMBOOL
T20160001413,Dry,Clear,No collision and no object struck,Friday,Day,80,2015/12/04,10:00:00,No,1.0,1.0,-37.20186575,148.7284131,EAST GIPPSLAND
T20160001414,Dry,Clear,Collision with vehicle,Thursday,Day,50,2016/01/21,08:00:00,No,2.0,1.0,-36.31460825,145.0473832,CAMPASPE
T20160001423,Dry,Clear,Collision with a fixed object,Thursday,Day,100,2016/01/21,13:00:00,No,1.0,1.0,-36.9138888,144.7884684,GREATER BENDIGO
T20160001429,Dry,Clear,Collision with a fixed object,Thursday,Day,100,2016/01/21,14:13:00,No,1.0,1.0,-36.5347624,146.2381076,WANGARATTA
T20160001432,Dry,Not known,Vehicle overturned (no collision),Tuesday,Day,999,2016/01/19,16:45:00,No,1.0,1.0,-37.75433893,147.9228779,EAST GIPPSLAND
T20160001433,Dry,Clear,Collision with vehicle,Thursday,Day,50,2016/01/21,16:20:00,No,1.0,1.0,-38.2823073,144.4911905,GREATER GEELONG
T20160001436,Dry,Clear,Struck animal,Saturday,Dusk/Dawn,999,2016/01/09,19:45:00,Yes,1.0,1.0,-38.04540969,144.3143173,GREATER GEELONG
T20160001439,Dry,Clear,Collision with a fixed object,Monday,Day,100,2015/12/14,09:45:00,No,1.0,1.0,-38.19729695,146.4472874,LATROBE
T20160001440,Dry,Clear,Collision with vehicle,Thursday,Day,100,2016/01/21,15:33:00,No,4.0,2.0,-38.01943951,146.7452601,WELLINGTON
T20160001457,Dry,Clear,Collision with a fixed object,Monday,Dark No street lights,999,2016/01/18,23:33:00,Yes,1.0,1.0,-38.16316021,146.7635214,WELLINGTON
T20160001459,Dry,Clear,Collision with vehicle,Thursday,Day,50,2016/01/21,12:55:00,No,2.0,1.0,-36.37243131,146.3168915,WANGARATTA
T20160001462,Wet,Raining,Collision with vehicle,Friday,Day,60,2016/01/22,08:00:00,No,2.0,2.0,-38.16885356,144.3316348,GREATER GEELONG
T20160001469,Wet,Raining,Collision with vehicle,Friday,Day,60,2016/01/22,10:40:00,No,2.0,1.0,-36.75979013,144.3215568,GREATER BENDIGO
T20160001486,Dry,Clear,Collision with vehicle,Friday,Day,40,2016/01/22,13:27:00,No,2.0,2.0,-37.56217646,143.8606957,BALLARAT
T20160001493,Wet,Raining,Collision with a fixed object,Friday,Day,100,2016/01/22,12:35:00,No,3.0,3.0,-36.97290977,142.1789206,HORSHAM
T20160001497,Dry,Not known,Collision with a fixed object,Sunday,Day,80,2016/01/17,12:50:00,No,1.0,1.0,-37.23713691,145.2215592,MURRINDINDI
T20160001502,Dry,Clear,Collision with vehicle,Tuesday,Day,60,2016/01/19,17:35:00,No,3.0,1.0,-36.75837264,144.2873756,GREATER BENDIGO
T20160001503,Wet,Raining,Collision with vehicle,Friday,Day,110,2016/01/22,13:40:00,No,7.0,2.0,-37.12127942,145.0913763,MITCHELL
T20160001510,Dry,Clear,Collision with vehicle,Wednesday,Day,50,2015/12/09,08:55:00,No,2.0,1.0,-36.76230958,144.2627608,GREATER BENDIGO
T20160001511,Wet,Clear,Collision with vehicle,Friday,Day,100,2016/01/22,17:59:00,No,5.0,1.0,-38.44973756,145.8449454,SOUTH GIPPSLAND
T20160001515,Dry,Clear,No collision and no object struck,Friday,Day,60,2016/01/15,16:00:00,Yes,1.0,1.0,-36.90597167,147.0504734,ALPINE
T20160001527,Dry,Clear,Collision with vehicle,Thursday,Dusk/Dawn,80,2016/01/21,18:50:00,Yes,3.0,2.0,-37.35064596,145.0213399,MITCHELL
T20160001544,Wet,Raining,Vehicle overturned (no collision),Friday,Dark No street lights,100,2016/01/22,20:50:00,Yes,1.0,1.0,-37.42505962,144.7315398,MACEDON RANGES
T20160001547,Wet,Raining,Collision with a fixed object,Friday,Day,100,2016/01/22,17:40:00,No,1.0,1.0,-38.41743579,146.7471598,WELLINGTON
T20160001548,Dry,Clear,Collision with a fixed object,Friday,Dusk/Dawn,100,2016/01/22,20:30:00,Yes,2.0,2.0,-37.21755986,146.1622602,MANSFIELD
T20160001563,Wet,Raining,Collision with a fixed object,Friday,Day,100,2016/01/22,12:00:00,No,1.0,1.0,-37.28909411,144.8905093,MITCHELL
T20160001566,Wet,Raining,Vehicle overturned (no collision),Friday,Dusk/Dawn,110,2016/01/22,07:50:00,No,1.0,1.0,-35.39238997,142.7634609,BULOKE
T20160001568,Wet,Raining,Collision with vehicle,Friday,Day,60,2016/01/22,14:41:00,No,2.0,1.0,-38.09870426,144.3540092,GREATER GEELONG
T20160001575,Wet,Raining,Collision with a fixed object,Saturday,Day,80,2016/01/23,11:40:00,No,2.0,1.0,-38.19109046,146.2836471,LATROBE
T20160001582,Dry,Clear,Vehicle overturned (no collision),Friday,Day,999,2016/01/15,14:30:00,No,1.0,1.0,-37.22243263,145.5920691,MURRINDINDI
T20160001591,Dry,Clear,Collision with vehicle,Saturday,Day,60,2016/01/23,06:30:00,No,4.0,2.0,-36.7869441,144.5019971,GREATER BENDIGO
T20160001596,Dry,Clear,Collision with a fixed object,Saturday,Day,100,2016/01/23,15:10:00,Yes,2.0,1.0,-38.215793,143.0206192,CORANGAMITE
T20160001598,Wet,Raining,collision with some other object,Saturday,Day,999,2016/01/02,16:00:00,Yes,1.0,1.0,-36.76126147,146.3683089,WANGARATTA
T20160001599,Dry,Not known,Collision with vehicle,Saturday,Day,60,2016/01/23,09:10:00,No,2.0,1.0,-37.53648329,143.8597608,BALLARAT
T20160001613,Dry,Clear,Collision with vehicle,Wednesday,Day,50,2016/01/20,12:38:00,No,2.0,1.0,-38.32615934,144.3258888,SURF COAST
T20160001614,Dry,Clear,Collision with a fixed object,Saturday,Dark No street lights,100,2016/01/23,21:45:00,Yes,3.0,3.0,-36.066121,146.3936612,INDIGO
T20160001621,Wet,Raining,Vehicle overturned (no collision),Saturday,Dark No street lights,100,2016/01/23,22:15:00,Yes,1.0,1.0,-38.52685676,143.050337,CORANGAMITE
T20160001631,Dry,Clear,Struck animal,Friday,Day,999,2016/01/08,12:00:00,No,1.0,1.0,-36.80427834,145.8587983,STRATHBOGIE
T20160001638,Dry,Clear,Vehicle overturned (no collision),Sunday,Day,80,2016/01/24,09:20:00,Yes,1.0,1.0,-36.1402364,146.914672,WODONGA
T20160001639,Dry,Not known,Collision with a fixed object,Sunday,Dusk/Dawn,100,2016/01/24,06:30:00,Yes,1.0,1.0,-38.18498962,147.204387,WELLINGTON
T20160001647,Dry,Clear,Collision with a fixed object,Sunday,Day,50,2016/01/24,07:21:00,Yes,1.0,1.0,-38.15476041,144.3544542,GREATER GEELONG
T20160001648,Dry,Clear,Collision with vehicle,Sunday,Day,50,2016/01/24,12:20:00,No,4.0,1.0,-36.5528163,145.9805735,BENALLA
T20160001651,Dry,Clear,Collision with vehicle,Tuesday,Day,60,2016/01/19,11:05:00,No,2.0,1.0,-38.11081693,144.3433954,GREATER GEELONG
T20160001661,Dry,Clear,Collision with vehicle,Sunday,Day,60,2016/01/24,16:15:00,Yes,4.0,3.0,-37.8210042,147.5973722,EAST GIPPSLAND
T20160001668,Dry,Clear,Collision with a fixed object,Sunday,Day,100,2016/01/24,17:00:00,Yes,1.0,1.0,-37.77017042,144.3859036,MOORABOOL
T20160001677,Dry,Clear,Collision with vehicle,Sunday,Day,50,2016/01/24,15:13:00,No,2.0,1.0,-36.38162118,145.4033339,GREATER SHEPPARTON
T20160001679,Dry,Clear,Vehicle overturned (no collision),Sunday,Dusk/Dawn,100,2016/01/24,19:00:00,Yes,1.0,1.0,-38.49893996,145.5705784,BASS COAST
T20160001684,Dry,Clear,Collision with a fixed object,Sunday,Dark No street lights,110,2016/01/24,20:49:00,Yes,5.0,5.0,-37.13404119,145.0861532,MITCHELL
T20160001699,Dry,Clear,Vehicle overturned (no collision),Monday,Dusk/Dawn,100,2016/01/25,06:10:00,No,5.0,5.0,-35.28342941,143.5316319,SWAN HILL
T20160001703,Dry,Clear,Collision with vehicle,Monday,Day,100,2016/01/25,08:10:00,No,3.0,2.0,-38.34784563,142.2873561,MOYNE
T20160001705,Wet,Raining,Collision with a fixed object,Wednesday,Day,60,2016/01/20,09:30:00,No,1.0,1.0,-38.29386152,146.7004449,WELLINGTON
T20160001707,Dry,Clear,Collision with a fixed object,Monday,Dusk/Dawn,100,2016/01/25,06:30:00,No,2.0,2.0,-36.26980004,147.2452925,TOWONG
T20160001710,Dry,Clear,No collision and no object struck,Monday,Day,999,2016/01/25,09:00:00,Yes,1.0,1.0,-37.70409898,144.0383482,MOORABOOL
T20160001716,Dry,Clear,Collision with a fixed object,Monday,Day,100,2016/01/25,08:59:00,No,1.0,1.0,-38.43579389,145.9494198,SOUTH GIPPSLAND
T20160001720,Dry,Clear,Collision with vehicle,Monday,Day,60,2016/01/25,14:15:00,No,3.0,1.0,-34.21469756,142.1251529,MILDURA
T20160001728,Dry,Clear,No collision and no object struck,Sunday,Day,100,2016/01/24,11:20:00,No,1.0,1.0,-37.050079,144.283268,MOUNT ALEXANDER
T20160001732,Dry,Clear,Collision with a fixed object,Monday,Day,110,2016/01/25,12:37:00,No,3.0,2.0,-38.16958217,145.9472112,BAW BAW
T20160001734,Dry,Clear,Vehicle overturned (no collision),Monday,Day,100,2016/01/25,14:30:00,No,1.0,1.0,-36.33053353,146.5645887,WANGARATTA
T20160001738,Dry,Clear,Collision with vehicle,Monday,Day,60,2016/01/25,18:05:00,Yes,2.0,1.0,-38.12053116,144.3339977,GREATER GEELONG
T20160001739,Dry,Clear,Struck Pedestrian,Monday,Day,60,2016/01/25,17:05:00,No,2.0,2.0,-38.28724695,146.1761676,BAW BAW
T20160001747,Dry,Clear,Collision with vehicle,Monday,Day,80,2016/01/25,18:00:00,Yes,4.0,3.0,-38.35725813,142.5037443,WARRNAMBOOL
T20160001764,Dry,Fog,Collision with a fixed object,Sunday,Dusk/Dawn,110,2015/08/09,05:53:00,Yes,1.0,1.0,-36.10765684,146.9028461,WODONGA
T20160001769,Dry,Clear,Collision with vehicle,Tuesday,Day,80,2016/01/26,10:45:00,No,8.0,1.0,-36.70635005,146.9212877,ALPINE
T20160001770,Wet,Not known,Fall from or in moving vehicle,Tuesday,Day,60,2015/12/08,08:15:00,No,1.0,1.0,-36.72832691,144.3166306,GREATER BENDIGO
T20160001778,Dry,Clear,Fall from or in moving vehicle,Tuesday,Day,80,2016/01/26,11:50:00,No,1.0,1.0,-37.52349641,145.3285425,MURRINDINDI
T20160001779,Dry,Clear,Collision with vehicle,Tuesday,Day,100,2016/01/26,10:25:00,No,6.0,3.0,-38.22289185,146.1621222,BAW BAW
T20160001784,Dry,Clear,Collision with vehicle,Tuesday,Day,100,2016/01/26,12:00:00,No,4.0,4.0,-37.69416258,143.9732438,MOORABOOL
T20160001785,Dry,Clear,No collision and no object struck,Saturday,Day,60,2016/01/23,17:00:00,Yes,1.0,1.0,-38.22894496,146.3982611,LATROBE
T20160001789,Dry,Clear,Collision with a fixed object,Tuesday,Day,100,2016/01/26,12:00:00,No,2.0,2.0,-37.39794934,142.6578486,ARARAT
T20160001794,Dry,Clear,Collision with vehicle,Tuesday,Day,70,2016/01/26,14:00:00,No,2.0,1.0,-37.55568786,143.819036,BALLARAT
T20160001796,Dry,Clear,Collision with vehicle,Tuesday,Day,100,2016/01/26,12:30:00,No,2.0,2.0,-37.33878996,145.95432,MURRINDINDI
T20160001797,Dry,Clear,Collision with a fixed object,Tuesday,Day,100,2016/01/26,16:00:00,No,2.0,2.0,-38.56800901,143.6744887,COLAC OTWAY
T20160001799,Dry,Clear,Collision with a fixed object,Tuesday,Day,80,2016/01/26,17:15:00,No,3.0,3.0,-38.33316,145.7263701,SOUTH GIPPSLAND
T20160001816,Dry,Clear,Vehicle overturned (no collision),Tuesday,Dark No street lights,60,2016/01/26,23:28:00,Yes,2.0,2.0,-38.16424257,144.5056206,GREATER GEELONG
T20160001820,Dry,Clear,Struck animal,Tuesday,Dark No street lights,100,2016/01/26,22:40:00,Yes,4.0,4.0,-37.37500751,143.2038111,ARARAT
T20160001827,Dry,Clear,No collision and no object struck,Tuesday,Dusk/Dawn,100,2016/01/26,05:20:00,Yes,1.0,1.0,-36.77861491,144.4634414,GREATER BENDIGO
T20160001828,Dry,Clear,Collision with a fixed object,Wednesday,Day,100,2016/01/27,07:00:00,No,1.0,1.0,-37.40863688,143.4150357,PYRENEES
T20160001829,Dry,Clear,Collision with vehicle,Wednesday,Day,50,2016/01/27,08:28:00,No,3.0,1.0,-38.37880167,142.4729064,WARRNAMBOOL
T20160001830,Dry,Clear,Collision with vehicle,Wednesday,Day,999,2016/01/27,08:00:00,No,3.0,1.0,-37.28283189,142.9350497,ARARAT
T20160001832,Wet,Raining,Struck Pedestrian,Wednesday,Day,50,2016/01/27,08:50:00,No,2.0,1.0,-36.35529062,146.3265998,WANGARATTA
T20160001834,Dry,Clear,Collision with vehicle,Wednesday,Day,80,2016/01/27,07:25:00,No,3.0,2.0,-38.71195024,143.7084044,COLAC OTWAY
T20160001852,Dry,Clear,Collision with vehicle,Tuesday,Day,80,2016/01/26,16:03:00,No,2.0,1.0,-37.64851588,143.8764422,BALLARAT
T20160001858,Unknown,Not known,collision with some other object,Tuesday,Day,100,2016/01/26,15:30:00,No,2.0,1.0,-38.12591424,144.2411585,GOLDEN PLAINS
T20160001862,Dry,Clear,Collision with vehicle,Friday,Day,60,2015/12/04,09:00:00,No,2.0,1.0,-36.91684153,144.7031539,GREATER BENDIGO
T20160001874,Dry,Clear,Collision with vehicle,Wednesday,Day,60,2016/01/27,15:30:00,No,2.0,1.0,-37.05437746,143.7297395,CENTRAL GOLDFIELDS
T20160001875,Dry,Clear,Collision with a fixed object,Wednesday,Day,100,2016/01/27,12:40:00,No,1.0,1.0,-37.30764909,145.0926486,MITCHELL
T20160001878,Dry,Clear,Collision with a fixed object,Wednesday,Day,80,2016/01/27,15:20:00,No,1.0,1.0,-38.4966788,145.24834,BASS COAST
T20160001885,Dry,Clear,Collision with a fixed object,Wednesday,Day,110,2016/01/27,17:00:00,No,1.0,1.0,-37.12758004,145.0892802,MITCHELL
T20160001890,Dry,Clear,Collision with a fixed object,Wednesday,Day,110,2016/01/27,17:20:00,No,1.0,1.0,-36.5493304,146.0393903,BENALLA
T20160001897,Dry,Clear,Fall from or in moving vehicle,Wednesday,Day,100,2016/01/27,15:10:00,No,2.0,1.0,-37.16428006,144.3579786,MOUNT ALEXANDER
T20160001900,Dry,Clear,Collision with vehicle,Wednesday,Day,100,2016/01/27,13:10:00,No,3.0,3.0,-38.6100785,143.1840495,CORANGAMITE
T20160001911,Dry,Not known,Collision with a fixed object,Wednesday,Dark No street lights,100,2016/01/27,23:30:00,Yes,1.0,1.0,-37.80657986,147.72202,EAST GIPPSLAND
T20160001920,Dry,Clear,Struck Pedestrian,Monday,Day,50,2016/01/11,10:30:00,No,2.0,1.0,-36.54944011,145.9866354,BENALLA
T20160001924,Dry,Clear,Vehicle overturned (no collision),Thursday,Day,100,2016/01/28,09:30:00,No,1.0,1.0,-38.84351934,146.2417055,SOUTH GIPPSLAND
T20160001929,Dry,Clear,Struck Pedestrian,Thursday,Day,40,2015/11/12,19:30:00,Yes,2.0,1.0,-36.32081068,145.0412734,CAMPASPE
T20160001932,Dry,Clear,Collision with a fixed object,Monday,Day,80,2016/01/25,14:00:00,No,1.0,1.0,-37.99708448,146.0386718,BAW BAW
T20160001939,Dry,Clear,Collision with a fixed object,Thursday,Day,100,2016/01/28,12:20:00,No,2.0,2.0,-38.21713053,142.1858199,MOYNE
T20160001942,Dry,Clear,Collision with vehicle,Thursday,Day,50,2016/01/28,12:50:00,No,2.0,1.0,-38.16335343,145.9297047,BAW BAW
T20160001946,Wet,Raining,Vehicle overturned (no collision),Wednesday,Dusk/Dawn,50,2015/09/09,07:30:00,No,1.0,1.0,-36.09236592,145.442322,MOIRA
T20160001947,Dry,Clear,Collision with vehicle,Thursday,Day,60,2016/01/28,15:18:00,No,3.0,1.0,-34.19346192,142.1762577,MILDURA
T20160001950,Dry,Clear,Collision with vehicle,Thursday,Day,100,2016/01/28,15:30:00,No,9.0,9.0,-37.56348488,143.7555622,BALLARAT
T20160001956,Wet,Raining,Collision with vehicle,Thursday,Day,50,2016/01/28,11:30:00,No,3.0,3.0,-36.41101729,145.3980255,GREATER SHEPPARTON
T20160001962,Dry,Clear,Collision with vehicle,Thursday,Dark No street lights,50,2016/01/28,17:45:00,No,4.0,1.0,-38.20311745,144.319561,GREATER GEELONG
T20160001964,Dry,Clear,Vehicle overturned (no collision),Thursday,Day,40,2016/01/28,18:40:00,Yes,1.0,1.0,-38.15440517,145.9503402,BAW BAW
T20160001970,Dry,Clear,Collision with vehicle,Thursday,Dusk/Dawn,40,2016/01/28,19:14:00,Yes,2.0,1.0,-37.56179376,143.8577855,BALLARAT
T20160001978,Dry,Clear,Collision with vehicle,Thursday,Dusk/Dawn,60,2016/01/28,20:30:00,Yes,2.0,1.0,-38.12195162,144.3280392,GREATER GEELONG
T20160001982,Dry,Clear,Collision with vehicle,Thursday,Day,100,2016/01/28,14:35:00,No,3.0,2.0,-38.50629198,146.1672263,SOUTH GIPPSLAND
T20160001986,Dry,Clear,Collision with vehicle,Friday,Dusk/Dawn,80,2016/01/29,06:16:00,No,2.0,2.0,-36.39900371,145.4466997,GREATER SHEPPARTON
T20160001990,Dry,Clear,Collision with vehicle,Friday,Dusk/Dawn,60,2016/01/29,06:13:00,No,2.0,1.0,-38.1877637,144.3556068,GREATER GEELONG
T20160001991,Dry,Clear,Collision with a fixed object,Friday,Day,60,2016/01/29,07:30:00,No,1.0,1.0,-36.11274872,146.8617389,WODONGA
T20160001996,Unknown,Not known,Collision with vehicle,Wednesday,Day,50,2016/01/06,11:30:00,No,2.0,1.0,-38.1423852,144.3390377,GREATER GEELONG
T20160002005,Wet,Clear,Collision with a fixed object,Friday,Day,100,2016/01/29,08:05:00,No,1.0,1.0,-36.59820499,144.6920397,CAMPASPE
T20160002013,Wet,Raining,Collision with vehicle,Wednesday,Dark Street lights on,50,2015/11/04,21:00:00,Yes,2.0,1.0,-38.1528045,144.3723981,GREATER GEELONG
T20160002014,Dry,Clear,Collision with vehicle,Thursday,Dusk/Dawn,60,2016/01/28,19:55:00,Yes,2.0,1.0,-37.56701424,143.894039,BALLARAT
T20160002015,Dry,Clear,Collision with vehicle,Friday,Day,60,2016/01/29,08:40:00,No,2.0,1.0,-36.8067425,144.3589496,GREATER BENDIGO
T20160002016,Wet,Raining,Collision with vehicle,Friday,Day,60,2016/01/29,11:20:00,No,2.0,1.0,-38.16291984,144.3535693,GREATER GEELONG
T20160002026,Wet,Clear,Collision with a fixed object,Friday,Day,100,2016/01/29,12:30:00,No,1.0,1.0,-36.93357036,145.1794505,STRATHBOGIE
T20160002030,Dry,Clear,Vehicle overturned (no collision),Saturday,Dark No street lights,100,2016/01/16,01:30:00,Yes,1.0,1.0,-38.57974637,145.6318095,BASS COAST
T20160002031,Wet,Raining,Collision with a fixed object,Friday,Day,100,2016/01/29,11:20:00,No,1.0,1.0,-37.53397834,145.688447,MURRINDINDI
T20160002032,Dry,Clear,Struck Pedestrian,Friday,Day,60,2016/01/29,14:55:00,No,2.0,1.0,-36.71865249,144.2536985,GREATER BENDIGO
T20160002036,Dry,Clear,Collision with vehicle,Friday,Day,40,2016/01/29,13:55:00,No,3.0,1.0,-37.56365873,143.8529409,BALLARAT
T20160002041,Dry,Clear,Collision with a fixed object,Tuesday,Dark No street lights,100,2016/01/26,21:10:00,Yes,1.0,1.0,-36.10029998,144.6977635,CAMPASPE
T20160002058,Dry,Clear,Vehicle overturned (no collision),Saturday,Dark Street lights unknown,50,2016/01/23,22:14:00,Yes,1.0,1.0,-35.47188146,143.2646601,SWAN HILL
T20160002065,Wet,Raining,Collision with a fixed object,Friday,Dark No street lights,100,2016/01/29,23:45:00,Yes,1.0,1.0,-38.18074594,145.8877266,BAW BAW
T20160002067,Dry,Clear,Collision with vehicle,Friday,Dark Street lights on,80,2016/01/29,22:20:00,Yes,2.0,1.0,-34.239605,142.1756834,MILDURA
T20160002069,Dry,Clear,Collision with a fixed object,Friday,Dark No street lights,100,2016/01/29,23:44:00,Yes,1.0,1.0,-35.39745612,143.3401404,SWAN HILL
T20160002072,Dry,Clear,Struck animal,Saturday,Dark No street lights,100,2016/01/30,03:40:00,Yes,1.0,1.0,-36.63757357,146.1960811,BENALLA
T20160002074,Wet,Fog,Collision with a fixed object,Saturday,Dark No street lights,100,2016/01/30,01:35:00,Yes,2.0,2.0,-37.87978101,147.6268497,EAST GIPPSLAND
T20160002089,Dry,Clear,Collision with vehicle,Saturday,Day,100,2016/01/30,11:15:00,No,7.0,7.0,-38.29952875,143.9807195,SURF COAST
T20160002091,Dry,Clear,Collision with vehicle,Saturday,Day,50,2016/01/30,12:00:00,No,2.0,1.0,-38.33786619,144.3220807,SURF COAST
T20160002098,Dry,Clear,No collision and no object struck,Saturday,Day,100,2016/01/30,10:30:00,No,1.0,1.0,-37.31211017,143.2979197,PYRENEES
T20160002110,Dry,Clear,Collision with vehicle,Saturday,Dusk/Dawn,100,2016/01/30,06:34:00,Yes,3.0,1.0,-35.84745028,144.2644097,GANNAWARRA
T20160002119,Dry,Clear,Collision with vehicle,Saturday,Day,60,2016/01/30,14:50:00,Yes,2.0,1.0,-36.76684627,144.3157564,GREATER BENDIGO
T20160002135,Wet,Clear,Collision with a fixed object,Saturday,Dark No street lights,100,2016/01/30,20:20:00,Yes,1.0,1.0,-36.0698909,145.72163,MOIRA
T20160002138,Wet,Clear,Collision with a fixed object,Sunday,Dark Street lights on,60,2015/12/13,02:00:00,Yes,2.0,2.0,-38.13932688,144.3182503,GREATER GEELONG
T20160002141,Wet,Raining,Collision with vehicle,Friday,Day,50,2016/01/29,15:30:00,No,2.0,1.0,-36.35132899,146.3152903,WANGARATTA
T20160002143,Dry,Clear,Vehicle overturned (no collision),Saturday,Day,100,2016/01/30,14:00:00,No,1.0,1.0,-38.04047616,146.007317,BAW BAW
T20160002145,Wet,Raining,Collision with vehicle,Sunday,Day,110,2016/01/31,12:30:00,No,2.0,1.0,-36.89498124,145.144164,STRATHBOGIE
T20160002155,Wet,Clear,Struck animal,Sunday,Dark No street lights,100,2016/01/31,03:45:00,No,1.0,1.0,-37.52908223,145.4357111,MURRINDINDI
T20160002158,Wet,Raining,No collision and no object struck,Sunday,Day,100,2016/01/31,14:15:00,No,1.0,1.0,-36.09060206,144.6791795,CAMPASPE
T20160002159,Wet,Raining,No collision and no object struck,Sunday,Day,60,2016/01/31,17:00:00,No,1.0,1.0,-36.40591256,145.3746442,GREATER SHEPPARTON
T20160002162,Dry,Clear,Collision with vehicle,Sunday,Day,60,2016/01/31,17:00:00,No,3.0,1.0,-38.3393291,144.3108001,SURF COAST
T20160002167,Dry,Clear,Collision with a fixed object,Sunday,Day,50,2016/01/31,19:50:00,Yes,1.0,1.0,-37.88118281,147.9677386,EAST GIPPSLAND
T20160002168,Dry,Clear,Vehicle overturned (no collision),Sunday,Day,100,2016/01/31,19:40:00,Yes,4.0,4.0,-38.01758764,142.9897783,MOYNE
T20160002169,Dry,Clear,Vehicle overturned (no collision),Sunday,Dark No street lights,110,2016/01/31,21:35:00,Yes,1.0,1.0,-37.60925141,144.3214694,MOORABOOL
T20160002187,Dry,Clear,Collision with vehicle,Sunday,Day,110,2016/01/31,16:15:00,Yes,3.0,1.0,-37.1665907,144.3965137,MACEDON RANGES
T20160002192,Dry,Clear,No collision and no object struck,Sunday,Day,100,2016/01/17,13:00:00,No,1.0,1.0,-37.67390896,147.1589104,WELLINGTON
T20160002217,Dry,Clear,collision with some other object,Friday,Dark No street lights,80,2015/10/23,03:40:00,Yes,3.0,1.0,-38.3380539,143.9687655,SURF COAST
T20160002225,Dry,Clear,Collision with vehicle,Monday,Day,60,2016/02/01,15:30:00,No,3.0,2.0,-38.0784379,144.3584045,GREATER GEELONG
T20160002229,Dry,Clear,Collision with vehicle,Monday,Day,60,2016/02/01,14:10:00,No,2.0,1.0,-36.75863551,144.256016,GREATER BENDIGO