Accident_No,Surface_Cond_Desc,Atmosph_Cond_Desc,Accident_Type_Desc,Day,Light_Condition_Desc,Speed_Zone,Accident_Date,Accident_Time,Alcohol_Influence,Total_Persons_Inv,Inj_Or_Fatal,Lat,Long,LGA
T20160002235,Dry,Clear,Collision with vehicle,Monday,Day,60,2016/02/01,18:15:00,Yes,4.0,2.0,-38.15948611,145.9203934,BAW BAW
T20160002243,Unknown,Not known,No collision and no object struck,Monday,Day,50,2016/02/01,13:35:00,No,2.0,1.0,-36.38333371,145.4003672,GREATER SHEPPARTON
T20160002244,Dry,Clear,Collision with vehicle,Monday,Day,60,2016/02/01,19:00:00,Yes,2.0,1.0,-38.33725995,141.6041681,GLENELG
T20160002250,Dry,Clear,Collision with a fixed object,Monday,Dark No street lights,100,2016/02/01,22:00:00,Yes,1.0,1.0,-34.17523599,142.0941305,MILDURA
T20160002265,Dry,Clear,Collision with a fixed object,Tuesday,Dark No street lights,100,2016/02/02,04:48:00,Yes,1.0,1.0,-35.95883003,145.69227,MOIRA
T20160002293,Dry,Clear,Collision with vehicle,Tuesday,Day,60,2016/02/02,12:20:00,No,2.0,1.0,-37.40669886,144.9798605,MITCHELL
T20160002295,Dry,Clear,Struck Pedestrian,Tuesday,Day,50,2016/02/02,09:50:00,No,2.0,1.0,-38.32238836,144.319561,SURF COAST
T20160002296,Dry,Clear,Collision with vehicle,Tuesday,Day,80,2016/02/02,12:30:00,No,3.0,1.0,-38.26568693,144.4044212,SURF COAST
T20160002308,Dry,Clear,Collision with vehicle,Tuesday,Day,110,2016/02/02,13:20:00,No,5.0,3.0,-36.47201139,146.1804804,WANGARATTA
T20160002314,Dry,Clear,Vehicle overturned (no collision),Tuesday,Day,80,2016/02/02,11:50:00,No,1.0,1.0,-37.44675059,148.5822111,EAST GIPPSLAND
T20160002317,Dry,Clear,collision with some other object,Sunday,Day,80,2016/01/31,10:30:00,No,2.0,1.0,-37.97852547,145.7562747,BAW BAW
T20160002321,Dry,Clear,No collision and no object struck,Tuesday,Day,60,2016/01/26,13:00:00,No,1.0,1.0,-37.45295999,145.3235901,MURRINDINDI
T20160002341,Wet,Not known,No collision and no object struck,Sunday,Day,50,2016/01/31,11:30:00,No,1.0,1.0,-37.44808016,145.4395296,MURRINDINDI
T20160002343,Dry,Clear,Collision with vehicle,Tuesday,Day,60,2016/02/02,17:23:00,No,2.0,1.0,-37.52787035,143.8336501,BALLARAT
T20160002349,Dry,Clear,Collision with vehicle,Tuesday,Day,60,2016/02/02,13:00:00,No,3.0,1.0,-38.14993841,144.3538458,GREATER GEELONG
T20160002353,Wet,Raining,Collision with vehicle,Wednesday,Dark No street lights,100,2016/02/03,05:00:00,Yes,2.0,2.0,-37.00597538,145.1472994,MITCHELL
T20160002358,Dry,Clear,Collision with vehicle,Tuesday,Day,80,2016/02/02,16:25:00,No,2.0,1.0,-38.00357489,147.0634083,WELLINGTON
T20160002363,Wet,Raining,Collision with vehicle,Wednesday,Day,60,2016/02/03,08:25:00,No,3.0,1.0,-36.71926844,144.2760572,GREATER BENDIGO
T20160002371,Dry,Clear,Vehicle overturned (no collision),Saturday,Day,999,2016/01/30,12:00:00,No,1.0,1.0,-37.46214843,145.332849,MURRINDINDI
T20160002384,Wet,Not known,No collision and no object struck,Wednesday,Day,60,2016/02/03,06:45:00,No,1.0,1.0,-38.08385495,144.3824878,GREATER GEELONG
T20160002386,Dry,Clear,Collision with vehicle,Wednesday,Unknown,50,2016/02/03,10:45:00,No,7.0,1.0,-38.16458668,144.347344,GREATER GEELONG
T20160002394,Unknown,Not known,Collision with a fixed object,Friday,Dark No street lights,50,2016/01/15,01:00:00,Yes,2.0,2.0,-38.62996102,143.8889898,COLAC OTWAY
T20160002399,Dry,Clear,Collision with vehicle,Monday,Dusk/Dawn,60,2015/10/19,17:30:00,No,2.0,1.0,-38.07415744,144.3586475,GREATER GEELONG
T20160002406,Dry,Clear,Collision with vehicle,Wednesday,Day,40,2016/02/03,14:55:00,No,4.0,2.0,-36.12175984,146.8881464,WODONGA
T20160002410,Dry,Clear,No collision and no object struck,Wednesday,Day,110,2016/02/03,15:15:00,No,1.0,1.0,-36.5776658,145.9407218,BENALLA
T20160002449,Dry,Clear,No collision and no object struck,Saturday,Day,60,2015/11/07,10:30:00,No,1.0,1.0,-38.32663878,144.1323383,SURF COAST
T20160002453,Dry,Clear,Collision with vehicle,Tuesday,Day,50,2016/02/02,16:00:00,No,3.0,2.0,-37.55967811,143.8390424,BALLARAT
T20160002469,Dry,Clear,Collision with vehicle,Thursday,Day,60,2016/02/04,11:55:00,No,3.0,2.0,-38.07718635,144.3584755,GREATER GEELONG
T20160002473,Dry,Clear,Collision with a fixed object,Thursday,Day,100,2016/02/04,12:10:00,No,1.0,1.0,-36.73278664,141.7450097,HORSHAM
T20160002476,Wet,Raining,Fall from or in moving vehicle,Friday,Day,50,2016/01/22,12:00:00,No,1.0,1.0,-38.4034674,144.1807529,SURF COAST
T20160002477,Dry,Clear,Collision with vehicle,Thursday,Day,50,2016/02/04,13:05:00,No,2.0,2.0,-37.8253048,147.6280882,EAST GIPPSLAND
T20160002483,Dry,Clear,Collision with vehicle,Thursday,Day,100,2016/02/04,13:31:00,No,2.0,1.0,-36.67427023,144.4003013,GREATER BENDIGO
T20160002497,Dry,Clear,Collision with vehicle,Thursday,Day,60,2016/02/04,16:20:00,No,2.0,1.0,-38.10941993,144.3317899,GREATER GEELONG
T20160002511,Dry,Clear,Collision with vehicle,Thursday,Day,50,2016/02/04,17:20:00,No,2.0,1.0,-35.91152901,145.6478171,MOIRA
T20160002524,Dry,Clear,Collision with a fixed object,Friday,Dark No street lights,100,2016/02/05,00:56:00,Yes,1.0,1.0,-37.92106107,147.2749998,WELLINGTON
T20160002537,Muddy,Raining,Vehicle overturned (no collision),Wednesday,Day,100,2016/02/03,14:30:00,No,2.0,2.0,-36.97730134,148.2293876,EAST GIPPSLAND
T20160002554,Dry,Clear,Struck Pedestrian,Friday,Day,60,2016/02/05,10:20:00,No,4.0,1.0,-38.15648804,144.3730633,GREATER GEELONG
T20160002559,Dry,Clear,Collision with vehicle,Friday,Day,60,2016/02/05,14:20:00,No,2.0,1.0,-36.35755366,145.3940841,GREATER SHEPPARTON
T20160002560,Dry,Clear,Collision with vehicle,Friday,Day,100,2016/02/05,14:15:00,No,4.0,2.0,-38.02823831,144.1745545,GOLDEN PLAINS
T20160002564,Dry,Clear,Collision with vehicle,Tuesday,Day,60,2016/02/02,08:45:00,No,3.0,2.0,-36.13247223,146.8650452,WODONGA
T20160002573,Dry,Clear,Collision with vehicle,Friday,Day,60,2016/02/05,14:40:00,No,4.0,1.0,-37.41670195,144.9820612,MITCHELL
T20160002582,Dry,Clear,Collision with vehicle,Friday,Day,60,2016/02/05,16:48:00,Yes,3.0,1.0,-38.15350752,144.3663604,GREATER GEELONG
T20160002587,Dry,Clear,Collision with vehicle,Friday,Day,100,2016/02/05,19:00:00,Yes,2.0,2.0,-37.37445573,144.35058,HEPBURN
T20160002592,Dry,Clear,Collision with a fixed object,Friday,Dusk/Dawn,40,2016/02/05,20:10:00,Yes,1.0,1.0,-38.35232394,143.5764093,COLAC OTWAY
T20160002602,Dry,Clear,Struck Pedestrian,Friday,Dark Street lights on,50,2016/02/05,20:58:00,Yes,2.0,1.0,-38.23644716,146.3973712,LATROBE
T20160002608,Dry,Clear,Collision with a fixed object,Friday,Dark No street lights,80,2016/02/05,22:37:00,Yes,1.0,1.0,-36.45872997,145.3888121,GREATER SHEPPARTON
T20160002616,Dry,Clear,Collision with a fixed object,Saturday,Dusk/Dawn,100,2016/02/06,06:40:00,Yes,1.0,1.0,-37.51735044,144.5615813,MACEDON RANGES
T20160002620,Dry,Clear,Collision with a fixed object,Friday,Day,100,2016/02/05,14:10:00,No,1.0,1.0,-37.9480208,147.0891524,WELLINGTON
T20160002626,Dry,Clear,Collision with vehicle,Wednesday,Day,40,2016/02/03,17:00:00,No,2.0,1.0,-36.1380884,146.8957267,WODONGA
T20160002627,Dry,Clear,Collision with vehicle,Saturday,Day,50,2016/02/06,10:00:00,No,2.0,1.0,-37.56354048,143.8604845,BALLARAT
T20160002632,Dry,Clear,Collision with vehicle,Saturday,Day,100,2016/02/06,11:00:00,No,6.0,1.0,-37.92034951,147.0860817,WELLINGTON
T20160002640,Dry,Not known,Collision with a fixed object,Saturday,Day,100,2016/02/06,11:00:00,No,1.0,1.0,-36.76102941,146.3570388,WANGARATTA
T20160002642,Dry,Clear,Collision with vehicle,Monday,Day,60,2016/01/04,09:00:00,No,3.0,1.0,-38.21816604,144.2880221,GREATER GEELONG
T20160002660,Dry,Clear,Struck Pedestrian,Saturday,Day,60,2016/02/06,19:15:00,Yes,3.0,1.0,-37.55803004,143.8646903,BALLARAT
T20160002673,Dry,Clear,Collision with a fixed object,Saturday,Dark Street lights on,100,2016/02/06,23:50:00,Yes,2.0,2.0,-38.31576892,142.3988999,MOYNE
T20160002684,Dry,Clear,Collision with vehicle,Saturday,Day,60,2016/02/06,10:15:00,No,3.0,3.0,-36.75524587,144.2740756,GREATER BENDIGO
T20160002691,Wet,Raining,Collision with a fixed object,Wednesday,Day,100,2016/02/03,07:30:00,No,1.0,1.0,-37.57655996,141.58004,SOUTHERN GRAMPIANS
T20160002699,Dry,Clear,Collision with a fixed object,Sunday,Day,100,2016/02/07,11:15:00,No,1.0,1.0,-36.47800118,147.3362094,TOWONG
T20160002702,Dry,Clear,Collision with vehicle,Sunday,Day,60,2016/02/07,11:58:00,No,4.0,2.0,-38.03069888,143.6346091,COLAC OTWAY
T20160002705,Dry,Clear,Collision with vehicle,Sunday,Day,60,2016/02/07,11:40:00,No,2.0,1.0,-37.68519886,144.4430569,MOORABOOL
T20160002706,Dry,Clear,Collision with vehicle,Sunday,Day,80,2016/02/07,08:15:00,Yes,2.0,1.0,-38.65526158,145.6848333,BASS COAST
T20160002710,Dry,Clear,Vehicle overturned (no collision),Sunday,Day,100,2016/02/07,09:00:00,Yes,1.0,1.0,-37.91544874,146.4297142,BAW BAW
T20160002713,Dry,Clear,Collision with vehicle,Saturday,Day,60,2016/02/06,18:55:00,Yes,2.0,1.0,-38.08608929,144.3744176,GREATER GEELONG
T20160002717,Dry,Clear,Collision with a fixed object,Sunday,Day,100,2016/02/07,14:00:00,No,6.0,1.0,-35.86516937,142.7893047,BULOKE
T20160002718,Dry,Clear,Collision with a fixed object,Sunday,Day,80,2016/02/07,12:30:00,No,1.0,1.0,-38.21735126,146.2931056,LATROBE
T20160002719,Dry,Clear,Collision with a fixed object,Saturday,Dark No street lights,100,2016/02/06,03:15:00,Yes,1.0,1.0,-34.48259036,142.3624664,MILDURA
T20160002723,Dry,Clear,Collision with a fixed object,Sunday,Day,100,2016/02/07,13:40:00,No,1.0,1.0,-36.95267007,147.3565698,EAST GIPPSLAND
T20160002726,Dry,Clear,Vehicle overturned (no collision),Sunday,Day,110,2016/02/07,15:20:00,No,2.0,2.0,-37.56861749,144.10835,MOORABOOL
T20160002727,Dry,Clear,Collision with a fixed object,Sunday,Day,80,2016/02/07,15:30:00,No,1.0,1.0,-37.54640145,144.3027905,MOORABOOL
T20160002728,Dry,Clear,No collision and no object struck,Sunday,Day,80,2016/02/07,12:40:00,No,1.0,1.0,-37.55025282,147.8744363,EAST GIPPSLAND
T20160002730,Dry,Clear,Collision with vehicle,Sunday,Day,100,2016/02/07,16:15:00,Yes,5.0,5.0,-37.75319355,144.4431354,MOORABOOL
T20160002736,Dry,Clear,No collision and no object struck,Sunday,Day,100,2016/02/07,15:45:00,No,1.0,1.0,-37.98296973,146.1434107,BAW BAW
T20160002740,Dry,Clear,Collision with vehicle,Sunday,Day,100,2016/02/07,15:30:00,No,3.0,2.0,-36.16969486,144.8137182,CAMPASPE
T20160002744,Dry,Clear,Collision with a fixed object,Sunday,Day,100,2016/02/07,18:20:00,Yes,1.0,1.0,-38.46040963,145.6164919,BASS COAST
T20160002747,Dry,Clear,Collision with vehicle,Sunday,Day,100,2016/02/07,17:45:00,No,4.0,1.0,-38.45714526,145.7925434,SOUTH GIPPSLAND
T20160002766,Dry,Clear,collision with some other object,Sunday,Day,999,2016/02/07,09:30:00,Yes,1.0,1.0,-37.17211314,145.1731261,MITCHELL
T20160002767,Dry,Clear,Collision with a fixed object,Sunday,Dark No street lights,80,2016/02/07,23:10:00,No,1.0,1.0,-37.48117975,145.26917,MURRINDINDI
T20160002771,Dry,Clear,Collision with a fixed object,Sunday,Day,100,2016/02/07,16:30:00,No,2.0,1.0,-37.42893691,145.2496001,MURRINDINDI
T20160002772,Dry,Clear,Struck animal,Friday,Dark No street lights,100,2015/09/25,01:30:00,Yes,3.0,1.0,-37.42450634,145.4227921,MURRINDINDI
T20160002774,Dry,Clear,Collision with vehicle,Monday,Day,50,2016/02/08,09:45:00,Yes,2.0,1.0,-37.82030067,147.6108853,EAST GIPPSLAND
T20160002781,Dry,Clear,Collision with a fixed object,Wednesday,Dark Street lights on,60,2016/02/03,19:30:00,Yes,1.0,1.0,-38.53442993,146.0944098,SOUTH GIPPSLAND
T20160002789,Dry,Clear,Collision with vehicle,Sunday,Day,50,2016/02/07,13:00:00,No,2.0,1.0,-38.20606944,144.3029155,GREATER GEELONG
T20160002796,Dry,Clear,Collision with a fixed object,Monday,Day,100,2016/02/08,12:50:00,No,1.0,1.0,-38.32838499,146.283121,LATROBE
T20160002797,Dry,Clear,Fall from or in moving vehicle,Sunday,Day,60,2016/01/24,14:15:00,No,3.0,1.0,-36.36466713,145.4318567,GREATER SHEPPARTON
T20160002800,Dry,Clear,Struck Pedestrian,Monday,Day,50,2016/02/08,16:50:00,No,2.0,1.0,-38.34077117,143.5909801,COLAC OTWAY
T20160002801,Dry,Clear,Collision with vehicle,Monday,Day,100,2016/02/08,15:50:00,No,5.0,1.0,-38.24436732,144.2961203,GREATER GEELONG
T20160002802,Dry,Clear,Collision with vehicle,Monday,Day,100,2016/02/08,17:15:00,No,2.0,1.0,-36.28040941,145.4525921,GREATER SHEPPARTON
T20160002804,Dry,Clear,Collision with vehicle,Saturday,Day,100,2016/02/06,18:50:00,Yes,4.0,1.0,-38.57608019,143.6152106,COLAC OTWAY
T20160002808,Dry,Clear,No collision and no object struck,Monday,Day,100,2016/02/08,11:20:00,No,1.0,1.0,-37.69577523,148.7387157,EAST GIPPSLAND
T20160002811,Dry,Clear,Collision with a fixed object,Monday,Day,100,2016/02/08,17:20:00,No,2.0,1.0,-36.24979975,147.0940283,INDIGO
T20160002812,Dry,Clear,Collision with vehicle,Monday,Day,100,2016/02/08,17:10:00,No,2.0,2.0,-38.20142475,146.191979,BAW BAW
T20160002813,Dry,Clear,Collision with vehicle,Thursday,Day,60,2016/01/21,08:50:00,No,2.0,1.0,-36.3849402,145.3549697,GREATER SHEPPARTON
T20160002819,Dry,Clear,Struck Pedestrian,Monday,Day,999,2016/02/08,15:25:00,No,1.0,1.0,-36.35693982,146.30769,WANGARATTA
T20160002822,Dry,Clear,No collision and no object struck,Sunday,Dark Street lights on,60,2016/02/07,23:45:00,Yes,1.0,1.0,-37.53280252,143.8416025,BALLARAT
T20160002824,Dry,Clear,Collision with a fixed object,Monday,Dark No street lights,70,2016/02/08,21:50:00,Yes,2.0,1.0,-36.7409081,142.1904811,HORSHAM
T20160002843,Dry,Clear,No collision and no object struck,Tuesday,Day,50,2016/02/09,07:28:00,No,2.0,1.0,-37.41717044,145.0046842,MITCHELL
T20160002844,Dry,Clear,Collision with a fixed object,Tuesday,Day,110,2016/02/09,08:25:00,No,1.0,1.0,-36.15822639,146.6190482,INDIGO
T20160002845,Dry,Clear,Collision with a fixed object,Monday,Dark No street lights,80,2016/02/08,21:45:00,Yes,1.0,1.0,-38.05937101,145.8674991,BAW BAW
T20160002850,Dry,Clear,Collision with vehicle,Tuesday,Day,40,2016/02/09,10:05:00,No,4.0,1.0,-37.30048871,144.9528501,MITCHELL
T20160002859,Dry,Clear,Collision with a fixed object,Thursday,Day,100,2016/01/07,09:30:00,No,1.0,1.0,-38.64479745,146.2847574,SOUTH GIPPSLAND
T20160002861,Wet,Raining,No collision and no object struck,Tuesday,Day,100,2015/07/07,08:30:00,No,1.0,1.0,-38.10983807,146.7702936,WELLINGTON
T20160002863,Dry,Clear,Collision with vehicle,Tuesday,Day,60,2016/02/09,10:00:00,No,5.0,1.0,-38.3827217,142.2291307,MOYNE
T20160002865,Dry,Clear,Vehicle overturned (no collision),Sunday,Day,50,2016/01/10,15:00:00,No,1.0,1.0,-38.26461846,144.4903789,GREATER GEELONG
T20160002867,Unknown,Not known,Struck animal,Tuesday,Dark Street lights unknown,999,2016/01/19,21:10:00,Yes,2.0,1.0,-37.63385203,144.4938506,MOORABOOL
T20160002872,Dry,Clear,Collision with vehicle,Friday,Day,100,2016/02/05,08:09:00,No,2.0,2.0,-37.98242858,146.9911534,WELLINGTON
T20160002883,Dry,Clear,Collision with a fixed object,Tuesday,Day,110,2016/02/09,14:10:00,No,2.0,2.0,-34.99919002,142.3132785,MILDURA
T20160002884,Dry,Clear,Collision with vehicle,Tuesday,Day,100,2016/02/09,10:30:00,No,3.0,2.0,-38.05599171,146.8904996,WELLINGTON
T20160002887,Dry,Clear,Collision with vehicle,Friday,Day,60,2015/02/20,17:00:00,No,2.0,1.0,-35.34620106,143.5615536,SWAN HILL
T20160002891,Dry,Clear,Collision with vehicle,Tuesday,Dusk/Dawn,100,2016/02/09,06:05:00,No,3.0,3.0,-37.74367336,142.0889208,SOUTHERN GRAMPIANS
T20160002921,Dry,Clear,Collision with vehicle,Wednesday,Dark Street lights on,50,2016/02/10,04:00:00,Yes,2.0,1.0,-38.17979966,144.3265999,GREATER GEELONG
T20160002928,Dry,Clear,No collision and no object struck,Wednesday,Day,100,2015/11/18,14:45:00,No,1.0,1.0,-38.05068539,146.0751581,BAW BAW
T20160002938,Dry,Clear,Collision with vehicle,Wednesday,Day,60,2016/02/10,09:30:00,No,2.0,2.0,-35.33923646,143.5552723,SWAN HILL
T20160002939,Dry,Clear,Collision with a fixed object,Wednesday,Dusk/Dawn,100,2016/02/10,06:43:00,No,1.0,1.0,-36.82971932,145.3310308,STRATHBOGIE
T20160002941,Dry,Clear,Collision with a fixed object,Thursday,Day,100,2016/01/07,16:00:00,No,1.0,1.0,-37.26503333,144.0375472,MOUNT ALEXANDER
T20160002943,Dry,Clear,Vehicle overturned (no collision),Wednesday,Day,100,2015/11/25,13:00:00,No,1.0,1.0,-36.23515043,147.0479312,INDIGO
T20160002945,Dry,Clear,Vehicle overturned (no collision),Wednesday,Day,60,2016/02/10,11:00:00,No,2.0,1.0,-38.22826057,146.3960345,LATROBE
T20160002951,Dry,Clear,Struck Pedestrian,Tuesday,Day,60,2016/02/09,13:45:00,No,2.0,1.0,-36.12783396,144.7537883,CAMPASPE
T20160002954,Dry,Clear,Vehicle overturned (no collision),Friday,Day,100,2016/02/05,10:30:00,No,1.0,1.0,-38.51182821,146.0162304,SOUTH GIPPSLAND
T20160002955,Dry,Clear,Collision with a fixed object,Tuesday,Day,80,2016/02/02,07:25:00,No,2.0,1.0,-37.52058103,144.3094832,MOORABOOL
T20160002963,Dry,Clear,Collision with vehicle,Wednesday,Day,100,2016/02/10,08:25:00,No,6.0,3.0,-34.61787989,142.7680664,SWAN HILL
T20160002993,Dry,Clear,Collision with a fixed object,Wednesday,Dusk/Dawn,50,2016/02/10,20:15:00,Yes,1.0,1.0,-36.31804973,145.05759,CAMPASPE
T20160003002,Dry,Not known,No collision and no object struck,Saturday,Day,999,2015/11/21,15:00:00,Yes,1.0,1.0,-36.19149069,147.9792235,TOWONG
T20160003007,Dry,Clear,Struck animal,Wednesday,Dark No street lights,100,2016/02/10,23:30:00,Yes,1.0,1.0,-38.02714442,146.8879978,WELLINGTON
T20160003009,Dry,Clear,Collision with vehicle,Thursday,Dark Street lights on,50,2016/02/11,00:35:00,Yes,1.0,1.0,-38.18761653,144.3422406,GREATER GEELONG
T20160003018,Dry,Clear,Collision with vehicle,Thursday,Day,40,2016/02/11,07:25:00,No,5.0,1.0,-37.562107,143.857737,BALLARAT
T20160003034,Dry,Clear,Struck Pedestrian,Thursday,Day,60,2016/02/11,07:00:00,No,2.0,1.0,-38.13262523,145.8454509,BAW BAW
T20160003039,Dry,Clear,Collision with vehicle,Wednesday,Day,50,2016/02/10,16:55:00,No,2.0,1.0,-38.45232481,145.2389811,BASS COAST
T20160003046,Dry,Clear,Vehicle overturned (no collision),Saturday,Day,100,2016/01/23,13:30:00,No,1.0,1.0,-38.42655832,144.1183177,SURF COAST
T20160003048,Dry,Clear,Collision with a fixed object,Thursday,Day,60,2016/02/11,12:05:00,No,1.0,1.0,-35.507659,142.8496837,BULOKE
T20160003059,Dry,Clear,Collision with a fixed object,Thursday,Day,80,2016/02/11,13:20:00,No,2.0,1.0,-38.06570726,145.8743729,BAW BAW
T20160003062,Dry,Clear,Collision with vehicle,Thursday,Day,80,2016/02/11,13:50:00,No,3.0,2.0,-37.63150603,143.8292363,GOLDEN PLAINS
T20160003068,Dry,Clear,Vehicle overturned (no collision),Sunday,Day,999,2016/02/07,16:00:00,Yes,1.0,1.0,-36.68505095,147.0864901,ALPINE
T20160003078,Dry,Clear,Collision with a fixed object,Thursday,Day,100,2016/02/11,16:50:00,No,7.0,5.0,-37.05750092,144.8090188,MITCHELL
T20160003092,Dry,Clear,Collision with a fixed object,Thursday,Day,999,2016/02/11,19:00:00,Yes,1.0,1.0,-36.11949022,146.8433159,WODONGA
T20160003106,Dry,Clear,Collision with vehicle,Thursday,Day,100,2016/02/11,15:40:00,No,2.0,2.0,-37.70662449,148.4686662,EAST GIPPSLAND
T20160003125,Dry,Clear,Collision with a fixed object,Friday,Day,50,2016/02/12,09:30:00,No,1.0,1.0,-37.0282603,145.1457324,MITCHELL
T20160003127,Dry,Clear,Collision with vehicle,Thursday,Day,50,2016/02/11,07:45:00,No,3.0,1.0,-35.72878568,143.9174088,GANNAWARRA
T20160003136,Dry,Clear,Collision with vehicle,Thursday,Day,50,2015/09/24,14:30:00,No,3.0,1.0,-35.33983987,143.5596606,SWAN HILL
T20160003149,Dry,Not known,No collision and no object struck,Sunday,Day,40,2016/02/07,12:40:00,No,1.0,1.0,-37.41824502,144.963307,MITCHELL
T20160003154,Dry,Clear,Collision with a fixed object,Friday,Day,100,2016/02/12,14:20:00,No,1.0,1.0,-36.46035997,145.2411162,GREATER SHEPPARTON
T20160003156,Dry,Clear,Collision with vehicle,Friday,Day,50,2016/02/12,16:50:00,Yes,2.0,1.0,-36.39802925,145.4045384,GREATER SHEPPARTON
T20160003169,Dry,Clear,Collision with vehicle,Friday,Day,60,2016/02/12,18:20:00,Yes,3.0,2.0,-38.45613986,145.2296665,BASS COAST
T20160003173,Dry,Clear,Collision with a fixed object,Friday,Day,100,2016/02/12,16:00:00,Yes,1.0,1.0,-38.58055073,145.6289303,BASS COAST
T20160003178,Unknown,Not known,Fall from or in moving vehicle,Friday,Dark No street lights,999,2016/02/05,22:00:00,Yes,2.0,1.0,-37.67215134,144.139918,MOORABOOL
T20160003182,Dry,Clear,Collision with vehicle,Friday,Day,50,2016/02/12,19:28:00,Yes,2.0,1.0,-38.09614214,144.3293179,GREATER GEELONG
T20160003191,Dry,Clear,Collision with a fixed object,Friday,Dusk/Dawn,100,2016/02/12,05:40:00,Yes,1.0,1.0,-38.50737073,145.7225967,SOUTH GIPPSLAND
T20160003195,Dry,Clear,Collision with vehicle,Saturday,Dark Street lights on,60,2016/02/13,00:20:00,Yes,2.0,1.0,-36.75841668,144.2680393,GREATER BENDIGO
T20160003203,Dry,Clear,Collision with a fixed object,Saturday,Dark Street lights on,60,2016/02/13,03:05:00,Yes,2.0,2.0,-36.37420639,146.2886723,WANGARATTA
T20160003213,Dry,Clear,No collision and no object struck,Wednesday,Day,100,2016/02/10,12:00:00,No,1.0,1.0,-37.134788,144.0763366,MOUNT ALEXANDER
T20160003224,Dry,Clear,Collision with vehicle,Saturday,Day,100,2016/02/13,12:15:00,No,3.0,2.0,-38.13782971,144.2972995,GREATER GEELONG
T20160003226,Dry,Clear,Collision with vehicle,Saturday,Day,70,2016/02/13,09:12:00,No,2.0,1.0,-38.17426502,144.4047122,GREATER GEELONG
T20160003232,Dry,Clear,Collision with vehicle,Saturday,Day,999,2016/02/13,14:45:00,Yes,2.0,1.0,-38.10110466,147.0637638,WELLINGTON
T20160003240,Dry,Clear,Collision with a fixed object,Saturday,Day,110,2016/02/13,15:10:00,Yes,1.0,1.0,-36.10641966,146.6808392,INDIGO
T20160003251,Dry,Clear,Collision with a fixed object,Saturday,Day,100,2016/02/13,19:20:00,Yes,1.0,1.0,-36.58506517,145.8692496,BENALLA
T20160003256,Dry,Clear,Fall from or in moving vehicle,Saturday,Day,40,2016/02/13,18:15:00,Yes,2.0,1.0,-37.03463302,141.2988189,WEST WIMMERA
T20160003273,Unknown,Not known,Collision with a fixed object,Saturday,Day,999,2016/02/06,15:30:00,No,1.0,1.0,-37.55738519,145.5042503,MURRINDINDI
T20160003274,Dry,Clear,Collision with vehicle,Sunday,Dark Street lights on,50,2016/02/14,06:00:00,No,1.0,1.0,-38.14078283,144.3482861,GREATER GEELONG
T20160003276,Dry,Clear,Collision with vehicle,Saturday,Day,100,2016/02/13,12:30:00,No,2.0,1.0,-38.30514267,143.9645915,SURF COAST
T20160003287,Dry,Dust,Vehicle overturned (no collision),Saturday,Day,100,2016/02/13,16:00:00,Yes,1.0,1.0,-36.26766269,143.3704731,BULOKE
T20160003288,Unknown,Clear,Collision with vehicle,Saturday,Day,60,2016/01/23,14:00:00,Yes,6.0,3.0,-34.23500347,142.1701779,MILDURA
T20160003309,Dry,Clear,Collision with a fixed object,Sunday,Day,100,2016/02/14,16:45:00,Yes,2.0,1.0,-37.32233087,143.0669894,ARARAT
T20160003311,Dry,Clear,Struck Pedestrian,Sunday,Day,50,2016/02/14,10:25:00,No,2.0,1.0,-35.3441392,143.5579443,SWAN HILL
T20160003312,Dry,Clear,Collision with vehicle,Sunday,Day,100,2016/02/14,17:50:00,Yes,2.0,1.0,-36.05956823,145.3498341,MOIRA
T20160003316,Dry,Clear,Collision with a fixed object,Sunday,Dark No street lights,100,2016/02/14,20:39:00,No,1.0,1.0,-38.6527509,146.3030064,SOUTH GIPPSLAND
T20160003317,Dry,Clear,Collision with a fixed object,Sunday,Day,60,2016/02/14,18:20:00,No,3.0,1.0,-37.38310767,144.5939265,MACEDON RANGES
T20160003329,Dry,Clear,Collision with vehicle,Saturday,Day,50,2016/01/02,13:30:00,No,2.0,1.0,-38.15773724,144.5639785,GREATER GEELONG
T20160003336,Dry,Clear,Collision with vehicle,Monday,Dusk/Dawn,80,2016/02/15,05:15:00,Yes,3.0,1.0,-35.92532377,145.6319092,MOIRA
T20160003337,Dry,Clear,Collision with vehicle,Monday,Day,50,2016/02/15,09:20:00,Yes,2.0,1.0,-36.71057083,142.2048885,HORSHAM
T20160003339,Dry,Clear,Collision with vehicle,Monday,Day,100,2016/02/15,09:00:00,No,2.0,1.0,-36.68982922,144.1990401,GREATER BENDIGO
T20160003341,Dry,Clear,Collision with vehicle,Monday,Day,100,2016/02/15,08:45:00,Yes,3.0,3.0,-38.34417836,143.8099423,COLAC OTWAY
T20160003342,Dry,Clear,Collision with a fixed object,Saturday,Day,80,2016/02/13,10:05:00,No,2.0,2.0,-38.09445786,144.0988094,GOLDEN PLAINS
T20160003346,Dry,Clear,No collision and no object struck,Thursday,Day,60,2016/02/11,17:55:00,No,1.0,1.0,-37.63538076,143.690349,GOLDEN PLAINS
T20160003347,Dry,Clear,Struck Pedestrian,Monday,Day,50,2016/02/15,11:12:00,No,2.0,2.0,-37.05168051,146.0880643,MANSFIELD