Accident_No,Surface_Cond_Desc,Atmosph_Cond_Desc,Accident_Type_Desc,Day,Light_Condition_Desc,Speed_Zone,Accident_Date,Accident_Time,Alcohol_Influence,Total_Persons_Inv,Inj_Or_Fatal,Lat,Long,LGA
T20160003352,Dry,Clear,Collision with a fixed object,Monday,Day,100,2016/02/15,11:30:00,No,1.0,1.0,-36.17902988,146.5729092,INDIGO
T20160003358,Dry,Clear,Collision with vehicle,Friday,Day,60,2016/02/12,07:30:00,No,4.0,1.0,-36.08401121,145.4442144,MOIRA
T20160003363,Dry,Clear,Collision with vehicle,Friday,Day,50,2016/02/05,14:26:00,No,2.0,1.0,-38.16542248,145.9314561,BAW BAW
T20160003364,Dry,Clear,Struck Pedestrian,Wednesday,Day,50,2016/01/27,18:00:00,Yes,2.0,1.0,-38.15150022,144.3644708,GREATER GEELONG
T20160003376,Dry,Clear,Vehicle overturned (no collision),Friday,Day,999,2016/01/15,08:30:00,No,1.0,1.0,-37.12656842,146.2980702,MANSFIELD
T20160003377,Dry,Clear,collision with some other object,Sunday,Day,999,2015/05/24,12:00:00,No,1.0,1.0,-37.53999146,146.2336896,MANSFIELD
T20160003379,Dry,Clear,Collision with vehicle,Monday,Day,60,2016/02/15,14:50:00,No,3.0,1.0,-36.35219956,146.3054369,WANGARATTA
T20160003380,Dry,Clear,Collision with vehicle,Monday,Day,80,2016/01/11,05:35:00,Yes,2.0,1.0,-34.27990886,142.1863726,MILDURA
T20160003390,Dry,Clear,Struck Pedestrian,Monday,Day,50,2016/02/15,15:37:00,No,2.0,1.0,-38.37356112,142.4806484,WARRNAMBOOL
T20160003395,Wet,Clear,Collision with a fixed object,Monday,Day,100,2016/02/15,14:00:00,No,1.0,1.0,-38.23954395,145.9319065,BAW BAW
T20160003401,Dry,Clear,Vehicle overturned (no collision),Monday,Day,100,2016/02/15,18:10:00,Yes,1.0,1.0,-37.96115946,144.3510852,GREATER GEELONG
T20160003402,Dry,Clear,Collision with vehicle,Monday,Day,50,2016/02/15,16:00:00,No,3.0,2.0,-38.08612869,144.3514223,GREATER GEELONG
T20160003414,Dry,Clear,Collision with a fixed object,Sunday,Dark No street lights,110,2016/02/14,22:40:00,No,1.0,1.0,-37.08342995,145.1037759,MITCHELL
T20160003417,Dry,Clear,Collision with a fixed object,Monday,Dark Street lights on,60,2016/02/15,22:10:00,Yes,5.0,1.0,-36.72613193,144.3090042,GREATER BENDIGO
T20160003437,Dry,Clear,Collision with vehicle,Tuesday,Day,60,2016/02/16,09:00:00,No,9.0,2.0,-36.74619958,144.2934992,GREATER BENDIGO
T20160003439,Unknown,Not known,Struck Pedestrian,Sunday,Day,50,2016/01/31,16:00:00,Yes,2.0,1.0,-38.17381862,144.3937705,GREATER GEELONG
T20160003441,Dry,Clear,Collision with a fixed object,Tuesday,Day,100,2016/02/16,10:02:00,No,2.0,2.0,-38.03240174,147.057911,WELLINGTON
T20160003451,Dry,Clear,Collision with vehicle,Tuesday,Day,50,2016/02/16,12:00:00,No,2.0,2.0,-36.38494475,145.4137215,GREATER SHEPPARTON
T20160003454,Dry,Clear,Collision with vehicle,Tuesday,Day,50,2016/02/16,09:00:00,No,5.0,1.0,-36.70438258,142.2198313,HORSHAM
T20160003460,Dry,Clear,Collision with vehicle,Tuesday,Day,50,2016/02/09,15:00:00,No,3.0,1.0,-38.30839282,144.3294651,SURF COAST
T20160003483,Dry,Clear,Collision with vehicle,Tuesday,Day,60,2015/12/29,12:30:00,No,3.0,1.0,-36.02041678,145.9955344,MOIRA
T20160003502,Dry,Clear,Collision with vehicle,Tuesday,Day,60,2016/02/16,16:10:00,No,8.0,1.0,-38.19750697,144.3173133,GREATER GEELONG
T20160003505,Dry,Clear,Collision with vehicle,Tuesday,Day,100,2016/02/16,16:50:00,No,2.0,1.0,-36.11536999,145.6520961,MOIRA
T20160003511,Unknown,Clear,Struck Pedestrian,Tuesday,Day,50,2016/02/16,16:25:00,No,2.0,1.0,-38.34562997,141.6037591,GLENELG
T20160003513,Dry,Clear,Collision with vehicle,Tuesday,Day,100,2016/02/16,15:40:00,No,9.0,5.0,-36.29496741,145.4392857,GREATER SHEPPARTON
T20160003514,Dry,Clear,Collision with vehicle,Wednesday,Day,50,2016/02/10,17:10:00,No,2.0,1.0,-38.60621569,145.5895839,BASS COAST
T20160003516,Dry,Clear,Collision with vehicle,Tuesday,Day,100,2016/02/16,19:45:00,Yes,2.0,2.0,-38.65231013,146.0199517,SOUTH GIPPSLAND
T20160003523,Unknown,Not known,collision with some other object,Wednesday,Unknown,100,2016/01/27,17:30:00,No,2.0,1.0,-38.11425879,145.861832,BAW BAW
T20160003524,Wet,Raining,Vehicle overturned (no collision),Wednesday,Dark No street lights,100,2016/02/17,05:00:00,Yes,1.0,1.0,-38.38754003,146.0205199,SOUTH GIPPSLAND
T20160003532,Unknown,Not known,Vehicle overturned (no collision),Wednesday,Unknown,999,2016/02/10,14:00:00,No,1.0,1.0,-37.42534955,145.3074125,MURRINDINDI
T20160003536,Dry,Clear,Struck Pedestrian,Wednesday,Day,50,2016/02/17,08:45:00,No,2.0,1.0,-37.48782535,144.590131,MACEDON RANGES
T20160003541,Dry,Clear,No collision and no object struck,Sunday,Day,999,2016/02/14,15:30:00,No,1.0,1.0,-38.35849002,144.0412486,SURF COAST
T20160003545,Unknown,Not known,Collision with a fixed object,Thursday,Day,999,2016/01/28,13:00:00,No,1.0,1.0,-36.94404949,146.2012409,MANSFIELD
T20160003555,Dry,Clear,No collision and no object struck,Friday,Day,999,2016/02/12,16:30:00,No,1.0,1.0,-37.44143903,145.3175712,MURRINDINDI
T20160003556,Wet,Raining,Collision with vehicle,Wednesday,Day,80,2016/02/17,12:15:00,No,2.0,2.0,-38.41830385,145.8150107,SOUTH GIPPSLAND
T20160003561,Dry,Clear,Collision with a fixed object,Wednesday,Day,100,2016/02/17,12:40:00,No,2.0,1.0,-37.72167786,147.803965,EAST GIPPSLAND
T20160003564,Wet,Raining,Collision with a fixed object,Wednesday,Day,110,2016/02/17,09:00:00,No,3.0,2.0,-38.18161114,146.2709501,LATROBE
T20160003567,Dry,Clear,Struck Pedestrian,Wednesday,Day,40,2016/02/17,14:20:00,No,2.0,1.0,-38.14078283,144.3482861,GREATER GEELONG
T20160003572,Wet,Raining,Collision with a fixed object,Friday,Day,60,2016/01/22,15:27:00,No,1.0,1.0,-38.06236691,145.9388773,BAW BAW
T20160003577,Dry,Clear,Collision with vehicle,Wednesday,Day,70,2016/02/17,16:53:00,No,3.0,2.0,-36.75937612,144.3131899,GREATER BENDIGO
T20160003578,Wet,Raining,Collision with a fixed object,Wednesday,Day,70,2016/02/17,14:50:00,No,1.0,1.0,-38.59366095,143.7067165,COLAC OTWAY
T20160003598,Dry,Clear,Collision with a fixed object,Wednesday,Day,100,2016/02/17,17:45:00,No,1.0,1.0,-38.56342811,145.9556787,SOUTH GIPPSLAND
T20160003611,Dry,Clear,Struck animal,Wednesday,Day,100,2016/02/17,13:45:00,No,2.0,2.0,-38.37341819,144.2404194,SURF COAST
T20160003613,Dry,Clear,Collision with vehicle,Thursday,Dusk/Dawn,60,2016/02/18,06:30:00,No,3.0,1.0,-34.19661207,142.158752,MILDURA
T20160003614,Dry,Clear,Collision with a fixed object,Monday,Dark No street lights,100,2016/02/01,23:30:00,Yes,3.0,3.0,-38.32797973,146.574881,LATROBE
T20160003616,Dry,Clear,Collision with vehicle,Friday,Day,60,2016/02/12,16:15:00,Yes,3.0,1.0,-37.28455946,142.9392616,ARARAT
T20160003629,Unknown,Not known,Vehicle overturned (no collision),Wednesday,Day,999,2015/12/23,12:00:00,No,1.0,1.0,-38.0040287,146.0593346,BAW BAW
T20160003631,Dry,Clear,Collision with vehicle,Thursday,Day,50,2016/02/18,09:20:00,No,2.0,1.0,-36.74021437,144.2998549,GREATER BENDIGO
T20160003634,Dry,Clear,Collision with vehicle,Thursday,Day,80,2016/02/18,08:15:00,No,4.0,2.0,-38.2195883,144.3377407,GREATER GEELONG
T20160003647,Dry,Not known,No collision and no object struck,Saturday,Day,999,2016/02/13,15:30:00,Yes,1.0,1.0,-37.40560992,142.7637792,ARARAT
T20160003649,Dry,Clear,Collision with vehicle,Thursday,Day,60,2016/02/18,14:38:00,No,2.0,1.0,-36.35999004,146.3158447,WANGARATTA
T20160003651,Dry,Clear,Collision with a fixed object,Thursday,Day,100,2016/02/18,12:45:00,No,1.0,1.0,-37.45886813,143.943923,HEPBURN
T20160003653,Dry,Clear,Collision with vehicle,Thursday,Day,80,2016/02/18,15:30:00,No,3.0,3.0,-38.62741119,145.7160896,BASS COAST
T20160003659,Dry,Clear,Collision with vehicle,Thursday,Day,50,2016/02/18,15:15:00,No,2.0,1.0,-37.48756093,144.588118,MACEDON RANGES
T20160003673,Dry,Clear,Collision with a fixed object,Thursday,Dark Street lights on,60,2016/02/18,20:10:00,Yes,1.0,1.0,-38.18832972,146.2870805,LATROBE
T20160003674,Dry,Clear,Collision with vehicle,Thursday,Dark Street lights on,50,2016/02/18,22:00:00,Yes,1.0,1.0,-36.55721177,145.95951,BENALLA
T20160003691,Unknown,Raining,Collision with a fixed object,Thursday,Day,60,2016/02/18,08:05:00,No,1.0,1.0,-38.70039996,145.84904,SOUTH GIPPSLAND
T20160003702,Dry,Clear,Collision with vehicle,Wednesday,Day,60,2016/02/17,13:50:00,No,2.0,1.0,-36.75837264,144.2873756,GREATER BENDIGO
T20160003706,Dry,Clear,Collision with vehicle,Wednesday,Day,60,2016/02/03,07:45:00,No,2.0,1.0,-38.15096553,144.3533691,GREATER GEELONG
T20160003710,Dry,Clear,Collision with vehicle,Friday,Day,60,2016/02/19,08:00:00,No,2.0,1.0,-38.0853518,144.3364511,GREATER GEELONG
T20160003712,Dry,Clear,Collision with vehicle,Friday,Day,60,2015/11/13,18:00:00,Yes,3.0,2.0,-36.79798583,144.2436493,GREATER BENDIGO
T20160003721,Dry,Clear,Vehicle overturned (no collision),Sunday,Day,100,2016/02/14,09:00:00,Yes,1.0,1.0,-38.49213648,143.423567,COLAC OTWAY
T20160003725,Dry,Clear,Collision with vehicle,Friday,Day,60,2016/02/19,15:00:00,No,3.0,2.0,-38.16929971,144.350466,GREATER GEELONG
T20160003733,Dry,Clear,Collision with vehicle,Friday,Day,60,2016/02/19,16:50:00,Yes,2.0,1.0,-38.37212437,142.4778403,WARRNAMBOOL
T20160003736,Dry,Clear,No collision and no object struck,Friday,Day,100,2016/02/19,16:45:00,Yes,1.0,1.0,-38.09327958,145.9956613,BAW BAW
T20160003742,Unknown,Not known,Collision with a fixed object,Friday,Day,100,2016/02/19,16:30:00,Yes,2.0,1.0,-37.02257012,144.7869209,MITCHELL
T20160003745,Dry,Clear,Collision with vehicle,Friday,Day,60,2016/02/19,16:20:00,Yes,4.0,1.0,-36.13151334,144.7600862,CAMPASPE
T20160003761,Dry,Clear,Collision with a fixed object,Saturday,Dark No street lights,40,2016/02/20,00:30:00,Yes,3.0,1.0,-38.24304621,144.1670936,SURF COAST
T20160003771,Dry,Clear,Struck Pedestrian,Friday,Day,80,2016/02/19,15:45:00,No,4.0,1.0,-38.19363274,146.5443215,LATROBE
T20160003785,Dry,Clear,Collision with vehicle,Saturday,Day,110,2016/02/20,12:10:00,No,6.0,5.0,-37.6071814,144.2910083,MOORABOOL
T20160003788,Dry,Clear,Collision with vehicle,Saturday,Day,60,2016/02/20,14:00:00,Yes,3.0,1.0,-36.74061668,144.2588281,GREATER BENDIGO
T20160003790,Dry,Clear,Struck Pedestrian,Saturday,Day,70,2016/02/20,13:05:00,No,2.0,1.0,-38.14788048,144.3525339,GREATER GEELONG
T20160003796,Dry,Clear,Collision with vehicle,Saturday,Day,100,2016/02/20,14:15:00,Yes,2.0,1.0,-37.84991322,146.8006711,WELLINGTON
T20160003800,Dry,Clear,Collision with vehicle,Saturday,Day,60,2016/02/20,16:15:00,Yes,3.0,3.0,-35.34030879,143.5441641,SWAN HILL
T20160003807,Dry,Clear,Struck Pedestrian,Saturday,Day,50,2016/02/20,05:45:00,Yes,2.0,1.0,-38.17117994,144.3189895,GREATER GEELONG
T20160003817,Wet,Clear,Collision with a fixed object,Saturday,Day,80,2016/02/20,17:45:00,Yes,1.0,1.0,-38.63387621,143.714816,COLAC OTWAY
T20160003818,Dry,Clear,Vehicle overturned (no collision),Friday,Dark No street lights,100,2016/02/19,22:15:00,Yes,1.0,1.0,-36.34891951,144.7099454,CAMPASPE
T20160003826,Dry,Clear,Collision with a fixed object,Saturday,Dark No street lights,100,2016/02/20,21:30:00,Yes,1.0,1.0,-38.32366496,145.7065687,SOUTH GIPPSLAND
T20160003827,Dry,Clear,Collision with a fixed object,Sunday,Dark Street lights on,50,2016/02/21,02:40:00,No,1.0,1.0,-36.38821503,145.3572925,GREATER SHEPPARTON
T20160003845,Dry,Clear,Collision with vehicle,Wednesday,Day,60,2016/02/17,14:40:00,No,3.0,1.0,-38.16278596,144.3536205,GREATER GEELONG
T20160003848,Dry,Clear,Collision with a fixed object,Wednesday,Day,100,2015/12/23,17:30:00,No,1.0,1.0,-36.84455053,144.4832189,GREATER BENDIGO
T20160003860,Dry,Clear,Struck animal,Sunday,Day,100,2016/02/21,15:05:00,No,1.0,1.0,-36.94816211,146.2008784,MANSFIELD
T20160003864,Dry,Clear,No collision and no object struck,Sunday,Day,999,2016/02/21,11:30:00,No,1.0,1.0,-36.66906006,146.9971798,ALPINE
T20160003865,Dry,Clear,Collision with vehicle,Sunday,Day,80,2016/02/21,16:49:00,Yes,6.0,1.0,-36.13677707,146.9088047,WODONGA
T20160003866,Dry,Clear,Collision with vehicle,Sunday,Day,80,2016/02/21,15:05:00,No,4.0,1.0,-38.7775626,143.4413606,COLAC OTWAY
T20160003868,Dry,Clear,No collision and no object struck,Saturday,Day,80,2016/02/20,15:00:00,No,1.0,1.0,-37.60639181,147.8838004,EAST GIPPSLAND
T20160003869,Dry,Clear,Vehicle overturned (no collision),Sunday,Day,80,2016/02/21,15:00:00,No,3.0,2.0,-37.53422342,147.8617109,EAST GIPPSLAND
T20160003870,Dry,Clear,Collision with a fixed object,Sunday,Day,100,2016/02/21,16:45:00,Yes,1.0,1.0,-36.48937,145.4318375,GREATER SHEPPARTON
T20160003871,Dry,Clear,Collision with a fixed object,Sunday,Day,100,2016/02/21,16:00:00,Yes,2.0,2.0,-35.45134,143.4541295,SWAN HILL
T20160003874,Dry,Clear,Collision with vehicle,Sunday,Day,100,2016/02/21,16:15:00,Yes,2.0,1.0,-37.08369964,143.894227,CENTRAL GOLDFIELDS
T20160003876,Dry,Clear,Vehicle overturned (no collision),Sunday,Day,60,2016/02/21,16:40:00,Yes,2.0,2.0,-37.11046077,142.4205116,NORTHERN GRAMPIANS
T20160003878,Dry,Clear,Collision with a fixed object,Sunday,Day,110,2016/02/21,18:20:00,Yes,2.0,1.0,-36.57855707,145.9434117,BENALLA
T20160003880,Dry,Clear,Collision with a fixed object,Sunday,Day,100,2016/02/21,13:30:00,No,1.0,1.0,-37.34560186,145.97754,MURRINDINDI
T20160003892,Dry,Not known,Collision with vehicle,Thursday,Dusk/Dawn,60,2016/02/18,19:30:00,Yes,3.0,2.0,-37.29531611,144.9449007,MITCHELL
T20160003898,Dry,Clear,Collision with a fixed object,Tuesday,Day,100,2016/02/16,16:15:00,No,1.0,1.0,-35.62363869,142.5785483,YARRIAMBIACK
T20160003904,Dry,Clear,No collision and no object struck,Sunday,Day,100,2016/02/21,11:30:00,No,1.0,1.0,-36.81146916,146.4254962,WANGARATTA
T20160003905,Dry,Clear,No collision and no object struck,Monday,Day,80,2016/02/22,07:50:00,No,1.0,1.0,-36.14541539,146.9240352,WODONGA
T20160003906,Dry,Clear,Struck animal,Sunday,Dark No street lights,100,2016/02/21,21:25:00,Yes,3.0,2.0,-38.44130037,143.7740531,COLAC OTWAY
T20160003909,Dry,Clear,Collision with vehicle,Sunday,Day,60,2016/02/21,12:00:00,No,2.0,1.0,-38.52074414,145.3689582,BASS COAST
T20160003913,Dry,Clear,Vehicle overturned (no collision),Monday,Day,60,2016/02/22,10:50:00,No,1.0,1.0,-38.08346052,144.3581717,GREATER GEELONG
T20160003919,Dry,Clear,Collision with vehicle,Monday,Day,70,2016/02/15,08:45:00,No,3.0,1.0,-38.11977956,144.3533968,GREATER GEELONG
T20160003920,Dry,Clear,Collision with vehicle,Monday,Day,100,2016/02/22,08:50:00,No,2.0,1.0,-37.3888775,144.8930248,MACEDON RANGES
T20160003924,Dry,Clear,Collision with vehicle,Monday,Day,50,2016/02/22,11:55:00,No,2.0,1.0,-38.66639741,146.3261963,SOUTH GIPPSLAND
T20160003925,Dry,Clear,Vehicle overturned (no collision),Saturday,Day,999,2016/01/30,15:30:00,Yes,1.0,1.0,-37.94584994,146.4289699,BAW BAW
T20160003927,Dry,Clear,Collision with a fixed object,Monday,Day,100,2016/02/22,11:15:00,No,1.0,1.0,-36.91830965,141.9542774,HORSHAM
T20160003928,Dry,Dust,collision with some other object,Saturday,Day,999,2016/02/20,12:00:00,No,1.0,1.0,-36.79225053,146.9441026,ALPINE
T20160003930,Wet,Raining,Collision with a fixed object,Monday,Day,100,2016/02/22,12:50:00,No,1.0,1.0,-38.26687068,146.691696,WELLINGTON
T20160003938,Dry,Clear,Collision with a fixed object,Monday,Day,80,2016/02/22,11:15:00,No,1.0,1.0,-38.59596068,143.7138514,COLAC OTWAY
T20160003940,Dry,Not known,Collision with vehicle,Thursday,Day,50,2016/02/18,11:00:00,No,2.0,1.0,-37.86861107,148.0150403,EAST GIPPSLAND
T20160003943,Dry,Clear,Collision with vehicle,Monday,Day,100,2016/02/22,13:30:00,No,6.0,2.0,-36.25258071,144.7142618,CAMPASPE
T20160003944,Dry,Clear,Collision with vehicle,Thursday,Day,60,2015/06/11,11:40:00,No,2.0,1.0,-36.71177089,142.2048887,HORSHAM
T20160003948,Muddy,Not known,Vehicle overturned (no collision),Sunday,Unknown,999,2016/02/14,12:30:00,No,1.0,1.0,-37.75734992,144.4627692,MOORABOOL
T20160003954,Dry,Clear,Collision with vehicle,Monday,Day,60,2016/02/22,14:20:00,No,3.0,3.0,-38.13335847,141.629749,GLENELG
T20160003962,Dry,Clear,Struck animal,Sunday,Day,100,2016/01/10,18:00:00,Yes,1.0,1.0,-38.24500101,143.166929,CORANGAMITE
T20160003966,Dry,Not known,Collision with vehicle,Monday,Day,60,2016/02/22,14:00:00,No,2.0,1.0,-36.69019601,144.3239331,GREATER BENDIGO
T20160003978,Wet,Raining,Collision with a fixed object,Monday,Dark Street lights on,80,2016/02/22,20:45:00,Yes,2.0,2.0,-37.4692837,144.9746621,MITCHELL
T20160003982,Dry,Clear,Collision with a fixed object,Monday,Day,100,2016/02/22,17:17:00,No,1.0,1.0,-37.8623601,147.4266107,EAST GIPPSLAND
T20160003985,Dry,Clear,Collision with vehicle,Thursday,Day,60,2015/11/19,14:22:00,No,2.0,1.0,-37.07607993,144.2039496,MOUNT ALEXANDER
T20160004000,Dry,Clear,Collision with vehicle,Thursday,Day,40,2016/01/28,13:30:00,No,4.0,1.0,-38.13182035,144.3380829,GREATER GEELONG
T20160004004,Dry,Clear,Collision with vehicle,Tuesday,Day,70,2016/02/23,10:25:00,No,3.0,1.0,-38.18232732,144.3448918,GREATER GEELONG
T20160004008,Dry,Clear,Collision with vehicle,Tuesday,Day,100,2016/02/23,08:45:00,No,2.0,1.0,-37.57658935,143.9497705,MOORABOOL
T20160004009,Dry,Clear,Struck animal,Tuesday,Day,100,2016/02/02,07:05:00,No,1.0,1.0,-37.31414078,144.65233,MACEDON RANGES
T20160004021,Dry,Clear,Collision with a fixed object,Tuesday,Day,100,2016/02/23,11:10:00,No,1.0,1.0,-38.4120057,145.7647714,SOUTH GIPPSLAND
T20160004025,Dry,Clear,Collision with a fixed object,Tuesday,Day,50,2016/02/23,10:00:00,No,1.0,1.0,-34.19146742,142.1632202,MILDURA
T20160004027,Dry,Clear,Struck animal,Monday,Day,100,2016/02/22,13:30:00,No,1.0,1.0,-37.42983042,145.7143871,MURRINDINDI
T20160004030,Unknown,Clear,No collision and no object struck,Wednesday,Unknown,999,2016/02/17,10:30:00,No,1.0,1.0,-38.01603146,146.1018987,BAW BAW
T20160004036,Dry,Clear,Collision with vehicle,Tuesday,Dusk/Dawn,100,2016/02/23,07:00:00,No,6.0,6.0,-34.61580985,142.7673956,SWAN HILL
T20160004041,Dry,Clear,No collision and no object struck,Monday,Day,80,2015/10/26,10:20:00,No,1.0,1.0,-38.1469887,144.5963278,GREATER GEELONG
T20160004048,Dry,Clear,No collision and no object struck,Saturday,Day,999,2015/12/19,08:00:00,Yes,1.0,1.0,-37.99843998,146.04181,BAW BAW
T20160004050,Dry,Clear,Collision with vehicle,Tuesday,Day,60,2016/02/23,16:15:00,No,3.0,2.0,-38.59618138,145.5963189,BASS COAST
T20160004051,Unknown,Not known,Collision with a fixed object,Tuesday,Unknown,100,2016/02/23,05:50:00,Yes,1.0,1.0,-37.21357682,145.0979203,MITCHELL
T20160004069,Wet,Raining,Collision with a fixed object,Tuesday,Day,110,2016/02/23,17:30:00,No,2.0,2.0,-37.35210999,144.5501406,MACEDON RANGES
T20160004075,Dry,Clear,Collision with a fixed object,Tuesday,Dark No street lights,80,2016/02/23,04:40:00,Yes,2.0,1.0,-37.54091157,144.6150731,MACEDON RANGES
T20160004088,Dry,Clear,No collision and no object struck,Tuesday,Day,60,2016/02/23,10:30:00,No,1.0,1.0,-36.14039963,144.7294493,CAMPASPE
T20160004089,Wet,Clear,Collision with a fixed object,Friday,Day,100,2016/01/29,16:30:00,Yes,1.0,1.0,-38.05114927,145.9520785,BAW BAW
T20160004091,Dry,Dust,Struck animal,Wednesday,Day,80,2016/02/24,08:30:00,No,2.0,1.0,-36.96285027,143.7334416,CENTRAL GOLDFIELDS
T20160004092,Dry,Clear,Collision with vehicle,Tuesday,Dusk/Dawn,80,2016/02/23,06:30:00,No,2.0,2.0,-38.1171774,145.8378205,BAW BAW
T20160004100,Dry,Clear,Collision with vehicle,Thursday,Day,60,2016/02/18,17:30:00,No,2.0,1.0,-36.3949312,145.3582937,GREATER SHEPPARTON
T20160004102,Dry,Clear,Collision with a fixed object,Wednesday,Day,100,2016/02/24,11:37:00,No,1.0,1.0,-38.15486101,145.8383435,BAW BAW
T20160004104,Dry,Clear,Collision with vehicle,Wednesday,Day,60,2016/02/24,12:30:00,No,2.0,1.0,-34.19630428,142.1389867,MILDURA
T20160004105,Dry,Clear,Collision with a fixed object,Wednesday,Dark No street lights,100,2016/02/24,05:20:00,Yes,1.0,1.0,-38.13194162,147.4217715,WELLINGTON
T20160004110,Dry,Clear,Collision with vehicle,Sunday,Day,70,2015/12/27,20:00:00,No,2.0,1.0,-38.19902941,144.3151383,GREATER GEELONG
T20160004114,Dry,Clear,collision with some other object,Wednesday,Day,60,2016/02/24,14:45:00,No,2.0,1.0,-38.60622821,145.5894597,BASS COAST
T20160004122,Dry,Clear,Collision with vehicle,Tuesday,Day,110,2016/02/23,14:45:00,No,2.0,1.0,-35.15810008,142.66096,MILDURA
T20160004124,Dry,Clear,Collision with vehicle,Thursday,Day,60,2016/01/28,11:27:00,No,2.0,1.0,-38.16713957,144.3197755,GREATER GEELONG
T20160004138,Dry,Clear,No collision and no object struck,Sunday,Day,999,2016/02/14,16:30:00,Yes,1.0,1.0,-38.29686464,144.1646791,SURF COAST
T20160004139,Unknown,Not known,Collision with vehicle,Sunday,Day,60,2015/12/13,10:30:00,No,2.0,1.0,-37.57332434,143.8451639,BALLARAT
T20160004140,Dry,Clear,No collision and no object struck,Wednesday,Day,100,2016/02/24,15:18:00,No,3.0,3.0,-36.95349577,147.3559983,EAST GIPPSLAND
T20160004141,Dry,Clear,Collision with vehicle,Wednesday,Day,60,2016/02/24,17:55:00,No,3.0,1.0,-36.76684627,144.3157564,GREATER BENDIGO
T20160004145,Wet,Raining,Collision with vehicle,Wednesday,Day,80,2016/02/24,18:10:00,Yes,9.0,4.0,-38.10024032,144.3547629,GREATER GEELONG
T20160004150,Dry,Clear,Collision with vehicle,Wednesday,Day,60,2016/02/24,18:23:00,Yes,2.0,1.0,-36.35423314,145.4158171,GREATER SHEPPARTON
T20160004153,Wet,Raining,Collision with a fixed object,Wednesday,Day,100,2016/02/24,17:30:00,No,1.0,1.0,-38.56722691,143.2613741,CORANGAMITE
T20160004158,Wet,Raining,Collision with a fixed object,Wednesday,Dusk/Dawn,100,2016/02/24,19:10:00,Yes,2.0,2.0,-38.19214371,144.4765584,GREATER GEELONG
T20160004174,Wet,Raining,Collision with vehicle,Wednesday,Dark Street lights on,60,2016/02/24,20:00:00,Yes,2.0,1.0,-38.32228225,144.3185012,SURF COAST
T20160004175,Wet,Raining,Collision with vehicle,Wednesday,Day,100,2016/02/24,16:05:00,No,10.0,10.0,-38.02072259,143.4805886,CORANGAMITE
T20160004179,Wet,Raining,Collision with a fixed object,Friday,Dark No street lights,100,2016/01/29,23:30:00,Yes,1.0,1.0,-36.24482976,147.0813709,INDIGO
T20160004182,Dry,Clear,Collision with a fixed object,Tuesday,Day,100,2016/02/23,19:00:00,Yes,1.0,1.0,-36.71568559,146.4098427,WANGARATTA
T20160004186,Dry,Clear,No collision and no object struck,Wednesday,Day,100,2016/02/24,17:40:00,No,1.0,1.0,-36.96196998,147.4796636,EAST GIPPSLAND
T20160004194,Dry,Clear,Collision with vehicle,Thursday,Day,40,2016/02/25,08:16:00,No,2.0,1.0,-34.17827595,142.1509824,MILDURA
T20160004197,Dry,Clear,Collision with vehicle,Thursday,Day,60,2016/02/25,11:40:00,No,4.0,2.0,-37.58226056,143.8408747,BALLARAT
T20160004199,Dry,Clear,Collision with vehicle,Wednesday,Dark Street lights on,60,2016/02/17,20:25:00,Yes,2.0,1.0,-36.76419087,144.2480558,GREATER BENDIGO
T20160004201,Dry,Clear,Struck animal,Thursday,Day,100,2016/02/25,06:55:00,No,1.0,1.0,-36.8169345,144.1573963,GREATER BENDIGO
T20160004206,Dry,Clear,No collision and no object struck,Friday,Day,100,2016/01/08,11:30:00,No,1.0,1.0,-36.35381895,141.6270491,HINDMARSH
T20160004207,Dry,Clear,Vehicle overturned (no collision),Saturday,Day,50,2016/02/20,14:00:00,Yes,1.0,1.0,-38.33591099,143.6065841,COLAC OTWAY
T20160004208,Dry,Clear,Collision with vehicle,Thursday,Day,60,2016/02/25,08:15:00,No,3.0,1.0,-36.78534169,144.2783684,GREATER BENDIGO
T20160004209,Wet,Raining,Collision with a fixed object,Thursday,Day,80,2016/02/25,11:08:00,No,1.0,1.0,-38.69138526,143.7114728,COLAC OTWAY
T20160004210,Dry,Clear,Collision with vehicle,Thursday,Day,110,2016/02/25,07:25:00,No,2.0,1.0,-38.08813355,145.7987991,BAW BAW
T20160004214,Dry,Clear,Collision with a fixed object,Friday,Day,999,2016/02/19,15:30:00,No,1.0,1.0,-38.45648202,143.9340443,SURF COAST
T20160004215,Dry,Clear,Collision with vehicle,Thursday,Day,60,2016/02/25,12:20:00,No,3.0,1.0,-37.57764278,143.8432198,BALLARAT
T20160004220,Dry,Clear,Struck Pedestrian,Thursday,Day,50,2016/02/25,13:20:00,No,2.0,1.0,-36.36091573,144.7000582,CAMPASPE
T20160004221,Dry,Clear,Collision with vehicle,Thursday,Day,70,2016/02/25,08:23:00,No,2.0,2.0,-38.18739971,144.3438277,GREATER GEELONG
T20160004224,Unknown,Clear,No collision and no object struck,Sunday,Day,100,2016/02/14,14:45:00,No,2.0,1.0,-37.47687302,147.0004083,WELLINGTON
T20160004227,Dry,Clear,Collision with a fixed object,Thursday,Day,100,2016/02/25,12:10:00,No,1.0,1.0,-36.93336124,146.2132179,MANSFIELD
T20160004229,Dry,Clear,Collision with vehicle,Thursday,Day,100,2016/02/25,15:30:00,No,2.0,1.0,-37.2135273,145.0952214,MITCHELL
T20160004230,Dry,Clear,Struck Pedestrian,Saturday,Dusk/Dawn,60,2016/02/20,19:30:00,Yes,2.0,1.0,-38.37917327,141.3700411,GLENELG