Accident_No,Surface_Cond_Desc,Atmosph_Cond_Desc,Accident_Type_Desc,Day,Light_Condition_Desc,Speed_Zone,Accident_Date,Accident_Time,Alcohol_Influence,Total_Persons_Inv,Inj_Or_Fatal,Lat,Long,LGA
T20160004234,Dry,Clear,Collision with vehicle,Thursday,Day,60,2016/02/25,16:40:00,No,3.0,1.0,-38.26992336,144.5395653,GREATER GEELONG
T20160004238,Dry,Clear,Collision with vehicle,Thursday,Day,80,2016/02/25,16:59:00,No,2.0,2.0,-34.21913356,142.1512095,MILDURA
T20160004239,Dry,Clear,Collision with vehicle,Saturday,Day,80,2016/01/09,14:30:00,Yes,2.0,1.0,-38.15582947,144.6485954,GREATER GEELONG
T20160004251,Dry,Clear,Collision with vehicle,Monday,Day,50,2016/02/08,17:00:00,Yes,5.0,1.0,-36.38297049,145.3973948,GREATER SHEPPARTON
T20160004266,Dry,Clear,Collision with a fixed object,Friday,Dark No street lights,100,2016/02/26,00:15:00,Yes,2.0,2.0,-36.05329805,145.23309,MOIRA
T20160004267,Dry,Clear,Collision with vehicle,Thursday,Day,70,2016/02/25,13:36:00,No,4.0,1.0,-38.18232732,144.3448918,GREATER GEELONG
T20160004275,Dry,Clear,Collision with vehicle,Wednesday,Day,50,2016/02/24,18:35:00,Yes,2.0,2.0,-38.23204082,146.4095492,LATROBE
T20160004287,Dry,Clear,Collision with vehicle,Sunday,Day,50,2016/02/21,12:25:00,No,2.0,1.0,-38.14142295,144.3578616,GREATER GEELONG
T20160004295,Dry,Clear,No collision and no object struck,Thursday,Day,100,2016/02/04,10:00:00,No,1.0,1.0,-36.2987818,144.77984,CAMPASPE
T20160004296,Dry,Clear,collision with some other object,Friday,Day,100,2016/02/26,11:00:00,No,1.0,1.0,-36.45625979,147.21926,TOWONG
T20160004315,Dry,Clear,Collision with vehicle,Tuesday,Day,80,2016/02/02,08:20:00,No,2.0,1.0,-37.37355447,143.8550561,BALLARAT
T20160004327,Dry,Clear,Collision with vehicle,Friday,Day,50,2016/02/26,17:54:00,No,2.0,1.0,-37.60573453,143.8353286,BALLARAT
T20160004340,Dry,Clear,Collision with a fixed object,Friday,Dark No street lights,60,2016/02/26,21:10:00,Yes,1.0,1.0,-36.40042923,145.3688806,GREATER SHEPPARTON
T20160004344,Dry,Clear,Collision with a fixed object,Friday,Dark No street lights,100,2016/02/26,22:45:00,Yes,1.0,1.0,-37.78954301,144.4205539,MOORABOOL
T20160004352,Dry,Clear,Vehicle overturned (no collision),Friday,Dark No street lights,999,2016/02/26,23:00:00,Yes,4.0,4.0,-38.44023933,146.3124012,LATROBE
T20160004356,Dry,Clear,Collision with a fixed object,Friday,Day,100,2016/02/26,12:15:00,No,2.0,1.0,-38.1927391,146.2125895,BAW BAW
T20160004368,Dry,Clear,Struck Pedestrian,Monday,Day,40,2016/02/22,10:00:00,No,2.0,1.0,-38.47604785,145.9459533,SOUTH GIPPSLAND
T20160004369,Wet,Clear,Collision with a fixed object,Saturday,Day,100,2016/02/27,11:30:00,No,2.0,1.0,-38.65219082,143.7110244,COLAC OTWAY
T20160004370,Dry,Clear,Collision with vehicle,Saturday,Day,60,2016/02/27,12:20:00,No,2.0,1.0,-38.03399384,144.3944136,GREATER GEELONG
T20160004371,Dry,Clear,Collision with a fixed object,Saturday,Day,50,2016/02/27,09:45:00,No,1.0,1.0,-38.14980186,144.3242404,GREATER GEELONG
T20160004384,Dry,Clear,collision with some other object,Saturday,Day,100,2016/02/27,13:30:00,No,1.0,1.0,-37.58805042,147.0492768,WELLINGTON
T20160004386,Dry,Clear,Collision with vehicle,Saturday,Day,100,2016/02/27,12:35:00,No,8.0,1.0,-38.76932033,146.1577794,SOUTH GIPPSLAND
T20160004388,Dry,Clear,Collision with vehicle,Saturday,Day,100,2016/02/27,13:00:00,No,2.0,1.0,-37.2693092,147.6956497,EAST GIPPSLAND
T20160004393,Dry,Clear,Collision with vehicle,Saturday,Day,60,2016/02/27,14:25:00,Yes,4.0,2.0,-36.38195041,145.3527892,GREATER SHEPPARTON
T20160004397,Dry,Clear,Vehicle overturned (no collision),Saturday,Day,100,2016/02/27,15:00:00,Yes,1.0,1.0,-37.25104856,144.3983368,MACEDON RANGES
T20160004404,Dry,Clear,Collision with a fixed object,Saturday,Day,80,2016/02/27,13:50:00,No,1.0,1.0,-36.69284517,144.3343783,GREATER BENDIGO
T20160004408,Dry,Clear,No collision and no object struck,Sunday,Day,100,2016/02/21,18:45:00,Yes,1.0,1.0,-38.22661746,142.9573586,CORANGAMITE
T20160004414,Dry,Clear,Collision with vehicle,Saturday,Day,80,2016/02/27,17:40:00,Yes,6.0,2.0,-37.41791187,144.9948895,MITCHELL
T20160004436,Dry,Clear,Collision with vehicle,Wednesday,Day,60,2016/02/17,08:30:00,No,2.0,1.0,-38.37366477,142.4614847,WARRNAMBOOL
T20160004438,Dry,Clear,No collision and no object struck,Saturday,Day,999,2016/02/06,09:30:00,No,1.0,1.0,-37.11217998,146.2793449,MANSFIELD
T20160004448,Dry,Clear,Collision with vehicle,Saturday,Day,50,2016/02/27,14:15:00,Yes,5.0,1.0,-38.5373803,143.9745796,SURF COAST
T20160004454,Dry,Clear,Collision with vehicle,Sunday,Dark Street lights on,80,2016/02/28,06:00:00,Yes,3.0,1.0,-38.0914709,144.356667,GREATER GEELONG
T20160004455,Dry,Clear,Collision with a fixed object,Sunday,Dark No street lights,100,2016/02/28,02:00:00,Yes,1.0,1.0,-36.90512218,144.1320028,GREATER BENDIGO
T20160004462,Dry,Clear,Struck animal,Friday,Dusk/Dawn,100,2016/02/26,20:15:00,Yes,1.0,1.0,-36.82886017,144.1772602,GREATER BENDIGO
T20160004463,Dry,Clear,Vehicle overturned (no collision),Sunday,Day,100,2016/02/28,10:30:00,No,1.0,1.0,-36.29862997,145.9524102,MOIRA
T20160004465,Dry,Clear,Vehicle overturned (no collision),Sunday,Day,100,2016/02/28,12:28:00,No,2.0,2.0,-37.01596996,145.6098698,MURRINDINDI
T20160004467,Dry,Clear,Collision with a fixed object,Sunday,Day,60,2016/02/28,12:45:00,No,1.0,1.0,-38.01732034,144.4059903,GREATER GEELONG
T20160004468,Dry,Clear,Struck Pedestrian,Friday,Day,40,2016/02/26,16:55:00,No,2.0,1.0,-37.56034956,143.8550463,BALLARAT
T20160004470,Dry,Clear,Collision with a fixed object,Sunday,Day,999,2016/02/28,11:40:00,No,2.0,1.0,-37.22496917,144.6644937,MACEDON RANGES
T20160004484,Dry,Clear,Collision with a fixed object,Saturday,Dark No street lights,100,2016/02/27,23:18:00,Yes,2.0,2.0,-38.51794357,145.9590218,SOUTH GIPPSLAND
T20160004487,Dry,Clear,Collision with a fixed object,Sunday,Day,100,2016/02/28,14:20:00,No,1.0,1.0,-38.20786523,146.2736506,LATROBE
T20160004488,Dry,Clear,Collision with vehicle,Sunday,Day,60,2016/02/28,16:30:00,Yes,2.0,1.0,-37.48183632,144.5919489,MACEDON RANGES
T20160004489,Dry,Dust,Vehicle overturned (no collision),Saturday,Day,60,2016/02/27,14:00:00,No,1.0,1.0,-37.62062644,144.1547711,MOORABOOL
T20160004493,Dry,Clear,Collision with vehicle,Sunday,Day,60,2016/02/28,18:09:00,Yes,2.0,1.0,-36.3618796,146.3157237,WANGARATTA
T20160004494,Dry,Clear,Vehicle overturned (no collision),Sunday,Day,80,2016/02/28,17:30:00,No,2.0,2.0,-36.38856952,145.3771798,GREATER SHEPPARTON
T20160004495,Dry,Clear,Collision with vehicle,Sunday,Day,110,2016/02/28,17:00:00,Yes,18.0,2.0,-36.91531395,145.2258179,STRATHBOGIE
T20160004506,Dry,Clear,Collision with a fixed object,Sunday,Day,50,2016/02/28,14:55:00,No,1.0,1.0,-38.23902681,146.4120679,LATROBE
T20160004519,Dry,Clear,Collision with a fixed object,Thursday,Day,80,2016/02/25,16:00:00,No,2.0,1.0,-37.61748016,143.8988514,BALLARAT
T20160004528,Dry,Clear,Collision with a fixed object,Monday,Day,100,2016/02/29,07:05:00,No,1.0,1.0,-36.21953159,142.8451262,BULOKE
T20160004533,Dry,Clear,Collision with vehicle,Monday,Day,80,2016/02/29,08:40:00,Yes,4.0,1.0,-38.08334737,144.3594764,GREATER GEELONG
T20160004534,Dry,Clear,Collision with vehicle,Tuesday,Day,60,2016/02/02,12:30:00,No,4.0,3.0,-38.14709018,144.3498783,GREATER GEELONG
T20160004540,Dry,Clear,Collision with vehicle,Sunday,Day,60,2016/02/28,10:10:00,No,2.0,1.0,-38.16852468,144.3312501,GREATER GEELONG
T20160004553,Dry,Clear,Collision with vehicle,Tuesday,Day,80,2016/01/26,18:00:00,Yes,3.0,1.0,-36.64790507,144.5419126,GREATER BENDIGO
T20160004555,Wet,Raining,Collision with a fixed object,Friday,Day,100,2016/01/29,15:45:00,No,1.0,1.0,-38.56017821,145.9499901,SOUTH GIPPSLAND
T20160004560,Dry,Clear,Collision with vehicle,Saturday,Day,50,2016/02/27,12:30:00,No,2.0,1.0,-38.45305998,145.2389759,BASS COAST
T20160004563,Dry,Clear,No collision and no object struck,Friday,Day,100,2016/01/01,11:30:00,No,1.0,1.0,-38.32671479,146.0070697,BAW BAW
T20160004565,Dry,Clear,Collision with vehicle,Monday,Day,60,2016/02/29,16:00:00,Yes,3.0,1.0,-38.49668708,145.2575958,BASS COAST
T20160004577,Dry,Clear,Collision with a fixed object,Monday,Day,70,2016/02/29,18:30:00,Yes,1.0,1.0,-36.14039963,144.7294493,CAMPASPE
T20160004584,Dry,Clear,Collision with vehicle,Monday,Day,50,2016/02/29,18:45:00,Yes,4.0,1.0,-36.39302448,145.3574879,GREATER SHEPPARTON
T20160004590,Dry,Clear,Collision with a fixed object,Monday,Dusk/Dawn,100,2016/02/29,19:20:00,Yes,1.0,1.0,-36.0101703,146.4132369,INDIGO
T20160004615,Dry,Clear,Collision with vehicle,Tuesday,Day,60,2016/03/01,09:00:00,No,4.0,3.0,-37.57060173,143.8331607,BALLARAT
T20160004619,Dry,Clear,Collision with a fixed object,Sunday,Day,100,2016/02/28,17:00:00,Yes,2.0,2.0,-36.71540603,144.7587865,CAMPASPE
T20160004621,Dry,Clear,Collision with vehicle,Tuesday,Day,100,2016/03/01,09:40:00,No,2.0,2.0,-38.33863481,144.2864218,SURF COAST
T20160004623,Dry,Clear,Collision with vehicle,Sunday,Dusk/Dawn,110,2016/02/28,06:00:00,Yes,5.0,1.0,-36.1081789,146.8516503,WODONGA
T20160004635,Dry,Clear,Collision with vehicle,Tuesday,Unknown,50,2016/03/01,11:24:00,No,3.0,1.0,-37.66911785,143.8801391,BALLARAT
T20160004636,Dry,Clear,Collision with a fixed object,Sunday,Dusk/Dawn,60,2016/02/28,07:30:00,No,3.0,1.0,-38.10038184,144.3716668,GREATER GEELONG
T20160004638,Dry,Clear,Vehicle overturned (no collision),Tuesday,Day,60,2016/03/01,08:05:00,No,1.0,1.0,-36.3429657,141.641211,HINDMARSH
T20160004646,Dry,Clear,Collision with vehicle,Tuesday,Day,50,2016/03/01,13:40:00,No,2.0,1.0,-38.09243224,144.3646162,GREATER GEELONG
T20160004649,Dry,Clear,Struck animal,Saturday,Dark No street lights,100,2016/01/23,22:00:00,Yes,4.0,2.0,-37.33334022,143.0917898,ARARAT
T20160004655,Dry,Clear,Vehicle overturned (no collision),Tuesday,Day,60,2016/03/01,15:00:00,No,3.0,1.0,-38.56348005,145.5473959,BASS COAST
T20160004656,Dry,Clear,Collision with a fixed object,Tuesday,Day,100,2016/03/01,13:25:00,No,1.0,1.0,-37.70296895,143.6551972,GOLDEN PLAINS
T20160004665,Dry,Clear,Collision with a fixed object,Tuesday,Day,100,2016/03/01,15:13:00,No,4.0,2.0,-37.05685001,144.7252658,MITCHELL
T20160004672,Dry,Clear,Collision with a fixed object,Tuesday,Day,100,2016/03/01,17:40:00,No,1.0,1.0,-36.2987376,144.87244,CAMPASPE
T20160004683,Dry,Clear,Collision with vehicle,Tuesday,Day,40,2016/03/01,15:45:00,No,5.0,1.0,-36.71926097,142.1818074,HORSHAM
T20160004700,Dry,Clear,Collision with vehicle,Tuesday,Day,50,2016/03/01,13:25:00,No,2.0,2.0,-37.599019,143.8427786,BALLARAT
T20160004701,Dry,Clear,Vehicle overturned (no collision),Tuesday,Day,100,2016/03/01,12:30:00,No,1.0,1.0,-36.15767859,147.5178307,TOWONG
T20160004704,Dry,Clear,Vehicle overturned (no collision),Saturday,Day,100,2016/02/27,16:15:00,Yes,1.0,1.0,-36.94599997,145.9426397,MANSFIELD
T20160004705,Dry,Clear,Collision with vehicle,Wednesday,Day,50,2016/03/02,08:45:00,No,2.0,1.0,-37.14677195,142.8472513,NORTHERN GRAMPIANS
T20160004712,Dry,Clear,Collision with vehicle,Wednesday,Day,70,2016/03/02,09:15:00,No,3.0,1.0,-38.05201946,144.391086,GREATER GEELONG
T20160004719,Dry,Clear,Collision with vehicle,Wednesday,Day,100,2016/03/02,07:00:00,No,2.0,1.0,-36.83452567,144.239211,GREATER BENDIGO
T20160004723,Dry,Clear,Vehicle overturned (no collision),Wednesday,Day,110,2016/03/02,10:00:00,No,1.0,1.0,-36.828929,145.4067697,STRATHBOGIE
T20160004728,Dry,Clear,Collision with vehicle,Wednesday,Day,100,2016/03/02,09:15:00,No,2.0,1.0,-38.49314931,145.6438663,BASS COAST
T20160004729,Dry,Clear,Collision with vehicle,Wednesday,Dusk/Dawn,60,2015/10/07,06:45:00,No,2.0,1.0,-37.56607716,143.8554971,BALLARAT
T20160004732,Unknown,Not known,Collision with vehicle,Monday,Unknown,50,2016/02/15,17:40:00,No,2.0,1.0,-36.74691865,144.2581089,GREATER BENDIGO
T20160004743,Dry,Clear,Collision with vehicle,Monday,Day,100,2016/02/08,16:55:00,No,4.0,1.0,-38.34893713,144.2588438,SURF COAST
T20160004748,Unknown,Not known,No collision and no object struck,Sunday,Unknown,999,2015/12/27,12:00:00,No,1.0,1.0,-38.00309356,146.0245761,BAW BAW
T20160004749,Dry,Clear,Struck animal,Monday,Dark No street lights,100,2016/02/29,22:30:00,Yes,1.0,1.0,-36.04923722,146.5459261,INDIGO
T20160004754,Dry,Clear,Collision with vehicle,Wednesday,Day,60,2016/03/02,14:30:00,No,2.0,1.0,-36.36766904,146.3140958,WANGARATTA
T20160004755,Dry,Clear,collision with some other object,Wednesday,Dark No street lights,100,2016/02/10,05:45:00,Yes,1.0,1.0,-38.44985195,145.8444406,SOUTH GIPPSLAND
T20160004770,Dry,Clear,Collision with vehicle,Wednesday,Day,80,2016/03/02,10:50:00,No,2.0,1.0,-38.21960827,144.337915,GREATER GEELONG
T20160004773,Dry,Clear,Collision with a fixed object,Wednesday,Dark Street lights on,60,2016/03/02,21:10:00,Yes,1.0,1.0,-38.15676934,144.3613834,GREATER GEELONG
T20160004776,Dry,Clear,Collision with vehicle,Wednesday,Dark Street lights on,60,2016/03/02,21:35:00,Yes,4.0,2.0,-34.21715998,142.13389,MILDURA
T20160004778,Dry,Clear,Struck Pedestrian,Wednesday,Dark Street lights on,50,2016/03/02,22:10:00,Yes,2.0,1.0,-38.2361714,146.3963594,LATROBE
T20160004784,Dry,Clear,No collision and no object struck,Wednesday,Dark Street lights on,50,2016/03/02,21:00:00,Yes,1.0,1.0,-34.31036781,142.1961275,MILDURA
T20160004785,Dry,Clear,Struck Pedestrian,Sunday,Day,999,2016/01/10,17:00:00,No,2.0,1.0,-34.1667277,142.0582026,MILDURA
T20160004786,Dry,Clear,Vehicle overturned (no collision),Thursday,Day,60,2016/03/03,06:52:00,No,1.0,1.0,-38.15150925,144.5740877,GREATER GEELONG
T20160004795,Dry,Clear,Vehicle overturned (no collision),Sunday,Day,60,2016/02/28,10:30:00,No,1.0,1.0,-38.03241992,146.0222191,BAW BAW
T20160004807,Dry,Clear,Collision with a fixed object,Thursday,Day,50,2016/03/03,10:30:00,No,1.0,1.0,-37.02436542,145.134654,MITCHELL
T20160004808,Dry,Clear,Struck Pedestrian,Wednesday,Day,50,2015/04/15,09:30:00,No,2.0,1.0,-37.55445255,143.8805409,BALLARAT
T20160004830,Unknown,Not known,No collision and no object struck,Sunday,Day,999,2016/02/28,12:10:00,No,1.0,1.0,-38.14745017,144.3527515,GREATER GEELONG
T20160004831,Dry,Clear,Collision with vehicle,Wednesday,Day,70,2016/02/24,16:30:00,No,3.0,1.0,-38.11475963,144.3545266,GREATER GEELONG
T20160004846,Dry,Not known,Vehicle overturned (no collision),Saturday,Day,999,2016/02/20,15:30:00,No,1.0,1.0,-36.36431921,147.1959339,TOWONG
T20160004864,Dry,Clear,Collision with vehicle,Thursday,Day,100,2016/03/03,16:15:00,No,2.0,2.0,-38.17293053,146.406184,LATROBE
T20160004868,Dry,Clear,Collision with vehicle,Thursday,Day,100,2016/03/03,17:50:00,No,7.0,6.0,-36.46499,145.2227488,GREATER SHEPPARTON
T20160004877,Dry,Clear,Collision with vehicle,Thursday,Day,60,2016/03/03,12:40:00,No,2.0,1.0,-37.46915547,144.5945697,MACEDON RANGES
T20160004882,Wet,Raining,Collision with a fixed object,Friday,Day,110,2016/01/22,15:55:00,No,4.0,1.0,-38.14108027,145.8843343,BAW BAW
T20160004884,Dry,Clear,Vehicle overturned (no collision),Friday,Day,50,2016/03/04,08:45:00,No,4.0,1.0,-38.34999939,144.2999593,SURF COAST
T20160004888,Dry,Clear,Collision with vehicle,Wednesday,Day,70,2016/02/17,08:40:00,No,4.0,1.0,-38.19758055,144.3171905,GREATER GEELONG
T20160004889,Dry,Dust,Collision with a fixed object,Thursday,Dark No street lights,100,2016/03/03,20:20:00,Yes,2.0,2.0,-37.00398731,144.60383,MITCHELL
T20160004891,Dry,Clear,Collision with vehicle,Friday,Dusk/Dawn,80,2016/03/04,07:00:00,No,2.0,1.0,-38.23165994,146.4081699,LATROBE
T20160004895,Dry,Clear,Collision with vehicle,Friday,Day,100,2016/03/04,07:45:00,No,2.0,1.0,-36.81056841,144.3885303,GREATER BENDIGO
T20160004900,Dry,Not known,Vehicle overturned (no collision),Tuesday,Day,60,2016/03/01,10:30:00,No,1.0,1.0,-36.31253149,147.1478153,INDIGO
T20160004905,Dry,Clear,Collision with vehicle,Wednesday,Dark Street lights on,50,2016/03/02,20:55:00,Yes,3.0,1.0,-38.26209014,144.5270166,GREATER GEELONG
T20160004907,Dry,Clear,Collision with vehicle,Wednesday,Day,60,2016/03/02,16:45:00,No,2.0,1.0,-38.15810113,144.3865145,GREATER GEELONG
T20160004914,Dry,Clear,Collision with vehicle,Friday,Day,80,2016/03/04,09:45:00,No,2.0,1.0,-38.44480872,143.5664811,COLAC OTWAY
T20160004917,Icy,Clear,No collision and no object struck,Friday,Day,80,2016/03/04,11:25:00,No,1.0,1.0,-38.72744135,143.2510292,COLAC OTWAY
T20160004922,Dry,Clear,Collision with vehicle,Thursday,Day,100,2016/03/03,18:30:00,Yes,2.0,1.0,-36.46951911,145.2410086,GREATER SHEPPARTON
T20160004923,Dry,Clear,Struck animal,Sunday,Day,100,2016/02/21,11:00:00,No,1.0,1.0,-37.86166986,144.1355401,GOLDEN PLAINS
T20160004925,Dry,Clear,Collision with vehicle,Thursday,Day,60,2016/03/03,18:10:00,Yes,2.0,1.0,-36.74130997,144.2912119,GREATER BENDIGO
T20160004935,Dry,Clear,Collision with vehicle,Friday,Day,100,2016/03/04,15:40:00,No,3.0,2.0,-38.66541406,146.3523464,SOUTH GIPPSLAND
T20160004943,Dry,Clear,Collision with vehicle,Friday,Day,60,2016/03/04,16:49:00,Yes,3.0,1.0,-38.13209812,144.3499273,GREATER GEELONG
T20160004945,Dry,Clear,Collision with a fixed object,Friday,Day,110,2016/03/04,17:49:00,Yes,1.0,1.0,-36.47640788,146.1650287,BENALLA
T20160004946,Dry,Clear,Collision with a fixed object,Friday,Day,100,2016/03/04,18:15:00,Yes,2.0,1.0,-37.09064003,146.1322486,MANSFIELD
T20160004949,Dry,Clear,Collision with vehicle,Friday,Dark Street lights on,60,2016/03/04,20:00:00,Yes,5.0,2.0,-38.10502745,147.0722179,WELLINGTON
T20160004950,Dry,Clear,Collision with vehicle,Friday,Day,110,2016/03/04,19:00:00,Yes,3.0,2.0,-35.45315259,142.7937767,BULOKE
T20160004962,Dry,Clear,Collision with a fixed object,Saturday,Dark No street lights,100,2016/03/05,02:00:00,Yes,1.0,1.0,-37.95338822,144.1326643,GOLDEN PLAINS
T20160004972,Dry,Clear,Vehicle overturned (no collision),Saturday,Day,100,2016/03/05,09:30:00,No,1.0,1.0,-37.45231179,145.4309568,MURRINDINDI
T20160004974,Dry,Clear,Collision with vehicle,Saturday,Day,100,2016/03/05,08:30:00,No,3.0,2.0,-36.37236097,145.067722,GREATER SHEPPARTON
T20160004983,Dry,Not known,Collision with vehicle,Friday,Day,50,2016/03/04,13:15:00,No,3.0,1.0,-37.29352233,142.9216621,ARARAT
T20160004990,Dry,Clear,Collision with a fixed object,Saturday,Day,100,2016/03/05,13:40:00,No,2.0,1.0,-37.09175874,143.4902805,PYRENEES
T20160004994,Dry,Clear,Collision with a fixed object,Saturday,Day,110,2016/03/05,07:10:00,Yes,1.0,1.0,-37.6647997,144.4477302,MOORABOOL
T20160005000,Dry,Clear,Collision with a fixed object,Saturday,Day,100,2015/10/31,13:00:00,No,1.0,1.0,-38.30620049,142.8798135,CORANGAMITE
T20160005002,Dry,Clear,Collision with a fixed object,Saturday,Day,100,2016/03/05,16:30:00,Yes,1.0,1.0,-37.09894907,142.8462105,NORTHERN GRAMPIANS
T20160005006,Dry,Clear,Collision with vehicle,Saturday,Day,100,2016/03/05,14:10:00,Yes,4.0,4.0,-38.62170384,142.9346368,CORANGAMITE
T20160005017,Dry,Clear,Collision with a fixed object,Saturday,Day,60,2016/03/05,19:38:00,Yes,1.0,1.0,-38.22687031,142.9195854,CORANGAMITE
T20160005022,Dry,Clear,Vehicle overturned (no collision),Saturday,Day,50,2016/03/05,15:15:00,No,1.0,1.0,-36.15261961,146.8802521,WODONGA
T20160005034,Dry,Clear,Collision with a fixed object,Saturday,Dark No street lights,100,2016/03/05,01:50:00,Yes,2.0,2.0,-37.78756248,147.570438,EAST GIPPSLAND
T20160005045,Dry,Not known,Collision with a fixed object,Sunday,Day,80,2016/03/06,07:30:00,Yes,1.0,1.0,-38.34425035,144.2855829,SURF COAST
T20160005047,Dry,Clear,Vehicle overturned (no collision),Sunday,Day,100,2016/03/06,12:20:00,No,1.0,1.0,-36.39652971,147.2248839,TOWONG
T20160005050,Dry,Clear,Vehicle overturned (no collision),Sunday,Day,100,2016/03/06,12:30:00,No,1.0,1.0,-38.22903948,141.4522411,GLENELG
T20160005052,Unknown,Not known,Collision with a fixed object,Sunday,Unknown,999,2016/03/06,13:45:00,No,1.0,1.0,-37.82539205,146.180533,BAW BAW
T20160005057,Dry,Clear,Collision with vehicle,Saturday,Day,60,2016/03/05,12:10:00,No,2.0,1.0,-37.56562123,143.8788561,BALLARAT
T20160005060,Dry,Clear,Collision with a fixed object,Sunday,Day,50,2016/03/06,14:51:00,No,2.0,1.0,-37.5518251,143.8817606,BALLARAT
T20160005063,Dry,Clear,Collision with a fixed object,Sunday,Day,100,2016/03/06,15:00:00,No,4.0,2.0,-37.5192975,144.1660848,MOORABOOL
T20160005064,Dry,Clear,Collision with a fixed object,Sunday,Day,100,2016/03/06,16:00:00,Yes,1.0,1.0,-36.4781524,146.6289594,WANGARATTA
T20160005070,Dry,Clear,Collision with vehicle,Sunday,Day,60,2016/03/06,17:49:00,Yes,2.0,1.0,-38.18080073,144.3539576,GREATER GEELONG
T20160005081,Dry,Clear,Vehicle overturned (no collision),Sunday,Dark No street lights,40,2016/03/06,22:00:00,Yes,1.0,1.0,-38.44878969,145.9156291,SOUTH GIPPSLAND
T20160005085,Dry,Clear,Collision with vehicle,Wednesday,Day,50,2016/03/02,15:50:00,No,7.0,2.0,-38.01813582,144.4046201,GREATER GEELONG
T20160005089,Dry,Clear,Collision with a fixed object,Sunday,Day,100,2016/03/06,14:30:00,No,1.0,1.0,-37.41422076,145.0221083,MITCHELL
T20160005091,Dry,Clear,Collision with vehicle,Monday,Day,60,2016/03/07,09:35:00,No,2.0,2.0,-38.37147141,142.4730978,WARRNAMBOOL
T20160005098,Unknown,Clear,No collision and no object struck,Sunday,Unknown,999,2016/03/06,13:15:00,No,1.0,1.0,-37.20704032,145.0811298,MITCHELL
T20160005100,Dry,Clear,Vehicle overturned (no collision),Wednesday,Day,100,2016/03/02,13:00:00,No,1.0,1.0,-37.0110313,147.0809812,MOUNT HOTHAM ALPINE RESORT (UNINC)
T20160005103,Dry,Clear,Struck animal,Friday,Dark No street lights,100,2016/01/29,04:15:00,Yes,1.0,1.0,-36.81101208,144.1702796,GREATER BENDIGO
T20160005106,Wet,Clear,Collision with a fixed object,Monday,Day,60,2016/03/07,11:46:00,No,1.0,1.0,-38.19351556,146.5447185,LATROBE
T20160005114,Dry,Clear,No collision and no object struck,Sunday,Day,100,2016/03/06,13:00:00,No,1.0,1.0,-37.22307499,147.6103707,EAST GIPPSLAND
T20160005119,Dry,Clear,Collision with vehicle,Monday,Day,80,2016/03/07,08:50:00,No,2.0,1.0,-36.39480643,146.4541193,WANGARATTA
T20160005122,Unknown,Dust,No collision and no object struck,Sunday,Day,999,2016/02/28,13:30:00,No,1.0,1.0,-37.40170029,145.461098,MURRINDINDI
T20160005132,Dry,Clear,Collision with a fixed object,Monday,Day,100,2016/03/07,16:45:00,No,1.0,1.0,-36.37755343,145.58651,GREATER SHEPPARTON
T20160005151,Dry,Clear,Collision with a fixed object,Monday,Day,100,2016/03/07,18:03:00,Yes,1.0,1.0,-36.89673996,144.4966003,GREATER BENDIGO
T20160005153,Dry,Not known,collision with some other object,Saturday,Day,100,2016/01/16,13:00:00,No,1.0,1.0,-36.81477375,145.9906631,BENALLA
T20160005164,Dry,Fog,Collision with vehicle,Tuesday,Day,100,2016/03/08,07:30:00,No,4.0,2.0,-37.59139001,144.3125801,MOORABOOL
T20160005172,Dry,Clear,Collision with vehicle,Tuesday,Day,70,2016/03/08,09:00:00,No,5.0,2.0,-36.71462843,144.3140336,GREATER BENDIGO
T20160005174,Dry,Clear,Struck Pedestrian,Tuesday,Day,80,2016/03/08,07:45:00,No,2.0,1.0,-38.17445721,144.4579305,GREATER GEELONG
T20160005186,Dry,Clear,Collision with vehicle,Tuesday,Day,60,2016/03/08,11:00:00,No,2.0,1.0,-38.02479955,144.3960362,GREATER GEELONG
T20160005188,Dry,Clear,Vehicle overturned (no collision),Sunday,Day,100,2016/03/06,15:00:00,No,1.0,1.0,-38.43204674,143.1865333,CORANGAMITE
T20160005198,Dry,Clear,Collision with vehicle,Friday,Day,60,2016/03/04,16:00:00,No,3.0,1.0,-38.15628744,144.3843687,GREATER GEELONG
T20160005201,Dry,Not known,Collision with vehicle,Sunday,Day,60,2016/03/06,11:00:00,No,3.0,1.0,-36.79097178,144.2358313,GREATER BENDIGO
T20160005202,Dry,Clear,No collision and no object struck,Wednesday,Day,100,2016/03/02,10:00:00,No,1.0,1.0,-36.95109276,147.3711407,EAST GIPPSLAND
T20160005211,Dry,Clear,Collision with a fixed object,Tuesday,Day,999,2016/03/08,15:20:00,No,2.0,2.0,-38.17571722,146.2646203,LATROBE
T20160005215,Dry,Clear,Collision with a fixed object,Monday,Dusk/Dawn,100,2016/03/07,18:40:00,Yes,2.0,2.0,-37.04079986,142.1945186,HORSHAM
T20160005221,Dry,Clear,Collision with a fixed object,Tuesday,Day,110,2016/03/08,14:30:00,No,2.0,2.0,-36.40760216,146.2773745,WANGARATTA
T20160005222,Dry,Clear,Collision with vehicle,Saturday,Day,50,2016/03/05,08:45:00,No,4.0,1.0,-36.0144,146.00442,MOIRA
T20160005226,Dry,Clear,Collision with vehicle,Tuesday,Day,50,2016/03/08,11:45:00,No,2.0,2.0,-37.05999984,142.764615,NORTHERN GRAMPIANS