Accident_No,Surface_Cond_Desc,Atmosph_Cond_Desc,Accident_Type_Desc,Day,Light_Condition_Desc,Speed_Zone,Accident_Date,Accident_Time,Alcohol_Influence,Total_Persons_Inv,Inj_Or_Fatal,Lat,Long,LGA
T20160005242,Dry,Clear,Vehicle overturned (no collision),Tuesday,Dark No street lights,999,2016/03/08,21:35:00,Yes,1.0,1.0,-37.0652107,143.7343359,CENTRAL GOLDFIELDS
T20160005251,Dry,Clear,Vehicle overturned (no collision),Tuesday,Dark Street lights on,80,2016/03/08,23:00:00,Yes,4.0,2.0,-36.39245042,145.4467007,GREATER SHEPPARTON
T20160005252,Dry,Clear,Collision with a fixed object,Wednesday,Dark No street lights,100,2016/03/09,02:30:00,Yes,1.0,1.0,-36.60567231,145.0826213,CAMPASPE
T20160005259,Dry,Clear,Vehicle overturned (no collision),Tuesday,Dusk/Dawn,60,2016/03/08,19:00:00,Yes,1.0,1.0,-37.42474205,143.8664291,HEPBURN
T20160005267,Dry,Clear,Collision with vehicle,Wednesday,Day,50,2016/03/09,08:25:00,No,7.0,2.0,-37.68182983,144.4342781,MOORABOOL
T20160005273,Dry,Clear,Collision with vehicle,Wednesday,Day,100,2016/03/09,09:00:00,No,3.0,3.0,-36.35734161,144.7775882,CAMPASPE
T20160005288,Dry,Clear,Collision with a fixed object,Wednesday,Day,100,2016/03/09,12:50:00,No,1.0,1.0,-36.25374123,142.3705605,YARRIAMBIACK
T20160005294,Dry,Clear,Vehicle overturned (no collision),Wednesday,Day,100,2016/03/02,19:00:00,Yes,1.0,1.0,-36.05085,145.4785125,MOIRA
T20160005295,Dry,Clear,Collision with vehicle,Wednesday,Day,80,2016/03/09,07:00:00,No,2.0,2.0,-35.93319264,145.658087,MOIRA
T20160005298,Dry,Clear,Vehicle overturned (no collision),Monday,Day,100,2016/03/07,16:00:00,No,1.0,1.0,-37.00622542,143.3881293,PYRENEES
T20160005300,Dry,Clear,Struck Pedestrian,Wednesday,Day,60,2016/03/09,16:50:00,No,2.0,1.0,-36.76468699,144.2692158,GREATER BENDIGO
T20160005302,Dry,Clear,No collision and no object struck,Saturday,Day,999,2016/03/05,15:30:00,No,1.0,1.0,-38.54580151,143.766572,COLAC OTWAY
T20160005310,Dry,Clear,Collision with vehicle,Tuesday,Dark Street lights unknown,999,2016/03/08,20:30:00,Yes,4.0,1.0,-38.1974355,146.5256306,LATROBE
T20160005321,Dry,Clear,Collision with vehicle,Wednesday,Day,80,2016/03/09,17:55:00,No,2.0,2.0,-38.10338822,147.0220605,WELLINGTON
T20160005326,Wet,Raining,Collision with a fixed object,Wednesday,Dark No street lights,60,2016/03/09,20:35:00,Yes,2.0,1.0,-38.18518762,144.3009005,GREATER GEELONG
T20160005334,Wet,Raining,Collision with a fixed object,Thursday,Dark No street lights,100,2016/03/10,06:30:00,No,1.0,1.0,-38.27732533,145.8162935,BAW BAW
T20160005341,Wet,Raining,Collision with a fixed object,Thursday,Day,80,2016/03/10,09:00:00,No,1.0,1.0,-37.41929126,144.5826709,MACEDON RANGES
T20160005342,Dry,Clear,Collision with vehicle,Wednesday,Day,60,2016/03/09,14:20:00,No,2.0,1.0,-36.40679834,145.3937865,GREATER SHEPPARTON
T20160005359,Wet,Raining,Collision with vehicle,Friday,Day,50,2016/01/22,14:50:00,No,3.0,2.0,-36.11553858,146.8914669,WODONGA
T20160005361,Wet,Raining,Struck Pedestrian,Thursday,Day,50,2016/03/10,12:45:00,No,2.0,1.0,-38.33971038,143.5870557,COLAC OTWAY
T20160005363,Wet,Raining,Collision with vehicle,Thursday,Day,100,2016/03/10,11:40:00,No,3.0,1.0,-37.10592096,142.804249,NORTHERN GRAMPIANS
T20160005364,Wet,Raining,Collision with vehicle,Thursday,Day,100,2016/03/10,11:33:00,No,4.0,1.0,-37.16123978,142.8634098,NORTHERN GRAMPIANS
T20160005366,Wet,Raining,Collision with vehicle,Thursday,Day,50,2016/03/10,13:45:00,No,3.0,1.0,-38.14575993,145.9298589,BAW BAW
T20160005373,Wet,Raining,Collision with a fixed object,Thursday,Day,999,2016/03/10,13:15:00,No,2.0,1.0,-37.73948107,143.8015801,GOLDEN PLAINS
T20160005385,Wet,Raining,Collision with vehicle,Thursday,Day,60,2016/03/10,06:50:00,No,2.0,1.0,-38.19422889,146.5334749,LATROBE
T20160005386,Wet,Clear,Collision with a fixed object,Thursday,Day,110,2016/03/10,15:00:00,No,1.0,1.0,-38.18160011,146.27139,LATROBE
T20160005387,Dry,Clear,Collision with vehicle,Wednesday,Dark Street lights on,70,2016/03/09,20:20:00,Yes,4.0,1.0,-38.36966589,142.468483,WARRNAMBOOL
T20160005391,Dry,Clear,Struck Pedestrian,Sunday,Day,60,2016/03/06,11:15:00,No,2.0,1.0,-38.47636716,145.9461964,SOUTH GIPPSLAND
T20160005393,Dry,Clear,Collision with vehicle,Thursday,Day,60,2016/03/10,15:40:00,No,6.0,4.0,-34.20132785,142.1507026,MILDURA
T20160005418,Wet,Raining,Collision with vehicle,Thursday,Dusk/Dawn,60,2016/03/10,18:15:00,Yes,11.0,4.0,-38.36871143,143.4131823,COLAC OTWAY
T20160005422,Dry,Clear,Collision with a fixed object,Thursday,Day,100,2016/03/10,16:05:00,No,3.0,3.0,-37.18534999,148.7031711,EAST GIPPSLAND
T20160005424,Dry,Clear,Collision with vehicle,Thursday,Day,60,2016/03/10,17:15:00,No,2.0,1.0,-37.56530163,143.8762818,BALLARAT
T20160005440,Dry,Clear,Collision with a fixed object,Thursday,Day,100,2016/03/10,15:35:00,No,2.0,2.0,-38.12000873,142.7317791,MOYNE
T20160005451,Wet,Raining,Collision with vehicle,Thursday,Day,50,2016/03/10,13:00:00,No,2.0,1.0,-38.19324953,144.4588465,GREATER GEELONG
T20160005455,Dry,Clear,Collision with vehicle,Friday,Day,40,2016/03/11,08:30:00,No,2.0,1.0,-37.96259892,146.9769281,WELLINGTON
T20160005464,Dry,Clear,Collision with vehicle,Friday,Day,50,2016/03/11,10:19:00,No,2.0,2.0,-36.77243132,144.240179,GREATER BENDIGO
T20160005466,Dry,Clear,Collision with vehicle,Friday,Day,60,2016/03/11,10:05:00,No,2.0,1.0,-36.38613466,145.4243722,GREATER SHEPPARTON
T20160005468,Dry,Clear,Collision with a fixed object,Wednesday,Day,100,2015/11/25,11:00:00,No,1.0,1.0,-37.09699861,144.0670133,MOUNT ALEXANDER
T20160005472,Dry,Clear,Collision with vehicle,Thursday,Day,100,2016/03/10,18:45:00,Yes,5.0,1.0,-38.38854501,142.8647856,CORANGAMITE
T20160005483,Dry,Clear,Struck animal,Saturday,Day,100,2016/03/05,15:00:00,No,1.0,1.0,-36.91192989,147.4580205,EAST GIPPSLAND
T20160005490,Dry,Clear,Collision with vehicle,Friday,Day,60,2016/03/11,14:55:00,No,3.0,2.0,-35.91672968,145.6439541,MOIRA
T20160005491,Dry,Clear,Collision with vehicle,Friday,Day,50,2016/03/11,14:30:00,No,2.0,1.0,-38.17861026,146.5092733,LATROBE
T20160005493,Wet,Raining,Collision with vehicle,Thursday,Day,50,2016/03/10,17:00:00,No,2.0,1.0,-38.16556656,144.3894419,GREATER GEELONG
T20160005495,Dry,Clear,Collision with vehicle,Friday,Day,60,2016/03/11,15:20:00,No,3.0,1.0,-37.57071742,143.8179205,BALLARAT
T20160005498,Wet,Clear,Collision with vehicle,Friday,Day,100,2016/03/11,13:05:00,No,2.0,1.0,-37.71916144,148.4060089,EAST GIPPSLAND
T20160005513,Dry,Clear,Collision with vehicle,Friday,Day,60,2016/03/11,16:00:00,Yes,4.0,2.0,-37.58226056,143.8408747,BALLARAT
T20160005515,Wet,Raining,Collision with a fixed object,Thursday,Day,100,2016/03/10,08:42:00,No,1.0,1.0,-37.17920059,145.2516616,MURRINDINDI
T20160005517,Dry,Clear,Collision with vehicle,Friday,Day,100,2016/03/11,16:10:00,Yes,8.0,2.0,-38.30167004,143.77249,COLAC OTWAY
T20160005518,Dry,Clear,Collision with vehicle,Friday,Day,60,2016/03/11,15:32:00,No,6.0,1.0,-37.58097232,143.8295296,BALLARAT
T20160005522,Dry,Clear,Vehicle overturned (no collision),Friday,Day,100,2016/03/11,15:40:00,No,2.0,1.0,-37.3892228,144.8694594,MACEDON RANGES
T20160005528,Unknown,Clear,Struck animal,Saturday,Day,100,2016/02/20,09:00:00,No,1.0,1.0,-38.42292951,146.0399785,SOUTH GIPPSLAND
T20160005532,Dry,Not known,Vehicle overturned (no collision),Friday,Dark No street lights,100,2016/03/11,06:55:00,No,1.0,1.0,-37.86339059,146.7075517,WELLINGTON
T20160005533,Dry,Clear,Collision with a fixed object,Friday,Dusk/Dawn,100,2016/03/11,20:00:00,Yes,1.0,1.0,-37.8670909,147.603063,EAST GIPPSLAND
T20160005536,Dry,Clear,Vehicle overturned (no collision),Friday,Day,80,2016/03/11,18:51:00,Yes,4.0,2.0,-37.12838207,146.0234378,MANSFIELD
T20160005539,Dry,Clear,Collision with vehicle,Friday,Dark Street lights on,80,2016/03/11,22:35:00,Yes,2.0,2.0,-38.16720109,144.422311,GREATER GEELONG
T20160005554,Dry,Clear,Collision with vehicle,Saturday,Day,60,2016/03/12,10:00:00,No,5.0,5.0,-36.62977218,145.717397,STRATHBOGIE
T20160005557,Dry,Clear,Collision with vehicle,Saturday,Day,60,2016/03/12,12:20:00,No,4.0,1.0,-36.38522752,145.3985013,GREATER SHEPPARTON
T20160005571,Dry,Clear,Collision with vehicle,Saturday,Day,100,2016/03/12,13:10:00,No,35.0,9.0,-38.67233154,143.1251769,CORANGAMITE
T20160005575,Dry,Clear,Collision with vehicle,Saturday,Day,100,2016/03/12,11:45:00,No,3.0,1.0,-36.07274756,147.3121273,TOWONG
T20160005582,Wet,Raining,Collision with a fixed object,Saturday,Day,80,2016/03/12,16:55:00,Yes,1.0,1.0,-37.12808082,147.5307503,EAST GIPPSLAND
T20160005584,Dry,Clear,Collision with vehicle,Saturday,Day,100,2016/03/12,15:50:00,No,6.0,1.0,-37.19826107,142.5433859,NORTHERN GRAMPIANS
T20160005585,Dry,Clear,Collision with vehicle,Saturday,Day,50,2016/03/12,18:15:00,Yes,2.0,1.0,-36.38944901,145.4105489,GREATER SHEPPARTON
T20160005595,Dry,Clear,Vehicle overturned (no collision),Saturday,Day,100,2016/03/12,14:30:00,Yes,1.0,1.0,-36.34725211,145.6309817,GREATER SHEPPARTON
T20160005596,Dry,Clear,Collision with a fixed object,Saturday,Dark No street lights,80,2016/03/12,21:48:00,Yes,1.0,1.0,-37.5788194,143.9338112,MOORABOOL
T20160005597,Dry,Clear,Collision with a fixed object,Saturday,Dark No street lights,100,2016/03/12,21:00:00,Yes,2.0,2.0,-35.0902786,142.3129593,MILDURA
T20160005598,Dry,Clear,Collision with a fixed object,Saturday,Dark No street lights,100,2016/03/12,21:35:00,Yes,2.0,2.0,-38.09338838,141.5996715,GLENELG
T20160005600,Dry,Clear,Collision with a fixed object,Saturday,Dark No street lights,100,2016/03/12,23:51:00,Yes,1.0,1.0,-34.41734207,142.2972773,MILDURA
T20160005603,Dry,Clear,Vehicle overturned (no collision),Sunday,Dark No street lights,100,2016/03/13,01:30:00,Yes,2.0,2.0,-38.12731507,144.6565209,GREATER GEELONG
T20160005611,Dry,Clear,Collision with vehicle,Sunday,Dark Street lights on,60,2016/03/13,06:00:00,Yes,3.0,2.0,-38.0914709,144.356667,GREATER GEELONG
T20160005617,Dry,Clear,Vehicle overturned (no collision),Saturday,Day,999,2016/03/12,12:15:00,No,1.0,1.0,-38.06000194,146.1003201,BAW BAW
T20160005623,Dry,Clear,Collision with vehicle,Saturday,Day,60,2016/03/12,17:35:00,Yes,2.0,1.0,-36.73332892,144.3034341,GREATER BENDIGO
T20160005626,Dry,Clear,Collision with vehicle,Saturday,Day,60,2016/03/12,14:45:00,No,3.0,2.0,-38.15818583,144.3745262,GREATER GEELONG
T20160005627,Wet,Raining,Collision with vehicle,Sunday,Day,90,2016/03/13,08:50:00,Yes,3.0,1.0,-37.39650169,144.9777933,MITCHELL
T20160005634,Dry,Clear,Collision with vehicle,Sunday,Day,50,2016/03/13,11:00:00,No,2.0,1.0,-38.17728981,144.7159114,GREATER GEELONG
T20160005644,Dry,Clear,Vehicle overturned (no collision),Sunday,Day,50,2016/03/13,13:30:00,No,1.0,1.0,-34.18958577,142.157427,MILDURA
T20160005647,Dry,Clear,Collision with vehicle,Sunday,Day,100,2016/03/13,16:40:00,Yes,2.0,1.0,-36.37759243,145.4619551,GREATER SHEPPARTON
T20160005649,Dry,Clear,Vehicle overturned (no collision),Sunday,Day,100,2016/03/13,14:45:00,No,1.0,1.0,-37.80085124,142.9281903,ARARAT
T20160005650,Dry,Clear,No collision and no object struck,Sunday,Day,60,2016/03/13,17:15:00,Yes,1.0,1.0,-38.19659803,144.3184434,GREATER GEELONG
T20160005652,Dry,Clear,Collision with a fixed object,Sunday,Day,100,2016/03/13,16:45:00,Yes,2.0,2.0,-36.06713,145.2319616,MOIRA
T20160005654,Dry,Clear,Collision with a fixed object,Sunday,Dusk/Dawn,100,2016/03/13,17:50:00,Yes,1.0,1.0,-38.3740922,145.5613936,BASS COAST
T20160005657,Dry,Clear,No collision and no object struck,Sunday,Day,100,2016/03/13,16:00:00,Yes,1.0,1.0,-37.43976985,146.0530802,MURRINDINDI
T20160005673,Dry,Clear,Struck Pedestrian,Monday,Dark Street lights on,60,2016/03/14,01:40:00,Yes,2.0,1.0,-37.5645059,143.8557884,BALLARAT
T20160005674,Dry,Clear,Collision with a fixed object,Monday,Dark No street lights,100,2016/03/14,02:10:00,Yes,2.0,2.0,-38.63727963,145.6027359,BASS COAST
T20160005684,Wet,Raining,No collision and no object struck,Monday,Day,100,2016/03/14,07:30:00,No,1.0,1.0,-38.50749751,146.1193268,SOUTH GIPPSLAND
T20160005686,Dry,Clear,Collision with a fixed object,Sunday,Day,100,2016/03/13,13:29:00,No,1.0,1.0,-37.95058347,147.0559331,WELLINGTON
T20160005689,Wet,Raining,Collision with a fixed object,Monday,Dark Street lights on,60,2016/03/14,06:00:00,Yes,1.0,1.0,-37.81165759,147.6325721,EAST GIPPSLAND
T20160005694,Dry,Clear,Collision with vehicle,Monday,Day,60,2016/03/14,11:20:00,No,4.0,1.0,-37.20544258,145.0454105,MITCHELL
T20160005706,Dry,Clear,Collision with vehicle,Monday,Day,80,2016/03/14,10:40:00,No,3.0,1.0,-38.21802993,146.4756639,LATROBE
T20160005709,Dry,Clear,Collision with vehicle,Monday,Day,100,2016/03/14,12:00:00,No,8.0,4.0,-37.16459142,145.5440121,MURRINDINDI
T20160005711,Dry,Clear,Collision with a fixed object,Monday,Day,100,2016/03/14,11:10:00,No,1.0,1.0,-36.93019801,144.2969422,GREATER BENDIGO
T20160005713,Dry,Clear,Collision with a fixed object,Monday,Day,80,2016/03/14,13:54:00,No,2.0,2.0,-37.55944763,143.9187748,BALLARAT
T20160005723,Dry,Clear,Collision with vehicle,Monday,Day,60,2016/03/14,17:45:00,No,2.0,1.0,-36.12783396,144.7537883,CAMPASPE
T20160005735,Dry,Clear,Collision with vehicle,Tuesday,Dark Street lights on,60,2016/03/15,05:10:00,Yes,2.0,2.0,-36.37069807,145.344444,GREATER SHEPPARTON
T20160005749,Dry,Clear,Struck Pedestrian,Friday,Dark No street lights,50,2016/03/11,06:30:00,No,2.0,1.0,-37.55021979,143.7869382,BALLARAT
T20160005750,Unknown,Not known,No collision and no object struck,Monday,Day,80,2016/03/14,14:30:00,No,1.0,1.0,-37.42007869,148.6034352,EAST GIPPSLAND
T20160005756,Unknown,Not known,Collision with vehicle,Monday,Unknown,70,2016/03/14,12:47:00,No,2.0,1.0,-38.18927101,144.3276178,GREATER GEELONG
T20160005759,Dry,Clear,Collision with vehicle,Tuesday,Day,50,2016/03/15,10:15:00,No,3.0,1.0,-38.11844044,144.6533838,GREATER GEELONG
T20160005780,Dry,Clear,Collision with vehicle,Tuesday,Day,60,2016/03/15,10:10:00,No,2.0,1.0,-36.78338899,144.2475989,GREATER BENDIGO
T20160005781,Unknown,Clear,Vehicle overturned (no collision),Saturday,Day,999,2016/03/12,16:30:00,Yes,1.0,1.0,-38.00629546,146.0689095,BAW BAW
T20160005782,Dry,Clear,Struck Pedestrian,Tuesday,Day,40,2016/03/15,13:46:00,No,3.0,2.0,-38.15106306,144.3577886,GREATER GEELONG
T20160005788,Unknown,Not known,collision with some other object,Monday,Day,999,2016/03/14,12:00:00,No,1.0,1.0,-38.05015051,146.0753027,BAW BAW
T20160005800,Dry,Clear,Vehicle overturned (no collision),Sunday,Day,100,2016/03/13,13:00:00,No,1.0,1.0,-37.05747224,143.0977447,PYRENEES
T20160005801,Dry,Clear,Collision with a fixed object,Tuesday,Day,60,2016/03/15,15:10:00,No,2.0,1.0,-38.17781866,144.339778,GREATER GEELONG
T20160005804,Dry,Clear,Collision with a fixed object,Tuesday,Day,100,2016/03/15,15:45:00,No,1.0,1.0,-36.13672064,143.3402215,BULOKE
T20160005809,Dry,Clear,Collision with vehicle,Tuesday,Day,60,2016/02/16,14:20:00,No,2.0,1.0,-38.14774803,144.3542808,GREATER GEELONG
T20160005814,Dry,Clear,Collision with vehicle,Tuesday,Day,70,2016/03/15,18:50:00,Yes,3.0,1.0,-36.24001591,144.9479918,CAMPASPE
T20160005817,Dry,Clear,Collision with vehicle,Tuesday,Day,100,2016/03/15,17:41:00,No,2.0,1.0,-38.00453939,144.1568623,GOLDEN PLAINS
T20160005820,Dry,Clear,Collision with a fixed object,Tuesday,Day,100,2016/03/15,15:24:00,No,1.0,1.0,-36.33184999,145.4619667,GREATER SHEPPARTON
T20160005829,Dry,Clear,Collision with a fixed object,Tuesday,Dark No street lights,100,2016/03/15,21:40:00,Yes,2.0,1.0,-36.8314145,144.1705698,GREATER BENDIGO
T20160005834,Dry,Clear,Collision with vehicle,Tuesday,Day,60,2016/03/08,16:10:00,No,3.0,1.0,-37.73123259,142.0188735,SOUTHERN GRAMPIANS
T20160005841,Dry,Clear,Collision with vehicle,Wednesday,Day,60,2016/03/16,07:00:00,No,2.0,1.0,-36.35745928,145.4035,GREATER SHEPPARTON
T20160005860,Dry,Clear,No collision and no object struck,Wednesday,Day,110,2016/03/16,12:30:00,No,1.0,1.0,-37.34764001,145.0207199,MITCHELL
T20160005863,Dry,Clear,Struck Pedestrian,Wednesday,Day,50,2016/03/16,11:25:00,No,2.0,2.0,-34.17920049,142.1414794,MILDURA
T20160005864,Dry,Clear,Collision with a fixed object,Wednesday,Day,100,2016/03/16,12:05:00,No,1.0,1.0,-36.34748869,145.61379,GREATER SHEPPARTON
T20160005865,Dry,Clear,No collision and no object struck,Monday,Day,100,2016/03/14,12:30:00,No,1.0,1.0,-36.88555301,146.1989577,BENALLA
T20160005872,Dry,Clear,Collision with vehicle,Wednesday,Day,50,2016/03/16,13:20:00,No,2.0,1.0,-36.38186002,145.3991502,GREATER SHEPPARTON
T20160005882,Dry,Clear,No collision and no object struck,Sunday,Day,100,2016/03/06,14:00:00,No,1.0,1.0,-36.77082034,146.3705492,WANGARATTA
T20160005885,Dry,Clear,Struck Pedestrian,Wednesday,Day,60,2016/03/16,15:50:00,No,2.0,1.0,-36.72609201,142.20586,HORSHAM
T20160005888,Unknown,Clear,No collision and no object struck,Wednesday,Day,999,2016/03/16,14:20:00,No,1.0,1.0,-37.46540078,145.4575469,MURRINDINDI
T20160005889,Dry,Clear,Vehicle overturned (no collision),Tuesday,Dark No street lights,999,2016/03/15,20:17:00,Yes,1.0,1.0,-37.55120851,143.7578262,BALLARAT
T20160005890,Dry,Clear,Vehicle overturned (no collision),Wednesday,Day,100,2016/03/16,16:30:00,No,2.0,2.0,-37.6002894,144.1141497,MOORABOOL
T20160005899,Dry,Clear,Collision with vehicle,Monday,Dusk/Dawn,50,2016/03/07,06:45:00,No,3.0,2.0,-37.41340637,144.9823285,MITCHELL
T20160005902,Dry,Clear,Collision with vehicle,Wednesday,Day,100,2016/03/16,19:00:00,Yes,2.0,1.0,-37.38721702,144.8889391,MACEDON RANGES
T20160005927,Dry,Clear,Collision with vehicle,Wednesday,Day,80,2016/03/16,19:50:00,Yes,3.0,3.0,-34.21005836,142.1819152,MILDURA
T20160005942,Dry,Clear,Collision with vehicle,Thursday,Day,60,2016/03/17,09:20:00,No,2.0,1.0,-36.10899261,146.8607361,WODONGA
T20160005958,Dry,Clear,Collision with vehicle,Wednesday,Day,60,2016/03/16,08:35:00,No,4.0,1.0,-38.4517666,144.1117744,SURF COAST
T20160005967,Dry,Clear,Collision with a fixed object,Monday,Day,999,2016/03/14,12:30:00,No,2.0,1.0,-38.24973942,146.5183472,LATROBE
T20160005969,Dry,Clear,Vehicle overturned (no collision),Thursday,Day,100,2016/03/03,13:50:00,No,1.0,1.0,-38.36598998,146.5653023,LATROBE
T20160005980,Wet,Clear,Collision with a fixed object,Thursday,Day,50,2016/03/10,08:30:00,No,1.0,1.0,-38.24143025,146.4112024,LATROBE
T20160005982,Dry,Clear,Collision with vehicle,Thursday,Day,100,2016/03/17,17:00:00,No,7.0,4.0,-36.44010349,145.2773836,GREATER SHEPPARTON
T20160006013,Wet,Not known,No collision and no object struck,Saturday,Day,60,2016/02/20,13:33:00,No,1.0,1.0,-38.55507849,143.9759128,SURF COAST
T20160006020,Dry,Clear,No collision and no object struck,Friday,Day,999,2016/03/18,09:25:00,No,1.0,1.0,-34.21546942,142.1260733,MILDURA
T20160006038,Wet,Raining,Collision with a fixed object,Friday,Day,100,2016/03/18,10:20:00,No,1.0,1.0,-38.08333977,145.9721309,BAW BAW
T20160006046,Dry,Clear,Collision with vehicle,Thursday,Day,60,2016/03/17,17:45:00,No,2.0,1.0,-38.27222998,144.62625,QUEENSCLIFFE
T20160006054,Wet,Raining,Collision with vehicle,Friday,Day,999,2016/03/18,08:30:00,No,2.0,1.0,-36.09111003,145.4409477,MOIRA
T20160006056,Wet,Raining,Collision with a fixed object,Friday,Day,110,2016/03/18,13:09:00,No,1.0,1.0,-36.22068893,146.4447573,WANGARATTA
T20160006060,Wet,Raining,Collision with vehicle,Friday,Day,100,2016/03/18,09:15:00,No,2.0,1.0,-38.19774124,146.5000603,LATROBE
T20160006062,Dry,Clear,Collision with vehicle,Friday,Day,60,2016/03/18,14:20:00,No,2.0,1.0,-38.19545039,146.5520245,LATROBE
T20160006070,Wet,Raining,Collision with a fixed object,Friday,Day,80,2016/03/18,15:15:00,No,1.0,1.0,-37.58385975,145.6350341,MURRINDINDI
T20160006072,Wet,Raining,Collision with a fixed object,Friday,Day,60,2016/03/18,10:30:00,No,1.0,1.0,-38.24129277,146.4110854,LATROBE
T20160006073,Dry,Clear,Collision with vehicle,Wednesday,Day,60,2016/03/16,18:50:00,Yes,2.0,1.0,-36.73958009,144.2986149,GREATER BENDIGO
T20160006076,Dry,Clear,Collision with vehicle,Friday,Day,50,2016/03/18,16:10:00,Yes,3.0,1.0,-36.13598917,144.7562645,CAMPASPE
T20160006079,Dry,Clear,Collision with a fixed object,Friday,Day,100,2016/03/18,14:55:00,No,1.0,1.0,-38.56115805,142.8284621,MOYNE
T20160006094,Wet,Clear,Vehicle overturned (no collision),Friday,Day,100,2016/03/18,15:30:00,No,1.0,1.0,-37.31786936,141.07967,WEST WIMMERA
T20160006097,Dry,Clear,Collision with vehicle,Friday,Day,50,2016/03/04,15:25:00,No,2.0,1.0,-38.26703429,144.5274714,GREATER GEELONG
T20160006101,Dry,Clear,Struck animal,Saturday,Day,999,2016/03/12,17:30:00,Yes,1.0,1.0,-37.4166838,145.0961314,MITCHELL
T20160006102,Dry,Clear,Struck animal,Friday,Dark No street lights,100,2016/03/18,22:45:00,Yes,3.0,2.0,-38.31093318,143.6668394,COLAC OTWAY
T20160006108,Dry,Clear,Struck Pedestrian,Saturday,Dark Street lights on,60,2016/03/19,05:00:00,Yes,2.0,1.0,-38.14839964,144.3602288,GREATER GEELONG
T20160006131,Dry,Not known,collision with some other object,Tuesday,Dusk/Dawn,80,2015/09/29,18:30:00,Yes,1.0,1.0,-38.48354278,142.9718122,CORANGAMITE
T20160006142,Dry,Clear,Struck Pedestrian,Saturday,Day,100,2016/03/19,13:15:00,No,1.0,1.0,-38.21034784,144.2961266,GREATER GEELONG
T20160006143,Dry,Clear,Collision with vehicle,Friday,Day,50,2016/03/18,18:55:00,Yes,5.0,1.0,-36.75889403,144.2795845,GREATER BENDIGO
T20160006171,Dry,Clear,Collision with a fixed object,Sunday,Dark Street lights on,60,2016/03/20,05:00:00,Yes,1.0,1.0,-38.35225395,142.4665152,WARRNAMBOOL
T20160006182,Dry,Clear,Collision with a fixed object,Sunday,Day,100,2016/03/20,08:50:00,Yes,1.0,1.0,-38.32674141,146.2583626,LATROBE
T20160006186,Dry,Clear,Vehicle overturned (no collision),Sunday,Day,60,2016/03/20,09:54:00,No,1.0,1.0,-36.18112496,146.9461756,WODONGA
T20160006188,Dry,Clear,Collision with vehicle,Sunday,Day,80,2016/03/20,10:25:00,No,2.0,1.0,-36.91862167,147.0576174,ALPINE
T20160006190,Wet,Clear,No collision and no object struck,Saturday,Day,999,2016/03/19,11:00:00,No,1.0,1.0,-37.44254201,143.9064004,HEPBURN
T20160006196,Muddy,Raining,Vehicle overturned (no collision),Friday,Day,80,2016/03/18,11:00:00,No,1.0,1.0,-37.53415996,144.4564097,MOORABOOL
T20160006207,Dry,Clear,No collision and no object struck,Saturday,Day,999,2015/08/22,13:30:00,No,1.0,1.0,-37.23305825,145.4709217,MURRINDINDI
T20160006209,Dry,Clear,Collision with vehicle,Sunday,Day,100,2016/03/20,14:15:00,No,11.0,5.0,-37.42546046,144.7286135,MACEDON RANGES
T20160006211,Dry,Clear,No collision and no object struck,Sunday,Day,60,2016/03/20,16:00:00,Yes,2.0,1.0,-36.55681755,145.9568849,BENALLA
T20160006212,Dry,Clear,Collision with a fixed object,Friday,Day,100,2016/03/18,14:15:00,No,1.0,1.0,-37.86155675,141.4268789,GLENELG
T20160006214,Dry,Clear,Collision with vehicle,Sunday,Day,80,2016/03/20,16:56:00,Yes,6.0,3.0,-34.22390585,142.1153556,MILDURA
T20160006215,Dry,Clear,No collision and no object struck,Sunday,Day,60,2016/03/20,13:45:00,No,2.0,1.0,-36.35918173,146.687452,INDIGO
T20160006230,Dry,Clear,Collision with a fixed object,Sunday,Dark No street lights,100,2016/03/20,20:30:00,Yes,1.0,1.0,-37.19578969,144.4727173,MACEDON RANGES
T20160006234,Dry,Clear,Collision with a fixed object,Sunday,Dark No street lights,100,2016/03/20,22:00:00,No,3.0,3.0,-38.51901353,143.0294459,CORANGAMITE
T20160006235,Dry,Raining,Collision with vehicle,Tuesday,Dark No street lights,50,2016/03/15,19:42:00,Yes,1.0,1.0,-36.12907952,146.8480864,WODONGA
T20160006236,Dry,Clear,Struck animal,Sunday,Dark No street lights,100,2016/03/20,22:30:00,No,3.0,2.0,-37.49425738,144.4797481,MACEDON RANGES
T20160006240,Dry,Clear,Struck Pedestrian,Monday,Dusk/Dawn,60,2016/03/21,06:40:00,No,2.0,1.0,-37.5607071,143.8661704,BALLARAT
T20160006245,Dry,Clear,Struck animal,Monday,Dark No street lights,80,2016/03/21,06:30:00,No,5.0,4.0,-36.45700078,145.40069,GREATER SHEPPARTON
T20160006248,Dry,Clear,Vehicle overturned (no collision),Monday,Day,50,2016/03/21,08:30:00,Yes,1.0,1.0,-38.26887978,144.5332782,GREATER GEELONG
T20160006250,Dry,Clear,collision with some other object,Saturday,Day,100,2016/03/19,15:00:00,Yes,1.0,1.0,-36.77208992,145.8247787,STRATHBOGIE
T20160006255,Dry,Clear,Vehicle overturned (no collision),Sunday,Day,999,2016/03/20,14:00:00,No,1.0,1.0,-38.00691042,146.0196931,BAW BAW