Accident_No,Surface_Cond_Desc,Atmosph_Cond_Desc,Accident_Type_Desc,Day,Light_Condition_Desc,Speed_Zone,Accident_Date,Accident_Time,Alcohol_Influence,Total_Persons_Inv,Inj_Or_Fatal,Lat,Long,LGA
T20160006261,Wet,Raining,Collision with vehicle,Monday,Day,50,2016/03/21,09:00:00,No,2.0,1.0,-37.70363202,148.4640967,EAST GIPPSLAND
T20160006265,Dry,Clear,Struck Pedestrian,Monday,Day,50,2016/03/21,11:15:00,No,2.0,1.0,-38.16211253,145.9337304,BAW BAW
T20160006266,Dry,Clear,Collision with vehicle,Friday,Day,999,2016/03/11,08:25:00,No,3.0,1.0,-38.14750364,144.3656857,GREATER GEELONG
T20160006279,Wet,Raining,Collision with a fixed object,Monday,Day,100,2016/03/21,09:20:00,No,1.0,1.0,-38.38829894,146.7530264,WELLINGTON
T20160006283,Dry,Clear,Collision with vehicle,Monday,Day,110,2016/03/21,13:23:00,No,6.0,2.0,-38.20962974,146.3213304,LATROBE
T20160006284,Dry,Clear,Collision with a fixed object,Monday,Day,70,2016/03/21,07:35:00,Yes,2.0,1.0,-36.69596542,144.3179071,GREATER BENDIGO
T20160006288,Dry,Clear,Collision with vehicle,Sunday,Day,110,2016/03/20,16:01:00,Yes,4.0,1.0,-37.4900723,144.9656312,MITCHELL
T20160006291,Dry,Clear,Collision with vehicle,Wednesday,Day,100,2016/03/16,14:45:00,No,3.0,1.0,-36.73092186,144.177303,GREATER BENDIGO
T20160006305,Dry,Clear,Collision with vehicle,Monday,Day,60,2016/03/21,17:40:00,No,4.0,1.0,-37.56000313,143.8398494,BALLARAT
T20160006314,Dry,Clear,Collision with vehicle,Monday,Day,100,2016/03/21,14:40:00,No,4.0,2.0,-36.16283578,146.9433559,WODONGA
T20160006324,Dry,Clear,Collision with a fixed object,Monday,Dark Street lights on,70,2016/03/21,20:58:00,Yes,1.0,1.0,-38.16868555,144.3845065,GREATER GEELONG
T20160006325,Dry,Clear,Collision with vehicle,Monday,Day,70,2016/03/21,19:00:00,Yes,2.0,1.0,-38.11153343,144.3264319,GREATER GEELONG
T20160006328,Dry,Clear,Collision with a fixed object,Tuesday,Dark No street lights,110,2016/03/22,00:35:00,Yes,1.0,1.0,-34.5857601,142.2216629,MILDURA
T20160006329,Dry,Fog,Struck animal,Tuesday,Dark No street lights,100,2016/03/22,02:35:00,Yes,2.0,1.0,-37.85088973,147.6057926,EAST GIPPSLAND
T20160006335,Dry,Clear,Collision with vehicle,Tuesday,Day,999,2016/03/22,08:20:00,No,2.0,1.0,-37.07031524,144.2321505,MOUNT ALEXANDER
T20160006339,Dry,Clear,Vehicle overturned (no collision),Tuesday,Day,100,2016/03/22,07:20:00,No,2.0,1.0,-35.99425363,146.5712097,INDIGO
T20160006344,Wet,Fog,Collision with a fixed object,Tuesday,Day,100,2016/03/22,07:59:00,No,1.0,1.0,-38.0260312,146.8801407,WELLINGTON
T20160006346,Unknown,Not known,collision with some other object,Thursday,Day,999,2016/03/17,10:30:00,No,1.0,1.0,-37.70151206,143.5128838,GOLDEN PLAINS
T20160006347,Dry,Clear,Struck Pedestrian,Tuesday,Day,50,2016/03/22,08:45:00,No,2.0,1.0,-38.3802447,142.5133575,WARRNAMBOOL
T20160006351,Dry,Clear,Collision with a fixed object,Sunday,Day,999,2016/03/13,15:00:00,No,1.0,1.0,-36.93792741,144.5193586,GREATER BENDIGO
T20160006367,Dry,Clear,Collision with vehicle,Tuesday,Day,100,2016/03/22,10:06:00,No,5.0,1.0,-34.71223998,142.7937559,SWAN HILL
T20160006376,Dry,Clear,Collision with vehicle,Tuesday,Day,50,2016/03/22,15:45:00,No,2.0,2.0,-37.60146037,143.8381024,BALLARAT
T20160006377,Dry,Clear,Collision with vehicle,Tuesday,Day,50,2016/03/22,15:15:00,No,3.0,2.0,-35.34761808,143.5554036,SWAN HILL
T20160006382,Dry,Clear,Collision with vehicle,Tuesday,Day,40,2016/03/22,16:05:00,No,4.0,1.0,-38.11124286,147.0745984,WELLINGTON
T20160006384,Dry,Clear,No collision and no object struck,Saturday,Day,50,2016/03/19,08:15:00,No,2.0,1.0,-38.18177791,144.3948047,GREATER GEELONG
T20160006385,Dry,Clear,collision with some other object,Tuesday,Day,100,2016/03/22,16:08:00,No,2.0,1.0,-38.44466013,146.00406,SOUTH GIPPSLAND
T20160006396,Dry,Clear,No collision and no object struck,Tuesday,Day,60,2016/03/22,16:30:00,No,1.0,1.0,-36.77996465,144.2881919,GREATER BENDIGO
T20160006403,Dry,Clear,Collision with a fixed object,Tuesday,Day,100,2016/03/22,18:50:00,Yes,1.0,1.0,-37.15509115,144.206787,MOUNT ALEXANDER
T20160006422,Dry,Clear,Collision with vehicle,Tuesday,Dark Street lights on,60,2016/03/22,22:00:00,Yes,2.0,1.0,-37.60494733,143.8313427,BALLARAT
T20160006423,Dry,Clear,Struck animal,Wednesday,Dark No street lights,100,2016/03/23,00:03:00,Yes,2.0,1.0,-36.82612629,144.7115009,GREATER BENDIGO
T20160006430,Dry,Fog,Collision with vehicle,Wednesday,Dark Street lights on,60,2016/03/23,05:25:00,Yes,4.0,2.0,-38.09363952,147.0848961,WELLINGTON
T20160006432,Dry,Clear,No collision and no object struck,Saturday,Day,100,2016/03/12,14:00:00,Yes,1.0,1.0,-36.69200504,146.8850318,ALPINE
T20160006436,Dry,Clear,Collision with a fixed object,Tuesday,Day,80,2016/03/22,15:35:00,No,1.0,1.0,-36.97614666,147.1214083,MOUNT HOTHAM ALPINE RESORT (UNINC)
T20160006438,Dry,Clear,No collision and no object struck,Sunday,Day,60,2016/03/20,09:30:00,No,1.0,1.0,-37.53798258,145.4544559,MURRINDINDI
T20160006442,Dry,Clear,Collision with vehicle,Wednesday,Day,60,2016/03/23,09:35:00,No,2.0,2.0,-37.82877977,147.619408,EAST GIPPSLAND
T20160006451,Dry,Clear,Collision with vehicle,Thursday,Day,60,2016/01/14,15:30:00,No,3.0,2.0,-36.74443386,144.2902577,GREATER BENDIGO
T20160006466,Dry,Clear,Struck animal,Tuesday,Dark No street lights,100,2016/03/22,23:45:00,Yes,1.0,1.0,-36.09643622,145.2169421,MOIRA
T20160006467,Dry,Clear,Collision with vehicle,Wednesday,Day,100,2016/03/23,14:30:00,No,2.0,1.0,-36.75214621,145.2151635,STRATHBOGIE
T20160006491,Dry,Clear,Collision with vehicle,Wednesday,Day,50,2016/03/23,16:55:00,No,3.0,2.0,-37.20967545,145.0458576,MITCHELL
T20160006498,Dry,Clear,Vehicle overturned (no collision),Wednesday,Dark No street lights,100,2016/03/23,01:20:00,Yes,2.0,2.0,-34.39818563,141.3742096,MILDURA
T20160006506,Dry,Clear,collision with some other object,Tuesday,Dusk/Dawn,100,2016/03/22,08:00:00,No,2.0,1.0,-37.11110554,144.9508287,MITCHELL
T20160006510,Unknown,Not known,Vehicle overturned (no collision),Saturday,Day,999,2016/03/19,14:00:00,Yes,1.0,1.0,-37.14146191,143.990441,MOUNT ALEXANDER
T20160006511,Unknown,Clear,Vehicle overturned (no collision),Sunday,Day,100,2016/03/20,10:30:00,No,1.0,1.0,-37.43576865,144.5350295,MACEDON RANGES
T20160006517,Dry,Clear,collision with some other object,Thursday,Day,100,2016/03/24,11:30:00,No,1.0,1.0,-37.63487203,143.7575492,GOLDEN PLAINS
T20160006533,Dry,Clear,Other accident,Wednesday,Day,100,2016/02/17,09:24:00,No,1.0,1.0,-36.18927,142.3991308,YARRIAMBIACK
T20160006562,Dry,Clear,Collision with vehicle,Thursday,Day,100,2016/03/24,15:15:00,No,5.0,4.0,-37.21903013,142.8899798,ARARAT
T20160006564,Dry,Clear,Collision with vehicle,Tuesday,Day,60,2016/03/22,13:10:00,No,2.0,1.0,-36.35423341,145.4022719,GREATER SHEPPARTON
T20160006569,Dry,Clear,Collision with vehicle,Thursday,Day,60,2016/03/24,16:00:00,No,2.0,2.0,-38.37238934,142.4752105,WARRNAMBOOL
T20160006571,Wet,Clear,Collision with a fixed object,Thursday,Day,100,2016/03/24,12:50:00,No,2.0,2.0,-37.56987743,149.0292189,EAST GIPPSLAND
T20160006580,Dry,Clear,collision with some other object,Friday,Dark No street lights,100,2016/03/25,00:20:00,Yes,1.0,1.0,-36.33157284,146.3797381,WANGARATTA
T20160006591,Wet,Raining,Collision with vehicle,Friday,Day,60,2016/03/18,09:30:00,No,2.0,1.0,-38.19132142,146.5151469,LATROBE
T20160006601,Dry,Clear,Collision with vehicle,Friday,Dark Street lights on,50,2016/03/25,06:22:00,No,2.0,1.0,-37.55708393,143.8270981,BALLARAT
T20160006618,Dry,Clear,Collision with a fixed object,Friday,Day,100,2016/03/25,13:40:00,No,1.0,1.0,-37.75870142,141.0379098,GLENELG
T20160006619,Dry,Clear,Collision with vehicle,Friday,Day,100,2016/03/25,14:57:00,No,3.0,1.0,-37.98227426,147.0718329,WELLINGTON
T20160006621,Dry,Clear,Collision with vehicle,Friday,Day,80,2016/03/25,15:20:00,No,2.0,1.0,-36.7422264,144.2041565,GREATER BENDIGO
T20160006635,Dry,Clear,Collision with vehicle,Friday,Dark Street lights on,60,2016/03/25,19:50:00,Yes,2.0,1.0,-36.39810841,145.4052003,GREATER SHEPPARTON
T20160006637,Dry,Clear,Vehicle overturned (no collision),Friday,Day,100,2016/03/25,14:35:00,No,1.0,1.0,-37.32330295,144.5417859,MACEDON RANGES
T20160006646,Dry,Clear,Collision with vehicle,Friday,Dark Street lights on,60,2016/03/25,21:10:00,Yes,2.0,1.0,-38.14131913,144.294518,GREATER GEELONG
T20160006658,Dry,Clear,Collision with vehicle,Saturday,Day,100,2016/03/26,07:55:00,Yes,2.0,1.0,-35.06542515,142.3872097,MILDURA
T20160006662,Dry,Clear,Collision with vehicle,Saturday,Day,60,2016/03/26,10:00:00,No,1.0,1.0,-36.38670064,145.3981546,GREATER SHEPPARTON
T20160006669,Dry,Clear,Collision with a fixed object,Saturday,Day,100,2016/03/26,08:35:00,No,2.0,2.0,-38.05682782,144.3875477,GREATER GEELONG
T20160006672,Wet,Raining,Collision with a fixed object,Saturday,Day,100,2016/03/26,11:02:00,No,2.0,1.0,-38.56355876,145.9546107,SOUTH GIPPSLAND
T20160006673,Dry,Clear,Collision with vehicle,Saturday,Day,50,2016/03/26,12:25:00,No,5.0,1.0,-36.74918695,144.2899234,GREATER BENDIGO
T20160006674,Dry,Clear,No collision and no object struck,Friday,Day,999,2016/03/25,15:00:00,No,1.0,1.0,-35.63539112,143.9093032,GANNAWARRA
T20160006680,Dry,Clear,Collision with a fixed object,Friday,Day,80,2016/03/25,17:30:00,Yes,1.0,1.0,-37.92859171,145.9568279,BAW BAW
T20160006681,Dry,Clear,Collision with a fixed object,Saturday,Day,100,2016/03/26,08:40:00,No,1.0,1.0,-37.09889457,142.8460673,NORTHERN GRAMPIANS
T20160006685,Dry,Clear,Collision with vehicle,Saturday,Day,60,2016/03/26,10:15:00,No,3.0,3.0,-37.8216715,147.6223083,EAST GIPPSLAND
T20160006686,Dry,Clear,Collision with vehicle,Saturday,Day,60,2016/03/26,12:05:00,No,2.0,1.0,-36.31918189,145.0455768,CAMPASPE
T20160006690,Dry,Clear,Collision with a fixed object,Saturday,Day,50,2016/03/26,12:28:00,No,2.0,1.0,-37.29103068,144.9507447,MITCHELL
T20160006691,Dry,Clear,No collision and no object struck,Tuesday,Day,60,2016/03/22,13:00:00,No,2.0,1.0,-38.40049402,146.1616405,SOUTH GIPPSLAND
T20160006694,Wet,Clear,Collision with a fixed object,Saturday,Day,100,2016/03/26,11:10:00,No,1.0,1.0,-38.56345884,145.9070801,SOUTH GIPPSLAND
T20160006698,Dry,Clear,Collision with a fixed object,Saturday,Day,100,2016/03/26,14:50:00,No,1.0,1.0,-37.98800607,146.8605472,WELLINGTON
T20160006699,Dry,Not known,Vehicle overturned (no collision),Wednesday,Day,999,2016/01/20,08:40:00,No,1.0,1.0,-38.35509972,144.1462283,SURF COAST
T20160006701,Dry,Clear,No collision and no object struck,Saturday,Day,50,2016/03/26,15:30:00,No,1.0,1.0,-37.02436134,145.1451729,MITCHELL
T20160006702,Dry,Clear,Collision with vehicle,Saturday,Day,60,2016/03/26,17:05:00,Yes,6.0,5.0,-37.87309882,148.0092197,EAST GIPPSLAND
T20160006706,Dry,Clear,Collision with a fixed object,Saturday,Day,100,2016/03/26,16:50:00,Yes,1.0,1.0,-36.95386112,147.0569518,ALPINE
T20160006711,Dry,Clear,Collision with vehicle,Saturday,Dark Street lights on,50,2016/03/26,20:40:00,Yes,2.0,1.0,-36.36399391,145.3983018,GREATER SHEPPARTON
T20160006713,Wet,Raining,Collision with a fixed object,Saturday,Dark No street lights,100,2016/03/26,19:40:00,Yes,2.0,1.0,-38.48242979,144.025258,SURF COAST
T20160006719,Dry,Clear,Collision with vehicle,Sunday,Dark Street lights on,60,2016/03/27,03:05:00,Yes,4.0,1.0,-34.19738076,142.1495253,MILDURA
T20160006728,Dry,Clear,Collision with vehicle,Sunday,Dark Street lights on,50,2016/03/27,04:05:00,Yes,2.0,1.0,-36.77336132,144.2675015,GREATER BENDIGO
T20160006739,Dry,Not known,Vehicle overturned (no collision),Sunday,Dark No street lights,100,2016/03/27,05:00:00,Yes,1.0,1.0,-37.94621163,143.2678102,CORANGAMITE
T20160006740,Dry,Clear,Collision with a fixed object,Sunday,Dark No street lights,100,2016/03/27,06:00:00,Yes,1.0,1.0,-36.35058,145.0676964,GREATER SHEPPARTON
T20160006743,Unknown,Not known,Collision with a fixed object,Sunday,Unknown,999,2016/03/27,10:00:00,Yes,2.0,1.0,-38.60176946,143.9208182,COLAC OTWAY
T20160006746,Dry,Clear,Struck animal,Sunday,Day,100,2016/03/27,12:10:00,No,1.0,1.0,-37.2552225,144.9695127,MITCHELL
T20160006748,Wet,Clear,Collision with a fixed object,Saturday,Dark No street lights,80,2016/03/26,22:50:00,Yes,1.0,1.0,-37.35619975,144.1858807,HEPBURN
T20160006751,Dry,Clear,Collision with vehicle,Sunday,Day,60,2016/03/27,11:37:00,No,3.0,1.0,-34.21526519,142.1258363,MILDURA
T20160006756,Dry,Clear,No collision and no object struck,Friday,Day,100,2016/03/25,16:00:00,No,1.0,1.0,-36.35412592,146.7483797,INDIGO
T20160006757,Dry,Clear,Collision with vehicle,Friday,Day,70,2016/03/25,14:13:00,No,8.0,4.0,-38.07615119,144.3585388,GREATER GEELONG
T20160006758,Dry,Clear,Collision with a fixed object,Sunday,Day,60,2016/03/27,14:10:00,No,3.0,1.0,-38.22490725,146.4154814,LATROBE
T20160006761,Dry,Clear,Collision with a fixed object,Sunday,Day,100,2016/03/27,15:15:00,No,1.0,1.0,-36.96319851,144.2112297,MOUNT ALEXANDER
T20160006766,Dry,Clear,Collision with vehicle,Sunday,Day,100,2016/03/27,17:33:00,Yes,3.0,2.0,-35.839904,144.2549729,GANNAWARRA
T20160006770,Dry,Clear,Collision with vehicle,Sunday,Dusk/Dawn,50,2016/03/27,19:00:00,Yes,2.0,1.0,-35.73296838,143.9159623,GANNAWARRA
T20160006772,Dry,Clear,Collision with a fixed object,Sunday,Day,100,2016/03/27,16:00:00,Yes,1.0,1.0,-36.08235872,147.5640496,TOWONG
T20160006774,Dry,Clear,Collision with a fixed object,Sunday,Day,50,2016/03/27,17:55:00,Yes,1.0,1.0,-36.75742324,144.2815636,GREATER BENDIGO
T20160006783,Dry,Clear,Vehicle overturned (no collision),Sunday,Dark No street lights,100,2016/03/27,22:00:00,Yes,1.0,1.0,-37.04448,142.5814127,NORTHERN GRAMPIANS
T20160006785,Dry,Clear,Struck Pedestrian,Sunday,Dark No street lights,999,2016/03/27,23:30:00,Yes,4.0,2.0,-35.81117033,144.2058329,GANNAWARRA
T20160006789,Dry,Clear,Vehicle overturned (no collision),Sunday,Day,110,2016/03/27,18:15:00,Yes,3.0,3.0,-36.16582738,146.5469193,INDIGO
T20160006796,Dry,Clear,Collision with a fixed object,Monday,Day,100,2016/03/28,08:25:00,Yes,4.0,1.0,-36.41044966,146.6964715,INDIGO
T20160006799,Dry,Clear,No collision and no object struck,Monday,Day,999,2016/03/14,16:00:00,No,1.0,1.0,-37.43485036,144.5327597,MACEDON RANGES
T20160006801,Dry,Clear,No collision and no object struck,Saturday,Day,999,2016/03/26,17:30:00,Yes,1.0,1.0,-38.51423695,146.747639,WELLINGTON
T20160006803,Dry,Clear,Collision with a fixed object,Monday,Day,80,2016/03/28,10:00:00,No,2.0,2.0,-37.51863665,143.9309271,BALLARAT
T20160006804,Dry,Clear,Collision with vehicle,Monday,Day,50,2016/03/28,11:10:00,No,2.0,1.0,-38.60721043,145.5887359,BASS COAST
T20160006825,Wet,Raining,Collision with a fixed object,Thursday,Day,100,2016/03/10,17:00:00,No,1.0,1.0,-37.34704049,144.7812988,MACEDON RANGES
T20160006837,Dry,Clear,Collision with vehicle,Monday,Day,100,2016/03/28,17:15:00,No,9.0,5.0,-38.30820305,141.5949713,GLENELG
T20160006844,Dry,Not known,Vehicle overturned (no collision),Tuesday,Dark No street lights,80,2016/03/29,04:15:00,Yes,1.0,1.0,-36.38249001,145.4619863,GREATER SHEPPARTON
T20160006851,Dry,Clear,Collision with vehicle,Tuesday,Day,60,2016/03/29,08:15:00,No,2.0,1.0,-37.54649808,143.7971099,BALLARAT
T20160006852,Dry,Clear,Collision with vehicle,Friday,Day,70,2016/03/11,08:30:00,No,2.0,1.0,-37.8157121,147.6171969,EAST GIPPSLAND
T20160006858,Dry,Clear,Collision with vehicle,Wednesday,Day,70,2016/03/23,09:50:00,No,2.0,1.0,-38.18072833,144.3502687,GREATER GEELONG
T20160006862,Dry,Clear,Collision with vehicle,Tuesday,Day,60,2016/03/29,11:40:00,No,2.0,1.0,-36.70951083,144.2791643,GREATER BENDIGO
T20160006869,Dry,Clear,Collision with vehicle,Tuesday,Day,60,2016/03/29,12:35:00,No,2.0,1.0,-36.11329848,146.8582965,WODONGA
T20160006870,Dry,Clear,collision with some other object,Tuesday,Day,100,2016/03/29,10:30:00,No,1.0,1.0,-38.23308828,142.9683166,CORANGAMITE
T20160006874,Dry,Clear,Collision with a fixed object,Tuesday,Day,110,2016/03/29,13:10:00,No,1.0,1.0,-36.74438969,145.589029,STRATHBOGIE
T20160006876,Dry,Clear,Collision with vehicle,Tuesday,Day,100,2016/03/29,12:45:00,No,2.0,1.0,-38.25914788,143.9359395,SURF COAST
T20160006879,Dry,Clear,Collision with vehicle,Tuesday,Day,100,2016/03/29,13:56:00,No,1.0,1.0,-38.27616705,143.8787285,SURF COAST
T20160006880,Dry,Clear,Struck Pedestrian,Saturday,Dark Street lights on,999,2016/03/19,20:45:00,Yes,2.0,1.0,-38.14803835,144.3593908,GREATER GEELONG
T20160006881,Dry,Clear,Fall from or in moving vehicle,Tuesday,Day,60,2016/03/29,15:15:00,No,2.0,1.0,-37.6748133,144.4327572,MOORABOOL
T20160006886,Dry,Clear,Collision with vehicle,Tuesday,Day,80,2016/03/29,16:15:00,No,3.0,3.0,-37.5246154,143.8093606,BALLARAT
T20160006896,Dry,Clear,Collision with vehicle,Tuesday,Dusk/Dawn,40,2016/03/29,18:20:00,Yes,3.0,3.0,-37.55788203,143.7066701,GOLDEN PLAINS
T20160006918,Dry,Clear,Collision with a fixed object,Tuesday,Day,100,2016/03/29,15:10:00,No,2.0,2.0,-38.34767823,145.8919604,SOUTH GIPPSLAND
T20160006919,Dry,Clear,Collision with vehicle,Wednesday,Day,80,2016/03/30,07:33:00,No,4.0,1.0,-34.21574814,142.0174845,MILDURA
T20160006924,Dry,Clear,Vehicle overturned (no collision),Friday,Day,999,2016/03/25,18:00:00,Yes,1.0,1.0,-37.52616416,145.949,MURRINDINDI
T20160006928,Unknown,Not known,Collision with vehicle,Wednesday,Unknown,100,2016/03/30,06:50:00,No,2.0,1.0,-38.0586183,144.3582397,GREATER GEELONG
T20160006930,Dry,Clear,Collision with a fixed object,Wednesday,Day,80,2016/03/30,10:15:00,No,2.0,1.0,-38.2535072,144.3501954,SURF COAST
T20160006952,Dry,Clear,Struck animal,Wednesday,Dark No street lights,100,2015/12/16,21:20:00,Yes,1.0,1.0,-36.9831803,143.767973,CENTRAL GOLDFIELDS
T20160006958,Unknown,Not known,No collision and no object struck,Tuesday,Day,999,2016/03/29,11:30:00,No,1.0,1.0,-37.43196178,144.5592705,MACEDON RANGES
T20160006978,Wet,Raining,Collision with a fixed object,Wednesday,Day,60,2016/03/30,15:48:00,No,2.0,2.0,-37.81132043,147.6266433,EAST GIPPSLAND
T20160006987,Dry,Clear,Collision with a fixed object,Wednesday,Dark Street lights unknown,80,2016/03/30,23:30:00,Yes,1.0,1.0,-38.48811928,142.9841815,CORANGAMITE
T20160006988,Dry,Clear,Collision with vehicle,Wednesday,Day,60,2016/03/30,15:35:00,No,7.0,1.0,-38.09814951,144.3458462,GREATER GEELONG
T20160006992,Dry,Clear,Vehicle overturned (no collision),Wednesday,Day,50,2016/03/30,15:05:00,No,1.0,1.0,-38.42872201,145.8245468,SOUTH GIPPSLAND
T20160006999,Wet,Clear,Collision with vehicle,Saturday,Dark No street lights,100,2016/03/26,22:00:00,Yes,4.0,1.0,-38.58292117,146.0032078,SOUTH GIPPSLAND
T20160007002,Dry,Clear,Collision with a fixed object,Wednesday,Dark No street lights,100,2016/03/30,22:00:00,Yes,1.0,1.0,-37.23595048,143.4036439,PYRENEES
T20160007016,Unknown,Not known,Collision with vehicle,Thursday,Day,999,2016/03/10,17:00:00,No,4.0,1.0,-38.18644914,144.4535703,GREATER GEELONG
T20160007023,Dry,Clear,Collision with vehicle,Thursday,Day,60,2016/03/31,11:20:00,No,2.0,1.0,-36.7711476,144.2614753,GREATER BENDIGO
T20160007026,Dry,Not known,Struck animal,Tuesday,Dark No street lights,100,2016/03/29,21:20:00,Yes,1.0,1.0,-38.14830401,146.2544443,LATROBE
T20160007030,Dry,Clear,Collision with vehicle,Thursday,Day,100,2016/03/31,13:20:00,No,2.0,1.0,-36.17417433,145.5829213,MOIRA
T20160007047,Dry,Clear,Collision with a fixed object,Saturday,Day,50,2016/02/20,15:30:00,No,1.0,1.0,-37.05709806,144.2157144,MOUNT ALEXANDER
T20160007051,Dry,Clear,Collision with vehicle,Thursday,Dusk/Dawn,80,2016/03/31,17:15:00,No,1.0,1.0,-38.19521237,146.2610798,LATROBE
T20160007052,Dry,Clear,Collision with vehicle,Thursday,Day,50,2016/03/31,17:18:00,No,4.0,1.0,-37.73517234,142.0274472,SOUTHERN GRAMPIANS
T20160007083,Dry,Clear,Collision with a fixed object,Friday,Dark Street lights on,50,2016/04/01,01:40:00,Yes,1.0,1.0,-38.38546097,142.4823701,WARRNAMBOOL
T20160007089,Unknown,Not known,Struck animal,Sunday,Dark No street lights,100,2016/03/13,23:00:00,Yes,1.0,1.0,-37.14598791,144.95483,MITCHELL
T20160007091,Dry,Clear,Collision with vehicle,Friday,Day,60,2016/04/01,09:00:00,No,2.0,2.0,-37.40891943,143.8882944,HEPBURN
T20160007099,Dry,Strong winds,Vehicle overturned (no collision),Friday,Day,100,2016/04/01,10:30:00,No,1.0,1.0,-37.95449374,143.3903708,CORANGAMITE
T20160007103,Dry,Clear,Collision with vehicle,Friday,Day,100,2016/02/26,16:15:00,Yes,2.0,1.0,-36.42094132,145.1733226,GREATER SHEPPARTON
T20160007105,Dry,Clear,Collision with vehicle,Friday,Day,60,2016/04/01,13:30:00,No,5.0,5.0,-36.662003,144.3367618,GREATER BENDIGO
T20160007117,Dry,Clear,Collision with vehicle,Friday,Day,50,2016/04/01,14:00:00,No,2.0,1.0,-34.19679542,142.1529109,MILDURA
T20160007120,Dry,Clear,Collision with vehicle,Wednesday,Dark Street lights unknown,60,2016/03/30,19:40:00,Yes,4.0,1.0,-38.20763342,146.1512907,BAW BAW
T20160007130,Dry,Clear,Collision with vehicle,Friday,Day,60,2016/04/01,16:05:00,Yes,2.0,1.0,-36.80252552,144.2414298,GREATER BENDIGO
T20160007138,Dry,Clear,Collision with vehicle,Friday,Day,60,2016/04/01,15:40:00,No,2.0,1.0,-38.1229895,144.3359975,GREATER GEELONG
T20160007142,Dry,Clear,Collision with a fixed object,Friday,Dark No street lights,100,2016/04/01,21:25:00,Yes,1.0,1.0,-36.17408759,144.8266013,CAMPASPE
T20160007146,Dry,Clear,Collision with a fixed object,Friday,Dark Street lights on,60,2016/04/01,21:35:00,Yes,3.0,1.0,-36.70663127,142.2014548,HORSHAM
T20160007162,Wet,Raining,Collision with a fixed object,Saturday,Day,60,2016/04/02,08:16:00,No,1.0,1.0,-38.37385983,142.4923388,WARRNAMBOOL
T20160007167,Dry,Clear,Collision with vehicle,Saturday,Day,50,2016/04/02,08:50:00,No,2.0,1.0,-37.05391401,142.7797628,NORTHERN GRAMPIANS
T20160007185,Dry,Clear,Collision with a fixed object,Saturday,Day,60,2016/04/02,14:15:00,Yes,3.0,3.0,-36.80226989,144.3034197,GREATER BENDIGO
T20160007190,Dry,Clear,Collision with vehicle,Saturday,Day,50,2016/04/02,16:40:00,Yes,2.0,1.0,-36.74832223,145.5674425,STRATHBOGIE
T20160007208,Dry,Clear,Struck animal,Saturday,Dark No street lights,70,2016/04/02,20:45:00,Yes,1.0,1.0,-37.46648965,144.6652099,MACEDON RANGES
T20160007213,Dry,Clear,Collision with a fixed object,Saturday,Dark Street lights on,60,2016/04/02,22:35:00,Yes,1.0,1.0,-38.09481615,144.3536511,GREATER GEELONG
T20160007216,Dry,Clear,Struck animal,Saturday,Dark No street lights,100,2016/04/02,23:40:00,Yes,2.0,2.0,-37.42872892,143.8469489,HEPBURN
T20160007236,Dry,Clear,No collision and no object struck,Saturday,Day,999,2016/03/19,13:20:00,No,1.0,1.0,-37.44996326,145.323241,MURRINDINDI
T20160007241,Dry,Clear,Vehicle overturned (no collision),Sunday,Day,60,2016/04/03,08:50:00,Yes,1.0,1.0,-38.70143858,145.8693493,SOUTH GIPPSLAND
T20160007249,Dry,Clear,Collision with vehicle,Sunday,Day,80,2016/04/03,11:15:00,No,3.0,1.0,-36.38622111,146.5776065,WANGARATTA
T20160007255,Dry,Clear,No collision and no object struck,Sunday,Day,100,2016/04/03,12:30:00,No,1.0,1.0,-37.03843,144.6061506,MITCHELL
T20160007256,Dry,Clear,Collision with vehicle,Sunday,Day,100,2016/04/03,11:55:00,No,4.0,3.0,-38.26876916,142.8669882,CORANGAMITE
T20160007258,Dry,Clear,Collision with vehicle,Sunday,Day,60,2016/04/03,15:10:00,No,2.0,1.0,-37.599019,143.8427786,BALLARAT
T20160007266,Dry,Clear,Struck Pedestrian,Sunday,Day,50,2016/04/03,17:40:00,Yes,2.0,1.0,-36.37891812,145.3988405,GREATER SHEPPARTON
T20160007267,Dry,Clear,Collision with a fixed object,Sunday,Dusk/Dawn,60,2016/04/03,17:59:00,No,1.0,1.0,-38.15165121,145.9303433,BAW BAW
T20160007279,Dry,Clear,Collision with a fixed object,Sunday,Day,100,2016/04/03,16:30:00,Yes,2.0,2.0,-34.96779987,143.294939,SWAN HILL
T20160007290,Unknown,Not known,Collision with vehicle,Thursday,Day,110,2015/10/08,15:39:00,No,2.0,1.0,-38.17042825,145.9209697,BAW BAW
T20160007297,Dry,Clear,Struck Pedestrian,Monday,Day,40,2016/04/04,09:20:00,No,2.0,1.0,-36.12250312,146.8881043,WODONGA
T20160007298,Dry,Not known,Collision with vehicle,Saturday,Day,60,2016/04/02,12:40:00,No,2.0,1.0,-38.40758257,145.5303817,BASS COAST
T20160007300,Unknown,Not known,Collision with vehicle,Wednesday,Day,60,2016/03/02,10:00:00,No,2.0,1.0,-38.1586218,144.5736351,GREATER GEELONG
T20160007303,Dry,Clear,No collision and no object struck,Saturday,Day,999,2016/03/26,10:00:00,No,1.0,1.0,-37.45355667,145.3572,MURRINDINDI
T20160007304,Dry,Clear,No collision and no object struck,Saturday,Day,999,2016/03/26,10:00:00,No,1.0,1.0,-37.42781968,144.5204341,MACEDON RANGES