Accident_No,Surface_Cond_Desc,Atmosph_Cond_Desc,Accident_Type_Desc,Day,Light_Condition_Desc,Speed_Zone,Accident_Date,Accident_Time,Alcohol_Influence,Total_Persons_Inv,Inj_Or_Fatal,Lat,Long,LGA
T20160007306,Dry,Clear,Collision with vehicle,Monday,Day,60,2016/04/04,08:45:00,No,3.0,2.0,-36.77361204,144.250038,GREATER BENDIGO
T20160007315,Dry,Clear,Collision with a fixed object,Wednesday,Day,999,2016/02/10,12:00:00,No,1.0,1.0,-37.28519424,145.5594863,MURRINDINDI
T20160007318,Dry,Clear,Struck animal,Thursday,Dusk/Dawn,100,2016/03/31,19:00:00,Yes,2.0,1.0,-36.00802625,144.97653,MOIRA
T20160007320,Dry,Clear,Collision with a fixed object,Monday,Day,80,2016/04/04,13:00:00,No,1.0,1.0,-38.2445898,144.5052476,GREATER GEELONG
T20160007322,Dry,Clear,Collision with vehicle,Monday,Day,50,2016/04/04,14:20:00,No,4.0,4.0,-36.39280651,145.358995,GREATER SHEPPARTON
T20160007325,Dry,Clear,Collision with a fixed object,Sunday,Dark Street lights on,50,2016/04/03,23:00:00,No,1.0,1.0,-38.45476372,145.2301198,BASS COAST
T20160007327,Dry,Clear,Collision with a fixed object,Monday,Day,100,2016/04/04,14:00:00,No,1.0,1.0,-37.2134086,145.094901,MITCHELL
T20160007331,Dry,Clear,Collision with a fixed object,Monday,Day,100,2016/04/04,13:40:00,No,1.0,1.0,-38.06926779,147.0737615,WELLINGTON
T20160007338,Unknown,Not known,No collision and no object struck,Sunday,Day,999,2016/03/06,16:40:00,Yes,1.0,1.0,-37.15476718,142.4834293,NORTHERN GRAMPIANS
T20160007352,Dry,Clear,Collision with a fixed object,Monday,Day,60,2016/04/04,16:19:00,Yes,1.0,1.0,-37.21303001,145.0607368,MITCHELL
T20160007364,Dry,Clear,Struck Pedestrian,Monday,Dark Street lights unknown,50,2016/04/04,18:59:00,Yes,2.0,2.0,-37.24901669,141.8428543,SOUTHERN GRAMPIANS
T20160007367,Dry,Clear,Collision with vehicle,Monday,Day,70,2016/04/04,13:00:00,No,2.0,1.0,-38.19153047,144.358622,GREATER GEELONG
T20160007386,Unknown,Not known,Vehicle overturned (no collision),Sunday,Day,999,2016/04/03,12:00:00,No,1.0,1.0,-36.92167824,146.7165897,ALPINE
T20160007388,Dry,Clear,collision with some other object,Monday,Day,999,2016/03/14,14:30:00,No,1.0,1.0,-37.43095002,144.2321495,MOORABOOL
T20160007402,Dry,Clear,Collision with vehicle,Tuesday,Day,60,2016/04/05,11:55:00,No,5.0,2.0,-38.32228225,144.3185012,SURF COAST
T20160007415,Dry,Clear,Collision with vehicle,Monday,Day,50,2016/04/04,17:45:00,No,2.0,1.0,-37.73496778,142.0019219,SOUTHERN GRAMPIANS
T20160007417,Dry,Clear,Vehicle overturned (no collision),Saturday,Day,999,2016/03/26,17:00:00,Yes,1.0,1.0,-37.46779995,143.9058863,HEPBURN
T20160007418,Dry,Clear,Collision with vehicle,Tuesday,Day,60,2016/04/05,12:45:00,No,6.0,3.0,-36.76449249,144.2694334,GREATER BENDIGO
T20160007423,Dry,Clear,Vehicle overturned (no collision),Sunday,Day,60,2016/04/03,13:30:00,No,1.0,1.0,-37.52539098,145.8744818,LAKE MOUNTAIN ALPINE RESORT (UNINC)
T20160007428,Dry,Clear,Collision with a fixed object,Tuesday,Day,100,2016/04/05,17:00:00,No,1.0,1.0,-37.27859063,144.1876492,HEPBURN
T20160007450,Dry,Clear,Fall from or in moving vehicle,Tuesday,Day,100,2016/04/05,17:00:00,No,1.0,1.0,-37.85637956,144.3524463,GREATER GEELONG
T20160007459,Dry,Clear,Struck animal,Tuesday,Day,100,2016/04/05,14:45:00,No,1.0,1.0,-38.36057689,146.5651108,LATROBE
T20160007471,Dry,Clear,Vehicle overturned (no collision),Tuesday,Dark No street lights,100,2016/04/05,21:20:00,Yes,1.0,1.0,-37.91661803,146.8649245,WELLINGTON
T20160007487,Dry,Not known,Collision with vehicle,Sunday,Day,60,2016/04/03,10:00:00,Yes,2.0,1.0,-36.3810101,145.4132807,GREATER SHEPPARTON
T20160007498,Wet,Clear,collision with some other object,Sunday,Day,100,2016/04/03,14:00:00,No,1.0,1.0,-38.42128134,146.4611903,LATROBE
T20160007506,Dry,Clear,Struck Pedestrian,Wednesday,Day,50,2016/04/06,11:38:00,No,2.0,2.0,-38.38375081,142.5131877,WARRNAMBOOL
T20160007512,Dry,Clear,Collision with a fixed object,Wednesday,Day,110,2016/04/06,10:00:00,No,1.0,1.0,-35.23610143,141.0295797,MILDURA
T20160007529,Wet,Raining,Collision with vehicle,Wednesday,Day,60,2016/04/06,17:10:00,No,5.0,3.0,-37.20727265,145.0421523,MITCHELL
T20160007536,Dry,Clear,Collision with a fixed object,Wednesday,Dark No street lights,999,2016/04/06,00:00:00,Yes,1.0,1.0,-36.61721003,143.21816,NORTHERN GRAMPIANS
T20160007558,Dry,Clear,Collision with a fixed object,Tuesday,Day,999,2016/04/05,17:30:00,No,1.0,1.0,-36.72314012,144.38073,GREATER BENDIGO
T20160007559,Unknown,Not known,No collision and no object struck,Saturday,Unknown,999,2016/03/12,10:00:00,No,1.0,1.0,-37.29147148,146.1819004,MANSFIELD
T20160007564,Dry,Clear,Collision with vehicle,Thursday,Day,100,2016/04/07,07:40:00,No,3.0,2.0,-37.40569016,143.8016415,BALLARAT
T20160007573,Unknown,Not known,No collision and no object struck,Monday,Dusk/Dawn,80,2016/04/04,17:20:00,No,1.0,1.0,-37.62532068,144.4051289,MOORABOOL
T20160007576,Dry,Clear,Collision with a fixed object,Thursday,Day,60,2016/04/07,11:00:00,No,1.0,1.0,-36.38512462,145.3970707,GREATER SHEPPARTON
T20160007577,Dry,Not known,Collision with vehicle,Wednesday,Dark Street lights on,50,2016/03/30,22:45:00,Yes,2.0,1.0,-36.76423247,144.274482,GREATER BENDIGO
T20160007583,Dry,Clear,Struck animal,Wednesday,Dark No street lights,100,2016/04/06,18:30:00,Yes,2.0,1.0,-35.99908434,145.2452793,MOIRA
T20160007586,Dry,Clear,No collision and no object struck,Wednesday,Day,50,2016/03/02,10:30:00,No,2.0,1.0,-36.12152241,146.8903002,WODONGA
T20160007588,Dry,Clear,Collision with vehicle,Thursday,Day,100,2016/04/07,11:10:00,No,2.0,1.0,-38.30645182,143.9609312,SURF COAST
T20160007595,Unknown,Clear,Collision with a fixed object,Saturday,Day,100,2015/12/19,19:00:00,Yes,2.0,1.0,-37.41296935,144.7490365,MACEDON RANGES
T20160007614,Dry,Clear,Collision with a fixed object,Thursday,Day,100,2016/04/07,16:00:00,No,1.0,1.0,-37.11963005,144.1796002,MOUNT ALEXANDER
T20160007619,Dry,Clear,Collision with vehicle,Thursday,Dusk/Dawn,100,2016/04/07,17:20:00,No,2.0,1.0,-38.25415107,146.4911416,LATROBE
T20160007622,Dry,Clear,Collision with vehicle,Thursday,Day,100,2016/04/07,16:00:00,No,3.0,2.0,-37.09207979,143.7267621,CENTRAL GOLDFIELDS
T20160007625,Dry,Clear,Collision with vehicle,Thursday,Dark Street lights on,60,2016/04/07,18:55:00,Yes,2.0,2.0,-36.76554928,144.268259,GREATER BENDIGO
T20160007631,Dry,Clear,Collision with vehicle,Thursday,Dark Street lights on,60,2016/04/07,20:30:00,Yes,2.0,2.0,-37.06908495,144.1982614,MOUNT ALEXANDER
T20160007632,Dry,Clear,No collision and no object struck,Thursday,Dark Street lights on,60,2016/04/07,20:50:00,Yes,1.0,1.0,-36.13126972,144.7542134,CAMPASPE
T20160007634,Dry,Clear,Collision with vehicle,Thursday,Day,80,2016/04/07,16:20:00,No,2.0,1.0,-36.39900371,145.4466997,GREATER SHEPPARTON
T20160007640,Dry,Clear,Collision with vehicle,Thursday,Dark Street lights on,80,2016/04/07,19:20:00,Yes,3.0,1.0,-38.2054214,146.5102708,LATROBE
T20160007642,Dry,Clear,Collision with a fixed object,Thursday,Dark No street lights,100,2016/04/07,20:45:00,Yes,4.0,4.0,-37.75261954,148.5187654,EAST GIPPSLAND
T20160007643,Wet,Clear,Collision with a fixed object,Thursday,Dark No street lights,100,2016/04/07,01:40:00,Yes,2.0,1.0,-37.69457885,148.7268905,EAST GIPPSLAND
T20160007647,Dry,Clear,Collision with a fixed object,Thursday,Dark No street lights,999,2016/04/07,23:30:00,Yes,1.0,1.0,-34.2625454,142.2069811,MILDURA
T20160007648,Dry,Clear,Collision with vehicle,Friday,Day,60,2016/03/11,17:05:00,No,2.0,1.0,-36.71559661,144.2501887,GREATER BENDIGO
T20160007656,Dry,Clear,Collision with vehicle,Friday,Day,80,2016/04/08,07:25:00,No,2.0,1.0,-36.8851636,144.212713,GREATER BENDIGO
T20160007657,Dry,Clear,Collision with a fixed object,Wednesday,Dark No street lights,50,2016/04/06,19:45:00,Yes,1.0,1.0,-36.57650955,143.8722997,LODDON
T20160007659,Dry,Clear,Collision with vehicle,Friday,Day,60,2016/04/08,08:40:00,No,2.0,1.0,-38.17231505,144.5709752,GREATER GEELONG
T20160007662,Dry,Clear,Collision with vehicle,Thursday,Day,40,2016/04/07,15:00:00,No,2.0,1.0,-37.05226248,146.0879068,MANSFIELD
T20160007664,Dry,Clear,No collision and no object struck,Sunday,Day,80,2016/03/20,13:00:00,No,1.0,1.0,-38.65123622,146.5640111,WELLINGTON
T20160007666,Dry,Clear,Collision with a fixed object,Friday,Day,50,2016/04/08,10:45:00,No,2.0,1.0,-36.77305453,144.2630414,GREATER BENDIGO
T20160007672,Dry,Clear,Collision with vehicle,Friday,Day,50,2016/04/08,12:05:00,No,2.0,1.0,-38.38308417,142.477077,WARRNAMBOOL
T20160007673,Dry,Clear,Collision with vehicle,Friday,Day,100,2016/04/08,11:30:00,No,4.0,1.0,-36.36948745,146.3781019,WANGARATTA
T20160007674,Dry,Dust,Collision with vehicle,Friday,Day,100,2016/04/08,10:20:00,No,4.0,2.0,-35.56315063,143.7828778,GANNAWARRA
T20160007679,Dry,Clear,Collision with vehicle,Friday,Day,100,2016/04/08,10:45:00,No,2.0,1.0,-34.26062677,142.1803105,MILDURA
T20160007698,Dry,Not known,No collision and no object struck,Sunday,Day,999,2016/03/27,16:00:00,Yes,1.0,1.0,-37.460618,145.3256894,MURRINDINDI
T20160007705,Dry,Clear,Collision with vehicle,Friday,Day,50,2016/04/08,16:10:00,No,4.0,2.0,-36.38194355,145.405818,GREATER SHEPPARTON
T20160007718,Dry,Clear,Collision with vehicle,Friday,Day,60,2016/04/08,16:40:00,Yes,3.0,2.0,-34.18979622,142.1612197,MILDURA
T20160007719,Dry,Clear,Collision with a fixed object,Friday,Day,60,2016/04/08,16:50:00,Yes,2.0,1.0,-37.561415,143.8518715,BALLARAT
T20160007725,Dry,Not known,Collision with vehicle,Wednesday,Day,60,2016/04/06,12:30:00,No,5.0,1.0,-36.37781636,145.4065031,GREATER SHEPPARTON
T20160007728,Wet,Clear,No collision and no object struck,Friday,Day,60,2016/04/08,14:10:00,No,1.0,1.0,-38.10884096,145.7686278,BAW BAW
T20160007731,Dry,Fog,Collision with vehicle,Friday,Dark Street lights on,60,2016/04/08,22:00:00,Yes,2.0,1.0,-37.87505133,142.2959261,SOUTHERN GRAMPIANS
T20160007734,Dry,Not known,Collision with vehicle,Friday,Day,60,2016/04/08,17:00:00,No,3.0,1.0,-36.77181923,144.2760128,GREATER BENDIGO
T20160007745,Dry,Clear,Collision with a fixed object,Saturday,Day,100,2016/04/09,09:20:00,No,2.0,2.0,-38.53719366,145.8675433,SOUTH GIPPSLAND
T20160007751,Dry,Clear,Collision with a fixed object,Sunday,Day,80,2016/04/03,09:30:00,Yes,1.0,1.0,-37.53126188,145.4647791,MURRINDINDI
T20160007752,Dry,Clear,Collision with vehicle,Saturday,Day,60,2016/04/09,10:50:00,No,6.0,3.0,-38.11657258,144.3292191,GREATER GEELONG
T20160007753,Dry,Clear,Collision with vehicle,Saturday,Day,60,2016/04/09,12:00:00,No,8.0,6.0,-36.38440903,145.4177404,GREATER SHEPPARTON
T20160007763,Dry,Clear,Collision with vehicle,Saturday,Day,100,2016/04/09,12:50:00,No,2.0,1.0,-36.87435835,142.3237752,HORSHAM
T20160007770,Dry,Clear,Collision with a fixed object,Tuesday,Dusk/Dawn,80,2016/04/05,06:20:00,No,1.0,1.0,-38.20145856,145.8494873,BAW BAW
T20160007778,Dry,Clear,Collision with vehicle,Saturday,Day,60,2016/04/09,16:32:00,Yes,2.0,1.0,-38.10110998,144.3452598,GREATER GEELONG
T20160007800,Dry,Clear,Collision with vehicle,Sunday,Dark Street lights on,50,2016/04/10,02:25:00,Yes,3.0,3.0,-34.18958577,142.157427,MILDURA
T20160007802,Dry,Clear,Collision with a fixed object,Sunday,Dark No street lights,80,2016/04/10,02:50:00,Yes,1.0,1.0,-38.31322048,142.3781967,MOYNE
T20160007806,Dry,Clear,No collision and no object struck,Tuesday,Day,100,2016/03/29,13:00:00,No,1.0,1.0,-36.00566891,144.9625944,MOIRA
T20160007822,Dry,Clear,Collision with vehicle,Sunday,Day,60,2016/04/10,13:11:00,No,4.0,1.0,-34.2186808,142.17142,MILDURA
T20160007824,Wet,Raining,No collision and no object struck,Sunday,Day,100,2016/04/10,09:50:00,Yes,3.0,3.0,-37.60218132,141.7188598,SOUTHERN GRAMPIANS
T20160007825,Dry,Clear,Vehicle overturned (no collision),Sunday,Day,100,2016/04/10,11:15:00,No,1.0,1.0,-37.17719046,145.5498096,MURRINDINDI
T20160007830,Dry,Clear,Vehicle overturned (no collision),Sunday,Day,100,2016/04/10,14:00:00,No,1.0,1.0,-34.75889241,143.2204197,SWAN HILL
T20160007831,Dry,Clear,Collision with a fixed object,Saturday,Dark Street lights on,60,2016/04/09,23:50:00,Yes,2.0,2.0,-38.22899906,146.4129201,LATROBE
T20160007832,Unknown,Not known,Collision with a fixed object,Sunday,Dark No street lights,100,2016/04/10,03:44:00,Yes,1.0,1.0,-37.42490977,144.1154622,HEPBURN
T20160007833,Unknown,Clear,Vehicle overturned (no collision),Sunday,Day,100,2016/04/10,10:30:00,No,1.0,1.0,-36.34502017,146.8227346,INDIGO
T20160007835,Dry,Clear,Collision with a fixed object,Friday,Dark No street lights,110,2016/03/18,23:37:00,Yes,3.0,3.0,-37.61004988,144.2943801,MOORABOOL
T20160007838,Dry,Clear,Collision with a fixed object,Sunday,Day,60,2016/04/10,14:40:00,No,1.0,1.0,-36.97051928,144.304781,MOUNT ALEXANDER
T20160007846,Dry,Clear,Collision with vehicle,Sunday,Dark No street lights,100,2016/04/10,17:45:00,Yes,3.0,2.0,-38.28630552,144.3253943,SURF COAST
T20160007849,Dry,Clear,Struck animal,Sunday,Dark No street lights,100,2016/04/10,18:30:00,Yes,2.0,1.0,-37.17032928,144.0359992,MOUNT ALEXANDER
T20160007866,Dry,Clear,Collision with a fixed object,Monday,Day,100,2016/04/11,06:30:00,No,1.0,1.0,-36.41116094,146.2688519,WANGARATTA
T20160007871,Dry,Clear,Collision with vehicle,Friday,Dark Street lights on,60,2016/04/01,03:30:00,Yes,4.0,1.0,-34.19822981,142.1469833,MILDURA
T20160007878,Dry,Clear,Collision with vehicle,Wednesday,Day,60,2015/12/02,17:30:00,No,3.0,1.0,-35.91928441,145.6395277,MOIRA
T20160007884,Dry,Clear,Collision with vehicle,Monday,Day,100,2016/04/11,09:20:00,No,2.0,1.0,-38.17447228,144.4580568,GREATER GEELONG
T20160007887,Dry,Clear,Collision with vehicle,Monday,Day,60,2016/04/11,12:00:00,No,2.0,1.0,-36.5499092,145.9916094,BENALLA
T20160007891,Dry,Clear,Collision with vehicle,Monday,Day,40,2016/04/11,12:35:00,No,3.0,1.0,-38.19304049,144.3053442,GREATER GEELONG
T20160007895,Dry,Clear,Vehicle overturned (no collision),Sunday,Day,999,2016/04/10,10:00:00,Yes,1.0,1.0,-37.5077499,144.4666473,MOORABOOL
T20160007898,Wet,Raining,Collision with vehicle,Monday,Dusk/Dawn,60,2016/04/11,07:00:00,Yes,2.0,1.0,-38.1792852,146.2526788,LATROBE
T20160007903,Dry,Not known,Collision with vehicle,Monday,Day,60,2016/04/11,11:35:00,No,2.0,2.0,-37.57060173,143.8331607,BALLARAT
T20160007906,Dry,Clear,Vehicle overturned (no collision),Friday,Day,80,2016/04/08,10:05:00,No,1.0,1.0,-37.58868953,145.6430336,MURRINDINDI
T20160007914,Dry,Clear,Collision with a fixed object,Monday,Day,100,2016/04/11,09:00:00,No,1.0,1.0,-36.30421,145.0137724,CAMPASPE
T20160007927,Dry,Clear,Collision with vehicle,Monday,Dusk/Dawn,60,2016/04/11,17:02:00,No,2.0,1.0,-38.1409804,144.3297824,GREATER GEELONG
T20160007928,Dry,Clear,No collision and no object struck,Monday,Day,60,2016/04/11,17:00:00,No,1.0,1.0,-38.18866667,144.4627714,GREATER GEELONG
T20160007940,Dry,Clear,Collision with vehicle,Monday,Day,80,2016/04/11,16:45:00,No,3.0,1.0,-36.13837856,146.9114799,WODONGA
T20160007953,Dry,Clear,Collision with vehicle,Tuesday,Day,60,2016/02/23,15:40:00,No,2.0,2.0,-37.82934988,147.6167835,EAST GIPPSLAND
T20160007959,Unknown,Not known,Collision with vehicle,Saturday,Unknown,50,2016/02/20,19:20:00,Yes,2.0,1.0,-38.21335948,144.3282499,GREATER GEELONG
T20160007968,Dry,Clear,Collision with a fixed object,Friday,Dusk/Dawn,50,2016/03/25,19:25:00,Yes,1.0,1.0,-38.1071056,145.8444177,BAW BAW
T20160007977,Wet,Raining,Collision with a fixed object,Tuesday,Day,100,2016/04/12,08:55:00,No,1.0,1.0,-37.5765079,141.5811003,SOUTHERN GRAMPIANS
T20160007979,Dry,Clear,Collision with vehicle,Tuesday,Day,100,2016/04/12,06:45:00,No,2.0,1.0,-36.95803402,146.0014938,MANSFIELD
T20160007987,Dry,Clear,Collision with vehicle,Tuesday,Day,50,2016/04/12,13:35:00,No,1.0,1.0,-38.16793943,144.3275511,GREATER GEELONG
T20160007990,Dry,Clear,Collision with a fixed object,Tuesday,Day,40,2016/04/12,15:30:00,No,2.0,2.0,-36.39820847,145.406005,GREATER SHEPPARTON
T20160007992,Dry,Clear,Collision with vehicle,Wednesday,Day,50,2016/03/23,17:15:00,No,2.0,1.0,-37.57095453,143.8199683,BALLARAT
T20160007995,Dry,Clear,Vehicle overturned (no collision),Tuesday,Day,100,2016/04/12,16:45:00,No,1.0,1.0,-38.48415541,143.9363217,SURF COAST
T20160008001,Dry,Clear,Collision with vehicle,Tuesday,Day,100,2016/04/12,11:45:00,No,3.0,1.0,-37.47953041,143.7727186,BALLARAT
T20160008002,Dry,Clear,Vehicle overturned (no collision),Tuesday,Day,100,2016/04/12,14:02:00,No,1.0,1.0,-37.49794994,143.7274995,BALLARAT
T20160008006,Dry,Clear,Collision with vehicle,Tuesday,Day,100,2016/04/12,15:15:00,No,2.0,2.0,-37.49704128,143.4357583,PYRENEES
T20160008012,Dry,Clear,Collision with vehicle,Tuesday,Day,60,2016/04/12,17:50:00,No,5.0,3.0,-37.53261171,143.8197649,BALLARAT
T20160008026,Dry,Clear,No collision and no object struck,Tuesday,Day,100,2016/04/12,13:40:00,No,1.0,1.0,-36.67587919,144.2043796,GREATER BENDIGO
T20160008030,Dry,Clear,Collision with a fixed object,Friday,Day,80,2016/04/01,14:00:00,No,1.0,1.0,-38.60762112,145.6075298,BASS COAST
T20160008038,Dry,Clear,Collision with vehicle,Sunday,Day,80,2016/04/10,10:20:00,No,2.0,1.0,-37.44586028,144.3411934,MOORABOOL
T20160008047,Dry,Not known,Collision with vehicle,Saturday,Day,80,2016/04/02,15:15:00,No,2.0,1.0,-38.10014992,144.3547794,GREATER GEELONG
T20160008056,Dry,Not known,Collision with vehicle,Tuesday,Day,80,2016/03/15,18:40:00,Yes,4.0,1.0,-37.6036649,143.8232021,BALLARAT
T20160008061,Unknown,Clear,No collision and no object struck,Monday,Day,999,2016/03/28,14:00:00,No,1.0,1.0,-37.44456107,144.5003994,MACEDON RANGES
T20160008062,Dry,Clear,Collision with vehicle,Wednesday,Day,60,2016/04/13,09:00:00,No,2.0,2.0,-34.58304435,142.7732672,SWAN HILL
T20160008065,Wet,Raining,Vehicle overturned (no collision),Tuesday,Unknown,60,2016/04/12,07:10:00,No,1.0,1.0,-38.18689637,146.4540778,LATROBE
T20160008067,Dry,Clear,Struck Pedestrian,Wednesday,Day,50,2016/04/13,08:50:00,No,1.0,1.0,-38.74320953,143.6681158,COLAC OTWAY
T20160008069,Dry,Clear,No collision and no object struck,Wednesday,Day,100,2016/04/13,12:50:00,No,1.0,1.0,-36.81677153,144.2637125,GREATER BENDIGO
T20160008075,Dry,Clear,Collision with a fixed object,Saturday,Day,100,2016/02/27,13:00:00,No,1.0,1.0,-36.88621103,144.7432606,GREATER BENDIGO
T20160008083,Dry,Clear,Collision with a fixed object,Monday,Day,100,2016/04/04,10:40:00,No,1.0,1.0,-37.28129932,145.2821215,MURRINDINDI
T20160008086,Dry,Clear,Collision with vehicle,Wednesday,Dusk/Dawn,50,2016/04/13,16:45:00,No,5.0,2.0,-38.35254408,141.6034274,GLENELG
T20160008102,Dry,Clear,Collision with vehicle,Wednesday,Day,50,2016/02/17,17:53:00,No,2.0,1.0,-38.4117229,144.1788847,SURF COAST
T20160008108,Dry,Clear,Collision with vehicle,Wednesday,Day,80,2016/04/13,15:04:00,No,1.0,1.0,-38.16281038,144.3788893,GREATER GEELONG
T20160008120,Dry,Clear,Collision with vehicle,Thursday,Dark Street lights on,50,2016/04/14,03:30:00,Yes,2.0,1.0,-38.09357113,144.3510519,GREATER GEELONG
T20160008146,Dry,Clear,Collision with vehicle,Thursday,Day,70,2016/04/14,12:10:00,No,2.0,1.0,-37.83343741,147.6057615,EAST GIPPSLAND
T20160008155,Dry,Clear,Struck Pedestrian,Thursday,Day,50,2016/04/14,10:20:00,No,2.0,1.0,-36.77349924,144.2718245,GREATER BENDIGO
T20160008173,Dry,Clear,Collision with vehicle,Thursday,Day,100,2016/04/14,13:40:00,No,4.0,4.0,-37.93063962,147.1969899,WELLINGTON
T20160008183,Dry,Clear,Collision with vehicle,Thursday,Dark Street lights on,60,2016/04/14,06:20:00,No,2.0,1.0,-38.37319783,142.4874952,WARRNAMBOOL
T20160008189,Dry,Clear,Collision with a fixed object,Friday,Dark No street lights,999,2016/04/15,00:45:00,Yes,1.0,1.0,-38.09498903,145.9026435,BAW BAW
T20160008193,Dry,Clear,Collision with vehicle,Wednesday,Day,60,2016/04/06,10:05:00,No,2.0,1.0,-37.56563361,143.8742556,BALLARAT
T20160008195,Dry,Clear,Collision with vehicle,Thursday,Day,60,2016/04/14,15:36:00,No,2.0,1.0,-37.56711237,143.8462839,BALLARAT
T20160008198,Dry,Clear,Collision with vehicle,Friday,Day,80,2016/04/15,08:27:00,No,4.0,2.0,-37.58566815,143.8073714,BALLARAT
T20160008205,Dry,Smoke,Collision with a fixed object,Friday,Day,100,2016/04/15,08:45:00,No,2.0,2.0,-36.43439545,146.3115508,WANGARATTA
T20160008206,Dry,Clear,Collision with vehicle,Thursday,Day,60,2016/03/24,10:30:00,No,2.0,1.0,-38.14101469,144.3301118,GREATER GEELONG
T20160008209,Dry,Not known,Collision with vehicle,Friday,Day,70,2016/04/15,11:05:00,No,2.0,1.0,-38.2195883,144.3377407,GREATER GEELONG
T20160008220,Wet,Clear,Vehicle overturned (no collision),Saturday,Day,60,2016/02/06,15:00:00,Yes,1.0,1.0,-37.60801297,144.3197933,MOORABOOL
T20160008241,Dry,Clear,Collision with vehicle,Friday,Day,60,2016/04/15,07:15:00,No,2.0,1.0,-38.19678815,144.3525571,GREATER GEELONG
T20160008243,Dry,Clear,Vehicle overturned (no collision),Friday,Day,100,2016/04/15,12:45:00,No,1.0,1.0,-37.30462005,145.9224851,MURRINDINDI
T20160008245,Dry,Clear,Collision with a fixed object,Friday,Day,100,2016/04/15,13:10:00,No,1.0,1.0,-36.465173,147.814858,TOWONG
T20160008247,Dry,Clear,Struck Pedestrian,Friday,Day,50,2016/04/15,08:00:00,No,2.0,1.0,-38.19941008,146.5200309,LATROBE
T20160008256,Dry,Clear,Collision with a fixed object,Friday,Dusk/Dawn,100,2016/04/15,17:35:00,No,1.0,1.0,-38.21286171,144.2601737,GREATER GEELONG
T20160008257,Dry,Clear,Struck Pedestrian,Friday,Day,60,2016/04/15,16:25:00,Yes,2.0,1.0,-38.20801034,144.3400932,GREATER GEELONG
T20160008268,Dry,Clear,Struck animal,Thursday,Dark No street lights,100,2016/04/14,23:10:00,Yes,2.0,2.0,-36.05291175,146.3663679,INDIGO
T20160008278,Dry,Clear,Collision with a fixed object,Friday,Dark No street lights,100,2016/04/15,05:30:00,Yes,1.0,1.0,-36.21905007,146.2491327,WANGARATTA
T20160008279,Dry,Clear,Collision with a fixed object,Friday,Dark Street lights off,50,2016/04/15,21:45:00,Yes,3.0,3.0,-38.46365084,145.2453147,BASS COAST
T20160008280,Dry,Clear,Collision with a fixed object,Friday,Dark No street lights,100,2016/04/15,20:10:00,Yes,1.0,1.0,-35.74763207,142.3811671,YARRIAMBIACK
T20160008296,Dry,Not known,Collision with a fixed object,Saturday,Day,100,2016/04/16,10:00:00,No,1.0,1.0,-36.58122997,143.2398896,NORTHERN GRAMPIANS
T20160008298,Dry,Clear,Collision with vehicle,Saturday,Dark Street lights on,110,2016/04/16,00:12:00,Yes,5.0,4.0,-37.47356667,143.6584106,BALLARAT
T20160008299,Dry,Clear,Collision with a fixed object,Saturday,Dark No street lights,60,2016/04/16,05:00:00,Yes,1.0,1.0,-38.06001338,146.6257101,LATROBE
T20160008303,Dry,Clear,Collision with vehicle,Saturday,Day,60,2016/04/16,09:22:00,No,2.0,1.0,-38.20099777,146.5276191,LATROBE
T20160008308,Wet,Raining,No collision and no object struck,Saturday,Day,100,2016/04/16,11:00:00,No,1.0,1.0,-38.43366031,143.66587,COLAC OTWAY
T20160008310,Dry,Clear,Collision with vehicle,Saturday,Day,60,2016/04/16,12:10:00,No,4.0,1.0,-36.72953074,144.3063715,GREATER BENDIGO
T20160008316,Unknown,Not known,Vehicle overturned (no collision),Saturday,Unknown,999,2016/04/09,13:00:00,No,1.0,1.0,-36.92504071,146.2786535,MANSFIELD
T20160008323,Dry,Clear,collision with some other object,Saturday,Day,60,2016/03/26,15:00:00,Yes,1.0,1.0,-37.14955739,145.5275365,MURRINDINDI
T20160008339,Dry,Clear,Collision with a fixed object,Saturday,Day,100,2016/04/16,13:40:00,No,2.0,2.0,-37.36319411,144.6018793,MACEDON RANGES
T20160008345,Wet,Clear,Collision with a fixed object,Saturday,Dark No street lights,100,2016/04/16,20:55:00,Yes,2.0,2.0,-38.21320992,142.540075,MOYNE
T20160008351,Wet,Raining,Collision with vehicle,Sunday,Dark No street lights,999,2016/04/17,01:15:00,Yes,3.0,2.0,-37.44448747,144.6997868,MACEDON RANGES
T20160008358,Dry,Clear,Collision with vehicle,Friday,Day,60,2016/04/08,12:20:00,No,2.0,1.0,-37.82946542,147.6144461,EAST GIPPSLAND
T20160008360,Dry,Clear,Collision with vehicle,Saturday,Dusk/Dawn,100,2016/04/16,17:25:00,Yes,2.0,2.0,-37.74702011,141.9594028,SOUTHERN GRAMPIANS
T20160008364,Dry,Clear,Vehicle overturned (no collision),Sunday,Day,100,2016/04/17,09:30:00,Yes,3.0,3.0,-37.25772109,144.7364466,MACEDON RANGES
T20160008366,Dry,Clear,No collision and no object struck,Friday,Day,80,2016/03/25,14:00:00,No,1.0,1.0,-36.69544899,144.2582074,GREATER BENDIGO
T20160008367,Unknown,Not known,No collision and no object struck,Sunday,Day,999,2016/04/10,09:30:00,Yes,1.0,1.0,-37.43960046,145.3162595,MURRINDINDI