Accident_No,Surface_Cond_Desc,Atmosph_Cond_Desc,Accident_Type_Desc,Day,Light_Condition_Desc,Speed_Zone,Accident_Date,Accident_Time,Alcohol_Influence,Total_Persons_Inv,Inj_Or_Fatal,Lat,Long,LGA
T20160008370,Dry,Clear,Vehicle overturned (no collision),Monday,Day,999,2016/03/28,16:40:00,No,1.0,1.0,-37.4535102,144.4189896,MACEDON RANGES
T20160008371,Dry,Clear,Fall from or in moving vehicle,Sunday,Day,100,2016/04/17,14:20:00,No,2.0,1.0,-38.13829956,146.7941991,WELLINGTON
T20160008375,Dry,Clear,Collision with vehicle,Saturday,Day,50,2016/04/02,12:15:00,No,2.0,1.0,-37.56011383,143.8611098,BALLARAT
T20160008378,Dry,Clear,Collision with vehicle,Sunday,Day,90,2016/04/17,15:15:00,No,2.0,1.0,-36.77109979,144.3485001,GREATER BENDIGO
T20160008381,Dry,Clear,Collision with vehicle,Sunday,Day,80,2016/04/17,16:10:00,Yes,5.0,2.0,-37.77472635,144.0269061,MOORABOOL
T20160008399,Dry,Clear,Collision with vehicle,Sunday,Day,100,2016/04/17,16:40:00,Yes,2.0,1.0,-37.08036975,145.1707501,MITCHELL
T20160008404,Dry,Clear,Collision with a fixed object,Sunday,Dark No street lights,100,2016/04/17,23:20:00,Yes,1.0,1.0,-36.58353062,144.23576,GREATER BENDIGO
T20160008410,Dry,Smoke,Collision with a fixed object,Monday,Dark No street lights,110,2016/04/18,05:24:00,Yes,1.0,1.0,-36.22812101,146.4420642,WANGARATTA
T20160008411,Dry,Clear,Collision with vehicle,Monday,Day,100,2016/04/18,07:08:00,No,3.0,1.0,-37.47655764,144.5311096,MACEDON RANGES
T20160008412,Dry,Clear,Collision with vehicle,Monday,Day,50,2016/04/18,08:15:00,No,2.0,1.0,-36.76307678,144.2739736,GREATER BENDIGO
T20160008417,Dry,Clear,Collision with a fixed object,Sunday,Dark No street lights,100,2016/04/17,04:00:00,Yes,1.0,1.0,-36.66161917,144.658884,CAMPASPE
T20160008426,Dry,Clear,No collision and no object struck,Saturday,Day,999,2016/04/16,14:00:00,Yes,1.0,1.0,-37.96940011,146.0847505,BAW BAW
T20160008427,Dry,Clear,Collision with vehicle,Monday,Day,60,2016/04/18,09:00:00,Yes,4.0,2.0,-36.35802612,145.4022264,GREATER SHEPPARTON
T20160008428,Dry,Clear,Collision with vehicle,Monday,Day,100,2016/04/18,07:35:00,No,5.0,2.0,-36.36310058,145.3134914,GREATER SHEPPARTON
T20160008430,Dry,Clear,Collision with a fixed object,Monday,Day,100,2016/04/18,08:10:00,Yes,1.0,1.0,-37.52673032,145.4044902,MURRINDINDI
T20160008436,Unknown,Not known,No collision and no object struck,Sunday,Day,999,2016/04/10,15:30:00,No,1.0,1.0,-37.38577754,145.6380951,MURRINDINDI
T20160008439,Unknown,Not known,Vehicle overturned (no collision),Saturday,Unknown,999,2016/04/09,17:00:00,Yes,1.0,1.0,-37.48828045,144.5178793,MACEDON RANGES
T20160008453,Dry,Clear,No collision and no object struck,Sunday,Dark No street lights,100,2016/04/10,01:50:00,Yes,1.0,1.0,-36.45489047,146.9974932,ALPINE
T20160008498,Wet,Raining,Collision with a fixed object,Saturday,Day,60,2016/04/16,09:00:00,No,2.0,2.0,-38.09656991,144.3723114,GREATER GEELONG
T20160008510,Dry,Clear,Struck Pedestrian,Tuesday,Day,50,2016/04/19,10:30:00,No,2.0,1.0,-37.06442567,144.2170103,MOUNT ALEXANDER
T20160008517,Unknown,Clear,No collision and no object struck,Sunday,Day,999,2016/04/03,10:49:00,No,1.0,1.0,-37.31614098,146.0921595,MANSFIELD
T20160008518,Dry,Clear,Collision with vehicle,Tuesday,Day,100,2016/04/19,08:22:00,No,6.0,6.0,-34.29847221,142.1733318,MILDURA
T20160008522,Dry,Clear,Collision with vehicle,Tuesday,Day,60,2016/04/19,09:25:00,No,2.0,2.0,-38.61120082,145.5918092,BASS COAST
T20160008527,Dry,Clear,collision with some other object,Sunday,Day,100,2016/04/17,14:40:00,No,5.0,1.0,-37.29267731,144.9208705,MITCHELL
T20160008528,Dry,Clear,Collision with a fixed object,Sunday,Day,100,2016/04/03,10:00:00,Yes,1.0,1.0,-36.929417,146.2384863,MANSFIELD
T20160008532,Dry,Clear,Struck animal,Tuesday,Day,80,2016/04/19,14:05:00,No,1.0,1.0,-37.99721403,143.0512793,CORANGAMITE
T20160008535,Dry,Clear,Collision with vehicle,Tuesday,Day,60,2016/04/19,14:45:00,No,4.0,2.0,-38.33195028,141.5900324,GLENELG
T20160008542,Dry,Clear,Collision with a fixed object,Tuesday,Dark No street lights,80,2016/01/05,03:00:00,Yes,1.0,1.0,-37.04796011,146.0596424,MANSFIELD
T20160008555,Dry,Clear,Collision with vehicle,Tuesday,Day,80,2016/04/19,17:00:00,No,3.0,2.0,-38.12572393,144.6905761,GREATER GEELONG
T20160008557,Dry,Clear,Collision with vehicle,Tuesday,Dusk/Dawn,60,2016/04/19,17:39:00,No,4.0,3.0,-37.56054224,143.8444444,BALLARAT
T20160008576,Dry,Clear,Collision with a fixed object,Tuesday,Dark No street lights,100,2016/04/19,19:56:00,Yes,1.0,1.0,-38.16584044,147.0410002,WELLINGTON
T20160008577,Dry,Clear,Collision with vehicle,Tuesday,Dark Street lights on,50,2016/04/19,21:00:00,Yes,3.0,1.0,-38.22216676,146.4261992,LATROBE
T20160008578,Dry,Clear,Collision with vehicle,Tuesday,Dark No street lights,80,2016/04/19,21:50:00,Yes,2.0,2.0,-38.0994685,146.9722596,WELLINGTON
T20160008595,Dry,Clear,Collision with vehicle,Sunday,Day,100,2016/04/17,17:30:00,Yes,3.0,1.0,-37.15118894,144.233218,MOUNT ALEXANDER
T20160008601,Dry,Clear,Collision with vehicle,Wednesday,Day,110,2016/04/20,06:40:00,No,2.0,1.0,-36.61224689,145.794152,STRATHBOGIE
T20160008603,Dry,Clear,Collision with vehicle,Wednesday,Day,100,2016/04/20,10:00:00,No,3.0,3.0,-36.30857001,144.6854175,CAMPASPE
T20160008612,Dry,Clear,Collision with vehicle,Wednesday,Day,60,2016/04/20,13:10:00,No,1.0,1.0,-34.19729358,142.1579544,MILDURA
T20160008613,Dry,Clear,Struck Pedestrian,Wednesday,Day,50,2016/04/20,13:10:00,No,2.0,1.0,-38.30935948,146.4158757,LATROBE
T20160008623,Dry,Clear,Collision with vehicle,Wednesday,Day,100,2016/04/20,12:20:00,No,2.0,1.0,-38.27015914,146.4233772,LATROBE
T20160008630,Dry,Clear,Vehicle overturned (no collision),Sunday,Day,999,2016/04/17,16:30:00,No,1.0,1.0,-37.2609598,145.62259,MURRINDINDI
T20160008637,Dry,Clear,No collision and no object struck,Saturday,Day,999,2016/04/09,16:00:00,Yes,1.0,1.0,-37.68052251,144.0601779,MOORABOOL
T20160008639,Dry,Clear,Collision with vehicle,Wednesday,Day,999,2016/04/20,16:00:00,No,3.0,3.0,-38.44856583,145.9226007,SOUTH GIPPSLAND
T20160008656,Wet,Raining,Collision with a fixed object,Wednesday,Day,60,2016/04/06,15:05:00,No,1.0,1.0,-38.06370125,145.9307204,BAW BAW
T20160008664,Dry,Clear,Collision with vehicle,Thursday,Dark No street lights,80,2016/04/21,03:20:00,Yes,7.0,4.0,-37.63462234,143.754394,GOLDEN PLAINS
T20160008665,Dry,Clear,Collision with vehicle,Thursday,Dark Street lights on,60,2016/04/21,06:10:00,No,2.0,1.0,-38.14676003,144.3471254,GREATER GEELONG
T20160008685,Dry,Clear,Collision with vehicle,Thursday,Day,60,2016/04/21,12:30:00,No,3.0,2.0,-38.14743713,144.3527539,GREATER GEELONG
T20160008686,Dry,Clear,Collision with vehicle,Thursday,Day,60,2016/04/21,10:30:00,No,2.0,1.0,-38.15539917,144.3335889,GREATER GEELONG
T20160008693,Dry,Clear,Collision with a fixed object,Thursday,Day,100,2016/04/21,11:50:00,No,1.0,1.0,-36.77478015,146.1380913,BENALLA
T20160008694,Dry,Clear,Collision with vehicle,Wednesday,Day,80,2016/02/17,08:15:00,No,3.0,2.0,-37.57410091,143.9099093,BALLARAT
T20160008702,Unknown,Not known,Vehicle overturned (no collision),Sunday,Day,999,2016/04/17,16:30:00,No,1.0,1.0,-38.29609326,146.5311415,LATROBE
T20160008704,Dry,Clear,Collision with vehicle,Thursday,Dusk/Dawn,80,2016/04/21,07:00:00,No,5.0,5.0,-38.15788671,146.7154307,WELLINGTON
T20160008705,Dry,Clear,Collision with vehicle,Thursday,Day,100,2016/04/21,14:27:00,No,6.0,3.0,-37.29422944,144.7365758,MACEDON RANGES
T20160008707,Dry,Clear,No collision and no object struck,Saturday,Day,999,2016/03/26,12:00:00,No,1.0,1.0,-36.61298963,145.1219581,CAMPASPE
T20160008712,Wet,Raining,Collision with vehicle,Thursday,Dusk/Dawn,50,2016/04/21,16:44:00,No,3.0,1.0,-36.55820719,146.7265855,ALPINE
T20160008744,Dry,Clear,Collision with vehicle,Sunday,Day,50,2016/03/27,09:15:00,Yes,2.0,1.0,-36.36421467,145.3867322,GREATER SHEPPARTON
T20160008758,Dry,Clear,Collision with vehicle,Friday,Day,60,2016/04/22,08:30:00,No,2.0,1.0,-36.31459776,145.0455652,CAMPASPE
T20160008767,Dry,Clear,Vehicle overturned (no collision),Tuesday,Day,100,2016/04/19,17:00:00,No,2.0,1.0,-35.89042791,144.17068,GANNAWARRA
T20160008778,Dry,Clear,Collision with vehicle,Friday,Day,60,2016/04/22,12:00:00,No,3.0,3.0,-36.31352594,145.0407411,CAMPASPE
T20160008780,Dry,Clear,Collision with vehicle,Friday,Day,60,2016/04/22,11:50:00,No,3.0,2.0,-37.58226056,143.8408747,BALLARAT
T20160008787,Dry,Clear,Collision with vehicle,Wednesday,Dusk/Dawn,40,2016/04/20,17:23:00,No,2.0,1.0,-37.5598793,143.8591201,BALLARAT
T20160008789,Dry,Clear,Vehicle overturned (no collision),Friday,Day,100,2016/04/22,13:08:00,No,1.0,1.0,-37.58006041,142.8345866,ARARAT
T20160008791,Dry,Clear,No collision and no object struck,Tuesday,Day,999,2016/03/29,15:00:00,No,1.0,1.0,-36.96986276,146.107404,MANSFIELD
T20160008798,Dry,Clear,Struck Pedestrian,Friday,Day,60,2016/04/22,17:25:00,Yes,3.0,1.0,-37.56994637,143.8705745,BALLARAT
T20160008808,Dry,Clear,Collision with vehicle,Friday,Dark Street lights on,50,2016/04/22,19:00:00,Yes,2.0,1.0,-38.25866861,144.544663,GREATER GEELONG
T20160008813,Unknown,Not known,Collision with vehicle,Friday,Unknown,999,2016/04/22,18:30:00,Yes,2.0,1.0,-38.16868555,144.3845065,GREATER GEELONG
T20160008828,Dry,Clear,Collision with a fixed object,Saturday,Dark No street lights,110,2016/04/23,02:05:00,Yes,2.0,2.0,-37.50307017,144.9521605,MITCHELL
T20160008832,Dry,Clear,Struck animal,Saturday,Dark No street lights,110,2016/04/23,04:05:00,Yes,1.0,1.0,-36.42806867,146.2601573,WANGARATTA
T20160008835,Dry,Clear,Struck animal,Saturday,Dark No street lights,110,2016/04/23,05:15:00,Yes,1.0,1.0,-34.27596203,141.50239,MILDURA
T20160008839,Dry,Not known,Collision with vehicle,Friday,Day,60,2016/04/22,11:30:00,No,2.0,1.0,-38.20170249,146.5473297,LATROBE
T20160008841,Dry,Clear,Collision with vehicle,Saturday,Day,60,2016/04/23,10:45:00,No,3.0,3.0,-37.59943634,143.8450323,BALLARAT
T20160008845,Dry,Clear,Struck Pedestrian,Saturday,Dark Street lights on,60,2016/04/23,01:30:00,Yes,4.0,1.0,-37.02410852,145.1381092,MITCHELL
T20160008846,Dry,Clear,No collision and no object struck,Saturday,Day,50,2016/04/23,11:55:00,No,1.0,1.0,-38.56525732,145.5427108,BASS COAST
T20160008851,Dry,Clear,Collision with vehicle,Saturday,Day,60,2016/04/23,14:00:00,No,2.0,1.0,-36.75524587,144.2740756,GREATER BENDIGO
T20160008859,Dry,Clear,Collision with a fixed object,Saturday,Day,100,2016/04/23,11:45:00,No,1.0,1.0,-36.55554407,147.4049773,TOWONG
T20160008864,Dry,Clear,Vehicle overturned (no collision),Saturday,Day,999,2016/04/23,13:00:00,No,1.0,1.0,-36.01864621,145.59949,MOIRA
T20160008875,Dry,Clear,Struck animal,Saturday,Dark No street lights,100,2016/04/23,01:25:00,Yes,2.0,2.0,-35.84583005,144.2283705,GANNAWARRA
T20160008879,Dry,Clear,Collision with a fixed object,Saturday,Day,100,2016/04/23,14:32:00,Yes,2.0,2.0,-37.52509895,143.7442507,BALLARAT
T20160008895,Dry,Clear,Collision with a fixed object,Saturday,Dark No street lights,100,2016/04/23,21:12:00,Yes,2.0,2.0,-35.36935005,143.524033,SWAN HILL
T20160008905,Dry,Fog,Collision with a fixed object,Sunday,Dark No street lights,100,2016/04/24,01:30:00,No,2.0,2.0,-38.16840193,147.1044235,WELLINGTON
T20160008906,Unknown,Clear,Collision with vehicle,Thursday,Day,60,2016/03/10,18:50:00,Yes,2.0,1.0,-36.75017322,144.2834733,GREATER BENDIGO
T20160008913,Dry,Clear,Vehicle overturned (no collision),Sunday,Day,100,2016/04/24,08:00:00,Yes,1.0,1.0,-38.26452956,144.4390202,GREATER GEELONG
T20160008918,Dry,Clear,Collision with a fixed object,Sunday,Day,100,2016/04/24,10:40:00,No,1.0,1.0,-37.2468429,145.1720788,MURRINDINDI
T20160008928,Dry,Clear,Collision with vehicle,Sunday,Day,100,2016/04/24,10:10:00,No,2.0,1.0,-38.01507114,144.1800288,GOLDEN PLAINS
T20160008929,Dry,Clear,Vehicle overturned (no collision),Sunday,Day,100,2016/04/24,08:00:00,Yes,2.0,1.0,-36.19961645,143.8685538,LODDON
T20160008930,Dry,Clear,Collision with vehicle,Sunday,Day,100,2016/04/24,11:19:00,No,6.0,5.0,-38.39056371,143.7832119,COLAC OTWAY
T20160008934,Dry,Clear,Collision with vehicle,Sunday,Day,60,2016/04/24,12:15:00,No,2.0,1.0,-38.30240009,146.4117411,LATROBE
T20160008935,Dry,Clear,Collision with vehicle,Sunday,Day,100,2016/04/24,12:05:00,No,6.0,1.0,-38.44103531,143.286819,COLAC OTWAY
T20160008936,Dry,Clear,Struck Pedestrian,Tuesday,Day,50,2016/04/19,13:10:00,No,2.0,1.0,-38.75797969,143.6685109,COLAC OTWAY
T20160008939,Dry,Clear,Collision with vehicle,Sunday,Day,70,2016/04/24,14:23:00,No,3.0,1.0,-37.60343896,143.8556093,BALLARAT
T20160008951,Dry,Clear,Collision with a fixed object,Sunday,Day,100,2016/04/24,17:30:00,Yes,2.0,2.0,-37.08138815,143.9873004,CENTRAL GOLDFIELDS
T20160008961,Muddy,Clear,Vehicle overturned (no collision),Sunday,Day,999,2016/04/24,16:00:00,Yes,3.0,3.0,-37.18081984,146.4924105,MANSFIELD
T20160008977,Dry,Clear,Collision with a fixed object,Monday,Dark No street lights,100,2016/04/25,02:25:00,Yes,1.0,1.0,-36.95606872,144.489083,GREATER BENDIGO
T20160008978,Dry,Clear,No collision and no object struck,Sunday,Day,999,2016/04/17,14:30:00,No,1.0,1.0,-38.50835179,145.5909816,BASS COAST
T20160008980,Dry,Clear,Collision with vehicle,Sunday,Day,60,2016/04/24,12:45:00,No,3.0,2.0,-38.15818583,144.3745262,GREATER GEELONG
T20160008993,Dry,Clear,Vehicle overturned (no collision),Wednesday,Day,100,2015/10/14,14:30:00,No,1.0,1.0,-37.15438888,142.4829324,NORTHERN GRAMPIANS
T20160008997,Dry,Clear,Struck animal,Sunday,Day,100,2016/04/24,15:45:00,No,1.0,1.0,-36.92503149,146.5323748,WANGARATTA
T20160008999,Dry,Clear,Collision with vehicle,Sunday,Dark Street lights on,50,2016/04/24,19:20:00,Yes,1.0,1.0,-36.61412065,143.2556805,NORTHERN GRAMPIANS
T20160009000,Dry,Clear,Collision with vehicle,Monday,Day,100,2016/04/25,10:50:00,No,3.0,3.0,-35.92549316,145.60728,MOIRA
T20160009001,Dry,Clear,Collision with vehicle,Monday,Day,50,2016/04/25,12:45:00,No,7.0,1.0,-38.38187451,142.4880103,WARRNAMBOOL
T20160009003,Dry,Clear,Struck Pedestrian,Monday,Day,50,2016/04/25,10:55:00,No,2.0,1.0,-37.53980021,143.8283,BALLARAT
T20160009004,Dry,Clear,Collision with vehicle,Monday,Day,60,2016/04/25,10:30:00,No,3.0,1.0,-36.75411672,144.2861697,GREATER BENDIGO
T20160009005,Dry,Not known,Collision with vehicle,Sunday,Dark Street lights on,60,2016/04/24,22:30:00,Yes,4.0,1.0,-38.14537599,144.3354674,GREATER GEELONG
T20160009008,Dry,Clear,Struck Pedestrian,Monday,Day,50,2016/04/25,12:15:00,No,2.0,1.0,-37.48460078,144.598189,MACEDON RANGES
T20160009009,Dry,Clear,No collision and no object struck,Monday,Day,60,2016/04/25,08:45:00,No,2.0,2.0,-37.82797481,147.6163247,EAST GIPPSLAND
T20160009037,Dry,Clear,Collision with a fixed object,Monday,Day,100,2016/04/25,16:40:00,No,1.0,1.0,-34.62138995,142.7679377,SWAN HILL
T20160009040,Dry,Clear,collision with some other object,Monday,Dark No street lights,110,2016/04/25,19:50:00,Yes,3.0,1.0,-37.46414089,144.581047,MACEDON RANGES
T20160009041,Wet,Fog,Collision with a fixed object,Monday,Dark Street lights on,80,2016/04/25,05:20:00,Yes,1.0,1.0,-38.16741617,144.6464546,GREATER GEELONG
T20160009046,Dry,Clear,Collision with vehicle,Monday,Dark Street lights on,80,2016/04/25,23:05:00,Yes,2.0,2.0,-38.16490553,144.416261,GREATER GEELONG
T20160009050,Dry,Clear,Collision with a fixed object,Tuesday,Dark No street lights,110,2016/04/26,03:15:00,Yes,1.0,1.0,-36.84792909,145.3428295,STRATHBOGIE
T20160009062,Dry,Clear,No collision and no object struck,Friday,Dusk/Dawn,60,2016/04/15,17:00:00,Yes,1.0,1.0,-36.80308928,144.2997774,GREATER BENDIGO
T20160009067,Dry,Clear,collision with some other object,Saturday,Day,999,2016/04/09,15:30:00,No,1.0,1.0,-38.23038296,146.9449813,WELLINGTON
T20160009072,Dry,Clear,Collision with vehicle,Tuesday,Day,40,2016/04/26,10:35:00,No,3.0,1.0,-37.56307974,143.8605574,BALLARAT
T20160009073,Unknown,Not known,collision with some other object,Saturday,Unknown,999,2016/04/23,14:00:00,Yes,1.0,1.0,-36.59605003,146.69432,ALPINE
T20160009079,Dry,Clear,Collision with vehicle,Friday,Day,100,2016/04/22,17:00:00,Yes,2.0,1.0,-36.12948133,144.6296553,CAMPASPE
T20160009080,Dry,Clear,Collision with vehicle,Friday,Day,80,2016/04/22,14:30:00,No,3.0,3.0,-38.1334072,144.3511555,GREATER GEELONG
T20160009081,Dry,Clear,Struck Pedestrian,Tuesday,Dark Street lights unknown,40,2016/04/26,04:00:00,Yes,2.0,1.0,-38.16378209,145.9314991,BAW BAW
T20160009085,Dry,Clear,Vehicle overturned (no collision),Friday,Dark Street lights on,60,2016/04/22,19:05:00,Yes,1.0,1.0,-38.19310868,146.2531921,LATROBE
T20160009088,Dry,Clear,No collision and no object struck,Sunday,Day,100,2016/04/17,16:30:00,Yes,1.0,1.0,-37.63211083,143.2605706,PYRENEES
T20160009100,Dry,Clear,Collision with vehicle,Friday,Day,100,2016/04/22,09:43:00,No,2.0,2.0,-36.52678332,146.6854467,ALPINE
T20160009114,Dry,Clear,Struck animal,Saturday,Day,999,2016/03/26,11:15:00,No,1.0,1.0,-37.36854875,147.274461,WELLINGTON
T20160009125,Dry,Clear,Collision with vehicle,Tuesday,Day,60,2016/04/26,15:50:00,No,1.0,1.0,-36.13066292,144.7491707,CAMPASPE
T20160009126,Dry,Clear,Collision with a fixed object,Wednesday,Dark No street lights,100,2016/04/27,04:30:00,Yes,1.0,1.0,-36.43474074,146.8699569,INDIGO
T20160009129,Dry,Not known,Collision with vehicle,Monday,Day,50,2016/03/21,09:35:00,No,3.0,2.0,-36.72811216,144.2630062,GREATER BENDIGO
T20160009132,Unknown,Not known,Collision with a fixed object,Sunday,Dark No street lights,100,2016/03/20,00:40:00,Yes,1.0,1.0,-38.38873003,145.54529,BASS COAST
T20160009146,Dry,Clear,No collision and no object struck,Wednesday,Day,80,2016/04/27,11:00:00,No,1.0,1.0,-38.1899101,146.5656802,LATROBE
T20160009152,Dry,Clear,Collision with vehicle,Wednesday,Dusk/Dawn,80,2016/04/27,17:40:00,No,3.0,1.0,-38.2054214,146.5102708,LATROBE
T20160009155,Dry,Strong winds,Collision with vehicle,Wednesday,Day,80,2016/04/27,13:50:00,No,3.0,1.0,-38.02643961,144.4289933,GREATER GEELONG
T20160009160,Dry,Not known,Struck animal,Thursday,Day,100,2016/02/04,08:20:00,No,1.0,1.0,-36.84599972,144.3187777,GREATER BENDIGO
T20160009163,Dry,Clear,Vehicle overturned (no collision),Sunday,Day,80,2016/03/27,10:00:00,No,1.0,1.0,-37.30589012,144.6788731,MACEDON RANGES
T20160009166,Dry,Clear,Vehicle overturned (no collision),Monday,Day,60,2016/03/14,17:30:00,No,1.0,1.0,-36.70828702,144.2469885,GREATER BENDIGO
T20160009176,Dry,Clear,Collision with a fixed object,Friday,Day,80,2016/04/01,15:00:00,No,1.0,1.0,-36.80411967,147.2217504,ALPINE
T20160009181,Dry,Clear,Collision with vehicle,Wednesday,Day,80,2016/04/27,16:55:00,No,2.0,1.0,-38.15060754,146.4938071,LATROBE
T20160009187,Dry,Clear,Collision with vehicle,Wednesday,Dark Street lights on,110,2016/04/27,20:20:00,Yes,2.0,1.0,-36.90714149,145.243091,STRATHBOGIE
T20160009202,Dry,Clear,Struck animal,Wednesday,Dark No street lights,100,2016/04/27,19:50:00,Yes,6.0,1.0,-37.55170864,141.0959609,GLENELG
T20160009207,Dry,Fog,Collision with a fixed object,Thursday,Dusk/Dawn,100,2016/04/28,07:00:00,No,3.0,2.0,-37.00294023,145.98732,MANSFIELD
T20160009215,Dry,Clear,Collision with vehicle,Wednesday,Day,50,2016/04/27,16:40:00,No,2.0,1.0,-36.3799691,145.4068115,GREATER SHEPPARTON
T20160009219,Wet,Raining,Collision with vehicle,Thursday,Day,50,2016/04/28,08:00:00,No,4.0,3.0,-37.58900684,143.8428973,BALLARAT
T20160009220,Dry,Not known,Collision with a fixed object,Thursday,Day,80,2016/04/28,10:20:00,No,1.0,1.0,-36.39031328,145.3706891,GREATER SHEPPARTON
T20160009223,Dry,Clear,Struck Pedestrian,Tuesday,Day,30,2016/04/12,16:30:00,No,1.0,1.0,-36.35479586,146.3128746,WANGARATTA
T20160009230,Wet,Raining,Collision with vehicle,Thursday,Day,60,2016/04/28,09:20:00,No,2.0,1.0,-38.15592006,144.3511806,GREATER GEELONG
T20160009240,Wet,Clear,Collision with vehicle,Friday,Day,60,2016/03/18,08:40:00,No,2.0,1.0,-38.14981067,144.3346492,GREATER GEELONG
T20160009244,Wet,Clear,Collision with vehicle,Thursday,Day,50,2016/04/28,15:50:00,No,2.0,1.0,-38.15003749,144.3623136,GREATER GEELONG
T20160009246,Dry,Clear,Vehicle overturned (no collision),Monday,Day,100,2016/04/25,15:00:00,No,1.0,1.0,-38.21317067,146.1894837,BAW BAW
T20160009247,Dry,Clear,No collision and no object struck,Sunday,Day,60,2016/04/24,14:45:00,No,1.0,1.0,-37.97792996,146.3718021,BAW BAW
T20160009250,Dry,Clear,Collision with vehicle,Thursday,Dark Street lights on,50,2016/04/28,18:25:00,Yes,2.0,1.0,-38.10329078,147.0608776,WELLINGTON
T20160009254,Dry,Clear,Collision with vehicle,Saturday,Day,100,2016/04/23,10:30:00,No,2.0,2.0,-37.19860821,146.3459368,MANSFIELD
T20160009260,Dry,Clear,Collision with a fixed object,Thursday,Dark No street lights,100,2016/04/28,17:50:00,No,2.0,1.0,-36.16751977,147.0324107,WODONGA
T20160009263,Dry,Clear,Collision with vehicle,Thursday,Day,60,2016/04/28,12:00:00,No,5.0,1.0,-38.38081202,142.4827163,WARRNAMBOOL
T20160009268,Wet,Raining,Collision with vehicle,Thursday,Dark No street lights,100,2016/04/28,18:50:00,Yes,5.0,5.0,-38.43375266,142.6608527,MOYNE
T20160009292,Wet,Clear,Collision with vehicle,Friday,Dusk/Dawn,110,2016/04/29,06:55:00,No,3.0,2.0,-37.59857882,144.2639105,MOORABOOL
T20160009296,Dry,Clear,collision with some other object,Thursday,Dark No street lights,100,2016/04/28,19:00:00,Yes,1.0,1.0,-36.05383184,145.2173589,MOIRA
T20160009301,Wet,Raining,Collision with vehicle,Friday,Day,60,2016/04/29,12:55:00,No,2.0,1.0,-38.14117289,144.3115161,GREATER GEELONG
T20160009302,Wet,Raining,Collision with vehicle,Friday,Day,70,2016/04/29,10:20:00,No,2.0,1.0,-38.15172483,144.351973,GREATER GEELONG
T20160009304,Dry,Clear,Collision with a fixed object,Thursday,Dark Street lights on,60,2016/04/28,22:40:00,Yes,1.0,1.0,-36.9263524,144.7104123,GREATER BENDIGO
T20160009305,Dry,Raining,Collision with vehicle,Friday,Day,100,2016/04/29,11:20:00,No,4.0,2.0,-36.11714008,146.3986707,INDIGO
T20160009321,Dry,Clear,Struck animal,Monday,Dark No street lights,100,2016/03/21,21:30:00,Yes,1.0,1.0,-36.74021521,144.1805865,GREATER BENDIGO
T20160009323,Wet,Raining,Collision with vehicle,Friday,Day,60,2016/04/29,15:39:00,No,5.0,1.0,-38.18388888,146.238472,LATROBE
T20160009328,Dry,Clear,Collision with vehicle,Saturday,Day,50,2016/04/23,14:20:00,Yes,3.0,1.0,-38.60699847,145.5938888,BASS COAST
T20160009332,Wet,Raining,Collision with a fixed object,Friday,Day,100,2016/04/29,14:05:00,No,2.0,2.0,-37.60318203,141.7258587,SOUTHERN GRAMPIANS
T20160009333,Wet,Raining,Struck animal,Saturday,Dark No street lights,100,2015/04/18,21:00:00,Yes,1.0,1.0,-37.89650037,143.7188634,GOLDEN PLAINS
T20160009339,Wet,Raining,Collision with vehicle,Friday,Day,100,2016/04/29,17:05:00,Yes,3.0,3.0,-38.44467295,146.0038811,SOUTH GIPPSLAND
T20160009342,Wet,Raining,Collision with vehicle,Friday,Dusk/Dawn,50,2016/04/29,16:38:00,No,3.0,1.0,-37.29658544,144.9574447,MITCHELL
T20160009343,Dry,Clear,No collision and no object struck,Friday,Day,100,2016/04/29,15:30:00,No,1.0,1.0,-36.60526361,142.811044,YARRIAMBIACK
T20160009344,Wet,Clear,Collision with a fixed object,Friday,Dark Street lights on,60,2016/04/29,18:25:00,Yes,1.0,1.0,-38.38854313,142.4892504,WARRNAMBOOL
T20160009355,Dry,Clear,Collision with vehicle,Friday,Dark Street lights on,60,2016/04/29,19:20:00,Yes,2.0,1.0,-38.13777104,144.3369362,GREATER GEELONG
T20160009369,Wet,Clear,Collision with vehicle,Friday,Dark Street lights on,50,2016/04/29,21:10:00,Yes,3.0,1.0,-36.74736733,144.2609793,GREATER BENDIGO
T20160009375,Wet,Raining,Collision with vehicle,Friday,Day,100,2016/04/29,16:30:00,Yes,2.0,2.0,-37.28902652,144.8893799,MITCHELL
T20160009389,Dry,Clear,No collision and no object struck,Friday,Day,100,2016/03/11,16:30:00,Yes,1.0,1.0,-36.92793414,143.5753793,CENTRAL GOLDFIELDS
T20160009404,Dry,Clear,No collision and no object struck,Saturday,Day,100,2016/04/30,11:00:00,No,2.0,2.0,-38.05544363,141.2721442,GLENELG
T20160009417,Wet,Clear,Collision with vehicle,Saturday,Day,50,2016/04/30,15:20:00,Yes,2.0,2.0,-36.79119001,144.2494401,GREATER BENDIGO
T20160009430,Dry,Clear,Collision with a fixed object,Saturday,Dark No street lights,100,2016/04/30,19:23:00,Yes,1.0,1.0,-38.30071085,143.7821303,COLAC OTWAY
T20160009450,Dry,Clear,Struck Pedestrian,Saturday,Dark Street lights on,100,2016/04/30,20:55:00,Yes,3.0,1.0,-38.40258533,145.5355483,BASS COAST