Accident_No,Surface_Cond_Desc,Atmosph_Cond_Desc,Accident_Type_Desc,Day,Light_Condition_Desc,Speed_Zone,Accident_Date,Accident_Time,Alcohol_Influence,Total_Persons_Inv,Inj_Or_Fatal,Lat,Long,LGA
T20160009452,Dry,Not known,Collision with vehicle,Saturday,Dark No street lights,100,2016/04/30,23:50:00,Yes,3.0,3.0,-38.11164018,145.9256583,BAW BAW
T20160009465,Wet,Raining,Collision with vehicle,Friday,Day,60,2016/04/29,12:25:00,No,3.0,3.0,-37.53230769,143.8242704,BALLARAT
T20160009467,Wet,Raining,Collision with vehicle,Sunday,Day,60,2016/05/01,07:45:00,Yes,3.0,2.0,-37.84562514,144.0768915,GOLDEN PLAINS
T20160009476,Dry,Clear,Struck Pedestrian,Sunday,Day,80,2016/05/01,12:03:00,No,5.0,1.0,-38.22160305,146.4703033,LATROBE
T20160009477,Dry,Clear,Collision with vehicle,Sunday,Day,80,2016/05/01,10:35:00,No,7.0,1.0,-34.22616037,142.1426904,MILDURA
T20160009479,Dry,Not known,Struck animal,Sunday,Dark No street lights,100,2016/03/27,22:00:00,Yes,5.0,1.0,-34.81061056,142.8146283,SWAN HILL
T20160009483,Wet,Clear,Vehicle overturned (no collision),Sunday,Day,100,2016/05/01,10:45:00,No,1.0,1.0,-37.20667962,144.4102809,MACEDON RANGES
T20160009490,Wet,Clear,Collision with a fixed object,Sunday,Day,100,2016/05/01,13:40:00,No,2.0,1.0,-37.32226457,143.4220699,PYRENEES
T20160009499,Dry,Clear,Collision with vehicle,Sunday,Dark No street lights,100,2016/05/01,17:45:00,Yes,6.0,1.0,-37.4315903,145.0587385,MITCHELL
T20160009501,Wet,Clear,Collision with vehicle,Sunday,Day,60,2016/05/01,10:10:00,No,2.0,1.0,-37.34051309,144.1307081,HEPBURN
T20160009503,Dry,Clear,Struck animal,Sunday,Dark No street lights,100,2016/05/01,18:00:00,Yes,1.0,1.0,-36.44926946,142.53888,YARRIAMBIACK
T20160009513,Dry,Clear,Collision with vehicle,Sunday,Dark Street lights on,60,2016/05/01,22:56:00,Yes,1.0,1.0,-36.76598037,144.2885595,GREATER BENDIGO
T20160009517,Wet,Clear,Struck Pedestrian,Monday,Dark Street lights on,50,2016/05/02,00:23:00,Yes,1.0,1.0,-37.55627991,143.8601293,BALLARAT
T20160009526,Dry,Clear,Struck animal,Sunday,Day,100,2016/05/01,13:00:00,No,1.0,1.0,-37.38260532,143.3704474,PYRENEES
T20160009530,Dry,Clear,Collision with vehicle,Monday,Day,100,2016/05/02,08:07:00,No,4.0,4.0,-37.52627382,144.0035297,MOORABOOL
T20160009532,Unknown,Not known,Struck animal,Thursday,Day,100,2016/04/28,15:30:00,No,2.0,1.0,-38.30743887,146.55499,LATROBE
T20160009535,Dry,Clear,Collision with a fixed object,Monday,Dark Street lights on,60,2016/05/02,01:20:00,Yes,1.0,1.0,-34.17096999,142.0585663,MILDURA
T20160009545,Dry,Clear,Collision with a fixed object,Monday,Day,100,2016/05/02,10:25:00,No,1.0,1.0,-38.53017298,145.8799128,SOUTH GIPPSLAND
T20160009552,Wet,Raining,Collision with vehicle,Sunday,Dark Street lights on,60,2016/05/01,05:20:00,Yes,1.0,1.0,-38.1708981,144.2750901,GREATER GEELONG
T20160009559,Unknown,Not known,Vehicle overturned (no collision),Saturday,Day,999,2016/04/23,13:00:00,No,1.0,1.0,-37.56641265,146.2242222,MANSFIELD
T20160009566,Muddy,Raining,Vehicle overturned (no collision),Sunday,Day,999,2016/05/01,10:30:00,No,1.0,1.0,-37.31758172,143.3492062,PYRENEES
T20160009573,Dry,Clear,Collision with a fixed object,Monday,Day,60,2016/05/02,16:15:00,No,1.0,1.0,-38.13300188,145.8633745,BAW BAW
T20160009582,Dry,Clear,collision with some other object,Monday,Dark No street lights,100,2016/05/02,17:35:00,No,3.0,1.0,-36.52289158,146.6817573,ALPINE
T20160009584,Dry,Clear,Collision with vehicle,Monday,Day,100,2016/05/02,15:36:00,No,3.0,1.0,-36.42552142,145.3388365,GREATER SHEPPARTON
T20160009587,Dry,Clear,Collision with vehicle,Monday,Day,60,2016/05/02,17:00:00,Yes,2.0,1.0,-36.35423341,145.4022719,GREATER SHEPPARTON
T20160009588,Dry,Clear,Collision with a fixed object,Monday,Dark No street lights,60,2016/05/02,22:10:00,Yes,4.0,1.0,-36.80055012,144.3034207,GREATER BENDIGO
T20160009601,Dry,Clear,Collision with a fixed object,Thursday,Dusk/Dawn,100,2016/04/28,06:15:00,No,1.0,1.0,-38.37084041,146.7566808,WELLINGTON
T20160009603,Dry,Clear,Collision with a fixed object,Monday,Day,100,2016/05/02,14:45:00,No,1.0,1.0,-37.97343639,143.919144,GOLDEN PLAINS
T20160009605,Dry,Clear,Collision with a fixed object,Tuesday,Day,60,2016/05/03,07:50:00,No,1.0,1.0,-37.27505858,142.923444,ARARAT
T20160009607,Dry,Not known,Collision with a fixed object,Tuesday,Dark Street lights unknown,80,2016/05/03,00:30:00,Yes,1.0,1.0,-36.29163,146.87623,INDIGO
T20160009608,Dry,Clear,Collision with a fixed object,Tuesday,Day,100,2016/05/03,05:00:00,Yes,1.0,1.0,-38.02613744,143.6543319,GOLDEN PLAINS
T20160009613,Wet,Raining,Collision with vehicle,Tuesday,Day,60,2016/05/03,10:20:00,No,2.0,2.0,-38.37365035,142.477565,WARRNAMBOOL
T20160009614,Wet,Raining,Struck Pedestrian,Tuesday,Day,40,2016/05/03,08:47:00,No,2.0,1.0,-38.38184117,142.4796791,WARRNAMBOOL
T20160009617,Dry,Clear,Vehicle overturned (no collision),Monday,Dark No street lights,100,2016/05/02,19:15:00,Yes,2.0,2.0,-38.18223081,142.9504722,CORANGAMITE
T20160009620,Dry,Clear,Vehicle overturned (no collision),Tuesday,Day,100,2016/05/03,08:30:00,No,1.0,1.0,-36.15827068,147.5831948,TOWONG
T20160009629,Dry,Clear,Collision with vehicle,Monday,Dark No street lights,110,2016/05/02,22:10:00,Yes,3.0,3.0,-36.63219098,145.2944718,GREATER SHEPPARTON
T20160009637,Dry,Clear,collision with some other object,Tuesday,Day,50,2016/05/03,12:10:00,No,1.0,1.0,-37.81256279,147.8811812,EAST GIPPSLAND
T20160009644,Wet,Raining,Collision with vehicle,Tuesday,Day,80,2016/05/03,13:28:00,No,3.0,3.0,-38.29601745,142.4037012,MOYNE
T20160009646,Wet,Raining,Vehicle overturned (no collision),Tuesday,Day,100,2016/05/03,14:34:00,No,1.0,1.0,-37.26933,144.4775101,MACEDON RANGES
T20160009658,Dry,Clear,Collision with vehicle,Tuesday,Day,60,2016/05/03,15:00:00,No,3.0,2.0,-37.90732294,147.7194648,EAST GIPPSLAND
T20160009674,Wet,Raining,Collision with vehicle,Tuesday,Day,100,2016/05/03,16:44:00,No,2.0,2.0,-36.41519142,145.53533,GREATER SHEPPARTON
T20160009675,Wet,Raining,Collision with vehicle,Tuesday,Day,60,2016/05/03,16:10:00,No,2.0,1.0,-38.19445792,144.3164232,GREATER GEELONG
T20160009684,Dry,Clear,Collision with vehicle,Tuesday,Dark Street lights on,50,2016/05/03,04:55:00,Yes,2.0,1.0,-37.67823032,144.434863,MOORABOOL
T20160009685,Dry,Not known,Vehicle overturned (no collision),Sunday,Day,80,2016/04/24,13:00:00,No,1.0,1.0,-37.33319689,145.9440785,MURRINDINDI
T20160009691,Dry,Not known,No collision and no object struck,Monday,Day,999,2016/04/25,14:30:00,No,1.0,1.0,-38.60432375,146.5546651,WELLINGTON
T20160009694,Dry,Clear,Struck animal,Tuesday,Dark No street lights,80,2016/04/26,06:10:00,No,1.0,1.0,-37.52300252,143.923788,BALLARAT
T20160009698,Dry,Clear,Collision with vehicle,Wednesday,Day,60,2016/05/04,08:38:00,No,2.0,1.0,-37.56107268,143.8489302,BALLARAT
T20160009705,Dry,Clear,Collision with a fixed object,Wednesday,Day,100,2016/05/04,08:50:00,No,1.0,1.0,-36.44777672,146.2382811,WANGARATTA
T20160009706,Dry,Clear,Struck animal,Monday,Dark No street lights,100,2016/05/02,18:40:00,Yes,1.0,1.0,-36.02189745,145.04943,MOIRA
T20160009707,Wet,Raining,Vehicle overturned (no collision),Friday,Dark Street lights unknown,40,2016/04/29,18:15:00,Yes,1.0,1.0,-36.36073428,145.4158085,GREATER SHEPPARTON
T20160009718,Dry,Fog,Struck Pedestrian,Wednesday,Dusk/Dawn,50,2016/05/04,06:50:00,No,2.0,1.0,-36.72067239,142.1872425,HORSHAM
T20160009720,Dry,Clear,Collision with vehicle,Wednesday,Day,60,2016/05/04,11:45:00,No,2.0,1.0,-37.54186779,143.8626204,BALLARAT
T20160009721,Muddy,Not known,Vehicle overturned (no collision),Sunday,Day,999,2016/04/24,15:30:00,No,1.0,1.0,-38.70294692,143.4774206,COLAC OTWAY
T20160009726,Dry,Clear,Collision with vehicle,Tuesday,Day,50,2016/04/19,14:25:00,No,2.0,1.0,-36.37833995,145.3998797,GREATER SHEPPARTON
T20160009727,Dry,Clear,Struck Pedestrian,Wednesday,Day,50,2016/05/04,13:50:00,No,4.0,1.0,-38.13807558,144.3487997,GREATER GEELONG
T20160009733,Dry,Not known,Collision with vehicle,Monday,Day,60,2016/04/11,16:16:00,No,2.0,1.0,-36.3704201,145.4015307,GREATER SHEPPARTON
T20160009734,Dry,Clear,Struck Pedestrian,Wednesday,Day,50,2016/05/04,11:08:00,No,2.0,1.0,-36.80103125,144.238552,GREATER BENDIGO
T20160009747,Muddy,Not known,collision with some other object,Sunday,Day,999,2016/03/13,11:00:00,No,1.0,1.0,-37.27267118,146.2842497,MANSFIELD
T20160009751,Dry,Clear,Struck animal,Wednesday,Dark No street lights,999,2016/05/04,18:30:00,Yes,1.0,1.0,-37.41392075,144.5690207,MACEDON RANGES
T20160009775,Dry,Clear,Collision with vehicle,Friday,Dark Street lights on,40,2016/04/29,19:05:00,Yes,2.0,2.0,-37.5621704,143.8547128,BALLARAT
T20160009780,Wet,Clear,Vehicle overturned (no collision),Sunday,Day,999,2016/04/24,14:00:00,No,1.0,1.0,-37.99744939,146.0375084,BAW BAW
T20160009787,Dry,Clear,Collision with a fixed object,Thursday,Dark No street lights,60,2016/05/05,06:10:00,No,2.0,1.0,-38.27207043,144.6246145,QUEENSCLIFFE
T20160009790,Dry,Not known,Collision with a fixed object,Wednesday,Dusk/Dawn,100,2016/05/04,06:15:00,No,1.0,1.0,-37.64146294,143.7906689,GOLDEN PLAINS
T20160009792,Dry,Clear,Collision with a fixed object,Thursday,Day,80,2016/05/05,08:30:00,No,1.0,1.0,-36.58326033,146.7553898,ALPINE
T20160009794,Wet,Raining,Vehicle overturned (no collision),Saturday,Day,100,2016/03/05,08:30:00,No,1.0,1.0,-38.23488198,145.9227673,BAW BAW
T20160009796,Wet,Clear,Collision with a fixed object,Thursday,Day,60,2016/05/05,09:00:00,No,1.0,1.0,-36.96124845,145.5736496,MURRINDINDI
T20160009801,Unknown,Not known,No collision and no object struck,Monday,Day,999,2016/04/25,11:30:00,No,1.0,1.0,-37.26160994,144.1367672,HEPBURN
T20160009815,Dry,Clear,Collision with vehicle,Tuesday,Day,50,2016/03/29,15:20:00,No,2.0,1.0,-37.54994599,143.8493307,BALLARAT
T20160009827,Dry,Clear,Collision with a fixed object,Monday,Day,100,2016/04/11,17:15:00,No,1.0,1.0,-36.34753626,145.3753746,GREATER SHEPPARTON
T20160009834,Dry,Clear,Struck animal,Thursday,Day,100,2016/05/05,17:45:00,No,1.0,1.0,-37.90094457,147.6221904,EAST GIPPSLAND
T20160009838,Dry,Clear,No collision and no object struck,Sunday,Day,60,2016/04/17,14:00:00,No,1.0,1.0,-38.35591359,146.8578073,WELLINGTON
T20160009846,Dry,Clear,Collision with vehicle,Thursday,Dark No street lights,80,2016/05/05,19:28:00,Yes,2.0,1.0,-38.31000379,144.276617,SURF COAST
T20160009848,Dry,Clear,Collision with vehicle,Thursday,Dusk/Dawn,60,2016/05/05,18:00:00,Yes,2.0,1.0,-38.17453326,144.3352789,GREATER GEELONG
T20160009851,Dry,Clear,Collision with vehicle,Thursday,Day,60,2016/05/05,15:00:00,No,2.0,1.0,-38.22831295,146.4304265,LATROBE
T20160009878,Dry,Clear,Collision with vehicle,Thursday,Day,80,2016/05/05,08:30:00,No,2.0,1.0,-36.46797999,145.3888528,GREATER SHEPPARTON
T20160009882,Dry,Clear,Collision with vehicle,Friday,Day,60,2016/05/06,08:20:00,No,3.0,1.0,-36.7486041,144.2852048,GREATER BENDIGO
T20160009884,Dry,Clear,Collision with vehicle,Friday,Day,80,2016/05/06,09:55:00,No,3.0,3.0,-36.74545045,142.2209896,HORSHAM
T20160009908,Dry,Clear,Struck Pedestrian,Thursday,Dusk/Dawn,999,2016/05/05,19:00:00,Yes,2.0,1.0,-38.11096366,144.3446793,GREATER GEELONG
T20160009911,Dry,Clear,Collision with vehicle,Thursday,Dark Street lights on,60,2016/05/05,19:45:00,Yes,1.0,1.0,-36.71003961,144.2789684,GREATER BENDIGO
T20160009920,Dry,Clear,Vehicle overturned (no collision),Thursday,Day,999,2015/10/01,15:00:00,No,1.0,1.0,-35.80875318,145.5360431,MOIRA
T20160009924,Dry,Clear,Collision with a fixed object,Friday,Day,100,2016/05/06,14:30:00,No,1.0,1.0,-36.11887088,147.3157105,TOWONG
T20160009926,Dry,Clear,Struck animal,Saturday,Day,100,2016/04/23,16:10:00,Yes,1.0,1.0,-37.30782041,144.2316707,HEPBURN
T20160009934,Dry,Clear,Collision with vehicle,Friday,Dark No street lights,80,2016/05/06,18:00:00,Yes,3.0,1.0,-38.03633995,144.3556605,GREATER GEELONG
T20160009937,Dry,Clear,No collision and no object struck,Friday,Day,60,2016/05/06,15:00:00,No,1.0,1.0,-37.13239755,146.4545543,MOUNT BULLER ALPINE RESORT (UNINC)
T20160009948,Dry,Clear,Collision with a fixed object,Friday,Dark No street lights,80,2016/05/06,20:45:00,Yes,1.0,1.0,-36.68601017,144.3247613,GREATER BENDIGO
T20160009949,Dry,Clear,Collision with a fixed object,Friday,Dark No street lights,100,2016/05/06,20:40:00,Yes,2.0,2.0,-36.43145664,143.6345336,LODDON
T20160009966,Wet,Fog,Collision with a fixed object,Saturday,Dark No street lights,100,2016/05/07,06:00:00,Yes,1.0,1.0,-37.75319355,144.4431354,MOORABOOL
T20160009968,Dry,Clear,No collision and no object struck,Friday,Day,80,2016/05/06,13:15:00,No,1.0,1.0,-38.13921961,144.288458,GREATER GEELONG
T20160009970,Dry,Clear,Collision with vehicle,Saturday,Day,80,2016/05/07,09:39:00,No,2.0,1.0,-38.2195883,144.3377407,GREATER GEELONG
T20160009978,Dry,Clear,Collision with vehicle,Saturday,Day,50,2016/05/07,10:20:00,No,3.0,1.0,-38.57839933,146.0127595,SOUTH GIPPSLAND
T20160009987,Dry,Clear,Collision with vehicle,Saturday,Day,80,2016/05/07,10:30:00,No,2.0,1.0,-36.42826208,146.4309318,WANGARATTA
T20160010000,Dry,Clear,Collision with a fixed object,Saturday,Dark No street lights,100,2016/05/07,00:00:00,Yes,1.0,1.0,-37.31892054,143.7413847,HEPBURN
T20160010004,Dry,Clear,Vehicle overturned (no collision),Saturday,Day,100,2016/05/07,15:50:00,Yes,1.0,1.0,-37.94170028,145.9561825,BAW BAW
T20160010005,Dry,Clear,No collision and no object struck,Saturday,Day,100,2016/05/07,12:30:00,No,1.0,1.0,-37.1002486,142.3940551,NORTHERN GRAMPIANS
T20160010006,Dry,Clear,Collision with a fixed object,Saturday,Day,100,2016/05/07,13:15:00,No,1.0,1.0,-38.60647021,143.5643515,COLAC OTWAY
T20160010013,Dry,Clear,No collision and no object struck,Saturday,Dusk/Dawn,40,2016/05/07,17:30:00,Yes,1.0,1.0,-37.30048871,144.9528501,MITCHELL
T20160010016,Dry,Clear,Collision with vehicle,Saturday,Dusk/Dawn,60,2016/05/07,18:00:00,Yes,5.0,1.0,-38.09828754,144.3234252,GREATER GEELONG
T20160010041,Dry,Clear,Struck animal,Thursday,Dark No street lights,80,2016/05/05,06:30:00,No,2.0,1.0,-38.57813496,145.6543309,BASS COAST
T20160010045,Dry,Clear,Collision with a fixed object,Saturday,Day,100,2016/05/07,09:30:00,No,1.0,1.0,-36.00073981,146.54126,INDIGO
T20160010063,Wet,Raining,Collision with a fixed object,Sunday,Day,50,2016/05/08,07:55:00,Yes,1.0,1.0,-38.36871482,142.4772394,WARRNAMBOOL
T20160010090,Dry,Clear,Struck animal,Saturday,Dark No street lights,100,2016/05/07,21:00:00,Yes,1.0,1.0,-38.35963046,145.8736102,SOUTH GIPPSLAND
T20160010101,Dry,Clear,Collision with a fixed object,Sunday,Day,60,2016/05/08,11:57:00,No,1.0,1.0,-37.58942417,141.3955925,GLENELG
T20160010109,Wet,Raining,Vehicle overturned (no collision),Sunday,Dark No street lights,100,2016/05/08,19:15:00,No,1.0,1.0,-38.33561715,144.2601451,SURF COAST
T20160010128,Wet,Raining,Struck animal,Monday,Dark No street lights,100,2016/05/09,03:15:00,Yes,2.0,1.0,-37.42361571,144.7343657,MACEDON RANGES
T20160010139,Wet,Clear,Collision with a fixed object,Monday,Day,50,2016/05/09,08:30:00,No,1.0,1.0,-38.48512015,145.4670591,BASS COAST
T20160010146,Dry,Clear,Collision with a fixed object,Monday,Day,50,2016/05/09,09:00:00,No,1.0,1.0,-38.26544865,144.5194836,GREATER GEELONG
T20160010149,Wet,Not known,Collision with a fixed object,Monday,Day,100,2016/05/09,08:10:00,No,1.0,1.0,-37.24131332,145.0484834,MITCHELL
T20160010153,Unknown,Clear,collision with some other object,Tuesday,Day,999,2015/12/01,11:00:00,No,1.0,1.0,-37.36408009,145.0452398,MITCHELL
T20160010155,Dry,Clear,Collision with vehicle,Monday,Day,100,2016/05/09,11:05:00,No,3.0,1.0,-34.26200468,142.1410307,MILDURA
T20160010157,Wet,Raining,Collision with vehicle,Sunday,Dark Street lights on,60,2016/05/08,17:50:00,Yes,2.0,1.0,-38.12866659,144.3268865,GREATER GEELONG
T20160010158,Muddy,Not known,Vehicle overturned (no collision),Sunday,Day,999,2016/05/08,11:30:00,No,1.0,1.0,-37.77056001,147.1122292,WELLINGTON
T20160010161,Wet,Not known,Collision with a fixed object,Monday,Dark No street lights,100,2016/05/09,04:15:00,Yes,2.0,2.0,-37.14055735,145.2650406,MURRINDINDI
T20160010171,Dry,Clear,Collision with vehicle,Monday,Day,50,2016/05/09,14:30:00,No,2.0,1.0,-36.3396605,146.3081834,WANGARATTA
T20160010172,Wet,Raining,Collision with a fixed object,Monday,Day,110,2016/05/09,13:00:00,No,2.0,1.0,-38.22065757,146.3320512,LATROBE
T20160010175,Wet,Clear,Collision with vehicle,Monday,Day,70,2016/05/09,13:50:00,No,4.0,1.0,-36.73412876,144.3028175,GREATER BENDIGO
T20160010183,Wet,Raining,Collision with a fixed object,Monday,Day,50,2016/05/09,13:59:00,No,1.0,1.0,-38.54106356,143.9736604,SURF COAST
T20160010191,Wet,Raining,Collision with vehicle,Monday,Dark Street lights on,60,2016/05/09,20:00:00,Yes,3.0,1.0,-37.54016433,143.8313118,BALLARAT
T20160010192,Wet,Raining,collision with some other object,Monday,Dusk/Dawn,100,2016/05/09,06:20:00,Yes,3.0,1.0,-36.08799553,146.5023358,INDIGO
T20160010199,Wet,Raining,collision with some other object,Monday,Dark No street lights,100,2016/05/09,19:40:00,Yes,2.0,2.0,-36.8377654,143.9362708,LODDON
T20160010208,Dry,Clear,Struck animal,Sunday,Day,999,2016/04/24,16:30:00,Yes,1.0,1.0,-38.63102992,146.5648194,WELLINGTON
T20160010217,Unknown,Not known,Collision with vehicle,Tuesday,Day,70,2015/03/17,13:00:00,No,3.0,2.0,-36.40890559,145.3860824,GREATER SHEPPARTON
T20160010220,Dry,Clear,Collision with a fixed object,Tuesday,Day,60,2016/05/10,10:06:00,No,1.0,1.0,-38.37351428,142.4767062,WARRNAMBOOL
T20160010222,Wet,Raining,collision with some other object,Tuesday,Dark No street lights,100,2016/05/10,06:10:00,No,1.0,1.0,-38.1752317,145.739429,BAW BAW
T20160010234,Unknown,Not known,Collision with a fixed object,Saturday,Day,999,2016/04/30,12:00:00,No,1.0,1.0,-36.32583936,146.56722,INDIGO
T20160010236,Wet,Raining,Collision with vehicle,Tuesday,Day,50,2016/05/10,11:30:00,No,1.0,1.0,-38.20935709,146.0612882,BAW BAW
T20160010245,Dry,Clear,Vehicle overturned (no collision),Saturday,Day,999,2015/12/05,08:30:00,No,1.0,1.0,-38.05681882,145.9971006,BAW BAW
T20160010248,Wet,Clear,Collision with vehicle,Tuesday,Day,100,2016/05/10,11:35:00,No,3.0,1.0,-36.46331937,145.323777,GREATER SHEPPARTON
T20160010254,Wet,Raining,Collision with vehicle,Monday,Day,50,2016/05/09,10:12:00,No,2.0,1.0,-36.75978764,144.2815432,GREATER BENDIGO
T20160010265,Wet,Raining,Collision with a fixed object,Tuesday,Day,100,2016/05/10,13:30:00,No,1.0,1.0,-36.14998923,147.48437,TOWONG
T20160010268,Dry,Clear,Collision with vehicle,Tuesday,Day,50,2016/05/10,16:45:00,No,2.0,1.0,-36.12944003,144.7598279,CAMPASPE
T20160010269,Wet,Raining,No collision and no object struck,Monday,Dark No street lights,100,2016/05/09,05:45:00,Yes,1.0,1.0,-37.77769977,144.2424975,MOORABOOL
T20160010273,Wet,Raining,Collision with vehicle,Tuesday,Day,60,2016/05/10,16:30:00,No,3.0,1.0,-38.16757924,144.350644,GREATER GEELONG
T20160010288,Dry,Clear,Collision with vehicle,Tuesday,Day,80,2016/05/10,15:30:00,No,4.0,3.0,-38.19789424,146.4990489,LATROBE
T20160010290,Dry,Clear,Collision with vehicle,Tuesday,Dark No street lights,100,2016/05/10,19:32:00,Yes,3.0,1.0,-37.89128257,144.3689231,GREATER GEELONG
T20160010294,Wet,Raining,Collision with a fixed object,Wednesday,Dark No street lights,100,2016/05/11,06:00:00,Yes,1.0,1.0,-38.4590227,142.8514306,MOYNE
T20160010299,Dry,Clear,Collision with vehicle,Tuesday,Day,50,2016/05/03,15:30:00,No,2.0,1.0,-37.87309882,148.0092197,EAST GIPPSLAND
T20160010301,Wet,Raining,Collision with a fixed object,Tuesday,Day,100,2016/05/10,13:50:00,No,1.0,1.0,-38.68994677,146.13435,SOUTH GIPPSLAND
T20160010306,Wet,Strong winds,No collision and no object struck,Monday,Day,100,2016/05/09,07:45:00,No,1.0,1.0,-36.36720852,141.8218602,HINDMARSH
T20160010309,Dry,Clear,Collision with a fixed object,Wednesday,Dusk/Dawn,100,2016/05/11,06:30:00,No,1.0,1.0,-36.49866068,146.0178004,BENALLA
T20160010314,Wet,Raining,Collision with a fixed object,Wednesday,Dark No street lights,100,2016/05/11,05:20:00,Yes,1.0,1.0,-36.39489043,141.3918499,WEST WIMMERA
T20160010319,Dry,Clear,Collision with vehicle,Wednesday,Day,50,2016/05/11,11:31:00,No,2.0,1.0,-37.06449896,144.2175902,MOUNT ALEXANDER
T20160010325,Dry,Clear,Struck animal,Saturday,Dark No street lights,100,2016/05/07,05:10:00,Yes,1.0,1.0,-37.21264052,145.0938093,MITCHELL
T20160010331,Dry,Clear,Struck animal,Saturday,Day,999,2016/02/27,09:35:00,No,1.0,1.0,-37.4788344,145.325696,MURRINDINDI
T20160010332,Dry,Clear,Collision with vehicle,Wednesday,Day,60,2016/05/11,15:30:00,No,2.0,1.0,-37.55946732,143.8552092,BALLARAT
T20160010334,Dry,Clear,Collision with vehicle,Wednesday,Day,50,2016/05/11,14:30:00,No,2.0,1.0,-38.14687934,144.3552607,GREATER GEELONG
T20160010337,Wet,Raining,Collision with a fixed object,Sunday,Day,100,2016/05/08,12:45:00,No,1.0,1.0,-38.68428966,146.2181869,SOUTH GIPPSLAND
T20160010342,Dry,Clear,Collision with a fixed object,Wednesday,Day,70,2016/05/11,10:24:00,No,3.0,3.0,-38.10498003,144.3445102,GREATER GEELONG
T20160010347,Dry,Clear,Collision with vehicle,Wednesday,Day,60,2016/05/11,16:21:00,No,2.0,1.0,-37.57986149,144.1009692,MOORABOOL
T20160010350,Dry,Clear,Collision with vehicle,Wednesday,Dark Street lights on,50,2016/05/11,17:45:00,No,2.0,1.0,-36.37697243,145.4001642,GREATER SHEPPARTON
T20160010355,Dry,Clear,No collision and no object struck,Saturday,Day,80,2016/04/16,11:00:00,No,1.0,1.0,-37.63698044,146.6311796,WELLINGTON
T20160010358,Dry,Clear,Collision with vehicle,Wednesday,Day,50,2016/05/11,15:58:00,No,2.0,1.0,-37.95708503,146.988331,WELLINGTON
T20160010359,Dry,Clear,Vehicle overturned (no collision),Wednesday,Day,60,2016/05/11,16:50:00,No,1.0,1.0,-36.34755842,145.4157883,GREATER SHEPPARTON
T20160010362,Dry,Not known,Collision with vehicle,Tuesday,Day,40,2016/05/10,09:40:00,No,2.0,1.0,-36.38368696,145.4103761,GREATER SHEPPARTON
T20160010368,Wet,Raining,Collision with vehicle,Wednesday,Dark Street lights on,60,2016/05/11,22:25:00,Yes,2.0,1.0,-38.07615119,144.3585388,GREATER GEELONG
T20160010380,Wet,Fog,Collision with a fixed object,Wednesday,Day,100,2016/05/11,07:55:00,No,1.0,1.0,-38.37843053,145.8333322,SOUTH GIPPSLAND
T20160010405,Wet,Raining,No collision and no object struck,Wednesday,Day,50,2016/05/11,15:00:00,No,1.0,1.0,-38.46672101,144.0676434,SURF COAST
T20160010422,Dry,Clear,Struck Pedestrian,Thursday,Day,50,2016/05/12,11:30:00,No,2.0,1.0,-34.18938799,142.1571906,MILDURA
T20160010424,Dry,Clear,Collision with vehicle,Monday,Day,50,2016/04/25,13:30:00,No,2.0,1.0,-36.39259111,145.3605601,GREATER SHEPPARTON
T20160010425,Unknown,Not known,Struck animal,Thursday,Dark No street lights,100,2016/03/31,20:45:00,Yes,1.0,1.0,-37.43450523,145.0596345,MITCHELL
T20160010441,Dry,Clear,Collision with vehicle,Thursday,Day,110,2016/05/12,16:40:00,No,4.0,3.0,-36.66937784,145.6809643,STRATHBOGIE
T20160010447,Dry,Clear,Collision with a fixed object,Thursday,Dark No street lights,80,2016/05/12,05:40:00,Yes,1.0,1.0,-38.48208264,145.24576,BASS COAST
T20160010449,Dry,Clear,Collision with vehicle,Monday,Day,80,2016/05/09,16:00:00,Yes,2.0,1.0,-36.75405955,144.2201822,GREATER BENDIGO
T20160010470,Dry,Clear,Collision with vehicle,Wednesday,Day,60,2016/05/04,15:30:00,No,2.0,1.0,-34.20080918,142.153699,MILDURA
T20160010479,Dry,Clear,Collision with vehicle,Thursday,Dusk/Dawn,60,2016/05/12,17:32:00,No,2.0,1.0,-38.18868536,146.2381926,LATROBE
T20160010481,Dry,Clear,Collision with vehicle,Monday,Day,60,2016/02/22,14:14:00,No,2.0,1.0,-34.18824667,142.148753,MILDURA
T20160010482,Dry,Clear,Vehicle overturned (no collision),Friday,Day,100,2016/05/13,07:30:00,No,2.0,2.0,-38.19936,144.49164,GREATER GEELONG
T20160010488,Dry,Clear,Collision with vehicle,Friday,Day,60,2016/05/13,09:30:00,No,2.0,1.0,-36.13481851,144.7497809,CAMPASPE
T20160010490,Wet,Clear,Collision with a fixed object,Friday,Day,100,2016/05/13,08:45:00,No,1.0,1.0,-36.32719945,146.8669591,INDIGO
T20160010496,Dry,Clear,Struck Pedestrian,Friday,Day,50,2016/05/13,10:10:00,No,2.0,1.0,-37.91604045,147.7159707,EAST GIPPSLAND
T20160010521,Dry,Clear,Collision with a fixed object,Friday,Day,50,2016/05/13,12:45:00,No,1.0,1.0,-36.0539,145.2036095,MOIRA