Accident_No,Surface_Cond_Desc,Atmosph_Cond_Desc,Accident_Type_Desc,Day,Light_Condition_Desc,Speed_Zone,Accident_Date,Accident_Time,Alcohol_Influence,Total_Persons_Inv,Inj_Or_Fatal,Lat,Long,LGA
T20160010535,Dry,Clear,collision with some other object,Sunday,Day,999,2016/04/24,12:30:00,No,1.0,1.0,-38.5420872,146.4817919,WELLINGTON
T20160010542,Dry,Clear,Struck Pedestrian,Friday,Dark No street lights,100,2016/05/13,17:55:00,Yes,2.0,1.0,-36.83257997,144.2398399,GREATER BENDIGO
T20160010553,Dry,Clear,Collision with a fixed object,Friday,Dark No street lights,100,2016/05/13,19:30:00,Yes,3.0,2.0,-37.79736992,143.7695275,GOLDEN PLAINS
T20160010559,Dry,Clear,Collision with vehicle,Wednesday,Day,60,2016/05/04,11:00:00,No,2.0,1.0,-38.38498306,142.4949047,WARRNAMBOOL
T20160010565,Dry,Not known,Collision with a fixed object,Saturday,Dark No street lights,100,2016/05/14,01:26:00,Yes,2.0,2.0,-36.65869074,142.2529787,HORSHAM
T20160010566,Dry,Clear,Collision with a fixed object,Saturday,Dark No street lights,80,2016/05/14,05:30:00,Yes,1.0,1.0,-38.0210886,144.4418286,GREATER GEELONG
T20160010571,Dry,Clear,Collision with vehicle,Sunday,Day,50,2016/04/17,16:35:00,Yes,3.0,2.0,-37.24556028,144.451347,MACEDON RANGES
T20160010578,Dry,Clear,No collision and no object struck,Saturday,Day,80,2016/05/14,13:10:00,No,1.0,1.0,-38.30396887,145.8986838,BAW BAW
T20160010579,Dry,Clear,Collision with vehicle,Saturday,Day,50,2016/05/14,13:15:00,No,2.0,2.0,-37.87366743,148.0024306,EAST GIPPSLAND
T20160010580,Dry,Clear,Collision with vehicle,Friday,Day,60,2016/05/13,15:15:00,No,4.0,1.0,-38.08307065,144.3492299,GREATER GEELONG
T20160010584,Dry,Clear,Vehicle overturned (no collision),Saturday,Day,60,2016/05/07,14:00:00,Yes,1.0,1.0,-37.37772068,144.5977077,MACEDON RANGES
T20160010586,Dry,Clear,No collision and no object struck,Monday,Day,999,2016/04/25,10:14:00,No,1.0,1.0,-38.62954012,143.90169,COLAC OTWAY
T20160010589,Dry,Not known,No collision and no object struck,Saturday,Day,999,2016/05/14,13:30:00,No,1.0,1.0,-37.97162688,145.7613113,BAW BAW
T20160010593,Dry,Clear,Collision with vehicle,Saturday,Day,80,2016/05/14,14:25:00,No,4.0,1.0,-36.70641742,146.9230302,ALPINE
T20160010594,Dry,Clear,Collision with vehicle,Friday,Dusk/Dawn,80,2016/04/15,18:55:00,Yes,2.0,1.0,-37.51745131,143.8447656,BALLARAT
T20160010606,Wet,Raining,Collision with a fixed object,Sunday,Dark No street lights,110,2016/05/08,19:15:00,Yes,4.0,1.0,-37.60668032,144.2885396,MOORABOOL
T20160010607,Dry,Clear,Collision with vehicle,Saturday,Day,100,2016/05/14,15:15:00,Yes,3.0,1.0,-38.03127993,146.2096602,BAW BAW
T20160010615,Dry,Clear,Collision with vehicle,Saturday,Day,60,2016/05/14,16:10:00,Yes,3.0,3.0,-38.1800041,144.3804394,GREATER GEELONG
T20160010618,Dry,Clear,Collision with vehicle,Saturday,Day,60,2016/05/14,13:50:00,No,5.0,1.0,-38.17152172,144.3221055,GREATER GEELONG
T20160010629,Dry,Clear,collision with some other object,Friday,Dark No street lights,80,2016/05/13,19:15:00,Yes,1.0,1.0,-37.38299132,143.2317694,ARARAT
T20160010638,Dry,Clear,No collision and no object struck,Saturday,Day,999,2016/05/14,12:00:00,No,1.0,1.0,-36.8631511,145.9567128,BENALLA
T20160010641,Dry,Clear,Collision with vehicle,Sunday,Day,60,2016/05/15,08:45:00,No,2.0,2.0,-37.56080772,143.8489881,BALLARAT
T20160010643,Dry,Clear,Collision with a fixed object,Sunday,Dark Street lights on,50,2016/05/15,05:20:00,Yes,1.0,1.0,-38.43709891,145.8410899,SOUTH GIPPSLAND
T20160010646,Dry,Clear,Collision with a fixed object,Sunday,Day,80,2016/05/15,07:30:00,Yes,2.0,1.0,-38.35673543,142.5380807,WARRNAMBOOL
T20160010648,Dry,Clear,Collision with vehicle,Sunday,Day,60,2016/05/15,09:55:00,Yes,2.0,1.0,-34.19393528,142.1418574,MILDURA
T20160010654,Dry,Clear,Collision with vehicle,Sunday,Day,60,2016/05/15,11:50:00,No,2.0,1.0,-37.56112572,143.8519107,BALLARAT
T20160010657,Dry,Not known,Collision with a fixed object,Sunday,Dark No street lights,100,2016/05/15,01:45:00,Yes,2.0,2.0,-38.11227988,141.4581508,GLENELG
T20160010658,Dry,Clear,Collision with vehicle,Thursday,Day,60,2016/04/07,16:10:00,No,3.0,1.0,-36.71040226,142.1962536,HORSHAM
T20160010660,Dry,Clear,Collision with a fixed object,Sunday,Day,100,2016/05/15,11:45:00,No,2.0,2.0,-37.3837703,145.4750703,MURRINDINDI
T20160010662,Dry,Clear,Collision with a fixed object,Sunday,Day,80,2016/05/15,12:05:00,No,1.0,1.0,-38.86658514,146.262227,SOUTH GIPPSLAND
T20160010667,Dry,Clear,No collision and no object struck,Sunday,Day,50,2016/05/15,14:15:00,No,1.0,1.0,-36.7601602,144.2819724,GREATER BENDIGO
T20160010668,Dry,Clear,No collision and no object struck,Sunday,Day,100,2016/05/15,13:50:00,No,1.0,1.0,-36.84143041,144.3491441,GREATER BENDIGO
T20160010671,Dry,Clear,Collision with vehicle,Sunday,Day,60,2016/05/15,13:04:00,No,1.0,1.0,-38.10792028,144.3320822,GREATER GEELONG
T20160010673,Muddy,Clear,collision with some other object,Sunday,Day,100,2016/05/15,10:10:00,No,1.0,1.0,-37.30773964,145.8759111,MURRINDINDI
T20160010674,Muddy,Clear,collision with some other object,Sunday,Day,100,2016/05/15,09:50:00,Yes,1.0,1.0,-37.31190752,145.8782039,MURRINDINDI
T20160010685,Dry,Clear,Collision with a fixed object,Sunday,Day,100,2016/05/15,16:03:00,Yes,1.0,1.0,-38.13386672,144.3077481,GREATER GEELONG
T20160010686,Muddy,Clear,Vehicle overturned (no collision),Saturday,Day,60,2016/05/14,11:00:00,No,1.0,1.0,-37.33592005,145.9328595,MURRINDINDI
T20160010689,Dry,Clear,Collision with vehicle,Saturday,Dark No street lights,80,2016/05/14,19:00:00,Yes,3.0,1.0,-38.01343114,144.4536111,GREATER GEELONG
T20160010707,Dry,Clear,Struck Pedestrian,Monday,Day,70,2016/05/16,07:50:00,No,2.0,1.0,-38.35826505,142.4433603,WARRNAMBOOL
T20160010710,Dry,Clear,Collision with vehicle,Friday,Dark Street lights on,60,2016/05/13,20:00:00,Yes,1.0,1.0,-38.24149008,142.9213107,CORANGAMITE
T20160010714,Unknown,Not known,collision with some other object,Tuesday,Dusk/Dawn,80,2016/05/03,07:05:00,No,1.0,1.0,-38.24680998,145.8267499,BAW BAW
T20160010716,Dry,Clear,Collision with vehicle,Monday,Dark Street lights on,60,2016/05/16,20:00:00,Yes,1.0,1.0,-38.23281965,143.1501104,CORANGAMITE
T20160010719,Dry,Clear,Struck Pedestrian,Monday,Day,40,2016/05/16,09:40:00,No,2.0,1.0,-36.12959998,146.8874798,WODONGA
T20160010720,Dry,Clear,Collision with vehicle,Thursday,Day,60,2016/03/10,08:50:00,No,2.0,1.0,-36.77909869,144.2488711,GREATER BENDIGO
T20160010723,Dry,Not known,Struck Pedestrian,Thursday,Day,60,2016/05/12,15:10:00,No,2.0,1.0,-37.41122448,144.979541,MITCHELL
T20160010728,Unknown,Not known,Collision with vehicle,Sunday,Day,50,2016/04/17,12:50:00,No,6.0,1.0,-36.79711359,144.243833,GREATER BENDIGO
T20160010736,Dry,Not known,Collision with vehicle,Friday,Dark Street lights on,50,2016/05/13,19:30:00,Yes,3.0,1.0,-38.13707946,144.3370757,GREATER GEELONG
T20160010737,Wet,Not known,No collision and no object struck,Sunday,Day,60,2016/05/08,10:30:00,No,1.0,1.0,-38.38223333,142.4888076,WARRNAMBOOL
T20160010741,Dry,Clear,Collision with vehicle,Monday,Day,50,2016/05/16,12:26:00,No,3.0,3.0,-36.56035872,146.7250625,ALPINE
T20160010743,Dry,Clear,Collision with vehicle,Monday,Day,60,2016/05/16,08:45:00,No,2.0,2.0,-38.18551956,144.3443462,GREATER GEELONG
T20160010754,Dry,Clear,Vehicle overturned (no collision),Monday,Dusk/Dawn,100,2016/05/16,07:00:00,No,1.0,1.0,-35.84882984,144.09594,GANNAWARRA
T20160010762,Dry,Clear,Collision with vehicle,Monday,Dark Street lights on,60,2016/05/16,19:10:00,Yes,1.0,1.0,-37.28805006,144.9494198,MITCHELL
T20160010763,Dry,Clear,Collision with a fixed object,Monday,Dark No street lights,100,2016/05/16,17:55:00,No,2.0,2.0,-38.65097989,146.0195503,SOUTH GIPPSLAND
T20160010766,Wet,Raining,Collision with a fixed object,Monday,Dark No street lights,100,2016/05/16,07:00:00,Yes,1.0,1.0,-38.22011316,145.9995333,BAW BAW
T20160010767,Dry,Clear,Collision with vehicle,Monday,Day,60,2016/05/16,17:10:00,No,2.0,1.0,-37.55695946,143.8481554,BALLARAT
T20160010770,Wet,Raining,Collision with vehicle,Thursday,Dark No street lights,110,2016/05/12,21:50:00,Yes,2.0,2.0,-35.41528001,142.7760371,BULOKE
T20160010776,Wet,Fog,Struck Pedestrian,Monday,Dark Street lights on,50,2016/05/16,03:50:00,Yes,2.0,1.0,-38.37113728,143.5912605,COLAC OTWAY
T20160010781,Wet,Raining,Collision with a fixed object,Monday,Dark No street lights,100,2016/05/16,23:00:00,Yes,1.0,1.0,-35.00079259,143.2954668,SWAN HILL
T20160010793,Dry,Clear,Collision with a fixed object,Monday,Day,100,2016/05/16,12:10:00,No,1.0,1.0,-38.08102583,145.7962165,BAW BAW
T20160010796,Dry,Clear,No collision and no object struck,Sunday,Day,100,2016/04/17,16:00:00,Yes,1.0,1.0,-37.63096008,147.2199199,WELLINGTON
T20160010801,Wet,Clear,Vehicle overturned (no collision),Sunday,Unknown,999,2016/05/15,16:30:00,Yes,1.0,1.0,-37.39259028,145.2987172,MURRINDINDI
T20160010810,Wet,Raining,Collision with a fixed object,Sunday,Dark No street lights,110,2016/05/08,20:30:00,Yes,1.0,1.0,-37.60378579,144.2833316,MOORABOOL
T20160010812,Dry,Clear,Collision with vehicle,Tuesday,Day,100,2016/05/17,08:00:00,No,2.0,1.0,-36.82696199,142.9037012,NORTHERN GRAMPIANS
T20160010819,Dry,Clear,Collision with a fixed object,Tuesday,Day,100,2016/05/17,11:40:00,No,1.0,1.0,-36.84547917,144.2805611,GREATER BENDIGO
T20160010820,Dry,Clear,Collision with vehicle,Tuesday,Day,60,2016/03/22,10:45:00,No,2.0,1.0,-37.56731284,143.8552567,BALLARAT
T20160010823,Dry,Clear,collision with some other object,Thursday,Dusk/Dawn,100,2016/05/12,17:25:00,No,1.0,1.0,-37.68032007,143.41992,CORANGAMITE
T20160010826,Unknown,Not known,Collision with vehicle,Thursday,Unknown,70,2016/04/28,08:00:00,No,2.0,1.0,-38.1011726,147.0906502,WELLINGTON
T20160010833,Dry,Clear,Vehicle overturned (no collision),Tuesday,Day,100,2016/05/17,16:14:00,No,1.0,1.0,-38.1884939,145.8423773,BAW BAW
T20160010838,Dry,Clear,Collision with vehicle,Tuesday,Day,60,2016/05/17,13:59:00,No,4.0,4.0,-38.09940344,144.0666304,GOLDEN PLAINS
T20160010839,Dry,Clear,Collision with vehicle,Tuesday,Dark Street lights on,50,2016/05/17,17:40:00,No,2.0,1.0,-37.58611034,143.8342081,BALLARAT
T20160010851,Unknown,Clear,Collision with vehicle,Monday,Day,50,2016/04/11,16:30:00,Yes,2.0,1.0,-36.77967831,144.2846277,GREATER BENDIGO
T20160010853,Dry,Clear,Collision with vehicle,Monday,Day,50,2016/05/16,12:55:00,No,2.0,1.0,-36.01946203,146.0021481,MOIRA
T20160010854,Dry,Clear,Collision with vehicle,Friday,Day,80,2016/01/15,16:46:00,Yes,3.0,2.0,-38.24881104,146.5483346,LATROBE
T20160010855,Dry,Clear,Vehicle overturned (no collision),Sunday,Day,100,2016/05/15,11:00:00,No,1.0,1.0,-37.54866977,144.2625427,MOORABOOL
T20160010856,Dry,Clear,Collision with vehicle,Tuesday,Day,60,2016/05/17,15:33:00,No,2.0,1.0,-36.36113263,146.3221098,WANGARATTA
T20160010863,Dry,Clear,Collision with vehicle,Tuesday,Day,60,2016/05/17,13:30:00,No,6.0,3.0,-38.15696815,144.3704916,GREATER GEELONG
T20160010883,Dry,Clear,Vehicle overturned (no collision),Sunday,Day,100,2016/05/15,12:30:00,No,1.0,1.0,-37.90758988,146.0225199,BAW BAW
T20160010888,Wet,Clear,Collision with vehicle,Wednesday,Day,100,2016/05/18,10:45:00,No,3.0,1.0,-38.62916035,145.6317337,BASS COAST
T20160010898,Dry,Clear,Collision with vehicle,Wednesday,Day,60,2016/05/18,12:30:00,No,2.0,2.0,-38.15944862,144.3551452,GREATER GEELONG
T20160010903,Dry,Clear,Struck animal,Monday,Day,999,2016/05/16,10:15:00,No,1.0,1.0,-38.37632373,143.9831791,SURF COAST
T20160010910,Dry,Clear,Collision with a fixed object,Monday,Dark No street lights,100,2016/04/25,21:45:00,Yes,4.0,1.0,-37.31348996,145.0637201,MITCHELL
T20160010915,Dry,Clear,Vehicle overturned (no collision),Wednesday,Day,100,2016/05/18,13:00:00,No,1.0,1.0,-38.43344524,143.1894039,CORANGAMITE
T20160010932,Unknown,Not known,Vehicle overturned (no collision),Sunday,Dark No street lights,100,2016/05/15,00:00:00,Yes,1.0,1.0,-36.4408653,144.8862451,CAMPASPE
T20160010933,Dry,Clear,Collision with vehicle,Wednesday,Day,50,2016/05/18,15:53:00,No,1.0,1.0,-37.82707054,147.6296475,EAST GIPPSLAND
T20160010939,Dry,Clear,Collision with vehicle,Wednesday,Dark Street lights on,60,2016/05/18,18:30:00,Yes,2.0,1.0,-37.57812984,143.9198695,BALLARAT
T20160010945,Dry,Clear,Collision with vehicle,Wednesday,Dark Street lights on,100,2016/05/18,18:53:00,Yes,2.0,1.0,-38.21244217,144.2186901,SURF COAST
T20160010948,Dry,Clear,Collision with a fixed object,Wednesday,Dark No street lights,80,2016/05/18,21:35:00,Yes,1.0,1.0,-37.62846006,144.3601703,MOORABOOL
T20160010956,Dry,Clear,Collision with vehicle,Friday,Day,60,2016/05/13,15:55:00,No,5.0,1.0,-38.60580421,145.5937209,BASS COAST
T20160010970,Dry,Clear,Collision with a fixed object,Monday,Day,100,2016/05/16,07:00:00,No,1.0,1.0,-35.03479941,142.7882005,SWAN HILL
T20160010971,Dry,Clear,Collision with vehicle,Thursday,Dusk/Dawn,100,2016/05/19,06:15:00,No,2.0,1.0,-34.70307972,142.8825209,SWAN HILL
T20160010978,Dry,Clear,Collision with vehicle,Thursday,Day,60,2016/05/19,09:10:00,No,2.0,2.0,-38.18080073,144.3539576,GREATER GEELONG
T20160010979,Dry,Clear,Collision with a fixed object,Thursday,Day,100,2016/05/19,07:40:00,No,2.0,1.0,-38.42862766,146.2797271,LATROBE
T20160010984,Dry,Not known,No collision and no object struck,Saturday,Day,100,2016/05/07,11:30:00,No,1.0,1.0,-37.66318824,146.3568299,BAW BAW
T20160010988,Dry,Clear,Collision with vehicle,Monday,Day,50,2016/05/16,11:30:00,No,3.0,2.0,-37.21210981,145.4229548,MURRINDINDI
T20160010997,Dry,Clear,No collision and no object struck,Wednesday,Day,999,2016/05/18,12:10:00,No,1.0,1.0,-38.72924556,146.0832109,SOUTH GIPPSLAND
T20160011001,Dry,Not known,Collision with a fixed object,Saturday,Day,100,2015/09/12,12:50:00,No,1.0,1.0,-38.26086946,145.9246719,BAW BAW
T20160011002,Dry,Clear,Collision with vehicle,Saturday,Day,60,2016/05/14,11:30:00,No,3.0,2.0,-38.17933042,144.3675903,GREATER GEELONG
T20160011007,Wet,Raining,Collision with vehicle,Thursday,Dark Street lights on,60,2016/05/19,17:40:00,No,2.0,1.0,-37.56332722,143.8858807,BALLARAT
T20160011024,Wet,Raining,Collision with vehicle,Thursday,Dark Street lights on,50,2016/05/19,19:30:00,Yes,3.0,1.0,-38.1787568,146.2580739,LATROBE
T20160011054,Wet,Raining,Collision with vehicle,Thursday,Day,80,2016/05/12,08:30:00,No,2.0,1.0,-35.92045466,145.6403756,MOIRA
T20160011063,Wet,Not known,No collision and no object struck,Friday,Day,100,2016/03/18,11:00:00,No,1.0,1.0,-36.57244033,145.2189,GREATER SHEPPARTON
T20160011068,Wet,Clear,Collision with a fixed object,Friday,Day,100,2016/05/20,09:20:00,No,2.0,2.0,-37.02066574,141.3126396,WEST WIMMERA
T20160011075,Unknown,Not known,Collision with vehicle,Friday,Day,60,2016/03/25,11:00:00,No,3.0,2.0,-36.75254947,144.259741,GREATER BENDIGO
T20160011077,Dry,Clear,Collision with a fixed object,Friday,Day,100,2016/05/20,12:50:00,No,1.0,1.0,-36.60482027,144.5360137,GREATER BENDIGO
T20160011081,Dry,Clear,Collision with vehicle,Friday,Day,100,2016/05/20,14:45:00,No,2.0,2.0,-36.04341662,146.6039537,INDIGO
T20160011084,Dry,Clear,Struck Pedestrian,Friday,Day,40,2016/05/20,15:20:00,No,2.0,1.0,-38.26119325,144.5348379,GREATER GEELONG
T20160011091,Unknown,Not known,Collision with vehicle,Saturday,Day,60,2016/05/14,12:20:00,No,3.0,2.0,-38.18021116,144.3820489,GREATER GEELONG
T20160011092,Dry,Clear,Collision with a fixed object,Wednesday,Day,100,2016/05/18,08:30:00,No,1.0,1.0,-37.86070529,147.5156156,EAST GIPPSLAND
T20160011102,Dry,Clear,Collision with vehicle,Saturday,Day,80,2016/05/14,16:45:00,Yes,3.0,1.0,-38.07546372,144.368939,GREATER GEELONG
T20160011118,Dry,Clear,Collision with a fixed object,Friday,Dark No street lights,80,2016/05/20,18:40:00,Yes,1.0,1.0,-37.56106662,143.8946383,BALLARAT
T20160011124,Dry,Clear,Struck Pedestrian,Saturday,Dark Street lights on,60,2016/05/21,00:01:00,Yes,2.0,2.0,-38.19235075,146.5270629,LATROBE
T20160011125,Dry,Clear,Vehicle overturned (no collision),Saturday,Dark No street lights,80,2016/05/21,00:44:00,Yes,3.0,2.0,-38.10282902,145.7669787,BAW BAW
T20160011127,Dry,Clear,Collision with vehicle,Friday,Dark Street lights on,60,2016/05/20,20:25:00,Yes,2.0,1.0,-38.11326044,144.3429237,GREATER GEELONG
T20160011140,Dry,Clear,Collision with a fixed object,Thursday,Dark No street lights,100,2016/04/14,21:45:00,Yes,2.0,1.0,-38.40395119,145.7626338,SOUTH GIPPSLAND
T20160011150,Dry,Clear,Collision with vehicle,Saturday,Day,60,2016/05/21,08:30:00,No,4.0,3.0,-36.74601984,144.3274485,GREATER BENDIGO
T20160011155,Dry,Clear,Collision with vehicle,Saturday,Day,50,2016/05/21,14:10:00,Yes,7.0,3.0,-37.56107268,143.8489302,BALLARAT
T20160011156,Dry,Clear,Collision with vehicle,Saturday,Day,60,2016/05/21,12:40:00,No,3.0,1.0,-38.14676003,144.3471254,GREATER GEELONG
T20160011170,Dry,Clear,Collision with a fixed object,Saturday,Day,100,2016/05/21,14:30:00,Yes,1.0,1.0,-38.31916088,143.0161584,CORANGAMITE
T20160011173,Dry,Clear,Collision with a fixed object,Saturday,Dark No street lights,100,2016/05/21,17:30:00,Yes,2.0,2.0,-38.57366918,145.7178727,BASS COAST
T20160011182,Dry,Clear,Collision with vehicle,Saturday,Dark No street lights,100,2016/05/21,18:15:00,Yes,3.0,3.0,-36.27121197,144.49744,CAMPASPE
T20160011191,Dry,Clear,Collision with vehicle,Saturday,Dark Street lights on,999,2016/05/21,20:00:00,Yes,4.0,1.0,-38.20315047,146.4471306,LATROBE
T20160011197,Dry,Clear,Collision with vehicle,Saturday,Dark Street lights on,60,2016/05/21,22:00:00,Yes,4.0,1.0,-36.73958009,144.2986149,GREATER BENDIGO
T20160011199,Dry,Clear,Collision with vehicle,Saturday,Dark Street lights on,80,2016/05/21,18:20:00,Yes,6.0,6.0,-38.52107656,145.3340466,BASS COAST
T20160011204,Dry,Clear,Collision with vehicle,Thursday,Dark Street lights on,60,2016/05/19,19:10:00,Yes,2.0,2.0,-36.76192146,144.272292,GREATER BENDIGO
T20160011205,Dry,Clear,No collision and no object struck,Saturday,Day,100,2016/05/21,12:20:00,No,1.0,1.0,-38.13625968,146.0498619,BAW BAW
T20160011217,Wet,Not known,Vehicle overturned (no collision),Saturday,Day,999,2016/05/14,13:30:00,No,1.0,1.0,-37.01665205,145.8805056,MANSFIELD
T20160011224,Dry,Clear,Collision with vehicle,Saturday,Dark No street lights,100,2016/05/21,17:30:00,Yes,4.0,3.0,-37.22061695,145.1286999,MITCHELL
T20160011226,Dry,Clear,Vehicle overturned (no collision),Saturday,Day,999,2016/03/26,12:00:00,No,1.0,1.0,-37.52181888,145.4241773,MURRINDINDI
T20160011243,Dry,Clear,Vehicle overturned (no collision),Sunday,Day,999,2016/05/22,10:40:00,No,1.0,1.0,-37.45237004,145.7584419,MURRINDINDI
T20160011247,Dry,Clear,Vehicle overturned (no collision),Sunday,Day,110,2016/05/22,16:15:00,Yes,2.0,1.0,-35.83455005,143.1575199,BULOKE
T20160011248,Dry,Clear,Collision with vehicle,Sunday,Dark No street lights,100,2016/05/22,01:30:00,Yes,3.0,3.0,-36.39189,144.140246,LODDON
T20160011257,Dry,Clear,Collision with a fixed object,Sunday,Dark No street lights,100,2016/05/22,17:42:00,Yes,5.0,1.0,-38.18539894,144.3055517,GREATER GEELONG
T20160011273,Wet,Raining,Collision with a fixed object,Monday,Dark Street lights on,60,2016/05/23,01:00:00,Yes,1.0,1.0,-36.38353374,145.4146783,GREATER SHEPPARTON
T20160011280,Wet,Clear,Vehicle overturned (no collision),Friday,Day,100,2016/05/20,13:00:00,No,1.0,1.0,-37.51049847,145.7674961,MURRINDINDI
T20160011283,Dry,Not known,collision with some other object,Tuesday,Day,100,2016/05/03,09:35:00,No,1.0,1.0,-36.96370803,144.1150392,MOUNT ALEXANDER
T20160011289,Dry,Clear,Collision with vehicle,Monday,Day,100,2016/05/23,09:10:00,No,2.0,2.0,-36.44010249,145.2411153,GREATER SHEPPARTON
T20160011295,Dry,Clear,Collision with vehicle,Wednesday,Dark Street lights on,60,2016/04/20,19:40:00,Yes,2.0,1.0,-38.15984534,144.3803858,GREATER GEELONG
T20160011297,Dry,Clear,collision with some other object,Saturday,Day,999,2016/04/30,10:45:00,No,1.0,1.0,-37.77946683,143.7981275,GOLDEN PLAINS
T20160011301,Wet,Clear,Collision with a fixed object,Monday,Day,100,2016/05/23,09:20:00,No,4.0,3.0,-38.31223999,146.7177201,WELLINGTON
T20160011304,Dry,Clear,Collision with vehicle,Monday,Day,70,2016/05/23,13:40:00,No,6.0,1.0,-38.1334072,144.3511555,GREATER GEELONG
T20160011305,Unknown,Not known,Collision with vehicle,Saturday,Day,60,2016/05/21,15:00:00,Yes,2.0,1.0,-37.57952063,143.8173099,BALLARAT
T20160011306,Wet,Clear,Collision with vehicle,Monday,Day,80,2016/05/23,12:50:00,No,4.0,2.0,-37.6940015,148.6135531,EAST GIPPSLAND
T20160011309,Dry,Clear,No collision and no object struck,Sunday,Day,100,2016/05/22,13:30:00,No,1.0,1.0,-37.29954349,143.8579094,HEPBURN
T20160011310,Wet,Raining,Collision with vehicle,Monday,Dusk/Dawn,60,2016/05/16,17:40:00,Yes,2.0,2.0,-36.35045549,146.3107527,WANGARATTA
T20160011316,Wet,Raining,collision with some other object,Sunday,Dark Street lights unknown,50,2016/05/22,20:45:00,Yes,1.0,1.0,-38.39186964,142.5317574,WARRNAMBOOL
T20160011317,Dry,Clear,Collision with a fixed object,Monday,Day,100,2016/05/23,15:10:00,No,1.0,1.0,-36.31368684,145.2591511,GREATER SHEPPARTON
T20160011318,Dry,Clear,Collision with a fixed object,Sunday,Dark No street lights,100,2016/05/22,04:45:00,Yes,1.0,1.0,-36.16909995,144.7658725,CAMPASPE
T20160011319,Dry,Clear,Collision with a fixed object,Sunday,Dark No street lights,100,2016/05/22,20:57:00,No,1.0,1.0,-36.40679719,146.4732727,WANGARATTA
T20160011323,Dry,Clear,No collision and no object struck,Monday,Day,999,2016/05/23,13:00:00,No,1.0,1.0,-38.0694801,145.9946412,BAW BAW
T20160011324,Unknown,Not known,Collision with vehicle,Wednesday,Day,50,2015/03/25,14:15:00,No,3.0,2.0,-38.53603361,143.973431,SURF COAST
T20160011326,Wet,Raining,Collision with a fixed object,Monday,Day,60,2016/05/23,15:40:00,No,1.0,1.0,-38.07511754,144.3666605,GREATER GEELONG
T20160011334,Wet,Raining,Struck Pedestrian,Monday,Dusk/Dawn,999,2016/05/23,17:05:00,No,2.0,1.0,-38.1592274,144.3264405,GREATER GEELONG
T20160011358,Dry,Clear,Collision with vehicle,Sunday,Day,80,2016/01/03,13:00:00,No,4.0,2.0,-38.19212948,146.5535269,LATROBE
T20160011360,Wet,Raining,Collision with a fixed object,Monday,Dark No street lights,110,2016/05/23,22:30:00,Yes,1.0,1.0,-38.18187333,146.2732976,LATROBE
T20160011361,Dry,Not known,Collision with vehicle,Friday,Unknown,50,2016/05/13,12:00:00,No,6.0,1.0,-38.14939054,144.3626119,GREATER GEELONG
T20160011363,Wet,Fog,Collision with a fixed object,Monday,Dark No street lights,100,2016/05/23,23:50:00,Yes,2.0,2.0,-36.88649976,144.2129224,GREATER BENDIGO
T20160011374,Dry,Clear,Vehicle overturned (no collision),Friday,Dark No street lights,50,2016/04/22,23:13:00,Yes,1.0,1.0,-38.14319667,144.3588603,GREATER GEELONG
T20160011381,Wet,Raining,Collision with a fixed object,Wednesday,Dusk/Dawn,100,2016/04/06,18:00:00,Yes,1.0,1.0,-38.16112121,145.8318915,BAW BAW
T20160011391,Unknown,Not known,collision with some other object,Saturday,Day,999,2016/05/21,14:30:00,Yes,1.0,1.0,-38.32333985,144.1517705,SURF COAST
T20160011392,Unknown,Not known,Vehicle overturned (no collision),Monday,Unknown,999,2016/05/16,20:00:00,Yes,1.0,1.0,-36.03716999,145.6135207,MOIRA
T20160011406,Dry,Clear,Collision with vehicle,Tuesday,Day,50,2016/05/24,16:45:00,No,2.0,1.0,-38.20158258,144.3446095,GREATER GEELONG
T20160011413,Wet,Raining,Collision with vehicle,Monday,Day,70,2016/05/23,16:16:00,No,3.0,2.0,-38.22228762,146.4157456,LATROBE
T20160011416,Dry,Clear,No collision and no object struck,Tuesday,Dark Street lights off,60,2016/04/05,20:30:00,Yes,2.0,1.0,-36.77563273,144.2731302,GREATER BENDIGO
T20160011417,Dry,Clear,Collision with vehicle,Tuesday,Day,60,2016/05/24,16:00:00,No,2.0,1.0,-37.54028263,143.8312792,BALLARAT
T20160011420,Dry,Clear,Struck animal,Monday,Dark No street lights,999,2016/05/23,23:00:00,Yes,2.0,2.0,-37.46090082,144.927003,MITCHELL
T20160011422,Dry,Clear,Collision with vehicle,Tuesday,Dark Street lights on,60,2016/05/24,18:45:00,Yes,3.0,2.0,-36.75548978,144.284313,GREATER BENDIGO
T20160011430,Dry,Clear,Collision with vehicle,Tuesday,Dark Street lights on,60,2016/05/24,20:35:00,Yes,2.0,1.0,-36.3766298,146.3077842,WANGARATTA
T20160011432,Dry,Clear,Collision with vehicle,Tuesday,Day,100,2016/05/24,16:20:00,No,6.0,4.0,-36.87435835,142.3237752,HORSHAM
T20160011440,Dry,Clear,Collision with vehicle,Monday,Dark Street lights on,60,2016/05/23,18:45:00,Yes,4.0,1.0,-36.36567926,146.3147263,WANGARATTA