Accident_No,Surface_Cond_Desc,Atmosph_Cond_Desc,Accident_Type_Desc,Day,Light_Condition_Desc,Speed_Zone,Accident_Date,Accident_Time,Alcohol_Influence,Total_Persons_Inv,Inj_Or_Fatal,Lat,Long,LGA
T20160011441,Dry,Clear,Collision with vehicle,Tuesday,Dark No street lights,100,2016/05/24,20:27:00,Yes,2.0,1.0,-36.87861642,144.6410838,GREATER BENDIGO
T20160011445,Dry,Clear,Struck Pedestrian,Tuesday,Day,100,2016/05/24,09:50:00,No,2.0,1.0,-36.34303199,145.09877,CAMPASPE
T20160011447,Wet,Fog,Collision with vehicle,Wednesday,Day,60,2016/05/25,07:15:00,No,2.0,1.0,-37.36117615,144.5272287,MACEDON RANGES
T20160011451,Dry,Clear,Collision with vehicle,Wednesday,Day,60,2016/05/25,08:40:00,No,3.0,1.0,-37.53376061,143.8232646,BALLARAT
T20160011458,Dry,Clear,Collision with vehicle,Wednesday,Day,70,2016/05/25,10:11:00,No,3.0,1.0,-38.14442047,144.3531764,GREATER GEELONG
T20160011460,Dry,Clear,Collision with vehicle,Sunday,Day,60,2016/05/22,13:00:00,No,3.0,1.0,-36.44127228,145.22581,GREATER SHEPPARTON
T20160011466,Dry,Clear,Collision with vehicle,Wednesday,Day,60,2016/05/25,11:15:00,No,2.0,1.0,-38.16571986,146.2630589,LATROBE
T20160011473,Dry,Clear,Vehicle overturned (no collision),Wednesday,Day,100,2016/05/25,13:20:00,No,2.0,2.0,-38.00688938,143.2682202,CORANGAMITE
T20160011475,Wet,Raining,Collision with a fixed object,Wednesday,Day,100,2016/05/25,14:00:00,No,2.0,1.0,-37.23601162,141.645358,SOUTHERN GRAMPIANS
T20160011476,Dry,Clear,Collision with a fixed object,Friday,Day,50,2016/05/20,16:00:00,No,1.0,1.0,-37.42835042,145.0027138,MITCHELL
T20160011484,Wet,Raining,Collision with vehicle,Wednesday,Dark No street lights,70,2016/05/25,17:00:00,No,2.0,1.0,-37.52485415,143.8095725,BALLARAT
T20160011492,Wet,Raining,Collision with vehicle,Wednesday,Dark Street lights on,80,2016/05/25,18:10:00,Yes,2.0,2.0,-38.21960827,144.337915,GREATER GEELONG
T20160011493,Wet,Raining,Collision with a fixed object,Wednesday,Dark No street lights,80,2016/05/25,17:40:00,No,1.0,1.0,-37.53771684,144.5887291,MACEDON RANGES
T20160011495,Wet,Raining,Collision with vehicle,Wednesday,Dark No street lights,100,2016/05/25,17:20:00,No,4.0,4.0,-37.43397699,143.4057508,PYRENEES
T20160011507,Wet,Not known,Collision with a fixed object,Thursday,Dark No street lights,60,2016/05/26,05:50:00,Yes,1.0,1.0,-36.27636615,145.3863839,GREATER SHEPPARTON
T20160011509,Dry,Clear,Vehicle overturned (no collision),Sunday,Day,999,2016/05/15,16:00:00,Yes,1.0,1.0,-38.36340992,143.9853698,SURF COAST
T20160011516,Wet,Raining,Struck Pedestrian,Thursday,Dark Street lights on,60,2016/05/26,07:15:00,No,2.0,1.0,-38.33947776,143.5923676,COLAC OTWAY
T20160011519,Muddy,Clear,Vehicle overturned (no collision),Sunday,Day,999,2016/05/22,15:00:00,No,1.0,1.0,-37.70036545,143.7317677,GOLDEN PLAINS
T20160011536,Dry,Not known,No collision and no object struck,Sunday,Day,100,2016/03/13,16:00:00,Yes,1.0,1.0,-35.98070015,145.9354741,MOIRA
T20160011549,Wet,Raining,Collision with a fixed object,Thursday,Day,100,2016/05/26,13:08:00,No,1.0,1.0,-36.36263288,146.3639277,WANGARATTA
T20160011563,Wet,Raining,Collision with a fixed object,Thursday,Day,100,2016/05/26,14:00:00,No,2.0,2.0,-37.69465791,148.7449417,EAST GIPPSLAND
T20160011565,Wet,Raining,Collision with a fixed object,Thursday,Day,80,2016/05/26,12:20:00,No,1.0,1.0,-38.45616497,145.2602291,BASS COAST
T20160011572,Wet,Raining,Vehicle overturned (no collision),Saturday,Day,80,2016/04/30,07:00:00,No,1.0,1.0,-36.1575158,147.5132012,TOWONG
T20160011575,Wet,Clear,Collision with vehicle,Thursday,Dusk/Dawn,60,2016/05/26,17:30:00,No,4.0,2.0,-38.17320808,146.2635262,LATROBE
T20160011582,Wet,Clear,Collision with vehicle,Thursday,Dark Street lights on,60,2016/05/26,18:03:00,Yes,5.0,1.0,-36.39571292,145.3516284,GREATER SHEPPARTON
T20160011589,Wet,Raining,Collision with vehicle,Thursday,Dusk/Dawn,100,2016/05/26,17:00:00,No,2.0,1.0,-37.58502884,148.9934292,EAST GIPPSLAND
T20160011596,Wet,Raining,Collision with a fixed object,Thursday,Dark Street lights on,60,2016/05/26,04:15:00,Yes,2.0,2.0,-38.20835549,146.1501895,BAW BAW
T20160011603,Wet,Raining,Collision with a fixed object,Thursday,Dark No street lights,100,2016/05/26,22:20:00,Yes,2.0,1.0,-38.22535042,141.4415882,GLENELG
T20160011608,Dry,Clear,Collision with a fixed object,Thursday,Day,999,2016/05/12,14:20:00,No,1.0,1.0,-38.18209413,144.3645291,GREATER GEELONG
T20160011612,Wet,Clear,Collision with vehicle,Sunday,Dusk/Dawn,60,2016/05/01,17:00:00,No,2.0,1.0,-38.32170619,146.3281314,LATROBE
T20160011613,Wet,Clear,Collision with a fixed object,Friday,Day,100,2016/05/27,07:20:00,No,1.0,1.0,-37.4886679,144.5653828,MACEDON RANGES
T20160011616,Wet,Not known,Collision with vehicle,Thursday,Day,40,2016/05/26,08:40:00,No,3.0,1.0,-37.45805543,144.9735555,MITCHELL
T20160011618,Unknown,Not known,Collision with vehicle,Monday,Day,999,2016/05/16,09:00:00,No,3.0,1.0,-36.140465,144.7511833,CAMPASPE
T20160011623,Dry,Clear,Collision with a fixed object,Friday,Day,100,2016/05/27,08:30:00,No,1.0,1.0,-36.23092,146.6310801,INDIGO
T20160011624,Dry,Clear,Collision with vehicle,Friday,Day,50,2016/05/27,08:40:00,No,3.0,1.0,-36.39404979,145.3630847,GREATER SHEPPARTON
T20160011635,Dry,Clear,Collision with vehicle,Friday,Day,50,2016/05/27,13:50:00,No,2.0,1.0,-36.75970006,144.2785951,GREATER BENDIGO
T20160011637,Dry,Clear,Collision with vehicle,Friday,Day,80,2016/05/27,15:40:00,No,2.0,1.0,-38.26568693,144.4044212,SURF COAST
T20160011645,Dry,Clear,Collision with vehicle,Thursday,Day,60,2016/05/05,17:30:00,No,4.0,1.0,-37.04690319,144.2206276,MOUNT ALEXANDER
T20160011647,Dry,Clear,Collision with vehicle,Friday,Day,100,2016/05/27,17:00:00,Yes,2.0,1.0,-38.32254968,142.4622371,WARRNAMBOOL
T20160011648,Wet,Raining,Collision with a fixed object,Friday,Dark Street lights on,60,2016/05/27,19:15:00,Yes,2.0,1.0,-36.77250549,144.274846,GREATER BENDIGO
T20160011656,Unknown,Clear,Collision with a fixed object,Friday,Dusk/Dawn,100,2016/05/27,17:15:00,Yes,1.0,1.0,-37.33718089,145.963649,MURRINDINDI
T20160011659,Wet,Raining,Collision with vehicle,Friday,Dark No street lights,100,2016/05/27,21:20:00,Yes,5.0,2.0,-35.99908183,145.2038312,MOIRA
T20160011660,Wet,Clear,Struck animal,Friday,Dark No street lights,100,2016/05/27,22:00:00,Yes,1.0,1.0,-38.30000385,145.6395183,SOUTH GIPPSLAND
T20160011665,Dry,Clear,Struck Pedestrian,Friday,Dark No street lights,50,2016/05/27,20:57:00,Yes,2.0,1.0,-38.15074652,144.3648099,GREATER GEELONG
T20160011668,Dry,Clear,Collision with vehicle,Friday,Dark No street lights,110,2016/05/27,23:20:00,Yes,2.0,1.0,-37.48159917,144.9700776,MITCHELL
T20160011676,Wet,Clear,Collision with a fixed object,Saturday,Dark Street lights on,60,2016/05/28,06:00:00,Yes,1.0,1.0,-38.16106389,144.3518906,GREATER GEELONG
T20160011711,Wet,Clear,Vehicle overturned (no collision),Saturday,Day,110,2016/05/28,15:40:00,Yes,1.0,1.0,-37.53278976,144.6352603,MACEDON RANGES
T20160011713,Dry,Clear,Collision with vehicle,Saturday,Day,50,2016/05/28,14:14:00,Yes,6.0,4.0,-38.13979579,144.3477008,GREATER GEELONG
T20160011719,Dry,Not known,Collision with vehicle,Saturday,Dark No street lights,100,2016/05/28,19:30:00,Yes,3.0,2.0,-38.1780878,144.4890804,GREATER GEELONG
T20160011722,Dry,Clear,No collision and no object struck,Saturday,Dark Street lights on,50,2016/05/28,20:50:00,Yes,2.0,2.0,-38.05154784,144.1645641,GOLDEN PLAINS
T20160011724,Snowy,Snowing,Collision with a fixed object,Saturday,Dusk/Dawn,100,2016/05/28,17:15:00,Yes,4.0,3.0,-37.83707101,146.2532521,MOUNT BAW BAW ALPINE RESORT (UNINC)
T20160011736,Dry,Clear,No collision and no object struck,Saturday,Dark No street lights,100,2016/05/28,23:45:00,Yes,1.0,1.0,-37.05528006,144.3726193,MOUNT ALEXANDER
T20160011737,Dry,Clear,No collision and no object struck,Sunday,Day,60,2016/03/06,12:49:00,No,1.0,1.0,-38.07615119,144.3585388,GREATER GEELONG
T20160011742,Wet,Raining,Vehicle overturned (no collision),Saturday,Day,60,2016/05/28,11:35:00,No,1.0,1.0,-38.16918529,144.3097556,GREATER GEELONG
T20160011749,Dry,Clear,Collision with vehicle,Sunday,Day,60,2016/05/29,10:15:00,No,2.0,1.0,-34.21119629,142.120938,MILDURA
T20160011751,Dry,Clear,Collision with vehicle,Sunday,Day,60,2016/05/29,11:20:00,No,2.0,1.0,-36.38031005,145.4092194,GREATER SHEPPARTON
T20160011752,Dry,Clear,Collision with vehicle,Sunday,Day,70,2016/05/29,11:50:00,No,3.0,3.0,-36.14424675,144.7300233,CAMPASPE
T20160011761,Dry,Clear,Collision with vehicle,Sunday,Day,40,2016/05/29,12:15:00,No,2.0,1.0,-37.34514043,144.1420236,HEPBURN
T20160011779,Wet,Raining,Vehicle overturned (no collision),Saturday,Dark No street lights,60,2016/05/28,17:42:00,Yes,1.0,1.0,-37.15249017,142.4565101,NORTHERN GRAMPIANS
T20160011782,Dry,Clear,Collision with vehicle,Sunday,Day,100,2016/05/29,15:10:00,No,2.0,1.0,-37.41627989,145.023291,MITCHELL
T20160011783,Dry,Clear,Collision with a fixed object,Sunday,Dark No street lights,999,2016/05/29,18:40:00,Yes,1.0,1.0,-37.45674021,143.8971018,HEPBURN
T20160011795,Dry,Clear,Collision with a fixed object,Sunday,Day,100,2016/05/29,13:28:00,No,2.0,2.0,-37.83072999,142.2527002,SOUTHERN GRAMPIANS
T20160011801,Dry,Clear,Collision with a fixed object,Monday,Dark No street lights,80,2016/05/30,03:15:00,Yes,1.0,1.0,-38.23721005,144.5396605,GREATER GEELONG
T20160011808,Dry,Clear,Collision with vehicle,Monday,Dark No street lights,110,2016/05/30,03:25:00,Yes,2.0,1.0,-36.98376394,145.1385899,MITCHELL
T20160011816,Dry,Clear,Vehicle overturned (no collision),Sunday,Day,100,2016/04/10,12:30:00,No,2.0,1.0,-36.90406007,144.5292099,GREATER BENDIGO
T20160011825,Unknown,Not known,Vehicle overturned (no collision),Monday,Day,999,2016/05/30,10:30:00,No,1.0,1.0,-38.39437898,144.0824906,SURF COAST
T20160011831,Dry,Clear,Collision with vehicle,Friday,Day,60,2016/05/27,15:35:00,No,5.0,1.0,-36.55532885,145.9651302,BENALLA
T20160011846,Dry,Clear,Collision with a fixed object,Monday,Day,100,2016/05/30,13:20:00,No,3.0,3.0,-35.98297,145.6598371,MOIRA
T20160011848,Wet,Clear,Vehicle overturned (no collision),Saturday,Day,999,2016/05/28,12:00:00,No,1.0,1.0,-37.43669001,146.21766,MANSFIELD
T20160011858,Dry,Clear,Collision with vehicle,Monday,Day,100,2016/05/30,16:16:00,No,17.0,1.0,-38.2992745,142.4343574,MOYNE
T20160011866,Unknown,Not known,Collision with a fixed object,Monday,Day,999,2016/05/30,13:30:00,No,1.0,1.0,-36.76701108,147.8150007,EAST GIPPSLAND
T20160011876,Dry,Clear,Collision with a fixed object,Monday,Dark No street lights,100,2016/05/30,20:45:00,Yes,1.0,1.0,-36.6002832,143.8233121,LODDON
T20160011882,Wet,Raining,Collision with a fixed object,Thursday,Dusk/Dawn,80,2016/05/26,16:45:00,No,1.0,1.0,-38.31003033,146.1696634,BAW BAW
T20160011887,Dry,Clear,Collision with vehicle,Tuesday,Day,50,2016/05/31,08:36:00,No,2.0,2.0,-36.39709885,145.406949,GREATER SHEPPARTON
T20160011889,Dry,Not known,Struck animal,Sunday,Dusk/Dawn,100,2016/05/15,06:00:00,Yes,2.0,1.0,-36.88412602,142.4616847,HORSHAM
T20160011894,Wet,Not known,Vehicle overturned (no collision),Thursday,Day,999,2016/05/26,14:30:00,No,1.0,1.0,-37.42776634,144.5009208,MACEDON RANGES
T20160011900,Dry,Not known,Collision with vehicle,Friday,Day,60,2016/04/15,08:30:00,No,2.0,1.0,-37.55205621,143.7854727,BALLARAT
T20160011903,Muddy,Clear,collision with some other object,Sunday,Day,999,2016/05/29,14:00:00,No,1.0,1.0,-37.85101972,144.1117689,GOLDEN PLAINS
T20160011914,Dry,Clear,Collision with vehicle,Tuesday,Day,40,2016/05/31,13:30:00,No,3.0,2.0,-38.20710583,146.1076106,BAW BAW
T20160011917,Dry,Clear,No collision and no object struck,Monday,Day,60,2016/05/30,12:50:00,No,1.0,1.0,-34.19987231,142.1450128,MILDURA
T20160011922,Dry,Clear,Collision with vehicle,Saturday,Day,100,2015/11/28,12:45:00,No,2.0,1.0,-37.90892372,146.9603273,WELLINGTON
T20160011925,Unknown,Clear,Collision with a fixed object,Friday,Day,999,2016/04/22,10:00:00,No,1.0,1.0,-37.49217877,144.6726536,MACEDON RANGES
T20160011926,Unknown,Not known,Collision with vehicle,Tuesday,Day,70,2016/05/31,09:30:00,No,3.0,1.0,-38.16052552,144.3502997,GREATER GEELONG
T20160011927,Dry,Clear,Collision with vehicle,Tuesday,Day,50,2016/05/31,14:00:00,No,2.0,1.0,-36.39531265,145.3557817,GREATER SHEPPARTON
T20160011930,Dry,Clear,Collision with vehicle,Tuesday,Day,100,2016/05/31,13:40:00,No,3.0,1.0,-38.49697796,146.1241269,SOUTH GIPPSLAND
T20160011939,Dry,Clear,Collision with vehicle,Wednesday,Dark Street lights on,60,2016/05/25,06:50:00,No,2.0,1.0,-38.0466201,144.1711344,GOLDEN PLAINS
T20160011947,Dry,Clear,Struck Pedestrian,Tuesday,Day,50,2016/05/31,15:20:00,No,2.0,1.0,-37.06577012,144.21802,MOUNT ALEXANDER
T20160011957,Dry,Not known,Vehicle overturned (no collision),Friday,Day,50,2016/04/29,15:00:00,No,1.0,1.0,-37.8793231,147.8269893,EAST GIPPSLAND
T20160011959,Wet,Raining,Vehicle overturned (no collision),Sunday,Dark No street lights,100,2016/05/22,21:00:00,Yes,5.0,4.0,-37.34862004,141.2065295,WEST WIMMERA
T20160011961,Dry,Not known,Collision with vehicle,Tuesday,Dark Street lights on,80,2016/05/31,21:10:00,Yes,2.0,1.0,-38.23449745,146.4313201,LATROBE
T20160011966,Dry,Clear,Collision with a fixed object,Friday,Day,100,2016/05/27,11:09:00,No,1.0,1.0,-36.47103973,146.20626,WANGARATTA
T20160011978,Dry,Clear,Collision with vehicle,Saturday,Day,60,2016/05/28,13:22:00,No,2.0,2.0,-38.60463408,145.5935333,BASS COAST
T20160011994,Dry,Clear,Collision with vehicle,Friday,Day,60,2016/05/06,11:10:00,No,2.0,1.0,-38.1334072,144.3511555,GREATER GEELONG
T20160011999,Wet,Raining,Collision with a fixed object,Tuesday,Dark No street lights,100,2016/05/03,17:10:00,No,1.0,1.0,-37.20812052,144.9184154,MITCHELL
T20160012002,Dry,Clear,Collision with vehicle,Wednesday,Day,60,2016/06/01,09:30:00,No,5.0,2.0,-36.39973502,145.3954917,GREATER SHEPPARTON
T20160012007,Dry,Clear,Collision with vehicle,Wednesday,Day,100,2016/06/01,12:12:00,No,4.0,2.0,-38.34580349,142.6700707,MOYNE
T20160012010,Dry,Clear,Collision with vehicle,Wednesday,Day,50,2016/06/01,12:35:00,No,2.0,2.0,-36.70938686,142.2048828,HORSHAM
T20160012014,Dry,Clear,Collision with vehicle,Wednesday,Dusk/Dawn,100,2016/06/01,06:33:00,No,3.0,2.0,-36.14035049,146.468534,INDIGO
T20160012026,Dry,Clear,No collision and no object struck,Thursday,Day,60,2015/12/17,16:30:00,No,1.0,1.0,-37.57442331,143.8363287,BALLARAT
T20160012027,Dry,Clear,Collision with vehicle,Wednesday,Day,60,2016/06/01,11:00:00,No,2.0,1.0,-38.37239392,142.4802422,WARRNAMBOOL
T20160012028,Dry,Not known,Collision with a fixed object,Wednesday,Dusk/Dawn,100,2016/06/01,17:15:00,No,5.0,2.0,-37.26198394,144.1214092,HEPBURN
T20160012029,Dry,Clear,Struck animal,Wednesday,Dusk/Dawn,100,2016/06/01,16:15:00,No,2.0,2.0,-37.62255816,142.341576,SOUTHERN GRAMPIANS
T20160012032,Dry,Clear,Collision with a fixed object,Wednesday,Day,50,2016/06/01,16:06:00,No,1.0,1.0,-38.14889054,144.3628419,GREATER GEELONG
T20160012051,Dry,Clear,Collision with vehicle,Wednesday,Dark Street lights on,60,2016/06/01,17:30:00,No,3.0,3.0,-38.14847949,144.3348952,GREATER GEELONG
T20160012058,Wet,Raining,Collision with vehicle,Tuesday,Day,50,2016/05/10,12:00:00,No,5.0,1.0,-36.39870085,145.4096222,GREATER SHEPPARTON
T20160012060,Dry,Clear,Collision with a fixed object,Thursday,Dark Street lights on,60,2016/06/02,01:50:00,Yes,2.0,1.0,-37.54349097,143.8584319,BALLARAT
T20160012067,Wet,Raining,Collision with vehicle,Tuesday,Dark Street lights on,80,2015/06/16,05:30:00,Yes,2.0,1.0,-38.07537123,144.3687789,GREATER GEELONG
T20160012069,Dry,Clear,Struck animal,Wednesday,Dark No street lights,100,2016/06/01,18:25:00,Yes,1.0,1.0,-37.05329474,144.7874185,MITCHELL
T20160012075,Dry,Clear,No collision and no object struck,Monday,Day,100,2016/02/29,13:30:00,No,1.0,1.0,-37.0059706,147.561273,EAST GIPPSLAND
T20160012082,Dry,Clear,Collision with vehicle,Thursday,Day,60,2016/06/02,08:40:00,No,3.0,2.0,-37.6429605,143.686109,GOLDEN PLAINS
T20160012088,Dry,Clear,Collision with vehicle,Thursday,Day,100,2016/06/02,09:35:00,No,2.0,2.0,-38.37105226,144.243679,SURF COAST
T20160012089,Dry,Clear,Collision with vehicle,Wednesday,Day,60,2016/05/18,15:35:00,No,3.0,2.0,-38.13232286,144.3509644,GREATER GEELONG
T20160012097,Dry,Clear,Struck animal,Thursday,Day,100,2016/06/02,07:50:00,No,1.0,1.0,-38.31008832,146.4918719,LATROBE
T20160012101,Dry,Clear,Collision with vehicle,Thursday,Day,100,2016/06/02,10:40:00,No,2.0,1.0,-36.24107998,146.83005,WODONGA
T20160012102,Dry,Clear,Collision with vehicle,Thursday,Day,80,2016/06/02,10:32:00,No,2.0,1.0,-37.57216997,143.8100697,BALLARAT
T20160012103,Wet,Raining,Collision with vehicle,Wednesday,Dark Street lights on,70,2016/05/25,17:50:00,No,2.0,1.0,-38.19132024,144.4734892,GREATER GEELONG
T20160012110,Dry,Clear,Collision with vehicle,Wednesday,Day,999,2016/06/01,09:45:00,No,2.0,1.0,-38.47205729,145.4736405,BASS COAST
T20160012112,Dry,Clear,Collision with vehicle,Wednesday,Day,60,2016/04/27,08:30:00,No,3.0,1.0,-36.36900339,145.3932086,GREATER SHEPPARTON
T20160012113,Dry,Clear,Vehicle overturned (no collision),Thursday,Day,100,2016/06/02,11:20:00,No,2.0,1.0,-36.88821314,143.939219,MOUNT ALEXANDER
T20160012116,Wet,Raining,Collision with a fixed object,Friday,Dark No street lights,60,2016/04/29,23:00:00,Yes,1.0,1.0,-38.49772287,144.0089602,SURF COAST
T20160012139,Dry,Clear,Collision with vehicle,Thursday,Day,50,2016/06/02,07:30:00,No,2.0,1.0,-37.56452438,143.8603163,BALLARAT
T20160012155,Dry,Clear,Collision with vehicle,Thursday,Dark Street lights on,80,2016/06/02,20:25:00,Yes,2.0,1.0,-35.92045466,145.6403756,MOIRA
T20160012157,Dry,Clear,Collision with vehicle,Thursday,Dark No street lights,80,2016/06/02,19:30:00,Yes,5.0,1.0,-36.27477095,145.2172792,GREATER SHEPPARTON
T20160012168,Dry,Clear,Collision with a fixed object,Tuesday,Day,60,2016/05/31,13:26:00,No,2.0,1.0,-38.38926864,142.5010721,WARRNAMBOOL
T20160012170,Dry,Clear,Collision with vehicle,Friday,Day,60,2016/06/03,09:00:00,No,2.0,1.0,-38.17950713,146.2502315,LATROBE
T20160012172,Unknown,Not known,Collision with vehicle,Friday,Unknown,80,2016/05/13,16:00:00,No,2.0,1.0,-38.20264656,144.3056444,GREATER GEELONG
T20160012175,Dry,Clear,Struck Pedestrian,Friday,Day,60,2016/06/03,09:15:00,No,2.0,1.0,-37.96787025,146.9778298,WELLINGTON
T20160012185,Unknown,Clear,Vehicle overturned (no collision),Sunday,Day,999,2016/05/22,14:00:00,No,1.0,1.0,-37.44700003,146.1076699,MURRINDINDI
T20160012192,Dry,Clear,Collision with a fixed object,Friday,Day,100,2016/06/03,09:05:00,No,1.0,1.0,-36.44010713,145.26751,GREATER SHEPPARTON
T20160012196,Wet,Clear,Collision with vehicle,Wednesday,Dark Street lights on,60,2016/05/25,18:00:00,Yes,2.0,1.0,-36.39630043,145.3962129,GREATER SHEPPARTON
T20160012199,Dry,Clear,Vehicle overturned (no collision),Friday,Day,100,2016/06/03,10:20:00,No,1.0,1.0,-36.15761637,146.15323,MOIRA
T20160012201,Dry,Clear,Collision with vehicle,Friday,Day,50,2016/06/03,11:45:00,No,3.0,1.0,-38.23633834,143.1504545,CORANGAMITE
T20160012204,Wet,Raining,Struck animal,Tuesday,Dark No street lights,100,2016/05/03,20:00:00,Yes,2.0,1.0,-38.12601861,146.4695809,LATROBE
T20160012205,Dry,Not known,Collision with a fixed object,Friday,Day,100,2016/02/12,12:00:00,No,1.0,1.0,-36.94472894,144.1031615,MOUNT ALEXANDER
T20160012210,Dry,Clear,Collision with vehicle,Friday,Day,60,2016/06/03,13:20:00,No,2.0,1.0,-37.15265836,142.8559467,NORTHERN GRAMPIANS
T20160012222,Dry,Not known,collision with some other object,Saturday,Day,999,2016/05/21,13:00:00,No,1.0,1.0,-38.02614994,146.4206099,BAW BAW
T20160012230,Dry,Clear,Collision with vehicle,Monday,Day,70,2016/04/04,13:30:00,No,2.0,1.0,-38.11954081,144.3536753,GREATER GEELONG
T20160012242,Dry,Clear,Collision with vehicle,Friday,Dark No street lights,100,2016/06/03,17:50:00,Yes,2.0,1.0,-38.17676085,147.0889057,WELLINGTON
T20160012243,Wet,Raining,Vehicle overturned (no collision),Friday,Dark No street lights,100,2016/06/03,17:30:00,Yes,1.0,1.0,-36.08842366,147.1987884,TOWONG
T20160012249,Dry,Clear,Collision with vehicle,Friday,Dusk/Dawn,60,2016/06/03,17:00:00,Yes,2.0,1.0,-38.35325998,142.4419398,WARRNAMBOOL
T20160012269,Wet,Clear,Struck Pedestrian,Friday,Dark Street lights on,60,2016/06/03,23:30:00,Yes,2.0,1.0,-37.5329096,143.8234266,BALLARAT
T20160012281,Unknown,Clear,Vehicle overturned (no collision),Sunday,Day,999,2016/04/10,12:30:00,No,1.0,1.0,-36.61738044,146.9555893,ALPINE
T20160012291,Wet,Raining,Collision with a fixed object,Saturday,Day,110,2016/06/04,07:39:00,Yes,1.0,1.0,-37.09337831,145.0964376,MITCHELL
T20160012292,Wet,Raining,Collision with vehicle,Saturday,Dark Street lights on,80,2016/06/04,06:00:00,Yes,2.0,2.0,-38.06880463,144.3770781,GREATER GEELONG
T20160012294,Wet,Raining,Collision with vehicle,Saturday,Day,100,2016/06/04,09:45:00,No,2.0,2.0,-38.23494035,145.7861505,BAW BAW
T20160012322,Wet,Raining,Collision with vehicle,Saturday,Day,60,2016/06/04,17:00:00,Yes,2.0,2.0,-36.55475438,145.9921747,BENALLA
T20160012326,Wet,Raining,No collision and no object struck,Saturday,Day,100,2016/06/04,13:20:00,No,1.0,1.0,-36.78693961,144.3816694,GREATER BENDIGO
T20160012332,Dry,Clear,Collision with a fixed object,Saturday,Dusk/Dawn,100,2016/06/04,17:25:00,Yes,1.0,1.0,-38.27241988,142.5271989,MOYNE
T20160012359,Dry,Clear,Collision with a fixed object,Tuesday,Dark Street lights on,50,2015/11/24,22:30:00,Yes,1.0,1.0,-38.23422832,146.4066286,LATROBE
T20160012361,Wet,Raining,Collision with vehicle,Saturday,Dark No street lights,110,2016/06/04,17:25:00,Yes,5.0,3.0,-38.09255833,145.816881,BAW BAW
T20160012364,Dry,Clear,Collision with a fixed object,Sunday,Day,100,2015/12/06,09:45:00,Yes,1.0,1.0,-37.20328792,144.7041909,MACEDON RANGES
T20160012368,Dry,Clear,Struck Pedestrian,Friday,Day,50,2016/05/27,08:30:00,No,2.0,1.0,-36.7166734,142.1928884,HORSHAM
T20160012371,Dry,Clear,Vehicle overturned (no collision),Wednesday,Day,100,2016/02/17,15:30:00,No,1.0,1.0,-35.25749804,143.419333,SWAN HILL
T20160012393,Dry,Clear,Collision with vehicle,Sunday,Day,100,2016/06/05,12:53:00,No,4.0,3.0,-38.47227849,145.1874468,BASS COAST
T20160012402,Wet,Clear,Collision with a fixed object,Sunday,Day,80,2016/06/05,13:45:00,No,1.0,1.0,-37.67577072,143.6807282,GOLDEN PLAINS
T20160012403,Dry,Clear,Collision with vehicle,Saturday,Day,60,2016/05/14,13:50:00,No,6.0,1.0,-38.51511032,145.7136155,SOUTH GIPPSLAND
T20160012407,Dry,Clear,Collision with a fixed object,Sunday,Dark Street lights on,100,2016/06/05,17:40:00,No,1.0,1.0,-36.07420444,145.3560817,MOIRA
T20160012435,Wet,Raining,Collision with a fixed object,Saturday,Dark No street lights,999,2016/06/04,20:30:00,Yes,2.0,1.0,-37.74588047,143.6947492,GOLDEN PLAINS
T20160012436,Wet,Clear,Collision with a fixed object,Saturday,Day,100,2016/04/30,10:30:00,No,2.0,1.0,-38.1085567,146.2469329,BAW BAW
T20160012438,Wet,Raining,Collision with vehicle,Monday,Day,60,2016/06/06,09:10:00,No,4.0,1.0,-37.42244914,143.8918055,HEPBURN
T20160012444,Muddy,Raining,Vehicle overturned (no collision),Saturday,Day,999,2016/06/04,12:45:00,No,1.0,1.0,-37.26595181,146.3237122,MANSFIELD
T20160012446,Dry,Clear,Struck Pedestrian,Sunday,Day,60,2016/04/17,17:25:00,Yes,3.0,1.0,-34.1930904,142.1630505,MILDURA
T20160012454,Wet,Fog,Collision with vehicle,Monday,Dusk/Dawn,60,2016/06/06,07:00:00,Yes,2.0,1.0,-37.55807655,143.8918286,BALLARAT
T20160012460,Dry,Clear,Struck Pedestrian,Thursday,Day,60,2016/06/02,16:00:00,No,2.0,1.0,-38.12176593,144.3412714,GREATER GEELONG
T20160012471,Dry,Dust,Collision with vehicle,Sunday,Day,999,2016/04/17,13:00:00,No,2.0,1.0,-37.35042037,145.5670135,MURRINDINDI
T20160012473,Wet,Clear,Collision with a fixed object,Monday,Day,80,2016/06/06,15:49:00,No,2.0,2.0,-37.52682015,145.4042601,MURRINDINDI
T20160012479,Unknown,Not known,Struck Pedestrian,Wednesday,Day,40,2016/05/04,15:45:00,No,5.0,1.0,-37.36195317,145.0270711,MITCHELL
T20160012486,Wet,Clear,Collision with vehicle,Monday,Dark No street lights,80,2016/06/06,17:50:00,No,2.0,2.0,-38.30066971,144.3226277,SURF COAST
T20160012492,Wet,Clear,Collision with vehicle,Monday,Dark No street lights,100,2016/06/06,18:00:00,Yes,2.0,2.0,-37.43340753,144.7465246,MACEDON RANGES