Accident_No,Surface_Cond_Desc,Atmosph_Cond_Desc,Accident_Type_Desc,Day,Light_Condition_Desc,Speed_Zone,Accident_Date,Accident_Time,Alcohol_Influence,Total_Persons_Inv,Inj_Or_Fatal,Lat,Long,LGA
T20160012494,Dry,Clear,Struck animal,Monday,Dark No street lights,100,2016/06/06,19:40:00,Yes,3.0,3.0,-38.55726085,145.7150432,BASS COAST
T20160012507,Wet,Raining,Collision with vehicle,Saturday,Dark Street lights on,50,2016/05/28,19:00:00,Yes,2.0,2.0,-38.33587994,143.5721195,COLAC OTWAY
T20160012518,Wet,Raining,Collision with vehicle,Tuesday,Day,60,2016/06/07,09:35:00,No,4.0,2.0,-36.73259019,144.2788514,GREATER BENDIGO
T20160012530,Wet,Raining,Collision with vehicle,Tuesday,Day,60,2016/06/07,08:55:00,No,2.0,1.0,-37.57539653,143.8594348,BALLARAT
T20160012537,Dry,Clear,Collision with a fixed object,Tuesday,Day,60,2016/06/07,11:15:00,No,1.0,1.0,-38.1655217,144.5775212,GREATER GEELONG
T20160012540,Dry,Clear,Collision with vehicle,Tuesday,Day,40,2016/06/07,13:20:00,No,2.0,1.0,-38.1920476,146.2564874,LATROBE
T20160012543,Wet,Not known,Vehicle overturned (no collision),Saturday,Day,999,2016/06/04,14:30:00,No,1.0,1.0,-37.59288946,146.6889821,WELLINGTON
T20160012550,Dry,Clear,Collision with vehicle,Monday,Day,60,2016/05/30,07:33:00,Yes,2.0,1.0,-35.33471287,143.5598173,SWAN HILL
T20160012552,Unknown,Clear,No collision and no object struck,Saturday,Day,40,2016/03/19,08:30:00,No,1.0,1.0,-37.41519028,144.491623,MACEDON RANGES
T20160012557,Dry,Clear,Collision with a fixed object,Tuesday,Day,80,2016/06/07,15:25:00,No,1.0,1.0,-36.45662435,142.0405692,HINDMARSH
T20160012558,Dry,Not known,No collision and no object struck,Wednesday,Dusk/Dawn,60,2016/05/18,17:00:00,No,1.0,1.0,-37.52701433,143.8427103,BALLARAT
T20160012561,Wet,Raining,Collision with vehicle,Tuesday,Dark Street lights on,50,2016/06/07,17:35:00,No,4.0,2.0,-36.76142368,144.2833852,GREATER BENDIGO
T20160012563,Dry,Clear,Struck Pedestrian,Tuesday,Dusk/Dawn,60,2016/06/07,17:23:00,No,2.0,1.0,-37.06417353,142.7650483,NORTHERN GRAMPIANS
T20160012566,Dry,Clear,Collision with a fixed object,Wednesday,Day,999,2016/04/27,09:00:00,No,1.0,1.0,-36.48243008,145.9697142,BENALLA
T20160012568,Wet,Raining,Collision with vehicle,Tuesday,Dusk/Dawn,110,2016/06/07,16:51:00,No,3.0,3.0,-36.70683732,145.2002104,STRATHBOGIE
T20160012573,Wet,Raining,Collision with vehicle,Tuesday,Dark No street lights,100,2016/06/07,17:50:00,No,2.0,1.0,-36.18889998,147.0348408,WODONGA
T20160012590,Wet,Clear,Struck Pedestrian,Tuesday,Dark Street lights on,50,2016/06/07,05:45:00,Yes,2.0,1.0,-38.19830683,144.3420826,GREATER GEELONG
T20160012591,Wet,Raining,Collision with a fixed object,Tuesday,Dark No street lights,80,2016/06/07,21:40:00,Yes,1.0,1.0,-37.67721666,144.0061896,MOORABOOL
T20160012600,Wet,Raining,Collision with vehicle,Wednesday,Day,60,2016/06/08,08:15:00,No,2.0,2.0,-34.18454864,142.1655655,MILDURA
T20160012604,Dry,Clear,Collision with vehicle,Tuesday,Day,50,2016/06/07,08:35:00,No,2.0,1.0,-36.05722046,145.20444,MOIRA
T20160012607,Wet,Raining,Collision with a fixed object,Wednesday,Dusk/Dawn,100,2016/06/08,07:15:00,No,1.0,1.0,-38.45499817,143.0584691,CORANGAMITE
T20160012608,Dry,Clear,Vehicle overturned (no collision),Saturday,Day,100,2016/05/07,11:30:00,No,1.0,1.0,-37.2358746,144.3312691,HEPBURN
T20160012609,Dry,Clear,Collision with vehicle,Friday,Dark No street lights,999,2016/03/25,20:30:00,Yes,2.0,1.0,-37.38066072,146.2430413,MANSFIELD
T20160012610,Dry,Clear,Collision with vehicle,Tuesday,Day,50,2016/06/07,15:52:00,No,3.0,1.0,-38.14979032,144.3567511,GREATER GEELONG
T20160012613,Wet,Clear,No collision and no object struck,Sunday,Day,999,2016/05/29,11:00:00,No,1.0,1.0,-38.5348825,143.5637478,COLAC OTWAY
T20160012618,Dry,Clear,Collision with vehicle,Tuesday,Day,100,2016/06/07,12:11:00,No,2.0,1.0,-35.99902741,145.5316358,MOIRA
T20160012632,Dry,Raining,Collision with vehicle,Wednesday,Day,100,2016/06/08,11:00:00,No,5.0,2.0,-37.66966598,143.9272245,MOORABOOL
T20160012634,Dry,Clear,Struck animal,Monday,Day,100,2016/05/30,18:00:00,Yes,1.0,1.0,-36.87841027,144.6944928,GREATER BENDIGO
T20160012639,Dry,Clear,Struck Pedestrian,Wednesday,Day,60,2016/06/08,15:00:00,No,2.0,1.0,-38.4759345,145.9468031,SOUTH GIPPSLAND
T20160012640,Dry,Clear,Vehicle overturned (no collision),Saturday,Day,999,2016/05/21,14:00:00,Yes,1.0,1.0,-37.44934991,145.4532401,MURRINDINDI
T20160012644,Wet,Clear,Vehicle overturned (no collision),Wednesday,Day,50,2016/06/08,09:30:00,No,1.0,1.0,-36.09433605,145.4392087,MOIRA
T20160012645,Dry,Clear,Struck Pedestrian,Wednesday,Day,60,2016/06/08,15:55:00,No,2.0,1.0,-36.13799696,146.8852804,WODONGA
T20160012653,Wet,Raining,Struck Pedestrian,Wednesday,Dark No street lights,50,2016/06/08,17:50:00,No,2.0,1.0,-37.29042027,144.9530891,MITCHELL
T20160012657,Dry,Not known,Collision with a fixed object,Tuesday,Dark Street lights on,80,2016/04/12,20:11:00,Yes,3.0,1.0,-38.0746706,144.3699208,GREATER GEELONG
T20160012659,Wet,Raining,Struck Pedestrian,Wednesday,Dark Street lights on,50,2016/06/08,19:15:00,Yes,2.0,1.0,-36.76254665,144.2818571,GREATER BENDIGO
T20160012668,Dry,Clear,Struck animal,Wednesday,Day,100,2016/06/08,16:00:00,No,1.0,1.0,-36.64063999,143.2336203,NORTHERN GRAMPIANS
T20160012675,Dry,Clear,No collision and no object struck,Saturday,Day,999,2016/05/28,11:00:00,No,1.0,1.0,-38.47525061,143.6434184,COLAC OTWAY
T20160012694,Dry,Clear,Struck Pedestrian,Thursday,Day,60,2016/06/09,10:35:00,No,2.0,1.0,-38.17579921,146.2883419,LATROBE
T20160012703,Wet,Raining,Collision with vehicle,Thursday,Dark Street lights on,70,2016/06/09,07:00:00,No,3.0,1.0,-38.11053944,144.3526757,GREATER GEELONG
T20160012705,Dry,Clear,Collision with vehicle,Thursday,Day,80,2016/06/09,14:07:00,No,2.0,1.0,-34.22713264,142.1607672,MILDURA
T20160012710,Wet,Raining,Collision with vehicle,Tuesday,Day,50,2016/06/07,11:50:00,No,3.0,1.0,-37.06562697,144.2167931,MOUNT ALEXANDER
T20160012714,Wet,Raining,Collision with a fixed object,Thursday,Dusk/Dawn,80,2016/06/09,16:20:00,No,1.0,1.0,-38.14133989,145.8843083,BAW BAW
T20160012720,Dry,Clear,Collision with vehicle,Thursday,Dusk/Dawn,60,2016/06/09,17:18:00,No,2.0,2.0,-36.91476277,144.7007966,GREATER BENDIGO
T20160012725,Dry,Clear,Collision with vehicle,Thursday,Day,80,2016/06/09,16:45:00,No,2.0,2.0,-38.31078673,144.2834288,SURF COAST
T20160012726,Wet,Raining,No collision and no object struck,Thursday,Day,80,2016/06/09,16:20:00,No,1.0,1.0,-34.21714907,142.2127587,MILDURA
T20160012730,Dry,Clear,Collision with a fixed object,Wednesday,Day,100,2016/06/08,12:30:00,No,1.0,1.0,-36.23837002,144.8864102,CAMPASPE
T20160012738,Dry,Clear,Collision with vehicle,Thursday,Dark No street lights,100,2016/06/09,18:00:00,Yes,5.0,1.0,-37.78229999,147.5981077,EAST GIPPSLAND
T20160012742,Dry,Not known,No collision and no object struck,Sunday,Day,100,2016/03/20,13:30:00,No,1.0,1.0,-36.2563995,146.501569,WANGARATTA
T20160012750,Wet,Clear,Collision with a fixed object,Friday,Dark Street lights on,60,2016/06/10,00:40:00,Yes,2.0,2.0,-36.30790847,145.0320615,CAMPASPE
T20160012754,Wet,Clear,Collision with a fixed object,Friday,Dark Street lights on,60,2016/06/10,01:30:00,Yes,5.0,1.0,-36.75396765,144.2609872,GREATER BENDIGO
T20160012760,Dry,Clear,Collision with vehicle,Thursday,Unknown,50,2016/06/09,17:30:00,No,2.0,1.0,-38.0228213,144.3959847,GREATER GEELONG
T20160012764,Dry,Not known,Struck animal,Monday,Dusk/Dawn,100,2016/05/09,17:30:00,Yes,1.0,1.0,-36.93034049,144.29582,GREATER BENDIGO
T20160012765,Dry,Strong winds,Collision with vehicle,Friday,Day,110,2016/06/10,09:14:00,No,2.0,1.0,-38.1859201,146.2324101,LATROBE
T20160012771,Dry,Clear,Collision with vehicle,Friday,Day,60,2016/06/10,11:10:00,No,3.0,1.0,-34.20215737,142.1318942,MILDURA
T20160012772,Unknown,Not known,Struck Pedestrian,Friday,Unknown,80,2016/06/03,18:00:00,Yes,2.0,1.0,-38.17373142,144.4027593,GREATER GEELONG
T20160012785,Dry,Clear,Collision with vehicle,Friday,Day,60,2016/06/10,15:03:00,No,2.0,1.0,-38.17723852,146.2646903,LATROBE
T20160012787,Wet,Clear,Collision with a fixed object,Sunday,Day,999,2016/06/05,11:30:00,No,1.0,1.0,-36.89179106,144.6665699,GREATER BENDIGO
T20160012791,Dry,Clear,Collision with a fixed object,Friday,Day,80,2016/06/10,15:03:00,No,1.0,1.0,-37.61742019,143.8432934,BALLARAT
T20160012808,Wet,Raining,Collision with vehicle,Friday,Dark Street lights on,50,2016/06/10,18:45:00,Yes,3.0,2.0,-36.75499493,144.2871501,GREATER BENDIGO
T20160012818,Wet,Raining,Collision with a fixed object,Friday,Dark No street lights,100,2016/06/10,18:00:00,Yes,1.0,1.0,-36.31979203,146.2846554,WANGARATTA
T20160012829,Wet,Raining,Collision with a fixed object,Friday,Dark Street lights on,60,2016/06/10,22:20:00,Yes,1.0,1.0,-35.63277203,144.1248278,GANNAWARRA
T20160012836,Dry,Clear,Collision with vehicle,Friday,Dark Street lights on,80,2016/06/10,22:00:00,Yes,2.0,1.0,-34.21503556,142.1462918,MILDURA
T20160012848,Wet,Raining,Collision with a fixed object,Friday,Dark No street lights,100,2016/06/10,21:30:00,Yes,1.0,1.0,-38.03940992,146.1677709,BAW BAW
T20160012856,Wet,Raining,Collision with vehicle,Wednesday,Dark Street lights on,50,2016/06/08,18:28:00,Yes,2.0,1.0,-36.38054391,145.4035649,GREATER SHEPPARTON
T20160012857,Wet,Clear,Collision with a fixed object,Saturday,Day,100,2016/06/11,08:00:00,Yes,2.0,2.0,-35.06049575,142.4979596,MILDURA
T20160012863,Wet,Clear,Collision with a fixed object,Saturday,Dark No street lights,100,2016/06/11,03:00:00,Yes,1.0,1.0,-36.75418325,144.7518185,GREATER BENDIGO
T20160012867,Dry,Clear,Struck Pedestrian,Saturday,Day,50,2016/06/11,10:00:00,No,3.0,1.0,-34.18709269,142.1579851,MILDURA
T20160012886,Wet,Raining,Collision with a fixed object,Saturday,Day,80,2016/06/11,09:50:00,No,1.0,1.0,-38.46364702,145.24103,BASS COAST
T20160012890,Wet,Not known,Collision with a fixed object,Saturday,Day,999,2016/06/11,12:00:00,No,1.0,1.0,-35.99769154,141.49634,HINDMARSH
T20160012895,Unknown,Not known,Collision with a fixed object,Friday,Unknown,100,2016/06/10,20:30:00,Yes,3.0,3.0,-37.84869068,147.2776688,EAST GIPPSLAND
T20160012903,Dry,Clear,Collision with a fixed object,Saturday,Dark No street lights,100,2016/06/11,22:10:00,Yes,2.0,2.0,-37.09176921,143.7928626,CENTRAL GOLDFIELDS
T20160012910,Wet,Clear,Collision with vehicle,Saturday,Day,100,2016/06/11,13:20:00,No,2.0,1.0,-37.37583325,145.0828952,MITCHELL
T20160012926,Wet,Clear,collision with some other object,Sunday,Day,999,2016/06/12,11:40:00,No,1.0,1.0,-37.43688943,145.5634461,MURRINDINDI
T20160012937,Dry,Clear,Struck Pedestrian,Sunday,Day,100,2016/06/12,16:40:00,Yes,2.0,1.0,-36.05886565,146.4304506,INDIGO
T20160012950,Dry,Clear,Collision with a fixed object,Wednesday,Day,100,2016/05/04,09:00:00,No,1.0,1.0,-38.69427731,143.7083052,COLAC OTWAY
T20160012962,Wet,Clear,Collision with a fixed object,Sunday,Dark No street lights,100,2016/06/12,18:30:00,Yes,2.0,2.0,-37.54283989,145.5132206,MURRINDINDI
T20160012976,Dry,Clear,Collision with vehicle,Saturday,Day,60,2016/02/13,16:00:00,Yes,3.0,1.0,-36.38396892,145.4162084,GREATER SHEPPARTON
T20160012984,Wet,Clear,No collision and no object struck,Monday,Day,100,2016/06/13,09:45:00,Yes,1.0,1.0,-37.42419195,145.3074038,MURRINDINDI
T20160012985,Wet,Clear,Vehicle overturned (no collision),Saturday,Day,999,2016/06/11,14:00:00,Yes,1.0,1.0,-37.74282109,146.6701316,WELLINGTON
T20160012988,Dry,Clear,Struck Pedestrian,Monday,Day,40,2016/06/13,10:50:00,No,2.0,1.0,-37.55971599,143.8581712,BALLARAT
T20160012990,Dry,Clear,Collision with vehicle,Monday,Day,100,2016/06/13,12:15:00,No,3.0,1.0,-36.69238995,146.6731899,ALPINE
T20160012993,Unknown,Not known,Struck animal,Tuesday,Dark No street lights,110,2015/10/20,06:00:00,Yes,1.0,1.0,-37.51932005,144.6232798,MACEDON RANGES
T20160012998,Wet,Raining,Collision with a fixed object,Monday,Dark No street lights,100,2016/05/23,22:00:00,Yes,1.0,1.0,-38.44609945,145.8294128,SOUTH GIPPSLAND
T20160013000,Dry,Clear,Collision with vehicle,Monday,Day,80,2016/06/13,13:50:00,No,4.0,1.0,-38.22278397,144.3656844,GREATER GEELONG
T20160013003,Dry,Clear,Collision with vehicle,Monday,Day,100,2016/06/13,11:06:00,No,2.0,1.0,-36.45625265,147.2195005,TOWONG
T20160013006,Dry,Clear,Collision with vehicle,Monday,Day,80,2016/06/13,15:10:00,No,4.0,4.0,-36.39388732,145.4517811,GREATER SHEPPARTON
T20160013009,Dry,Clear,Collision with vehicle,Monday,Day,60,2016/06/13,16:30:00,Yes,3.0,1.0,-37.24257597,144.4544807,MACEDON RANGES
T20160013013,Dry,Clear,Collision with vehicle,Monday,Dark Street lights on,50,2016/06/13,18:40:00,Yes,5.0,1.0,-37.5625297,143.8531474,BALLARAT
T20160013016,Dry,Clear,Collision with a fixed object,Monday,Day,100,2016/06/13,16:20:00,No,1.0,1.0,-37.06613823,142.6766383,NORTHERN GRAMPIANS
T20160013022,Dry,Clear,Collision with a fixed object,Monday,Day,100,2016/06/13,16:23:00,No,3.0,1.0,-38.44413031,143.4821318,COLAC OTWAY
T20160013029,Dry,Clear,Collision with a fixed object,Monday,Dark Street lights on,60,2016/06/13,23:23:00,Yes,4.0,2.0,-36.72955015,144.2494498,GREATER BENDIGO
T20160013039,Dry,Clear,Fall from or in moving vehicle,Saturday,Day,100,2016/06/11,15:30:00,No,1.0,1.0,-36.10194306,141.4026175,HINDMARSH
T20160013043,Dry,Clear,Collision with vehicle,Friday,Dusk/Dawn,100,2016/06/10,07:30:00,No,3.0,2.0,-36.09924138,145.5314892,MOIRA
T20160013044,Dry,Clear,Collision with vehicle,Tuesday,Day,60,2016/06/14,09:50:00,No,2.0,1.0,-38.1671008,145.9468893,BAW BAW
T20160013047,Dry,Clear,Struck Pedestrian,Tuesday,Day,50,2016/06/14,10:05:00,No,2.0,1.0,-37.58515636,143.8408839,BALLARAT
T20160013050,Dry,Clear,Collision with a fixed object,Tuesday,Day,100,2016/06/14,08:50:00,No,2.0,2.0,-38.25500003,144.3310503,SURF COAST
T20160013058,Dry,Clear,Struck Pedestrian,Saturday,Day,50,2016/06/11,15:30:00,Yes,2.0,1.0,-35.34291993,143.5635406,SWAN HILL
T20160013060,Dry,Clear,Collision with vehicle,Tuesday,Day,100,2016/06/14,10:35:00,No,2.0,1.0,-36.95279898,144.7409611,GREATER BENDIGO
T20160013064,Dry,Clear,Collision with vehicle,Sunday,Day,60,2016/06/12,16:00:00,No,2.0,1.0,-38.1671104,145.932384,BAW BAW
T20160013066,Dry,Clear,collision with some other object,Saturday,Day,999,2016/06/11,11:00:00,No,1.0,1.0,-37.75745152,143.8419311,GOLDEN PLAINS
T20160013068,Wet,Raining,Vehicle overturned (no collision),Saturday,Dark Street lights unknown,999,2016/06/04,19:00:00,Yes,1.0,1.0,-37.36867965,145.0395105,MITCHELL
T20160013073,Dry,Clear,Collision with vehicle,Monday,Day,50,2016/06/13,15:25:00,No,5.0,1.0,-37.42952814,143.380333,PYRENEES
T20160013075,Muddy,Clear,Collision with a fixed object,Tuesday,Day,999,2016/06/14,13:00:00,No,1.0,1.0,-37.3359301,145.9854398,MURRINDINDI
T20160013082,Dry,Clear,Collision with a fixed object,Tuesday,Day,100,2016/06/14,10:00:00,No,1.0,1.0,-38.42066119,143.0616527,CORANGAMITE
T20160013086,Dry,Clear,Collision with a fixed object,Monday,Day,60,2016/06/13,10:45:00,No,1.0,1.0,-38.69628829,143.3551761,COLAC OTWAY
T20160013092,Dry,Clear,Collision with vehicle,Tuesday,Dark Street lights on,60,2016/06/14,19:15:00,Yes,2.0,1.0,-37.56405025,143.8382404,BALLARAT
T20160013098,Dry,Clear,Struck Pedestrian,Tuesday,Dark Street lights on,60,2016/06/14,20:20:00,Yes,3.0,2.0,-36.74904766,144.2819126,GREATER BENDIGO
T20160013104,Dry,Clear,Collision with a fixed object,Wednesday,Dark Street lights on,100,2016/06/15,02:23:00,Yes,1.0,1.0,-38.20253449,146.1873013,BAW BAW
T20160013112,Unknown,Not known,No collision and no object struck,Sunday,Day,999,2016/05/22,11:00:00,No,1.0,1.0,-35.82938974,141.6220051,HINDMARSH
T20160013125,Wet,Clear,No collision and no object struck,Sunday,Day,999,2016/06/12,11:30:00,No,1.0,1.0,-37.25817039,142.7026799,ARARAT
T20160013126,Dry,Clear,Collision with vehicle,Wednesday,Dark No street lights,100,2016/06/15,05:55:00,Yes,4.0,3.0,-37.99786107,144.153926,GOLDEN PLAINS
T20160013130,Dry,Clear,Collision with vehicle,Wednesday,Day,40,2016/06/15,10:10:00,No,2.0,1.0,-34.18568112,142.1576813,MILDURA
T20160013133,Dry,Clear,Collision with vehicle,Wednesday,Day,60,2016/06/15,09:45:00,No,2.0,1.0,-38.37681179,142.4899317,WARRNAMBOOL
T20160013138,Dry,Clear,Collision with vehicle,Wednesday,Day,100,2016/06/15,08:45:00,No,2.0,1.0,-38.10794215,144.3206561,GREATER GEELONG
T20160013140,Dry,Clear,Collision with vehicle,Wednesday,Day,100,2016/06/15,08:45:00,No,2.0,1.0,-38.11541039,144.3197126,GREATER GEELONG
T20160013145,Dry,Clear,Collision with vehicle,Wednesday,Day,60,2016/06/15,07:53:00,No,5.0,1.0,-38.13178839,144.3480119,GREATER GEELONG
T20160013149,Dry,Clear,Collision with vehicle,Wednesday,Day,60,2016/06/15,12:55:00,No,2.0,1.0,-36.7178125,142.2049356,HORSHAM
T20160013157,Dry,Clear,Collision with a fixed object,Wednesday,Day,100,2016/06/15,09:15:00,No,1.0,1.0,-37.60680894,148.9033793,EAST GIPPSLAND
T20160013163,Dry,Clear,Collision with a fixed object,Saturday,Dark No street lights,100,2016/05/14,20:30:00,Yes,2.0,2.0,-36.6216713,145.4712495,STRATHBOGIE
T20160013181,Dry,Clear,Collision with vehicle,Wednesday,Dark Street lights on,40,2016/06/15,18:53:00,Yes,3.0,2.0,-38.09296772,147.0850287,WELLINGTON
T20160013193,Dry,Clear,Collision with vehicle,Wednesday,Dark No street lights,100,2016/06/15,23:30:00,Yes,3.0,1.0,-36.92895449,142.5346361,HORSHAM
T20160013200,Dry,Clear,Collision with vehicle,Thursday,Dark Street lights on,50,2016/06/16,07:00:00,No,2.0,1.0,-36.74021437,144.2998549,GREATER BENDIGO
T20160013202,Dry,Not known,Vehicle overturned (no collision),Thursday,Dark No street lights,110,2016/06/16,05:00:00,Yes,1.0,1.0,-36.98250004,145.1461096,MITCHELL
T20160013203,Dry,Clear,Collision with vehicle,Tuesday,Dusk/Dawn,60,2016/05/31,17:20:00,No,3.0,1.0,-34.19168842,142.1599419,MILDURA
T20160013206,Dry,Clear,Collision with vehicle,Thursday,Day,50,2016/06/16,08:46:00,No,1.0,1.0,-36.3970197,145.4070897,GREATER SHEPPARTON
T20160013207,Wet,Raining,Collision with a fixed object,Thursday,Day,80,2016/06/09,15:40:00,No,1.0,1.0,-37.56030211,143.921189,BALLARAT
T20160013211,Dry,Clear,Vehicle overturned (no collision),Sunday,Day,999,2016/06/05,12:00:00,No,1.0,1.0,-38.35508742,144.1173073,SURF COAST
T20160013216,Dry,Clear,Collision with a fixed object,Saturday,Day,100,2016/05/21,10:40:00,No,4.0,4.0,-36.12770675,146.779369,WODONGA
T20160013219,Dry,Clear,Collision with a fixed object,Thursday,Day,70,2016/06/16,08:20:00,No,2.0,2.0,-38.09880077,144.3548608,GREATER GEELONG
T20160013226,Dry,Clear,Collision with vehicle,Wednesday,Day,50,2016/06/15,15:30:00,No,4.0,1.0,-36.13224594,144.752356,CAMPASPE
T20160013227,Dry,Clear,No collision and no object struck,Thursday,Day,100,2016/06/16,12:00:00,No,1.0,1.0,-37.85398095,146.3878828,BAW BAW
T20160013228,Wet,Clear,Vehicle overturned (no collision),Monday,Day,999,2016/06/13,15:00:00,No,1.0,1.0,-36.70678,145.7991231,STRATHBOGIE
T20160013237,Dry,Clear,Struck animal,Monday,Dark No street lights,100,2016/06/13,23:30:00,Yes,1.0,1.0,-38.12252439,144.2192796,GOLDEN PLAINS
T20160013239,Wet,Raining,Collision with vehicle,Thursday,Day,60,2016/06/16,14:00:00,No,4.0,1.0,-34.21546942,142.1260733,MILDURA
T20160013240,Unknown,Not known,Vehicle overturned (no collision),Saturday,Day,999,2016/06/04,09:00:00,No,1.0,1.0,-35.2331,141.8556056,MILDURA
T20160013245,Wet,Clear,Vehicle overturned (no collision),Thursday,Day,100,2016/06/16,14:50:00,No,2.0,2.0,-38.47915579,145.7599178,SOUTH GIPPSLAND
T20160013252,Wet,Raining,Collision with vehicle,Thursday,Day,60,2016/06/16,16:00:00,No,4.0,4.0,-37.04636762,143.7332884,CENTRAL GOLDFIELDS
T20160013256,Dry,Clear,No collision and no object struck,Sunday,Day,100,2016/06/12,10:30:00,No,1.0,1.0,-38.29548956,146.5900018,LATROBE
T20160013257,Dry,Clear,Collision with vehicle,Thursday,Dark No street lights,60,2016/06/16,18:00:00,Yes,2.0,2.0,-37.6873097,144.4659502,MOORABOOL
T20160013272,Dry,Fog,Struck animal,Thursday,Dark No street lights,100,2016/06/16,02:45:00,Yes,1.0,1.0,-37.92408213,146.8834071,WELLINGTON
T20160013278,Wet,Raining,Collision with vehicle,Thursday,Dark Street lights on,60,2016/06/16,20:00:00,Yes,3.0,1.0,-36.74691865,144.2581089,GREATER BENDIGO
T20160013293,Wet,Raining,Collision with vehicle,Friday,Day,50,2016/06/17,08:55:00,No,12.0,3.0,-38.15870413,144.384592,GREATER GEELONG
T20160013304,Dry,Clear,Collision with vehicle,Monday,Day,110,2016/06/13,15:20:00,No,2.0,1.0,-37.66434623,144.4462312,MOORABOOL
T20160013308,Wet,Clear,Collision with a fixed object,Friday,Day,100,2016/06/17,11:02:00,No,1.0,1.0,-38.69248048,146.2116117,SOUTH GIPPSLAND
T20160013309,Wet,Raining,collision with some other object,Friday,Dark No street lights,999,2016/06/17,06:30:00,No,1.0,1.0,-38.47518,145.2576405,BASS COAST
T20160013315,Wet,Raining,Collision with a fixed object,Friday,Day,40,2016/06/17,13:30:00,No,1.0,1.0,-38.23106992,144.3357794,GREATER GEELONG
T20160013317,Wet,Raining,Collision with vehicle,Friday,Day,60,2016/06/17,12:35:00,No,2.0,1.0,-38.13856928,145.8623522,BAW BAW
T20160013321,Wet,Raining,Collision with a fixed object,Thursday,Day,100,2016/06/16,10:00:00,No,1.0,1.0,-38.48284013,145.57016,BASS COAST
T20160013323,Wet,Clear,Collision with vehicle,Friday,Day,60,2016/06/17,15:28:00,No,2.0,1.0,-37.0777759,144.248092,MOUNT ALEXANDER
T20160013329,Wet,Clear,Collision with vehicle,Friday,Day,60,2016/06/17,16:10:00,Yes,2.0,1.0,-37.41711004,144.9790608,MITCHELL
T20160013333,Dry,Clear,Collision with vehicle,Friday,Day,50,2016/06/17,12:40:00,No,3.0,1.0,-38.23641186,146.4015378,LATROBE
T20160013334,Wet,Not known,Collision with vehicle,Friday,Day,999,2016/06/17,14:07:00,No,5.0,3.0,-38.05141993,144.3582934,GREATER GEELONG
T20160013343,Wet,Raining,No collision and no object struck,Friday,Dark No street lights,100,2016/06/17,18:45:00,Yes,2.0,1.0,-38.02613744,143.6543319,GOLDEN PLAINS
T20160013356,Dry,Clear,collision with some other object,Wednesday,Day,100,2016/06/15,10:40:00,No,1.0,1.0,-36.37243914,145.15268,GREATER SHEPPARTON
T20160013362,Unknown,Not known,Collision with vehicle,Friday,Dusk/Dawn,100,2016/06/17,17:20:00,No,2.0,1.0,-38.21317052,147.1040133,WELLINGTON
T20160013374,Dry,Clear,Collision with vehicle,Monday,Day,70,2016/06/06,14:45:00,No,2.0,1.0,-38.09979204,147.067759,WELLINGTON
T20160013375,Wet,Clear,Collision with a fixed object,Thursday,Dark No street lights,60,2016/06/16,20:00:00,Yes,1.0,1.0,-36.12696981,144.7369821,CAMPASPE
T20160013397,Wet,Clear,Collision with a fixed object,Friday,Dusk/Dawn,50,2016/06/17,17:25:00,Yes,1.0,1.0,-36.37087479,146.292931,WANGARATTA
T20160013403,Dry,Clear,Collision with vehicle,Saturday,Day,100,2016/06/18,15:15:00,Yes,3.0,1.0,-38.41941692,145.5500339,BASS COAST
T20160013406,Dry,Clear,Collision with a fixed object,Saturday,Dark No street lights,100,2016/06/18,01:40:00,Yes,1.0,1.0,-38.302344,145.7119614,SOUTH GIPPSLAND
T20160013408,Dry,Clear,Collision with vehicle,Saturday,Dusk/Dawn,110,2016/06/18,17:10:00,Yes,7.0,1.0,-38.24183522,146.4066549,LATROBE
T20160013411,Dry,Clear,Collision with vehicle,Saturday,Day,60,2016/05/28,11:30:00,No,4.0,1.0,-36.75737269,144.2919333,GREATER BENDIGO
T20160013422,Wet,Fog,Collision with a fixed object,Friday,Dark No street lights,100,2016/06/17,20:15:00,Yes,3.0,1.0,-36.44151799,143.3056636,BULOKE
T20160013425,Dry,Clear,Collision with a fixed object,Saturday,Dark Street lights on,50,2016/06/18,22:17:00,Yes,4.0,4.0,-36.71390001,142.1971187,HORSHAM
T20160013432,Dry,Clear,Fall from or in moving vehicle,Sunday,Dark No street lights,100,2016/06/19,00:45:00,Yes,2.0,1.0,-38.23684244,146.3607202,LATROBE
T20160013436,Dry,Clear,Vehicle overturned (no collision),Saturday,Dark No street lights,100,2016/06/18,23:30:00,Yes,1.0,1.0,-37.28211669,141.4098079,WEST WIMMERA
T20160013438,Wet,Raining,Collision with vehicle,Saturday,Day,60,2016/06/18,16:45:00,Yes,2.0,1.0,-37.07291052,144.2069606,MOUNT ALEXANDER
T20160013442,Unknown,Not known,Collision with a fixed object,Sunday,Dark No street lights,100,2016/06/19,05:00:00,Yes,1.0,1.0,-36.13382104,146.5352061,INDIGO
T20160013446,Dry,Clear,Vehicle overturned (no collision),Saturday,Day,100,2016/06/18,15:00:00,Yes,1.0,1.0,-37.74723731,143.7869202,GOLDEN PLAINS
T20160013453,Wet,Clear,No collision and no object struck,Saturday,Day,100,2016/06/18,13:00:00,No,1.0,1.0,-37.48323955,147.2053151,WELLINGTON