Accident_No,Surface_Cond_Desc,Atmosph_Cond_Desc,Accident_Type_Desc,Day,Light_Condition_Desc,Speed_Zone,Accident_Date,Accident_Time,Alcohol_Influence,Total_Persons_Inv,Inj_Or_Fatal,Lat,Long,LGA
T20160013462,Dry,Clear,Struck animal,Sunday,Day,100,2016/06/19,13:25:00,No,1.0,1.0,-37.21405797,144.3500764,HEPBURN
T20160013465,Wet,Raining,Collision with a fixed object,Sunday,Day,100,2016/06/19,12:00:00,No,1.0,1.0,-34.45442333,142.28656,MILDURA
T20160013476,Dry,Clear,Collision with vehicle,Sunday,Dark Street lights on,60,2016/06/19,20:45:00,No,2.0,1.0,-38.20310806,144.3408413,GREATER GEELONG
T20160013477,Dry,Not known,Collision with vehicle,Sunday,Dark Street lights on,60,2016/06/19,19:30:00,Yes,1.0,1.0,-36.39389918,145.4081794,GREATER SHEPPARTON
T20160013493,Wet,Raining,Struck animal,Sunday,Day,999,2016/06/19,13:30:00,No,1.0,1.0,-37.39643213,145.1296677,MITCHELL
T20160013495,Dry,Clear,Vehicle overturned (no collision),Tuesday,Dusk/Dawn,60,2016/05/31,16:22:00,No,2.0,1.0,-37.54961238,143.8662577,BALLARAT
T20160013502,Wet,Raining,Collision with vehicle,Monday,Dark No street lights,100,2016/06/20,06:15:00,No,2.0,2.0,-37.90446236,144.0889717,GOLDEN PLAINS
T20160013504,Wet,Not known,Vehicle overturned (no collision),Monday,Day,80,2016/06/06,16:05:00,No,1.0,1.0,-37.74894787,146.3802136,BAW BAW
T20160013516,Wet,Raining,Collision with vehicle,Monday,Day,60,2016/06/20,09:30:00,No,3.0,2.0,-36.39531265,145.3557817,GREATER SHEPPARTON
T20160013518,Dry,Clear,Struck animal,Monday,Day,999,2016/06/13,12:30:00,No,1.0,1.0,-37.17379211,145.1389882,MITCHELL
T20160013535,Wet,Raining,Collision with vehicle,Monday,Dusk/Dawn,80,2016/06/20,17:45:00,No,3.0,2.0,-38.18193176,146.5002533,LATROBE
T20160013541,Dry,Clear,Collision with vehicle,Monday,Dark No street lights,80,2016/06/20,17:00:00,No,2.0,2.0,-38.27884143,144.2617897,SURF COAST
T20160013561,Dry,Clear,Collision with a fixed object,Tuesday,Dark Street lights on,40,2016/06/21,00:20:00,Yes,4.0,1.0,-38.07094562,144.3667099,GREATER GEELONG
T20160013567,Dry,Not known,Collision with a fixed object,Tuesday,Dark No street lights,100,2016/06/21,04:00:00,Yes,1.0,1.0,-36.6834918,144.3695516,GREATER BENDIGO
T20160013570,Wet,Raining,Collision with vehicle,Monday,Day,50,2016/06/20,13:30:00,No,2.0,1.0,-38.60180721,145.6000536,BASS COAST
T20160013575,Wet,Dust,No collision and no object struck,Monday,Day,999,2016/06/13,15:05:00,No,1.0,1.0,-37.95262094,146.4234021,BAW BAW
T20160013581,Muddy,Clear,Collision with a fixed object,Sunday,Day,60,2016/05/15,11:00:00,No,1.0,1.0,-37.94268489,145.8130197,BAW BAW
T20160013587,Dry,Clear,Collision with vehicle,Tuesday,Dusk/Dawn,60,2016/06/21,07:14:00,No,2.0,1.0,-38.14117289,144.3115161,GREATER GEELONG
T20160013590,Dry,Clear,Collision with vehicle,Tuesday,Day,60,2016/06/21,09:35:00,No,6.0,3.0,-38.15548656,144.3569625,GREATER GEELONG
T20160013592,Wet,Raining,Vehicle overturned (no collision),Saturday,Day,999,2016/06/04,12:00:00,No,1.0,1.0,-37.44739292,145.4756817,MURRINDINDI
T20160013597,Dry,Clear,Collision with vehicle,Tuesday,Day,50,2016/06/21,14:30:00,No,2.0,1.0,-38.19451136,144.4620182,GREATER GEELONG
T20160013603,Wet,Clear,Collision with vehicle,Tuesday,Day,80,2016/06/21,09:38:00,No,2.0,1.0,-34.239605,142.1756834,MILDURA
T20160013604,Wet,Clear,Struck Pedestrian,Tuesday,Dusk/Dawn,50,2016/06/07,18:10:00,Yes,3.0,1.0,-38.15074652,144.3648099,GREATER GEELONG
T20160013607,Dry,Clear,Collision with vehicle,Tuesday,Day,50,2016/06/21,15:58:00,No,2.0,1.0,-38.33767092,143.5732897,COLAC OTWAY
T20160013613,Dry,Clear,Struck Pedestrian,Tuesday,Day,60,2016/06/21,16:37:00,No,2.0,1.0,-37.96676103,146.9758391,WELLINGTON
T20160013616,Wet,Raining,Collision with a fixed object,Tuesday,Day,999,2016/06/21,15:45:00,No,1.0,1.0,-37.07993037,144.0859911,MOUNT ALEXANDER
T20160013617,Wet,Raining,Vehicle overturned (no collision),Tuesday,Dark No street lights,80,2016/06/21,01:10:00,Yes,1.0,1.0,-37.37223864,144.3528179,HEPBURN
T20160013622,Wet,Raining,Collision with vehicle,Tuesday,Day,50,2016/06/21,16:30:00,No,5.0,4.0,-36.35547305,144.6998951,CAMPASPE
T20160013626,Wet,Raining,Collision with a fixed object,Saturday,Day,80,2016/06/11,16:30:00,Yes,2.0,2.0,-37.8569045,146.3921914,BAW BAW
T20160013627,Dry,Clear,Collision with a fixed object,Tuesday,Day,80,2016/06/21,12:00:00,No,1.0,1.0,-38.27283,142.67281,MOYNE
T20160013643,Wet,Raining,Collision with vehicle,Tuesday,Dark Street lights on,50,2016/06/21,21:44:00,Yes,2.0,1.0,-37.5671465,143.8582657,BALLARAT
T20160013659,Dry,Clear,Collision with vehicle,Wednesday,Day,50,2016/06/22,07:45:00,No,2.0,1.0,-37.82669174,147.6342403,EAST GIPPSLAND
T20160013664,Dry,Clear,Vehicle overturned (no collision),Friday,Day,50,2016/04/15,14:20:00,No,1.0,1.0,-36.77077071,144.3140684,GREATER BENDIGO
T20160013675,Dry,Clear,Collision with vehicle,Friday,Day,60,2016/04/15,16:24:00,No,4.0,1.0,-36.78158178,144.2489266,GREATER BENDIGO
T20160013677,Wet,Clear,Struck Pedestrian,Wednesday,Day,60,2016/06/22,07:14:00,No,3.0,1.0,-37.30042087,143.7826829,HEPBURN
T20160013689,Dry,Clear,Collision with vehicle,Monday,Dark Street lights on,60,2016/06/13,19:45:00,Yes,6.0,1.0,-38.1869855,146.2847686,LATROBE
T20160013700,Wet,Raining,Collision with vehicle,Wednesday,Dusk/Dawn,50,2016/06/22,17:50:00,No,3.0,1.0,-37.56110984,143.8695824,BALLARAT
T20160013704,Wet,Raining,Collision with a fixed object,Wednesday,Dark No street lights,80,2016/06/22,18:00:00,Yes,1.0,1.0,-37.62210919,143.6759613,GOLDEN PLAINS
T20160013711,Dry,Clear,Collision with vehicle,Wednesday,Dark Street lights on,50,2016/06/22,18:10:00,Yes,2.0,1.0,-38.11637855,144.3280804,GREATER GEELONG
T20160013719,Muddy,Clear,Collision with a fixed object,Saturday,Day,100,2016/05/21,15:20:00,Yes,1.0,1.0,-37.51085787,145.8750969,LAKE MOUNTAIN ALPINE RESORT (UNINC)
T20160013730,Wet,Clear,Collision with vehicle,Thursday,Dusk/Dawn,60,2016/06/23,07:00:00,No,2.0,1.0,-36.69655068,144.3226866,GREATER BENDIGO
T20160013748,Dry,Clear,Collision with vehicle,Wednesday,Dark Street lights on,50,2016/06/22,21:30:00,Yes,2.0,2.0,-38.16470408,144.3493297,GREATER GEELONG
T20160013756,Wet,Raining,Vehicle overturned (no collision),Thursday,Day,999,2016/06/23,14:05:00,No,1.0,1.0,-37.44227313,145.4948196,MURRINDINDI
T20160013758,Wet,Raining,Collision with vehicle,Wednesday,Dark Street lights on,60,2016/06/22,21:15:00,Yes,2.0,2.0,-38.3629487,141.5940002,GLENELG
T20160013760,Wet,Raining,Collision with a fixed object,Monday,Dark No street lights,80,2016/06/20,06:30:00,Yes,1.0,1.0,-38.37149033,145.5645495,BASS COAST
T20160013764,Dry,Clear,Collision with vehicle,Thursday,Day,50,2016/06/23,12:55:00,No,4.0,1.0,-36.25457176,144.9579669,CAMPASPE
T20160013773,Wet,Clear,Collision with vehicle,Thursday,Dark Street lights on,50,2016/06/23,17:35:00,No,2.0,1.0,-38.14789318,144.3548291,GREATER GEELONG
T20160013776,Wet,Raining,Struck Pedestrian,Thursday,Dark Street lights on,50,2016/06/23,17:45:00,No,2.0,1.0,-37.06442567,144.2170103,MOUNT ALEXANDER
T20160013778,Wet,Raining,Collision with vehicle,Thursday,Dark Street lights on,60,2016/06/23,18:00:00,Yes,2.0,1.0,-38.37900185,142.4900942,WARRNAMBOOL
T20160013788,Dry,Clear,Struck Pedestrian,Thursday,Dark Street lights on,60,2016/06/23,18:00:00,Yes,2.0,1.0,-36.74911039,144.2819996,GREATER BENDIGO
T20160013792,Dry,Clear,Collision with vehicle,Thursday,Dark No street lights,80,2016/06/23,18:00:00,Yes,2.0,1.0,-38.16402875,146.702169,LATROBE
T20160013806,Wet,Raining,Vehicle overturned (no collision),Thursday,Dark No street lights,100,2016/06/23,23:45:00,Yes,1.0,1.0,-37.8141942,141.5923795,GLENELG
T20160013818,Wet,Clear,Collision with a fixed object,Friday,Day,100,2016/06/24,07:00:00,No,4.0,4.0,-37.70662449,148.4686662,EAST GIPPSLAND
T20160013824,Wet,Clear,Collision with vehicle,Tuesday,Day,100,2016/06/21,09:40:00,No,2.0,2.0,-37.26824579,144.9559148,MITCHELL
T20160013835,Dry,Clear,Collision with vehicle,Friday,Day,50,2016/06/24,12:05:00,No,2.0,1.0,-38.15253369,144.3335293,GREATER GEELONG
T20160013848,Unknown,Not known,Vehicle overturned (no collision),Friday,Day,999,2016/06/24,12:00:00,No,1.0,1.0,-36.70946361,143.255701,NORTHERN GRAMPIANS
T20160013850,Wet,Raining,Vehicle overturned (no collision),Friday,Day,100,2016/06/24,11:00:00,No,2.0,2.0,-38.22531093,142.7626498,MOYNE
T20160013859,Wet,Clear,Collision with vehicle,Friday,Dusk/Dawn,60,2016/06/24,17:15:00,No,3.0,2.0,-36.3702879,145.4030185,GREATER SHEPPARTON
T20160013877,Wet,Raining,Struck Pedestrian,Friday,Dark No street lights,50,2016/06/24,19:35:00,Yes,2.0,1.0,-38.23191088,146.4142234,LATROBE
T20160013886,Dry,Clear,Collision with a fixed object,Saturday,Dark Street lights on,60,2016/06/25,01:35:00,Yes,1.0,1.0,-36.1277493,144.7548399,CAMPASPE
T20160013888,Wet,Raining,Collision with a fixed object,Friday,Dark No street lights,80,2016/06/24,05:30:00,Yes,1.0,1.0,-37.20708989,144.4706391,MACEDON RANGES
T20160013890,Wet,Clear,Collision with a fixed object,Saturday,Dark No street lights,60,2016/06/25,00:00:00,Yes,1.0,1.0,-37.60213131,143.8495995,BALLARAT
T20160013899,Dry,Clear,Vehicle overturned (no collision),Wednesday,Day,100,2016/06/15,13:30:00,No,2.0,2.0,-37.66970653,143.457658,CORANGAMITE
T20160013900,Wet,Not known,Collision with vehicle,Saturday,Unknown,110,2016/06/25,08:05:00,No,3.0,1.0,-37.61084866,144.2955514,MOORABOOL
T20160013909,Wet,Raining,Collision with vehicle,Thursday,Dark Street lights on,60,2016/06/23,21:30:00,Yes,2.0,1.0,-36.41372471,145.3922855,GREATER SHEPPARTON
T20160013910,Wet,Raining,Collision with a fixed object,Friday,Dark Street lights on,50,2016/06/24,23:10:00,Yes,1.0,1.0,-37.42412741,143.8945892,HEPBURN
T20160013916,Icy,Clear,Collision with a fixed object,Saturday,Day,100,2016/06/25,07:45:00,Yes,3.0,3.0,-37.33597727,144.1639073,HEPBURN
T20160013917,Icy,Clear,Collision with a fixed object,Saturday,Day,80,2016/06/25,08:30:00,No,1.0,1.0,-37.62134994,143.8343606,BALLARAT
T20160013920,Icy,Clear,Vehicle overturned (no collision),Saturday,Day,100,2016/06/25,08:00:00,No,4.0,1.0,-37.38879486,144.5264872,MACEDON RANGES
T20160013933,Dry,Clear,Vehicle overturned (no collision),Saturday,Day,100,2016/06/25,11:15:00,No,1.0,1.0,-36.51446877,141.9860601,HINDMARSH
T20160013936,Dry,Not known,Collision with a fixed object,Monday,Dark Street lights unknown,80,2016/06/13,01:20:00,Yes,1.0,1.0,-36.36468889,145.51603,GREATER SHEPPARTON
T20160013939,Dry,Clear,Collision with vehicle,Saturday,Day,100,2016/06/25,15:10:00,Yes,4.0,4.0,-36.35349925,146.8704934,INDIGO
T20160013942,Wet,Raining,Collision with a fixed object,Saturday,Day,100,2016/06/25,15:51:00,Yes,3.0,3.0,-37.56719162,149.035432,EAST GIPPSLAND
T20160013945,Dry,Clear,Collision with a fixed object,Saturday,Dark Street lights on,60,2016/06/25,19:20:00,Yes,2.0,2.0,-36.55478229,145.977052,BENALLA
T20160013958,Icy,Clear,Collision with a fixed object,Saturday,Dark No street lights,60,2016/06/25,04:30:00,Yes,2.0,2.0,-37.51755006,143.8263005,BALLARAT
T20160013959,Dry,Clear,Collision with vehicle,Saturday,Dark Street lights on,60,2016/06/25,23:30:00,Yes,6.0,5.0,-35.33926633,143.5550973,SWAN HILL
T20160013965,Icy,Clear,Collision with a fixed object,Sunday,Dark No street lights,80,2016/06/26,05:15:00,Yes,9.0,1.0,-37.55902014,143.91831,BALLARAT
T20160013967,Dry,Clear,Collision with a fixed object,Sunday,Dark No street lights,100,2016/06/26,01:00:00,Yes,1.0,1.0,-36.85136098,144.1548588,GREATER BENDIGO
T20160013968,Wet,Clear,Collision with a fixed object,Sunday,Dark No street lights,100,2016/06/26,02:00:00,Yes,2.0,2.0,-38.67334074,146.1536584,SOUTH GIPPSLAND
T20160013975,Dry,Clear,Collision with vehicle,Wednesday,Day,80,2016/05/25,10:35:00,No,2.0,1.0,-38.24881104,146.5483346,LATROBE
T20160013978,Dry,Clear,Collision with vehicle,Sunday,Day,60,2016/06/26,09:45:00,Yes,4.0,2.0,-37.57961197,143.8420606,BALLARAT
T20160013982,Wet,Fog,Collision with vehicle,Tuesday,Dusk/Dawn,100,2016/04/19,06:45:00,No,2.0,1.0,-38.0878676,145.9939052,BAW BAW
T20160013983,Dry,Clear,Collision with vehicle,Sunday,Day,100,2016/06/26,11:05:00,No,5.0,2.0,-36.6267724,144.1567035,GREATER BENDIGO
T20160013990,Wet,Clear,Vehicle overturned (no collision),Sunday,Day,999,2016/06/26,13:45:00,No,1.0,1.0,-38.21139685,146.2472212,LATROBE
T20160013991,Dry,Clear,Fall from or in moving vehicle,Sunday,Dark Street lights on,60,2016/06/26,02:00:00,Yes,2.0,2.0,-38.45615073,145.2389852,BASS COAST
T20160014003,Dry,Clear,Collision with a fixed object,Sunday,Day,100,2016/06/26,15:00:00,No,5.0,5.0,-36.32043002,146.45296,WANGARATTA
T20160014006,Dry,Clear,Struck animal,Saturday,Dark No street lights,80,2016/04/02,23:30:00,Yes,3.0,1.0,-38.60129544,146.213541,SOUTH GIPPSLAND
T20160014022,Unknown,Not known,Struck Pedestrian,Tuesday,Dark No street lights,999,2016/06/14,18:45:00,Yes,2.0,2.0,-37.32670467,144.0067792,HEPBURN
T20160014027,Wet,Raining,Collision with a fixed object,Monday,Day,100,2016/06/27,08:30:00,No,1.0,1.0,-38.41941819,145.4657904,BASS COAST
T20160014035,Dry,Clear,Collision with vehicle,Monday,Day,60,2016/06/27,08:57:00,No,3.0,1.0,-36.73624021,147.1594697,ALPINE
T20160014041,Muddy,Clear,No collision and no object struck,Saturday,Day,999,2016/06/25,15:30:00,Yes,1.0,1.0,-36.73014076,145.7878077,STRATHBOGIE
T20160014052,Dry,Clear,Struck animal,Sunday,Day,80,2016/06/26,14:30:00,No,1.0,1.0,-36.39094005,146.6902598,INDIGO
T20160014057,Dry,Clear,Collision with a fixed object,Monday,Day,110,2016/06/27,15:30:00,No,2.0,1.0,-38.20848604,146.3198845,LATROBE
T20160014062,Dry,Fog,No collision and no object struck,Sunday,Dark No street lights,100,2016/06/26,21:00:00,No,4.0,4.0,-36.372454,145.2955284,GREATER SHEPPARTON
T20160014068,Dry,Clear,Vehicle overturned (no collision),Monday,Day,110,2016/06/27,08:12:00,No,2.0,2.0,-34.4731299,142.2036109,MILDURA
T20160014072,Wet,Not known,No collision and no object struck,Sunday,Unknown,60,2016/06/12,12:00:00,No,1.0,1.0,-36.10858787,147.3185208,TOWONG
T20160014073,Unknown,Not known,Vehicle overturned (no collision),Sunday,Day,999,2016/06/19,14:00:00,No,1.0,1.0,-37.15260066,145.1858383,MITCHELL
T20160014076,Wet,Not known,Collision with a fixed object,Thursday,Dark Street lights unknown,100,2016/06/23,19:40:00,Yes,1.0,1.0,-36.3233918,145.3993557,GREATER SHEPPARTON
T20160014086,Unknown,Not known,Collision with vehicle,Saturday,Day,100,2016/06/25,16:20:00,Yes,5.0,1.0,-38.63483366,146.5829109,WELLINGTON
T20160014097,Dry,Clear,Collision with vehicle,Tuesday,Dusk/Dawn,50,2016/06/28,05:17:00,Yes,2.0,1.0,-38.37334043,142.4614261,WARRNAMBOOL
T20160014105,Wet,Clear,Collision with a fixed object,Tuesday,Dark No street lights,100,2016/06/28,05:00:00,Yes,1.0,1.0,-36.84274207,144.2305548,GREATER BENDIGO
T20160014109,Dry,Clear,Collision with vehicle,Wednesday,Day,60,2016/06/08,09:04:00,No,3.0,1.0,-38.14287007,144.3359205,GREATER GEELONG
T20160014112,Dry,Fog,Collision with vehicle,Tuesday,Day,100,2016/06/28,08:00:00,No,2.0,1.0,-37.4182297,143.7992175,BALLARAT
T20160014146,Dry,Clear,Collision with vehicle,Tuesday,Day,70,2016/06/28,13:59:00,No,3.0,2.0,-38.15460793,144.351431,GREATER GEELONG
T20160014150,Muddy,Raining,Vehicle overturned (no collision),Saturday,Day,999,2016/06/25,15:30:00,Yes,1.0,1.0,-37.81350929,146.16509,BAW BAW
T20160014161,Dry,Clear,Collision with vehicle,Monday,Day,60,2016/06/27,12:59:00,No,2.0,1.0,-36.36782073,146.3140432,WANGARATTA
T20160014175,Dry,Clear,Collision with vehicle,Friday,Dark Street lights on,60,2016/06/24,17:50:00,Yes,2.0,1.0,-36.76712119,144.266509,GREATER BENDIGO
T20160014177,Dry,Clear,Collision with a fixed object,Wednesday,Dark Street lights on,100,2016/06/29,06:05:00,No,1.0,1.0,-36.65038114,144.3506914,GREATER BENDIGO
T20160014191,Icy,Fog,Collision with vehicle,Friday,Dark Street lights on,60,2016/06/24,05:43:00,Yes,1.0,1.0,-36.76455982,144.2481709,GREATER BENDIGO
T20160014193,Dry,Clear,Collision with a fixed object,Tuesday,Dark No street lights,100,2016/06/28,20:30:00,Yes,1.0,1.0,-36.50110428,143.5517192,LODDON
T20160014194,Dry,Clear,Collision with vehicle,Friday,Day,999,2016/03/25,17:30:00,Yes,4.0,1.0,-36.76554697,146.4145936,WANGARATTA
T20160014197,Dry,Clear,Collision with a fixed object,Thursday,Day,50,2016/06/09,13:50:00,No,1.0,1.0,-35.72571056,142.3656189,YARRIAMBIACK
T20160014201,Dry,Clear,Vehicle overturned (no collision),Tuesday,Day,100,2016/06/28,13:50:00,No,1.0,1.0,-37.66815055,141.3128886,GLENELG
T20160014206,Dry,Clear,Struck Pedestrian,Wednesday,Day,50,2016/06/29,11:44:00,No,2.0,1.0,-37.53231618,143.8243407,BALLARAT
T20160014212,Wet,Not known,Collision with vehicle,Tuesday,Dark Street lights unknown,999,2016/06/21,17:45:00,No,2.0,2.0,-36.33594113,145.4158121,GREATER SHEPPARTON
T20160014215,Dry,Clear,Vehicle overturned (no collision),Sunday,Day,999,2016/06/12,15:30:00,No,1.0,1.0,-38.08811436,145.7729444,BAW BAW
T20160014216,Dry,Clear,Struck animal,Friday,Dark No street lights,100,2016/04/22,18:52:00,Yes,2.0,1.0,-38.45533276,143.0608491,CORANGAMITE
T20160014221,Dry,Clear,Collision with vehicle,Wednesday,Day,100,2016/06/29,15:40:00,No,2.0,1.0,-38.25731394,146.4873776,LATROBE
T20160014227,Icy,Snowing,Vehicle overturned (no collision),Saturday,Day,999,2016/06/25,15:00:00,Yes,1.0,1.0,-37.96230149,146.4180461,BAW BAW
T20160014228,Dry,Not known,Collision with vehicle,Wednesday,Dusk/Dawn,50,2016/06/29,18:17:00,Yes,3.0,1.0,-36.38054391,145.4035649,GREATER SHEPPARTON
T20160014230,Dry,Clear,Collision with a fixed object,Wednesday,Dark No street lights,100,2016/06/29,19:40:00,Yes,1.0,1.0,-37.80108095,144.4064014,MOORABOOL
T20160014235,Dry,Clear,Collision with vehicle,Wednesday,Day,50,2016/06/29,16:55:00,No,1.0,1.0,-38.13795609,144.3478107,GREATER GEELONG
T20160014249,Dry,Strong winds,Collision with a fixed object,Wednesday,Dark No street lights,100,2016/06/29,19:15:00,Yes,1.0,1.0,-37.48340253,144.5201526,MACEDON RANGES
T20160014250,Wet,Raining,Collision with vehicle,Thursday,Dark Street lights on,60,2016/06/30,06:55:00,No,2.0,1.0,-38.17968425,144.3768052,GREATER GEELONG
T20160014262,Wet,Raining,Collision with vehicle,Thursday,Day,60,2016/06/30,12:38:00,No,2.0,1.0,-37.5791494,143.8141501,BALLARAT
T20160014265,Dry,Clear,Struck Pedestrian,Thursday,Day,999,2016/06/30,12:30:00,No,2.0,1.0,-38.47584814,145.944228,SOUTH GIPPSLAND
T20160014273,Dry,Not known,No collision and no object struck,Sunday,Day,100,2016/06/12,11:00:00,No,2.0,1.0,-38.24245323,146.2405244,BAW BAW
T20160014276,Wet,Clear,Collision with vehicle,Thursday,Dusk/Dawn,80,2016/06/30,17:15:00,No,3.0,3.0,-38.21960827,144.337915,GREATER GEELONG
T20160014282,Dry,Clear,Collision with vehicle,Thursday,Day,60,2016/06/30,14:30:00,No,3.0,1.0,-36.12783396,144.7537883,CAMPASPE
T20160014284,Wet,Raining,Collision with vehicle,Thursday,Day,80,2016/06/30,15:55:00,No,8.0,4.0,-38.31078673,144.2834288,SURF COAST
T20160014290,Wet,Clear,Collision with vehicle,Thursday,Dark No street lights,80,2016/06/30,21:10:00,Yes,4.0,2.0,-34.2527492,142.179419,MILDURA
T20160014291,Wet,Clear,Collision with vehicle,Friday,Dark Street lights on,60,2016/07/01,00:00:00,Yes,1.0,1.0,-38.15204248,145.9335595,BAW BAW
T20160014304,Wet,Raining,collision with some other object,Thursday,Dark No street lights,100,2016/06/30,20:00:00,Yes,1.0,1.0,-37.97944969,141.2998988,GLENELG
T20160014309,Wet,Raining,Struck Pedestrian,Thursday,Dark Street lights on,60,2016/06/30,19:00:00,Yes,2.0,1.0,-37.5646143,143.8610792,BALLARAT
T20160014313,Unknown,Not known,Collision with vehicle,Friday,Day,60,2016/05/20,14:00:00,No,2.0,1.0,-36.75524587,144.2740756,GREATER BENDIGO
T20160014319,Dry,Clear,Collision with vehicle,Friday,Day,100,2016/07/01,10:10:00,No,3.0,2.0,-36.23878727,145.4905292,GREATER SHEPPARTON
T20160014331,Dry,Clear,No collision and no object struck,Saturday,Day,80,2016/04/16,12:00:00,No,1.0,1.0,-38.51404591,143.7362118,COLAC OTWAY
T20160014334,Wet,Clear,Collision with vehicle,Friday,Day,60,2016/07/01,12:42:00,No,4.0,3.0,-38.02316113,144.4149018,GREATER GEELONG
T20160014335,Unknown,Raining,Struck animal,Thursday,Dark No street lights,999,2016/06/30,17:45:00,No,2.0,2.0,-36.03841977,145.32654,MOIRA
T20160014336,Unknown,Not known,Struck animal,Sunday,Dark No street lights,100,2016/06/26,04:40:00,Yes,1.0,1.0,-37.43428001,145.0595599,MITCHELL
T20160014338,Wet,Clear,Collision with vehicle,Friday,Day,100,2016/07/01,14:15:00,No,2.0,1.0,-37.90880956,143.669056,GOLDEN PLAINS
T20160014343,Dry,Dust,collision with some other object,Sunday,Day,30,2016/06/19,13:00:00,No,1.0,1.0,-37.51992085,145.6023224,MURRINDINDI
T20160014360,Dry,Clear,Collision with vehicle,Thursday,Day,60,2016/04/07,17:50:00,No,2.0,1.0,-37.5598574,143.8390233,BALLARAT
T20160014362,Dry,Not known,Struck Pedestrian,Friday,Dark No street lights,50,2016/07/01,00:10:00,Yes,2.0,2.0,-38.45319576,145.226,BASS COAST
T20160014395,Wet,Not known,Vehicle overturned (no collision),Saturday,Dark Street lights off,60,2016/07/02,00:00:00,Yes,1.0,1.0,-36.1101796,146.8888707,WODONGA
T20160014396,Dry,Clear,Struck Pedestrian,Saturday,Day,60,2016/07/02,11:40:00,No,3.0,1.0,-37.82303756,147.6284514,EAST GIPPSLAND
T20160014400,Dry,Clear,Collision with vehicle,Saturday,Day,70,2016/07/02,13:24:00,No,2.0,1.0,-38.12692715,144.3392528,GREATER GEELONG
T20160014406,Dry,Clear,Collision with vehicle,Saturday,Day,50,2016/07/02,14:05:00,No,4.0,1.0,-36.74686194,144.2586261,GREATER BENDIGO
T20160014412,Wet,Raining,Struck animal,Wednesday,Dark No street lights,80,2016/05/11,02:48:00,Yes,2.0,1.0,-38.20427305,146.4553298,LATROBE
T20160014434,Wet,Raining,Collision with a fixed object,Sunday,Dark Street lights on,100,2016/07/03,00:20:00,Yes,1.0,1.0,-36.29883085,145.0053609,CAMPASPE
T20160014439,Dry,Clear,Collision with a fixed object,Sunday,Dark Street lights on,50,2016/07/03,02:00:00,No,1.0,1.0,-38.28374494,144.4933526,GREATER GEELONG
T20160014449,Wet,Clear,Collision with a fixed object,Sunday,Day,100,2016/07/03,10:31:00,No,1.0,1.0,-36.62678589,145.6863243,STRATHBOGIE
T20160014452,Wet,Raining,Collision with a fixed object,Sunday,Day,100,2016/07/03,11:30:00,No,1.0,1.0,-36.28368962,146.6633116,INDIGO
T20160014456,Dry,Clear,Vehicle overturned (no collision),Sunday,Day,100,2016/07/03,11:45:00,No,1.0,1.0,-38.38461062,146.2545898,LATROBE
T20160014457,Unknown,Not known,No collision and no object struck,Thursday,Day,60,2016/06/23,13:00:00,No,1.0,1.0,-36.39688645,145.3958898,GREATER SHEPPARTON
T20160014479,Dry,Clear,Collision with vehicle,Sunday,Dark Street lights on,80,2016/07/03,17:57:00,Yes,3.0,1.0,-38.21347032,144.3391229,GREATER GEELONG
T20160014484,Wet,Clear,Collision with a fixed object,Sunday,Day,100,2016/07/03,15:03:00,No,2.0,2.0,-38.32530834,142.5865541,MOYNE
T20160014487,Dry,Not known,Struck animal,Monday,Dark No street lights,100,2016/07/04,01:00:00,Yes,2.0,2.0,-36.42940328,145.6923596,GREATER SHEPPARTON
T20160014495,Unknown,Not known,Collision with vehicle,Friday,Day,100,2016/07/01,15:30:00,No,2.0,1.0,-38.21625911,147.1066421,WELLINGTON
T20160014498,Dry,Clear,Vehicle overturned (no collision),Sunday,Day,100,2016/07/03,13:30:00,No,1.0,1.0,-38.2962198,146.538097,LATROBE
T20160014501,Muddy,Not known,Vehicle overturned (no collision),Saturday,Day,999,2016/07/02,11:30:00,No,1.0,1.0,-35.79648949,141.9413753,HINDMARSH
T20160014504,Dry,Clear,Collision with vehicle,Monday,Day,60,2016/07/04,10:20:00,No,2.0,2.0,-38.33953607,143.5829112,COLAC OTWAY
T20160014508,Dry,Clear,Struck Pedestrian,Thursday,Unknown,40,2016/05/12,18:30:00,Yes,2.0,1.0,-38.23656961,146.3944102,LATROBE
T20160014525,Dry,Clear,Collision with vehicle,Thursday,Day,100,2016/04/28,17:00:00,No,2.0,1.0,-37.42356015,144.978573,MITCHELL
T20160014535,Unknown,Not known,Collision with vehicle,Saturday,Day,60,2016/07/02,13:00:00,No,3.0,2.0,-36.76599053,144.2677607,GREATER BENDIGO
T20160014552,Dry,Clear,Collision with vehicle,Monday,Day,50,2016/07/04,16:33:00,No,5.0,2.0,-36.37956196,145.403741,GREATER SHEPPARTON
T20160014560,Wet,Raining,Collision with vehicle,Monday,Dark Street lights on,50,2016/07/04,20:20:00,Yes,4.0,1.0,-38.36455222,141.5930162,GLENELG
T20160014561,Wet,Raining,Collision with vehicle,Monday,Day,80,2016/07/04,16:30:00,No,6.0,1.0,-38.03726328,144.3558312,GREATER GEELONG