Accident_No,Surface_Cond_Desc,Atmosph_Cond_Desc,Accident_Type_Desc,Day,Light_Condition_Desc,Speed_Zone,Accident_Date,Accident_Time,Alcohol_Influence,Total_Persons_Inv,Inj_Or_Fatal,Lat,Long,LGA
T20160014562,Wet,Raining,Collision with a fixed object,Monday,Dark No street lights,100,2016/07/04,21:45:00,Yes,2.0,1.0,-38.07346512,142.7455601,MOYNE
T20160014570,Wet,Raining,Collision with vehicle,Tuesday,Dark Street lights on,80,2016/07/05,01:04:00,Yes,3.0,2.0,-38.07537123,144.3687789,GREATER GEELONG
T20160014580,Dry,Clear,Collision with a fixed object,Thursday,Day,50,2016/06/02,14:05:00,No,1.0,1.0,-36.0241504,146.0114594,MOIRA
T20160014585,Wet,Raining,No collision and no object struck,Tuesday,Dusk/Dawn,100,2016/07/05,07:42:00,No,4.0,2.0,-38.58320344,145.6209832,BASS COAST
T20160014588,Dry,Clear,Collision with vehicle,Sunday,Unknown,60,2016/04/17,18:30:00,Yes,2.0,1.0,-36.76810329,144.2654253,GREATER BENDIGO
T20160014603,Wet,Raining,Collision with a fixed object,Tuesday,Day,110,2016/07/05,09:30:00,No,1.0,1.0,-38.18555138,146.25895,LATROBE
T20160014604,Wet,Raining,Collision with vehicle,Tuesday,Day,60,2016/07/05,11:30:00,No,2.0,2.0,-37.55853944,143.8667358,BALLARAT
T20160014605,Wet,Fog,Collision with a fixed object,Sunday,Dusk/Dawn,100,2016/06/05,06:15:00,Yes,2.0,1.0,-37.47199138,147.2415299,WELLINGTON
T20160014609,Wet,Raining,Collision with vehicle,Tuesday,Day,60,2016/07/05,12:45:00,No,3.0,2.0,-37.59321999,143.8673301,BALLARAT
T20160014611,Unknown,Clear,collision with some other object,Sunday,Day,999,2016/07/03,11:30:00,No,1.0,1.0,-37.82837009,146.4423101,BAW BAW
T20160014612,Dry,Clear,Struck Pedestrian,Friday,Day,999,2015/12/25,15:00:00,No,2.0,1.0,-38.33992555,144.3263317,SURF COAST
T20160014620,Icy,Not known,No collision and no object struck,Sunday,Day,999,2016/06/12,12:00:00,No,1.0,1.0,-38.3137808,145.7711272,SOUTH GIPPSLAND
T20160014642,Dry,Clear,Collision with vehicle,Wednesday,Day,100,2016/02/03,16:00:00,No,2.0,1.0,-38.17713161,144.6040597,GREATER GEELONG
T20160014643,Wet,Raining,Collision with a fixed object,Tuesday,Day,100,2016/07/05,14:20:00,No,1.0,1.0,-38.18642847,146.4933177,LATROBE
T20160014651,Dry,Raining,Collision with vehicle,Tuesday,Dark No street lights,50,2016/07/05,21:48:00,Yes,2.0,1.0,-38.3637485,141.5931529,GLENELG
T20160014658,Wet,Raining,Vehicle overturned (no collision),Tuesday,Day,100,2016/07/05,15:35:00,No,1.0,1.0,-37.68901178,143.104989,PYRENEES
T20160014659,Dry,Clear,Collision with vehicle,Tuesday,Dark No street lights,100,2016/07/05,18:06:00,Yes,2.0,2.0,-37.41085159,145.3991282,MURRINDINDI
T20160014662,Wet,Raining,Collision with vehicle,Wednesday,Unknown,999,2016/05/25,15:50:00,No,2.0,1.0,-38.17151594,144.3243969,GREATER GEELONG
T20160014671,Dry,Clear,Collision with a fixed object,Monday,Dusk/Dawn,80,2016/05/23,16:13:00,No,1.0,1.0,-36.02581,145.7776123,MOIRA
T20160014674,Wet,Raining,collision with some other object,Wednesday,Dark No street lights,80,2016/07/06,06:00:00,Yes,1.0,1.0,-37.36844728,144.2814247,HEPBURN
T20160014678,Dry,Clear,Vehicle overturned (no collision),Saturday,Day,999,2016/07/02,13:30:00,No,1.0,1.0,-34.19163586,141.6274398,MILDURA
T20160014681,Wet,Clear,Collision with vehicle,Tuesday,Day,60,2016/07/05,15:45:00,No,2.0,1.0,-36.55009265,145.9908137,BENALLA
T20160014683,Dry,Clear,Collision with vehicle,Tuesday,Day,60,2016/06/21,15:50:00,No,3.0,2.0,-38.17520836,144.352217,GREATER GEELONG
T20160014687,Dry,Clear,Struck Pedestrian,Wednesday,Day,60,2016/07/06,08:55:00,No,4.0,1.0,-34.20079067,142.1537208,MILDURA
T20160014691,Dry,Clear,Collision with vehicle,Saturday,Day,999,2016/07/02,14:00:00,Yes,2.0,1.0,-36.72728062,143.2114696,NORTHERN GRAMPIANS
T20160014702,Wet,Not known,Collision with a fixed object,Thursday,Dark No street lights,80,2016/06/16,04:20:00,Yes,1.0,1.0,-37.47552054,144.9733119,MITCHELL
T20160014703,Dry,Clear,Collision with vehicle,Wednesday,Day,60,2016/07/06,09:35:00,No,3.0,1.0,-36.37098605,145.4014103,GREATER SHEPPARTON
T20160014734,Dry,Clear,Collision with vehicle,Wednesday,Dark Street lights on,60,2016/07/06,17:30:00,No,4.0,1.0,-37.41637204,144.9791124,MITCHELL
T20160014750,Wet,Raining,Collision with a fixed object,Wednesday,Dark Street lights on,60,2016/05/11,04:10:00,Yes,1.0,1.0,-38.07283011,144.3474308,GREATER GEELONG
T20160014756,Dry,Clear,Collision with vehicle,Thursday,Day,60,2016/07/07,08:45:00,No,3.0,1.0,-38.38290724,142.4903049,WARRNAMBOOL
T20160014771,Dry,Clear,Collision with a fixed object,Wednesday,Day,100,2016/07/06,09:47:00,No,1.0,1.0,-36.64395852,144.6004737,CAMPASPE
T20160014780,Dry,Clear,Collision with a fixed object,Thursday,Day,100,2016/07/07,11:56:00,No,1.0,1.0,-36.87115568,145.1870508,STRATHBOGIE
T20160014781,Wet,Raining,Collision with a fixed object,Friday,Dark Street lights on,100,2016/06/10,19:45:00,Yes,1.0,1.0,-37.52306621,143.9690655,MOORABOOL
T20160014785,Dry,Clear,No collision and no object struck,Sunday,Day,999,2016/06/26,12:00:00,No,1.0,1.0,-38.43231532,143.6568313,COLAC OTWAY
T20160014787,Wet,Clear,Collision with vehicle,Wednesday,Dark Street lights on,70,2016/07/06,17:33:00,No,3.0,2.0,-38.17731823,146.2671614,LATROBE
T20160014794,Wet,Clear,Collision with a fixed object,Thursday,Day,100,2016/07/07,14:00:00,No,1.0,1.0,-37.69652141,148.7330426,EAST GIPPSLAND
T20160014795,Dry,Clear,Collision with a fixed object,Thursday,Day,100,2016/07/07,10:20:00,No,4.0,4.0,-36.96336607,141.0428607,WEST WIMMERA
T20160014797,Dry,Not known,Collision with a fixed object,Saturday,Day,999,2014/08/09,13:00:00,No,1.0,1.0,-38.36396245,146.8874004,WELLINGTON
T20160014802,Wet,Raining,Collision with vehicle,Tuesday,Dark Street lights on,60,2016/07/05,17:35:00,No,2.0,1.0,-38.14165358,144.3361529,GREATER GEELONG
T20160014803,Wet,Raining,Collision with a fixed object,Thursday,Day,40,2016/07/07,16:04:00,No,2.0,1.0,-38.04609975,144.1716396,GOLDEN PLAINS
T20160014818,Wet,Raining,Vehicle overturned (no collision),Thursday,Unknown,100,2016/07/07,08:55:00,No,1.0,1.0,-38.07662664,146.7708321,WELLINGTON
T20160014820,Dry,Clear,Struck Pedestrian,Thursday,Dark Street lights on,60,2016/07/07,19:15:00,Yes,2.0,1.0,-36.36730574,145.4206485,GREATER SHEPPARTON
T20160014824,Wet,Raining,Struck Pedestrian,Thursday,Dark Street lights on,40,2016/07/07,17:48:00,No,3.0,1.0,-37.14665912,146.4506797,MOUNT BULLER ALPINE RESORT (UNINC)
T20160014825,Wet,Raining,Collision with vehicle,Thursday,Dark No street lights,100,2016/07/07,17:30:00,No,2.0,2.0,-38.5300388,145.8801457,SOUTH GIPPSLAND
T20160014833,Wet,Clear,Collision with vehicle,Thursday,Day,80,2016/07/07,16:50:00,No,6.0,1.0,-36.87717082,144.2137428,GREATER BENDIGO
T20160014835,Wet,Raining,Collision with vehicle,Thursday,Dark Street lights on,60,2016/07/07,21:00:00,Yes,2.0,1.0,-36.76930375,144.2861739,GREATER BENDIGO
T20160014836,Wet,Raining,Collision with a fixed object,Thursday,Dark No street lights,100,2016/07/07,20:57:00,Yes,1.0,1.0,-38.31462091,142.5322578,MOYNE
T20160014853,Wet,Clear,Collision with a fixed object,Friday,Dark Street lights on,50,2016/07/08,06:30:00,No,1.0,1.0,-38.02214147,144.4159416,GREATER GEELONG
T20160014857,Wet,Clear,Collision with vehicle,Thursday,Day,60,2016/07/07,12:00:00,No,3.0,2.0,-36.38522752,145.3985013,GREATER SHEPPARTON
T20160014864,Dry,Clear,No collision and no object struck,Friday,Day,999,2016/07/08,09:00:00,No,1.0,1.0,-38.34623821,144.1440599,SURF COAST
T20160014866,Unknown,Not known,Collision with vehicle,Monday,Day,60,2015/11/02,08:40:00,Yes,2.0,1.0,-38.16757924,144.350644,GREATER GEELONG
T20160014868,Wet,Fog,Collision with vehicle,Friday,Day,60,2016/07/08,07:40:00,No,2.0,1.0,-38.09034443,144.3473667,GREATER GEELONG
T20160014875,Wet,Raining,Collision with vehicle,Thursday,Dusk/Dawn,50,2016/07/07,16:10:00,No,3.0,3.0,-37.65382103,143.8827697,BALLARAT
T20160014878,Wet,Clear,Struck animal,Tuesday,Dark No street lights,100,2016/06/21,18:20:00,Yes,1.0,1.0,-37.90005265,143.6909302,GOLDEN PLAINS
T20160014887,Dry,Clear,Collision with a fixed object,Friday,Day,50,2016/07/08,14:45:00,No,1.0,1.0,-37.64692368,143.875671,BALLARAT
T20160014891,Wet,Clear,Collision with a fixed object,Thursday,Dusk/Dawn,50,2016/07/07,17:15:00,No,1.0,1.0,-37.82458024,147.6287825,EAST GIPPSLAND
T20160014900,Dry,Clear,Collision with a fixed object,Friday,Dusk/Dawn,100,2016/07/08,17:35:00,Yes,1.0,1.0,-36.14848568,145.33937,MOIRA
T20160014903,Dry,Clear,Collision with vehicle,Friday,Dusk/Dawn,100,2016/07/08,17:15:00,Yes,2.0,1.0,-35.21363138,143.4195796,SWAN HILL
T20160014905,Dry,Clear,Collision with vehicle,Friday,Day,100,2016/07/08,14:46:00,No,9.0,3.0,-38.03286271,141.5163769,GLENELG
T20160014926,Dry,Clear,Collision with vehicle,Wednesday,Day,80,2016/07/06,11:30:00,No,6.0,3.0,-37.1677779,145.5295324,MURRINDINDI
T20160014937,Wet,Fog,Collision with a fixed object,Saturday,Dark No street lights,100,2016/07/09,05:10:00,Yes,1.0,1.0,-36.64980053,142.1448684,HORSHAM
T20160014939,Dry,Clear,Collision with vehicle,Saturday,Unknown,60,2016/07/09,09:00:00,No,2.0,1.0,-37.05508154,142.7832777,NORTHERN GRAMPIANS
T20160014948,Dry,Clear,Collision with a fixed object,Saturday,Day,100,2016/07/09,08:15:00,No,1.0,1.0,-36.60360975,144.13199,LODDON
T20160014967,Dry,Clear,Struck Pedestrian,Saturday,Day,50,2016/07/09,15:00:00,Yes,3.0,1.0,-37.82682934,147.6283498,EAST GIPPSLAND
T20160014968,Dry,Clear,Collision with vehicle,Saturday,Day,80,2016/07/09,14:25:00,Yes,4.0,4.0,-38.2054214,146.5102708,LATROBE
T20160014976,Dry,Clear,Vehicle overturned (no collision),Saturday,Day,80,2016/07/02,14:00:00,Yes,1.0,1.0,-37.54763995,144.3012099,MOORABOOL
T20160014979,Dry,Clear,Collision with a fixed object,Saturday,Dark No street lights,80,2016/07/09,18:50:00,Yes,1.0,1.0,-36.77627515,144.3565528,GREATER BENDIGO
T20160014984,Dry,Clear,Collision with vehicle,Saturday,Day,100,2016/07/09,15:31:00,Yes,4.0,4.0,-37.10016353,146.2171086,MANSFIELD
T20160014985,Unknown,Clear,Vehicle overturned (no collision),Sunday,Day,999,2016/06/26,11:00:00,No,1.0,1.0,-38.36047114,146.7851709,WELLINGTON
T20160014992,Dry,Fog,Struck Pedestrian,Sunday,Dark Street lights unknown,50,2016/07/10,00:50:00,Yes,2.0,1.0,-36.75805939,144.2815969,GREATER BENDIGO
T20160015002,Dry,Fog,Collision with a fixed object,Sunday,Dark No street lights,80,2016/07/10,00:40:00,Yes,1.0,1.0,-36.43256977,144.6510595,GREATER BENDIGO
T20160015005,Wet,Fog,Collision with vehicle,Sunday,Dark No street lights,100,2016/07/10,00:00:00,Yes,2.0,1.0,-37.32819987,144.9821701,MITCHELL
T20160015014,Dry,Clear,Collision with vehicle,Sunday,Day,60,2016/07/10,09:35:00,Yes,1.0,1.0,-38.16260645,144.3573616,GREATER GEELONG
T20160015016,Wet,Clear,Collision with vehicle,Thursday,Day,50,2016/07/07,12:25:00,No,3.0,1.0,-36.7585173,144.2801042,GREATER BENDIGO
T20160015017,Dry,Clear,Collision with vehicle,Saturday,Day,80,2016/07/09,14:11:00,Yes,3.0,3.0,-38.09737869,144.3050138,GREATER GEELONG
T20160015024,Wet,Raining,Collision with vehicle,Sunday,Day,60,2016/07/10,14:30:00,No,4.0,1.0,-36.40893846,145.3933059,GREATER SHEPPARTON
T20160015027,Wet,Not known,Collision with vehicle,Sunday,Day,100,2016/07/10,11:50:00,No,4.0,3.0,-36.94810108,143.4252098,PYRENEES
T20160015028,Wet,Raining,Struck Pedestrian,Sunday,Dark Street lights on,40,2016/07/10,17:15:00,Yes,4.0,3.0,-38.14729051,144.3607419,GREATER GEELONG
T20160015029,Dry,Clear,Collision with vehicle,Sunday,Dark Street lights on,50,2016/07/10,18:00:00,Yes,2.0,1.0,-37.31012052,144.1387739,HEPBURN
T20160015031,Wet,Raining,Collision with vehicle,Sunday,Day,60,2016/07/10,16:25:00,Yes,3.0,3.0,-38.52813176,143.9823248,SURF COAST
T20160015032,Wet,Raining,Collision with a fixed object,Sunday,Dusk/Dawn,110,2016/07/10,17:12:00,Yes,1.0,1.0,-34.72071025,142.2669072,MILDURA
T20160015033,Wet,Clear,Struck animal,Sunday,Dark No street lights,100,2016/07/10,17:45:00,Yes,1.0,1.0,-37.46830974,145.2400572,MURRINDINDI
T20160015041,Wet,Raining,Collision with vehicle,Sunday,Dark Street lights on,50,2016/07/10,18:24:00,Yes,4.0,3.0,-36.5630918,146.7272642,ALPINE
T20160015047,Wet,Raining,Collision with a fixed object,Sunday,Dark Street lights on,50,2016/07/10,21:50:00,Yes,1.0,1.0,-38.21896939,146.4282001,LATROBE
T20160015058,Wet,Not known,Collision with a fixed object,Monday,Dark No street lights,100,2016/07/11,00:50:00,Yes,1.0,1.0,-37.92050215,147.2556515,WELLINGTON
T20160015065,Dry,Clear,Collision with vehicle,Monday,Day,60,2016/07/11,08:25:00,No,6.0,3.0,-36.7735971,144.2572845,GREATER BENDIGO
T20160015089,Wet,Clear,Collision with a fixed object,Monday,Day,100,2016/07/11,11:45:00,No,2.0,2.0,-37.86409463,147.8816788,EAST GIPPSLAND
T20160015097,Dry,Clear,Collision with a fixed object,Monday,Day,50,2016/07/11,12:00:00,No,1.0,1.0,-36.37922536,141.2419028,WEST WIMMERA
T20160015101,Muddy,Clear,Vehicle overturned (no collision),Sunday,Day,60,2016/07/10,12:00:00,No,1.0,1.0,-37.52756848,145.7229976,MURRINDINDI
T20160015115,Dry,Clear,Struck animal,Monday,Dark No street lights,100,2016/07/11,18:00:00,Yes,1.0,1.0,-37.74837935,148.3726897,EAST GIPPSLAND
T20160015117,Dry,Clear,Collision with a fixed object,Monday,Dusk/Dawn,80,2016/07/11,17:25:00,No,1.0,1.0,-35.41425211,143.5888479,SWAN HILL
T20160015137,Unknown,Not known,Collision with vehicle,Monday,Day,80,2016/07/11,16:00:00,Yes,2.0,1.0,-38.09799972,144.355143,GREATER GEELONG
T20160015142,Wet,Raining,Collision with vehicle,Tuesday,Day,50,2016/07/12,14:31:00,No,2.0,1.0,-38.3761596,142.4856196,WARRNAMBOOL
T20160015145,Dry,Clear,Collision with vehicle,Tuesday,Day,50,2016/07/12,13:30:00,No,2.0,1.0,-36.55209937,145.981943,BENALLA
T20160015151,Wet,Clear,Collision with vehicle,Tuesday,Day,110,2016/07/12,11:45:00,No,2.0,1.0,-37.60375658,144.2832113,MOORABOOL
T20160015155,Wet,Raining,Collision with a fixed object,Tuesday,Dark No street lights,100,2016/07/05,19:00:00,Yes,1.0,1.0,-38.56981531,145.8807314,SOUTH GIPPSLAND
T20160015166,Wet,Raining,Collision with vehicle,Tuesday,Day,80,2016/07/12,11:00:00,No,3.0,3.0,-37.52696004,144.3062401,MOORABOOL
T20160015170,Dry,Clear,Collision with vehicle,Tuesday,Day,70,2016/07/12,14:59:00,No,2.0,1.0,-38.18244313,144.3449339,GREATER GEELONG
T20160015175,Wet,Raining,Collision with vehicle,Thursday,Day,100,2016/06/30,12:30:00,No,2.0,2.0,-36.05818651,146.4417569,INDIGO
T20160015178,Wet,Raining,Vehicle overturned (no collision),Tuesday,Day,100,2016/07/12,16:00:00,No,2.0,1.0,-36.35307544,141.0429208,WEST WIMMERA
T20160015182,Dry,Clear,Collision with vehicle,Tuesday,Day,50,2016/07/12,16:00:00,No,2.0,1.0,-38.15870413,144.384592,GREATER GEELONG
T20160015183,Dry,Clear,Collision with vehicle,Tuesday,Dark Street lights on,60,2016/07/12,04:10:00,Yes,1.0,1.0,-38.17344452,144.3262725,GREATER GEELONG
T20160015184,Wet,Raining,Collision with vehicle,Tuesday,Dark Street lights on,60,2016/07/12,21:30:00,Yes,4.0,2.0,-37.57356059,143.8289158,BALLARAT
T20160015187,Wet,Snowing,collision with some other object,Tuesday,Dark No street lights,100,2016/07/12,20:40:00,Yes,1.0,1.0,-36.15000024,147.4847452,TOWONG
T20160015192,Wet,Clear,collision with some other object,Wednesday,Dark No street lights,80,2016/07/13,00:15:00,Yes,3.0,1.0,-38.21272699,146.483561,LATROBE
T20160015199,Wet,Raining,Collision with vehicle,Tuesday,Dark No street lights,80,2016/07/12,18:00:00,Yes,2.0,1.0,-36.9079622,144.6946368,GREATER BENDIGO
T20160015206,Dry,Clear,Struck animal,Wednesday,Dusk/Dawn,100,2016/07/13,06:50:00,No,1.0,1.0,-36.19925163,145.38911,GREATER SHEPPARTON
T20160015215,Unknown,Not known,Vehicle overturned (no collision),Sunday,Day,999,2016/04/24,14:30:00,No,1.0,1.0,-38.64451003,143.5894216,COLAC OTWAY
T20160015216,Dry,Not known,No collision and no object struck,Thursday,Unknown,999,2016/05/19,11:50:00,No,1.0,1.0,-37.30774017,147.7579837,EAST GIPPSLAND
T20160015222,Dry,Clear,Collision with vehicle,Tuesday,Day,50,2016/07/05,15:40:00,No,2.0,1.0,-38.38350112,142.5194898,WARRNAMBOOL
T20160015231,Dry,Clear,Collision with vehicle,Wednesday,Day,50,2016/07/13,13:20:00,No,7.0,1.0,-37.04391946,143.7395106,CENTRAL GOLDFIELDS
T20160015232,Dry,Clear,Collision with vehicle,Wednesday,Day,60,2016/07/13,12:52:00,No,2.0,2.0,-37.0241984,145.1332027,MITCHELL
T20160015236,Wet,Raining,Collision with vehicle,Wednesday,Day,60,2016/07/13,09:25:00,No,5.0,2.0,-38.15342512,144.357908,GREATER GEELONG
T20160015239,Wet,Clear,Collision with vehicle,Wednesday,Day,60,2016/07/13,16:00:00,No,5.0,5.0,-37.56095233,143.8504425,BALLARAT
T20160015242,Dry,Clear,Collision with vehicle,Wednesday,Day,60,2016/07/13,16:30:00,No,4.0,3.0,-36.13073898,144.7487123,CAMPASPE
T20160015244,Wet,Raining,Collision with a fixed object,Wednesday,Day,100,2016/07/13,15:00:00,No,1.0,1.0,-37.20012162,146.1459464,MANSFIELD
T20160015246,Dry,Clear,Collision with a fixed object,Thursday,Day,999,2016/07/07,17:00:00,No,1.0,1.0,-38.2793404,141.4157645,GLENELG
T20160015253,Dry,Clear,Collision with vehicle,Wednesday,Day,100,2016/07/13,15:58:00,No,5.0,1.0,-36.78307365,144.4922468,GREATER BENDIGO
T20160015256,Dry,Clear,Collision with vehicle,Wednesday,Dusk/Dawn,100,2016/07/13,16:55:00,No,7.0,7.0,-36.24488904,146.9976321,INDIGO
T20160015260,Dry,Clear,No collision and no object struck,Wednesday,Day,50,2016/07/13,16:15:00,No,1.0,1.0,-37.08295734,143.4773963,PYRENEES
T20160015264,Wet,Clear,Collision with vehicle,Wednesday,Day,100,2016/07/13,15:40:00,No,20.0,20.0,-38.36283952,143.4717657,COLAC OTWAY
T20160015272,Dry,Clear,Collision with vehicle,Wednesday,Day,60,2016/07/13,16:15:00,No,2.0,1.0,-37.04805854,143.7485184,CENTRAL GOLDFIELDS
T20160015290,Dry,Clear,Collision with vehicle,Wednesday,Dark No street lights,80,2016/07/13,23:45:00,Yes,2.0,2.0,-36.35287,145.4619701,GREATER SHEPPARTON
T20160015305,Dry,Clear,Collision with vehicle,Tuesday,Day,70,2016/07/12,12:05:00,No,3.0,1.0,-37.52607921,143.8073884,BALLARAT
T20160015318,Icy,Raining,Collision with a fixed object,Tuesday,Day,100,2016/07/12,08:20:00,No,2.0,1.0,-37.46818037,143.3824344,PYRENEES
T20160015321,Dry,Clear,Collision with vehicle,Thursday,Day,60,2016/07/14,09:40:00,No,2.0,1.0,-38.19482365,144.3529168,GREATER GEELONG
T20160015323,Dry,Not known,Vehicle overturned (no collision),Wednesday,Dusk/Dawn,50,2016/07/06,16:00:00,No,1.0,1.0,-36.75242973,144.2708005,GREATER BENDIGO
T20160015330,Dry,Clear,Collision with a fixed object,Wednesday,Day,110,2016/07/13,11:30:00,No,1.0,1.0,-38.19218947,146.2842719,LATROBE
T20160015333,Wet,Not known,Vehicle overturned (no collision),Thursday,Day,999,2016/07/14,07:45:00,No,1.0,1.0,-38.54998571,146.5404329,WELLINGTON
T20160015334,Dry,Clear,Collision with vehicle,Thursday,Day,100,2016/07/14,13:20:00,No,2.0,2.0,-38.37128605,146.1802863,SOUTH GIPPSLAND
T20160015344,Dry,Clear,Collision with vehicle,Thursday,Day,50,2016/07/14,17:10:00,No,2.0,1.0,-36.34964701,146.3130812,WANGARATTA
T20160015346,Wet,Not known,No collision and no object struck,Saturday,Day,60,2016/07/02,15:35:00,Yes,2.0,1.0,-37.5307095,143.8331059,BALLARAT
T20160015347,Unknown,Not known,Collision with vehicle,Thursday,Day,999,2016/07/14,11:00:00,No,3.0,2.0,-38.25066488,144.5386213,GREATER GEELONG
T20160015348,Dry,Clear,Collision with vehicle,Thursday,Dark Street lights on,60,2016/07/14,17:45:00,No,2.0,2.0,-38.46364016,145.2389841,BASS COAST
T20160015356,Dry,Clear,Collision with vehicle,Thursday,Dark Street lights on,50,2016/07/14,17:45:00,No,3.0,1.0,-36.76282038,144.2764183,GREATER BENDIGO
T20160015363,Wet,Raining,Collision with vehicle,Thursday,Dark Street lights on,50,2016/07/14,19:17:00,Yes,2.0,1.0,-37.73995282,142.0259168,SOUTHERN GRAMPIANS
T20160015364,Dry,Clear,Collision with a fixed object,Thursday,Dark No street lights,100,2016/07/14,20:00:00,Yes,1.0,1.0,-38.38586555,146.2516854,LATROBE
T20160015374,Dry,Clear,Collision with a fixed object,Thursday,Day,100,2016/07/14,15:22:00,No,2.0,2.0,-37.77329909,147.5672818,EAST GIPPSLAND
T20160015380,Dry,Fog,Collision with a fixed object,Friday,Day,60,2016/07/15,08:15:00,No,1.0,1.0,-36.72992387,144.2583613,GREATER BENDIGO
T20160015383,Unknown,Not known,Collision with vehicle,Saturday,Day,999,2016/07/09,12:00:00,No,2.0,1.0,-38.09880077,144.3548608,GREATER GEELONG
T20160015384,Dry,Clear,Collision with a fixed object,Friday,Day,100,2016/07/15,09:03:00,No,1.0,1.0,-36.27866241,146.3677322,WANGARATTA
T20160015386,Dry,Clear,Collision with vehicle,Friday,Day,60,2016/07/15,08:25:00,No,4.0,3.0,-38.15761005,144.38901,GREATER GEELONG
T20160015390,Dry,Clear,Collision with vehicle,Wednesday,Day,60,2016/06/01,09:00:00,No,2.0,1.0,-36.76806661,144.2908871,GREATER BENDIGO
T20160015391,Unknown,Clear,Collision with a fixed object,Saturday,Day,100,2016/07/09,11:00:00,No,1.0,1.0,-38.19671148,146.3256356,LATROBE
T20160015393,Dry,Clear,Collision with vehicle,Friday,Day,60,2016/07/15,10:40:00,No,3.0,1.0,-37.82677567,147.6268142,EAST GIPPSLAND
T20160015400,Dry,Clear,Collision with vehicle,Thursday,Day,60,2016/07/14,15:50:00,No,3.0,1.0,-36.7601164,144.3249745,GREATER BENDIGO
T20160015420,Icy,Raining,Collision with a fixed object,Wednesday,Day,100,2016/07/13,08:00:00,No,1.0,1.0,-38.51968074,145.6599724,BASS COAST
T20160015423,Dry,Clear,Collision with vehicle,Friday,Day,60,2016/07/15,12:30:00,No,3.0,1.0,-38.19791289,146.5388911,LATROBE
T20160015428,Dry,Clear,Collision with a fixed object,Friday,Day,100,2016/07/15,14:37:00,No,1.0,1.0,-36.25391968,147.1279096,TOWONG
T20160015437,Wet,Clear,Struck animal,Friday,Dusk/Dawn,100,2016/07/15,17:20:00,Yes,1.0,1.0,-37.38490053,142.5018522,ARARAT
T20160015442,Dry,Clear,Collision with vehicle,Monday,Day,50,2016/03/07,14:00:00,No,1.0,1.0,-37.06572876,144.2177058,MOUNT ALEXANDER
T20160015468,Dry,Clear,Collision with vehicle,Saturday,Dark Street lights on,60,2016/07/16,03:40:00,Yes,2.0,2.0,-35.91707304,145.65548,MOIRA
T20160015472,Dry,Clear,Collision with a fixed object,Saturday,Dusk/Dawn,100,2016/07/16,06:35:00,Yes,1.0,1.0,-37.12481705,144.8994101,MITCHELL
T20160015474,Dry,Not known,Struck animal,Monday,Day,110,2016/03/28,12:30:00,No,3.0,1.0,-37.34649956,144.5512356,MACEDON RANGES
T20160015477,Dry,Clear,Collision with vehicle,Saturday,Day,60,2016/07/16,10:22:00,No,3.0,1.0,-34.20987971,142.2024803,MILDURA
T20160015481,Dry,Fog,Collision with vehicle,Saturday,Day,100,2016/07/16,09:58:00,No,3.0,1.0,-36.15941269,145.5765229,MOIRA
T20160015496,Icy,Clear,Collision with a fixed object,Saturday,Dark No street lights,110,2016/06/25,05:50:00,Yes,1.0,1.0,-37.52856143,143.8703571,BALLARAT
T20160015505,Dry,Clear,Collision with vehicle,Saturday,Day,50,2016/07/16,16:00:00,Yes,2.0,1.0,-38.17316138,146.2626799,LATROBE
T20160015507,Dry,Clear,Collision with vehicle,Saturday,Day,60,2016/07/16,17:07:00,Yes,4.0,1.0,-38.19646141,146.5410394,LATROBE
T20160015509,Dry,Clear,Collision with vehicle,Saturday,Dusk/Dawn,110,2016/07/16,17:34:00,Yes,3.0,3.0,-37.65725844,144.3724831,MOORABOOL
T20160015519,Dry,Clear,Collision with vehicle,Saturday,Dark No street lights,100,2016/07/16,18:40:00,Yes,4.0,2.0,-37.28830856,145.0578394,MITCHELL
T20160015522,Dry,Clear,Struck Pedestrian,Saturday,Day,100,2016/07/16,16:10:00,Yes,2.0,1.0,-37.54610768,145.4840537,MURRINDINDI
T20160015524,Dry,Clear,Collision with a fixed object,Saturday,Day,100,2016/07/16,09:30:00,No,1.0,1.0,-37.72119328,148.4775887,EAST GIPPSLAND
T20160015527,Wet,Clear,No collision and no object struck,Saturday,Dark No street lights,80,2016/06/04,18:00:00,Yes,1.0,1.0,-36.24001591,144.9479918,CAMPASPE
T20160015531,Dry,Clear,Struck Pedestrian,Saturday,Day,50,2016/07/16,16:00:00,Yes,2.0,1.0,-36.13540009,146.8558359,WODONGA
T20160015534,Dry,Clear,Struck Pedestrian,Saturday,Dark Street lights on,50,2016/07/16,23:58:00,Yes,2.0,1.0,-38.15790696,144.3656314,GREATER GEELONG
T20160015538,Dry,Clear,Collision with vehicle,Saturday,Dark Street lights on,80,2016/07/16,20:15:00,Yes,4.0,3.0,-38.20626426,146.1629506,BAW BAW
T20160015542,Dry,Clear,Collision with a fixed object,Sunday,Dark Street lights on,60,2016/07/17,01:20:00,No,5.0,4.0,-36.7546518,144.2831703,GREATER BENDIGO
T20160015550,Unknown,Clear,Collision with a fixed object,Sunday,Dark No street lights,100,2016/07/17,05:17:00,Yes,1.0,1.0,-36.52469192,145.301134,GREATER SHEPPARTON