Accident_No,Surface_Cond_Desc,Atmosph_Cond_Desc,Accident_Type_Desc,Day,Light_Condition_Desc,Speed_Zone,Accident_Date,Accident_Time,Alcohol_Influence,Total_Persons_Inv,Inj_Or_Fatal,Lat,Long,LGA
T20160015552,Dry,Clear,Collision with vehicle,Saturday,Day,70,2016/07/16,13:15:00,No,4.0,1.0,-38.1850625,144.3320921,GREATER GEELONG
T20160015557,Unknown,Not known,Collision with a fixed object,Saturday,Dark No street lights,60,2016/07/16,22:00:00,Yes,2.0,2.0,-38.26635,142.24139,MOYNE
T20160015570,Snowy,Clear,Struck Pedestrian,Saturday,Day,40,2016/07/16,08:30:00,No,2.0,1.0,-36.98883082,147.1485161,MOUNT HOTHAM ALPINE RESORT (UNINC)
T20160015574,Dry,Clear,Collision with vehicle,Sunday,Day,100,2016/07/17,12:45:00,No,5.0,3.0,-38.00305245,147.2587802,WELLINGTON
T20160015576,Dry,Clear,Vehicle overturned (no collision),Saturday,Day,80,2016/07/16,13:15:00,No,1.0,1.0,-38.45415059,145.5420368,BASS COAST
T20160015578,Dry,Clear,Collision with vehicle,Sunday,Day,80,2016/07/17,12:20:00,No,5.0,1.0,-37.28722233,144.2801154,HEPBURN
T20160015579,Dry,Clear,Struck Pedestrian,Sunday,Day,60,2016/07/17,15:45:00,No,2.0,1.0,-34.20706033,142.1367196,MILDURA
T20160015590,Dry,Clear,Collision with a fixed object,Sunday,Day,100,2016/07/17,15:55:00,No,2.0,1.0,-38.13908702,142.0531276,MOYNE
T20160015597,Dry,Clear,Collision with vehicle,Sunday,Day,50,2016/07/17,14:05:00,No,3.0,1.0,-38.14319342,144.3606065,GREATER GEELONG
T20160015601,Dry,Clear,Vehicle overturned (no collision),Sunday,Dusk/Dawn,100,2016/07/17,17:40:00,Yes,2.0,2.0,-37.02074048,145.0990845,MITCHELL
T20160015602,Dry,Clear,Collision with vehicle,Sunday,Day,60,2016/07/17,14:00:00,No,8.0,4.0,-35.34019559,143.5510786,SWAN HILL
T20160015620,Dry,Clear,Collision with vehicle,Sunday,Day,60,2016/05/15,12:40:00,No,2.0,1.0,-38.08415389,144.358305,GREATER GEELONG
T20160015622,Dry,Clear,No collision and no object struck,Sunday,Day,100,2016/07/17,13:45:00,No,1.0,1.0,-37.24496875,145.1745617,MURRINDINDI
T20160015623,Dry,Clear,Vehicle overturned (no collision),Sunday,Day,100,2016/07/17,11:00:00,No,1.0,1.0,-34.50247804,142.02278,MILDURA
T20160015627,Dry,Clear,Collision with vehicle,Monday,Day,60,2016/07/18,08:35:00,No,2.0,1.0,-38.16770269,144.3505141,GREATER GEELONG
T20160015628,Dry,Clear,Vehicle overturned (no collision),Monday,Day,40,2016/07/18,09:30:00,No,1.0,1.0,-38.17173887,144.3462583,GREATER GEELONG
T20160015633,Dry,Clear,Struck animal,Monday,Unknown,100,2016/07/18,10:15:00,No,1.0,1.0,-38.2901207,145.6221593,SOUTH GIPPSLAND
T20160015635,Wet,Raining,Struck Pedestrian,Monday,Day,50,2016/07/18,10:40:00,No,2.0,1.0,-36.76005625,144.2777482,GREATER BENDIGO
T20160015642,Wet,Raining,Collision with vehicle,Sunday,Day,100,2016/07/17,09:40:00,Yes,7.0,1.0,-37.24681161,145.1717702,MURRINDINDI
T20160015656,Dry,Clear,Collision with vehicle,Monday,Day,60,2016/07/18,13:18:00,No,5.0,2.0,-37.41670195,144.9820612,MITCHELL
T20160015667,Icy,Raining,Vehicle overturned (no collision),Wednesday,Dark No street lights,100,2016/07/13,05:15:00,Yes,1.0,1.0,-38.55112451,145.6926598,BASS COAST
T20160015678,Wet,Clear,No collision and no object struck,Monday,Day,100,2016/07/18,11:45:00,No,1.0,1.0,-37.91214064,146.6216809,WELLINGTON
T20160015679,Wet,Raining,Collision with a fixed object,Thursday,Dark Street lights on,50,2016/07/07,19:20:00,Yes,2.0,1.0,-37.29179005,143.7891161,HEPBURN
T20160015681,Dry,Clear,Vehicle overturned (no collision),Monday,Day,100,2016/07/18,11:45:00,No,1.0,1.0,-37.50404966,141.0068523,GLENELG
T20160015682,Wet,Clear,No collision and no object struck,Monday,Day,999,2016/06/06,12:30:00,No,1.0,1.0,-37.5236203,144.2791007,MOORABOOL
T20160015684,Dry,Clear,Collision with a fixed object,Monday,Day,100,2016/07/18,15:20:00,No,2.0,2.0,-37.25904158,142.7429855,ARARAT
T20160015688,Wet,Clear,Collision with a fixed object,Monday,Dark No street lights,100,2016/07/18,17:30:00,No,3.0,1.0,-36.31641092,145.2867391,GREATER SHEPPARTON
T20160015689,Dry,Clear,Struck animal,Monday,Dark No street lights,100,2016/07/18,18:30:00,Yes,1.0,1.0,-38.5581499,145.7146596,BASS COAST
T20160015711,Dry,Clear,Collision with vehicle,Monday,Day,50,2016/06/13,12:55:00,No,2.0,1.0,-34.19202045,142.1532495,MILDURA
T20160015713,Wet,Raining,collision with some other object,Wednesday,Dark No street lights,100,2016/07/06,05:54:00,Yes,1.0,1.0,-38.52004773,145.7440659,SOUTH GIPPSLAND
T20160015719,Dry,Clear,Collision with a fixed object,Tuesday,Day,100,2016/07/19,08:30:00,No,2.0,2.0,-37.72931236,147.8997096,EAST GIPPSLAND
T20160015724,Dry,Clear,Collision with vehicle,Friday,Day,60,2015/03/13,14:00:00,No,2.0,1.0,-38.11908655,144.6385389,GREATER GEELONG
T20160015730,Dry,Clear,Collision with a fixed object,Tuesday,Day,80,2016/07/19,09:00:00,No,1.0,1.0,-34.83479775,142.8579905,SWAN HILL
T20160015731,Dry,Clear,Collision with vehicle,Tuesday,Day,80,2016/07/19,08:19:00,No,2.0,1.0,-38.2368985,144.378122,GREATER GEELONG
T20160015737,Dry,Clear,Struck Pedestrian,Tuesday,Day,50,2016/07/19,07:45:00,No,2.0,1.0,-38.25466497,144.539011,GREATER GEELONG
T20160015740,Wet,Raining,Collision with vehicle,Thursday,Dark Street lights on,60,2016/04/21,18:00:00,Yes,2.0,1.0,-38.12692715,144.3392528,GREATER GEELONG
T20160015750,Dry,Clear,Struck animal,Thursday,Dark No street lights,110,2016/07/14,20:00:00,Yes,1.0,1.0,-37.43280013,144.9823206,MITCHELL
T20160015761,Dry,Clear,Collision with a fixed object,Tuesday,Day,100,2016/07/19,14:45:00,No,4.0,4.0,-36.15674666,145.6316116,MOIRA
T20160015775,Dry,Clear,Collision with vehicle,Tuesday,Dark Street lights on,40,2016/07/19,19:35:00,Yes,4.0,1.0,-36.01489128,144.4620443,CAMPASPE
T20160015781,Dry,Clear,Collision with vehicle,Tuesday,Dark Street lights on,60,2016/07/19,21:35:00,Yes,5.0,2.0,-37.58060438,143.8264161,BALLARAT
T20160015791,Wet,Clear,Collision with a fixed object,Tuesday,Dark No street lights,100,2016/07/19,23:15:00,Yes,1.0,1.0,-38.19376858,144.4811241,GREATER GEELONG
T20160015815,Dry,Clear,Collision with a fixed object,Saturday,Day,60,2016/05/14,15:00:00,Yes,2.0,2.0,-36.81214146,144.2192592,GREATER BENDIGO
T20160015823,Wet,Clear,Struck animal,Wednesday,Dark No street lights,100,2016/07/20,07:00:00,No,1.0,1.0,-37.39832987,144.7052792,MACEDON RANGES
T20160015829,Unknown,Fog,Collision with vehicle,Sunday,Day,60,2016/07/17,08:30:00,Yes,2.0,1.0,-38.1846202,144.5501419,GREATER GEELONG
T20160015841,Dry,Clear,Collision with vehicle,Wednesday,Day,100,2016/07/20,09:45:00,No,3.0,2.0,-38.39643765,146.7444882,WELLINGTON
T20160015844,Dry,Clear,Struck Pedestrian,Monday,Day,50,2015/09/21,16:00:00,No,3.0,1.0,-34.1811888,142.1590986,MILDURA
T20160015851,Dry,Clear,Collision with a fixed object,Wednesday,Day,100,2016/07/20,14:40:00,No,1.0,1.0,-37.69556218,148.7391147,EAST GIPPSLAND
T20160015855,Unknown,Not known,Struck animal,Wednesday,Unknown,80,2015/12/23,17:30:00,No,3.0,1.0,-37.099188,144.2923971,MOUNT ALEXANDER
T20160015857,Dry,Clear,Collision with a fixed object,Wednesday,Day,100,2016/07/20,14:30:00,No,1.0,1.0,-37.6207682,143.800121,GOLDEN PLAINS
T20160015858,Dry,Clear,Collision with vehicle,Wednesday,Dusk/Dawn,50,2016/07/20,17:15:00,No,5.0,3.0,-38.15810671,145.9481265,BAW BAW
T20160015859,Dry,Clear,Collision with a fixed object,Monday,Dark No street lights,100,2016/07/11,22:15:00,Yes,1.0,1.0,-38.15872959,147.3910679,WELLINGTON
T20160015867,Dry,Clear,Collision with vehicle,Wednesday,Day,60,2016/07/20,15:45:00,No,4.0,1.0,-38.15452152,144.3503697,GREATER GEELONG
T20160015869,Dry,Clear,Collision with vehicle,Wednesday,Dark Street lights on,60,2016/07/20,18:10:00,Yes,3.0,1.0,-38.09985591,144.3454974,GREATER GEELONG
T20160015885,Wet,Raining,Vehicle overturned (no collision),Thursday,Dark No street lights,110,2016/07/21,04:15:00,Yes,1.0,1.0,-37.52016675,143.8425311,BALLARAT
T20160015887,Wet,Clear,Collision with a fixed object,Thursday,Dark No street lights,80,2016/07/21,03:00:00,Yes,2.0,1.0,-36.29905068,145.2772105,GREATER SHEPPARTON
T20160015888,Dry,Clear,Vehicle overturned (no collision),Sunday,Day,60,2016/07/17,13:10:00,No,1.0,1.0,-38.66886928,145.6216606,BASS COAST
T20160015892,Wet,Raining,Collision with vehicle,Thursday,Dark Street lights on,60,2016/07/21,07:05:00,No,2.0,2.0,-36.38085196,145.4202589,GREATER SHEPPARTON
T20160015929,Dry,Clear,Collision with vehicle,Thursday,Day,50,2016/07/21,13:20:00,No,2.0,2.0,-36.3702879,145.4030185,GREATER SHEPPARTON
T20160015931,Wet,Raining,Vehicle overturned (no collision),Saturday,Day,999,2016/07/16,17:00:00,Yes,1.0,1.0,-37.56345478,143.917921,BALLARAT
T20160015932,Dry,Clear,Collision with vehicle,Thursday,Day,60,2016/07/21,14:00:00,No,3.0,2.0,-38.07718635,144.3584755,GREATER GEELONG
T20160015933,Dry,Clear,Struck Pedestrian,Saturday,Dark Street lights on,50,2016/07/09,19:45:00,Yes,2.0,1.0,-37.06436817,144.2164803,MOUNT ALEXANDER
T20160015941,Dry,Clear,Struck Pedestrian,Thursday,Day,50,2016/07/21,15:55:00,No,2.0,1.0,-36.72384838,144.2683211,GREATER BENDIGO
T20160015944,Dry,Clear,Collision with a fixed object,Saturday,Day,50,2016/07/16,15:48:00,Yes,1.0,1.0,-36.40148145,145.3989798,GREATER SHEPPARTON
T20160015945,Dry,Clear,Struck Pedestrian,Saturday,Dark No street lights,100,2016/07/16,19:50:00,Yes,2.0,2.0,-36.02536999,145.3860741,MOIRA
T20160015946,Dry,Clear,Collision with vehicle,Thursday,Day,70,2016/07/21,16:10:00,No,9.0,2.0,-38.11974012,144.3536309,GREATER GEELONG
T20160015950,Dry,Clear,Collision with vehicle,Thursday,Dusk/Dawn,50,2016/07/21,17:30:00,No,2.0,1.0,-38.17293111,146.259495,LATROBE
T20160015957,Dry,Clear,Struck Pedestrian,Thursday,Day,60,2016/07/21,17:00:00,No,2.0,1.0,-37.15372095,142.8570282,NORTHERN GRAMPIANS
T20160015964,Dry,Clear,Collision with vehicle,Thursday,Dark No street lights,60,2016/07/21,19:30:00,Yes,2.0,2.0,-36.73663302,144.1437794,GREATER BENDIGO
T20160015977,Wet,Raining,Collision with a fixed object,Friday,Dark No street lights,110,2016/07/22,04:29:00,Yes,3.0,2.0,-37.63596072,144.3617594,MOORABOOL
T20160015988,Dry,Clear,Collision with vehicle,Wednesday,Dark Street lights on,50,2016/07/06,20:30:00,Yes,2.0,1.0,-37.56607716,143.8554971,BALLARAT
T20160015993,Wet,Raining,Collision with a fixed object,Friday,Dark No street lights,100,2016/07/22,03:00:00,Yes,2.0,2.0,-37.18916595,141.3709299,WEST WIMMERA
T20160015995,Unknown,Clear,Struck Pedestrian,Friday,Day,999,2016/07/08,12:05:00,No,2.0,1.0,-34.21656093,142.1688989,MILDURA
T20160016005,Wet,Raining,Collision with vehicle,Friday,Day,60,2016/07/22,10:45:00,No,4.0,1.0,-36.38959555,145.3559215,GREATER SHEPPARTON
T20160016008,Icy,Clear,No collision and no object struck,Sunday,Dusk/Dawn,50,2016/07/17,07:30:00,No,1.0,1.0,-38.10216476,144.0686979,GOLDEN PLAINS
T20160016019,Wet,Raining,Collision with vehicle,Friday,Day,60,2016/07/22,08:45:00,No,2.0,1.0,-36.71465999,142.2049128,HORSHAM
T20160016030,Wet,Raining,Vehicle overturned (no collision),Friday,Day,100,2016/05/20,09:15:00,No,1.0,1.0,-38.1943905,146.4031138,LATROBE
T20160016034,Dry,Clear,Struck Pedestrian,Friday,Day,50,2016/07/22,15:20:00,No,2.0,1.0,-38.32141294,144.3112246,SURF COAST
T20160016035,Wet,Raining,Collision with a fixed object,Friday,Day,110,2016/07/22,17:00:00,Yes,1.0,1.0,-37.40607938,145.0132592,MITCHELL
T20160016037,Wet,Raining,collision with some other object,Friday,Dark No street lights,100,2016/07/22,07:00:00,No,1.0,1.0,-37.33532217,144.6085002,MACEDON RANGES
T20160016044,Wet,Raining,Collision with vehicle,Friday,Dark Street lights unknown,60,2016/07/22,18:00:00,Yes,2.0,1.0,-37.41442996,144.9792792,MITCHELL
T20160016067,Dry,Clear,Collision with a fixed object,Monday,Dark No street lights,999,2016/05/30,23:10:00,Yes,1.0,1.0,-36.66901116,144.2745063,GREATER BENDIGO
T20160016068,Wet,Clear,collision with some other object,Friday,Dark No street lights,80,2016/07/22,23:30:00,Yes,5.0,5.0,-37.30368848,142.7499289,ARARAT
T20160016069,Wet,Clear,Collision with a fixed object,Friday,Dark No street lights,110,2016/07/22,23:00:00,Yes,2.0,2.0,-37.34360033,145.021222,MITCHELL
T20160016078,Wet,Raining,Vehicle overturned (no collision),Saturday,Day,80,2016/07/23,10:00:00,No,1.0,1.0,-37.46808029,143.8490717,BALLARAT
T20160016086,Wet,Not known,Fall from or in moving vehicle,Saturday,Day,70,2016/07/23,09:38:00,No,2.0,1.0,-37.32296031,144.4070532,MACEDON RANGES
T20160016090,Dry,Clear,Collision with a fixed object,Saturday,Day,100,2016/07/23,12:47:00,No,2.0,2.0,-36.52236065,146.059312,BENALLA
T20160016096,Wet,Clear,Collision with vehicle,Saturday,Day,60,2016/07/23,14:30:00,Yes,3.0,2.0,-37.57084711,143.8190405,BALLARAT
T20160016099,Wet,Raining,Collision with a fixed object,Saturday,Day,100,2016/07/23,12:40:00,No,1.0,1.0,-38.33497968,146.2225598,SOUTH GIPPSLAND
T20160016100,Wet,Raining,Collision with a fixed object,Saturday,Day,100,2016/07/23,08:50:00,No,1.0,1.0,-38.01203955,146.6754801,WELLINGTON
T20160016101,Dry,Not known,Collision with vehicle,Friday,Unknown,999,2016/07/22,17:45:00,No,3.0,1.0,-38.11111089,144.3524716,GREATER GEELONG
T20160016106,Wet,Raining,Struck Pedestrian,Saturday,Day,50,2016/07/23,11:05:00,No,2.0,1.0,-37.96765109,146.977439,WELLINGTON
T20160016111,Wet,Raining,Collision with vehicle,Saturday,Dusk/Dawn,60,2016/07/23,16:05:00,Yes,8.0,2.0,-38.49668708,145.2575958,BASS COAST
T20160016132,Dry,Clear,Collision with vehicle,Saturday,Dark No street lights,80,2016/07/23,20:30:00,Yes,2.0,1.0,-36.57856014,145.960872,BENALLA
T20160016138,Wet,Clear,Collision with a fixed object,Saturday,Dark No street lights,100,2016/07/23,21:10:00,Yes,1.0,1.0,-37.15298228,144.83851,MITCHELL
T20160016141,Dry,Clear,Struck animal,Saturday,Dark No street lights,110,2016/07/23,23:00:00,Yes,4.0,1.0,-36.26035112,146.416482,WANGARATTA
T20160016145,Wet,Raining,Collision with a fixed object,Thursday,Dark No street lights,60,2016/06/30,02:30:00,Yes,1.0,1.0,-36.42170205,145.3783823,GREATER SHEPPARTON
T20160016146,Wet,Clear,Collision with a fixed object,Saturday,Dark Street lights on,60,2016/07/23,23:07:00,Yes,1.0,1.0,-37.57602981,143.8281284,BALLARAT
T20160016148,Dry,Clear,Collision with a fixed object,Sunday,Dark No street lights,100,2016/07/24,00:50:00,Yes,1.0,1.0,-37.18843057,143.7065018,CENTRAL GOLDFIELDS
T20160016150,Icy,Fog,Struck animal,Sunday,Dark No street lights,100,2016/07/24,06:40:00,Yes,1.0,1.0,-37.17437979,144.3587138,HEPBURN
T20160016152,Dry,Clear,Struck Pedestrian,Sunday,Day,40,2016/07/24,09:30:00,Yes,3.0,1.0,-38.1945593,146.5349201,LATROBE
T20160016156,Wet,Clear,Collision with a fixed object,Sunday,Dusk/Dawn,50,2016/07/24,06:45:00,No,1.0,1.0,-38.09014327,144.3412477,GREATER GEELONG
T20160016158,Dry,Clear,Struck Pedestrian,Sunday,Day,60,2016/07/24,09:36:00,Yes,2.0,1.0,-38.17968806,144.3768503,GREATER GEELONG
T20160016162,Wet,Raining,collision with some other object,Sunday,Day,100,2016/07/24,08:15:00,Yes,1.0,1.0,-38.40639652,146.0626706,SOUTH GIPPSLAND
T20160016170,Wet,Clear,Collision with vehicle,Sunday,Day,100,2016/07/24,12:35:00,No,3.0,3.0,-37.41372316,144.749053,MACEDON RANGES
T20160016174,Wet,Raining,Collision with a fixed object,Sunday,Day,110,2016/07/24,15:35:00,No,3.0,2.0,-36.82746872,145.4132168,STRATHBOGIE
T20160016176,Dry,Clear,Collision with a fixed object,Sunday,Day,100,2016/07/24,13:36:00,No,4.0,3.0,-37.42656968,147.8323813,EAST GIPPSLAND
T20160016180,Wet,Raining,Collision with vehicle,Sunday,Dark Street lights on,60,2016/07/24,17:32:00,Yes,3.0,1.0,-36.13247223,146.8650452,WODONGA
T20160016183,Dry,Clear,Collision with vehicle,Sunday,Dark Street lights on,60,2016/07/24,18:35:00,No,3.0,3.0,-38.42990993,145.8217645,SOUTH GIPPSLAND
T20160016185,Dry,Raining,Collision with vehicle,Wednesday,Dusk/Dawn,70,2016/07/20,18:00:00,Yes,2.0,1.0,-38.18192062,144.3477442,GREATER GEELONG
T20160016187,Wet,Raining,Collision with a fixed object,Sunday,Day,100,2016/07/24,15:35:00,No,3.0,3.0,-38.60168841,143.1989977,CORANGAMITE
T20160016189,Dry,Clear,Collision with a fixed object,Sunday,Dusk/Dawn,100,2016/07/24,17:25:00,Yes,1.0,1.0,-38.08088912,145.7953002,BAW BAW
T20160016191,Wet,Raining,Collision with a fixed object,Sunday,Day,100,2016/07/24,15:42:00,No,1.0,1.0,-37.68695794,143.3453303,PYRENEES
T20160016195,Wet,Clear,Collision with vehicle,Monday,Dark No street lights,100,2016/07/25,04:10:00,Yes,2.0,2.0,-36.46952116,145.1589762,GREATER SHEPPARTON
T20160016207,Dry,Clear,Collision with vehicle,Friday,Day,100,2016/07/22,14:45:00,No,4.0,2.0,-36.85936073,144.6232078,GREATER BENDIGO
T20160016210,Dry,Clear,Collision with a fixed object,Monday,Day,100,2016/07/25,10:20:00,No,1.0,1.0,-37.73978,147.30541,EAST GIPPSLAND
T20160016211,Wet,Clear,No collision and no object struck,Monday,Day,60,2016/07/25,09:00:00,No,1.0,1.0,-37.57091302,143.8922592,BALLARAT
T20160016214,Muddy,Clear,collision with some other object,Sunday,Day,999,2016/07/17,16:00:00,Yes,1.0,1.0,-37.99864596,146.0357495,BAW BAW
T20160016215,Wet,Clear,collision with some other object,Saturday,Day,999,2016/07/16,12:00:00,No,1.0,1.0,-37.38691046,145.981691,MURRINDINDI
T20160016216,Dry,Clear,Vehicle overturned (no collision),Saturday,Day,100,2016/06/25,10:45:00,No,1.0,1.0,-38.14842749,146.4500005,LATROBE
T20160016222,Dry,Clear,Collision with vehicle,Monday,Day,60,2016/07/25,11:48:00,No,2.0,2.0,-37.27796928,142.951051,ARARAT
T20160016235,Dry,Clear,Struck Pedestrian,Monday,Day,50,2016/07/25,12:15:00,No,2.0,1.0,-36.38044742,145.4028005,GREATER SHEPPARTON
T20160016247,Wet,Clear,Collision with vehicle,Monday,Day,50,2016/07/25,15:30:00,No,1.0,1.0,-37.56620592,143.8558325,BALLARAT
T20160016255,Wet,Raining,Collision with a fixed object,Monday,Dark Street lights on,50,2016/07/25,17:41:00,Yes,2.0,1.0,-36.12203966,146.8794876,WODONGA
T20160016258,Wet,Raining,collision with some other object,Monday,Dark No street lights,100,2016/07/25,20:00:00,Yes,1.0,1.0,-38.35160585,146.398384,LATROBE
T20160016259,Wet,Raining,Collision with a fixed object,Monday,Dark Street lights on,50,2016/07/25,17:48:00,No,1.0,1.0,-38.17852557,146.2612838,LATROBE
T20160016260,Wet,Raining,Collision with vehicle,Monday,Dark Street lights on,60,2016/07/25,19:22:00,Yes,2.0,1.0,-38.18008636,144.3813605,GREATER GEELONG
T20160016270,Wet,Raining,Collision with a fixed object,Monday,Dusk/Dawn,100,2016/07/25,18:12:00,Yes,1.0,1.0,-38.56205928,142.9030401,CORANGAMITE
T20160016282,Wet,Raining,Collision with vehicle,Thursday,Day,50,2016/07/07,15:30:00,No,2.0,1.0,-38.15777547,144.3813331,GREATER GEELONG
T20160016286,Dry,Clear,Collision with vehicle,Tuesday,Day,60,2016/07/26,07:03:00,No,2.0,1.0,-38.17185497,144.5525879,GREATER GEELONG
T20160016295,Dry,Clear,Collision with vehicle,Tuesday,Day,60,2016/07/26,11:40:00,No,3.0,1.0,-37.59286014,143.8314112,BALLARAT
T20160016296,Snowy,Snowing,No collision and no object struck,Wednesday,Day,100,2016/07/13,17:00:00,No,1.0,1.0,-38.35258994,146.4763129,LATROBE
T20160016299,Dry,Not known,Collision with vehicle,Thursday,Day,60,2016/07/14,16:15:00,No,2.0,1.0,-37.41822015,144.9789832,MITCHELL
T20160016308,Dry,Clear,Collision with vehicle,Tuesday,Day,100,2016/07/26,15:00:00,No,2.0,1.0,-36.09002372,145.2038521,MOIRA
T20160016309,Unknown,Clear,Collision with vehicle,Friday,Day,40,2016/06/24,16:55:00,No,2.0,1.0,-37.56258207,143.8576392,BALLARAT
T20160016313,Dry,Clear,Collision with vehicle,Thursday,Dark Street lights on,60,2016/03/24,21:05:00,Yes,2.0,1.0,-38.14117289,144.3115161,GREATER GEELONG
T20160016322,Wet,Raining,Collision with vehicle,Tuesday,Day,100,2016/07/26,16:11:00,No,2.0,1.0,-37.63149764,143.9129395,BALLARAT
T20160016324,Icy,Fog,Collision with vehicle,Sunday,Dark No street lights,110,2016/06/26,06:30:00,Yes,4.0,1.0,-37.4101697,144.5454175,MACEDON RANGES
T20160016331,Wet,Raining,Struck Pedestrian,Monday,Dark No street lights,60,2016/07/25,19:55:00,Yes,3.0,1.0,-38.19481988,146.2528591,LATROBE
T20160016350,Dry,Raining,Collision with a fixed object,Wednesday,Dark No street lights,100,2016/07/27,01:00:00,Yes,1.0,1.0,-38.01356188,143.9873602,GOLDEN PLAINS
T20160016354,Wet,Raining,Collision with a fixed object,Tuesday,Day,100,2016/07/26,13:10:00,No,1.0,1.0,-36.54844,145.2228201,GREATER SHEPPARTON
T20160016361,Muddy,Clear,Struck Pedestrian,Saturday,Day,50,2016/07/09,11:45:00,No,2.0,1.0,-37.19189949,144.3724006,MACEDON RANGES
T20160016365,Wet,Raining,Collision with vehicle,Wednesday,Day,60,2016/04/06,13:15:00,No,1.0,1.0,-38.15076259,145.9492029,BAW BAW
T20160016372,Unknown,Not known,Collision with vehicle,Tuesday,Unknown,60,2016/07/26,18:10:00,Yes,2.0,1.0,-38.14593869,144.340213,GREATER GEELONG
T20160016377,Dry,Clear,Collision with vehicle,Wednesday,Day,80,2016/07/27,13:33:00,No,3.0,2.0,-38.09143545,144.3563663,GREATER GEELONG
T20160016378,Dry,Clear,Collision with vehicle,Friday,Day,60,2015/04/10,12:45:00,No,2.0,1.0,-37.54016433,143.8313118,BALLARAT
T20160016387,Muddy,Clear,Collision with vehicle,Wednesday,Day,100,2016/07/27,11:54:00,No,3.0,1.0,-36.46956809,145.2950102,GREATER SHEPPARTON
T20160016398,Dry,Clear,Collision with vehicle,Wednesday,Dusk/Dawn,100,2016/07/27,18:00:00,Yes,2.0,1.0,-34.21163358,142.1006945,MILDURA
T20160016403,Wet,Not known,Collision with a fixed object,Wednesday,Dark No street lights,80,2016/07/27,01:45:00,Yes,2.0,2.0,-38.659408,146.6823533,WELLINGTON
T20160016404,Dry,Clear,Collision with vehicle,Wednesday,Dark Street lights on,60,2016/07/27,18:34:00,Yes,3.0,1.0,-37.41466972,144.9792585,MITCHELL
T20160016407,Wet,Clear,Collision with a fixed object,Wednesday,Dark No street lights,80,2016/07/27,20:17:00,Yes,1.0,1.0,-37.03008578,145.1044212,MITCHELL
T20160016418,Dry,Clear,Collision with vehicle,Thursday,Day,60,2016/07/28,07:40:00,No,5.0,5.0,-38.19153047,144.358622,GREATER GEELONG
T20160016420,Unknown,Clear,Collision with vehicle,Friday,Day,999,2016/07/08,10:00:00,No,2.0,1.0,-38.07537123,144.3687789,GREATER GEELONG
T20160016433,Dry,Clear,Collision with vehicle,Thursday,Day,100,2016/07/28,10:45:00,No,3.0,2.0,-38.20433754,146.4783376,LATROBE
T20160016435,Dry,Clear,Vehicle overturned (no collision),Monday,Day,100,2016/07/25,14:00:00,No,1.0,1.0,-38.36134836,145.7559022,SOUTH GIPPSLAND
T20160016438,Dry,Clear,Collision with vehicle,Friday,Day,50,2016/07/15,16:04:00,No,3.0,1.0,-38.1877637,144.3556068,GREATER GEELONG
T20160016443,Dry,Clear,Collision with vehicle,Saturday,Dusk/Dawn,50,2016/07/23,17:15:00,Yes,3.0,1.0,-37.66564275,144.4380418,MOORABOOL
T20160016453,Dry,Clear,Collision with vehicle,Thursday,Day,60,2016/07/28,14:00:00,No,2.0,2.0,-38.23578475,143.1471433,CORANGAMITE
T20160016458,Dry,Clear,Collision with vehicle,Wednesday,Day,50,2016/07/27,16:00:00,No,6.0,2.0,-34.1883412,142.0356379,MILDURA
T20160016463,Dry,Clear,Struck Pedestrian,Thursday,Day,50,2016/07/28,08:45:00,No,2.0,1.0,-38.38030936,142.4860986,WARRNAMBOOL
T20160016464,Wet,Raining,Collision with vehicle,Thursday,Day,60,2016/07/28,15:30:00,No,3.0,1.0,-36.39691146,145.3960739,GREATER SHEPPARTON
T20160016470,Dry,Clear,Collision with vehicle,Thursday,Dusk/Dawn,60,2016/07/28,16:45:00,No,2.0,1.0,-38.15199194,144.3528928,GREATER GEELONG
T20160016475,Dry,Clear,Struck animal,Thursday,Day,100,2016/07/28,13:00:00,No,1.0,1.0,-37.65903945,143.6805138,GOLDEN PLAINS
T20160016477,Dry,Clear,Collision with vehicle,Thursday,Dusk/Dawn,60,2016/07/28,17:19:00,No,3.0,2.0,-38.55231948,145.4796607,BASS COAST
T20160016480,Dry,Clear,Collision with vehicle,Thursday,Day,60,2016/07/28,16:55:00,No,3.0,2.0,-38.07535727,144.3686304,GREATER GEELONG
T20160016492,Dry,Clear,Struck Pedestrian,Thursday,Day,50,2016/07/28,15:29:00,No,2.0,1.0,-37.03253165,145.1496142,MITCHELL
T20160016510,Wet,Raining,Collision with vehicle,Friday,Day,60,2016/07/29,10:00:00,No,2.0,1.0,-37.20423495,145.0475501,MITCHELL
T20160016517,Wet,Raining,Collision with vehicle,Friday,Day,60,2016/07/29,11:45:00,No,2.0,1.0,-36.76369385,144.2923336,GREATER BENDIGO
T20160016527,Wet,Raining,No collision and no object struck,Friday,Day,100,2016/07/29,12:15:00,No,2.0,2.0,-36.55933015,146.0131999,BENALLA
T20160016528,Dry,Clear,Collision with vehicle,Monday,Day,60,2016/06/06,10:50:00,No,2.0,1.0,-37.54665627,143.8208005,BALLARAT
T20160016530,Dry,Not known,Collision with vehicle,Friday,Day,60,2016/07/29,08:00:00,No,2.0,1.0,-38.12453986,144.3407289,GREATER GEELONG
T20160016536,Dry,Clear,Collision with vehicle,Friday,Day,80,2016/07/29,14:00:00,No,2.0,2.0,-34.251181,142.1419164,MILDURA