Accident_No,Surface_Cond_Desc,Atmosph_Cond_Desc,Accident_Type_Desc,Day,Light_Condition_Desc,Speed_Zone,Accident_Date,Accident_Time,Alcohol_Influence,Total_Persons_Inv,Inj_Or_Fatal,Lat,Long,LGA
T20160016541,Dry,Clear,Collision with vehicle,Friday,Day,100,2016/07/29,13:00:00,No,3.0,2.0,-36.20635122,142.8491695,BULOKE
T20160016542,Wet,Raining,Collision with a fixed object,Friday,Day,80,2016/07/29,12:30:00,No,4.0,3.0,-37.10409157,146.350718,MANSFIELD
T20160016544,Wet,Clear,Collision with a fixed object,Friday,Day,80,2016/07/29,15:30:00,No,1.0,1.0,-38.05201946,144.391086,GREATER GEELONG
T20160016551,Wet,Raining,Collision with a fixed object,Friday,Day,60,2016/07/29,13:15:00,No,1.0,1.0,-37.2975096,144.1247614,HEPBURN
T20160016554,Dry,Clear,Collision with a fixed object,Sunday,Dark No street lights,100,2016/07/24,00:01:00,Yes,1.0,1.0,-34.48318043,142.2053164,MILDURA
T20160016562,Dry,Clear,Collision with vehicle,Friday,Day,100,2016/07/29,16:00:00,No,2.0,1.0,-38.35000263,144.2565318,SURF COAST
T20160016565,Wet,Raining,Collision with a fixed object,Friday,Day,100,2016/07/29,15:55:00,No,1.0,1.0,-36.35334854,143.516201,LODDON
T20160016568,Wet,Raining,Collision with vehicle,Friday,Dark Street lights on,50,2016/07/29,18:15:00,Yes,3.0,1.0,-37.29031788,144.9504293,MITCHELL
T20160016582,Wet,Raining,Collision with a fixed object,Friday,Dark No street lights,80,2016/07/29,18:02:00,Yes,1.0,1.0,-37.72461274,144.0272415,MOORABOOL
T20160016584,Wet,Raining,Collision with a fixed object,Friday,Dark No street lights,100,2016/07/29,21:00:00,Yes,1.0,1.0,-37.28134506,144.597811,MACEDON RANGES
T20160016595,Dry,Clear,Collision with vehicle,Tuesday,Day,60,2015/08/18,17:00:00,No,3.0,1.0,-34.19210376,142.1604389,MILDURA
T20160016598,Wet,Raining,Collision with a fixed object,Saturday,Dark No street lights,80,2016/07/30,06:50:00,Yes,1.0,1.0,-36.75936953,144.2223821,GREATER BENDIGO
T20160016602,Unknown,Not known,Vehicle overturned (no collision),Friday,Day,999,2016/07/29,14:00:00,No,1.0,1.0,-37.4540915,145.358047,MURRINDINDI
T20160016609,Dry,Not known,Collision with a fixed object,Thursday,Day,100,2016/07/14,17:14:00,No,1.0,1.0,-36.81535,145.1947103,STRATHBOGIE
T20160016613,Wet,Raining,Collision with a fixed object,Friday,Dark No street lights,100,2016/07/29,22:45:00,Yes,1.0,1.0,-36.3692097,143.9755876,LODDON
T20160016616,Wet,Clear,Collision with a fixed object,Saturday,Day,100,2016/07/30,09:55:00,No,2.0,1.0,-37.58241197,148.9227012,EAST GIPPSLAND
T20160016627,Wet,Clear,Collision with vehicle,Saturday,Day,999,2016/07/30,13:00:00,No,2.0,1.0,-37.27551249,145.9363203,MURRINDINDI
T20160016632,Dry,Clear,Collision with a fixed object,Saturday,Day,80,2016/07/30,14:00:00,No,1.0,1.0,-38.16846892,144.4242311,GREATER GEELONG
T20160016641,Wet,Clear,Collision with a fixed object,Friday,Dark No street lights,100,2016/07/29,23:00:00,Yes,2.0,1.0,-38.38279715,146.1104919,SOUTH GIPPSLAND
T20160016642,Wet,Raining,Collision with a fixed object,Friday,Dark No street lights,80,2016/07/29,22:20:00,Yes,1.0,1.0,-37.5110386,145.3589598,MURRINDINDI
T20160016654,Dry,Clear,Collision with vehicle,Saturday,Dark No street lights,110,2016/07/30,20:35:00,Yes,5.0,3.0,-36.49552186,146.1206047,BENALLA
T20160016670,Dry,Not known,Collision with a fixed object,Sunday,Dark No street lights,100,2016/07/31,03:45:00,No,1.0,1.0,-36.37242399,145.1632904,GREATER SHEPPARTON
T20160016682,Dry,Clear,Collision with vehicle,Saturday,Dark Street lights on,60,2016/07/16,22:12:00,Yes,4.0,4.0,-38.15556911,144.3654123,GREATER GEELONG
T20160016695,Dry,Clear,Struck Pedestrian,Sunday,Day,60,2016/07/31,13:40:00,No,4.0,1.0,-36.12374003,144.7484598,CAMPASPE
T20160016700,Dry,Clear,Collision with vehicle,Sunday,Day,50,2016/07/31,14:00:00,No,6.0,1.0,-38.51351004,145.3597267,BASS COAST
T20160016722,Dry,Clear,Collision with vehicle,Sunday,Dark Street lights on,70,2016/07/31,18:40:00,No,2.0,1.0,-38.20310806,144.3408413,GREATER GEELONG
T20160016727,Dry,Clear,Collision with vehicle,Monday,Day,100,2016/07/25,12:15:00,No,2.0,1.0,-37.86690694,142.340942,SOUTHERN GRAMPIANS
T20160016732,Wet,Not known,Collision with a fixed object,Sunday,Dark No street lights,100,2016/07/31,19:22:00,Yes,2.0,2.0,-36.55230464,146.9745389,ALPINE
T20160016735,Dry,Clear,Collision with vehicle,Friday,Day,60,2016/07/29,13:30:00,No,2.0,1.0,-36.11484639,146.8686262,WODONGA
T20160016737,Dry,Clear,Collision with vehicle,Sunday,Dark No street lights,100,2016/07/31,18:22:00,Yes,3.0,3.0,-38.06207072,142.7823191,MOYNE
T20160016747,Dry,Clear,Collision with a fixed object,Sunday,Dark No street lights,60,2016/07/31,23:30:00,Yes,1.0,1.0,-38.37463963,146.2757909,LATROBE
T20160016752,Wet,Raining,Collision with vehicle,Monday,Dark Street lights on,60,2016/08/01,07:03:00,Yes,2.0,1.0,-38.16136747,145.9395422,BAW BAW
T20160016755,Dry,Clear,Collision with vehicle,Saturday,Day,60,2016/07/30,11:00:00,No,5.0,2.0,-36.14025953,144.7553849,CAMPASPE
T20160016758,Dry,Clear,Struck animal,Saturday,Day,100,2016/07/30,11:00:00,No,1.0,1.0,-34.50249078,141.9938695,MILDURA
T20160016762,Dry,Clear,Struck Pedestrian,Thursday,Dark Street lights on,50,2016/07/07,22:30:00,Yes,2.0,1.0,-36.11757504,146.8623821,WODONGA
T20160016777,Wet,Raining,Collision with a fixed object,Monday,Day,60,2016/08/01,12:10:00,No,2.0,1.0,-37.28591826,142.9511403,ARARAT
T20160016787,Wet,Raining,Vehicle overturned (no collision),Monday,Day,50,2016/08/01,11:35:00,No,2.0,1.0,-37.54334702,143.8307252,BALLARAT
T20160016796,Dry,Fog,Struck animal,Wednesday,Dusk/Dawn,100,2016/06/29,06:30:00,No,3.0,1.0,-37.92026834,147.2833892,WELLINGTON
T20160016800,Wet,Raining,Collision with vehicle,Monday,Day,40,2016/08/01,15:48:00,No,3.0,2.0,-34.22730847,142.1610105,MILDURA
T20160016804,Dry,Clear,Vehicle overturned (no collision),Monday,Day,100,2016/08/01,11:00:00,No,1.0,1.0,-38.22742447,143.9482092,SURF COAST
T20160016806,Dry,Clear,Collision with vehicle,Monday,Day,50,2016/08/01,16:00:00,No,4.0,1.0,-38.09741151,144.3496026,GREATER GEELONG
T20160016814,Wet,Raining,Collision with vehicle,Monday,Day,100,2016/08/01,16:02:00,Yes,2.0,1.0,-38.26708386,144.4595393,GREATER GEELONG
T20160016815,Wet,Raining,Collision with a fixed object,Monday,Day,60,2016/08/01,15:00:00,No,5.0,3.0,-38.18111246,144.3587605,GREATER GEELONG
T20160016820,Wet,Raining,Collision with a fixed object,Monday,Dark Street lights off,110,2016/08/01,18:55:00,Yes,3.0,2.0,-37.04200024,145.0992113,MITCHELL
T20160016830,Dry,Clear,Collision with a fixed object,Thursday,Day,999,2016/07/07,15:00:00,No,2.0,1.0,-36.70621798,144.2808463,GREATER BENDIGO
T20160016839,Wet,Clear,Collision with vehicle,Tuesday,Dark No street lights,80,2016/08/02,06:20:00,No,2.0,2.0,-38.33453745,143.5383297,COLAC OTWAY
T20160016848,Wet,Raining,Collision with vehicle,Tuesday,Dark Street lights on,60,2016/08/02,05:15:00,Yes,3.0,1.0,-36.7869441,144.5019971,GREATER BENDIGO
T20160016853,Dry,Clear,Collision with vehicle,Thursday,Day,70,2016/07/28,06:45:00,No,2.0,1.0,-37.5904021,143.8064891,BALLARAT
T20160016856,Wet,Strong winds,collision with some other object,Tuesday,Dark No street lights,100,2016/08/02,05:00:00,Yes,1.0,1.0,-38.39436028,146.2719886,LATROBE
T20160016859,Icy,Snowing,Collision with vehicle,Sunday,Day,80,2016/07/24,14:50:00,No,2.0,1.0,-36.9761503,147.0572268,ALPINE
T20160016861,Wet,Raining,Collision with vehicle,Monday,Day,60,2016/08/01,16:45:00,Yes,3.0,1.0,-36.72656816,144.3086663,GREATER BENDIGO
T20160016866,Dry,Clear,Collision with vehicle,Tuesday,Day,60,2016/08/02,12:50:00,No,3.0,1.0,-35.33926633,143.5550973,SWAN HILL
T20160016873,Dry,Clear,Collision with a fixed object,Tuesday,Day,100,2016/08/02,09:05:00,No,1.0,1.0,-36.93392938,141.0885782,WEST WIMMERA
T20160016881,Dry,Clear,Collision with vehicle,Tuesday,Day,100,2016/08/02,15:15:00,No,2.0,1.0,-36.92945584,146.0008713,MANSFIELD
T20160016883,Dry,Clear,Vehicle overturned (no collision),Tuesday,Day,60,2016/08/02,14:00:00,No,1.0,1.0,-38.14424514,144.382629,GREATER GEELONG
T20160016884,Dry,Clear,Collision with vehicle,Tuesday,Dusk/Dawn,70,2016/08/02,16:43:00,No,3.0,1.0,-38.12386036,144.3526529,GREATER GEELONG
T20160016888,Dry,Not known,Collision with vehicle,Tuesday,Day,50,2016/08/02,14:00:00,No,2.0,1.0,-38.09631683,144.3573006,GREATER GEELONG
T20160016893,Dry,Clear,Collision with vehicle,Tuesday,Dusk/Dawn,80,2016/08/02,16:50:00,No,3.0,1.0,-38.18262072,144.4371197,GREATER GEELONG
T20160016901,Unknown,Not known,Vehicle overturned (no collision),Sunday,Day,999,2016/07/31,11:00:00,No,1.0,1.0,-37.22675866,141.5743411,SOUTHERN GRAMPIANS
T20160016905,Wet,Clear,Collision with a fixed object,Monday,Day,100,2016/08/01,15:35:00,No,1.0,1.0,-38.23581711,145.7161193,BAW BAW
T20160016906,Unknown,Not known,Collision with vehicle,Sunday,Unknown,999,2016/07/24,11:30:00,No,2.0,1.0,-37.92353971,146.0797868,BAW BAW
T20160016908,Dry,Clear,Collision with vehicle,Tuesday,Dusk/Dawn,100,2016/08/02,17:15:00,No,2.0,1.0,-36.36236001,146.363331,WANGARATTA
T20160016910,Wet,Clear,Collision with vehicle,Monday,Dark Street lights on,60,2016/08/01,01:40:00,Yes,1.0,1.0,-36.37989017,145.4096802,GREATER SHEPPARTON
T20160016922,Dry,Clear,Collision with vehicle,Sunday,Day,999,2016/07/03,13:30:00,No,2.0,1.0,-38.01821931,146.0239196,BAW BAW
T20160016927,Dry,Clear,Collision with vehicle,Wednesday,Day,50,2016/08/03,08:30:00,No,2.0,1.0,-36.75477843,144.2833161,GREATER BENDIGO
T20160016928,Dry,Clear,Collision with vehicle,Wednesday,Day,60,2016/08/03,08:10:00,No,2.0,1.0,-36.75643904,144.285187,GREATER BENDIGO
T20160016935,Wet,Raining,Collision with a fixed object,Wednesday,Day,80,2016/08/03,09:45:00,No,3.0,1.0,-37.10493921,144.3025405,MOUNT ALEXANDER
T20160016939,Wet,Raining,Collision with vehicle,Wednesday,Day,60,2016/08/03,10:20:00,No,2.0,1.0,-37.55528124,143.8131492,BALLARAT
T20160016940,Wet,Raining,Collision with vehicle,Wednesday,Day,90,2016/08/03,09:20:00,No,2.0,2.0,-37.39207382,144.5269182,MACEDON RANGES
T20160016942,Wet,Clear,Collision with a fixed object,Wednesday,Day,100,2016/08/03,10:40:00,No,1.0,1.0,-38.3913695,146.1662971,SOUTH GIPPSLAND
T20160016943,Wet,Raining,Collision with vehicle,Wednesday,Day,60,2016/08/03,11:12:00,No,2.0,1.0,-38.10022138,144.3420563,GREATER GEELONG
T20160016945,Unknown,Not known,Struck Pedestrian,Sunday,Day,40,2016/07/31,09:30:00,Yes,2.0,1.0,-38.14307049,144.3478391,GREATER GEELONG
T20160016947,Dry,Fog,Collision with vehicle,Wednesday,Dusk/Dawn,100,2016/08/03,06:06:00,No,2.0,1.0,-38.30662398,143.7429116,COLAC OTWAY
T20160016948,Muddy,Raining,Vehicle overturned (no collision),Wednesday,Day,60,2016/08/03,11:00:00,No,1.0,1.0,-37.4614608,144.31221,MOORABOOL
T20160016975,Wet,Clear,Collision with vehicle,Wednesday,Day,100,2016/08/03,09:20:00,No,3.0,3.0,-38.33592258,144.2605772,SURF COAST
T20160016983,Dry,Clear,Collision with vehicle,Wednesday,Day,100,2016/08/03,15:00:00,No,3.0,3.0,-36.63670041,147.1170036,ALPINE
T20160016984,Wet,Clear,Collision with vehicle,Wednesday,Day,70,2016/08/03,08:00:00,No,3.0,1.0,-38.21040015,144.3395312,GREATER GEELONG
T20160016989,Wet,Raining,Vehicle overturned (no collision),Saturday,Day,999,2016/07/30,08:00:00,Yes,1.0,1.0,-37.45724246,145.462883,MURRINDINDI
T20160016991,Dry,Clear,Collision with a fixed object,Wednesday,Day,100,2016/08/03,14:15:00,No,1.0,1.0,-36.34300144,145.2591101,GREATER SHEPPARTON
T20160016994,Dry,Clear,Collision with vehicle,Wednesday,Dusk/Dawn,60,2016/08/03,17:15:00,No,2.0,1.0,-38.15903864,145.9399895,BAW BAW
T20160017002,Dry,Clear,Struck Pedestrian,Wednesday,Day,50,2016/08/03,16:49:00,No,2.0,1.0,-38.14547436,144.3626081,GREATER GEELONG
T20160017038,Wet,Fog,Collision with a fixed object,Thursday,Dark No street lights,100,2016/08/04,04:40:00,Yes,1.0,1.0,-38.44816273,143.1293485,CORANGAMITE
T20160017043,Wet,Raining,Collision with vehicle,Thursday,Day,60,2016/08/04,08:55:00,No,2.0,1.0,-37.58980047,143.8309188,BALLARAT
T20160017044,Dry,Clear,Collision with a fixed object,Monday,Day,100,2016/02/08,14:50:00,No,2.0,1.0,-36.83633281,144.5556715,GREATER BENDIGO
T20160017050,Wet,Raining,Collision with vehicle,Thursday,Dark Street lights on,60,2016/06/30,19:45:00,Yes,2.0,1.0,-36.75978178,144.2778123,GREATER BENDIGO
T20160017053,Muddy,Clear,Vehicle overturned (no collision),Saturday,Day,999,2016/07/30,11:00:00,No,1.0,1.0,-38.07430885,146.5078779,BAW BAW
T20160017068,Wet,Raining,Collision with vehicle,Wednesday,Dusk/Dawn,60,2016/08/03,07:15:00,No,2.0,2.0,-38.16938569,144.3778515,GREATER GEELONG
T20160017072,Dry,Clear,Collision with a fixed object,Thursday,Day,60,2016/08/04,14:15:00,No,2.0,2.0,-36.49220993,144.61216,GREATER BENDIGO
T20160017078,Dry,Clear,Vehicle overturned (no collision),Friday,Dusk/Dawn,999,2016/07/15,17:00:00,Yes,1.0,1.0,-38.06002819,146.0990899,BAW BAW
T20160017079,Dry,Clear,Collision with vehicle,Thursday,Day,60,2016/08/04,15:45:00,No,2.0,1.0,-36.76936838,144.2890694,GREATER BENDIGO
T20160017093,Dry,Clear,Collision with vehicle,Thursday,Day,60,2016/08/04,15:03:00,No,2.0,1.0,-36.35184104,145.4020415,GREATER SHEPPARTON
T20160017094,Dry,Clear,Collision with a fixed object,Thursday,Dark Street lights on,60,2016/08/04,18:30:00,Yes,2.0,1.0,-38.16352494,144.3729388,GREATER GEELONG
T20160017100,Dry,Clear,Collision with vehicle,Thursday,Dark Street lights on,50,2016/08/04,18:51:00,Yes,2.0,1.0,-37.55708659,143.8533868,BALLARAT
T20160017101,Dry,Clear,Collision with vehicle,Thursday,Dark No street lights,100,2016/08/04,19:58:00,Yes,4.0,4.0,-36.40117681,145.3134971,GREATER SHEPPARTON
T20160017109,Dry,Clear,Collision with vehicle,Thursday,Dark No street lights,100,2016/08/04,19:30:00,Yes,3.0,1.0,-37.82521456,147.7016316,EAST GIPPSLAND
T20160017114,Dry,Clear,Collision with vehicle,Thursday,Dark No street lights,100,2016/08/04,20:45:00,Yes,7.0,1.0,-38.27426664,143.8833378,SURF COAST
T20160017115,Dry,Clear,Collision with a fixed object,Friday,Dark Street lights on,60,2016/08/05,00:30:00,Yes,2.0,2.0,-38.13114181,144.3428673,GREATER GEELONG
T20160017126,Unknown,Not known,Collision with vehicle,Friday,Day,50,2016/08/05,08:25:00,No,2.0,1.0,-38.14981067,144.3346492,GREATER GEELONG
T20160017142,Dry,Clear,Collision with vehicle,Friday,Day,50,2016/08/05,12:28:00,No,3.0,1.0,-35.33898898,143.5565981,SWAN HILL
T20160017144,Dry,Clear,Collision with vehicle,Friday,Day,100,2016/08/05,12:20:00,No,2.0,1.0,-36.30034017,147.097293,INDIGO
T20160017145,Dry,Clear,Struck Pedestrian,Tuesday,Day,50,2016/07/26,11:00:00,No,2.0,1.0,-38.15171586,144.3684818,GREATER GEELONG
T20160017149,Unknown,Not known,Collision with vehicle,Friday,Day,50,2016/08/05,13:10:00,No,3.0,2.0,-38.07308648,144.3497902,GREATER GEELONG
T20160017158,Dry,Clear,Collision with vehicle,Friday,Day,60,2016/08/05,14:55:00,No,2.0,1.0,-37.25633507,144.4687711,MACEDON RANGES
T20160017162,Dry,Clear,Collision with a fixed object,Friday,Day,50,2016/08/05,15:39:00,No,3.0,1.0,-38.17889001,144.3693302,GREATER GEELONG
T20160017172,Unknown,Not known,Collision with vehicle,Thursday,Unknown,60,2016/03/10,15:45:00,No,3.0,1.0,-38.09848792,144.3338997,GREATER GEELONG
T20160017184,Dry,Clear,Collision with vehicle,Friday,Dark Street lights on,60,2016/08/05,18:40:00,Yes,6.0,2.0,-36.11810895,146.888048,WODONGA
T20160017185,Dry,Clear,Collision with vehicle,Thursday,Dark Street lights unknown,50,2016/08/04,19:55:00,Yes,1.0,1.0,-38.36669431,142.4901793,WARRNAMBOOL
T20160017188,Dry,Clear,Collision with vehicle,Friday,Dark No street lights,100,2016/08/05,19:55:00,Yes,3.0,2.0,-37.27761911,144.1491919,HEPBURN
T20160017193,Dry,Clear,Collision with vehicle,Friday,Dark No street lights,100,2016/08/05,19:20:00,Yes,4.0,2.0,-37.96955744,146.9559885,WELLINGTON
T20160017196,Dry,Clear,Collision with vehicle,Friday,Dark Street lights on,60,2016/08/05,23:00:00,Yes,2.0,2.0,-36.34755842,145.4157883,GREATER SHEPPARTON
T20160017197,Dry,Clear,Collision with a fixed object,Friday,Dark Street lights on,50,2016/08/05,22:30:00,Yes,3.0,2.0,-34.1838694,142.1489465,MILDURA
T20160017202,Dry,Clear,Collision with a fixed object,Saturday,Dark No street lights,100,2016/08/06,02:30:00,Yes,1.0,1.0,-37.96185863,147.0284466,WELLINGTON
T20160017208,Dry,Clear,Collision with a fixed object,Friday,Dark No street lights,100,2016/08/05,21:55:00,Yes,1.0,1.0,-37.55244023,144.2151849,MOORABOOL
T20160017214,Dry,Clear,Collision with vehicle,Saturday,Day,100,2016/08/06,08:15:00,No,5.0,4.0,-37.07677082,145.6414891,MURRINDINDI
T20160017218,Dry,Clear,Collision with vehicle,Saturday,Day,60,2016/08/06,11:20:00,No,5.0,1.0,-36.35755366,145.3940841,GREATER SHEPPARTON
T20160017221,Dry,Clear,collision with some other object,Saturday,Day,999,2016/08/06,10:30:00,No,1.0,1.0,-34.60466779,142.2697002,MILDURA
T20160017226,Dry,Clear,Collision with a fixed object,Saturday,Day,60,2016/08/06,13:15:00,No,1.0,1.0,-36.41218995,145.9234002,BENALLA
T20160017227,Dry,Clear,Collision with vehicle,Saturday,Day,60,2016/08/06,10:15:00,No,1.0,1.0,-37.55484957,143.859076,BALLARAT
T20160017229,Dry,Clear,Collision with vehicle,Saturday,Day,60,2016/08/06,13:15:00,No,2.0,1.0,-38.13638973,144.3372077,GREATER GEELONG
T20160017243,Dry,Clear,Struck animal,Saturday,Day,100,2016/08/06,13:45:00,No,1.0,1.0,-37.97617999,146.6343493,WELLINGTON
T20160017244,Dry,Clear,Collision with vehicle,Saturday,Day,50,2016/08/06,15:15:00,No,3.0,1.0,-38.33963427,143.5834287,COLAC OTWAY
T20160017251,Dry,Clear,Vehicle overturned (no collision),Saturday,Day,110,2016/08/06,10:35:00,No,5.0,5.0,-35.21822605,141.4854776,MILDURA
T20160017253,Dry,Clear,Collision with a fixed object,Friday,Day,100,2016/08/05,14:20:00,No,2.0,2.0,-37.24709783,145.1731689,MURRINDINDI
T20160017254,Dry,Clear,Struck Pedestrian,Saturday,Dark Street lights on,60,2016/08/06,18:30:00,Yes,2.0,1.0,-37.5691028,143.8699054,BALLARAT
T20160017262,Dry,Clear,Collision with a fixed object,Friday,Dark Street lights on,60,2016/08/05,03:50:00,Yes,1.0,1.0,-38.15610617,144.383659,GREATER GEELONG
T20160017283,Dry,Not known,No collision and no object struck,Sunday,Day,60,2016/08/07,09:50:00,Yes,1.0,1.0,-36.40212522,145.408942,GREATER SHEPPARTON
T20160017297,Wet,Raining,Collision with vehicle,Saturday,Day,60,2016/07/23,16:00:00,Yes,2.0,1.0,-37.56844121,143.8532566,BALLARAT
T20160017300,Unknown,Not known,collision with some other object,Saturday,Day,999,2016/01/30,11:30:00,No,1.0,1.0,-37.88881492,145.8660358,BAW BAW
T20160017302,Unknown,Not known,Collision with a fixed object,Saturday,Day,999,2016/07/30,09:15:00,No,1.0,1.0,-38.00916317,146.0326609,BAW BAW
T20160017303,Dry,Clear,Vehicle overturned (no collision),Sunday,Day,100,2016/08/07,13:00:00,No,1.0,1.0,-36.30866813,146.5344085,WANGARATTA
T20160017306,Dry,Clear,Collision with a fixed object,Sunday,Day,100,2016/08/07,16:25:00,Yes,4.0,4.0,-36.46333721,146.5135718,WANGARATTA
T20160017312,Dry,Clear,Vehicle overturned (no collision),Sunday,Dark No street lights,100,2016/08/07,19:00:00,Yes,1.0,1.0,-37.33876996,144.98694,MITCHELL
T20160017322,Unknown,Not known,No collision and no object struck,Monday,Day,999,2016/08/01,14:00:00,No,1.0,1.0,-38.5064085,145.7641616,SOUTH GIPPSLAND
T20160017326,Dry,Clear,Struck Pedestrian,Sunday,Dark Street lights on,40,2016/07/17,03:47:00,Yes,2.0,1.0,-38.14729051,144.3607419,GREATER GEELONG
T20160017332,Dry,Clear,Collision with vehicle,Tuesday,Day,40,2016/07/19,10:15:00,No,3.0,2.0,-37.88108891,147.9829966,EAST GIPPSLAND
T20160017340,Dry,Clear,Collision with a fixed object,Monday,Dusk/Dawn,100,2016/08/08,06:00:00,Yes,2.0,2.0,-37.85802505,146.3897005,BAW BAW
T20160017343,Dry,Clear,Collision with vehicle,Monday,Day,60,2016/08/08,08:00:00,No,3.0,2.0,-36.14051896,144.7568602,CAMPASPE
T20160017347,Dry,Clear,Collision with vehicle,Friday,Day,60,2016/07/29,14:30:00,No,2.0,1.0,-38.15662862,145.9187558,BAW BAW
T20160017351,Unknown,Not known,Collision with vehicle,Friday,Day,60,2016/07/15,15:00:00,No,2.0,1.0,-38.17611,144.4019988,GREATER GEELONG
T20160017354,Unknown,Clear,Vehicle overturned (no collision),Sunday,Day,50,2016/08/07,15:00:00,No,1.0,1.0,-38.55372127,143.4815186,COLAC OTWAY
T20160017357,Dry,Clear,Collision with vehicle,Sunday,Dark Street lights on,60,2016/08/07,19:05:00,Yes,3.0,1.0,-36.66803529,144.3296006,GREATER BENDIGO
T20160017370,Dry,Clear,Collision with a fixed object,Friday,Day,100,2016/04/15,14:30:00,No,1.0,1.0,-36.38142366,146.6158407,INDIGO
T20160017372,Dry,Clear,Collision with vehicle,Monday,Day,50,2016/08/08,15:30:00,No,2.0,2.0,-36.71488687,142.2073548,HORSHAM
T20160017373,Muddy,Clear,Collision with vehicle,Saturday,Day,999,2016/08/06,11:30:00,No,2.0,1.0,-37.36963,145.08599,MITCHELL
T20160017375,Wet,Raining,Collision with vehicle,Monday,Dark Street lights on,60,2016/07/25,20:15:00,Yes,5.0,1.0,-38.19220113,146.5524286,LATROBE
T20160017390,Dry,Clear,Collision with a fixed object,Tuesday,Dark No street lights,80,2016/08/09,00:55:00,Yes,5.0,1.0,-36.38929341,145.3755582,GREATER SHEPPARTON
T20160017392,Wet,Clear,Collision with vehicle,Sunday,Dark Street lights on,50,2016/08/07,05:30:00,Yes,1.0,1.0,-38.20688533,144.3151808,GREATER GEELONG
T20160017398,Dry,Strong winds,Collision with vehicle,Tuesday,Day,100,2016/08/09,09:30:00,No,2.0,1.0,-37.76101999,144.3875899,MOORABOOL
T20160017405,Dry,Clear,Collision with vehicle,Tuesday,Day,60,2016/08/09,08:40:00,No,2.0,1.0,-38.38084767,142.4857097,WARRNAMBOOL
T20160017406,Dry,Clear,Collision with vehicle,Monday,Day,40,2016/08/08,11:58:00,No,2.0,1.0,-38.14702317,144.3690472,GREATER GEELONG
T20160017418,Wet,Raining,Collision with a fixed object,Monday,Dark No street lights,100,2016/06/20,20:30:00,Yes,2.0,1.0,-37.28510315,144.7743271,MACEDON RANGES
T20160017421,Dry,Clear,Collision with vehicle,Tuesday,Day,60,2016/08/09,14:20:00,No,2.0,1.0,-36.36063054,146.3104496,WANGARATTA
T20160017422,Dry,Clear,Struck Pedestrian,Monday,Day,999,2016/07/18,15:00:00,No,1.0,1.0,-37.78603945,141.9290395,SOUTHERN GRAMPIANS
T20160017431,Dry,Clear,Collision with vehicle,Tuesday,Day,60,2016/08/09,16:15:00,No,2.0,1.0,-38.15692681,144.3703458,GREATER GEELONG
T20160017449,Wet,Raining,Collision with vehicle,Tuesday,Dark Street lights on,60,2016/08/09,21:03:00,Yes,3.0,2.0,-38.37681179,142.4899317,WARRNAMBOOL
T20160017462,Wet,Raining,Collision with a fixed object,Wednesday,Dark Street lights on,60,2016/08/10,03:40:00,Yes,1.0,1.0,-36.1219003,146.8672419,WODONGA
T20160017469,Wet,Raining,Collision with vehicle,Tuesday,Dark No street lights,100,2016/08/09,21:40:00,Yes,3.0,3.0,-36.09164411,144.6585833,CAMPASPE
T20160017471,Dry,Clear,Collision with vehicle,Saturday,Dark Street lights off,60,2016/07/23,23:45:00,Yes,2.0,2.0,-38.17949281,144.3724502,GREATER GEELONG
T20160017489,Dry,Clear,Collision with vehicle,Tuesday,Dark Street lights on,50,2016/08/09,21:15:00,Yes,2.0,1.0,-34.18365727,142.1645115,MILDURA
T20160017491,Dry,Clear,Collision with vehicle,Wednesday,Day,100,2016/08/10,10:00:00,No,3.0,2.0,-35.05209277,143.3275137,SWAN HILL
T20160017498,Dry,Clear,Collision with vehicle,Tuesday,Day,60,2016/08/09,13:55:00,No,3.0,1.0,-37.19738789,145.7117928,MURRINDINDI
T20160017502,Wet,Raining,Collision with vehicle,Tuesday,Dark No street lights,50,2016/08/09,22:15:00,Yes,2.0,2.0,-36.69655068,144.3226866,GREATER BENDIGO
T20160017503,Wet,Raining,Collision with a fixed object,Wednesday,Day,100,2016/08/10,14:05:00,No,1.0,1.0,-37.41071914,143.708722,BALLARAT
T20160017518,Dry,Not known,Collision with vehicle,Wednesday,Dark Street lights on,50,2016/07/20,17:50:00,No,2.0,1.0,-37.56701424,143.894039,BALLARAT
T20160017526,Wet,Raining,Collision with vehicle,Wednesday,Dark Street lights on,50,2016/08/10,19:00:00,Yes,2.0,1.0,-38.24343331,143.9893387,SURF COAST
T20160017536,Wet,Clear,Struck Pedestrian,Wednesday,Dark Street lights on,50,2016/08/10,21:05:00,Yes,1.0,1.0,-36.26929289,143.3495446,BULOKE
T20160017537,Wet,Raining,Collision with vehicle,Wednesday,Dark Street lights on,60,2016/08/10,18:00:00,Yes,2.0,1.0,-38.17902175,144.3384915,GREATER GEELONG
T20160017541,Wet,Clear,Collision with vehicle,Wednesday,Dark Street lights on,50,2016/08/10,21:40:00,Yes,3.0,1.0,-38.18942561,144.3445908,GREATER GEELONG
T20160017559,Dry,Clear,Collision with vehicle,Wednesday,Day,60,2016/07/13,08:37:00,No,3.0,1.0,-34.19049414,142.1362385,MILDURA