Accident_No,Surface_Cond_Desc,Atmosph_Cond_Desc,Accident_Type_Desc,Day,Light_Condition_Desc,Speed_Zone,Accident_Date,Accident_Time,Alcohol_Influence,Total_Persons_Inv,Inj_Or_Fatal,Lat,Long,LGA
T20160017562,Wet,Raining,Collision with vehicle,Wednesday,Day,60,2016/08/10,18:30:00,Yes,2.0,1.0,-37.56590379,143.8540195,BALLARAT
T20160017564,Dry,Clear,Collision with vehicle,Monday,Dark Street lights on,60,2016/08/08,21:45:00,Yes,2.0,1.0,-36.73569053,144.1329749,GREATER BENDIGO
T20160017570,Dry,Clear,Collision with vehicle,Thursday,Day,100,2016/08/11,12:35:00,No,4.0,2.0,-38.21042938,146.3196188,LATROBE
T20160017576,Dry,Clear,No collision and no object struck,Monday,Day,999,2016/08/08,13:30:00,No,1.0,1.0,-37.77693286,144.0560994,MOORABOOL
T20160017580,Dry,Not known,Collision with vehicle,Friday,Day,60,2016/05/13,08:30:00,No,3.0,1.0,-34.20321968,142.1702709,MILDURA
T20160017588,Dry,Clear,Vehicle overturned (no collision),Thursday,Day,80,2016/08/11,14:45:00,No,2.0,2.0,-37.08139137,144.1639298,MOUNT ALEXANDER
T20160017597,Dry,Clear,Collision with vehicle,Thursday,Day,50,2016/08/11,16:30:00,No,5.0,1.0,-38.35796403,142.4489052,WARRNAMBOOL
T20160017611,Dry,Clear,Collision with vehicle,Thursday,Dark Street lights on,70,2016/08/11,20:40:00,Yes,2.0,1.0,-38.17406534,144.3525317,GREATER GEELONG
T20160017614,Dry,Clear,Collision with vehicle,Thursday,Dark Street lights on,70,2016/08/11,19:24:00,Yes,3.0,3.0,-38.18831989,144.5515683,GREATER GEELONG
T20160017626,Dry,Clear,Collision with vehicle,Friday,Day,80,2016/08/12,08:00:00,No,3.0,2.0,-36.76004004,144.2277067,GREATER BENDIGO
T20160017627,Dry,Clear,Collision with vehicle,Wednesday,Day,60,2016/08/10,16:40:00,No,2.0,1.0,-38.14204778,144.3133629,GREATER GEELONG
T20160017628,Unknown,Not known,Vehicle overturned (no collision),Tuesday,Day,50,2016/08/02,15:15:00,No,1.0,1.0,-36.73922981,144.2882301,GREATER BENDIGO
T20160017639,Wet,Raining,No collision and no object struck,Saturday,Day,999,2016/07/30,10:00:00,No,1.0,1.0,-37.38024421,145.0994977,MITCHELL
T20160017643,Dry,Clear,Collision with vehicle,Thursday,Day,50,2016/08/11,16:40:00,No,4.0,1.0,-37.28737884,142.9244381,ARARAT
T20160017649,Wet,Raining,Vehicle overturned (no collision),Sunday,Day,80,2016/07/17,15:00:00,No,1.0,1.0,-34.18833734,142.0356347,MILDURA
T20160017655,Dry,Clear,Collision with vehicle,Friday,Dusk/Dawn,60,2016/08/12,17:20:00,Yes,2.0,1.0,-36.76681504,144.2750113,GREATER BENDIGO
T20160017661,Dry,Clear,Collision with vehicle,Friday,Day,50,2016/08/12,14:18:00,No,2.0,1.0,-36.12417664,146.8959724,WODONGA
T20160017665,Muddy,Clear,Vehicle overturned (no collision),Thursday,Day,999,2016/08/11,16:00:00,No,1.0,1.0,-37.46888703,144.4405098,MOORABOOL
T20160017670,Dry,Clear,Collision with vehicle,Friday,Day,70,2016/08/12,18:10:00,Yes,2.0,1.0,-38.38348124,142.5192876,WARRNAMBOOL
T20160017671,Unknown,Not known,Collision with a fixed object,Friday,Dark No street lights,80,2016/08/12,03:10:00,Yes,3.0,1.0,-37.46924035,144.3052496,MOORABOOL
T20160017691,Dry,Clear,Collision with vehicle,Saturday,Dark Street lights on,80,2016/08/13,01:16:00,Yes,2.0,2.0,-38.07800926,144.365899,GREATER GEELONG
T20160017695,Unknown,Clear,Collision with vehicle,Saturday,Dark Street lights unknown,60,2016/08/13,05:55:00,Yes,2.0,1.0,-37.96216416,146.9858188,WELLINGTON
T20160017704,Wet,Clear,Collision with a fixed object,Saturday,Day,100,2016/08/13,08:30:00,No,1.0,1.0,-38.26101887,147.1419722,WELLINGTON
T20160017713,Dry,Clear,Collision with vehicle,Saturday,Day,100,2016/08/13,11:00:00,No,2.0,1.0,-38.35949108,144.2471132,SURF COAST
T20160017714,Wet,Clear,Collision with a fixed object,Saturday,Day,80,2016/08/13,11:05:00,No,1.0,1.0,-37.53698987,145.3873407,MURRINDINDI
T20160017726,Unknown,Clear,Vehicle overturned (no collision),Saturday,Day,60,2016/08/06,12:00:00,No,1.0,1.0,-37.10228018,145.8033897,MURRINDINDI
T20160017728,Dry,Clear,Vehicle overturned (no collision),Saturday,Day,60,2016/08/13,15:30:00,Yes,1.0,1.0,-37.24715053,145.1796214,MURRINDINDI
T20160017737,Dry,Clear,Struck Pedestrian,Saturday,Dark Street lights on,80,2016/08/13,18:20:00,Yes,3.0,1.0,-38.19217259,146.5532707,LATROBE
T20160017739,Dry,Clear,Collision with vehicle,Saturday,Dark No street lights,60,2016/08/13,18:30:00,Yes,6.0,3.0,-36.33617076,146.2960936,WANGARATTA
T20160017740,Dry,Clear,Collision with a fixed object,Saturday,Day,100,2016/08/13,13:35:00,No,1.0,1.0,-37.35582131,141.904938,SOUTHERN GRAMPIANS
T20160017742,Dry,Clear,Collision with a fixed object,Saturday,Dark No street lights,100,2016/08/13,18:40:00,Yes,2.0,1.0,-36.37247434,145.2803,GREATER SHEPPARTON
T20160017743,Dry,Clear,Collision with vehicle,Saturday,Dark Street lights on,60,2016/08/13,19:07:00,Yes,3.0,1.0,-37.539102,143.8222505,BALLARAT
T20160017765,Dry,Clear,Collision with vehicle,Saturday,Day,80,2016/08/13,12:00:00,No,2.0,1.0,-38.19067074,146.5622739,LATROBE
T20160017774,Dry,Clear,Struck Pedestrian,Sunday,Dark No street lights,80,2016/08/14,03:00:00,Yes,2.0,1.0,-36.67889987,144.321319,GREATER BENDIGO
T20160017777,Dry,Clear,Collision with vehicle,Sunday,Day,60,2016/08/14,07:34:00,Yes,1.0,1.0,-38.13973907,144.3563926,GREATER GEELONG
T20160017786,Dry,Clear,Collision with vehicle,Saturday,Dark Street lights on,60,2016/08/13,19:49:00,Yes,1.0,1.0,-38.19218133,146.5251414,LATROBE
T20160017791,Dry,Clear,Collision with a fixed object,Sunday,Day,50,2016/08/14,13:07:00,No,6.0,1.0,-36.72580867,144.298105,GREATER BENDIGO
T20160017792,Dry,Clear,Collision with vehicle,Sunday,Day,60,2016/08/14,13:13:00,No,2.0,2.0,-38.14527356,145.9379087,BAW BAW
T20160017806,Unknown,Clear,Vehicle overturned (no collision),Sunday,Day,999,2016/08/14,14:00:00,No,1.0,1.0,-37.31075754,145.6314895,MURRINDINDI
T20160017816,Dry,Clear,Collision with vehicle,Sunday,Dark Street lights on,60,2016/08/14,19:33:00,Yes,3.0,2.0,-38.16170392,144.3541106,GREATER GEELONG
T20160017832,Dry,Clear,Collision with a fixed object,Friday,Day,100,2016/08/12,15:10:00,No,2.0,2.0,-36.16060011,143.2990699,BULOKE
T20160017833,Dry,Clear,Collision with a fixed object,Sunday,Day,100,2016/08/14,15:15:00,No,1.0,1.0,-36.29884636,145.00279,CAMPASPE
T20160017834,Dry,Clear,Collision with vehicle,Sunday,Dark No street lights,100,2016/08/14,18:30:00,Yes,3.0,1.0,-37.80096079,146.3351238,BAW BAW
T20160017835,Wet,Raining,collision with some other object,Friday,Dark Street lights unknown,70,2016/03/18,00:01:00,Yes,1.0,1.0,-37.46366222,144.6897303,MACEDON RANGES
T20160017837,Dry,Clear,Collision with vehicle,Monday,Day,50,2016/08/15,09:00:00,No,2.0,1.0,-38.24352026,142.919524,CORANGAMITE
T20160017863,Muddy,Clear,Collision with a fixed object,Monday,Day,100,2016/08/15,10:40:00,No,1.0,1.0,-38.16456912,142.8970335,CORANGAMITE
T20160017865,Dry,Clear,Collision with a fixed object,Monday,Day,100,2016/08/15,12:05:00,No,1.0,1.0,-38.30825208,143.9566314,SURF COAST
T20160017874,Dry,Clear,Collision with a fixed object,Wednesday,Dusk/Dawn,999,2016/08/03,07:20:00,No,1.0,1.0,-38.69427731,143.7083052,COLAC OTWAY
T20160017879,Dry,Clear,Collision with vehicle,Monday,Day,60,2016/08/15,16:00:00,No,5.0,1.0,-37.55939977,143.847708,BALLARAT
T20160017885,Wet,Raining,Collision with vehicle,Wednesday,Dark Street lights on,60,2016/08/10,18:00:00,Yes,2.0,1.0,-36.39404979,145.3630847,GREATER SHEPPARTON
T20160017889,Dry,Clear,Collision with vehicle,Saturday,Dark Street lights on,60,2016/08/13,06:25:00,Yes,2.0,1.0,-37.05358967,144.2189073,MOUNT ALEXANDER
T20160017894,Dry,Fog,Struck animal,Monday,Dark No street lights,100,2016/08/15,04:30:00,Yes,2.0,1.0,-36.25097,145.0494963,CAMPASPE
T20160017915,Dry,Clear,Collision with vehicle,Tuesday,Day,60,2016/08/16,09:05:00,No,6.0,1.0,-37.55732966,143.8480871,BALLARAT
T20160017934,Dry,Clear,Collision with vehicle,Tuesday,Day,50,2016/08/16,12:15:00,No,5.0,1.0,-37.55993229,143.8595696,BALLARAT
T20160017947,Dry,Clear,Vehicle overturned (no collision),Tuesday,Day,100,2016/08/16,10:30:00,No,1.0,1.0,-35.66353066,143.8652691,GANNAWARRA
T20160017953,Dry,Clear,Collision with a fixed object,Monday,Day,100,2016/08/08,12:35:00,No,1.0,1.0,-36.54923914,144.997633,CAMPASPE
T20160017966,Dry,Clear,Collision with a fixed object,Tuesday,Day,100,2016/08/16,16:10:00,No,5.0,5.0,-37.02714987,142.3429692,HORSHAM
T20160017970,Dry,Clear,Collision with vehicle,Tuesday,Day,60,2016/08/16,17:40:00,No,6.0,2.0,-38.1576401,144.5553637,GREATER GEELONG
T20160017977,Dry,Clear,No collision and no object struck,Monday,Dark Street lights on,50,2016/08/15,21:45:00,Yes,1.0,1.0,-37.54969881,143.8473901,BALLARAT
T20160017978,Dry,Clear,Struck animal,Tuesday,Dark No street lights,100,2016/08/16,19:55:00,Yes,1.0,1.0,-37.56848977,149.1406306,EAST GIPPSLAND
T20160017985,Dry,Clear,Collision with vehicle,Tuesday,Dark Street lights on,80,2016/08/16,19:15:00,Yes,3.0,3.0,-38.22071507,146.4716393,LATROBE
T20160017990,Dry,Clear,Collision with vehicle,Tuesday,Day,50,2016/08/16,15:25:00,No,2.0,2.0,-38.23250039,146.4103062,LATROBE
T20160017996,Icy,Raining,Collision with vehicle,Friday,Day,80,2016/06/24,13:30:00,No,3.0,1.0,-38.14179638,145.8838303,BAW BAW
T20160017999,Wet,Clear,Collision with vehicle,Wednesday,Day,60,2016/08/17,09:10:00,No,2.0,1.0,-38.1197907,145.8428606,BAW BAW
T20160018002,Dry,Clear,Collision with vehicle,Wednesday,Day,60,2016/08/17,08:25:00,No,2.0,1.0,-37.65697161,144.4480921,MOORABOOL
T20160018003,Dry,Clear,collision with some other object,Friday,Day,100,2016/08/12,13:00:00,No,1.0,1.0,-37.17226994,145.8859913,MANSFIELD
T20160018006,Dry,Clear,Collision with vehicle,Wednesday,Day,60,2016/08/17,09:30:00,No,2.0,1.0,-36.3575,145.4157801,GREATER SHEPPARTON
T20160018012,Dry,Clear,Collision with vehicle,Saturday,Dark Street lights on,60,2016/06/04,20:00:00,Yes,4.0,2.0,-38.14700652,144.3491807,GREATER GEELONG
T20160018013,Unknown,Not known,Collision with a fixed object,Monday,Dark No street lights,999,2016/08/01,02:05:00,Yes,1.0,1.0,-37.01548919,144.5418183,GREATER BENDIGO
T20160018017,Dry,Clear,Collision with vehicle,Monday,Day,80,2016/08/15,10:15:00,No,2.0,2.0,-38.2054214,146.5102708,LATROBE
T20160018020,Dry,Clear,Collision with vehicle,Wednesday,Day,60,2016/08/17,12:40:00,No,3.0,1.0,-38.15318385,144.3691936,GREATER GEELONG
T20160018024,Dry,Not known,Collision with vehicle,Wednesday,Day,50,2016/08/17,14:00:00,No,2.0,1.0,-38.37128235,142.4598161,WARRNAMBOOL
T20160018033,Wet,Clear,Collision with a fixed object,Wednesday,Day,999,2016/08/17,12:40:00,No,1.0,1.0,-36.16831221,144.8096287,CAMPASPE
T20160018035,Dry,Clear,No collision and no object struck,Wednesday,Day,60,2016/08/17,15:30:00,No,1.0,1.0,-38.1029295,144.2663458,GREATER GEELONG
T20160018039,Dry,Clear,Collision with vehicle,Wednesday,Day,50,2016/08/17,14:50:00,No,6.0,1.0,-38.17034913,144.3477287,GREATER GEELONG
T20160018042,Dry,Clear,Collision with vehicle,Monday,Day,60,2016/08/15,11:00:00,No,2.0,1.0,-38.09901099,144.3565001,GREATER GEELONG
T20160018045,Dry,Clear,Collision with vehicle,Wednesday,Day,50,2016/08/17,17:00:00,No,3.0,1.0,-34.20535712,142.1699635,MILDURA
T20160018070,Dry,Clear,Collision with a fixed object,Wednesday,Dark No street lights,100,2016/08/17,22:30:00,Yes,1.0,1.0,-37.02117028,144.1952089,MOUNT ALEXANDER
T20160018072,Dry,Clear,Collision with a fixed object,Thursday,Dark Street lights on,50,2016/08/18,04:34:00,Yes,1.0,1.0,-38.38492157,142.4858135,WARRNAMBOOL
T20160018075,Dry,Clear,Vehicle overturned (no collision),Wednesday,Day,80,2016/08/17,17:15:00,No,1.0,1.0,-38.37372833,142.49237,WARRNAMBOOL
T20160018085,Dry,Clear,Collision with vehicle,Thursday,Day,100,2016/08/18,08:26:00,No,2.0,2.0,-38.2873723,143.652894,COLAC OTWAY
T20160018088,Dry,Clear,Struck Pedestrian,Saturday,Day,40,2016/06/11,15:00:00,No,2.0,1.0,-36.05418365,146.460057,INDIGO
T20160018093,Dry,Clear,Collision with vehicle,Thursday,Day,80,2016/08/18,12:00:00,No,4.0,1.0,-37.05114281,146.0805238,MANSFIELD
T20160018094,Dry,Clear,No collision and no object struck,Thursday,Day,60,2016/08/18,13:30:00,No,1.0,1.0,-38.23652773,146.4244904,LATROBE
T20160018095,Dry,Clear,Collision with a fixed object,Thursday,Day,100,2016/08/18,11:55:00,No,1.0,1.0,-37.2619649,145.8490983,MURRINDINDI
T20160018101,Dry,Clear,Collision with vehicle,Thursday,Day,40,2016/08/18,08:25:00,No,2.0,2.0,-37.56144976,143.8548431,BALLARAT
T20160018107,Dry,Clear,Collision with a fixed object,Thursday,Day,80,2016/08/18,13:45:00,No,1.0,1.0,-38.42627001,145.81849,SOUTH GIPPSLAND
T20160018111,Dry,Clear,Vehicle overturned (no collision),Thursday,Day,60,2016/08/18,11:30:00,No,1.0,1.0,-38.13241146,144.3515997,GREATER GEELONG
T20160018120,Dry,Clear,Collision with vehicle,Thursday,Day,100,2016/08/18,13:40:00,No,3.0,3.0,-36.66131235,142.9674027,NORTHERN GRAMPIANS
T20160018131,Dry,Clear,Collision with vehicle,Thursday,Day,100,2016/08/18,14:37:00,No,2.0,2.0,-36.74695235,142.5228616,YARRIAMBIACK
T20160018134,Dry,Clear,Collision with a fixed object,Thursday,Dark Street lights on,100,2016/08/18,19:05:00,Yes,1.0,1.0,-38.20076129,146.4798478,LATROBE
T20160018138,Dry,Clear,No collision and no object struck,Thursday,Dark Street lights on,60,2016/08/18,18:25:00,Yes,1.0,1.0,-38.16660981,144.34086,GREATER GEELONG
T20160018139,Dry,Clear,Struck Pedestrian,Thursday,Dark No street lights,100,2016/08/18,18:45:00,Yes,2.0,2.0,-34.18536999,142.0585657,MILDURA
T20160018149,Wet,Clear,Vehicle overturned (no collision),Saturday,Day,999,2016/07/30,14:00:00,Yes,1.0,1.0,-37.37684915,146.0454582,MURRINDINDI
T20160018150,Dry,Clear,Collision with vehicle,Thursday,Day,50,2016/08/18,14:40:00,No,2.0,1.0,-36.12116028,144.7462682,CAMPASPE
T20160018155,Dry,Not known,No collision and no object struck,Sunday,Day,80,2016/04/03,16:30:00,Yes,1.0,1.0,-36.85503947,144.0201757,LODDON
T20160018163,Wet,Raining,Collision with a fixed object,Friday,Day,80,2016/08/19,07:40:00,No,1.0,1.0,-37.42018988,144.5818693,MACEDON RANGES
T20160018169,Wet,Raining,Collision with vehicle,Friday,Day,50,2016/08/19,11:06:00,No,2.0,1.0,-37.48756093,144.588118,MACEDON RANGES
T20160018178,Dry,Clear,Collision with vehicle,Friday,Day,100,2016/08/19,09:25:00,No,2.0,2.0,-36.3165895,146.6979281,INDIGO
T20160018193,Dry,Raining,Collision with vehicle,Friday,Dark Street lights on,60,2016/08/19,18:35:00,Yes,15.0,1.0,-36.77979332,144.2502466,GREATER BENDIGO
T20160018203,Wet,Raining,Collision with vehicle,Friday,Dark No street lights,80,2016/08/19,18:00:00,Yes,3.0,1.0,-38.49669677,145.2389322,BASS COAST
T20160018204,Wet,Raining,Collision with a fixed object,Friday,Day,110,2016/08/19,16:05:00,No,1.0,1.0,-37.42673296,144.5426946,MACEDON RANGES
T20160018207,Wet,Clear,Collision with a fixed object,Friday,Dark Street lights on,60,2016/08/19,20:10:00,Yes,1.0,1.0,-38.18281165,144.3541684,GREATER GEELONG
T20160018208,Wet,Clear,Collision with vehicle,Friday,Dark Street lights on,50,2016/08/19,19:55:00,Yes,2.0,1.0,-37.27846932,142.9233902,ARARAT
T20160018231,Wet,Clear,collision with some other object,Sunday,Day,100,2016/07/17,12:00:00,No,1.0,1.0,-37.41749842,144.5018596,MACEDON RANGES
T20160018234,Dry,Not known,Collision with vehicle,Monday,Day,60,2016/08/15,08:50:00,Yes,4.0,1.0,-36.73569053,144.1329749,GREATER BENDIGO
T20160018246,Wet,Raining,Collision with a fixed object,Friday,Dark No street lights,80,2016/08/19,19:30:00,Yes,1.0,1.0,-37.81059952,146.6709338,WELLINGTON
T20160018251,Unknown,Not known,Vehicle overturned (no collision),Friday,Dark No street lights,100,2016/08/19,21:30:00,Yes,4.0,1.0,-34.7068551,143.0336896,SWAN HILL
T20160018269,Wet,Clear,Collision with vehicle,Saturday,Dark No street lights,100,2016/08/20,20:46:00,Yes,2.0,2.0,-38.11624761,146.5792368,LATROBE
T20160018282,Unknown,Not known,Struck animal,Saturday,Dark No street lights,100,2015/11/28,05:00:00,Yes,1.0,1.0,-38.00203743,147.3905806,WELLINGTON
T20160018284,Unknown,Not known,Collision with vehicle,Friday,Unknown,60,2016/08/12,18:30:00,Yes,3.0,2.0,-38.17538759,144.342373,GREATER GEELONG
T20160018296,Wet,Raining,Vehicle overturned (no collision),Sunday,Day,100,2016/08/21,11:20:00,No,3.0,3.0,-37.16400031,143.5348233,PYRENEES
T20160018297,Muddy,Clear,Vehicle overturned (no collision),Saturday,Day,60,2016/08/20,15:30:00,Yes,1.0,1.0,-37.16789162,146.0437797,MANSFIELD
T20160018301,Dry,Clear,Collision with a fixed object,Sunday,Day,100,2016/08/21,12:15:00,No,1.0,1.0,-37.80496022,147.6658618,EAST GIPPSLAND
T20160018306,Wet,Raining,Collision with vehicle,Saturday,Dark Street lights on,60,2016/08/20,18:30:00,Yes,7.0,2.0,-38.35218664,142.4616523,WARRNAMBOOL
T20160018307,Dry,Clear,Collision with vehicle,Sunday,Day,60,2016/08/21,11:09:00,No,2.0,1.0,-38.23874496,146.4024423,LATROBE
T20160018308,Wet,Clear,Collision with a fixed object,Sunday,Day,100,2016/08/21,10:30:00,No,1.0,1.0,-36.43622895,141.1440493,WEST WIMMERA
T20160018310,Wet,Clear,Collision with vehicle,Sunday,Day,60,2016/08/21,14:43:00,No,3.0,2.0,-37.56553005,149.15345,EAST GIPPSLAND
T20160018313,Wet,Raining,Collision with vehicle,Friday,Day,70,2016/08/19,12:49:00,No,4.0,1.0,-38.0985301,144.3553109,GREATER GEELONG
T20160018316,Dry,Clear,Collision with vehicle,Sunday,Day,100,2016/08/21,15:30:00,No,2.0,2.0,-37.87659784,143.668822,GOLDEN PLAINS
T20160018320,Dry,Clear,Collision with vehicle,Sunday,Dusk/Dawn,100,2016/08/21,16:59:00,Yes,3.0,2.0,-38.20276058,144.3042307,GREATER GEELONG
T20160018328,Wet,Fog,Struck animal,Monday,Dark No street lights,100,2016/08/22,05:15:00,Yes,1.0,1.0,-38.20615078,143.1737418,CORANGAMITE
T20160018337,Wet,Clear,Collision with vehicle,Monday,Day,60,2016/08/22,10:55:00,No,4.0,1.0,-34.21099073,142.1413662,MILDURA
T20160018346,Dry,Clear,Collision with vehicle,Monday,Day,100,2016/08/22,08:20:00,No,2.0,1.0,-38.18194241,144.6435828,GREATER GEELONG
T20160018351,Dry,Not known,Collision with vehicle,Saturday,Dark Street lights on,60,2016/07/30,18:30:00,Yes,2.0,1.0,-38.17194405,144.3138259,GREATER GEELONG
T20160018352,Dry,Clear,Collision with vehicle,Monday,Dark No street lights,100,2016/08/22,06:20:00,No,4.0,1.0,-37.84192041,147.5676528,EAST GIPPSLAND
T20160018364,Dry,Clear,Collision with vehicle,Monday,Day,60,2016/08/22,11:45:00,No,3.0,1.0,-38.17902175,144.3384915,GREATER GEELONG
T20160018369,Dry,Clear,Vehicle overturned (no collision),Saturday,Day,80,2016/06/04,17:30:00,Yes,1.0,1.0,-38.00566473,141.9240818,MOYNE
T20160018370,Wet,Clear,Collision with vehicle,Monday,Day,50,2016/08/22,16:05:00,No,4.0,2.0,-37.55548126,143.8574432,BALLARAT
T20160018381,Wet,Raining,Struck Pedestrian,Monday,Dark Street lights on,60,2016/08/22,18:40:00,Yes,3.0,1.0,-37.68619602,144.4296193,MOORABOOL
T20160018387,Wet,Raining,Collision with vehicle,Monday,Dark No street lights,110,2016/08/22,18:30:00,Yes,3.0,1.0,-37.35376037,144.5504634,MACEDON RANGES
T20160018390,Unknown,Not known,Collision with vehicle,Monday,Day,60,2016/08/22,17:00:00,No,2.0,1.0,-38.18244605,144.3447307,GREATER GEELONG
T20160018400,Unknown,Clear,No collision and no object struck,Friday,Day,999,2016/07/08,10:30:00,No,1.0,1.0,-38.22637979,144.3318486,GREATER GEELONG
T20160018414,Unknown,Not known,No collision and no object struck,Wednesday,Day,60,2016/08/17,13:30:00,No,1.0,1.0,-38.60139343,145.6009453,BASS COAST
T20160018420,Dry,Clear,No collision and no object struck,Tuesday,Day,60,2016/08/23,12:00:00,No,2.0,1.0,-38.23293148,146.4316005,LATROBE
T20160018423,Unknown,Not known,Collision with vehicle,Monday,Day,60,2016/08/22,08:56:00,No,2.0,1.0,-36.73861103,144.2993621,GREATER BENDIGO
T20160018428,Wet,Raining,Collision with vehicle,Wednesday,Dusk/Dawn,100,2016/08/10,17:30:00,No,4.0,1.0,-37.3185603,144.9529495,MITCHELL
T20160018430,Wet,Raining,Collision with a fixed object,Monday,Day,100,2016/08/22,15:25:00,No,1.0,1.0,-36.42621967,146.0711397,BENALLA
T20160018431,Unknown,Clear,Collision with vehicle,Sunday,Unknown,60,2016/07/17,00:40:00,No,2.0,1.0,-37.55827382,143.856942,BALLARAT
T20160018433,Dry,Not known,Struck animal,Thursday,Dark No street lights,100,2016/05/26,18:00:00,Yes,2.0,1.0,-37.16408589,145.2933587,MURRINDINDI
T20160018443,Dry,Clear,Vehicle overturned (no collision),Tuesday,Dusk/Dawn,60,2016/08/23,18:00:00,Yes,1.0,1.0,-37.47664766,145.2623433,MURRINDINDI
T20160018450,Unknown,Not known,No collision and no object struck,Sunday,Unknown,999,2016/06/19,13:30:00,No,1.0,1.0,-37.43797633,144.4931114,MACEDON RANGES
T20160018451,Dry,Clear,Collision with vehicle,Tuesday,Day,60,2016/08/23,16:24:00,No,3.0,1.0,-38.13042098,144.3364398,GREATER GEELONG
T20160018453,Dry,Clear,Collision with a fixed object,Tuesday,Dark No street lights,60,2016/08/23,19:20:00,Yes,2.0,1.0,-36.65274182,146.8537029,ALPINE
T20160018454,Dry,Clear,Collision with vehicle,Tuesday,Dark Street lights on,50,2016/08/23,19:17:00,Yes,3.0,1.0,-38.16285815,144.3541894,GREATER GEELONG
T20160018472,Dry,Clear,Collision with vehicle,Tuesday,Day,50,2016/07/19,16:00:00,No,2.0,1.0,-37.54152993,143.8310495,BALLARAT
T20160018483,Dry,Clear,Collision with vehicle,Monday,Day,70,2016/07/18,16:27:00,Yes,2.0,1.0,-38.14743713,144.3527539,GREATER GEELONG
T20160018484,Dry,Clear,Struck animal,Saturday,Day,100,2016/07/16,15:30:00,Yes,1.0,1.0,-37.66404202,147.8737922,EAST GIPPSLAND
T20160018493,Dry,Clear,Collision with vehicle,Wednesday,Day,50,2016/08/24,09:27:00,No,2.0,1.0,-37.57090868,143.8425371,BALLARAT
T20160018494,Dry,Not known,Struck Pedestrian,Tuesday,Day,60,2016/08/23,18:05:00,Yes,2.0,1.0,-37.59874163,143.8411629,BALLARAT
T20160018497,Unknown,Not known,Vehicle overturned (no collision),Tuesday,Day,100,2016/08/16,09:00:00,No,1.0,1.0,-37.00748001,145.2318824,MITCHELL
T20160018499,Unknown,Not known,No collision and no object struck,Friday,Day,60,2016/08/19,08:30:00,No,1.0,1.0,-38.0042914,146.5856056,LATROBE
T20160018506,Dry,Clear,Collision with a fixed object,Wednesday,Day,100,2016/08/24,12:35:00,No,2.0,2.0,-37.18431031,146.1438295,MANSFIELD
T20160018520,Unknown,Not known,Collision with vehicle,Wednesday,Unknown,50,2016/08/24,07:35:00,No,2.0,1.0,-38.16899696,144.376109,GREATER GEELONG
T20160018529,Dry,Clear,Collision with vehicle,Wednesday,Day,60,2016/08/24,16:44:00,No,3.0,2.0,-38.37936148,142.4898354,WARRNAMBOOL
T20160018540,Dry,Clear,Collision with a fixed object,Wednesday,Dark Street lights on,60,2016/08/24,20:26:00,Yes,1.0,1.0,-38.16402003,144.5541223,GREATER GEELONG
T20160018545,Icy,Raining,Collision with a fixed object,Sunday,Dark No street lights,110,2016/07/24,07:00:00,Yes,2.0,1.0,-37.48781109,144.6074362,MACEDON RANGES
T20160018546,Dry,Clear,Collision with vehicle,Wednesday,Dark Street lights on,60,2016/08/24,22:00:00,Yes,3.0,1.0,-36.74977885,144.2907517,GREATER BENDIGO
T20160018550,Dry,Clear,Collision with vehicle,Wednesday,Dark Street lights on,60,2016/08/24,22:35:00,Yes,2.0,1.0,-36.11172049,146.8693831,WODONGA
T20160018561,Dry,Clear,Collision with vehicle,Friday,Dark Street lights on,60,2016/08/19,19:41:00,Yes,2.0,1.0,-34.18123855,142.1474208,MILDURA
T20160018562,Wet,Clear,Collision with vehicle,Thursday,Day,60,2016/08/25,09:00:00,No,5.0,1.0,-38.16682664,145.9440305,BAW BAW
T20160018563,Dry,Clear,Struck Pedestrian,Thursday,Day,60,2016/08/25,07:52:00,No,2.0,1.0,-38.14375808,144.3476826,GREATER GEELONG
T20160018564,Dry,Clear,Collision with vehicle,Thursday,Day,40,2016/08/25,07:30:00,No,3.0,2.0,-36.69809946,144.3223859,GREATER BENDIGO
T20160018569,Wet,Raining,Collision with vehicle,Wednesday,Day,60,2016/08/24,15:30:00,No,2.0,1.0,-37.52802991,143.8124202,BALLARAT
T20160018576,Dry,Fog,Collision with a fixed object,Thursday,Day,100,2016/08/25,08:45:00,No,1.0,1.0,-36.10595034,146.8200026,WODONGA
T20160018589,Dry,Clear,Struck Pedestrian,Thursday,Day,60,2016/08/25,12:30:00,No,2.0,1.0,-37.30560959,144.9504165,MITCHELL
T20160018595,Dry,Clear,Collision with vehicle,Monday,Day,50,2016/08/15,17:15:00,No,5.0,1.0,-36.35876619,146.2979854,WANGARATTA
T20160018599,Dry,Clear,Collision with vehicle,Thursday,Day,100,2016/08/25,10:22:00,No,2.0,1.0,-35.92548099,145.3318948,MOIRA
T20160018609,Wet,Raining,Collision with a fixed object,Thursday,Day,80,2016/08/25,14:25:00,No,1.0,1.0,-38.31166004,145.8982107,BAW BAW
T20160018612,Wet,Clear,Vehicle overturned (no collision),Wednesday,Dark No street lights,100,2016/08/24,21:00:00,Yes,2.0,1.0,-38.26969449,145.8143249,BAW BAW