Accident_No,Surface_Cond_Desc,Atmosph_Cond_Desc,Accident_Type_Desc,Day,Light_Condition_Desc,Speed_Zone,Accident_Date,Accident_Time,Alcohol_Influence,Total_Persons_Inv,Inj_Or_Fatal,Lat,Long,LGA
T20160018613,Icy,Raining,Collision with a fixed object,Monday,Day,100,2016/08/22,17:00:00,No,1.0,1.0,-36.79094637,145.1252422,STRATHBOGIE
T20160018614,Dry,Clear,Collision with a fixed object,Tuesday,Dark Street lights on,999,2016/08/16,23:40:00,Yes,1.0,1.0,-34.17827595,142.1509824,MILDURA
T20160018618,Dry,Clear,Collision with a fixed object,Thursday,Day,100,2016/08/25,16:40:00,No,1.0,1.0,-36.78246891,144.4805004,GREATER BENDIGO
T20160018624,Unknown,Clear,Collision with a fixed object,Thursday,Day,100,2016/08/25,11:30:00,No,1.0,1.0,-38.20364284,145.9053591,BAW BAW
T20160018626,Wet,Clear,Collision with vehicle,Thursday,Day,60,2016/08/25,17:00:00,No,2.0,1.0,-38.11068836,145.7669295,BAW BAW
T20160018642,Dry,Clear,Collision with vehicle,Thursday,Dark Street lights on,60,2016/08/25,23:40:00,Yes,2.0,1.0,-38.60952217,145.5897519,BASS COAST
T20160018647,Dry,Clear,Collision with a fixed object,Friday,Dark No street lights,100,2016/08/26,04:50:00,Yes,1.0,1.0,-36.13350129,145.2788389,MOIRA
T20160018657,Dry,Clear,Collision with vehicle,Friday,Day,60,2016/08/26,09:00:00,No,3.0,1.0,-38.15844952,144.5552061,GREATER GEELONG
T20160018674,Dry,Clear,No collision and no object struck,Thursday,Dusk/Dawn,999,2016/08/25,17:00:00,No,1.0,1.0,-34.7917001,140.9664834,MILDURA
T20160018683,Unknown,Not known,No collision and no object struck,Friday,Dusk/Dawn,60,2016/08/26,04:55:00,Yes,1.0,1.0,-37.51935795,143.8194377,BALLARAT
T20160018688,Dry,Clear,Collision with vehicle,Tuesday,Day,70,2016/08/23,14:30:00,No,3.0,2.0,-38.1334072,144.3511555,GREATER GEELONG
T20160018693,Wet,Raining,Collision with vehicle,Thursday,Day,50,2016/08/25,15:40:00,No,2.0,1.0,-38.23310093,143.140928,CORANGAMITE
T20160018694,Unknown,Not known,No collision and no object struck,Sunday,Day,100,2015/09/13,11:30:00,No,1.0,1.0,-38.01511989,143.9762208,GOLDEN PLAINS
T20160018698,Muddy,Not known,No collision and no object struck,Friday,Day,999,2016/08/26,13:30:00,No,1.0,1.0,-37.48712746,144.4714695,MACEDON RANGES
T20160018700,Dry,Clear,Collision with vehicle,Tuesday,Day,60,2016/07/19,15:30:00,No,5.0,4.0,-34.19658121,142.1489615,MILDURA
T20160018701,Dry,Clear,Collision with vehicle,Friday,Day,100,2016/08/26,15:20:00,No,2.0,1.0,-38.64964924,146.2162268,SOUTH GIPPSLAND
T20160018710,Dry,Clear,Collision with vehicle,Friday,Day,80,2016/08/26,14:40:00,No,1.0,1.0,-38.18847255,146.5752802,LATROBE
T20160018719,Dry,Clear,Collision with vehicle,Friday,Day,50,2016/08/26,17:25:00,Yes,2.0,1.0,-38.14839101,144.3586934,GREATER GEELONG
T20160018725,Dry,Clear,Collision with a fixed object,Friday,Day,100,2016/08/26,16:10:00,Yes,1.0,1.0,-35.40551257,143.7314278,SWAN HILL
T20160018735,Wet,Clear,Collision with a fixed object,Friday,Dark No street lights,100,2016/08/26,21:00:00,Yes,3.0,3.0,-38.21955987,146.382269,LATROBE
T20160018739,Dry,Clear,Struck Pedestrian,Friday,Dark Street lights on,50,2016/08/26,21:40:00,Yes,2.0,1.0,-38.1514762,145.9288146,BAW BAW
T20160018741,Dry,Clear,Collision with a fixed object,Friday,Dark No street lights,999,2016/08/26,19:37:00,Yes,1.0,1.0,-38.1324399,142.4969496,MOYNE
T20160018746,Dry,Clear,Collision with a fixed object,Friday,Dark No street lights,100,2016/08/26,23:00:00,Yes,1.0,1.0,-38.0252204,143.0024806,MOYNE
T20160018751,Dry,Clear,Collision with vehicle,Friday,Dark Street lights on,60,2016/08/26,23:45:00,Yes,5.0,1.0,-38.14489305,144.3474599,GREATER GEELONG
T20160018757,Dry,Clear,Collision with a fixed object,Thursday,Day,50,2016/03/03,10:30:00,No,1.0,1.0,-37.06326977,144.2224577,MOUNT ALEXANDER
T20160018760,Dry,Clear,Collision with vehicle,Saturday,Day,80,2016/08/27,07:10:00,Yes,2.0,1.0,-38.08402765,144.3583934,GREATER GEELONG
T20160018768,Unknown,Clear,Vehicle overturned (no collision),Friday,Day,999,2016/08/26,12:00:00,No,1.0,1.0,-37.73969969,146.6876501,WELLINGTON
T20160018774,Dry,Clear,Collision with a fixed object,Saturday,Day,60,2016/08/27,11:12:00,No,2.0,1.0,-38.11115875,144.3518102,GREATER GEELONG
T20160018792,Dry,Clear,Collision with a fixed object,Saturday,Day,100,2016/08/27,16:39:00,Yes,1.0,1.0,-36.04456001,145.1316811,MOIRA
T20160018811,Dry,Clear,No collision and no object struck,Saturday,Day,999,2016/08/27,12:00:00,No,1.0,1.0,-37.92653316,146.0656598,BAW BAW
T20160018815,Unknown,Clear,Vehicle overturned (no collision),Sunday,Day,999,2016/08/28,10:30:00,No,1.0,1.0,-37.52387057,144.2645504,MOORABOOL
T20160018820,Dry,Not known,Collision with vehicle,Saturday,Day,100,2016/08/27,09:00:00,No,2.0,1.0,-38.37127141,145.684271,SOUTH GIPPSLAND
T20160018821,Dry,Clear,Vehicle overturned (no collision),Saturday,Day,50,2016/08/27,16:30:00,Yes,1.0,1.0,-38.34991047,143.5985142,COLAC OTWAY
T20160018830,Dry,Clear,Collision with a fixed object,Sunday,Day,80,2016/08/28,09:30:00,Yes,1.0,1.0,-38.58229416,143.9398813,COLAC OTWAY
T20160018832,Dry,Clear,Collision with a fixed object,Sunday,Day,100,2016/08/28,12:10:00,No,2.0,2.0,-36.59480932,145.0190523,CAMPASPE
T20160018837,Dry,Clear,Struck animal,Saturday,Dark No street lights,100,2016/08/27,22:00:00,Yes,1.0,1.0,-37.68305862,144.471531,MOORABOOL
T20160018844,Dry,Clear,Collision with vehicle,Sunday,Day,100,2016/08/28,16:00:00,Yes,3.0,3.0,-37.52405663,143.7417923,BALLARAT
T20160018853,Dry,Clear,Struck animal,Monday,Dusk/Dawn,100,2016/03/21,06:40:00,No,1.0,1.0,-36.67554653,144.3946188,GREATER BENDIGO
T20160018867,Dry,Clear,Collision with vehicle,Sunday,Day,100,2016/08/28,16:30:00,Yes,7.0,7.0,-37.58345997,141.3852197,GLENELG
T20160018870,Dry,Not known,No collision and no object struck,Sunday,Unknown,80,2016/08/28,09:00:00,Yes,1.0,1.0,-37.0015688,145.152298,MITCHELL
T20160018877,Dry,Clear,Collision with vehicle,Sunday,Dark No street lights,100,2016/08/28,00:15:00,Yes,2.0,2.0,-38.29545265,143.8081111,COLAC OTWAY
T20160018882,Wet,Clear,Other accident,Sunday,Day,999,2016/08/28,07:40:00,Yes,1.0,1.0,-37.49585999,144.3610099,MOORABOOL
T20160018884,Dry,Clear,Collision with vehicle,Wednesday,Dusk/Dawn,100,2016/08/24,17:55:00,No,3.0,1.0,-37.4254601,144.978422,MITCHELL
T20160018885,Dry,Clear,collision with some other object,Sunday,Day,999,2016/08/21,11:00:00,No,1.0,1.0,-36.99343904,145.8592517,MANSFIELD
T20160018888,Unknown,Not known,No collision and no object struck,Tuesday,Dusk/Dawn,50,2016/05/24,17:45:00,No,1.0,1.0,-36.38419979,145.4001786,GREATER SHEPPARTON
T20160018891,Dry,Clear,Collision with vehicle,Monday,Day,100,2016/08/29,09:02:00,No,2.0,1.0,-36.25991942,145.3586915,GREATER SHEPPARTON
T20160018898,Dry,Clear,Struck Pedestrian,Monday,Day,50,2016/08/29,12:05:00,No,2.0,1.0,-37.55644234,143.8478496,BALLARAT
T20160018901,Muddy,Raining,Vehicle overturned (no collision),Thursday,Day,100,2016/08/25,11:00:00,No,1.0,1.0,-37.45394133,145.4300689,MURRINDINDI
T20160018905,Dry,Fog,Collision with vehicle,Monday,Day,80,2016/08/29,09:00:00,No,3.0,2.0,-38.2253074,146.4647272,LATROBE
T20160018912,Dry,Clear,Vehicle overturned (no collision),Saturday,Day,999,2016/08/27,16:30:00,Yes,1.0,1.0,-37.05132831,144.5006603,MOUNT ALEXANDER
T20160018916,Dry,Clear,Collision with vehicle,Monday,Day,60,2016/08/29,15:30:00,No,4.0,1.0,-37.742643,142.0396918,SOUTHERN GRAMPIANS
T20160018918,Dry,Clear,Collision with a fixed object,Monday,Day,60,2016/08/29,13:30:00,No,1.0,1.0,-38.15709968,145.9446597,BAW BAW
T20160018928,Dry,Clear,Collision with a fixed object,Monday,Dark No street lights,60,2016/08/29,18:25:00,Yes,3.0,2.0,-36.12229016,144.7434796,CAMPASPE
T20160018929,Dry,Clear,Collision with vehicle,Monday,Day,50,2016/08/29,16:30:00,No,2.0,1.0,-37.05182532,143.7520748,CENTRAL GOLDFIELDS
T20160018930,Dry,Clear,Collision with vehicle,Monday,Day,60,2016/08/29,15:30:00,No,2.0,1.0,-38.33755554,144.3172102,SURF COAST
T20160018932,Dry,Clear,Collision with vehicle,Friday,Day,60,2016/08/26,13:00:00,No,3.0,1.0,-36.35136465,146.3154647,WANGARATTA
T20160018940,Dry,Clear,Struck Pedestrian,Wednesday,Dark No street lights,100,2016/07/13,18:20:00,Yes,2.0,1.0,-38.20737458,144.5640948,GREATER GEELONG
T20160018942,Dry,Not known,Struck Pedestrian,Monday,Dark Street lights on,60,2016/08/29,20:55:00,Yes,2.0,1.0,-37.58239654,143.8679866,BALLARAT
T20160018965,Dry,Not known,Collision with vehicle,Tuesday,Day,100,2016/08/30,08:32:00,No,2.0,1.0,-38.16136,146.4066932,LATROBE
T20160018969,Dry,Clear,Collision with vehicle,Sunday,Day,50,2016/08/14,15:10:00,No,2.0,1.0,-38.14544908,144.3651907,GREATER GEELONG
T20160018972,Wet,Raining,Collision with vehicle,Friday,Day,110,2016/06/24,14:00:00,No,4.0,3.0,-38.1717001,145.9385191,BAW BAW
T20160018974,Dry,Dust,No collision and no object struck,Sunday,Day,999,2016/08/21,15:00:00,No,1.0,1.0,-38.00781003,146.0195282,BAW BAW
T20160018976,Wet,Not known,Vehicle overturned (no collision),Friday,Dark Street lights on,50,2016/08/26,18:30:00,Yes,1.0,1.0,-38.07583986,144.3585558,GREATER GEELONG
T20160018985,Wet,Clear,collision with some other object,Tuesday,Day,100,2016/08/30,13:55:00,No,1.0,1.0,-38.06474464,147.0724426,WELLINGTON
T20160018987,Unknown,Clear,collision with some other object,Saturday,Day,999,2016/08/13,15:30:00,Yes,1.0,1.0,-37.89143106,146.8682561,WELLINGTON
T20160019008,Dry,Clear,Collision with a fixed object,Tuesday,Dark No street lights,100,2016/08/30,19:30:00,Yes,1.0,1.0,-37.98504679,144.5271374,GREATER GEELONG
T20160019011,Wet,Clear,Collision with vehicle,Tuesday,Dark No street lights,100,2016/08/30,20:42:00,Yes,2.0,2.0,-38.2393804,141.4699798,GLENELG
T20160019018,Dry,Clear,Vehicle overturned (no collision),Sunday,Day,999,2016/08/28,14:30:00,No,1.0,1.0,-38.1715672,145.7941568,BAW BAW
T20160019019,Dry,Clear,Vehicle overturned (no collision),Thursday,Day,999,2016/08/04,17:00:00,No,1.0,1.0,-38.18408466,146.0911501,BAW BAW
T20160019027,Dry,Clear,Collision with vehicle,Wednesday,Day,110,2016/06/29,16:45:00,No,3.0,1.0,-38.19574724,146.2862639,LATROBE
T20160019039,Dry,Clear,Collision with vehicle,Wednesday,Day,50,2016/08/31,11:35:00,No,1.0,1.0,-34.17605742,142.1518731,MILDURA
T20160019044,Dry,Clear,Collision with vehicle,Friday,Day,60,2016/07/29,10:50:00,No,2.0,1.0,-34.202365,142.1726977,MILDURA
T20160019049,Dry,Clear,Fall from or in moving vehicle,Wednesday,Day,60,2016/08/31,10:50:00,No,2.0,1.0,-36.13038633,146.8976833,WODONGA
T20160019053,Dry,Clear,No collision and no object struck,Sunday,Day,999,2016/08/14,15:30:00,No,1.0,1.0,-37.45995674,145.4519533,MURRINDINDI
T20160019063,Dry,Clear,No collision and no object struck,Saturday,Day,100,2016/08/27,14:00:00,Yes,1.0,1.0,-37.65999041,143.6332705,GOLDEN PLAINS
T20160019066,Dry,Clear,Collision with vehicle,Wednesday,Day,70,2016/08/31,17:15:00,No,4.0,2.0,-38.17850746,144.3515125,GREATER GEELONG
T20160019081,Unknown,Not known,Collision with a fixed object,Wednesday,Unknown,999,2016/08/31,14:30:00,No,1.0,1.0,-37.68729943,144.0706417,MOORABOOL
T20160019096,Dry,Clear,Collision with vehicle,Wednesday,Dark Street lights on,60,2016/08/31,21:30:00,Yes,3.0,2.0,-38.1636926,144.3532739,GREATER GEELONG
T20160019100,Dry,Clear,Collision with a fixed object,Wednesday,Day,100,2016/08/31,15:15:00,No,1.0,1.0,-38.46480373,145.7806137,SOUTH GIPPSLAND
T20160019106,Wet,Clear,collision with some other object,Wednesday,Dark No street lights,100,2016/08/31,04:00:00,Yes,1.0,1.0,-36.36470364,145.50067,GREATER SHEPPARTON
T20160019109,Dry,Clear,Collision with a fixed object,Thursday,Dark No street lights,100,2016/09/01,01:20:00,Yes,1.0,1.0,-38.08305526,143.9034402,GOLDEN PLAINS
T20160019111,Dry,Clear,Collision with a fixed object,Thursday,Dark No street lights,100,2016/09/01,04:55:00,Yes,1.0,1.0,-38.4201887,145.7898216,SOUTH GIPPSLAND
T20160019123,Dry,Clear,Collision with vehicle,Thursday,Day,100,2016/09/01,08:00:00,No,2.0,1.0,-38.52057234,145.5937251,BASS COAST
T20160019134,Dry,Clear,Collision with vehicle,Sunday,Day,50,2016/07/17,12:55:00,No,3.0,1.0,-38.14111107,144.3398011,GREATER GEELONG
T20160019150,Dry,Clear,Collision with vehicle,Thursday,Day,50,2016/09/01,13:50:00,No,1.0,1.0,-38.15855984,144.5510005,GREATER GEELONG
T20160019161,Wet,Raining,Collision with vehicle,Tuesday,Dark Street lights on,50,2016/08/30,20:30:00,Yes,3.0,1.0,-37.56452438,143.8603163,BALLARAT
T20160019167,Dry,Clear,Collision with vehicle,Thursday,Dusk/Dawn,100,2016/09/01,18:11:00,Yes,2.0,1.0,-36.7729616,144.3675101,GREATER BENDIGO
T20160019176,Dry,Clear,Collision with vehicle,Thursday,Day,50,2016/09/01,15:00:00,No,2.0,1.0,-38.13939259,144.336609,GREATER GEELONG
T20160019177,Dry,Clear,Collision with a fixed object,Thursday,Day,100,2016/09/01,15:55:00,No,1.0,1.0,-36.9715363,143.5296017,PYRENEES
T20160019181,Wet,Raining,Collision with vehicle,Thursday,Dark Street lights on,50,2016/09/01,18:20:00,Yes,2.0,2.0,-37.82622149,147.6238943,EAST GIPPSLAND
T20160019197,Unknown,Not known,Collision with a fixed object,Friday,Dark No street lights,110,2016/09/02,00:30:00,Yes,1.0,1.0,-34.67008116,142.2507161,MILDURA
T20160019204,Dry,Clear,Collision with vehicle,Thursday,Day,60,2016/09/01,12:42:00,No,5.0,1.0,-37.59879076,143.8401014,BALLARAT
T20160019209,Dry,Clear,Collision with vehicle,Friday,Day,100,2016/09/02,07:15:00,No,2.0,2.0,-37.41749463,145.0232763,MITCHELL
T20160019228,Dry,Clear,Vehicle overturned (no collision),Friday,Day,100,2016/09/02,14:05:00,No,1.0,1.0,-36.29531545,143.0271807,BULOKE
T20160019230,Dry,Clear,Collision with a fixed object,Friday,Day,80,2016/09/02,15:00:00,No,1.0,1.0,-37.85583002,144.0759804,GOLDEN PLAINS
T20160019235,Dry,Clear,Collision with vehicle,Friday,Day,60,2016/09/02,16:48:00,Yes,2.0,1.0,-37.33984972,144.1310546,HEPBURN
T20160019236,Dry,Clear,Collision with vehicle,Friday,Day,100,2016/09/02,15:06:00,No,4.0,2.0,-38.25557908,143.2027302,CORANGAMITE
T20160019251,Dry,Clear,Collision with a fixed object,Friday,Dark No street lights,100,2016/09/02,23:30:00,Yes,1.0,1.0,-36.44012142,145.2044258,GREATER SHEPPARTON
T20160019263,Dry,Clear,Collision with vehicle,Friday,Dusk/Dawn,70,2016/09/02,17:45:00,Yes,2.0,1.0,-38.35756995,142.43799,WARRNAMBOOL
T20160019277,Dry,Clear,Vehicle overturned (no collision),Saturday,Day,60,2016/09/03,12:15:00,No,1.0,1.0,-36.77684901,144.3109337,GREATER BENDIGO
T20160019278,Dry,Clear,Collision with vehicle,Saturday,Day,80,2016/09/03,14:30:00,Yes,4.0,1.0,-38.17990445,146.2947703,LATROBE
T20160019289,Wet,Raining,Collision with vehicle,Saturday,Dark Street lights on,80,2016/09/03,18:35:00,Yes,2.0,1.0,-36.81019254,144.2403659,GREATER BENDIGO
T20160019297,Wet,Raining,Struck Pedestrian,Saturday,Dark Street lights on,50,2016/09/03,22:07:00,Yes,3.0,1.0,-38.38922717,142.5036475,WARRNAMBOOL
T20160019309,Dry,Clear,Collision with a fixed object,Sunday,Dark Street lights on,60,2016/09/04,05:30:00,Yes,1.0,1.0,-36.80057007,145.1505507,STRATHBOGIE
T20160019318,Dry,Clear,Struck animal,Sunday,Day,100,2016/09/04,10:50:00,No,1.0,1.0,-38.21647864,141.4306807,GLENELG
T20160019320,Dry,Clear,Collision with vehicle,Sunday,Day,100,2016/09/04,11:50:00,No,3.0,1.0,-37.61644612,143.714285,GOLDEN PLAINS
T20160019326,Dry,Clear,No collision and no object struck,Sunday,Day,100,2016/09/04,12:10:00,No,1.0,1.0,-37.12080792,144.9235016,MITCHELL
T20160019337,Wet,Clear,Collision with a fixed object,Sunday,Day,100,2016/09/04,17:20:00,Yes,2.0,2.0,-36.54392884,146.0484193,BENALLA
T20160019358,Wet,Clear,Collision with a fixed object,Monday,Dark No street lights,100,2016/09/05,00:10:00,Yes,1.0,1.0,-36.48628667,144.67077,CAMPASPE
T20160019375,Dry,Clear,Collision with a fixed object,Monday,Day,50,2016/09/05,09:55:00,Yes,1.0,1.0,-38.38615742,142.5075904,WARRNAMBOOL
T20160019381,Dry,Not known,Collision with vehicle,Tuesday,Day,50,2016/08/23,12:10:00,No,2.0,1.0,-38.15707214,144.370441,GREATER GEELONG
T20160019384,Unknown,Not known,Struck animal,Saturday,Day,999,2016/09/03,13:00:00,No,1.0,1.0,-38.32635439,144.1036391,SURF COAST
T20160019394,Dry,Clear,Collision with a fixed object,Monday,Day,60,2016/09/05,13:30:00,No,1.0,1.0,-38.26930167,144.5452384,GREATER GEELONG
T20160019395,Dry,Clear,Collision with a fixed object,Monday,Day,100,2016/09/05,06:45:00,Yes,1.0,1.0,-36.83445916,144.9250886,STRATHBOGIE
T20160019396,Dry,Clear,Collision with vehicle,Monday,Day,80,2016/09/05,13:05:00,No,5.0,1.0,-36.39900371,145.4466997,GREATER SHEPPARTON
T20160019397,Dry,Clear,Collision with vehicle,Monday,Day,100,2016/09/05,11:59:00,No,2.0,1.0,-37.32853692,143.0809121,ARARAT
T20160019412,Unknown,Clear,No collision and no object struck,Sunday,Day,999,2016/07/31,13:30:00,No,1.0,1.0,-38.03529165,146.023414,BAW BAW
T20160019414,Dry,Clear,Collision with vehicle,Monday,Day,50,2016/09/05,12:30:00,No,2.0,1.0,-37.8256823,147.6318925,EAST GIPPSLAND
T20160019431,Dry,Clear,Collision with vehicle,Monday,Dark Street lights on,50,2016/09/05,19:10:00,Yes,4.0,3.0,-37.55954521,143.8567067,BALLARAT
T20160019436,Dry,Clear,Collision with vehicle,Monday,Dark Street lights on,50,2016/09/05,21:00:00,Yes,2.0,1.0,-38.16285815,144.3541894,GREATER GEELONG
T20160019441,Dry,Clear,Struck animal,Monday,Dark No street lights,100,2016/09/05,19:30:00,Yes,1.0,1.0,-36.22089039,146.2487913,WANGARATTA
T20160019450,Dry,Clear,Collision with a fixed object,Monday,Dark Street lights on,100,2016/09/05,23:15:00,Yes,1.0,1.0,-38.24864998,144.3323275,SURF COAST
T20160019453,Dry,Clear,Collision with a fixed object,Tuesday,Dark Street lights on,60,2016/09/06,01:40:00,Yes,1.0,1.0,-38.19495353,146.5254693,LATROBE
T20160019456,Dry,Clear,Collision with vehicle,Friday,Day,70,2016/09/02,16:30:00,No,2.0,1.0,-38.15723048,144.3509342,GREATER GEELONG
T20160019458,Dry,Clear,Collision with a fixed object,Monday,Dark Street lights on,50,2016/09/05,20:00:00,Yes,1.0,1.0,-38.08862955,144.3537439,GREATER GEELONG
T20160019460,Icy,Clear,Collision with a fixed object,Monday,Dusk/Dawn,100,2016/08/29,06:30:00,No,1.0,1.0,-37.4232465,143.8596492,HEPBURN
T20160019466,Dry,Clear,Collision with vehicle,Tuesday,Day,40,2016/09/06,07:50:00,No,6.0,2.0,-38.17184273,144.3963688,GREATER GEELONG
T20160019467,Unknown,Not known,Collision with vehicle,Saturday,Unknown,999,2016/09/03,15:00:00,Yes,2.0,2.0,-37.95791994,145.8206495,BAW BAW
T20160019471,Dry,Dust,Struck animal,Sunday,Day,80,2016/08/28,13:30:00,No,1.0,1.0,-37.62695329,144.160117,MOORABOOL
T20160019480,Wet,Raining,collision with some other object,Wednesday,Dark No street lights,100,2016/06/08,17:20:00,No,1.0,1.0,-37.43926876,141.6944029,SOUTHERN GRAMPIANS
T20160019492,Wet,Not known,No collision and no object struck,Saturday,Day,60,2016/09/03,14:30:00,Yes,1.0,1.0,-37.03423934,143.3137756,PYRENEES
T20160019504,Dry,Clear,Vehicle overturned (no collision),Monday,Dark No street lights,110,2016/09/05,21:52:00,Yes,1.0,1.0,-37.37773955,143.2134246,ARARAT
T20160019511,Dry,Clear,Collision with vehicle,Tuesday,Day,60,2016/09/06,17:20:00,No,2.0,2.0,-38.11570979,144.3489483,GREATER GEELONG
T20160019519,Dry,Clear,Collision with vehicle,Tuesday,Dark Street lights on,60,2016/09/06,21:00:00,Yes,2.0,1.0,-38.09886351,144.3373373,GREATER GEELONG
T20160019529,Dry,Clear,Collision with a fixed object,Wednesday,Dusk/Dawn,60,2016/09/07,06:00:00,Yes,1.0,1.0,-36.79852156,144.3557597,GREATER BENDIGO
T20160019532,Dry,Clear,Struck Pedestrian,Monday,Day,50,2016/07/18,13:30:00,No,2.0,1.0,-36.38318941,145.3536513,GREATER SHEPPARTON
T20160019540,Dry,Clear,Collision with vehicle,Tuesday,Day,60,2016/09/06,10:30:00,No,3.0,2.0,-38.17164975,144.3506923,GREATER GEELONG
T20160019541,Dry,Clear,Collision with vehicle,Monday,Day,60,2016/04/04,12:00:00,No,2.0,1.0,-37.62424189,143.8353712,BALLARAT
T20160019548,Dry,Clear,Collision with vehicle,Tuesday,Day,50,2016/09/06,16:00:00,No,2.0,1.0,-36.76730949,144.264811,GREATER BENDIGO
T20160019558,Icy,Not known,Collision with a fixed object,Sunday,Dark No street lights,110,2016/07/24,06:30:00,Yes,1.0,1.0,-37.4877997,144.6074311,MACEDON RANGES
T20160019560,Dry,Clear,Collision with vehicle,Wednesday,Day,60,2016/09/07,12:50:00,No,3.0,2.0,-38.13701455,145.8490597,BAW BAW
T20160019564,Dry,Clear,Collision with a fixed object,Friday,Dark No street lights,100,2016/09/02,19:30:00,Yes,1.0,1.0,-37.05507082,145.51151,MURRINDINDI
T20160019566,Dry,Clear,Collision with a fixed object,Wednesday,Day,100,2016/09/07,13:50:00,No,1.0,1.0,-36.53692664,145.90004,BENALLA
T20160019567,Dry,Clear,Collision with a fixed object,Wednesday,Day,70,2016/09/07,14:05:00,No,1.0,1.0,-37.68783945,144.4676603,MOORABOOL
T20160019571,Dry,Clear,Collision with vehicle,Wednesday,Day,60,2016/09/07,15:50:00,No,2.0,1.0,-36.04862423,145.2038774,MOIRA
T20160019574,Dry,Clear,No collision and no object struck,Saturday,Day,999,2016/08/27,12:00:00,No,1.0,1.0,-37.52931407,144.2738407,MOORABOOL
T20160019590,Dry,Clear,Collision with vehicle,Wednesday,Day,100,2016/09/07,17:20:00,No,2.0,1.0,-38.06718085,144.2222789,GOLDEN PLAINS
T20160019594,Dry,Clear,Collision with vehicle,Wednesday,Day,60,2016/09/07,16:38:00,No,2.0,1.0,-38.16170392,144.3541106,GREATER GEELONG
T20160019602,Dry,Clear,Collision with vehicle,Wednesday,Day,100,2016/09/07,14:50:00,No,2.0,1.0,-36.32460999,144.9813046,CAMPASPE
T20160019630,Dry,Clear,Collision with a fixed object,Tuesday,Dark No street lights,100,2016/09/06,22:00:00,Yes,2.0,2.0,-38.32807573,142.39226,MOYNE
T20160019640,Dry,Clear,Collision with a fixed object,Wednesday,Dusk/Dawn,70,2015/12/16,19:30:00,Yes,1.0,1.0,-38.17411306,144.3527069,GREATER GEELONG
T20160019650,Dry,Clear,Collision with vehicle,Thursday,Day,60,2016/09/08,14:10:00,No,2.0,1.0,-37.24257597,144.4544807,MACEDON RANGES
T20160019659,Dry,Clear,Collision with a fixed object,Thursday,Day,100,2016/09/08,08:07:00,No,2.0,2.0,-38.48772638,145.9345,SOUTH GIPPSLAND
T20160019660,Dry,Clear,Collision with vehicle,Thursday,Day,60,2016/09/08,11:35:00,No,2.0,2.0,-37.30635017,144.9502815,MITCHELL
T20160019661,Dry,Clear,Collision with vehicle,Thursday,Day,60,2016/09/08,11:30:00,No,2.0,1.0,-36.05722765,146.4584358,INDIGO
T20160019668,Wet,Not known,Collision with a fixed object,Thursday,Day,80,2016/09/08,15:00:00,No,1.0,1.0,-38.10086943,143.0950821,CORANGAMITE
T20160019683,Wet,Raining,Vehicle overturned (no collision),Thursday,Day,100,2016/09/08,16:35:00,No,1.0,1.0,-36.82344563,141.4185206,WEST WIMMERA
T20160019715,Wet,Raining,collision with some other object,Friday,Dark No street lights,100,2016/09/09,06:15:00,No,1.0,1.0,-36.96763023,144.5614685,GREATER BENDIGO
T20160019727,Dry,Clear,Collision with vehicle,Monday,Dusk/Dawn,50,2016/08/15,17:30:00,Yes,2.0,1.0,-38.38081202,142.4827163,WARRNAMBOOL
T20160019743,Dry,Clear,Collision with vehicle,Friday,Day,60,2016/09/09,12:33:00,No,2.0,1.0,-34.19074568,142.1658791,MILDURA
T20160019751,Wet,Raining,Vehicle overturned (no collision),Friday,Day,100,2016/09/09,12:40:00,No,10.0,5.0,-38.21206341,142.2129874,MOYNE
T20160019753,Dry,Clear,No collision and no object struck,Thursday,Day,80,2016/07/28,16:00:00,No,1.0,1.0,-34.28689,142.0854275,MILDURA
T20160019758,Wet,Raining,Collision with a fixed object,Friday,Day,60,2016/09/09,10:10:00,No,1.0,1.0,-38.2069484,147.3910503,WELLINGTON
T20160019760,Dry,Clear,Collision with vehicle,Friday,Day,40,2016/09/09,14:40:00,No,2.0,1.0,-38.0998483,146.9888202,WELLINGTON
T20160019766,Wet,Not known,Collision with a fixed object,Friday,Day,100,2016/09/09,15:20:00,No,1.0,1.0,-37.21244254,143.725068,CENTRAL GOLDFIELDS
T20160019774,Dry,Clear,Collision with vehicle,Friday,Day,60,2016/09/09,15:00:00,No,3.0,1.0,-37.28546747,142.94712,ARARAT
T20160019782,Wet,Raining,Collision with vehicle,Friday,Day,100,2016/09/09,15:30:00,No,3.0,2.0,-38.24628931,144.1502789,SURF COAST
T20160019790,Wet,Raining,Collision with a fixed object,Friday,Dark No street lights,100,2016/09/09,18:53:00,Yes,3.0,1.0,-38.30907934,146.7165508,WELLINGTON
T20160019791,Wet,Clear,Collision with a fixed object,Monday,Day,100,2016/07/25,10:50:00,No,1.0,1.0,-36.62663011,145.4712564,STRATHBOGIE
T20160019793,Wet,Raining,Struck animal,Friday,Dark No street lights,100,2016/09/09,20:00:00,Yes,1.0,1.0,-38.18783844,141.7118114,GLENELG