Accident_No,Surface_Cond_Desc,Atmosph_Cond_Desc,Accident_Type_Desc,Day,Light_Condition_Desc,Speed_Zone,Accident_Date,Accident_Time,Alcohol_Influence,Total_Persons_Inv,Inj_Or_Fatal,Lat,Long,LGA
T20160019796,Wet,Clear,Collision with a fixed object,Friday,Dark No street lights,80,2016/09/09,20:35:00,Yes,1.0,1.0,-36.51572079,145.3077916,GREATER SHEPPARTON
T20160019807,Dry,Clear,Struck Pedestrian,Saturday,Dark No street lights,60,2016/09/10,03:13:00,Yes,2.0,1.0,-34.19601272,142.1693731,MILDURA
T20160019833,Dry,Clear,Vehicle overturned (no collision),Saturday,Day,100,2016/09/10,13:00:00,No,1.0,1.0,-36.14997001,144.7954984,CAMPASPE
T20160019861,Dry,Clear,Collision with vehicle,Sunday,Dark Street lights on,60,2016/09/11,00:50:00,Yes,2.0,2.0,-36.13327011,144.7493593,CAMPASPE
T20160019864,Dry,Clear,Collision with a fixed object,Sunday,Dark No street lights,100,2016/09/11,02:20:00,Yes,1.0,1.0,-36.74566563,146.0100509,BENALLA
T20160019873,Dry,Clear,No collision and no object struck,Sunday,Day,100,2016/09/11,10:30:00,No,1.0,1.0,-37.2986998,144.1623583,HEPBURN
T20160019887,Dry,Clear,Vehicle overturned (no collision),Sunday,Day,100,2016/09/11,10:00:00,Yes,1.0,1.0,-37.47803746,149.6374706,EAST GIPPSLAND
T20160019890,Dry,Clear,Collision with vehicle,Sunday,Day,100,2016/09/11,11:45:00,No,4.0,4.0,-36.73908997,142.10939,HORSHAM
T20160019891,Dry,Clear,Collision with a fixed object,Saturday,Day,100,2016/09/10,17:00:00,Yes,1.0,1.0,-37.13993,145.3847096,MURRINDINDI
T20160019895,Dry,Clear,Vehicle overturned (no collision),Sunday,Day,100,2016/09/11,13:30:00,No,2.0,2.0,-37.34013917,145.4581117,MURRINDINDI
T20160019897,Unknown,Not known,Collision with a fixed object,Tuesday,Dusk/Dawn,50,2016/08/02,05:57:00,Yes,2.0,2.0,-38.15003749,144.3623136,GREATER GEELONG
T20160019899,Dry,Not known,Collision with vehicle,Sunday,Dark Street lights on,70,2016/09/11,19:30:00,Yes,1.0,1.0,-38.18197023,144.389312,GREATER GEELONG
T20160019913,Dry,Clear,Collision with a fixed object,Sunday,Dark No street lights,100,2016/09/11,23:00:00,Yes,1.0,1.0,-36.03800999,144.5291271,CAMPASPE
T20160019915,Dry,Clear,Collision with vehicle,Monday,Dark Street lights on,50,2016/09/12,02:05:00,Yes,3.0,3.0,-36.12098948,146.8600062,WODONGA
T20160019927,Dry,Clear,Collision with a fixed object,Friday,Day,100,2016/09/09,11:30:00,No,1.0,1.0,-38.54548097,145.8528509,SOUTH GIPPSLAND
T20160019934,Dry,Clear,Collision with a fixed object,Monday,Day,50,2016/09/12,10:45:00,No,1.0,1.0,-36.13481851,144.7497809,CAMPASPE
T20160019936,Wet,Raining,No collision and no object struck,Sunday,Day,100,2016/09/11,10:30:00,No,1.0,1.0,-37.35300031,145.1092094,MITCHELL
T20160019939,Dry,Clear,Vehicle overturned (no collision),Monday,Dark No street lights,100,2016/09/12,05:00:00,Yes,1.0,1.0,-35.06153698,143.0925117,SWAN HILL
T20160019944,Unknown,Not known,Collision with a fixed object,Monday,Unknown,999,2016/09/12,10:00:00,No,1.0,1.0,-38.47636716,145.9461964,SOUTH GIPPSLAND
T20160019945,Dry,Clear,Collision with vehicle,Monday,Day,60,2016/09/12,13:20:00,No,3.0,1.0,-38.06660545,144.3586549,GREATER GEELONG
T20160019956,Dry,Not known,No collision and no object struck,Saturday,Day,60,2016/09/10,13:30:00,No,1.0,1.0,-38.04927958,146.624355,LATROBE
T20160019961,Wet,Raining,No collision and no object struck,Saturday,Dark Street lights unknown,80,2016/08/27,19:45:00,Yes,1.0,1.0,-38.4637424,144.1038521,SURF COAST
T20160019962,Dry,Not known,Collision with vehicle,Tuesday,Day,50,2016/09/06,16:00:00,No,2.0,1.0,-37.82596851,147.6305895,EAST GIPPSLAND
T20160019989,Wet,Raining,No collision and no object struck,Sunday,Day,80,2016/07/24,15:30:00,No,1.0,1.0,-37.88814017,146.038686,BAW BAW
T20160019996,Dry,Clear,Collision with vehicle,Tuesday,Day,50,2016/09/13,08:15:00,No,2.0,1.0,-37.30665279,144.9487122,MITCHELL
T20160020005,Wet,Raining,Collision with a fixed object,Monday,Dark No street lights,100,2016/09/12,20:00:00,Yes,1.0,1.0,-38.12938232,144.2595782,GOLDEN PLAINS
T20160020020,Wet,Raining,Collision with vehicle,Tuesday,Day,50,2016/09/13,09:00:00,No,2.0,1.0,-38.11954495,144.3308041,GREATER GEELONG
T20160020028,Dry,Raining,Collision with vehicle,Monday,Dark No street lights,60,2016/09/12,21:50:00,Yes,2.0,1.0,-37.0936803,146.2323802,MANSFIELD
T20160020045,Dry,Not known,Vehicle overturned (no collision),Sunday,Day,999,2016/08/28,14:00:00,No,1.0,1.0,-38.00951873,146.0155456,BAW BAW
T20160020046,Wet,Clear,Collision with vehicle,Monday,Day,100,2016/09/12,15:10:00,No,2.0,1.0,-38.62624055,145.7261488,BASS COAST
T20160020051,Wet,Raining,Collision with a fixed object,Tuesday,Day,100,2016/09/13,17:03:00,No,1.0,1.0,-35.25748513,143.47226,SWAN HILL
T20160020053,Wet,Raining,Collision with vehicle,Tuesday,Dark Street lights on,60,2016/09/13,18:35:00,Yes,2.0,1.0,-38.08675,144.3480563,GREATER GEELONG
T20160020054,Dry,Clear,Collision with a fixed object,Saturday,Dark Street lights on,60,2016/09/03,00:30:00,Yes,1.0,1.0,-38.52619308,145.3699581,BASS COAST
T20160020056,Wet,Raining,Struck animal,Tuesday,Dark No street lights,100,2016/09/13,18:45:00,Yes,1.0,1.0,-37.37328728,144.3373505,HEPBURN
T20160020063,Wet,Raining,Collision with vehicle,Tuesday,Dark Street lights on,60,2016/09/13,21:00:00,Yes,2.0,1.0,-37.56983458,143.8104559,BALLARAT
T20160020064,Dry,Not known,Struck animal,Sunday,Dusk/Dawn,100,2016/09/04,19:00:00,Yes,1.0,1.0,-37.53973323,144.6060295,MACEDON RANGES
T20160020065,Wet,Raining,Collision with vehicle,Friday,Dark Street lights on,50,2016/09/09,21:30:00,Yes,3.0,2.0,-36.13094586,146.8838263,WODONGA
T20160020076,Wet,Raining,Collision with vehicle,Wednesday,Day,100,2016/09/14,08:15:00,No,7.0,2.0,-37.41640949,145.0233144,MITCHELL
T20160020077,Wet,Raining,Collision with vehicle,Tuesday,Dark Street lights on,60,2016/09/13,18:06:00,Yes,2.0,1.0,-36.75067735,144.292008,GREATER BENDIGO
T20160020079,Wet,Clear,Collision with vehicle,Wednesday,Day,60,2016/09/14,08:52:00,No,6.0,3.0,-36.38012073,145.3935207,GREATER SHEPPARTON
T20160020090,Unknown,Clear,Collision with a fixed object,Monday,Day,60,2016/09/12,17:30:00,Yes,1.0,1.0,-38.20295964,146.0670101,BAW BAW
T20160020098,Dry,Clear,Collision with vehicle,Sunday,Day,60,2016/09/11,17:25:00,No,2.0,1.0,-38.23578475,143.1471433,CORANGAMITE
T20160020099,Dry,Clear,Fall from or in moving vehicle,Wednesday,Day,50,2016/09/14,12:00:00,No,1.0,1.0,-36.57488021,143.8753694,LODDON
T20160020102,Wet,Raining,Vehicle overturned (no collision),Wednesday,Dusk/Dawn,80,2016/09/14,08:00:00,No,1.0,1.0,-38.31507975,142.4791689,WARRNAMBOOL
T20160020118,Wet,Raining,Collision with vehicle,Wednesday,Day,50,2016/09/14,16:50:00,No,5.0,5.0,-37.21239345,145.4217662,MURRINDINDI
T20160020120,Wet,Clear,Collision with a fixed object,Wednesday,Day,50,2016/09/14,16:50:00,No,1.0,1.0,-38.64732779,146.2060867,SOUTH GIPPSLAND
T20160020128,Wet,Not known,Collision with a fixed object,Wednesday,Day,100,2016/09/14,15:30:00,No,2.0,2.0,-37.56925115,149.0328746,EAST GIPPSLAND
T20160020132,Wet,Raining,Collision with vehicle,Wednesday,Day,100,2016/09/14,17:11:00,No,2.0,2.0,-38.21245633,144.2179698,SURF COAST
T20160020136,Dry,Clear,Struck Pedestrian,Friday,Day,50,2016/09/02,16:30:00,Yes,2.0,1.0,-37.74335058,142.0240305,SOUTHERN GRAMPIANS
T20160020147,Dry,Clear,Collision with vehicle,Thursday,Day,999,2016/08/04,15:50:00,No,2.0,1.0,-38.18515742,144.4478527,GREATER GEELONG
T20160020153,Muddy,Not known,No collision and no object struck,Saturday,Day,999,2016/08/06,11:15:00,No,2.0,1.0,-37.38861205,145.8289252,MURRINDINDI
T20160020158,Dry,Clear,Struck Pedestrian,Monday,Day,50,2016/08/15,10:00:00,No,4.0,1.0,-37.27522664,142.945945,ARARAT
T20160020159,Unknown,Not known,Collision with vehicle,Wednesday,Day,60,2016/09/07,07:45:00,No,3.0,1.0,-37.57595765,143.8552985,BALLARAT
T20160020160,Wet,Raining,Struck Pedestrian,Thursday,Day,999,2016/09/15,10:50:00,No,2.0,1.0,-38.13065911,144.3235002,GREATER GEELONG
T20160020169,Dry,Clear,Collision with vehicle,Thursday,Day,60,2016/09/15,12:45:00,No,2.0,1.0,-38.16274005,144.4045604,GREATER GEELONG
T20160020170,Dry,Clear,Collision with vehicle,Thursday,Day,80,2016/09/15,10:20:00,No,6.0,1.0,-38.25658969,144.2753372,SURF COAST
T20160020184,Wet,Clear,Collision with a fixed object,Thursday,Day,80,2016/09/15,15:20:00,No,1.0,1.0,-38.15426749,145.9002025,BAW BAW
T20160020186,Wet,Raining,No collision and no object struck,Wednesday,Day,100,2016/09/14,15:40:00,No,1.0,1.0,-36.99988851,143.3857466,PYRENEES
T20160020203,Dry,Clear,Collision with vehicle,Thursday,Dark Street lights on,60,2016/09/15,20:04:00,Yes,6.0,3.0,-36.38194355,145.405818,GREATER SHEPPARTON
T20160020207,Dry,Clear,Collision with vehicle,Thursday,Day,50,2016/09/15,17:17:00,No,2.0,2.0,-35.34400644,143.5486703,SWAN HILL
T20160020228,Dry,Clear,Collision with a fixed object,Friday,Dark No street lights,100,2016/09/16,00:30:00,Yes,1.0,1.0,-36.75237211,145.5242,STRATHBOGIE
T20160020232,Dry,Clear,Collision with a fixed object,Friday,Day,60,2016/09/16,10:10:00,No,1.0,1.0,-37.89115006,146.7503201,WELLINGTON
T20160020233,Dry,Clear,Collision with vehicle,Friday,Day,100,2016/09/16,13:20:00,No,3.0,2.0,-36.06636705,146.1774757,MOIRA
T20160020236,Dry,Clear,Collision with vehicle,Friday,Day,100,2016/09/16,08:20:00,No,4.0,3.0,-37.56689705,149.1131279,EAST GIPPSLAND
T20160020237,Dry,Clear,Collision with vehicle,Wednesday,Day,70,2016/08/31,17:00:00,No,2.0,1.0,-38.20072574,144.3114718,GREATER GEELONG
T20160020238,Wet,Raining,Collision with a fixed object,Saturday,Day,100,2016/09/10,14:30:00,Yes,1.0,1.0,-37.56630444,149.2037687,EAST GIPPSLAND
T20160020243,Wet,Raining,Collision with a fixed object,Sunday,Dark No street lights,100,2016/09/11,05:30:00,Yes,1.0,1.0,-38.35604881,143.1042926,CORANGAMITE
T20160020292,Dry,Clear,Collision with vehicle,Saturday,Day,80,2016/09/17,10:20:00,No,8.0,2.0,-36.38931403,145.3755017,GREATER SHEPPARTON
T20160020295,Dry,Clear,Fall from or in moving vehicle,Saturday,Day,999,2016/09/17,09:36:00,No,1.0,1.0,-36.53976316,146.7350111,ALPINE
T20160020302,Dry,Clear,Collision with a fixed object,Saturday,Day,50,2016/09/17,12:26:00,No,1.0,1.0,-38.33932788,145.6719794,SOUTH GIPPSLAND
T20160020310,Dry,Clear,Vehicle overturned (no collision),Saturday,Day,60,2016/09/17,14:20:00,Yes,1.0,1.0,-37.37075005,145.0860991,MITCHELL
T20160020331,Dry,Clear,Collision with a fixed object,Saturday,Day,100,2016/09/17,16:10:00,Yes,4.0,4.0,-37.48137473,149.5551871,EAST GIPPSLAND
T20160020338,Dry,Clear,Collision with a fixed object,Saturday,Dark No street lights,100,2016/09/17,23:10:00,Yes,1.0,1.0,-37.13604953,143.7089881,CENTRAL GOLDFIELDS
T20160020341,Wet,Raining,Vehicle overturned (no collision),Sunday,Dark No street lights,100,2016/09/18,01:00:00,Yes,2.0,2.0,-37.76006056,142.0613644,SOUTHERN GRAMPIANS
T20160020354,Wet,Raining,Collision with vehicle,Sunday,Day,100,2016/09/18,10:15:00,No,3.0,2.0,-35.98052078,145.7463595,MOIRA
T20160020365,Wet,Raining,Collision with a fixed object,Sunday,Day,100,2016/09/18,13:10:00,No,2.0,2.0,-37.9016668,145.9616045,BAW BAW
T20160020374,Wet,Raining,Vehicle overturned (no collision),Sunday,Dark No street lights,100,2016/09/18,03:05:00,Yes,1.0,1.0,-38.46630488,142.9352911,CORANGAMITE
T20160020381,Dry,Clear,Collision with vehicle,Sunday,Day,50,2016/09/18,17:43:00,Yes,3.0,1.0,-36.79462022,144.2433499,GREATER BENDIGO
T20160020385,Wet,Clear,Collision with vehicle,Sunday,Dark No street lights,60,2016/09/18,19:13:00,Yes,5.0,4.0,-38.02355854,144.4034303,GREATER GEELONG
T20160020405,Wet,Raining,No collision and no object struck,Sunday,Day,60,2016/09/18,12:20:00,No,1.0,1.0,-37.86800466,146.1208505,BAW BAW
T20160020411,Dry,Clear,Collision with a fixed object,Monday,Day,110,2016/09/19,08:30:00,No,4.0,4.0,-37.46438991,144.5811803,MACEDON RANGES
T20160020420,Dry,Clear,Collision with vehicle,Wednesday,Day,50,2016/08/24,11:00:00,No,2.0,2.0,-37.55856136,143.8478601,BALLARAT
T20160020434,Dry,Clear,Collision with vehicle,Monday,Day,60,2016/09/19,13:50:00,No,5.0,1.0,-36.38376839,145.3540634,GREATER SHEPPARTON
T20160020437,Dry,Clear,Collision with a fixed object,Monday,Day,100,2016/09/19,07:25:00,No,2.0,2.0,-34.84868946,143.2613022,SWAN HILL
T20160020444,Dry,Clear,Collision with vehicle,Monday,Day,60,2016/09/19,14:15:00,No,3.0,2.0,-38.17938975,144.3692965,GREATER GEELONG
T20160020458,Dry,Clear,Collision with vehicle,Monday,Dark No street lights,100,2016/09/19,18:10:00,Yes,3.0,1.0,-37.44486365,143.9284691,HEPBURN
T20160020463,Dry,Clear,Collision with vehicle,Monday,Day,100,2016/09/19,15:10:00,No,2.0,2.0,-36.98193023,142.6291298,NORTHERN GRAMPIANS
T20160020468,Wet,Dust,Collision with a fixed object,Sunday,Day,999,2016/08/07,13:00:00,No,5.0,4.0,-37.85497102,146.2374528,MOUNT BAW BAW ALPINE RESORT (UNINC)
T20160020469,Dry,Clear,Collision with vehicle,Monday,Dark Street lights on,70,2016/09/19,20:50:00,Yes,4.0,2.0,-38.12692715,144.3392528,GREATER GEELONG
T20160020478,Dry,Clear,Fall from or in moving vehicle,Monday,Day,80,2016/09/19,14:10:00,No,2.0,1.0,-38.3002491,144.3224859,SURF COAST
T20160020481,Wet,Raining,Collision with vehicle,Wednesday,Day,80,2016/09/14,10:30:00,No,2.0,1.0,-38.58741226,143.9337738,COLAC OTWAY
T20160020482,Wet,Not known,No collision and no object struck,Sunday,Day,999,2016/09/18,10:30:00,No,1.0,1.0,-37.96572025,146.155739,BAW BAW
T20160020484,Dry,Clear,Collision with a fixed object,Sunday,Dark No street lights,60,2016/09/04,20:30:00,No,1.0,1.0,-38.03195072,144.4207808,GREATER GEELONG
T20160020510,Wet,Not known,collision with some other object,Sunday,Day,999,2016/09/11,09:30:00,Yes,1.0,1.0,-37.13683313,145.104376,MITCHELL
T20160020519,Dry,Clear,Collision with vehicle,Tuesday,Day,80,2016/09/20,14:55:00,No,2.0,1.0,-36.42093,145.4317896,GREATER SHEPPARTON
T20160020533,Dry,Clear,Collision with vehicle,Wednesday,Dark Street lights on,100,2016/09/07,04:20:00,Yes,2.0,1.0,-38.04612834,144.4042578,GREATER GEELONG
T20160020538,Wet,Not known,Collision with vehicle,Thursday,Dark Street lights on,60,2016/08/04,00:30:00,Yes,1.0,1.0,-37.55459975,143.8591177,BALLARAT
T20160020563,Wet,Raining,Collision with vehicle,Wednesday,Dusk/Dawn,60,2016/09/21,07:15:00,No,3.0,1.0,-36.7869441,144.5019971,GREATER BENDIGO
T20160020564,Dry,Clear,Collision with vehicle,Thursday,Day,60,2016/08/18,15:30:00,No,5.0,2.0,-36.72870459,144.2618814,GREATER BENDIGO
T20160020578,Dry,Not known,Struck animal,Sunday,Dark No street lights,100,2016/09/04,19:15:00,No,3.0,1.0,-36.85847804,143.8776957,LODDON
T20160020580,Dry,Clear,Collision with a fixed object,Wednesday,Day,100,2016/09/21,10:01:00,No,1.0,1.0,-35.8818371,144.2274213,GANNAWARRA
T20160020590,Dry,Clear,Collision with a fixed object,Thursday,Dark Street lights on,50,2016/09/08,21:30:00,Yes,1.0,1.0,-38.09655664,144.3723234,GREATER GEELONG
T20160020591,Dry,Not known,No collision and no object struck,Friday,Dusk/Dawn,999,2016/07/15,17:30:00,No,1.0,1.0,-38.34605529,144.1457192,SURF COAST
T20160020596,Dry,Clear,Collision with vehicle,Tuesday,Day,60,2016/09/20,07:50:00,No,2.0,2.0,-38.08259973,144.346543,GREATER GEELONG
T20160020600,Dry,Clear,Collision with vehicle,Tuesday,Day,50,2016/06/14,14:30:00,No,2.0,1.0,-38.26653002,144.6185877,GREATER GEELONG
T20160020622,Dry,Clear,Collision with vehicle,Monday,Day,60,2016/09/12,15:26:00,No,2.0,1.0,-34.19989981,142.1449798,MILDURA
T20160020628,Wet,Raining,Collision with a fixed object,Thursday,Dark No street lights,110,2016/09/22,02:30:00,Yes,5.0,1.0,-38.19583825,146.2867123,LATROBE
T20160020629,Wet,Raining,collision with some other object,Wednesday,Dark No street lights,80,2016/09/21,23:35:00,Yes,3.0,2.0,-37.49018303,144.7378131,MACEDON RANGES
T20160020630,Dry,Not known,Collision with vehicle,Thursday,Dusk/Dawn,80,2016/09/22,05:57:00,Yes,3.0,3.0,-38.05528006,144.3904201,GREATER GEELONG
T20160020631,Dry,Clear,Collision with vehicle,Wednesday,Day,70,2016/08/31,10:02:00,No,2.0,1.0,-38.18927101,144.3276178,GREATER GEELONG
T20160020638,Dry,Clear,Collision with a fixed object,Monday,Day,100,2016/08/22,09:20:00,Yes,1.0,1.0,-38.43715165,145.4893813,BASS COAST
T20160020639,Dry,Clear,Collision with vehicle,Wednesday,Dark No street lights,100,2016/09/21,20:45:00,Yes,4.0,1.0,-38.06235859,144.2163818,GOLDEN PLAINS
T20160020640,Dry,Clear,Collision with vehicle,Friday,Day,60,2016/09/16,14:20:00,No,2.0,1.0,-37.54416948,143.8503446,BALLARAT
T20160020641,Wet,Raining,Collision with a fixed object,Thursday,Day,100,2016/09/22,09:50:00,No,1.0,1.0,-37.82653436,147.8921583,EAST GIPPSLAND
T20160020649,Dry,Clear,Collision with vehicle,Wednesday,Dusk/Dawn,60,2016/09/21,18:10:00,Yes,5.0,2.0,-38.60056581,145.5928513,BASS COAST
T20160020654,Dry,Clear,Collision with a fixed object,Friday,Dark Street lights on,60,2016/08/12,04:00:00,Yes,1.0,1.0,-38.15726707,145.9198038,BAW BAW
T20160020662,Dry,Clear,Collision with vehicle,Thursday,Day,50,2016/09/22,13:15:00,No,2.0,1.0,-38.17556369,144.3438387,GREATER GEELONG
T20160020663,Dry,Clear,Collision with a fixed object,Wednesday,Dark No street lights,40,2016/09/21,21:30:00,Yes,2.0,1.0,-35.34706057,143.5448648,SWAN HILL
T20160020670,Dry,Clear,Collision with a fixed object,Thursday,Day,60,2016/09/22,12:15:00,No,1.0,1.0,-38.38493169,142.4758088,WARRNAMBOOL
T20160020678,Wet,Not known,Collision with vehicle,Thursday,Day,50,2016/09/22,08:30:00,No,2.0,1.0,-37.55769106,143.8127085,BALLARAT
T20160020684,Unknown,Not known,Collision with vehicle,Friday,Day,60,2016/09/16,12:30:00,No,2.0,1.0,-37.5598574,143.8390233,BALLARAT
T20160020686,Dry,Clear,Collision with vehicle,Thursday,Day,100,2016/09/22,17:15:00,No,4.0,3.0,-37.20500777,145.3922303,MURRINDINDI
T20160020689,Wet,Raining,No collision and no object struck,Saturday,Day,60,2016/08/20,11:30:00,No,1.0,1.0,-36.69461831,144.3308379,GREATER BENDIGO
T20160020696,Dry,Clear,Collision with vehicle,Thursday,Dark Street lights on,999,2016/09/22,18:53:00,Yes,1.0,1.0,-36.13894976,144.7581127,CAMPASPE
T20160020710,Dry,Clear,Collision with vehicle,Friday,Day,60,2016/09/23,06:30:00,No,2.0,1.0,-38.16035472,144.3575572,GREATER GEELONG
T20160020724,Dry,Clear,Collision with vehicle,Thursday,Dark Street lights on,60,2016/09/22,19:35:00,Yes,3.0,1.0,-38.1066919,144.3323223,GREATER GEELONG
T20160020729,Dry,Clear,Collision with vehicle,Friday,Day,90,2016/09/23,12:20:00,No,2.0,2.0,-34.23022626,142.0978594,MILDURA
T20160020735,Dry,Clear,Struck Pedestrian,Friday,Day,40,2016/09/23,12:40:00,No,2.0,2.0,-37.91925825,147.724847,EAST GIPPSLAND
T20160020739,Dry,Clear,Collision with vehicle,Friday,Day,40,2016/09/23,11:46:00,No,2.0,1.0,-36.38333371,145.4003672,GREATER SHEPPARTON
T20160020741,Dry,Clear,Collision with vehicle,Friday,Day,60,2016/09/23,14:25:00,No,5.0,5.0,-37.27793355,142.9249272,ARARAT
T20160020743,Dry,Clear,Struck animal,Friday,Dark No street lights,80,2016/09/23,02:00:00,Yes,1.0,1.0,-37.41815988,144.9789874,MITCHELL
T20160020748,Dry,Clear,Collision with vehicle,Friday,Day,80,2016/09/23,14:15:00,No,5.0,1.0,-38.18895426,146.48715,LATROBE
T20160020751,Dry,Clear,Collision with vehicle,Thursday,Day,60,2016/09/15,16:00:00,No,2.0,1.0,-36.35667852,145.4020114,GREATER SHEPPARTON
T20160020759,Dry,Clear,Collision with vehicle,Friday,Day,100,2016/09/23,16:05:00,Yes,8.0,1.0,-38.59211968,143.0081691,CORANGAMITE
T20160020768,Dry,Clear,Collision with a fixed object,Friday,Dark No street lights,100,2016/09/23,18:58:00,Yes,2.0,2.0,-36.70121837,145.2036288,STRATHBOGIE
T20160020770,Dry,Clear,Collision with vehicle,Friday,Dusk/Dawn,40,2016/09/23,18:00:00,Yes,2.0,1.0,-36.63897095,142.1393458,HORSHAM
T20160020773,Dry,Clear,Collision with vehicle,Friday,Day,80,2016/09/23,16:25:00,Yes,3.0,2.0,-36.30974857,145.4256576,GREATER SHEPPARTON
T20160020779,Dry,Fog,Collision with a fixed object,Friday,Dark No street lights,100,2016/09/23,22:30:00,Yes,5.0,2.0,-37.99006424,146.6599342,WELLINGTON
T20160020780,Dry,Clear,Collision with a fixed object,Friday,Dark No street lights,100,2016/09/23,21:30:00,Yes,1.0,1.0,-38.24876866,141.7444492,GLENELG
T20160020781,Dry,Clear,Collision with a fixed object,Friday,Dark No street lights,100,2016/09/23,23:00:00,Yes,1.0,1.0,-37.36416999,144.4184299,MACEDON RANGES
T20160020788,Dry,Clear,Vehicle overturned (no collision),Friday,Dusk/Dawn,100,2016/07/22,17:30:00,Yes,1.0,1.0,-38.33619784,143.3556318,CORANGAMITE
T20160020798,Dry,Clear,Collision with vehicle,Friday,Day,80,2016/09/23,14:35:00,No,3.0,2.0,-38.33512122,143.5532599,COLAC OTWAY
T20160020808,Dry,Not known,Collision with vehicle,Friday,Day,999,2016/09/23,16:45:00,Yes,2.0,1.0,-37.43833374,144.4862496,MACEDON RANGES
T20160020817,Dry,Clear,Collision with vehicle,Saturday,Day,70,2016/09/24,14:06:00,Yes,2.0,1.0,-38.19792686,144.3625768,GREATER GEELONG
T20160020818,Dry,Clear,No collision and no object struck,Saturday,Day,100,2016/09/24,12:10:00,No,1.0,1.0,-36.90030794,146.9397188,ALPINE
T20160020824,Dry,Clear,Collision with vehicle,Saturday,Day,60,2016/09/24,16:30:00,Yes,2.0,1.0,-38.1586218,144.5736351,GREATER GEELONG
T20160020831,Wet,Raining,Collision with a fixed object,Saturday,Dark No street lights,100,2016/09/24,18:30:00,Yes,1.0,1.0,-37.37977005,145.09807,MITCHELL
T20160020838,Dry,Clear,Collision with a fixed object,Saturday,Dark No street lights,100,2016/09/24,18:20:00,Yes,1.0,1.0,-38.38539671,145.8253909,SOUTH GIPPSLAND
T20160020839,Wet,Raining,Collision with vehicle,Saturday,Dark Street lights on,50,2016/09/24,19:35:00,Yes,6.0,2.0,-36.71865249,144.2536985,GREATER BENDIGO
T20160020843,Wet,Not known,Collision with a fixed object,Sunday,Dark Street lights off,60,2016/09/25,01:50:00,Yes,3.0,3.0,-38.66598994,146.4375795,SOUTH GIPPSLAND
T20160020852,Dry,Clear,Collision with vehicle,Saturday,Day,80,2016/09/24,15:15:00,Yes,4.0,3.0,-38.62701905,145.7217363,BASS COAST
T20160020860,Wet,Clear,Collision with a fixed object,Sunday,Day,100,2016/09/25,08:00:00,No,1.0,1.0,-36.35557913,146.8712636,INDIGO
T20160020861,Dry,Clear,Collision with vehicle,Sunday,Day,60,2016/09/25,10:38:00,No,11.0,6.0,-36.61726099,145.218893,GREATER SHEPPARTON
T20160020869,Dry,Clear,Collision with vehicle,Saturday,Dusk/Dawn,60,2016/08/27,18:00:00,Yes,2.0,1.0,-38.15065338,144.3563523,GREATER GEELONG
T20160020870,Wet,Raining,Collision with vehicle,Thursday,Dark Street lights on,60,2016/06/09,17:50:00,No,4.0,1.0,-36.74703946,144.2869246,GREATER BENDIGO
T20160020872,Dry,Clear,Collision with a fixed object,Sunday,Day,100,2016/09/25,13:25:00,No,1.0,1.0,-36.12499004,145.2771969,MOIRA
T20160020874,Dry,Clear,Collision with vehicle,Sunday,Day,60,2016/09/25,15:46:00,No,2.0,1.0,-38.09118912,144.3543461,GREATER GEELONG
T20160020877,Dry,Clear,Collision with vehicle,Sunday,Day,60,2016/09/25,15:35:00,No,6.0,1.0,-37.58239695,144.1093741,MOORABOOL
T20160020878,Dry,Clear,Collision with vehicle,Sunday,Day,100,2016/09/25,13:45:00,No,2.0,1.0,-37.26559585,145.259193,MURRINDINDI
T20160020879,Dry,Clear,collision with some other object,Sunday,Day,999,2016/09/18,14:00:00,No,1.0,1.0,-37.61382931,147.0484078,WELLINGTON
T20160020880,Dry,Clear,Collision with vehicle,Thursday,Day,50,2016/09/01,13:45:00,No,2.0,1.0,-38.14522593,144.3616924,GREATER GEELONG
T20160020891,Dry,Clear,Other accident,Friday,Day,100,2016/07/15,13:30:00,No,1.0,1.0,-35.53101056,143.4356216,SWAN HILL
T20160020895,Dry,Clear,Collision with a fixed object,Sunday,Dusk/Dawn,100,2016/09/25,18:05:00,Yes,1.0,1.0,-38.33487145,146.2015762,SOUTH GIPPSLAND
T20160020920,Dry,Clear,Collision with vehicle,Monday,Day,60,2016/09/26,09:25:00,Yes,3.0,1.0,-36.69655068,144.3226866,GREATER BENDIGO
T20160020932,Dry,Clear,Vehicle overturned (no collision),Monday,Day,100,2016/09/26,08:10:00,No,1.0,1.0,-36.62366511,146.1435339,BENALLA
T20160020936,Dry,Clear,Collision with vehicle,Monday,Day,60,2016/09/26,09:40:00,No,2.0,1.0,-37.54204557,143.8641301,BALLARAT
T20160020939,Dry,Clear,Collision with a fixed object,Monday,Day,100,2016/09/26,13:00:00,No,1.0,1.0,-37.73843987,148.1574389,EAST GIPPSLAND
T20160020944,Wet,Clear,No collision and no object struck,Saturday,Day,999,2016/09/24,13:00:00,No,1.0,1.0,-36.64135283,146.6384795,ALPINE
T20160020959,Dry,Clear,Collision with vehicle,Monday,Day,50,2016/09/26,17:50:00,Yes,3.0,2.0,-35.91674241,145.6469382,MOIRA