Accident_No,Surface_Cond_Desc,Atmosph_Cond_Desc,Accident_Type_Desc,Day,Light_Condition_Desc,Speed_Zone,Accident_Date,Accident_Time,Alcohol_Influence,Total_Persons_Inv,Inj_Or_Fatal,Lat,Long,LGA
T20160020960,Dry,Clear,Vehicle overturned (no collision),Saturday,Day,999,2016/09/24,11:00:00,No,1.0,1.0,-37.46883896,145.4225894,MURRINDINDI
T20160020968,Wet,Raining,Collision with vehicle,Monday,Dark No street lights,100,2016/09/26,19:01:00,Yes,3.0,2.0,-37.02645656,145.8379455,MANSFIELD
T20160020970,Dry,Clear,Fall from or in moving vehicle,Sunday,Day,999,2016/09/18,11:30:00,No,2.0,1.0,-37.15050991,145.9898087,MANSFIELD
T20160020976,Dry,Clear,Collision with vehicle,Monday,Day,80,2016/08/22,09:15:00,Yes,5.0,2.0,-36.3895855,145.3741875,GREATER SHEPPARTON
T20160020982,Wet,Clear,Collision with vehicle,Monday,Dark Street lights on,999,2016/09/26,23:50:00,Yes,1.0,1.0,-37.56604325,143.88199,BALLARAT
T20160020989,Dry,Not known,Collision with vehicle,Friday,Day,60,2016/09/09,16:15:00,No,4.0,1.0,-37.57976344,143.842468,BALLARAT
T20160020996,Wet,Raining,No collision and no object struck,Sunday,Dusk/Dawn,100,2016/09/18,16:00:00,Yes,1.0,1.0,-36.15821868,146.9386815,WODONGA
T20160020997,Unknown,Not known,Fall from or in moving vehicle,Wednesday,Day,60,2016/06/22,10:30:00,No,2.0,1.0,-36.14053,144.75873,CAMPASPE
T20160021017,Dry,Not known,Collision with vehicle,Tuesday,Day,60,2016/08/30,16:00:00,No,2.0,1.0,-34.19661207,142.158752,MILDURA
T20160021019,Dry,Clear,Collision with vehicle,Tuesday,Day,70,2016/09/27,09:24:00,No,2.0,1.0,-38.19784313,144.317113,GREATER GEELONG
T20160021020,Dry,Clear,Collision with vehicle,Tuesday,Day,100,2016/09/27,12:50:00,No,2.0,1.0,-38.54605173,145.8519922,SOUTH GIPPSLAND
T20160021029,Wet,Raining,Collision with a fixed object,Wednesday,Day,100,2016/09/14,14:20:00,No,1.0,1.0,-36.96113264,144.2832898,MOUNT ALEXANDER
T20160021031,Dry,Clear,Collision with a fixed object,Sunday,Dark No street lights,100,2016/08/28,20:30:00,Yes,1.0,1.0,-37.81163284,143.8814595,GOLDEN PLAINS
T20160021049,Dry,Clear,Collision with vehicle,Tuesday,Day,60,2016/09/27,16:45:00,No,2.0,1.0,-38.60184474,145.5999243,BASS COAST
T20160021050,Wet,Raining,Collision with a fixed object,Tuesday,Day,80,2016/09/27,15:20:00,No,1.0,1.0,-35.99917835,145.44799,MOIRA
T20160021052,Dry,Clear,Collision with vehicle,Tuesday,Dark No street lights,80,2016/09/27,19:10:00,Yes,2.0,1.0,-38.23694898,144.29727,GREATER GEELONG
T20160021054,Wet,Raining,Collision with a fixed object,Tuesday,Dark No street lights,100,2016/09/27,19:21:00,Yes,1.0,1.0,-37.88254171,146.9648788,WELLINGTON
T20160021062,Wet,Clear,No collision and no object struck,Wednesday,Dark No street lights,100,2016/09/28,01:25:00,Yes,2.0,1.0,-38.23351073,146.353402,LATROBE
T20160021069,Dry,Clear,Collision with vehicle,Wednesday,Day,100,2016/09/28,08:25:00,No,4.0,1.0,-37.03008578,145.1044212,MITCHELL
T20160021076,Dry,Clear,Struck Pedestrian,Wednesday,Dark No street lights,110,2016/09/28,02:10:00,Yes,9.0,2.0,-36.0815118,146.7871098,WODONGA
T20160021084,Dry,Clear,Collision with a fixed object,Wednesday,Day,100,2016/09/28,06:30:00,No,1.0,1.0,-37.99585093,144.5053007,GREATER GEELONG
T20160021107,Unknown,Not known,Collision with a fixed object,Sunday,Dark No street lights,80,2016/03/06,06:00:00,No,1.0,1.0,-37.83572417,143.7550247,GOLDEN PLAINS
T20160021113,Unknown,Not known,No collision and no object struck,Sunday,Day,999,2016/08/14,15:00:00,No,1.0,1.0,-35.36241,140.9664895,MILDURA
T20160021127,Dry,Clear,Collision with a fixed object,Wednesday,Day,100,2016/09/28,16:50:00,No,1.0,1.0,-36.53199029,143.3095739,NORTHERN GRAMPIANS
T20160021129,Dry,Clear,Collision with a fixed object,Wednesday,Day,80,2016/09/28,17:30:00,No,1.0,1.0,-38.2389378,145.9340028,BAW BAW
T20160021135,Wet,Raining,Collision with vehicle,Wednesday,Dark Street lights on,60,2016/09/28,21:20:00,Yes,3.0,1.0,-36.75548978,144.284313,GREATER BENDIGO
T20160021153,Wet,Raining,Collision with a fixed object,Thursday,Dusk/Dawn,110,2016/09/29,05:45:00,Yes,5.0,4.0,-36.10950311,146.8996218,WODONGA
T20160021155,Dry,Clear,Struck Pedestrian,Wednesday,Day,50,2016/09/28,13:30:00,No,2.0,1.0,-35.33876078,143.5593294,SWAN HILL
T20160021156,Wet,Raining,Collision with a fixed object,Wednesday,Dark Street lights on,50,2016/09/28,21:55:00,Yes,1.0,1.0,-37.67582182,144.4373896,MOORABOOL
T20160021157,Dry,Clear,No collision and no object struck,Thursday,Dusk/Dawn,50,2016/09/08,18:10:00,Yes,1.0,1.0,-36.71429071,142.19808,HORSHAM
T20160021158,Wet,Raining,Collision with a fixed object,Wednesday,Day,60,2016/09/28,17:30:00,No,1.0,1.0,-34.20401965,142.1746904,MILDURA
T20160021161,Wet,Raining,collision with some other object,Tuesday,Day,60,2016/08/02,16:30:00,No,3.0,1.0,-38.64279122,143.6807385,COLAC OTWAY
T20160021162,Unknown,Not known,Collision with vehicle,Wednesday,Unknown,999,2016/09/28,16:40:00,No,2.0,1.0,-38.15922816,144.3637295,GREATER GEELONG
T20160021165,Dry,Clear,Vehicle overturned (no collision),Saturday,Day,100,2016/09/24,13:30:00,No,1.0,1.0,-37.87875975,146.4408783,BAW BAW
T20160021178,Dry,Clear,Collision with vehicle,Wednesday,Dark Street lights on,60,2016/09/28,20:55:00,Yes,7.0,1.0,-38.17773001,146.25578,LATROBE
T20160021179,Wet,Raining,Vehicle overturned (no collision),Thursday,Day,100,2016/09/29,11:25:00,No,1.0,1.0,-36.36735539,141.8233307,HINDMARSH
T20160021182,Wet,Clear,No collision and no object struck,Sunday,Day,100,2016/09/18,14:00:00,No,1.0,1.0,-37.64139028,147.0894698,WELLINGTON
T20160021197,Dry,Clear,Collision with a fixed object,Thursday,Day,100,2016/09/29,16:00:00,No,1.0,1.0,-38.46065992,145.4414594,BASS COAST
T20160021203,Dry,Clear,collision with some other object,Saturday,Day,80,2016/09/24,14:00:00,Yes,1.0,1.0,-37.45071977,145.3232518,MURRINDINDI
T20160021211,Wet,Raining,Collision with vehicle,Thursday,Day,100,2016/09/29,17:55:00,No,2.0,1.0,-36.81018323,144.2042214,GREATER BENDIGO
T20160021214,Wet,Raining,Collision with vehicle,Thursday,Dark Street lights on,60,2016/09/29,23:50:00,Yes,5.0,1.0,-37.56048138,143.8642337,BALLARAT
T20160021216,Wet,Raining,collision with some other object,Thursday,Dark No street lights,80,2016/09/29,03:30:00,Yes,1.0,1.0,-37.56462041,144.0979098,MOORABOOL
T20160021222,Dry,Clear,Collision with vehicle,Friday,Dark Street lights on,50,2016/09/30,04:35:00,Yes,1.0,1.0,-38.19929872,146.5239928,LATROBE
T20160021226,Wet,Raining,Collision with a fixed object,Friday,Dark No street lights,80,2016/09/30,04:00:00,Yes,1.0,1.0,-37.32759842,145.2970426,MURRINDINDI
T20160021235,Wet,Clear,Collision with vehicle,Friday,Day,60,2016/09/30,06:55:00,No,2.0,1.0,-36.89024281,145.2267345,STRATHBOGIE
T20160021241,Dry,Clear,Collision with vehicle,Friday,Day,60,2016/09/30,09:43:00,No,10.0,5.0,-38.18080073,144.3539576,GREATER GEELONG
T20160021243,Dry,Clear,Collision with vehicle,Friday,Day,80,2016/09/30,12:15:00,No,3.0,1.0,-36.97162906,145.7093938,MANSFIELD
T20160021246,Wet,Clear,Collision with a fixed object,Friday,Day,80,2016/09/30,13:00:00,No,1.0,1.0,-37.11149637,144.1838761,MOUNT ALEXANDER
T20160021249,Dry,Clear,Collision with vehicle,Friday,Day,50,2016/09/30,11:30:00,No,2.0,1.0,-36.75981122,144.2835583,GREATER BENDIGO
T20160021260,Dry,Clear,Collision with a fixed object,Saturday,Dark No street lights,110,2015/12/26,20:40:00,Yes,3.0,1.0,-37.30659857,145.0515959,MITCHELL
T20160021261,Wet,Raining,Collision with vehicle,Friday,Day,60,2016/09/30,17:10:00,Yes,3.0,1.0,-37.54133252,143.8400044,BALLARAT
T20160021266,Dry,Clear,Collision with a fixed object,Friday,Day,100,2016/09/30,14:30:00,No,1.0,1.0,-37.71855938,146.4386657,BAW BAW
T20160021279,Dry,Clear,Collision with vehicle,Friday,Dusk/Dawn,60,2016/09/30,18:30:00,Yes,2.0,1.0,-36.39903953,145.41152,GREATER SHEPPARTON
T20160021281,Wet,Raining,Collision with a fixed object,Friday,Dark Street lights on,50,2016/09/30,23:54:00,Yes,1.0,1.0,-37.55946732,143.8552092,BALLARAT
T20160021282,Dry,Clear,Collision with vehicle,Monday,Dusk/Dawn,100,2016/08/15,07:40:00,Yes,3.0,2.0,-36.80914009,144.1936122,GREATER BENDIGO
T20160021291,Wet,Raining,Vehicle overturned (no collision),Thursday,Dark No street lights,100,2016/09/29,18:30:00,Yes,1.0,1.0,-36.10425975,146.6099997,INDIGO
T20160021293,Wet,Raining,Collision with vehicle,Friday,Day,80,2016/09/30,12:20:00,No,6.0,1.0,-36.80885937,144.2407173,GREATER BENDIGO
T20160021299,Dry,Clear,Collision with vehicle,Tuesday,Day,60,2016/08/23,11:00:00,No,2.0,1.0,-36.74540043,144.2891906,GREATER BENDIGO
T20160021302,Dry,Clear,Collision with a fixed object,Saturday,Day,60,2016/10/01,13:15:00,No,1.0,1.0,-38.16279197,144.3302451,GREATER GEELONG
T20160021312,Dry,Clear,Struck Pedestrian,Saturday,Dark Street lights on,60,2016/10/01,20:00:00,Yes,3.0,2.0,-36.74977885,144.2907517,GREATER BENDIGO
T20160021313,Dry,Clear,Collision with a fixed object,Saturday,Dark Street lights on,80,2016/10/01,19:15:00,Yes,3.0,1.0,-38.43255231,145.8409315,SOUTH GIPPSLAND
T20160021318,Dry,Clear,Collision with vehicle,Saturday,Dark No street lights,100,2016/10/01,19:00:00,Yes,6.0,1.0,-37.95265083,144.3532137,GREATER GEELONG
T20160021319,Wet,Raining,Collision with vehicle,Saturday,Dark No street lights,80,2016/10/01,18:40:00,Yes,2.0,1.0,-37.85617723,147.9956974,EAST GIPPSLAND
T20160021347,Dry,Clear,Collision with vehicle,Sunday,Day,60,2016/10/02,11:40:00,No,2.0,1.0,-38.37598849,142.5156296,WARRNAMBOOL
T20160021355,Dry,Clear,Collision with vehicle,Sunday,Day,100,2016/10/02,12:15:00,No,3.0,2.0,-36.83688551,143.9293222,LODDON
T20160021368,Wet,Raining,Vehicle overturned (no collision),Sunday,Day,100,2016/10/02,16:10:00,Yes,2.0,2.0,-35.56253238,142.85114,BULOKE
T20160021369,Dry,Clear,Collision with a fixed object,Sunday,Day,100,2016/10/02,16:00:00,Yes,3.0,1.0,-38.33210719,146.2319187,SOUTH GIPPSLAND
T20160021380,Wet,Raining,Collision with a fixed object,Sunday,Dark No street lights,100,2016/10/02,22:14:00,Yes,4.0,1.0,-38.04044599,144.4113367,GREATER GEELONG
T20160021381,Wet,Raining,Collision with vehicle,Sunday,Dark Street lights on,50,2016/10/02,23:13:00,Yes,5.0,2.0,-36.75946967,144.2783549,GREATER BENDIGO
T20160021389,Dry,Clear,Collision with vehicle,Sunday,Day,100,2016/10/02,09:35:00,Yes,3.0,2.0,-38.50012885,145.4614686,BASS COAST
T20160021392,Wet,Raining,Collision with a fixed object,Monday,Dusk/Dawn,80,2016/10/03,06:50:00,No,1.0,1.0,-38.19331979,146.3274696,LATROBE
T20160021397,Wet,Clear,Collision with a fixed object,Monday,Day,100,2016/10/03,08:35:00,No,2.0,1.0,-38.2275812,146.1602097,BAW BAW
T20160021402,Dry,Clear,Struck Pedestrian,Monday,Day,50,2016/10/03,10:17:00,No,2.0,1.0,-36.7166476,142.20058,HORSHAM
T20160021404,Dry,Clear,Collision with vehicle,Wednesday,Day,60,2016/09/21,10:40:00,No,5.0,3.0,-38.19689058,144.3186986,GREATER GEELONG
T20160021407,Dry,Clear,Struck Pedestrian,Monday,Dark Street lights on,60,2016/10/03,00:30:00,Yes,3.0,1.0,-36.88936002,147.0644502,ALPINE
T20160021409,Wet,Raining,Collision with a fixed object,Sunday,Dark Street lights unknown,50,2016/07/24,18:00:00,No,1.0,1.0,-36.13137623,146.8869237,WODONGA
T20160021412,Wet,Clear,Collision with a fixed object,Monday,Day,80,2016/10/03,13:30:00,No,1.0,1.0,-37.41769934,144.9925001,MITCHELL
T20160021424,Dry,Clear,Collision with vehicle,Monday,Day,60,2016/10/03,10:25:00,No,2.0,1.0,-37.04712447,143.7409088,CENTRAL GOLDFIELDS
T20160021425,Dry,Clear,Collision with vehicle,Monday,Day,50,2016/10/03,15:40:00,No,2.0,1.0,-35.33522322,143.5569636,SWAN HILL
T20160021429,Wet,Raining,Collision with a fixed object,Friday,Day,110,2016/09/30,16:07:00,Yes,1.0,1.0,-35.10695592,142.1213595,MILDURA
T20160021444,Wet,Clear,Collision with vehicle,Monday,Dark Street lights on,100,2016/10/03,19:15:00,Yes,2.0,2.0,-38.27914168,146.4134612,LATROBE
T20160021447,Dry,Clear,Vehicle overturned (no collision),Sunday,Day,999,2016/10/02,10:30:00,No,1.0,1.0,-37.40631922,147.1902871,WELLINGTON
T20160021449,Wet,Clear,Collision with vehicle,Monday,Dark No street lights,80,2016/10/03,05:50:00,Yes,2.0,1.0,-38.08563716,145.7677161,BAW BAW
T20160021454,Wet,Raining,collision with some other object,Tuesday,Dusk/Dawn,100,2016/10/04,06:21:00,No,2.0,2.0,-37.31687923,143.1599448,ARARAT
T20160021464,Dry,Clear,Struck animal,Saturday,Day,100,2016/10/01,10:00:00,No,1.0,1.0,-37.53050862,141.2806702,GLENELG
T20160021467,Dry,Clear,Struck Pedestrian,Sunday,Dark Street lights on,50,2016/10/02,05:00:00,Yes,2.0,1.0,-38.14753022,144.3606308,GREATER GEELONG
T20160021483,Dry,Clear,Collision with vehicle,Thursday,Day,60,2016/08/18,08:40:00,No,7.0,2.0,-38.12942323,144.3385642,GREATER GEELONG
T20160021489,Wet,Raining,Collision with vehicle,Tuesday,Day,40,2016/10/04,15:45:00,No,4.0,1.0,-37.55633722,143.8202919,BALLARAT
T20160021493,Dry,Clear,Collision with vehicle,Tuesday,Day,70,2016/10/04,16:20:00,No,2.0,1.0,-38.17850746,144.3515125,GREATER GEELONG
T20160021499,Wet,Raining,Collision with vehicle,Tuesday,Day,50,2016/10/04,15:20:00,No,2.0,1.0,-35.33789743,143.5513943,SWAN HILL
T20160021505,Wet,Raining,Collision with vehicle,Tuesday,Day,100,2016/10/04,15:40:00,No,3.0,1.0,-37.99240039,144.1515585,GOLDEN PLAINS
T20160021511,Wet,Raining,collision with some other object,Tuesday,Day,100,2016/10/04,18:05:00,Yes,1.0,1.0,-36.73254125,144.6414003,GREATER BENDIGO
T20160021515,Wet,Clear,Collision with vehicle,Tuesday,Day,100,2016/10/04,16:28:00,No,7.0,7.0,-38.51245925,143.1875894,CORANGAMITE
T20160021516,Dry,Clear,Collision with vehicle,Tuesday,Day,60,2016/10/04,15:42:00,No,6.0,1.0,-34.20416154,142.1496418,MILDURA
T20160021518,Wet,Raining,collision with some other object,Tuesday,Dark No street lights,80,2016/10/04,19:15:00,Yes,1.0,1.0,-35.86986901,145.5702558,MOIRA
T20160021528,Wet,Clear,Collision with a fixed object,Wednesday,Day,60,2016/10/05,08:00:00,No,1.0,1.0,-38.33750681,142.7142215,MOYNE
T20160021531,Dry,Clear,Collision with a fixed object,Wednesday,Day,60,2016/10/05,09:51:00,No,1.0,1.0,-38.17841742,146.2938186,LATROBE
T20160021533,Dry,Clear,Struck Pedestrian,Thursday,Day,50,2016/03/03,10:30:00,No,2.0,1.0,-36.80466067,144.3504742,GREATER BENDIGO
T20160021538,Dry,Clear,Collision with vehicle,Wednesday,Day,60,2016/10/05,10:55:00,No,3.0,3.0,-38.13352283,144.3377512,GREATER GEELONG
T20160021555,Dry,Clear,Struck Pedestrian,Wednesday,Day,50,2016/10/05,15:15:00,No,2.0,1.0,-36.76106289,144.279976,GREATER BENDIGO
T20160021562,Dry,Clear,Struck Pedestrian,Wednesday,Day,60,2016/10/05,16:00:00,No,2.0,1.0,-37.05369055,143.7407292,CENTRAL GOLDFIELDS
T20160021566,Dry,Clear,Vehicle overturned (no collision),Wednesday,Day,100,2016/10/05,13:40:00,No,1.0,1.0,-38.59996959,145.7255756,BASS COAST
T20160021574,Dry,Raining,Collision with vehicle,Wednesday,Day,100,2016/10/05,14:35:00,No,2.0,1.0,-38.40232025,142.5857514,WARRNAMBOOL
T20160021578,Dry,Raining,Collision with vehicle,Wednesday,Day,100,2016/10/05,14:00:00,No,7.0,6.0,-38.26027633,142.8856418,CORANGAMITE
T20160021582,Dry,Clear,Collision with vehicle,Saturday,Day,50,2016/10/01,10:00:00,No,2.0,1.0,-38.16282307,145.9283637,BAW BAW
T20160021591,Dry,Clear,Collision with vehicle,Wednesday,Dark No street lights,100,2016/10/05,21:30:00,Yes,2.0,1.0,-36.38501743,146.4973272,WANGARATTA
T20160021597,Dry,Clear,Vehicle overturned (no collision),Sunday,Day,999,2016/10/02,13:00:00,No,1.0,1.0,-37.71246,147.5645802,EAST GIPPSLAND
T20160021598,Dry,Clear,Collision with a fixed object,Wednesday,Day,100,2016/10/05,13:23:00,No,1.0,1.0,-37.69345678,148.7485971,EAST GIPPSLAND
T20160021608,Unknown,Not known,Collision with vehicle,Wednesday,Day,40,2016/10/05,18:30:00,Yes,2.0,1.0,-37.56182291,143.8552638,BALLARAT
T20160021609,Dry,Clear,Collision with vehicle,Thursday,Day,60,2016/10/06,08:30:00,No,3.0,2.0,-36.36839402,145.4158081,GREATER SHEPPARTON
T20160021614,Dry,Clear,Collision with vehicle,Sunday,Dark Street lights on,60,2016/02/14,22:36:00,Yes,3.0,1.0,-38.0914709,144.356667,GREATER GEELONG
T20160021621,Dry,Clear,collision with some other object,Thursday,Day,100,2016/10/06,11:00:00,No,2.0,2.0,-36.96956321,144.6146614,GREATER BENDIGO
T20160021631,Dry,Clear,Vehicle overturned (no collision),Thursday,Day,100,2016/10/06,13:30:00,No,1.0,1.0,-37.25772109,144.7364466,MACEDON RANGES
T20160021641,Unknown,Not known,Collision with a fixed object,Saturday,Day,100,2016/09/24,12:30:00,No,1.0,1.0,-36.7621594,146.3627689,WANGARATTA
T20160021642,Dry,Clear,Collision with a fixed object,Wednesday,Day,60,2016/10/05,18:00:00,Yes,1.0,1.0,-36.08775038,145.4426213,MOIRA
T20160021649,Dry,Clear,Collision with a fixed object,Thursday,Day,100,2016/10/06,13:45:00,No,1.0,1.0,-36.40096953,141.3725556,WEST WIMMERA
T20160021658,Dry,Clear,Collision with vehicle,Thursday,Day,60,2016/10/06,17:30:00,No,4.0,4.0,-38.17924097,144.36485,GREATER GEELONG
T20160021673,Dry,Clear,Collision with vehicle,Sunday,Day,50,2016/09/18,16:57:00,Yes,2.0,1.0,-36.79682189,144.2438983,GREATER BENDIGO
T20160021677,Wet,Raining,Collision with a fixed object,Monday,Dusk/Dawn,70,2016/10/03,06:45:00,Yes,2.0,1.0,-38.31484437,146.1577941,BAW BAW
T20160021679,Wet,Raining,Collision with a fixed object,Sunday,Day,100,2016/09/04,07:10:00,No,1.0,1.0,-37.48735557,143.7709208,BALLARAT
T20160021701,Dry,Clear,Collision with vehicle,Wednesday,Day,70,2016/06/08,11:00:00,No,2.0,1.0,-38.20100917,144.3116243,GREATER GEELONG
T20160021707,Dry,Clear,Collision with vehicle,Thursday,Day,50,2016/10/06,08:00:00,No,5.0,1.0,-34.5866289,142.7765092,SWAN HILL
T20160021709,Dry,Clear,Collision with vehicle,Friday,Day,50,2016/10/07,11:40:00,No,2.0,1.0,-36.25324266,142.3979319,YARRIAMBIACK
T20160021719,Dry,Clear,Collision with vehicle,Friday,Day,60,2016/10/07,16:10:00,No,3.0,1.0,-38.18080073,144.3539576,GREATER GEELONG
T20160021737,Dry,Clear,Collision with a fixed object,Friday,Day,110,2016/10/07,17:50:00,Yes,1.0,1.0,-36.08351767,146.7268887,WODONGA
T20160021738,Dry,Clear,Collision with vehicle,Friday,Day,100,2016/10/07,11:45:00,No,4.0,3.0,-38.01914999,146.7361866,WELLINGTON
T20160021762,Dry,Clear,Collision with a fixed object,Saturday,Dark No street lights,100,2016/10/08,03:00:00,Yes,1.0,1.0,-36.77864988,143.58973,CENTRAL GOLDFIELDS
T20160021766,Dry,Clear,Collision with a fixed object,Thursday,Day,100,2016/10/06,14:20:00,No,2.0,2.0,-37.94382971,145.9564119,BAW BAW
T20160021768,Dry,Clear,Vehicle overturned (no collision),Friday,Day,100,2016/10/07,14:50:00,No,1.0,1.0,-38.32842609,146.4720508,LATROBE
T20160021773,Dry,Clear,Collision with vehicle,Saturday,Day,100,2016/10/08,10:00:00,No,2.0,1.0,-38.20537046,146.1659701,BAW BAW
T20160021780,Dry,Clear,Collision with vehicle,Saturday,Day,50,2016/10/08,11:54:00,No,4.0,2.0,-37.53239219,143.8249696,BALLARAT
T20160021789,Dry,Clear,Struck Pedestrian,Saturday,Day,50,2016/10/08,07:56:00,Yes,2.0,2.0,-37.48775222,144.5895743,MACEDON RANGES
T20160021799,Dry,Clear,Collision with a fixed object,Saturday,Day,100,2016/10/08,13:15:00,No,1.0,1.0,-38.74075173,143.2523157,CORANGAMITE
T20160021800,Dry,Clear,Collision with vehicle,Saturday,Day,50,2016/10/08,14:30:00,Yes,4.0,1.0,-37.55678358,143.7864894,BALLARAT
T20160021809,Dry,Clear,Collision with vehicle,Saturday,Day,100,2016/10/08,17:00:00,Yes,3.0,2.0,-38.2074327,145.9248291,BAW BAW
T20160021816,Dry,Clear,Collision with a fixed object,Saturday,Day,100,2016/10/08,16:20:00,Yes,1.0,1.0,-37.19509946,142.6387103,ARARAT
T20160021818,Dry,Clear,Struck Pedestrian,Saturday,Dark Street lights on,80,2016/10/08,19:48:00,Yes,2.0,1.0,-34.32049104,142.2076398,MILDURA
T20160021819,Dry,Clear,Collision with vehicle,Saturday,Day,60,2016/10/08,17:45:00,Yes,3.0,1.0,-37.5834234,143.8645498,BALLARAT
T20160021826,Dry,Clear,Collision with a fixed object,Saturday,Dark Street lights on,60,2016/10/08,20:20:00,Yes,2.0,1.0,-36.13548049,146.8639713,WODONGA
T20160021836,Dry,Clear,Collision with vehicle,Saturday,Dark No street lights,110,2016/10/08,22:45:00,Yes,5.0,5.0,-37.68583173,144.4982395,MOORABOOL
T20160021842,Dry,Clear,Collision with vehicle,Friday,Day,60,2016/10/07,12:30:00,No,2.0,1.0,-36.76692005,144.2922432,GREATER BENDIGO
T20160021850,Dry,Clear,collision with some other object,Saturday,Day,80,2016/10/08,15:00:00,Yes,1.0,1.0,-37.75170192,143.7284935,GOLDEN PLAINS
T20160021854,Dry,Clear,Struck animal,Thursday,Dark No street lights,100,2016/09/01,20:45:00,Yes,1.0,1.0,-38.05262705,142.8872088,MOYNE
T20160021855,Wet,Raining,Collision with a fixed object,Wednesday,Dark No street lights,100,2016/08/10,20:00:00,Yes,1.0,1.0,-37.55761773,144.0141504,MOORABOOL
T20160021856,Wet,Raining,Vehicle overturned (no collision),Sunday,Day,100,2016/10/09,09:40:00,Yes,2.0,2.0,-36.10107107,145.652842,MOIRA
T20160021865,Dry,Clear,Collision with vehicle,Sunday,Day,100,2016/10/09,11:05:00,No,5.0,5.0,-37.45323948,144.74297,MACEDON RANGES
T20160021874,Dry,Clear,Collision with a fixed object,Sunday,Day,100,2016/10/09,10:30:00,No,1.0,1.0,-38.0449018,144.2635597,GREATER GEELONG
T20160021875,Dry,Clear,Collision with vehicle,Sunday,Day,50,2016/10/09,16:00:00,Yes,2.0,1.0,-38.21213978,146.1568982,BAW BAW
T20160021879,Dry,Clear,Collision with vehicle,Sunday,Dusk/Dawn,60,2016/10/09,16:08:00,No,1.0,1.0,-37.4216618,143.8859261,HEPBURN
T20160021883,Unknown,Clear,Fall from or in moving vehicle,Saturday,Dark No street lights,100,2016/10/08,22:45:00,Yes,2.0,1.0,-38.57716353,145.6839094,BASS COAST
T20160021899,Dry,Clear,Collision with vehicle,Sunday,Day,50,2016/10/09,16:25:00,No,2.0,1.0,-36.79623047,144.2393786,GREATER BENDIGO
T20160021902,Dry,Clear,collision with some other object,Sunday,Day,100,2016/10/09,12:00:00,No,2.0,1.0,-37.89627906,144.0813716,GOLDEN PLAINS
T20160021904,Dry,Clear,Collision with vehicle,Monday,Day,60,2016/10/10,08:55:00,No,3.0,2.0,-38.16282307,145.9283637,BAW BAW
T20160021907,Dry,Clear,Collision with vehicle,Monday,Day,60,2016/10/10,08:30:00,No,5.0,2.0,-36.38330954,145.4078462,GREATER SHEPPARTON
T20160021910,Dry,Clear,Collision with vehicle,Monday,Day,70,2016/09/19,07:15:00,Yes,3.0,1.0,-38.1334072,144.3511555,GREATER GEELONG
T20160021921,Wet,Raining,Vehicle overturned (no collision),Sunday,Day,80,2016/10/09,11:15:00,No,1.0,1.0,-38.62260898,143.7429389,COLAC OTWAY
T20160021924,Dry,Clear,Collision with a fixed object,Monday,Day,80,2016/08/29,17:00:00,No,1.0,1.0,-37.91576935,144.2588801,GREATER GEELONG
T20160021932,Dry,Clear,Collision with a fixed object,Monday,Day,60,2016/10/10,09:05:00,No,4.0,1.0,-38.19991178,146.5610713,LATROBE
T20160021936,Dry,Clear,Struck animal,Monday,Dark No street lights,100,2016/10/10,05:15:00,Yes,4.0,4.0,-36.32500132,145.3003687,GREATER SHEPPARTON
T20160021938,Wet,Raining,No collision and no object struck,Tuesday,Day,50,2016/07/12,16:30:00,No,1.0,1.0,-38.61619774,145.5851714,BASS COAST
T20160021940,Dry,Clear,Collision with vehicle,Monday,Day,60,2016/10/10,15:57:00,No,4.0,1.0,-37.64992787,143.8824493,BALLARAT
T20160021946,Dry,Clear,Collision with vehicle,Monday,Day,60,2016/10/10,15:50:00,No,3.0,1.0,-36.70813167,144.2407148,GREATER BENDIGO
T20160021947,Wet,Raining,Collision with a fixed object,Sunday,Dark No street lights,100,2016/10/09,21:30:00,Yes,2.0,1.0,-35.99918563,145.4318351,MOIRA
T20160021948,Dry,Clear,collision with some other object,Monday,Day,80,2016/10/10,13:50:00,No,1.0,1.0,-37.64246318,143.70823,GOLDEN PLAINS
T20160021951,Wet,Raining,Collision with vehicle,Sunday,Day,110,2016/09/18,07:50:00,No,3.0,1.0,-36.98372637,145.1522294,MITCHELL
T20160021954,Dry,Clear,Collision with a fixed object,Monday,Day,60,2016/10/10,16:30:00,Yes,1.0,1.0,-37.31019916,144.9495795,MITCHELL
T20160021956,Dry,Clear,Struck Pedestrian,Monday,Dark No street lights,60,2016/10/10,21:23:00,Yes,2.0,1.0,-37.68626096,144.4289907,MOORABOOL
T20160021981,Wet,Raining,Collision with vehicle,Tuesday,Day,60,2016/10/11,08:50:00,No,3.0,2.0,-37.95855779,146.9770825,WELLINGTON
T20160021985,Wet,Clear,Collision with a fixed object,Tuesday,Day,110,2016/10/11,07:30:00,No,1.0,1.0,-37.47157254,144.590088,MACEDON RANGES
T20160021991,Unknown,Not known,Collision with vehicle,Thursday,Day,70,2016/09/01,10:10:00,No,2.0,1.0,-38.19421064,144.3224753,GREATER GEELONG
T20160022001,Dry,Not known,No collision and no object struck,Saturday,Day,80,2016/10/01,12:00:00,No,1.0,1.0,-37.20667076,145.0744,MITCHELL