Accident_No,Surface_Cond_Desc,Atmosph_Cond_Desc,Accident_Type_Desc,Day,Light_Condition_Desc,Speed_Zone,Accident_Date,Accident_Time,Alcohol_Influence,Total_Persons_Inv,Inj_Or_Fatal,Lat,Long,LGA
T20160022017,Dry,Clear,Collision with vehicle,Friday,Dark Street lights on,60,2016/02/26,23:00:00,Yes,2.0,1.0,-38.15724258,144.3589939,GREATER GEELONG
T20160022026,Unknown,Not known,Collision with vehicle,Thursday,Unknown,50,2016/09/29,18:30:00,Yes,2.0,1.0,-38.1707393,144.3841177,GREATER GEELONG
T20160022041,Dry,Clear,Collision with vehicle,Tuesday,Dusk/Dawn,50,2016/10/11,19:15:00,Yes,2.0,1.0,-36.44361543,145.225244,GREATER SHEPPARTON
T20160022054,Dry,Clear,Collision with vehicle,Monday,Day,50,2016/09/19,15:40:00,No,2.0,1.0,-38.34099328,143.584472,COLAC OTWAY
T20160022055,Dry,Clear,Collision with a fixed object,Tuesday,Dark Street lights on,50,2016/10/11,22:20:00,Yes,1.0,1.0,-38.09790134,144.3285465,GREATER GEELONG
T20160022060,Dry,Clear,Collision with vehicle,Wednesday,Dusk/Dawn,100,2016/10/12,06:00:00,Yes,7.0,3.0,-38.0062294,147.0628852,WELLINGTON
T20160022067,Dry,Clear,Collision with vehicle,Wednesday,Day,80,2016/10/05,08:30:00,No,2.0,2.0,-38.46366776,145.257665,BASS COAST
T20160022081,Dry,Clear,Collision with a fixed object,Sunday,Day,999,2016/09/04,11:00:00,No,1.0,1.0,-37.485881,146.2174179,MANSFIELD
T20160022088,Wet,Clear,Vehicle overturned (no collision),Wednesday,Day,110,2016/10/12,13:35:00,No,1.0,1.0,-36.97183933,145.1750688,MITCHELL
T20160022090,Wet,Clear,Collision with vehicle,Tuesday,Day,100,2016/10/11,07:20:00,No,2.0,1.0,-38.21182027,143.15498,CORANGAMITE
T20160022096,Dry,Clear,Collision with vehicle,Wednesday,Day,70,2016/10/12,15:35:00,No,3.0,1.0,-38.17411306,144.3527069,GREATER GEELONG
T20160022120,Dry,Clear,Collision with vehicle,Tuesday,Day,50,2016/08/30,16:30:00,No,2.0,1.0,-38.17308931,144.344819,GREATER GEELONG
T20160022121,Dry,Clear,Collision with vehicle,Wednesday,Dusk/Dawn,100,2016/10/12,18:40:00,Yes,3.0,3.0,-38.30352847,141.5989369,GLENELG
T20160022142,Dry,Clear,Struck Pedestrian,Thursday,Day,60,2016/10/13,08:25:00,No,2.0,1.0,-37.53108191,143.8607872,BALLARAT
T20160022157,Dry,Clear,Collision with vehicle,Thursday,Day,60,2016/10/13,11:45:00,No,1.0,1.0,-38.16663099,144.3747772,GREATER GEELONG
T20160022162,Dry,Clear,Collision with vehicle,Thursday,Day,60,2016/10/13,07:32:00,No,2.0,2.0,-36.61344832,145.2152428,GREATER SHEPPARTON
T20160022168,Dry,Clear,Struck Pedestrian,Thursday,Day,50,2016/10/13,13:45:00,No,2.0,1.0,-38.14842491,144.3648323,GREATER GEELONG
T20160022172,Dry,Clear,Collision with vehicle,Thursday,Day,80,2016/10/13,11:58:00,No,2.0,2.0,-36.14859136,146.9372801,WODONGA
T20160022174,Unknown,Not known,Collision with vehicle,Thursday,Day,50,2016/10/13,15:00:00,No,2.0,1.0,-38.14861116,144.3573052,GREATER GEELONG
T20160022178,Dry,Clear,Collision with a fixed object,Thursday,Day,100,2016/10/13,13:20:00,No,1.0,1.0,-37.2720509,143.7444872,HEPBURN
T20160022188,Wet,Raining,No collision and no object struck,Sunday,Day,999,2016/09/18,10:00:00,Yes,1.0,1.0,-37.73261987,144.1256372,MOORABOOL
T20160022207,Dry,Not known,Collision with a fixed object,Wednesday,Day,999,2016/09/28,14:50:00,No,1.0,1.0,-38.57191017,143.3904805,COLAC OTWAY
T20160022220,Dry,Clear,Collision with vehicle,Thursday,Day,80,2016/10/13,17:00:00,No,3.0,1.0,-37.29346212,144.9279773,MITCHELL
T20160022224,Dry,Clear,Collision with a fixed object,Friday,Day,100,2016/10/14,07:40:00,No,1.0,1.0,-37.01244676,144.9372498,MITCHELL
T20160022225,Dry,Clear,Struck animal,Friday,Dusk/Dawn,100,2016/10/14,06:30:00,No,1.0,1.0,-37.46405087,144.9256633,MITCHELL
T20160022228,Dry,Clear,Struck animal,Thursday,Dark No street lights,100,2016/10/13,05:30:00,Yes,1.0,1.0,-36.13489,144.1314993,LODDON
T20160022245,Dry,Clear,Collision with vehicle,Friday,Day,70,2016/10/14,10:00:00,No,4.0,4.0,-38.17520836,144.352217,GREATER GEELONG
T20160022248,Dry,Clear,Collision with a fixed object,Friday,Day,100,2016/10/14,11:45:00,No,1.0,1.0,-37.08854073,145.1889375,MITCHELL
T20160022265,Dry,Not known,No collision and no object struck,Thursday,Day,50,2016/10/13,16:00:00,No,1.0,1.0,-36.38841165,145.4028697,GREATER SHEPPARTON
T20160022267,Dry,Clear,Collision with vehicle,Friday,Day,50,2016/10/14,11:30:00,No,3.0,3.0,-38.479783,145.9490279,SOUTH GIPPSLAND
T20160022271,Wet,Clear,No collision and no object struck,Sunday,Day,999,2016/10/02,14:00:00,No,1.0,1.0,-37.94888947,146.1205644,BAW BAW
T20160022274,Dry,Clear,Struck Pedestrian,Friday,Day,50,2016/10/14,16:15:00,No,2.0,1.0,-36.55123139,145.9858467,BENALLA
T20160022279,Dry,Clear,Collision with vehicle,Friday,Day,60,2016/10/14,16:58:00,Yes,4.0,1.0,-37.5734866,143.8465602,BALLARAT
T20160022283,Dry,Clear,Collision with a fixed object,Friday,Day,100,2016/10/14,08:45:00,No,1.0,1.0,-38.60293733,145.7708881,BASS COAST
T20160022286,Dry,Clear,Collision with vehicle,Friday,Day,50,2016/10/14,18:20:00,Yes,4.0,3.0,-38.18126802,144.3451132,GREATER GEELONG
T20160022291,Dry,Clear,Struck animal,Friday,Day,999,2016/10/14,19:15:00,Yes,1.0,1.0,-36.34744019,146.8028163,INDIGO
T20160022292,Unknown,Not known,Collision with vehicle,Friday,Day,50,2016/10/14,13:15:00,No,2.0,1.0,-37.29399961,144.9326102,MITCHELL
T20160022301,Wet,Clear,Collision with a fixed object,Thursday,Dark Street lights on,70,2016/09/08,23:50:00,Yes,1.0,1.0,-38.11084844,144.3532703,GREATER GEELONG
T20160022303,Dry,Clear,Collision with a fixed object,Friday,Dusk/Dawn,100,2016/10/14,06:05:00,No,1.0,1.0,-38.20555765,145.9260561,BAW BAW
T20160022307,Dry,Clear,Collision with vehicle,Tuesday,Day,60,2016/10/11,17:30:00,No,7.0,1.0,-37.56984206,143.8704957,BALLARAT
T20160022314,Dry,Clear,Collision with vehicle,Friday,Dark No street lights,100,2016/10/14,20:25:00,Yes,2.0,2.0,-36.79285994,143.6791205,LODDON
T20160022321,Dry,Clear,Collision with vehicle,Friday,Day,60,2016/10/14,18:08:00,Yes,3.0,1.0,-37.05162059,143.7301867,CENTRAL GOLDFIELDS
T20160022329,Dry,Clear,Collision with a fixed object,Saturday,Unknown,100,2016/10/15,08:00:00,No,1.0,1.0,-38.2843975,146.3952954,LATROBE
T20160022335,Dry,Clear,Collision with vehicle,Friday,Day,60,2016/10/14,18:36:00,Yes,5.0,2.0,-38.17174757,144.3233358,GREATER GEELONG
T20160022342,Dry,Clear,Collision with vehicle,Friday,Day,70,2016/10/14,15:32:00,No,6.0,1.0,-38.17300772,144.400501,GREATER GEELONG
T20160022343,Dry,Clear,Collision with a fixed object,Saturday,Dark No street lights,100,2016/10/15,05:00:00,Yes,1.0,1.0,-36.03502,145.2038109,MOIRA
T20160022345,Dry,Clear,Collision with vehicle,Saturday,Day,50,2016/10/15,13:20:00,No,4.0,1.0,-38.15350752,144.3663604,GREATER GEELONG
T20160022347,Dry,Clear,Collision with vehicle,Saturday,Day,70,2016/10/15,14:30:00,Yes,3.0,2.0,-38.51466756,145.35147,BASS COAST
T20160022350,Dry,Clear,Collision with vehicle,Saturday,Day,80,2016/10/15,14:10:00,No,4.0,2.0,-37.40229147,143.9941401,HEPBURN
T20160022355,Dry,Clear,No collision and no object struck,Friday,Dark No street lights,100,2016/10/14,22:00:00,Yes,5.0,1.0,-37.37069122,144.9658754,MITCHELL
T20160022357,Unknown,Not known,No collision and no object struck,Wednesday,Unknown,999,2016/08/24,15:00:00,No,1.0,1.0,-37.41116988,145.3141533,MURRINDINDI
T20160022360,Dry,Clear,Vehicle overturned (no collision),Saturday,Dusk/Dawn,80,2016/10/15,18:35:00,Yes,1.0,1.0,-38.30242963,142.3547093,MOYNE
T20160022362,Dry,Clear,Struck animal,Saturday,Dark No street lights,110,2016/10/15,20:30:00,Yes,1.0,1.0,-36.6013502,145.8680777,BENALLA
T20160022367,Dry,Clear,Collision with a fixed object,Saturday,Day,100,2016/10/15,17:45:00,Yes,1.0,1.0,-36.06295029,145.453061,MOIRA
T20160022383,Dry,Clear,Struck animal,Sunday,Dark No street lights,100,2016/10/16,01:00:00,Yes,1.0,1.0,-36.961222,144.4911055,GREATER BENDIGO
T20160022391,Dry,Clear,Collision with vehicle,Tuesday,Day,60,2016/10/04,08:35:00,No,3.0,1.0,-38.19801646,146.5426995,LATROBE
T20160022392,Dry,Clear,Collision with a fixed object,Sunday,Day,100,2016/10/16,11:40:00,No,1.0,1.0,-36.8344,145.1241987,STRATHBOGIE
T20160022394,Wet,Raining,Struck Pedestrian,Wednesday,Dark Street lights on,50,2016/09/21,18:55:00,Yes,2.0,2.0,-38.23949552,146.395641,LATROBE
T20160022405,Dry,Clear,Collision with a fixed object,Sunday,Day,50,2016/10/16,12:38:00,No,3.0,3.0,-38.0725788,144.3707406,GREATER GEELONG
T20160022407,Wet,Raining,Collision with vehicle,Sunday,Day,100,2016/10/16,13:35:00,No,2.0,1.0,-37.96958358,142.1723025,MOYNE
T20160022410,Dry,Clear,Collision with vehicle,Sunday,Day,50,2016/10/16,19:00:00,Yes,2.0,1.0,-38.12804444,144.3553822,GREATER GEELONG
T20160022411,Dry,Clear,No collision and no object struck,Sunday,Day,100,2016/10/16,15:40:00,No,2.0,1.0,-36.32929,145.3136004,GREATER SHEPPARTON
T20160022416,Dry,Clear,Collision with vehicle,Sunday,Day,999,2016/10/16,15:25:00,No,6.0,1.0,-37.78569359,146.1035805,BAW BAW
T20160022428,Dry,Clear,Collision with a fixed object,Monday,Day,100,2016/10/17,07:15:00,No,1.0,1.0,-38.28097343,144.2704027,SURF COAST
T20160022435,Dry,Clear,Collision with vehicle,Monday,Day,70,2016/10/17,08:28:00,No,2.0,2.0,-37.54239757,143.7873346,BALLARAT
T20160022436,Dry,Clear,Collision with vehicle,Monday,Day,80,2016/10/17,10:16:00,No,2.0,2.0,-34.21997322,142.1106561,MILDURA
T20160022446,Dry,Clear,Collision with vehicle,Monday,Day,60,2016/10/17,13:45:00,No,2.0,1.0,-37.57961197,143.8420606,BALLARAT
T20160022449,Dry,Clear,Vehicle overturned (no collision),Sunday,Day,80,2016/10/16,10:00:00,No,1.0,1.0,-37.80238192,146.9911637,WELLINGTON
T20160022456,Dry,Not known,No collision and no object struck,Sunday,Unknown,100,2016/09/18,13:00:00,No,1.0,1.0,-37.51794359,145.9371608,MURRINDINDI
T20160022469,Dry,Clear,Collision with vehicle,Sunday,Day,100,2016/09/18,14:10:00,No,4.0,1.0,-38.47882532,145.4701485,BASS COAST
T20160022486,Unknown,Not known,Collision with a fixed object,Thursday,Day,100,2016/09/08,15:30:00,No,1.0,1.0,-37.0224403,144.9548596,MITCHELL
T20160022491,Dry,Clear,Collision with vehicle,Monday,Day,40,2016/10/17,17:40:00,No,2.0,2.0,-35.34623707,143.5431477,SWAN HILL
T20160022512,Dry,Clear,Collision with vehicle,Monday,Dusk/Dawn,50,2016/10/10,17:30:00,No,2.0,1.0,-38.18877095,146.2566966,LATROBE
T20160022524,Dry,Clear,Collision with vehicle,Tuesday,Day,60,2016/10/04,15:50:00,No,2.0,1.0,-36.76460576,144.2693062,GREATER BENDIGO
T20160022526,Muddy,Not known,No collision and no object struck,Saturday,Day,999,2016/10/15,12:30:00,No,1.0,1.0,-37.50701458,145.9641985,MURRINDINDI
T20160022531,Dry,Clear,No collision and no object struck,Saturday,Day,100,2016/10/15,12:30:00,No,1.0,1.0,-38.28194979,145.9683688,BAW BAW
T20160022533,Dry,Clear,Collision with vehicle,Tuesday,Day,100,2016/10/18,10:50:00,No,2.0,2.0,-38.31440065,142.4289867,WARRNAMBOOL
T20160022534,Wet,Raining,Collision with a fixed object,Tuesday,Day,110,2016/10/18,09:15:00,No,1.0,1.0,-38.14122001,145.8843203,BAW BAW
T20160022539,Dry,Clear,Collision with vehicle,Tuesday,Day,60,2016/10/18,14:50:00,No,2.0,1.0,-34.19309276,142.1758167,MILDURA
T20160022540,Dry,Clear,Collision with vehicle,Tuesday,Day,100,2016/10/18,12:05:00,No,2.0,1.0,-38.41142393,145.9340419,SOUTH GIPPSLAND
T20160022543,Dry,Clear,Collision with vehicle,Monday,Day,80,2016/10/17,09:38:00,No,3.0,2.0,-38.18868536,146.2381926,LATROBE
T20160022546,Dry,Clear,No collision and no object struck,Sunday,Day,100,2016/10/09,11:00:00,No,1.0,1.0,-36.77860985,147.0649901,ALPINE
T20160022547,Dry,Clear,Vehicle overturned (no collision),Sunday,Day,999,2016/10/16,10:00:00,Yes,1.0,1.0,-37.76261011,144.0923009,MOORABOOL
T20160022558,Dry,Clear,Collision with a fixed object,Tuesday,Day,100,2016/10/18,17:45:00,No,2.0,2.0,-36.5789501,145.8162307,STRATHBOGIE
T20160022563,Wet,Clear,Collision with vehicle,Tuesday,Day,100,2016/10/18,18:30:00,Yes,3.0,3.0,-38.08127383,143.8544448,GOLDEN PLAINS
T20160022566,Wet,Raining,Collision with a fixed object,Tuesday,Day,80,2016/10/18,16:30:00,No,1.0,1.0,-37.4364891,143.9766427,HEPBURN
T20160022569,Wet,Clear,Collision with vehicle,Tuesday,Dark Street lights on,60,2016/10/18,22:10:00,Yes,4.0,2.0,-36.11951557,146.8962802,WODONGA
T20160022574,Dry,Clear,Collision with a fixed object,Wednesday,Dark Street lights on,50,2016/10/19,00:20:00,Yes,2.0,2.0,-37.65823244,144.4338644,MOORABOOL
T20160022591,Wet,Clear,Collision with a fixed object,Tuesday,Day,80,2016/10/18,14:00:00,No,2.0,1.0,-37.86798927,146.0379263,BAW BAW
T20160022595,Unknown,Not known,Collision with vehicle,Thursday,Day,40,2016/10/13,15:20:00,No,2.0,1.0,-38.14933865,144.3679906,GREATER GEELONG
T20160022596,Dry,Clear,Collision with a fixed object,Wednesday,Day,110,2016/10/19,07:00:00,No,1.0,1.0,-36.7507502,145.587352,STRATHBOGIE
T20160022608,Dry,Clear,Collision with a fixed object,Wednesday,Day,100,2016/10/19,10:00:00,No,1.0,1.0,-36.30278391,146.2722885,WANGARATTA
T20160022620,Dry,Raining,Collision with vehicle,Wednesday,Day,100,2016/10/19,11:50:00,No,2.0,2.0,-38.54657398,146.7007892,WELLINGTON
T20160022622,Dry,Clear,No collision and no object struck,Tuesday,Day,100,2016/10/18,09:30:00,No,1.0,1.0,-37.51207812,147.2769928,WELLINGTON
T20160022628,Dry,Clear,Collision with a fixed object,Wednesday,Day,100,2016/10/19,14:50:00,No,2.0,2.0,-36.18715879,146.6107621,INDIGO
T20160022637,Dry,Clear,Collision with vehicle,Wednesday,Day,100,2016/10/19,12:00:00,No,2.0,2.0,-36.11295991,141.6939537,HINDMARSH
T20160022646,Dry,Clear,Collision with a fixed object,Wednesday,Day,100,2016/10/19,13:50:00,No,1.0,1.0,-36.95537997,147.4720107,EAST GIPPSLAND
T20160022662,Dry,Clear,Vehicle overturned (no collision),Thursday,Dark No street lights,110,2016/10/20,02:55:00,Yes,1.0,1.0,-37.44939186,143.5177089,PYRENEES
T20160022665,Dry,Clear,Collision with vehicle,Tuesday,Day,60,2016/10/18,12:30:00,No,4.0,1.0,-36.76092641,144.2751094,GREATER BENDIGO
T20160022668,Dry,Clear,Collision with a fixed object,Monday,Day,100,2016/10/17,17:27:00,No,2.0,2.0,-36.81286043,145.5691037,STRATHBOGIE
T20160022677,Unknown,Not known,Collision with a fixed object,Tuesday,Dark No street lights,100,2016/09/27,04:20:00,Yes,1.0,1.0,-36.22577236,145.132158,GREATER SHEPPARTON
T20160022681,Dry,Not known,No collision and no object struck,Friday,Day,999,2016/09/30,16:00:00,Yes,1.0,1.0,-38.3926611,143.8017303,COLAC OTWAY
T20160022701,Dry,Not known,Collision with vehicle,Wednesday,Day,50,2016/10/19,15:45:00,No,2.0,1.0,-37.52768472,143.8049906,BALLARAT
T20160022704,Dry,Clear,Collision with a fixed object,Monday,Dusk/Dawn,80,2016/08/29,16:52:00,No,1.0,1.0,-37.01381949,144.2435791,MOUNT ALEXANDER
T20160022718,Dry,Clear,Collision with vehicle,Thursday,Day,60,2016/10/20,12:45:00,No,2.0,1.0,-38.48043038,144.0332895,SURF COAST
T20160022725,Dry,Clear,Collision with vehicle,Thursday,Day,60,2016/10/20,18:05:00,Yes,2.0,1.0,-37.57888046,143.8355241,BALLARAT
T20160022732,Dry,Clear,Collision with vehicle,Thursday,Day,50,2016/10/20,18:50:00,Yes,6.0,1.0,-35.33669213,143.5573974,SWAN HILL
T20160022733,Dry,Clear,Collision with a fixed object,Thursday,Day,100,2016/10/20,18:15:00,Yes,1.0,1.0,-37.40786917,143.9645604,HEPBURN
T20160022741,Dry,Clear,Fall from or in moving vehicle,Thursday,Day,100,2016/10/20,15:00:00,No,2.0,1.0,-38.24573292,141.7036296,GLENELG
T20160022745,Dry,Clear,Collision with vehicle,Thursday,Dark Street lights on,40,2016/10/20,21:20:00,Yes,2.0,1.0,-36.11976116,146.8884788,WODONGA
T20160022756,Unknown,Clear,Collision with a fixed object,Friday,Dusk/Dawn,50,2016/06/24,06:00:00,Yes,1.0,1.0,-36.76316093,144.2578392,GREATER BENDIGO
T20160022775,Dry,Not known,Struck Pedestrian,Thursday,Day,50,2016/09/08,13:00:00,No,2.0,1.0,-36.71865249,144.2536985,GREATER BENDIGO
T20160022788,Dry,Clear,Collision with vehicle,Friday,Day,60,2016/10/21,13:15:00,No,3.0,2.0,-36.74959657,144.3157931,GREATER BENDIGO
T20160022795,Dry,Clear,Collision with vehicle,Friday,Day,80,2016/10/21,07:55:00,No,2.0,1.0,-36.36468307,145.4619654,GREATER SHEPPARTON
T20160022806,Wet,Raining,Collision with vehicle,Friday,Day,50,2016/10/21,16:45:00,Yes,2.0,1.0,-35.34761808,143.5554036,SWAN HILL
T20160022807,Dry,Clear,collision with some other object,Friday,Day,999,2016/10/21,12:00:00,No,1.0,1.0,-37.32790767,145.9341328,MURRINDINDI
T20160022809,Dry,Clear,Collision with a fixed object,Friday,Day,100,2016/10/21,14:20:00,No,2.0,2.0,-36.69963172,143.5843195,LODDON
T20160022818,Dry,Clear,Collision with vehicle,Friday,Day,100,2016/10/21,15:40:00,No,3.0,1.0,-36.54552426,144.1405483,LODDON
T20160022824,Wet,Raining,Collision with a fixed object,Friday,Day,100,2016/10/21,18:00:00,Yes,1.0,1.0,-38.28500055,144.3256446,SURF COAST
T20160022828,Wet,Clear,Collision with vehicle,Saturday,Day,100,2016/10/08,14:30:00,Yes,3.0,1.0,-37.83582228,146.1632963,BAW BAW
T20160022850,Dry,Clear,Collision with vehicle,Thursday,Day,60,2016/09/08,16:30:00,No,2.0,1.0,-38.06160535,144.3583128,GREATER GEELONG
T20160022873,Dry,Clear,Collision with vehicle,Saturday,Day,60,2016/10/22,11:29:00,No,2.0,1.0,-36.3849402,145.3549697,GREATER SHEPPARTON
T20160022875,Dry,Clear,Collision with vehicle,Sunday,Day,100,2016/09/11,10:30:00,No,3.0,1.0,-38.01220484,146.3907703,BAW BAW
T20160022878,Unknown,Not known,Collision with vehicle,Sunday,Day,999,2016/10/16,12:00:00,No,2.0,1.0,-37.80915991,146.4511542,BAW BAW
T20160022888,Wet,Clear,Collision with vehicle,Saturday,Day,80,2016/10/22,12:30:00,No,5.0,1.0,-38.645021,143.7077969,COLAC OTWAY
T20160022896,Wet,Raining,Collision with a fixed object,Friday,Day,80,2016/04/29,16:15:00,No,1.0,1.0,-38.55296243,143.6983113,COLAC OTWAY
T20160022903,Wet,Clear,No collision and no object struck,Saturday,Day,999,2016/10/22,15:00:00,Yes,1.0,1.0,-36.57776519,143.7918868,LODDON
T20160022909,Wet,Clear,collision with some other object,Saturday,Dark No street lights,100,2016/10/22,21:00:00,Yes,3.0,2.0,-38.24629859,144.3123603,SURF COAST
T20160022911,Wet,Clear,Collision with a fixed object,Saturday,Dusk/Dawn,60,2016/10/22,19:47:00,Yes,2.0,1.0,-38.1650851,146.2644817,LATROBE
T20160022918,Wet,Raining,Collision with a fixed object,Saturday,Dusk/Dawn,100,2016/10/22,19:10:00,Yes,3.0,3.0,-38.26778975,146.6916372,WELLINGTON
T20160022925,Dry,Clear,Struck Pedestrian,Sunday,Dark No street lights,100,2016/10/23,02:19:00,Yes,2.0,1.0,-38.34806181,143.447531,COLAC OTWAY
T20160022932,Dry,Clear,Collision with vehicle,Saturday,Day,60,2016/10/22,14:20:00,Yes,7.0,3.0,-37.56026506,143.8444996,BALLARAT
T20160022933,Wet,Raining,Collision with vehicle,Saturday,Day,60,2016/10/22,13:40:00,No,3.0,2.0,-38.20487796,146.1573354,BAW BAW
T20160022940,Dry,Clear,Collision with vehicle,Sunday,Day,100,2016/10/23,10:10:00,No,4.0,1.0,-34.24314118,142.0922838,MILDURA
T20160022950,Dry,Clear,Collision with a fixed object,Sunday,Day,100,2016/10/23,12:35:00,No,3.0,2.0,-36.64570121,144.2356917,GREATER BENDIGO
T20160022962,Dry,Clear,Vehicle overturned (no collision),Thursday,Day,100,2016/10/20,17:00:00,No,1.0,1.0,-37.04034913,147.6434491,EAST GIPPSLAND
T20160022963,Dry,Clear,Collision with a fixed object,Sunday,Day,100,2016/10/23,13:30:00,No,1.0,1.0,-37.52463177,143.7431488,BALLARAT
T20160022968,Dry,Clear,Collision with vehicle,Sunday,Day,60,2016/10/23,17:40:00,Yes,2.0,2.0,-36.73569053,144.1329749,GREATER BENDIGO
T20160022969,Dry,Clear,Collision with vehicle,Sunday,Day,80,2016/10/23,16:30:00,No,3.0,2.0,-39.01634634,146.3071499,SOUTH GIPPSLAND
T20160022971,Dry,Clear,collision with some other object,Sunday,Dark No street lights,100,2016/10/23,20:36:00,Yes,4.0,3.0,-37.36621104,144.9640857,MITCHELL
T20160022975,Dry,Clear,Collision with a fixed object,Sunday,Day,80,2016/10/23,17:05:00,Yes,1.0,1.0,-37.62626822,143.8316967,BALLARAT
T20160022977,Dry,Clear,Vehicle overturned (no collision),Sunday,Dusk/Dawn,110,2016/10/23,19:55:00,Yes,1.0,1.0,-35.14315541,142.0000686,MILDURA
T20160022998,Wet,Clear,Collision with a fixed object,Monday,Day,100,2016/10/24,09:15:00,Yes,1.0,1.0,-37.55457395,149.3573342,EAST GIPPSLAND
T20160023005,Dry,Clear,Collision with vehicle,Monday,Day,100,2016/10/24,08:20:00,No,4.0,3.0,-38.51909206,145.4345925,BASS COAST
T20160023006,Dry,Clear,Collision with a fixed object,Monday,Dark No street lights,100,2016/10/24,06:15:00,No,1.0,1.0,-36.05436247,144.15461,LODDON
T20160023012,Dry,Clear,Collision with a fixed object,Monday,Day,110,2016/10/24,09:30:00,No,1.0,1.0,-34.27819406,141.6031,MILDURA
T20160023019,Dry,Clear,Vehicle overturned (no collision),Sunday,Day,100,2016/10/23,17:15:00,Yes,1.0,1.0,-37.68310116,143.0757942,PYRENEES
T20160023021,Dry,Clear,Collision with a fixed object,Monday,Day,80,2016/10/24,11:00:00,No,1.0,1.0,-38.30456075,144.3161347,SURF COAST
T20160023023,Dry,Clear,Collision with vehicle,Monday,Day,60,2016/10/24,11:30:00,No,3.0,2.0,-37.59135018,143.8311682,BALLARAT
T20160023045,Dry,Clear,Collision with vehicle,Monday,Day,100,2016/10/24,16:18:00,No,3.0,2.0,-35.25749804,143.419333,SWAN HILL
T20160023048,Dry,Clear,Collision with vehicle,Monday,Day,60,2016/10/24,11:45:00,No,2.0,2.0,-35.93806656,142.4223504,YARRIAMBIACK
T20160023051,Dry,Clear,Collision with a fixed object,Monday,Day,100,2016/10/24,17:00:00,No,2.0,1.0,-36.6850101,147.4395752,TOWONG
T20160023052,Dry,Clear,Collision with vehicle,Monday,Day,40,2016/10/24,18:36:00,Yes,2.0,1.0,-37.54372057,143.8339599,BALLARAT
T20160023055,Dry,Clear,Struck Pedestrian,Monday,Day,40,2016/10/24,16:50:00,No,4.0,1.0,-38.11685844,144.3397808,GREATER GEELONG
T20160023062,Dry,Clear,Collision with a fixed object,Monday,Day,60,2016/10/24,18:41:00,Yes,1.0,1.0,-36.711473,142.1983577,HORSHAM
T20160023070,Dry,Clear,Collision with vehicle,Tuesday,Dusk/Dawn,50,2016/10/25,06:00:00,Yes,2.0,1.0,-38.37812928,142.4785784,WARRNAMBOOL
T20160023072,Dry,Clear,Collision with vehicle,Tuesday,Day,70,2016/10/25,06:10:00,No,2.0,1.0,-38.14743713,144.3527539,GREATER GEELONG
T20160023074,Dry,Clear,Collision with vehicle,Monday,Day,100,2016/10/24,16:00:00,No,4.0,2.0,-35.49515227,143.7224298,GANNAWARRA
T20160023077,Dry,Clear,No collision and no object struck,Monday,Day,80,2016/10/24,15:30:00,No,1.0,1.0,-37.14143816,148.7247338,EAST GIPPSLAND
T20160023078,Dry,Clear,Struck Pedestrian,Monday,Day,50,2016/10/24,16:30:00,No,2.0,1.0,-38.75494838,143.6690515,COLAC OTWAY
T20160023104,Wet,Raining,Collision with a fixed object,Wednesday,Dark No street lights,999,2016/07/06,03:30:00,Yes,1.0,1.0,-38.04818285,146.1762174,BAW BAW
T20160023115,Dry,Clear,Struck animal,Tuesday,Day,100,2016/10/25,10:58:00,No,2.0,2.0,-38.58359086,142.8287748,MOYNE
T20160023121,Dry,Clear,Collision with a fixed object,Sunday,Day,50,2016/10/23,12:30:00,No,1.0,1.0,-37.51787217,143.9092023,BALLARAT
T20160023125,Dry,Clear,Collision with a fixed object,Tuesday,Day,100,2016/10/25,14:15:00,No,1.0,1.0,-36.96356143,143.5826215,PYRENEES
T20160023126,Dry,Clear,Collision with a fixed object,Tuesday,Day,999,2016/10/25,16:23:00,No,1.0,1.0,-38.16465119,144.335242,GREATER GEELONG
T20160023133,Dry,Clear,Collision with vehicle,Tuesday,Day,100,2016/10/25,15:20:00,No,2.0,2.0,-38.08175983,145.7783696,BAW BAW
T20160023134,Dry,Clear,Collision with a fixed object,Tuesday,Day,50,2016/10/25,19:35:00,Yes,1.0,1.0,-38.02057996,144.0277199,GOLDEN PLAINS
T20160023138,Dry,Clear,Collision with a fixed object,Sunday,Day,60,2016/10/16,16:50:00,Yes,2.0,2.0,-34.20256746,142.1313982,MILDURA
T20160023141,Dry,Clear,Collision with vehicle,Tuesday,Day,110,2016/10/25,16:45:00,No,3.0,1.0,-38.19429907,146.2852134,LATROBE
T20160023142,Dry,Clear,Collision with vehicle,Tuesday,Dark Street lights on,50,2016/10/25,22:45:00,Yes,1.0,1.0,-38.38351134,142.486833,WARRNAMBOOL
T20160023147,Dry,Clear,Collision with vehicle,Wednesday,Dark No street lights,110,2016/10/26,06:00:00,Yes,2.0,1.0,-37.05200957,145.1000842,MITCHELL
T20160023150,Wet,Not known,No collision and no object struck,Saturday,Day,999,2016/10/22,16:00:00,Yes,1.0,1.0,-36.86285279,142.1844754,HORSHAM
T20160023153,Dry,Clear,Collision with vehicle,Wednesday,Day,60,2016/10/26,08:30:00,No,2.0,1.0,-37.57961197,143.8420606,BALLARAT
T20160023155,Wet,Clear,Collision with a fixed object,Tuesday,Day,100,2016/09/27,14:30:00,No,2.0,1.0,-36.99959001,147.51389,EAST GIPPSLAND
T20160023158,Unknown,Not known,Collision with vehicle,Monday,Day,60,2016/10/24,12:15:00,No,3.0,1.0,-38.14318421,145.8536019,BAW BAW