Accident_No,Surface_Cond_Desc,Atmosph_Cond_Desc,Accident_Type_Desc,Day,Light_Condition_Desc,Speed_Zone,Accident_Date,Accident_Time,Alcohol_Influence,Total_Persons_Inv,Inj_Or_Fatal,Lat,Long,LGA
T20160023171,Wet,Clear,No collision and no object struck,Friday,Day,60,2016/09/30,11:00:00,No,1.0,1.0,-37.11731991,144.0565403,MOUNT ALEXANDER
T20160023175,Dry,Clear,Collision with vehicle,Tuesday,Day,60,2016/10/25,12:50:00,No,2.0,1.0,-36.55218735,145.9888697,BENALLA
T20160023186,Unknown,Clear,Collision with a fixed object,Sunday,Day,60,2016/10/09,14:15:00,No,1.0,1.0,-36.87005133,144.4116704,GREATER BENDIGO
T20160023207,Dry,Clear,Collision with a fixed object,Wednesday,Day,100,2016/10/26,15:55:00,No,1.0,1.0,-36.22156934,147.1416704,TOWONG
T20160023231,Dry,Clear,Collision with a fixed object,Thursday,Day,100,2016/10/27,07:10:00,No,1.0,1.0,-37.10793004,144.8415795,MITCHELL
T20160023238,Dry,Clear,Struck Pedestrian,Monday,Day,50,2016/10/17,16:30:00,No,2.0,1.0,-38.09017565,144.3408592,GREATER GEELONG
T20160023240,Dry,Clear,Collision with vehicle,Wednesday,Day,60,2016/10/19,12:45:00,No,3.0,1.0,-36.15502231,146.8805976,WODONGA
T20160023245,Unknown,Clear,Collision with vehicle,Friday,Dark Street lights on,50,2016/08/19,17:00:00,Yes,2.0,1.0,-38.15777547,144.3813331,GREATER GEELONG
T20160023246,Dry,Clear,Collision with vehicle,Thursday,Day,50,2016/10/27,11:20:00,No,5.0,1.0,-38.28145024,144.4872521,GREATER GEELONG
T20160023254,Dry,Dust,Collision with vehicle,Monday,Day,100,2016/10/24,07:50:00,No,2.0,1.0,-37.11457902,146.0655491,MANSFIELD
T20160023256,Dry,Clear,Collision with vehicle,Thursday,Day,100,2016/09/29,09:00:00,No,2.0,1.0,-37.46260902,143.8532791,HEPBURN
T20160023275,Dry,Clear,Struck Pedestrian,Thursday,Day,50,2016/10/27,16:40:00,No,2.0,1.0,-36.78690616,144.2344672,GREATER BENDIGO
T20160023278,Dry,Clear,Collision with vehicle,Thursday,Day,80,2016/10/27,17:16:00,No,2.0,1.0,-37.09153595,144.2851838,MOUNT ALEXANDER
T20160023281,Dry,Clear,Collision with vehicle,Thursday,Day,60,2016/10/27,17:35:00,No,2.0,1.0,-38.18498056,144.5685148,GREATER GEELONG
T20160023282,Dry,Clear,Collision with a fixed object,Thursday,Day,50,2016/10/27,18:15:00,Yes,2.0,1.0,-36.37021389,145.4043111,GREATER SHEPPARTON
T20160023285,Dry,Clear,Collision with vehicle,Thursday,Day,50,2016/10/27,16:46:00,No,2.0,2.0,-37.58206106,143.838941,BALLARAT
T20160023301,Dry,Clear,Collision with a fixed object,Friday,Day,100,2016/10/28,05:45:00,Yes,1.0,1.0,-38.3223739,145.6716316,SOUTH GIPPSLAND
T20160023318,Dry,Clear,Vehicle overturned (no collision),Friday,Day,100,2016/10/28,08:45:00,No,2.0,1.0,-37.05572808,142.8260506,NORTHERN GRAMPIANS
T20160023320,Dry,Clear,Collision with vehicle,Saturday,Day,60,2016/09/03,17:20:00,Yes,2.0,1.0,-36.77275254,144.258403,GREATER BENDIGO
T20160023321,Dry,Clear,Collision with vehicle,Monday,Day,60,2016/10/24,17:50:00,No,5.0,1.0,-38.18063145,146.2727986,LATROBE
T20160023323,Dry,Clear,Collision with a fixed object,Thursday,Dark No street lights,100,2016/10/27,05:20:00,Yes,1.0,1.0,-37.63166734,144.1822601,MOORABOOL
T20160023324,Dry,Clear,Collision with vehicle,Friday,Day,70,2016/10/28,10:50:00,No,2.0,1.0,-38.18192062,144.3477442,GREATER GEELONG
T20160023325,Dry,Clear,Collision with vehicle,Thursday,Day,70,2016/10/13,09:30:00,No,2.0,1.0,-38.18178258,144.3477785,GREATER GEELONG
T20160023330,Dry,Clear,Vehicle overturned (no collision),Friday,Day,100,2016/10/28,12:20:00,No,1.0,1.0,-36.57494986,144.6525506,CAMPASPE
T20160023336,Dry,Clear,Collision with vehicle,Friday,Day,100,2016/10/28,11:10:00,No,4.0,3.0,-36.9942902,145.6995919,MANSFIELD
T20160023338,Dry,Clear,Struck Pedestrian,Friday,Day,50,2016/10/28,14:00:00,No,2.0,1.0,-38.52123979,145.3352335,BASS COAST
T20160023340,Dry,Clear,Collision with a fixed object,Wednesday,Day,70,2016/09/28,11:05:00,No,1.0,1.0,-38.15377954,144.351596,GREATER GEELONG
T20160023364,Dry,Clear,Collision with vehicle,Friday,Dusk/Dawn,100,2016/10/28,18:07:00,Yes,5.0,4.0,-38.25606521,144.3968709,SURF COAST
T20160023366,Dry,Clear,Collision with a fixed object,Friday,Day,60,2016/10/28,15:45:00,No,2.0,1.0,-38.21938992,144.2871993,GREATER GEELONG
T20160023373,Dry,Clear,Collision with a fixed object,Friday,Day,50,2016/10/28,19:21:00,Yes,4.0,4.0,-38.18785003,146.2498271,LATROBE
T20160023374,Dry,Clear,Collision with vehicle,Friday,Dusk/Dawn,100,2016/10/28,18:50:00,Yes,4.0,2.0,-37.19872938,145.6846791,MURRINDINDI
T20160023381,Dry,Clear,Collision with vehicle,Saturday,Dark Street lights on,70,2016/10/29,01:30:00,Yes,3.0,2.0,-38.10133955,144.3452163,GREATER GEELONG
T20160023393,Wet,Raining,collision with some other object,Tuesday,Dark No street lights,80,2016/10/04,21:00:00,Yes,3.0,1.0,-36.79943363,144.1592025,GREATER BENDIGO
T20160023396,Dry,Clear,Collision with a fixed object,Saturday,Day,100,2016/10/29,07:30:00,Yes,1.0,1.0,-37.66562858,142.3077089,SOUTHERN GRAMPIANS
T20160023398,Dry,Clear,Collision with vehicle,Saturday,Day,60,2016/10/29,09:42:00,No,7.0,5.0,-37.41839006,144.9789713,MITCHELL
T20160023405,Dry,Clear,Collision with vehicle,Saturday,Day,50,2016/10/29,15:05:00,Yes,3.0,1.0,-38.5346577,143.9753253,SURF COAST
T20160023411,Dry,Clear,Vehicle overturned (no collision),Saturday,Day,100,2016/10/29,15:35:00,No,5.0,2.0,-37.78626772,142.1590615,SOUTHERN GRAMPIANS
T20160023420,Dry,Clear,Collision with a fixed object,Saturday,Day,100,2016/10/29,18:50:00,Yes,4.0,4.0,-37.18002008,144.8798379,MITCHELL
T20160023434,Dry,Clear,Collision with a fixed object,Sunday,Dark Street lights on,60,2016/10/30,03:40:00,Yes,4.0,1.0,-34.20006725,142.1628834,MILDURA
T20160023437,Dry,Clear,Collision with a fixed object,Saturday,Day,100,2016/10/29,10:20:00,No,1.0,1.0,-37.0235223,144.0616424,MOUNT ALEXANDER
T20160023438,Dry,Clear,Collision with vehicle,Saturday,Day,60,2016/10/29,12:01:00,No,3.0,1.0,-36.81057527,144.3418506,GREATER BENDIGO
T20160023439,Dry,Clear,Collision with vehicle,Saturday,Day,60,2016/10/29,09:00:00,No,3.0,1.0,-38.11064214,144.3419496,GREATER GEELONG
T20160023441,Dry,Clear,Collision with vehicle,Sunday,Day,50,2016/10/16,12:07:00,No,2.0,1.0,-36.11810895,146.888048,WODONGA
T20160023447,Unknown,Strong winds,collision with some other object,Sunday,Dark No street lights,100,2016/10/30,05:00:00,Yes,1.0,1.0,-37.76308714,141.0107603,GLENELG
T20160023459,Dry,Clear,Vehicle overturned (no collision),Sunday,Dusk/Dawn,80,2016/10/30,06:20:00,Yes,1.0,1.0,-38.30660926,144.3204268,SURF COAST
T20160023460,Dry,Clear,Collision with vehicle,Saturday,Day,100,2016/10/29,18:40:00,Yes,2.0,2.0,-37.57051618,144.0783773,MOORABOOL
T20160023465,Dry,Clear,Collision with vehicle,Sunday,Day,80,2016/10/30,12:10:00,No,5.0,1.0,-38.02457702,143.6400761,GOLDEN PLAINS
T20160023468,Dry,Clear,Collision with vehicle,Sunday,Day,50,2016/10/30,11:20:00,No,5.0,2.0,-37.56197399,143.8703376,BALLARAT
T20160023469,Dry,Clear,Collision with a fixed object,Sunday,Day,110,2016/10/30,13:40:00,No,1.0,1.0,-36.18057441,146.4791312,WANGARATTA
T20160023475,Dry,Clear,Collision with a fixed object,Sunday,Dark No street lights,100,2016/05/08,18:35:00,No,1.0,1.0,-36.98908085,143.1169677,PYRENEES
T20160023476,Dry,Clear,Collision with a fixed object,Sunday,Day,60,2016/10/30,12:35:00,No,1.0,1.0,-36.70678926,142.2016808,HORSHAM
T20160023482,Dry,Clear,No collision and no object struck,Sunday,Day,999,2016/10/30,14:30:00,No,1.0,1.0,-37.08294839,145.8525992,MANSFIELD
T20160023497,Dry,Clear,Vehicle overturned (no collision),Sunday,Day,100,2016/10/30,15:45:00,No,1.0,1.0,-37.84764006,147.8593395,EAST GIPPSLAND
T20160023500,Dry,Clear,Collision with a fixed object,Sunday,Day,100,2016/10/30,13:00:00,No,1.0,1.0,-36.58261875,142.1051005,HORSHAM
T20160023505,Wet,Raining,Collision with vehicle,Sunday,Day,100,2016/10/30,17:30:00,Yes,4.0,2.0,-38.64888141,146.2074319,SOUTH GIPPSLAND
T20160023508,Dry,Clear,Collision with vehicle,Sunday,Day,100,2016/10/30,17:25:00,Yes,2.0,2.0,-38.32398788,146.2597072,LATROBE
T20160023509,Dry,Strong winds,collision with some other object,Sunday,Day,80,2016/10/30,18:20:00,Yes,2.0,1.0,-38.30506013,144.23469,SURF COAST
T20160023519,Dry,Clear,Collision with vehicle,Thursday,Day,80,2016/10/20,09:04:00,No,3.0,1.0,-37.53489006,143.8493842,BALLARAT
T20160023521,Dry,Clear,Collision with a fixed object,Friday,Dusk/Dawn,100,2016/10/28,18:00:00,Yes,1.0,1.0,-37.23125759,143.4020672,PYRENEES
T20160023525,Dry,Clear,Collision with vehicle,Monday,Day,60,2016/10/31,11:15:00,No,4.0,3.0,-36.55834152,146.7198117,ALPINE
T20160023529,Dry,Clear,Collision with a fixed object,Monday,Day,100,2016/10/31,08:40:00,No,1.0,1.0,-37.23619019,145.0457811,MITCHELL
T20160023530,Dry,Clear,Collision with vehicle,Monday,Day,80,2016/10/31,11:01:00,No,4.0,1.0,-36.80263836,144.2423217,GREATER BENDIGO
T20160023542,Dry,Clear,No collision and no object struck,Monday,Day,60,2016/10/31,08:45:00,No,3.0,1.0,-34.19498533,142.1845548,MILDURA
T20160023553,Dry,Clear,Collision with a fixed object,Monday,Day,50,2016/10/31,14:10:00,No,1.0,1.0,-36.76217125,144.2812402,GREATER BENDIGO
T20160023556,Dry,Clear,Collision with a fixed object,Monday,Day,60,2016/10/31,14:20:00,No,1.0,1.0,-38.20652383,146.1566311,BAW BAW
T20160023559,Dry,Clear,Collision with vehicle,Monday,Day,60,2016/10/31,15:45:00,No,2.0,1.0,-37.33946816,144.1431095,HEPBURN
T20160023566,Dry,Clear,Collision with vehicle,Monday,Day,60,2016/10/31,16:40:00,Yes,2.0,1.0,-34.1904272,142.1584331,MILDURA
T20160023572,Wet,Clear,No collision and no object struck,Monday,Day,100,2016/08/08,14:00:00,No,1.0,1.0,-38.03104553,146.0792859,BAW BAW
T20160023581,Dry,Clear,Struck Pedestrian,Monday,Dark Street lights on,60,2016/10/31,21:20:00,Yes,4.0,1.0,-37.86378905,148.0189445,EAST GIPPSLAND
T20160023582,Wet,Raining,Collision with a fixed object,Monday,Day,110,2016/10/31,18:57:00,Yes,1.0,1.0,-37.49834017,144.6106589,MACEDON RANGES
T20160023585,Wet,Clear,Collision with vehicle,Monday,Day,80,2016/10/31,19:00:00,Yes,8.0,5.0,-38.44806956,145.8304507,SOUTH GIPPSLAND
T20160023593,Dry,Clear,Collision with vehicle,Friday,Day,80,2016/10/28,14:50:00,No,3.0,2.0,-36.39880154,144.9823575,CAMPASPE
T20160023595,Dry,Clear,Struck animal,Friday,Dark No street lights,100,2016/10/28,20:30:00,Yes,2.0,1.0,-38.28285778,144.270084,SURF COAST
T20160023596,Dry,Clear,Collision with vehicle,Monday,Day,100,2016/10/31,14:00:00,No,3.0,1.0,-38.33638678,142.5224268,WARRNAMBOOL
T20160023598,Dry,Clear,Struck animal,Sunday,Day,100,2016/10/23,11:55:00,No,1.0,1.0,-36.14398302,147.2191908,TOWONG
T20160023603,Dry,Clear,Vehicle overturned (no collision),Monday,Day,100,2016/10/31,11:00:00,No,2.0,2.0,-37.74153219,146.4045438,BAW BAW
T20160023606,Dry,Clear,Struck Pedestrian,Friday,Dark No street lights,110,2016/10/28,20:43:00,Yes,3.0,1.0,-36.6101613,145.8001807,STRATHBOGIE
T20160023617,Dry,Clear,Collision with vehicle,Tuesday,Day,60,2016/11/01,12:15:00,No,4.0,2.0,-36.36667145,145.4022437,GREATER SHEPPARTON
T20160023622,Dry,Clear,Collision with vehicle,Wednesday,Day,50,2016/09/07,09:05:00,No,2.0,1.0,-38.14850698,144.3651214,GREATER GEELONG
T20160023624,Dry,Clear,No collision and no object struck,Sunday,Dusk/Dawn,40,2016/10/30,18:30:00,Yes,1.0,1.0,-37.13166024,145.9111692,MANSFIELD
T20160023630,Dry,Clear,Struck Pedestrian,Monday,Dark No street lights,80,2016/10/31,22:05:00,Yes,3.0,1.0,-38.0706309,144.3748612,GREATER GEELONG
T20160023640,Wet,Raining,Collision with vehicle,Tuesday,Day,60,2016/11/01,11:45:00,No,2.0,1.0,-38.10966967,144.3507673,GREATER GEELONG
T20160023641,Dry,Clear,Collision with vehicle,Tuesday,Day,50,2016/11/01,16:20:00,No,3.0,2.0,-36.75138927,144.2666152,GREATER BENDIGO
T20160023643,Wet,Clear,Collision with vehicle,Tuesday,Day,100,2016/11/01,17:10:00,No,2.0,1.0,-38.09912986,145.9707506,BAW BAW
T20160023646,Wet,Raining,Collision with a fixed object,Tuesday,Day,100,2016/11/01,17:00:00,No,2.0,2.0,-37.60095137,144.2465004,MOORABOOL
T20160023662,Dry,Clear,Collision with a fixed object,Saturday,Day,100,2016/10/29,11:50:00,No,1.0,1.0,-37.40365027,145.4566503,MURRINDINDI
T20160023667,Dry,Dust,No collision and no object struck,Monday,Day,80,2016/10/31,18:15:00,Yes,1.0,1.0,-34.15848001,141.98524,MILDURA
T20160023668,Dry,Clear,No collision and no object struck,Tuesday,Day,100,2016/11/01,13:00:00,No,1.0,1.0,-36.14045373,144.85201,CAMPASPE
T20160023673,Dry,Clear,Collision with vehicle,Wednesday,Day,100,2016/11/02,08:03:00,No,2.0,1.0,-38.17321772,146.3171531,LATROBE
T20160023677,Dry,Clear,Struck Pedestrian,Wednesday,Day,40,2016/11/02,10:30:00,No,2.0,1.0,-36.21259999,143.4713223,BULOKE
T20160023684,Muddy,Raining,No collision and no object struck,Saturday,Day,60,2016/10/22,09:15:00,No,1.0,1.0,-38.41931888,143.9406701,SURF COAST
T20160023685,Dry,Clear,No collision and no object struck,Tuesday,Day,100,2016/11/01,12:15:00,No,1.0,1.0,-37.89203856,146.5014904,WELLINGTON
T20160023690,Dry,Clear,Collision with a fixed object,Wednesday,Day,100,2016/11/02,11:05:00,No,1.0,1.0,-38.29875704,144.113806,SURF COAST
T20160023691,Dry,Clear,Struck Pedestrian,Wednesday,Day,60,2016/11/02,09:15:00,No,2.0,1.0,-36.38162118,145.4033339,GREATER SHEPPARTON
T20160023692,Dry,Clear,collision with some other object,Saturday,Day,100,2016/10/08,16:30:00,Yes,1.0,1.0,-36.71275033,146.9640896,ALPINE
T20160023693,Dry,Clear,Collision with vehicle,Friday,Day,60,2016/10/21,09:14:00,No,2.0,2.0,-36.81147157,147.2275577,ALPINE
T20160023695,Dry,Clear,Collision with a fixed object,Tuesday,Day,80,2016/11/01,12:50:00,No,4.0,4.0,-37.2010283,145.4673691,MURRINDINDI
T20160023707,Dry,Clear,No collision and no object struck,Wednesday,Day,40,2016/11/02,16:05:00,No,1.0,1.0,-36.12450535,146.8878612,WODONGA
T20160023710,Wet,Raining,Collision with a fixed object,Monday,Day,100,2016/10/10,17:00:00,No,1.0,1.0,-36.41035849,146.2079,BENALLA
T20160023713,Dry,Clear,Collision with vehicle,Wednesday,Day,80,2016/11/02,18:12:00,Yes,2.0,1.0,-35.34159197,143.5355514,SWAN HILL
T20160023714,Dry,Clear,Collision with vehicle,Wednesday,Day,60,2016/11/02,17:35:00,No,2.0,2.0,-37.562107,143.857737,BALLARAT
T20160023737,Dry,Clear,Collision with vehicle,Thursday,Day,100,2016/11/03,09:50:00,No,14.0,5.0,-37.029234,145.0720144,MITCHELL
T20160023738,Unknown,Clear,No collision and no object struck,Tuesday,Day,999,2016/11/01,12:00:00,No,1.0,1.0,-37.9988195,146.0423718,BAW BAW
T20160023739,Unknown,Not known,Collision with vehicle,Thursday,Unknown,60,2016/10/13,19:45:00,Yes,2.0,1.0,-38.15621227,144.3594695,GREATER GEELONG
T20160023740,Dry,Clear,Collision with vehicle,Thursday,Day,50,2016/11/03,10:00:00,No,2.0,1.0,-36.55177276,145.9860389,BENALLA
T20160023745,Dry,Clear,Collision with vehicle,Thursday,Day,60,2016/11/03,11:55:00,No,4.0,3.0,-36.74311905,144.3192888,GREATER BENDIGO
T20160023748,Dry,Clear,Collision with vehicle,Thursday,Day,50,2016/11/03,12:00:00,No,2.0,1.0,-36.38085778,145.41565,GREATER SHEPPARTON
T20160023774,Dry,Not known,No collision and no object struck,Friday,Unknown,100,2016/10/28,09:30:00,No,1.0,1.0,-36.18261753,144.6301274,CAMPASPE
T20160023781,Dry,Clear,Vehicle overturned (no collision),Thursday,Dusk/Dawn,50,2016/11/03,19:35:00,Yes,1.0,1.0,-38.45201999,145.2456561,BASS COAST
T20160023788,Dry,Clear,Collision with vehicle,Thursday,Day,100,2016/11/03,19:30:00,Yes,2.0,2.0,-37.32698957,145.0324774,MITCHELL
T20160023790,Dry,Clear,Collision with vehicle,Thursday,Dark No street lights,100,2016/11/03,05:10:00,Yes,2.0,1.0,-37.33230995,144.7408408,MACEDON RANGES
T20160023804,Dry,Clear,Collision with a fixed object,Thursday,Dusk/Dawn,100,2016/11/03,20:30:00,Yes,2.0,2.0,-36.84451689,144.4987006,GREATER BENDIGO
T20160023813,Dry,Clear,Struck Pedestrian,Thursday,Day,40,2016/11/03,18:10:00,Yes,2.0,1.0,-34.18679901,142.1584088,MILDURA
T20160023814,Dry,Clear,Collision with vehicle,Friday,Day,60,2016/11/04,08:55:00,No,6.0,3.0,-37.57060173,143.8331607,BALLARAT
T20160023827,Wet,Clear,No collision and no object struck,Sunday,Day,50,2016/10/30,16:15:00,Yes,1.0,1.0,-36.66521998,146.6390199,ALPINE
T20160023831,Dry,Clear,Struck animal,Friday,Day,110,2016/11/04,07:50:00,No,1.0,1.0,-37.42339974,144.5427865,MACEDON RANGES
T20160023837,Dry,Clear,Collision with vehicle,Sunday,Day,60,2016/10/30,19:05:00,Yes,2.0,1.0,-36.71400583,144.2493859,GREATER BENDIGO
T20160023843,Dry,Clear,Struck Pedestrian,Friday,Day,60,2016/11/04,16:00:00,Yes,2.0,1.0,-38.17319006,144.3241352,GREATER GEELONG
T20160023848,Dry,Dust,No collision and no object struck,Sunday,Day,80,2016/10/30,13:45:00,No,1.0,1.0,-38.32623031,144.1354802,SURF COAST
T20160023852,Dry,Clear,Collision with vehicle,Friday,Day,60,2016/11/04,17:30:00,Yes,3.0,1.0,-36.36778428,145.4105094,GREATER SHEPPARTON
T20160023856,Dry,Clear,Collision with a fixed object,Friday,Day,100,2016/11/04,18:30:00,Yes,1.0,1.0,-37.29266723,144.7730479,MACEDON RANGES
T20160023872,Wet,Raining,collision with some other object,Saturday,Dark No street lights,100,2016/11/05,04:20:00,Yes,5.0,3.0,-38.45680017,143.6844514,COLAC OTWAY
T20160023885,Dry,Clear,Struck Pedestrian,Wednesday,Day,50,2016/11/02,14:30:00,No,2.0,1.0,-37.55856136,143.8478601,BALLARAT
T20160023891,Dry,Strong winds,Collision with a fixed object,Friday,Day,100,2016/11/04,17:18:00,Yes,1.0,1.0,-37.88436384,144.3397559,GREATER GEELONG
T20160023895,Wet,Raining,No collision and no object struck,Tuesday,Day,999,2016/11/01,13:00:00,No,1.0,1.0,-38.32554292,144.0951696,SURF COAST
T20160023898,Wet,Raining,Collision with vehicle,Saturday,Day,100,2016/11/05,13:20:00,No,5.0,2.0,-38.36882606,145.710244,SOUTH GIPPSLAND
T20160023903,Dry,Clear,Collision with vehicle,Saturday,Day,100,2016/11/05,15:35:00,Yes,2.0,2.0,-36.77193116,144.4111899,GREATER BENDIGO
T20160023910,Dry,Clear,Collision with a fixed object,Saturday,Day,110,2016/11/05,16:10:00,Yes,1.0,1.0,-37.4303912,144.5438163,MACEDON RANGES
T20160023913,Dry,Clear,No collision and no object struck,Saturday,Day,100,2016/11/05,17:50:00,Yes,1.0,1.0,-37.19748266,143.9734802,MOUNT ALEXANDER
T20160023920,Dry,Clear,Collision with vehicle,Saturday,Day,50,2016/11/05,17:45:00,Yes,2.0,1.0,-36.12669304,146.8703714,WODONGA
T20160023924,Dry,Clear,Vehicle overturned (no collision),Saturday,Dark Street lights on,60,2016/11/05,21:30:00,Yes,1.0,1.0,-37.55736568,143.8554309,BALLARAT
T20160023939,Dry,Clear,Collision with a fixed object,Sunday,Day,100,2016/11/06,05:15:00,Yes,2.0,2.0,-37.68981688,148.0301293,EAST GIPPSLAND
T20160023943,Wet,Not known,Collision with a fixed object,Saturday,Day,100,2016/11/05,13:20:00,No,2.0,2.0,-38.64924828,146.2905614,SOUTH GIPPSLAND
T20160023953,Dry,Clear,Collision with a fixed object,Sunday,Day,80,2016/11/06,12:35:00,No,1.0,1.0,-37.27058714,142.8980368,ARARAT
T20160023956,Dry,Clear,Vehicle overturned (no collision),Sunday,Day,100,2016/11/06,11:10:00,No,2.0,2.0,-37.57742939,149.0165311,EAST GIPPSLAND
T20160023959,Dry,Clear,No collision and no object struck,Sunday,Day,100,2016/11/06,12:15:00,No,1.0,1.0,-36.12526753,147.3362571,TOWONG
T20160023964,Dry,Clear,Collision with a fixed object,Sunday,Day,60,2016/11/06,08:20:00,Yes,1.0,1.0,-37.42201024,144.9949222,MITCHELL
T20160023967,Dry,Clear,Collision with a fixed object,Sunday,Day,100,2016/11/06,14:33:00,No,1.0,1.0,-36.93257304,146.2136007,MANSFIELD
T20160023970,Dry,Clear,Collision with vehicle,Sunday,Day,70,2016/11/06,16:00:00,No,8.0,2.0,-38.20125819,144.3099091,GREATER GEELONG
T20160023978,Dry,Clear,Collision with a fixed object,Sunday,Dark No street lights,100,2016/11/06,20:00:00,Yes,2.0,2.0,-38.5929382,146.0873604,SOUTH GIPPSLAND
T20160023982,Dry,Clear,Struck Pedestrian,Sunday,Day,80,2016/11/06,18:15:00,No,2.0,1.0,-37.4425262,144.6828283,MACEDON RANGES
T20160023989,Dry,Clear,Collision with a fixed object,Monday,Dark No street lights,110,2016/11/07,01:00:00,Yes,1.0,1.0,-37.59099041,144.17962,MOORABOOL
T20160023992,Dry,Clear,Collision with vehicle,Monday,Dark No street lights,100,2016/11/07,02:05:00,Yes,2.0,1.0,-37.65922124,141.8257985,SOUTHERN GRAMPIANS
T20160024003,Dry,Clear,Collision with a fixed object,Monday,Day,100,2016/11/07,08:45:00,No,2.0,1.0,-36.60543959,145.0750605,CAMPASPE
T20160024006,Dry,Clear,Collision with vehicle,Monday,Day,60,2016/11/07,09:40:00,No,3.0,1.0,-38.10788,144.3320901,GREATER GEELONG
T20160024007,Dry,Clear,Collision with vehicle,Monday,Day,60,2016/11/07,08:06:00,Yes,2.0,1.0,-38.14789318,144.3548291,GREATER GEELONG
T20160024008,Dry,Clear,No collision and no object struck,Saturday,Day,80,2016/10/01,11:12:00,No,1.0,1.0,-37.20634235,147.8305566,EAST GIPPSLAND
T20160024010,Dry,Clear,Collision with vehicle,Monday,Day,999,2016/11/07,09:20:00,No,1.0,1.0,-37.23802259,144.46484,MACEDON RANGES
T20160024012,Dry,Clear,Vehicle overturned (no collision),Sunday,Day,100,2016/11/06,11:00:00,No,1.0,1.0,-37.16325786,144.9959737,MITCHELL
T20160024022,Dry,Clear,Collision with a fixed object,Monday,Day,80,2016/11/07,11:22:00,No,1.0,1.0,-38.03328005,144.4317222,GREATER GEELONG
T20160024023,Dry,Clear,Collision with vehicle,Monday,Day,999,2016/11/07,10:50:00,No,2.0,1.0,-38.11222018,144.3342215,GREATER GEELONG
T20160024030,Wet,Clear,Collision with vehicle,Monday,Day,80,2016/11/07,13:05:00,No,3.0,1.0,-38.32816848,142.3729551,MOYNE
T20160024046,Dry,Clear,Collision with vehicle,Monday,Day,60,2016/11/07,16:40:00,Yes,5.0,2.0,-38.25945966,144.5351872,GREATER GEELONG
T20160024047,Dry,Clear,Vehicle overturned (no collision),Sunday,Day,100,2016/11/06,15:30:00,No,1.0,1.0,-36.53330982,146.8122296,ALPINE
T20160024048,Dry,Clear,Vehicle overturned (no collision),Sunday,Dark Street lights on,60,2016/11/06,23:00:00,Yes,2.0,1.0,-37.81638348,147.647831,EAST GIPPSLAND
T20160024054,Dry,Not known,No collision and no object struck,Monday,Day,60,2016/10/31,16:00:00,No,1.0,1.0,-36.94076028,143.2644482,PYRENEES
T20160024077,Dry,Clear,Collision with vehicle,Tuesday,Day,100,2016/11/08,09:24:00,No,4.0,3.0,-37.08288903,142.739979,NORTHERN GRAMPIANS
T20160024078,Dry,Clear,Collision with vehicle,Tuesday,Day,60,2016/11/08,11:43:00,No,3.0,1.0,-38.17320808,146.2635262,LATROBE
T20160024098,Muddy,Clear,No collision and no object struck,Saturday,Day,80,2016/10/29,10:30:00,No,1.0,1.0,-37.54497047,145.6474037,MURRINDINDI
T20160024107,Dry,Clear,Vehicle overturned (no collision),Tuesday,Day,100,2016/11/08,16:25:00,No,1.0,1.0,-35.2231097,142.3968819,MILDURA
T20160024112,Dry,Clear,Collision with vehicle,Tuesday,Day,40,2016/11/08,15:25:00,No,3.0,1.0,-36.33538983,145.4026493,GREATER SHEPPARTON
T20160024123,Dry,Clear,Collision with vehicle,Tuesday,Day,50,2016/11/08,19:20:00,Yes,2.0,2.0,-36.7468172,144.2674479,GREATER BENDIGO
T20160024126,Dry,Clear,Collision with a fixed object,Tuesday,Day,110,2016/11/08,16:00:00,No,1.0,1.0,-34.27435848,141.02282,MILDURA
T20160024129,Dry,Clear,Collision with a fixed object,Tuesday,Dark No street lights,100,2016/11/08,00:30:00,Yes,2.0,1.0,-36.31161843,146.2074933,WANGARATTA
T20160024132,Dry,Clear,Collision with vehicle,Monday,Dusk/Dawn,100,2016/10/31,08:00:00,No,2.0,2.0,-36.27120508,144.54423,CAMPASPE
T20160024139,Dry,Clear,Collision with vehicle,Monday,Dark Street lights on,50,2016/11/07,20:11:00,Yes,2.0,1.0,-36.38471774,145.4026969,GREATER SHEPPARTON
T20160024140,Dry,Clear,Collision with a fixed object,Wednesday,Dark No street lights,100,2016/11/09,03:10:00,Yes,1.0,1.0,-38.66053059,146.2165703,SOUTH GIPPSLAND
T20160024155,Wet,Raining,Fall from or in moving vehicle,Friday,Day,60,2016/07/22,09:30:00,No,2.0,1.0,-36.13045553,146.8803283,WODONGA
T20160024162,Dry,Clear,Collision with vehicle,Sunday,Dark Street lights on,60,2016/11/06,21:06:00,No,2.0,1.0,-37.24387352,144.4465002,MACEDON RANGES
T20160024163,Unknown,Not known,collision with some other object,Saturday,Day,999,2016/11/05,09:00:00,No,1.0,1.0,-37.29330748,146.1492592,MANSFIELD
T20160024164,Dry,Not known,Struck animal,Saturday,Day,100,2016/10/22,13:00:00,No,2.0,2.0,-38.16608431,146.7873089,WELLINGTON
T20160024172,Dry,Clear,Collision with a fixed object,Saturday,Dusk/Dawn,50,2016/05/07,20:30:00,Yes,2.0,1.0,-38.41167027,145.5370614,BASS COAST
T20160024173,Dry,Clear,Collision with vehicle,Wednesday,Day,80,2016/11/09,09:05:00,No,3.0,1.0,-34.22390585,142.1153556,MILDURA
T20160024175,Dry,Clear,Collision with vehicle,Tuesday,Day,60,2016/11/08,16:15:00,No,2.0,1.0,-38.17539623,144.3832426,GREATER GEELONG