Accident_No,Surface_Cond_Desc,Atmosph_Cond_Desc,Accident_Type_Desc,Day,Light_Condition_Desc,Speed_Zone,Accident_Date,Accident_Time,Alcohol_Influence,Total_Persons_Inv,Inj_Or_Fatal,Lat,Long,LGA
T20160024188,Dry,Clear,Collision with vehicle,Wednesday,Day,50,2016/11/09,15:15:00,No,3.0,1.0,-36.54718301,145.9844095,BENALLA
T20160024189,Dry,Clear,Collision with a fixed object,Wednesday,Day,100,2016/11/09,12:20:00,No,1.0,1.0,-36.73187449,144.1689706,GREATER BENDIGO
T20160024192,Dry,Clear,Collision with vehicle,Tuesday,Dark Street lights on,60,2016/11/08,21:00:00,Yes,2.0,1.0,-37.91700614,147.7220258,EAST GIPPSLAND
T20160024196,Dry,Clear,Collision with vehicle,Wednesday,Day,60,2016/11/09,16:10:00,No,2.0,1.0,-38.18077245,144.3168716,GREATER GEELONG
T20160024205,Dry,Clear,Collision with vehicle,Wednesday,Day,60,2016/11/09,19:24:00,Yes,2.0,1.0,-36.9079813,145.2286159,STRATHBOGIE
T20160024206,Dry,Clear,Struck Pedestrian,Wednesday,Day,50,2016/11/09,16:30:00,No,3.0,2.0,-37.58187994,143.8234658,BALLARAT
T20160024208,Dry,Raining,Collision with a fixed object,Thursday,Day,80,2016/10/06,07:15:00,No,1.0,1.0,-37.76298254,143.6667089,GOLDEN PLAINS
T20160024209,Dry,Clear,Vehicle overturned (no collision),Wednesday,Day,100,2016/11/09,16:30:00,No,2.0,2.0,-36.23118514,141.83781,HINDMARSH
T20160024220,Dry,Clear,Collision with a fixed object,Saturday,Day,100,2016/11/05,10:30:00,No,1.0,1.0,-36.61836892,147.4230072,TOWONG
T20160024221,Dry,Clear,Collision with a fixed object,Wednesday,Dark No street lights,100,2016/11/09,21:30:00,Yes,2.0,2.0,-37.27956611,144.2931058,HEPBURN
T20160024247,Dry,Clear,Collision with vehicle,Wednesday,Day,999,2016/11/09,15:30:00,No,3.0,1.0,-36.71917375,142.1861222,HORSHAM
T20160024252,Dry,Clear,Collision with vehicle,Thursday,Day,80,2016/11/10,12:58:00,No,5.0,2.0,-35.92532377,145.6319092,MOIRA
T20160024256,Dry,Clear,Collision with a fixed object,Monday,Dark No street lights,100,2016/11/07,03:15:00,Yes,4.0,4.0,-37.15544998,143.5314336,PYRENEES
T20160024259,Unknown,Clear,No collision and no object struck,Thursday,Day,999,2016/11/10,14:30:00,No,1.0,1.0,-37.24232703,144.6097542,MACEDON RANGES
T20160024263,Dry,Clear,Collision with vehicle,Thursday,Day,50,2016/11/10,14:48:00,No,2.0,1.0,-38.31246295,146.4170604,LATROBE
T20160024273,Dry,Clear,Collision with a fixed object,Thursday,Day,100,2016/11/10,15:30:00,No,1.0,1.0,-36.59669041,144.8900414,CAMPASPE
T20160024275,Unknown,Not known,No collision and no object struck,Saturday,Day,999,2016/10/29,14:00:00,Yes,1.0,1.0,-38.28772249,146.84162,WELLINGTON
T20160024285,Dry,Clear,No collision and no object struck,Thursday,Day,100,2016/11/10,16:50:00,No,1.0,1.0,-36.87738524,146.3192557,WANGARATTA
T20160024286,Dry,Clear,Collision with vehicle,Thursday,Day,50,2016/11/10,19:05:00,Yes,2.0,1.0,-36.13540009,146.8558359,WODONGA
T20160024287,Wet,Not known,collision with some other object,Saturday,Dark No street lights,999,2016/06/11,19:30:00,Yes,1.0,1.0,-37.52971015,146.0569099,MURRINDINDI
T20160024296,Dry,Clear,Collision with a fixed object,Thursday,Dark No street lights,100,2016/11/10,04:00:00,Yes,1.0,1.0,-38.14166411,146.1472186,BAW BAW
T20160024297,Dry,Clear,Collision with vehicle,Thursday,Dark Street lights on,60,2016/11/10,20:55:00,Yes,4.0,1.0,-37.59275814,143.840946,BALLARAT
T20160024328,Dry,Clear,Collision with vehicle,Friday,Day,50,2016/11/11,07:00:00,No,2.0,1.0,-37.56194012,143.848771,BALLARAT
T20160024329,Dry,Clear,Struck animal,Wednesday,Day,999,2016/11/09,19:00:00,Yes,1.0,1.0,-34.34784038,142.035738,MILDURA
T20160024330,Dry,Clear,Collision with vehicle,Thursday,Dark Street lights on,60,2016/11/10,20:45:00,Yes,2.0,1.0,-38.17941045,144.3699517,GREATER GEELONG
T20160024338,Dry,Not known,Vehicle overturned (no collision),Thursday,Day,999,2016/10/20,11:45:00,No,1.0,1.0,-38.41106717,146.208001,SOUTH GIPPSLAND
T20160024346,Dry,Clear,Collision with vehicle,Friday,Day,100,2016/11/11,10:30:00,No,2.0,1.0,-36.94485048,147.0577216,ALPINE
T20160024348,Dry,Clear,Struck Pedestrian,Friday,Day,60,2016/11/11,12:45:00,No,3.0,3.0,-38.11398699,144.3427834,GREATER GEELONG
T20160024355,Dry,Clear,Vehicle overturned (no collision),Friday,Day,110,2016/11/11,13:45:00,No,2.0,2.0,-35.6094414,142.9659882,BULOKE
T20160024360,Dry,Clear,Collision with vehicle,Friday,Day,60,2016/11/11,16:40:00,Yes,2.0,2.0,-36.1189089,146.8765401,WODONGA
T20160024363,Dry,Clear,Collision with vehicle,Friday,Day,60,2016/11/11,17:23:00,No,3.0,2.0,-38.12831717,144.3201488,GREATER GEELONG
T20160024368,Dry,Clear,Collision with vehicle,Friday,Day,60,2015/12/18,15:38:00,No,2.0,1.0,-38.10502745,147.0722179,WELLINGTON
T20160024385,Dry,Clear,Collision with a fixed object,Friday,Dark Street lights on,60,2016/11/11,21:10:00,Yes,2.0,2.0,-38.37205034,142.4740357,WARRNAMBOOL
T20160024397,Wet,Raining,Collision with vehicle,Friday,Dark No street lights,100,2016/11/11,23:40:00,Yes,3.0,3.0,-36.14542753,145.14192,MOIRA
T20160024401,Dry,Clear,Collision with a fixed object,Saturday,Dark Street lights on,50,2016/11/12,00:05:00,Yes,2.0,2.0,-38.23557599,146.4443342,LATROBE
T20160024414,Dry,Clear,Collision with vehicle,Thursday,Day,50,2016/11/10,09:30:00,No,2.0,1.0,-36.0903657,145.4367109,MOIRA
T20160024415,Wet,Raining,Collision with vehicle,Saturday,Day,60,2016/11/12,11:00:00,No,5.0,1.0,-37.58601001,143.8408088,BALLARAT
T20160024419,Dry,Clear,Collision with vehicle,Saturday,Day,80,2016/11/12,12:30:00,No,3.0,3.0,-38.1805077,146.5626495,LATROBE
T20160024420,Wet,Raining,No collision and no object struck,Saturday,Day,999,2016/11/12,11:30:00,No,1.0,1.0,-37.26800096,146.3191613,MANSFIELD
T20160024421,Wet,Clear,Vehicle overturned (no collision),Saturday,Day,100,2016/11/12,11:15:00,No,1.0,1.0,-37.58784041,146.1933354,MANSFIELD
T20160024431,Wet,Raining,Collision with vehicle,Saturday,Day,80,2016/11/12,13:30:00,No,4.0,4.0,-38.44761039,145.830119,SOUTH GIPPSLAND
T20160024433,Dry,Clear,Collision with vehicle,Saturday,Day,60,2016/11/12,10:20:00,No,3.0,1.0,-38.47522012,145.9422932,SOUTH GIPPSLAND
T20160024435,Dry,Clear,Vehicle overturned (no collision),Saturday,Day,999,2016/11/12,11:00:00,No,1.0,1.0,-37.49150058,145.4426899,MURRINDINDI
T20160024443,Wet,Raining,Vehicle overturned (no collision),Saturday,Day,100,2016/11/12,16:15:00,Yes,3.0,3.0,-38.2388046,141.4657467,GLENELG
T20160024445,Dry,Clear,Collision with a fixed object,Saturday,Dark No street lights,50,2016/11/12,20:03:00,Yes,2.0,1.0,-36.85444353,146.0051956,BENALLA
T20160024449,Dry,Clear,Collision with vehicle,Saturday,Day,50,2016/08/27,11:30:00,No,2.0,1.0,-37.04222387,143.7355145,CENTRAL GOLDFIELDS
T20160024462,Dry,Clear,No collision and no object struck,Friday,Day,100,2016/11/11,16:30:00,Yes,1.0,1.0,-36.71449084,147.09655,ALPINE
T20160024465,Wet,Raining,No collision and no object struck,Sunday,Day,100,2016/11/13,10:20:00,No,1.0,1.0,-37.08419758,145.0291377,MITCHELL
T20160024467,Wet,Raining,Collision with a fixed object,Sunday,Day,100,2016/11/13,12:00:00,No,2.0,2.0,-36.84649844,145.11937,STRATHBOGIE
T20160024468,Wet,Raining,Collision with a fixed object,Sunday,Day,60,2016/11/13,10:15:00,No,2.0,1.0,-37.21444987,145.4319201,MURRINDINDI
T20160024469,Wet,Raining,No collision and no object struck,Sunday,Day,100,2016/11/13,10:05:00,No,2.0,2.0,-36.19923322,145.0762,CAMPASPE
T20160024470,Wet,Raining,Collision with a fixed object,Sunday,Day,100,2016/11/13,11:55:00,No,1.0,1.0,-37.25982696,144.9617875,MITCHELL
T20160024480,Dry,Clear,Collision with a fixed object,Saturday,Dark No street lights,110,2016/11/12,20:55:00,Yes,2.0,2.0,-36.16836144,146.5101515,INDIGO
T20160024486,Wet,Raining,Collision with vehicle,Sunday,Day,110,2016/11/13,14:25:00,No,4.0,1.0,-37.47356667,143.6584106,BALLARAT
T20160024489,Wet,Raining,Collision with a fixed object,Sunday,Day,110,2016/11/13,13:55:00,No,2.0,2.0,-37.06810996,145.1018207,MITCHELL
T20160024493,Dry,Clear,Fall from or in moving vehicle,Monday,Day,80,2016/10/03,16:00:00,No,2.0,1.0,-38.34157093,143.6110233,COLAC OTWAY
T20160024495,Wet,Raining,Collision with a fixed object,Sunday,Day,110,2016/11/13,14:50:00,No,1.0,1.0,-36.82364796,145.426919,STRATHBOGIE
T20160024496,Dry,Clear,Vehicle overturned (no collision),Saturday,Day,100,2016/11/12,17:39:00,Yes,2.0,2.0,-38.14865023,145.9872836,BAW BAW
T20160024522,Wet,Raining,Collision with a fixed object,Sunday,Dark No street lights,100,2016/11/13,23:30:00,Yes,1.0,1.0,-36.34752382,145.4619626,GREATER SHEPPARTON
T20160024524,Wet,Raining,Collision with a fixed object,Monday,Dark Street lights on,60,2016/11/14,00:10:00,Yes,1.0,1.0,-37.24711343,144.4458976,MACEDON RANGES
T20160024538,Dry,Clear,Collision with vehicle,Monday,Day,100,2016/11/14,08:45:00,No,2.0,1.0,-34.25176358,142.0818143,MILDURA
T20160024541,Unknown,Clear,Collision with a fixed object,Thursday,Dark No street lights,100,2016/07/28,00:30:00,Yes,1.0,1.0,-38.23465074,145.9227554,BAW BAW
T20160024542,Dry,Clear,Vehicle overturned (no collision),Saturday,Day,100,2016/11/12,17:37:00,Yes,1.0,1.0,-36.30064325,146.6401692,INDIGO
T20160024544,Dry,Clear,Collision with a fixed object,Tuesday,Day,100,2016/11/08,06:35:00,No,1.0,1.0,-38.30267899,145.7186669,SOUTH GIPPSLAND
T20160024552,Dry,Clear,Collision with vehicle,Monday,Day,50,2016/11/14,13:44:00,No,2.0,1.0,-37.24583658,144.4538734,MACEDON RANGES
T20160024553,Wet,Clear,Collision with a fixed object,Monday,Day,100,2016/11/14,07:30:00,Yes,1.0,1.0,-37.85030448,147.5533425,EAST GIPPSLAND
T20160024560,Wet,Not known,No collision and no object struck,Tuesday,Day,100,2016/10/18,15:30:00,No,1.0,1.0,-36.59117075,147.7746482,TOWONG
T20160024566,Dry,Clear,Collision with vehicle,Tuesday,Dark Street lights on,60,2016/09/27,22:00:00,Yes,3.0,1.0,-36.76930375,144.2861739,GREATER BENDIGO
T20160024575,Dry,Clear,Vehicle overturned (no collision),Monday,Dark No street lights,50,2016/11/14,20:40:00,Yes,1.0,1.0,-38.15705709,144.3788122,GREATER GEELONG
T20160024592,Dry,Clear,Collision with vehicle,Monday,Day,40,2016/11/14,08:20:00,Yes,2.0,1.0,-37.05676698,146.0915206,MANSFIELD
T20160024597,Dry,Clear,Collision with vehicle,Tuesday,Day,60,2016/11/15,08:30:00,No,3.0,1.0,-37.04859753,143.7430389,CENTRAL GOLDFIELDS
T20160024609,Dry,Clear,Collision with vehicle,Thursday,Day,50,2016/09/22,12:30:00,No,2.0,1.0,-34.18791777,142.158969,MILDURA
T20160024611,Unknown,Not known,Collision with vehicle,Thursday,Unknown,50,2016/04/14,16:40:00,No,6.0,1.0,-38.13457592,145.8564829,BAW BAW
T20160024614,Dry,Clear,Collision with vehicle,Tuesday,Day,80,2016/11/15,08:50:00,No,2.0,1.0,-36.03627926,145.9954613,MOIRA
T20160024616,Dry,Clear,Collision with vehicle,Tuesday,Day,80,2016/11/15,11:40:00,No,2.0,1.0,-36.62557668,142.62771,YARRIAMBIACK
T20160024628,Unknown,Not known,Collision with a fixed object,Sunday,Day,100,2016/11/13,15:30:00,No,1.0,1.0,-37.98241054,146.6547003,WELLINGTON
T20160024631,Dry,Clear,Collision with vehicle,Tuesday,Day,60,2016/11/15,08:35:00,No,2.0,1.0,-38.02371017,144.3962369,GREATER GEELONG
T20160024632,Unknown,Not known,No collision and no object struck,Saturday,Day,999,2016/11/12,12:00:00,No,1.0,1.0,-37.18270897,146.0125595,MANSFIELD
T20160024639,Dry,Clear,Collision with vehicle,Tuesday,Day,100,2016/11/15,10:50:00,No,4.0,2.0,-38.64288059,143.0715353,CORANGAMITE
T20160024645,Dry,Clear,Collision with a fixed object,Tuesday,Day,100,2016/11/15,18:00:00,Yes,1.0,1.0,-38.30486852,142.549599,MOYNE
T20160024649,Dry,Clear,Collision with vehicle,Tuesday,Day,60,2016/11/15,17:45:00,No,2.0,1.0,-37.58531733,143.8395963,BALLARAT
T20160024650,Unknown,Not known,Collision with a fixed object,Saturday,Day,999,2016/10/15,16:00:00,Yes,1.0,1.0,-37.4315523,144.0760681,HEPBURN
T20160024663,Dry,Clear,Struck Pedestrian,Wednesday,Dark Street lights on,50,2016/11/16,03:47:00,Yes,2.0,1.0,-37.55724741,143.8545808,BALLARAT
T20160024672,Dry,Clear,Collision with a fixed object,Wednesday,Day,100,2016/11/16,06:50:00,No,1.0,1.0,-37.77271972,142.1235101,SOUTHERN GRAMPIANS
T20160024676,Dry,Clear,Collision with a fixed object,Wednesday,Dark No street lights,100,2016/11/16,03:20:00,Yes,1.0,1.0,-36.53427379,146.6915538,ALPINE
T20160024679,Dry,Clear,Struck animal,Monday,Day,100,2016/10/17,08:40:00,Yes,1.0,1.0,-37.22710012,144.466941,MACEDON RANGES
T20160024688,Unknown,Not known,Collision with a fixed object,Friday,Day,999,2016/11/04,16:00:00,Yes,1.0,1.0,-37.01905216,147.5800298,EAST GIPPSLAND
T20160024694,Wet,Raining,Vehicle overturned (no collision),Tuesday,Day,50,2016/11/15,09:56:00,No,1.0,1.0,-38.19166042,146.2837121,LATROBE
T20160024696,Dry,Clear,Collision with vehicle,Wednesday,Day,50,2016/11/16,13:30:00,No,2.0,1.0,-38.25833826,144.5432037,GREATER GEELONG
T20160024698,Dry,Clear,Collision with vehicle,Friday,Day,60,2016/10/14,09:30:00,No,2.0,1.0,-36.54660894,145.9868905,BENALLA
T20160024699,Dry,Clear,Collision with vehicle,Wednesday,Day,50,2016/11/16,08:10:00,No,2.0,1.0,-38.14959067,144.3607497,GREATER GEELONG
T20160024711,Dry,Clear,Collision with a fixed object,Tuesday,Day,100,2016/11/15,16:50:00,No,1.0,1.0,-37.97816534,147.1647643,WELLINGTON
T20160024714,Unknown,Not known,Collision with vehicle,Monday,Unknown,60,2016/11/14,12:45:00,No,3.0,1.0,-37.5599848,143.8396879,BALLARAT
T20160024716,Dry,Clear,Collision with vehicle,Wednesday,Day,40,2016/11/16,14:20:00,No,3.0,2.0,-36.36332577,144.7001134,CAMPASPE
T20160024718,Dry,Clear,Struck Pedestrian,Wednesday,Day,80,2016/11/16,14:20:00,No,2.0,1.0,-38.42829114,145.8205672,SOUTH GIPPSLAND
T20160024719,Unknown,Clear,Fall from or in moving vehicle,Friday,Day,999,2016/11/11,14:00:00,No,1.0,1.0,-37.17363055,144.2064936,MOUNT ALEXANDER
T20160024727,Dry,Clear,Collision with vehicle,Wednesday,Day,60,2016/11/16,18:02:00,Yes,2.0,1.0,-37.7376913,142.0183066,SOUTHERN GRAMPIANS
T20160024730,Dry,Clear,Collision with vehicle,Wednesday,Day,110,2016/11/16,16:35:00,No,3.0,2.0,-36.10068086,146.908901,WODONGA
T20160024734,Dry,Clear,Collision with vehicle,Wednesday,Day,50,2016/11/16,16:40:00,No,2.0,1.0,-36.38064059,145.4035442,GREATER SHEPPARTON
T20160024737,Dry,Clear,Collision with a fixed object,Wednesday,Day,60,2016/11/16,18:30:00,Yes,1.0,1.0,-38.14308832,145.8613234,BAW BAW
T20160024748,Dry,Clear,Collision with a fixed object,Wednesday,Day,80,2016/11/16,19:15:00,Yes,1.0,1.0,-38.03431884,144.3670177,GREATER GEELONG
T20160024754,Dry,Clear,Collision with a fixed object,Thursday,Dark No street lights,100,2016/11/17,01:30:00,Yes,1.0,1.0,-36.65231931,144.3869201,GREATER BENDIGO
T20160024762,Unknown,Not known,Collision with vehicle,Thursday,Day,70,2016/09/22,08:15:00,No,2.0,1.0,-38.18157922,144.348788,GREATER GEELONG
T20160024765,Unknown,Not known,Collision with a fixed object,Tuesday,Unknown,999,2016/10/25,16:20:00,No,1.0,1.0,-38.3454316,144.160852,SURF COAST
T20160024773,Dry,Clear,Collision with vehicle,Wednesday,Day,50,2016/11/16,17:00:00,No,3.0,1.0,-37.67020052,144.4370042,MOORABOOL
T20160024775,Dry,Clear,Vehicle overturned (no collision),Wednesday,Dark No street lights,100,2016/11/16,23:00:00,Yes,4.0,4.0,-38.34403873,143.1156905,CORANGAMITE
T20160024776,Unknown,Clear,No collision and no object struck,Saturday,Day,999,2016/10/29,14:00:00,Yes,1.0,1.0,-38.26523192,145.8792576,BAW BAW
T20160024794,Unknown,Not known,Vehicle overturned (no collision),Wednesday,Day,999,2016/11/02,15:00:00,No,3.0,2.0,-38.14656058,144.3675197,GREATER GEELONG
T20160024798,Dry,Clear,Collision with vehicle,Thursday,Day,100,2016/11/17,11:40:00,No,5.0,4.0,-36.05883549,146.4317291,INDIGO
T20160024800,Dry,Clear,Collision with vehicle,Thursday,Day,60,2016/11/17,06:15:00,No,2.0,1.0,-38.04873455,144.1997434,GOLDEN PLAINS
T20160024808,Dry,Clear,Vehicle overturned (no collision),Thursday,Day,80,2016/11/17,13:11:00,No,1.0,1.0,-38.35657789,144.0553114,SURF COAST
T20160024809,Dry,Clear,No collision and no object struck,Thursday,Day,100,2016/11/17,14:10:00,No,1.0,1.0,-38.18096861,144.2994415,GREATER GEELONG
T20160024813,Wet,Raining,Vehicle overturned (no collision),Saturday,Day,999,2016/11/12,11:00:00,No,1.0,1.0,-36.81951089,146.955872,ALPINE
T20160024826,Dry,Clear,Struck Pedestrian,Thursday,Day,60,2016/11/17,15:15:00,No,2.0,1.0,-37.55922279,143.8552548,BALLARAT
T20160024828,Dry,Clear,Collision with vehicle,Thursday,Day,100,2016/11/17,15:45:00,No,3.0,3.0,-37.58121252,143.640483,PYRENEES
T20160024829,Dry,Clear,Struck Pedestrian,Thursday,Day,50,2016/11/17,17:25:00,No,2.0,1.0,-37.24583658,144.4538734,MACEDON RANGES
T20160024834,Dry,Clear,Collision with a fixed object,Thursday,Day,80,2016/11/17,18:05:00,Yes,1.0,1.0,-36.34216005,146.3386695,WANGARATTA
T20160024842,Dry,Clear,Collision with vehicle,Thursday,Day,60,2016/11/17,15:20:00,No,5.0,1.0,-37.14946569,142.8499035,NORTHERN GRAMPIANS
T20160024844,Dry,Clear,No collision and no object struck,Thursday,Day,50,2016/11/17,16:30:00,No,2.0,1.0,-36.75578287,144.292106,GREATER BENDIGO
T20160024848,Dry,Clear,Collision with a fixed object,Thursday,Dark No street lights,110,2016/11/17,21:30:00,Yes,1.0,1.0,-38.18414824,146.2761927,LATROBE
T20160024853,Dry,Not known,Struck animal,Thursday,Unknown,100,2016/11/03,14:45:00,No,1.0,1.0,-38.4591103,142.7702825,MOYNE
T20160024864,Dry,Clear,Collision with vehicle,Friday,Day,80,2016/10/14,09:00:00,No,2.0,1.0,-37.80012973,147.6347514,EAST GIPPSLAND
T20160024891,Dry,Clear,Collision with vehicle,Friday,Day,50,2016/11/18,11:47:00,No,3.0,2.0,-37.88806243,147.8570856,EAST GIPPSLAND
T20160024897,Dry,Clear,Collision with vehicle,Friday,Day,60,2016/11/04,15:40:00,No,6.0,2.0,-36.36280999,145.4022942,GREATER SHEPPARTON
T20160024903,Dry,Clear,Struck Pedestrian,Friday,Day,60,2016/11/18,18:30:00,Yes,3.0,1.0,-38.37000156,142.4953697,WARRNAMBOOL
T20160024914,Dry,Clear,Collision with vehicle,Friday,Day,60,2016/11/18,16:39:00,No,4.0,2.0,-38.02436789,144.3961157,GREATER GEELONG
T20160024916,Dry,Clear,Collision with vehicle,Friday,Day,50,2016/11/18,16:40:00,Yes,1.0,1.0,-37.01755881,145.1494996,MITCHELL
T20160024920,Dry,Clear,Collision with a fixed object,Friday,Day,100,2016/11/18,17:30:00,Yes,1.0,1.0,-36.05253464,147.2233452,TOWONG
T20160024937,Wet,Not known,Collision with a fixed object,Saturday,Day,100,2016/10/08,09:30:00,No,2.0,1.0,-35.88882427,145.3587356,MOIRA
T20160024938,Dry,Clear,Collision with vehicle,Wednesday,Day,70,2016/11/16,18:00:00,Yes,2.0,1.0,-38.17315032,144.4010299,GREATER GEELONG
T20160024940,Dry,Clear,Collision with a fixed object,Sunday,Dark No street lights,40,2016/11/13,02:00:00,Yes,2.0,1.0,-36.73146304,147.1864792,ALPINE
T20160024942,Dry,Clear,No collision and no object struck,Saturday,Day,999,2016/10/29,11:00:00,No,1.0,1.0,-37.49102164,144.4774525,MACEDON RANGES
T20160024944,Dry,Clear,Collision with vehicle,Saturday,Day,100,2016/11/19,10:30:00,No,3.0,3.0,-38.17782835,144.6097903,GREATER GEELONG
T20160024949,Dry,Clear,Collision with vehicle,Saturday,Day,60,2016/11/19,12:00:00,No,4.0,2.0,-38.34416401,143.5804525,COLAC OTWAY
T20160024953,Dry,Clear,Collision with vehicle,Saturday,Day,50,2016/11/19,13:15:00,No,2.0,1.0,-37.48783584,144.5902109,MACEDON RANGES
T20160024957,Dry,Clear,Collision with vehicle,Saturday,Day,50,2016/11/19,15:00:00,Yes,7.0,2.0,-36.79559682,144.2441949,GREATER BENDIGO
T20160024959,Dry,Clear,Collision with a fixed object,Saturday,Day,100,2016/11/19,11:00:00,No,2.0,1.0,-37.84190111,146.0073203,BAW BAW
T20160024960,Dry,Clear,Collision with vehicle,Saturday,Day,70,2016/11/19,15:35:00,Yes,1.0,1.0,-36.14045884,144.7356102,CAMPASPE
T20160024980,Dry,Clear,Collision with a fixed object,Saturday,Day,100,2016/11/19,16:34:00,Yes,2.0,1.0,-37.21549922,144.4142635,MACEDON RANGES
T20160024986,Dry,Clear,Struck Pedestrian,Sunday,Dark No street lights,50,2016/11/20,01:15:00,Yes,2.0,1.0,-37.52590589,143.8309077,BALLARAT
T20160025000,Dry,Clear,Collision with vehicle,Wednesday,Dark Street lights on,60,2016/10/19,20:30:00,Yes,2.0,1.0,-36.74959657,144.3157931,GREATER BENDIGO
T20160025001,Dry,Clear,Collision with vehicle,Saturday,Day,60,2016/11/19,17:50:00,Yes,3.0,1.0,-38.08259973,144.346543,GREATER GEELONG
T20160025002,Dry,Clear,Vehicle overturned (no collision),Sunday,Day,100,2016/11/20,07:25:00,No,1.0,1.0,-37.61252008,144.4704882,MOORABOOL
T20160025013,Dry,Clear,Collision with a fixed object,Sunday,Day,100,2016/11/20,06:37:00,Yes,1.0,1.0,-37.40976908,143.9712304,HEPBURN
T20160025014,Dry,Clear,Collision with vehicle,Sunday,Day,80,2016/11/20,12:05:00,No,3.0,2.0,-38.17693796,146.3375684,LATROBE
T20160025017,Dry,Clear,Collision with vehicle,Sunday,Day,100,2016/11/20,11:02:00,No,2.0,1.0,-37.69451691,148.7255896,EAST GIPPSLAND
T20160025019,Dry,Clear,Vehicle overturned (no collision),Saturday,Dark No street lights,110,2016/11/19,22:35:00,Yes,1.0,1.0,-38.20957523,146.1407896,BAW BAW
T20160025023,Dry,Clear,Collision with a fixed object,Sunday,Day,60,2016/11/20,11:35:00,No,1.0,1.0,-37.60402629,143.8636785,BALLARAT
T20160025026,Dry,Clear,Collision with vehicle,Sunday,Day,80,2016/11/20,12:55:00,No,3.0,1.0,-37.70548409,144.4578785,MOORABOOL
T20160025028,Dry,Clear,Fall from or in moving vehicle,Saturday,Day,100,2016/11/19,17:45:00,Yes,3.0,1.0,-37.72085146,144.0894497,MOORABOOL
T20160025032,Wet,Not known,Collision with a fixed object,Monday,Dusk/Dawn,100,2016/11/07,07:15:00,No,1.0,1.0,-37.07183963,144.1339269,MOUNT ALEXANDER
T20160025033,Dry,Clear,Collision with a fixed object,Sunday,Day,60,2016/11/20,13:35:00,No,2.0,2.0,-37.4778706,143.7997575,BALLARAT
T20160025039,Dry,Not known,Struck animal,Saturday,Dark No street lights,100,2016/02/27,21:15:00,Yes,1.0,1.0,-38.38230873,145.7360377,SOUTH GIPPSLAND
T20160025047,Dry,Clear,Collision with vehicle,Sunday,Day,60,2016/11/20,18:00:00,No,1.0,1.0,-37.56913102,143.8815499,BALLARAT
T20160025048,Dry,Clear,collision with some other object,Sunday,Day,999,2016/11/20,15:05:00,No,1.0,1.0,-37.44238328,145.3388901,MURRINDINDI
T20160025049,Dry,Clear,Collision with a fixed object,Sunday,Day,100,2016/11/20,16:00:00,Yes,1.0,1.0,-38.50205014,146.8348297,WELLINGTON
T20160025051,Dry,Clear,Collision with vehicle,Sunday,Day,100,2016/11/20,15:50:00,No,4.0,1.0,-37.15071297,144.5053265,MOUNT ALEXANDER
T20160025057,Dry,Clear,Collision with a fixed object,Sunday,Day,100,2016/11/20,15:27:00,No,1.0,1.0,-37.82844761,147.9794236,EAST GIPPSLAND
T20160025074,Dry,Clear,Collision with a fixed object,Monday,Dark No street lights,110,2016/11/21,03:00:00,Yes,1.0,1.0,-36.08155054,146.7343612,WODONGA
T20160025082,Wet,Clear,Vehicle overturned (no collision),Wednesday,Day,100,2016/10/05,10:05:00,No,2.0,1.0,-38.20235943,143.176349,CORANGAMITE
T20160025083,Dry,Clear,Collision with vehicle,Sunday,Dusk/Dawn,60,2016/11/20,20:00:00,Yes,5.0,2.0,-36.36571491,141.1591512,WEST WIMMERA
T20160025085,Wet,Not known,Collision with vehicle,Thursday,Day,60,2016/10/20,10:30:00,No,2.0,1.0,-38.15934976,144.386278,GREATER GEELONG
T20160025093,Dry,Clear,Collision with a fixed object,Monday,Dark No street lights,80,2016/11/21,00:15:00,Yes,1.0,1.0,-37.88168825,146.9634939,WELLINGTON
T20160025095,Dry,Clear,Collision with vehicle,Monday,Day,70,2016/11/21,07:20:00,No,2.0,1.0,-37.55412027,143.8150398,BALLARAT
T20160025099,Dry,Clear,Collision with vehicle,Monday,Day,100,2016/11/21,08:30:00,No,5.0,4.0,-36.37094115,144.1330053,LODDON
T20160025104,Dry,Clear,Collision with vehicle,Monday,Day,50,2016/11/21,11:35:00,No,2.0,1.0,-36.37973683,145.4050307,GREATER SHEPPARTON
T20160025107,Dry,Clear,Collision with a fixed object,Sunday,Day,80,2016/11/06,13:00:00,No,2.0,1.0,-37.41476003,144.91952,MITCHELL
T20160025112,Unknown,Clear,No collision and no object struck,Monday,Day,100,2016/11/07,17:00:00,No,1.0,1.0,-37.096529,146.3659943,MANSFIELD
T20160025117,Dry,Not known,Vehicle overturned (no collision),Monday,Day,999,2016/11/21,10:00:00,Yes,1.0,1.0,-37.83364129,146.4817804,BAW BAW
T20160025133,Dry,Clear,Collision with vehicle,Monday,Day,100,2016/11/21,14:02:00,No,3.0,3.0,-36.24972001,145.4317814,GREATER SHEPPARTON
T20160025135,Unknown,Not known,Collision with vehicle,Wednesday,Unknown,60,2016/08/17,13:20:00,No,2.0,1.0,-38.10934846,147.0684027,WELLINGTON
T20160025136,Dry,Clear,Collision with a fixed object,Monday,Dusk/Dawn,100,2016/11/21,05:00:00,Yes,1.0,1.0,-37.52376056,146.2153353,MANSFIELD