Accident_No,Surface_Cond_Desc,Atmosph_Cond_Desc,Accident_Type_Desc,Day,Light_Condition_Desc,Speed_Zone,Accident_Date,Accident_Time,Alcohol_Influence,Total_Persons_Inv,Inj_Or_Fatal,Lat,Long,LGA
T20160025140,Wet,Raining,Collision with a fixed object,Monday,Day,50,2016/11/21,18:05:00,Yes,1.0,1.0,-36.36545276,146.3170487,WANGARATTA
T20160025142,Dry,Clear,Collision with a fixed object,Saturday,Dark No street lights,100,2016/11/19,04:00:00,Yes,1.0,1.0,-37.92777881,147.0902417,WELLINGTON
T20160025143,Wet,Raining,Collision with a fixed object,Monday,Day,60,2016/11/21,18:18:00,Yes,1.0,1.0,-38.16156205,144.3111807,GREATER GEELONG
T20160025149,Unknown,Clear,Collision with vehicle,Friday,Day,60,2016/06/17,09:00:00,No,2.0,1.0,-38.10940979,144.3436783,GREATER GEELONG
T20160025152,Dry,Clear,Collision with vehicle,Monday,Day,999,2016/11/21,15:30:00,No,2.0,1.0,-36.35453824,146.323728,WANGARATTA
T20160025159,Wet,Raining,Vehicle overturned (no collision),Tuesday,Dark Street lights on,60,2016/11/22,03:52:00,Yes,1.0,1.0,-36.74768097,144.2793292,GREATER BENDIGO
T20160025162,Wet,Raining,Collision with a fixed object,Tuesday,Dark Street lights on,60,2016/11/22,05:10:00,Yes,1.0,1.0,-38.15382918,144.3759304,GREATER GEELONG
T20160025166,Wet,Raining,Collision with vehicle,Tuesday,Dark Street lights on,60,2016/11/22,03:20:00,Yes,2.0,1.0,-37.28685853,144.9490676,MITCHELL
T20160025170,Dry,Clear,Collision with vehicle,Monday,Day,60,2016/11/21,18:15:00,Yes,6.0,1.0,-38.63098191,145.7254961,BASS COAST
T20160025178,Dry,Clear,Collision with vehicle,Thursday,Day,110,2016/09/29,11:50:00,No,2.0,1.0,-37.00188691,144.2490617,MOUNT ALEXANDER
T20160025179,Wet,Raining,No collision and no object struck,Tuesday,Day,50,2016/11/22,09:45:00,No,2.0,1.0,-37.82563574,147.6154858,EAST GIPPSLAND
T20160025180,Dry,Clear,collision with some other object,Monday,Dark No street lights,100,2016/11/21,21:30:00,Yes,3.0,1.0,-36.09341099,144.6680115,CAMPASPE
T20160025185,Dry,Clear,Collision with a fixed object,Tuesday,Day,100,2016/11/22,08:05:00,No,1.0,1.0,-38.15223335,142.2402905,MOYNE
T20160025187,Dry,Clear,Collision with vehicle,Friday,Day,100,2016/11/18,15:35:00,No,3.0,2.0,-36.41746949,145.6314102,GREATER SHEPPARTON
T20160025204,Dry,Clear,No collision and no object struck,Monday,Day,999,2016/11/21,12:00:00,No,1.0,1.0,-36.85677955,146.3315816,WANGARATTA
T20160025221,Dry,Dust,No collision and no object struck,Sunday,Day,100,2016/11/20,12:00:00,No,1.0,1.0,-37.67559284,147.8158408,EAST GIPPSLAND
T20160025229,Dry,Clear,Collision with vehicle,Friday,Day,60,2016/11/18,15:50:00,No,2.0,1.0,-37.53222099,143.8235531,BALLARAT
T20160025230,Wet,Clear,Collision with a fixed object,Tuesday,Day,100,2016/11/22,14:00:00,No,1.0,1.0,-38.22741005,146.1596783,BAW BAW
T20160025234,Dry,Clear,Collision with a fixed object,Monday,Day,999,2016/11/21,15:20:00,No,1.0,1.0,-38.26403191,146.7116699,WELLINGTON
T20160025239,Wet,Raining,Collision with vehicle,Sunday,Day,70,2016/11/13,13:15:00,No,2.0,1.0,-38.56380766,145.5427794,BASS COAST
T20160025241,Unknown,Not known,Collision with a fixed object,Sunday,Unknown,999,2016/08/28,17:00:00,Yes,1.0,1.0,-37.14349087,143.6528599,CENTRAL GOLDFIELDS
T20160025244,Wet,Raining,Collision with vehicle,Tuesday,Day,80,2016/11/22,13:30:00,No,2.0,2.0,-38.44745876,145.8300232,SOUTH GIPPSLAND
T20160025249,Wet,Raining,Collision with vehicle,Tuesday,Day,100,2016/11/22,14:55:00,No,2.0,2.0,-37.56060037,144.191599,MOORABOOL
T20160025271,Wet,Raining,Vehicle overturned (no collision),Tuesday,Day,60,2016/11/22,05:50:00,Yes,1.0,1.0,-36.39544063,145.3663796,GREATER SHEPPARTON
T20160025282,Dry,Clear,Collision with a fixed object,Wednesday,Day,110,2016/11/23,06:40:00,No,2.0,2.0,-37.68137773,144.4693431,MOORABOOL
T20160025290,Dry,Clear,Collision with vehicle,Wednesday,Day,60,2016/11/23,09:22:00,No,3.0,1.0,-36.78869904,144.2408315,GREATER BENDIGO
T20160025300,Wet,Clear,No collision and no object struck,Monday,Day,50,2016/11/21,18:30:00,Yes,2.0,1.0,-36.01503739,146.0045014,MOIRA
T20160025302,Wet,Raining,Collision with a fixed object,Tuesday,Dark Street lights on,60,2016/11/22,20:15:00,Yes,1.0,1.0,-36.75764594,144.2905061,GREATER BENDIGO
T20160025303,Unknown,Not known,Collision with vehicle,Tuesday,Unknown,60,2016/05/24,18:00:00,Yes,4.0,1.0,-36.74299187,144.2582597,GREATER BENDIGO
T20160025318,Dry,Clear,No collision and no object struck,Wednesday,Day,70,2016/11/23,14:47:00,No,1.0,1.0,-37.32951937,144.4163008,MACEDON RANGES
T20160025335,Dry,Clear,Collision with vehicle,Wednesday,Day,60,2016/11/23,19:00:00,Yes,3.0,2.0,-38.35578025,143.5832122,COLAC OTWAY
T20160025337,Dry,Clear,Collision with vehicle,Wednesday,Day,60,2016/11/23,17:25:00,No,2.0,1.0,-37.33996301,144.1575229,HEPBURN
T20160025338,Dry,Dust,collision with some other object,Sunday,Day,999,2016/11/20,11:15:00,No,1.0,1.0,-38.32603498,146.4979201,LATROBE
T20160025349,Dry,Clear,Collision with vehicle,Wednesday,Dark Street lights on,50,2016/11/23,20:48:00,Yes,2.0,1.0,-38.1060679,144.3514488,GREATER GEELONG
T20160025350,Dry,Not known,Collision with a fixed object,Saturday,Dusk/Dawn,100,2016/11/19,17:30:00,Yes,1.0,1.0,-36.61308008,144.2462703,GREATER BENDIGO
T20160025356,Dry,Clear,Collision with a fixed object,Thursday,Dark No street lights,100,2016/11/24,01:30:00,Yes,1.0,1.0,-36.84807176,144.0372097,LODDON
T20160025359,Dry,Clear,Collision with a fixed object,Thursday,Dark No street lights,100,2016/11/24,02:30:00,Yes,1.0,1.0,-36.40989292,146.2499395,WANGARATTA
T20160025378,Wet,Raining,Collision with a fixed object,Wednesday,Day,100,2016/11/23,16:25:00,No,1.0,1.0,-38.43633694,146.2147987,SOUTH GIPPSLAND
T20160025389,Dry,Clear,Collision with vehicle,Thursday,Day,60,2016/11/24,11:55:00,No,1.0,1.0,-37.57069945,143.8850067,BALLARAT
T20160025391,Unknown,Not known,Vehicle overturned (no collision),Sunday,Unknown,999,2016/10/30,11:30:00,No,1.0,1.0,-37.25015926,144.6196072,MACEDON RANGES
T20160025393,Dry,Clear,Struck animal,Sunday,Day,100,2016/11/20,17:30:00,Yes,1.0,1.0,-36.88784019,141.958932,HORSHAM
T20160025402,Dry,Clear,Collision with vehicle,Wednesday,Day,60,2016/11/23,16:50:00,No,3.0,2.0,-36.34771307,146.336148,WANGARATTA
T20160025408,Unknown,Not known,Struck Pedestrian,Sunday,Dusk/Dawn,999,2016/10/09,17:00:00,Yes,2.0,1.0,-38.33673219,143.7846888,COLAC OTWAY
T20160025416,Wet,Fog,Collision with a fixed object,Saturday,Day,40,2016/11/12,12:30:00,No,1.0,1.0,-36.95639959,147.059238,ALPINE
T20160025417,Dry,Clear,Collision with vehicle,Thursday,Day,100,2016/11/24,16:04:00,No,4.0,1.0,-34.26062677,142.1803105,MILDURA
T20160025432,Dry,Clear,Collision with vehicle,Thursday,Day,80,2016/11/24,15:35:00,No,3.0,1.0,-38.12759062,144.626578,GREATER GEELONG
T20160025443,Dry,Clear,Collision with vehicle,Friday,Dark No street lights,60,2016/11/25,00:34:00,Yes,2.0,1.0,-37.29951131,143.7832728,HEPBURN
T20160025449,Unknown,Clear,Collision with vehicle,Saturday,Day,999,2016/11/19,12:30:00,No,4.0,2.0,-37.73635267,146.4687401,BAW BAW
T20160025451,Dry,Clear,collision with some other object,Friday,Dusk/Dawn,40,2016/11/25,06:56:00,No,1.0,1.0,-37.47211079,144.5925397,MACEDON RANGES
T20160025455,Dry,Clear,Collision with a fixed object,Friday,Day,100,2016/11/25,09:10:00,No,1.0,1.0,-36.76544961,144.1682397,GREATER BENDIGO
T20160025459,Dry,Clear,Collision with vehicle,Friday,Day,60,2016/11/25,07:45:00,No,3.0,1.0,-38.17453326,144.3352789,GREATER GEELONG
T20160025467,Dry,Clear,No collision and no object struck,Sunday,Day,100,2016/11/20,13:30:00,No,1.0,1.0,-37.16037824,142.4964999,NORTHERN GRAMPIANS
T20160025481,Unknown,Clear,Struck Pedestrian,Tuesday,Day,999,2016/11/15,15:30:00,No,2.0,1.0,-36.75602953,144.2662801,GREATER BENDIGO
T20160025483,Dry,Clear,Collision with vehicle,Friday,Day,100,2016/11/25,11:40:00,No,2.0,1.0,-36.52012579,147.371245,TOWONG
T20160025497,Dry,Not known,Vehicle overturned (no collision),Thursday,Day,100,2016/10/20,12:06:00,No,1.0,1.0,-36.83102763,147.7085292,EAST GIPPSLAND
T20160025504,Dry,Not known,Vehicle overturned (no collision),Tuesday,Day,999,2016/10/25,15:00:00,No,1.0,1.0,-36.2614385,147.9726566,TOWONG
T20160025514,Dry,Clear,Collision with a fixed object,Tuesday,Day,100,2016/11/22,14:30:00,No,1.0,1.0,-36.52144442,146.5777936,WANGARATTA
T20160025521,Dry,Clear,Collision with vehicle,Friday,Dark Street lights on,50,2016/11/25,21:15:00,Yes,2.0,1.0,-38.17154888,144.3839667,GREATER GEELONG
T20160025539,Dry,Clear,Collision with vehicle,Friday,Day,60,2016/11/25,17:00:00,Yes,3.0,1.0,-36.39695083,145.3419211,GREATER SHEPPARTON
T20160025545,Dry,Clear,Vehicle overturned (no collision),Friday,Day,999,2016/11/25,08:50:00,No,3.0,2.0,-36.61939967,146.1887027,BENALLA
T20160025558,Dry,Raining,No collision and no object struck,Saturday,Day,100,2016/11/26,11:00:00,No,1.0,1.0,-38.3617505,145.9802721,SOUTH GIPPSLAND
T20160025562,Dry,Clear,Collision with a fixed object,Saturday,Day,110,2016/11/26,13:05:00,No,1.0,1.0,-36.40438133,146.29121,WANGARATTA
T20160025563,Dry,Clear,No collision and no object struck,Saturday,Day,100,2016/11/26,11:45:00,No,2.0,2.0,-36.82513828,144.2760635,GREATER BENDIGO
T20160025572,Dry,Clear,Collision with a fixed object,Saturday,Day,100,2016/11/26,12:35:00,No,1.0,1.0,-36.93259398,146.2135423,MANSFIELD
T20160025574,Dry,Clear,Collision with vehicle,Monday,Day,60,2016/11/21,10:15:00,No,4.0,1.0,-36.40893846,145.3933059,GREATER SHEPPARTON
T20160025579,Dry,Clear,Collision with vehicle,Saturday,Day,100,2016/11/26,09:15:00,No,2.0,1.0,-37.46044584,144.8043807,MACEDON RANGES
T20160025591,Dry,Clear,Collision with a fixed object,Saturday,Day,100,2016/11/26,14:30:00,No,4.0,2.0,-36.29991525,143.0831582,BULOKE
T20160025592,Dry,Clear,Collision with vehicle,Saturday,Day,60,2016/11/26,17:30:00,Yes,7.0,3.0,-38.16170392,144.3541106,GREATER GEELONG
T20160025593,Dry,Clear,Collision with vehicle,Saturday,Day,100,2016/11/26,16:55:00,Yes,2.0,2.0,-38.26671642,144.4562609,GREATER GEELONG
T20160025596,Dry,Clear,Collision with vehicle,Saturday,Day,60,2016/11/26,18:27:00,Yes,2.0,1.0,-36.31352594,145.0407411,CAMPASPE
T20160025607,Unknown,Not known,Vehicle overturned (no collision),Friday,Unknown,80,2016/11/25,23:30:00,Yes,1.0,1.0,-37.36277757,144.5587409,MACEDON RANGES
T20160025619,Dry,Clear,Collision with a fixed object,Sunday,Dark No street lights,100,2016/11/27,05:00:00,Yes,1.0,1.0,-37.3470412,144.6622611,MACEDON RANGES
T20160025623,Dry,Clear,Collision with vehicle,Saturday,Day,50,2016/11/26,14:45:00,Yes,3.0,2.0,-38.14486913,144.36047,GREATER GEELONG
T20160025628,Unknown,Not known,Struck animal,Sunday,Unknown,110,2016/11/20,05:55:00,No,2.0,2.0,-37.4985493,144.6102809,MACEDON RANGES
T20160025629,Dry,Clear,Vehicle overturned (no collision),Saturday,Day,100,2016/11/26,17:10:00,Yes,1.0,1.0,-34.33028971,142.1542909,MILDURA
T20160025632,Dry,Clear,Vehicle overturned (no collision),Sunday,Day,100,2016/11/27,10:45:00,No,1.0,1.0,-36.33078763,146.4523793,WANGARATTA
T20160025636,Dry,Clear,No collision and no object struck,Saturday,Day,100,2016/11/26,17:15:00,Yes,1.0,1.0,-37.52903001,145.868179,LAKE MOUNTAIN ALPINE RESORT (UNINC)
T20160025643,Dry,Clear,No collision and no object struck,Sunday,Day,110,2016/11/27,13:10:00,No,1.0,1.0,-36.1169377,146.6650775,INDIGO
T20160025652,Dry,Clear,Collision with vehicle,Sunday,Day,60,2016/11/27,16:40:00,Yes,7.0,7.0,-38.5476712,143.985616,SURF COAST
T20160025654,Dry,Clear,Collision with vehicle,Sunday,Day,100,2016/11/27,13:50:00,No,8.0,2.0,-36.17153987,147.0345404,WODONGA
T20160025667,Dry,Clear,Collision with vehicle,Sunday,Dark No street lights,100,2016/11/27,21:20:00,Yes,3.0,2.0,-36.35775397,145.1319602,GREATER SHEPPARTON
T20160025674,Dry,Clear,Collision with vehicle,Monday,Dark No street lights,100,2016/11/28,00:10:00,Yes,3.0,3.0,-36.49906272,145.3885912,GREATER SHEPPARTON
T20160025683,Dry,Clear,Vehicle overturned (no collision),Monday,Day,100,2016/11/28,07:15:00,No,1.0,1.0,-38.50347087,145.6190323,BASS COAST
T20160025690,Dry,Clear,Collision with vehicle,Monday,Unknown,60,2016/11/28,11:35:00,No,2.0,1.0,-37.57275161,143.8366305,BALLARAT
T20160025696,Dry,Clear,Collision with a fixed object,Monday,Day,60,2016/11/28,08:40:00,No,1.0,1.0,-38.1273858,141.6350907,GLENELG
T20160025709,Dry,Clear,Collision with vehicle,Monday,Day,80,2016/11/28,13:45:00,No,2.0,2.0,-38.0988486,144.3552524,GREATER GEELONG
T20160025722,Dry,Clear,Vehicle overturned (no collision),Saturday,Day,100,2016/10/29,13:00:00,No,1.0,1.0,-36.33430977,147.2973095,TOWONG
T20160025723,Dry,Dust,No collision and no object struck,Sunday,Day,100,2016/11/27,15:00:00,No,1.0,1.0,-37.49102164,144.4774525,MACEDON RANGES
T20160025729,Dry,Clear,Struck Pedestrian,Monday,Day,60,2016/11/28,15:40:00,No,1.0,1.0,-38.16695105,144.7170165,GREATER GEELONG
T20160025739,Unknown,Clear,Collision with vehicle,Thursday,Day,999,2016/11/24,07:15:00,No,2.0,1.0,-36.75049749,144.3175906,GREATER BENDIGO
T20160025745,Dry,Clear,Collision with vehicle,Tuesday,Day,60,2016/11/29,07:25:00,No,2.0,1.0,-36.72811216,144.2630062,GREATER BENDIGO
T20160025746,Dry,Clear,Collision with vehicle,Monday,Day,100,2016/11/28,14:15:00,No,4.0,4.0,-38.22608407,142.8950189,CORANGAMITE
T20160025761,Wet,Clear,No collision and no object struck,Tuesday,Day,60,2016/11/29,09:20:00,No,1.0,1.0,-36.76912353,144.2920962,GREATER BENDIGO
T20160025765,Dry,Clear,Collision with vehicle,Tuesday,Day,60,2016/11/29,09:10:00,No,8.0,1.0,-38.37469992,142.4560078,WARRNAMBOOL
T20160025768,Dry,Clear,Collision with vehicle,Tuesday,Day,60,2016/11/29,12:56:00,No,4.0,3.0,-36.55568573,145.9677832,BENALLA
T20160025775,Dry,Clear,Collision with vehicle,Tuesday,Day,60,2016/11/29,11:30:00,No,2.0,2.0,-37.27772705,144.7366844,MACEDON RANGES
T20160025802,Dry,Clear,Collision with vehicle,Tuesday,Day,100,2016/11/29,13:45:00,No,3.0,3.0,-37.616103,141.3324137,GLENELG
T20160025803,Dry,Clear,Collision with vehicle,Tuesday,Day,50,2016/11/29,15:00:00,No,2.0,1.0,-38.37813456,142.4846578,WARRNAMBOOL
T20160025807,Dry,Clear,Struck Pedestrian,Tuesday,Day,50,2016/11/29,17:45:00,No,2.0,1.0,-37.82434,147.63143,EAST GIPPSLAND
T20160025810,Dry,Clear,Collision with vehicle,Tuesday,Dark Street lights on,60,2016/11/29,21:50:00,Yes,2.0,1.0,-38.37638227,142.4798958,WARRNAMBOOL
T20160025830,Dry,Clear,Collision with a fixed object,Monday,Day,100,2016/11/28,20:15:00,Yes,1.0,1.0,-38.29896079,146.4180266,LATROBE
T20160025835,Dry,Clear,Collision with vehicle,Sunday,Day,50,2016/11/06,15:00:00,No,2.0,1.0,-38.07658993,144.3430122,GREATER GEELONG
T20160025838,Dry,Clear,Vehicle overturned (no collision),Wednesday,Day,100,2016/11/30,10:20:00,No,1.0,1.0,-36.56144081,144.0773982,LODDON
T20160025842,Unknown,Not known,No collision and no object struck,Friday,Day,100,2016/10/07,13:00:00,No,1.0,1.0,-37.37548605,147.5398224,EAST GIPPSLAND
T20160025856,Dry,Clear,Collision with a fixed object,Wednesday,Day,50,2016/11/30,13:10:00,No,1.0,1.0,-37.86156931,144.1294788,GOLDEN PLAINS
T20160025860,Dry,Clear,Collision with a fixed object,Wednesday,Day,100,2016/11/30,14:00:00,No,1.0,1.0,-37.22662062,144.5887295,MACEDON RANGES
T20160025870,Dry,Clear,Collision with vehicle,Wednesday,Day,50,2016/11/30,17:20:00,No,4.0,4.0,-38.22835402,146.4146347,LATROBE
T20160025871,Dry,Clear,Collision with vehicle,Sunday,Day,110,2016/11/20,09:15:00,No,2.0,1.0,-37.68870372,144.5061896,MOORABOOL
T20160025876,Dry,Clear,Struck Pedestrian,Wednesday,Dark No street lights,80,2016/11/30,21:10:00,Yes,2.0,1.0,-37.41724106,144.9869098,MITCHELL
T20160025880,Dry,Clear,Vehicle overturned (no collision),Wednesday,Day,60,2016/11/30,19:00:00,Yes,2.0,2.0,-38.11655103,143.3148613,CORANGAMITE
T20160025883,Dry,Clear,Collision with vehicle,Wednesday,Day,100,2016/11/30,13:30:00,No,6.0,4.0,-38.17521482,146.5637304,LATROBE
T20160025894,Dry,Clear,Collision with a fixed object,Wednesday,Day,100,2016/11/30,18:30:00,Yes,2.0,2.0,-37.26550862,145.274531,MURRINDINDI
T20160025903,Dry,Clear,Collision with a fixed object,Thursday,Dark No street lights,100,2016/12/01,04:20:00,Yes,1.0,1.0,-36.66459182,144.2168663,GREATER BENDIGO
T20160025905,Dry,Clear,Collision with vehicle,Thursday,Day,100,2016/12/01,08:15:00,No,3.0,3.0,-37.52489653,143.9917052,MOORABOOL
T20160025906,Wet,Raining,Collision with vehicle,Tuesday,Day,60,2016/11/22,13:39:00,No,2.0,1.0,-38.24146541,146.125237,BAW BAW
T20160025907,Dry,Clear,Collision with vehicle,Thursday,Day,60,2016/12/01,10:00:00,No,3.0,3.0,-38.20119613,144.3267625,GREATER GEELONG
T20160025910,Dry,Clear,Collision with vehicle,Thursday,Day,60,2016/12/01,11:00:00,No,2.0,1.0,-38.18390242,146.5218797,LATROBE
T20160025911,Dry,Clear,Collision with a fixed object,Thursday,Day,100,2016/12/01,07:36:00,No,1.0,1.0,-36.81193117,142.41678,HORSHAM
T20160025915,Dry,Clear,Struck Pedestrian,Thursday,Day,60,2016/12/01,13:00:00,No,3.0,1.0,-38.38297506,142.4904536,WARRNAMBOOL
T20160025918,Dry,Clear,Collision with vehicle,Thursday,Day,60,2016/12/01,08:36:00,No,2.0,1.0,-35.34761808,143.5554036,SWAN HILL
T20160025920,Dry,Clear,Collision with vehicle,Thursday,Day,100,2016/12/01,10:30:00,No,2.0,1.0,-37.66161604,142.2763478,SOUTHERN GRAMPIANS
T20160025923,Dry,Clear,Collision with a fixed object,Wednesday,Dark Street lights on,60,2016/11/30,21:40:00,Yes,1.0,1.0,-38.17078468,144.3770968,GREATER GEELONG
T20160025924,Dry,Clear,Struck Pedestrian,Thursday,Day,60,2016/12/01,13:30:00,No,2.0,1.0,-36.75890266,144.3053075,GREATER BENDIGO
T20160025925,Dry,Clear,Struck Pedestrian,Thursday,Day,60,2016/12/01,12:10:00,No,3.0,1.0,-37.56119845,143.8499403,BALLARAT
T20160025935,Dry,Clear,Collision with a fixed object,Friday,Dusk/Dawn,100,2016/06/03,20:00:00,Yes,1.0,1.0,-38.51855116,145.9518375,SOUTH GIPPSLAND
T20160025936,Dry,Clear,Collision with vehicle,Tuesday,Dark Street lights on,60,2016/10/11,17:50:00,No,2.0,1.0,-38.13066115,144.3383073,GREATER GEELONG
T20160025940,Dry,Clear,Collision with a fixed object,Thursday,Day,100,2016/12/01,14:49:00,No,1.0,1.0,-37.91941819,147.6206063,EAST GIPPSLAND
T20160025947,Dry,Clear,No collision and no object struck,Thursday,Day,100,2016/12/01,18:30:00,Yes,1.0,1.0,-37.46537848,145.4583799,MURRINDINDI
T20160025959,Dry,Clear,Vehicle overturned (no collision),Thursday,Day,100,2016/12/01,13:30:00,No,2.0,2.0,-36.19838079,145.8783888,MOIRA
T20160025969,Dry,Clear,Vehicle overturned (no collision),Friday,Dark No street lights,60,2016/12/02,02:34:00,Yes,1.0,1.0,-38.1431133,144.3146757,GREATER GEELONG
T20160025970,Dry,Clear,collision with some other object,Monday,Day,80,2016/10/03,07:00:00,Yes,1.0,1.0,-36.74513486,142.2204099,HORSHAM
T20160025974,Dry,Clear,Collision with a fixed object,Thursday,Day,100,2016/09/08,09:50:00,No,1.0,1.0,-37.729688,144.0519131,MOORABOOL
T20160025976,Dry,Clear,collision with some other object,Sunday,Day,100,2016/11/27,18:30:00,No,2.0,1.0,-37.74633006,143.9979399,MOORABOOL
T20160025977,Dry,Clear,No collision and no object struck,Saturday,Day,100,2016/11/26,13:00:00,No,1.0,1.0,-36.06390221,147.1799025,TOWONG
T20160025983,Dry,Clear,Collision with vehicle,Monday,Day,999,2016/10/31,16:45:00,No,2.0,1.0,-37.65546564,144.4496061,MOORABOOL
T20160025994,Dry,Not known,Struck Pedestrian,Friday,Dark Street lights unknown,50,2016/12/02,03:30:00,Yes,5.0,1.0,-38.44806261,145.24164,BASS COAST
T20160026012,Dry,Clear,Collision with vehicle,Friday,Day,100,2016/12/02,13:40:00,No,3.0,1.0,-36.77173172,144.3521107,GREATER BENDIGO
T20160026018,Dry,Clear,Collision with vehicle,Friday,Day,100,2016/12/02,14:50:00,No,2.0,1.0,-36.67973502,144.3763992,GREATER BENDIGO
T20160026019,Dry,Clear,Collision with vehicle,Friday,Day,60,2016/12/02,15:50:00,No,2.0,1.0,-38.40726678,144.186407,SURF COAST
T20160026020,Dry,Clear,Collision with a fixed object,Friday,Day,100,2016/12/02,15:00:00,No,1.0,1.0,-37.03798275,145.1785993,MITCHELL
T20160026021,Dry,Clear,Collision with vehicle,Friday,Day,100,2016/12/02,15:00:00,No,3.0,3.0,-37.59821853,144.258407,MOORABOOL
T20160026056,Dry,Clear,Collision with vehicle,Friday,Day,50,2016/12/02,16:00:00,No,2.0,1.0,-36.39295584,145.4012029,GREATER SHEPPARTON
T20160026057,Dry,Clear,Vehicle overturned (no collision),Friday,Dusk/Dawn,100,2016/12/02,19:43:00,Yes,1.0,1.0,-38.1589597,144.6998201,GREATER GEELONG
T20160026064,Dry,Clear,Collision with a fixed object,Friday,Dark No street lights,100,2016/12/02,22:25:00,Yes,1.0,1.0,-37.87788189,146.9669717,WELLINGTON
T20160026073,Dry,Clear,Collision with a fixed object,Saturday,Day,110,2016/12/03,07:00:00,Yes,1.0,1.0,-38.20454147,146.2985591,LATROBE
T20160026074,Dry,Clear,Collision with vehicle,Saturday,Day,999,2016/12/03,08:15:00,No,2.0,1.0,-38.37921021,142.4827697,WARRNAMBOOL
T20160026080,Dry,Clear,Collision with vehicle,Saturday,Day,60,2016/12/03,08:18:00,No,3.0,1.0,-35.33926633,143.5550973,SWAN HILL
T20160026085,Dry,Clear,Collision with vehicle,Friday,Day,60,2016/10/28,14:00:00,No,2.0,1.0,-37.02454471,143.7497183,CENTRAL GOLDFIELDS
T20160026091,Dry,Clear,Collision with a fixed object,Saturday,Day,100,2016/12/03,11:10:00,No,1.0,1.0,-36.05867898,147.2015524,TOWONG
T20160026092,Dry,Clear,Collision with a fixed object,Friday,Dark No street lights,100,2016/12/02,22:20:00,Yes,1.0,1.0,-37.41736295,144.5984295,MACEDON RANGES
T20160026101,Dry,Clear,Struck Pedestrian,Saturday,Day,50,2016/12/03,15:00:00,Yes,2.0,1.0,-35.72877546,143.9221599,GANNAWARRA
T20160026145,Dry,Clear,Collision with a fixed object,Sunday,Dark No street lights,50,2016/12/04,01:00:00,Yes,1.0,1.0,-37.58758888,141.3967424,GLENELG
T20160026146,Dry,Clear,Collision with a fixed object,Wednesday,Day,100,2016/11/30,05:15:00,Yes,2.0,2.0,-36.2990499,144.4816128,CAMPASPE
T20160026148,Dry,Clear,Collision with a fixed object,Sunday,Dark No street lights,80,2016/12/04,00:25:00,Yes,1.0,1.0,-38.28409021,146.2021199,BAW BAW
T20160026159,Dry,Clear,Struck Pedestrian,Saturday,Dark No street lights,50,2016/12/03,21:00:00,Yes,2.0,1.0,-37.50140158,143.8081796,BALLARAT
T20160026165,Dry,Clear,Collision with vehicle,Sunday,Day,100,2016/12/04,15:05:00,No,2.0,1.0,-37.75170802,147.7406274,EAST GIPPSLAND
T20160026170,Dry,Clear,Vehicle overturned (no collision),Sunday,Day,100,2016/12/04,15:40:00,No,1.0,1.0,-36.2238,147.24266,TOWONG
T20160026171,Dry,Clear,Collision with a fixed object,Sunday,Day,100,2016/12/04,16:00:00,No,1.0,1.0,-37.3072955,146.09056,MANSFIELD
T20160026177,Wet,Raining,Collision with a fixed object,Sunday,Day,100,2016/12/04,19:00:00,No,2.0,2.0,-37.72994953,143.645829,GOLDEN PLAINS
T20160026185,Dry,Clear,Collision with a fixed object,Sunday,Day,60,2016/12/04,19:15:00,Yes,3.0,1.0,-38.49669677,145.2389322,BASS COAST
T20160026199,Wet,Raining,Collision with a fixed object,Sunday,Dark No street lights,100,2016/12/04,21:45:00,Yes,1.0,1.0,-38.10538603,146.9121194,WELLINGTON
T20160026200,Dry,Clear,Collision with a fixed object,Sunday,Day,60,2016/12/04,14:00:00,No,1.0,1.0,-37.97102914,146.9802502,WELLINGTON
T20160026213,Dry,Clear,Collision with a fixed object,Saturday,Day,50,2016/12/03,07:40:00,No,2.0,1.0,-36.13850963,146.8893272,WODONGA
T20160026219,Dry,Not known,Vehicle overturned (no collision),Saturday,Unknown,999,2016/12/03,13:00:00,No,1.0,1.0,-37.1759687,146.0591105,MANSFIELD
T20160026220,Dry,Clear,collision with some other object,Saturday,Day,999,2016/11/19,14:30:00,Yes,1.0,1.0,-36.31276009,148.0060822,TOWONG
T20160026221,Unknown,Not known,Collision with a fixed object,Monday,Unknown,100,2016/12/05,06:52:00,No,2.0,2.0,-36.66909991,146.4419703,WANGARATTA
T20160026223,Dry,Clear,Collision with vehicle,Sunday,Day,999,2016/12/04,12:30:00,No,3.0,1.0,-38.12696017,144.67116,GREATER GEELONG
T20160026229,Dry,Clear,Collision with vehicle,Saturday,Day,60,2016/12/03,17:15:00,Yes,2.0,1.0,-37.40669886,144.9798605,MITCHELL
T20160026236,Dry,Clear,Collision with vehicle,Monday,Day,50,2016/12/05,13:30:00,No,2.0,1.0,-37.33995553,144.1461291,HEPBURN
T20160026242,Dry,Clear,Collision with vehicle,Monday,Day,60,2016/12/05,14:00:00,No,2.0,1.0,-36.71767558,144.2504079,GREATER BENDIGO
T20160026244,Dry,Clear,Collision with a fixed object,Monday,Day,60,2016/12/05,09:50:00,No,1.0,1.0,-38.18807774,144.3541526,GREATER GEELONG
T20160026249,Dry,Not known,collision with some other object,Sunday,Day,999,2016/12/04,12:00:00,No,1.0,1.0,-37.98305693,146.0569207,BAW BAW