Accident_No,Surface_Cond_Desc,Atmosph_Cond_Desc,Accident_Type_Desc,Day,Light_Condition_Desc,Speed_Zone,Accident_Date,Accident_Time,Alcohol_Influence,Total_Persons_Inv,Inj_Or_Fatal,Lat,Long,LGA
T20160026263,Dry,Clear,Collision with vehicle,Monday,Day,60,2016/12/05,12:00:00,No,3.0,2.0,-38.14165358,144.3361529,GREATER GEELONG
T20160026271,Dry,Clear,Struck Pedestrian,Monday,Day,999,2016/12/05,15:30:00,No,2.0,1.0,-38.37859851,142.4821223,WARRNAMBOOL
T20160026274,Dry,Not known,No collision and no object struck,Sunday,Day,999,2016/10/23,15:30:00,No,2.0,1.0,-35.92191804,144.29639,GANNAWARRA
T20160026275,Dry,Clear,Collision with vehicle,Monday,Dark No street lights,80,2016/12/05,19:35:00,Yes,3.0,2.0,-37.63443012,144.4638404,MOORABOOL
T20160026276,Dry,Clear,Collision with a fixed object,Tuesday,Dark No street lights,100,2016/12/06,00:01:00,Yes,1.0,1.0,-37.22367973,145.1398404,MITCHELL
T20160026277,Unknown,Not known,Collision with vehicle,Friday,Day,60,2016/11/25,11:30:00,No,3.0,1.0,-38.16340154,145.9298793,BAW BAW
T20160026280,Dry,Clear,Collision with vehicle,Tuesday,Day,100,2016/12/06,06:20:00,No,4.0,3.0,-37.61468028,144.4702835,MOORABOOL
T20160026285,Dry,Clear,Collision with a fixed object,Tuesday,Day,80,2016/12/06,06:30:00,No,1.0,1.0,-38.49425399,144.0137377,SURF COAST
T20160026286,Dry,Clear,No collision and no object struck,Saturday,Day,70,2016/11/19,19:20:00,Yes,1.0,1.0,-37.51383585,143.8039196,BALLARAT
T20160026298,Dry,Clear,Collision with a fixed object,Tuesday,Day,100,2016/12/06,09:50:00,No,1.0,1.0,-37.77563371,147.2220422,WELLINGTON
T20160026306,Dry,Clear,Collision with vehicle,Tuesday,Day,100,2016/12/06,10:05:00,No,2.0,2.0,-38.18211097,144.301109,GREATER GEELONG
T20160026313,Dry,Clear,Collision with vehicle,Monday,Day,50,2016/12/05,17:25:00,No,2.0,2.0,-38.36303903,141.618453,GLENELG
T20160026317,Dry,Clear,Collision with vehicle,Tuesday,Day,60,2016/12/06,12:20:00,No,3.0,1.0,-36.40389424,145.3725126,GREATER SHEPPARTON
T20160026318,Dry,Clear,Collision with vehicle,Tuesday,Day,100,2016/12/06,14:45:00,No,2.0,2.0,-36.35535943,144.9678278,CAMPASPE
T20160026321,Dry,Clear,Collision with a fixed object,Sunday,Dark Street lights on,60,2016/12/04,02:10:00,No,2.0,1.0,-37.54532696,143.7943085,BALLARAT
T20160026324,Dry,Not known,Collision with vehicle,Wednesday,Day,60,2016/11/16,07:00:00,No,2.0,1.0,-38.36741297,142.4737333,WARRNAMBOOL
T20160026334,Dry,Clear,Collision with vehicle,Tuesday,Day,80,2016/12/06,18:05:00,Yes,2.0,1.0,-38.24864998,144.3323275,SURF COAST
T20160026336,Dry,Clear,Collision with vehicle,Tuesday,Day,100,2016/12/06,19:10:00,Yes,5.0,3.0,-37.28534084,144.7368018,MACEDON RANGES
T20160026337,Dry,Clear,Vehicle overturned (no collision),Tuesday,Day,100,2016/12/06,18:30:00,Yes,1.0,1.0,-38.38849584,142.5698398,WARRNAMBOOL
T20160026338,Dry,Clear,Collision with vehicle,Tuesday,Day,60,2016/12/06,20:15:00,Yes,2.0,1.0,-37.54349097,143.8584319,BALLARAT
T20160026343,Dry,Clear,Struck Pedestrian,Tuesday,Day,50,2016/12/06,18:22:00,Yes,2.0,1.0,-38.14594579,146.4762994,LATROBE
T20160026358,Dry,Clear,Collision with vehicle,Wednesday,Day,60,2016/12/07,08:00:00,No,6.0,1.0,-37.34100095,144.1556307,HEPBURN
T20160026377,Dry,Clear,Collision with vehicle,Tuesday,Day,80,2016/12/06,14:10:00,No,2.0,1.0,-38.35790025,143.9542902,SURF COAST
T20160026380,Dry,Clear,Vehicle overturned (no collision),Sunday,Day,999,2016/11/27,12:30:00,No,1.0,1.0,-37.75227286,143.7843902,GOLDEN PLAINS
T20160026382,Dry,Clear,Collision with vehicle,Sunday,Day,50,2016/12/04,18:45:00,Yes,3.0,1.0,-38.13654222,144.3371788,GREATER GEELONG
T20160026384,Dry,Clear,Collision with vehicle,Wednesday,Day,50,2016/12/07,11:45:00,No,2.0,1.0,-36.38258592,145.4004894,GREATER SHEPPARTON
T20160026385,Dry,Clear,Collision with vehicle,Wednesday,Day,50,2016/12/07,11:00:00,No,2.0,1.0,-38.67206454,145.6179128,BASS COAST
T20160026393,Dry,Clear,Collision with vehicle,Wednesday,Day,60,2016/12/07,11:50:00,No,5.0,2.0,-37.67805381,144.4523688,MOORABOOL
T20160026401,Dry,Clear,Collision with a fixed object,Wednesday,Day,100,2016/12/07,11:30:00,No,1.0,1.0,-37.14927047,144.4441243,MOUNT ALEXANDER
T20160026405,Unknown,Clear,Vehicle overturned (no collision),Saturday,Day,100,2016/12/03,12:00:00,No,1.0,1.0,-36.9197905,147.042192,ALPINE
T20160026408,Dry,Clear,No collision and no object struck,Saturday,Day,999,2016/09/10,12:00:00,No,1.0,1.0,-37.12466227,145.9519182,MANSFIELD
T20160026422,Dry,Clear,Collision with vehicle,Wednesday,Day,60,2016/12/07,15:45:00,No,4.0,1.0,-36.11030858,146.8935807,WODONGA
T20160026433,Dry,Not known,No collision and no object struck,Monday,Day,60,2016/12/05,12:45:00,No,1.0,1.0,-37.98170534,146.0815609,BAW BAW
T20160026438,Dry,Clear,Collision with a fixed object,Wednesday,Day,80,2016/12/07,20:10:00,Yes,2.0,2.0,-38.38981839,142.6278629,MOYNE
T20160026444,Dry,Clear,Collision with vehicle,Thursday,Dark Street lights on,80,2016/12/08,02:08:00,Yes,3.0,1.0,-38.07537123,144.3687789,GREATER GEELONG
T20160026461,Wet,Clear,Collision with a fixed object,Thursday,Day,100,2016/12/08,08:30:00,No,2.0,1.0,-38.46432004,143.5810422,COLAC OTWAY
T20160026468,Dry,Clear,No collision and no object struck,Wednesday,Dusk/Dawn,100,2016/12/07,20:00:00,Yes,1.0,1.0,-38.17723002,146.44117,LATROBE
T20160026470,Wet,Clear,Struck Pedestrian,Thursday,Day,50,2016/12/08,11:00:00,No,2.0,1.0,-36.38315669,145.3989143,GREATER SHEPPARTON
T20160026474,Dry,Clear,No collision and no object struck,Saturday,Day,100,2016/12/03,11:30:00,No,1.0,1.0,-37.10323234,144.6739734,MITCHELL
T20160026481,Wet,Raining,Collision with vehicle,Thursday,Day,100,2016/12/08,10:15:00,No,5.0,4.0,-36.18615984,144.8863989,CAMPASPE
T20160026489,Wet,Raining,Collision with vehicle,Thursday,Day,70,2016/12/08,06:50:00,No,2.0,1.0,-38.19699057,144.3420148,GREATER GEELONG
T20160026490,Dry,Clear,Collision with vehicle,Thursday,Day,60,2016/12/08,13:40:00,No,5.0,2.0,-36.71176436,142.2022634,HORSHAM
T20160026492,Dry,Not known,Collision with a fixed object,Thursday,Dusk/Dawn,50,2016/12/01,19:20:00,Yes,1.0,1.0,-38.34083399,143.5889102,COLAC OTWAY
T20160026499,Wet,Raining,Collision with vehicle,Thursday,Day,80,2016/12/08,16:20:00,No,3.0,1.0,-37.83659295,147.5992206,EAST GIPPSLAND
T20160026500,Wet,Clear,Collision with a fixed object,Thursday,Day,100,2016/12/08,12:00:00,No,1.0,1.0,-38.26448797,146.6881909,WELLINGTON
T20160026510,Wet,Clear,Collision with a fixed object,Thursday,Day,100,2016/12/08,15:45:00,No,1.0,1.0,-37.97246994,146.395089,BAW BAW
T20160026514,Dry,Clear,Struck Pedestrian,Thursday,Day,999,2016/12/08,17:30:00,No,3.0,1.0,-36.39150162,145.4067697,GREATER SHEPPARTON
T20160026518,Wet,Raining,Collision with vehicle,Thursday,Day,60,2016/12/08,20:00:00,Yes,3.0,1.0,-37.56092213,143.8474373,BALLARAT
T20160026522,Unknown,Not known,Collision with vehicle,Friday,Day,999,2016/10/07,15:00:00,No,2.0,1.0,-37.19270644,143.3713905,PYRENEES
T20160026528,Wet,Raining,Collision with a fixed object,Thursday,Day,100,2016/12/08,19:40:00,Yes,1.0,1.0,-37.38423059,144.6948182,MACEDON RANGES
T20160026548,Dry,Clear,Collision with vehicle,Friday,Day,100,2016/12/09,07:10:00,No,2.0,1.0,-36.71726746,147.0930597,ALPINE
T20160026560,Dry,Clear,Vehicle overturned (no collision),Saturday,Day,80,2016/12/03,15:45:00,Yes,1.0,1.0,-36.85571061,146.3303845,WANGARATTA
T20160026571,Dry,Clear,Collision with vehicle,Friday,Day,110,2016/12/09,12:15:00,No,2.0,1.0,-37.05141995,145.0995504,MITCHELL
T20160026576,Dry,Clear,Collision with a fixed object,Friday,Day,100,2016/12/09,14:50:00,No,1.0,1.0,-38.12889786,145.937721,BAW BAW
T20160026577,Dry,Clear,Collision with a fixed object,Saturday,Dusk/Dawn,999,2016/11/26,20:50:00,Yes,2.0,1.0,-36.88565922,144.4920598,GREATER BENDIGO
T20160026600,Dry,Clear,Collision with vehicle,Saturday,Day,80,2016/11/26,15:00:00,Yes,4.0,1.0,-38.73864717,143.5740696,COLAC OTWAY
T20160026611,Dry,Clear,Collision with vehicle,Saturday,Dark Street lights on,50,2016/12/10,01:10:00,Yes,2.0,1.0,-37.58393319,143.8324196,BALLARAT
T20160026612,Dry,Clear,Collision with vehicle,Friday,Day,100,2016/12/09,17:20:00,Yes,3.0,3.0,-36.20976037,146.2468791,WANGARATTA
T20160026620,Dry,Clear,Collision with vehicle,Saturday,Day,60,2016/12/10,07:50:00,Yes,2.0,1.0,-38.18281165,144.3541684,GREATER GEELONG
T20160026641,Dry,Clear,Struck Pedestrian,Saturday,Day,50,2016/12/10,14:50:00,Yes,2.0,1.0,-38.11514906,144.654025,GREATER GEELONG
T20160026642,Dry,Clear,Collision with vehicle,Saturday,Day,70,2016/12/10,14:15:00,Yes,2.0,2.0,-38.10464293,144.3445692,GREATER GEELONG
T20160026643,Dry,Clear,Collision with vehicle,Saturday,Day,60,2016/12/10,15:05:00,No,2.0,1.0,-34.20667823,142.1465935,MILDURA
T20160026644,Dry,Clear,Vehicle overturned (no collision),Saturday,Day,100,2016/12/10,09:20:00,No,1.0,1.0,-37.95472914,145.9563374,BAW BAW
T20160026650,Dry,Clear,No collision and no object struck,Saturday,Day,60,2016/12/10,15:45:00,No,2.0,1.0,-36.76014149,144.2647596,GREATER BENDIGO
T20160026651,Dry,Clear,Collision with vehicle,Saturday,Day,50,2016/12/10,16:15:00,Yes,2.0,1.0,-36.3702879,145.4030185,GREATER SHEPPARTON
T20160026652,Dry,Clear,Collision with a fixed object,Saturday,Day,100,2016/12/10,16:35:00,Yes,1.0,1.0,-38.47220438,145.7699772,SOUTH GIPPSLAND
T20160026655,Dry,Clear,Collision with vehicle,Saturday,Day,100,2016/12/10,16:23:00,Yes,2.0,1.0,-36.1651802,146.5675176,INDIGO
T20160026656,Dry,Clear,Collision with a fixed object,Saturday,Day,80,2016/12/10,16:34:00,Yes,1.0,1.0,-38.16999236,144.4265575,GREATER GEELONG
T20160026661,Dry,Clear,Collision with a fixed object,Saturday,Day,80,2016/12/10,14:35:00,Yes,1.0,1.0,-37.3674504,143.3602698,PYRENEES
T20160026665,Dry,Clear,Collision with a fixed object,Saturday,Day,100,2016/12/10,17:45:00,Yes,1.0,1.0,-36.21032075,147.0539481,INDIGO
T20160026670,Dry,Clear,Collision with vehicle,Saturday,Dark Street lights on,60,2016/12/10,21:00:00,Yes,5.0,1.0,-38.1527091,144.3554022,GREATER GEELONG
T20160026671,Dry,Clear,Collision with vehicle,Saturday,Dusk/Dawn,100,2016/12/10,19:45:00,Yes,3.0,2.0,-36.65015027,144.5228121,GREATER BENDIGO
T20160026686,Wet,Clear,Collision with a fixed object,Sunday,Dark No street lights,100,2016/12/11,02:55:00,No,1.0,1.0,-38.34357531,145.6527192,SOUTH GIPPSLAND
T20160026690,Dry,Clear,Collision with a fixed object,Saturday,Day,100,2016/12/10,15:45:00,No,1.0,1.0,-37.02246888,145.6912583,MURRINDINDI
T20160026696,Dry,Clear,No collision and no object struck,Saturday,Day,999,2016/12/10,14:00:00,Yes,1.0,1.0,-37.48305297,144.391922,MOORABOOL
T20160026700,Dry,Clear,Vehicle overturned (no collision),Sunday,Day,100,2016/12/11,11:00:00,No,2.0,2.0,-36.64971905,142.1448224,HORSHAM
T20160026706,Dry,Clear,Collision with vehicle,Sunday,Day,80,2016/12/11,12:04:00,No,5.0,3.0,-38.33309999,145.7263697,SOUTH GIPPSLAND
T20160026710,Dry,Clear,Vehicle overturned (no collision),Sunday,Day,80,2016/12/11,13:45:00,No,1.0,1.0,-37.45543099,145.4178378,MURRINDINDI
T20160026712,Dry,Clear,Collision with vehicle,Saturday,Day,100,2016/12/10,16:00:00,Yes,3.0,1.0,-37.4887107,143.3266616,PYRENEES
T20160026714,Dry,Clear,No collision and no object struck,Sunday,Day,999,2016/12/04,12:30:00,No,1.0,1.0,-36.21631897,147.21153,TOWONG
T20160026716,Dry,Clear,Collision with a fixed object,Sunday,Day,100,2016/12/11,14:55:00,No,1.0,1.0,-36.7975107,144.3431288,GREATER BENDIGO
T20160026721,Dry,Clear,Collision with a fixed object,Sunday,Day,100,2016/12/11,14:00:00,No,1.0,1.0,-37.32364313,146.079412,MANSFIELD
T20160026723,Dry,Clear,Collision with vehicle,Sunday,Day,60,2016/12/11,18:00:00,No,2.0,1.0,-36.78158178,144.2489266,GREATER BENDIGO
T20160026733,Dry,Clear,Collision with vehicle,Sunday,Day,100,2016/12/11,17:20:00,No,3.0,1.0,-38.04785782,144.1987329,GOLDEN PLAINS
T20160026739,Dry,Clear,Collision with vehicle,Sunday,Day,100,2016/12/11,19:10:00,Yes,11.0,6.0,-37.43360833,144.7779557,MACEDON RANGES
T20160026741,Dry,Clear,Collision with vehicle,Sunday,Day,100,2016/12/11,17:30:00,Yes,11.0,3.0,-38.04011858,144.1891917,GOLDEN PLAINS
T20160026742,Dry,Clear,Collision with a fixed object,Sunday,Day,100,2016/12/11,14:50:00,No,2.0,2.0,-38.06856405,147.0344254,WELLINGTON
T20160026744,Dry,Clear,Collision with a fixed object,Sunday,Day,100,2016/12/11,14:40:00,No,1.0,1.0,-36.96370231,142.596908,NORTHERN GRAMPIANS
T20160026749,Dry,Clear,Collision with vehicle,Sunday,Day,100,2016/12/11,18:55:00,Yes,3.0,1.0,-36.05114466,146.4948437,INDIGO
T20160026753,Dry,Clear,Collision with vehicle,Sunday,Day,100,2016/12/11,18:20:00,Yes,7.0,1.0,-38.03256835,144.1798622,GOLDEN PLAINS
T20160026754,Dry,Clear,Collision with vehicle,Sunday,Day,100,2016/12/11,09:00:00,Yes,3.0,1.0,-37.51140903,143.7060872,BALLARAT
T20160026756,Dry,Clear,Collision with vehicle,Monday,Day,60,2016/12/12,07:20:00,No,2.0,1.0,-38.19212331,146.2533883,LATROBE
T20160026757,Dry,Clear,Collision with vehicle,Monday,Day,60,2016/12/12,06:50:00,No,2.0,1.0,-38.02287523,144.3968205,GREATER GEELONG
T20160026770,Dry,Clear,Vehicle overturned (no collision),Sunday,Day,100,2016/12/11,16:00:00,No,1.0,1.0,-37.50483507,147.9853814,EAST GIPPSLAND
T20160026772,Dry,Clear,Collision with vehicle,Saturday,Day,100,2016/11/26,17:20:00,Yes,4.0,1.0,-38.4802066,146.1203931,SOUTH GIPPSLAND
T20160026773,Dry,Clear,Collision with vehicle,Monday,Day,60,2016/12/12,11:50:00,No,5.0,1.0,-37.55548126,143.8574432,BALLARAT
T20160026775,Dry,Clear,Collision with vehicle,Monday,Day,50,2016/12/12,11:58:00,No,2.0,1.0,-36.38194355,145.405818,GREATER SHEPPARTON
T20160026776,Wet,Clear,Collision with vehicle,Thursday,Day,100,2016/12/08,17:35:00,No,2.0,1.0,-36.16561442,146.8929924,WODONGA
T20160026785,Wet,Not known,Vehicle overturned (no collision),Thursday,Dusk/Dawn,100,2016/12/08,19:00:00,Yes,1.0,1.0,-38.06149148,142.7814786,MOYNE
T20160026787,Dry,Clear,Collision with vehicle,Monday,Day,50,2016/12/12,13:20:00,No,1.0,1.0,-36.12467027,146.8856119,WODONGA
T20160026794,Dry,Clear,Collision with vehicle,Monday,Day,80,2016/12/12,11:27:00,No,3.0,3.0,-36.40035846,145.4750106,GREATER SHEPPARTON
T20160026800,Dry,Clear,collision with some other object,Thursday,Day,60,2016/12/01,11:00:00,No,1.0,1.0,-37.22448941,145.5912662,MURRINDINDI
T20160026809,Dry,Not known,Vehicle overturned (no collision),Monday,Day,100,2016/12/12,15:33:00,No,1.0,1.0,-36.21325023,147.8637001,TOWONG
T20160026814,Dry,Clear,Collision with a fixed object,Monday,Day,100,2016/12/12,15:45:00,No,1.0,1.0,-37.15762018,145.2864499,MURRINDINDI
T20160026817,Dry,Clear,Collision with vehicle,Monday,Day,60,2016/12/12,17:00:00,Yes,3.0,2.0,-36.7930526,144.248931,GREATER BENDIGO
T20160026832,Dry,Clear,Collision with vehicle,Monday,Day,40,2016/12/12,15:50:00,No,2.0,1.0,-37.55716961,143.8481166,BALLARAT
T20160026840,Dry,Clear,Collision with a fixed object,Sunday,Day,100,2016/12/11,17:15:00,Yes,2.0,1.0,-37.77363147,147.6894122,EAST GIPPSLAND
T20160026848,Dry,Clear,Vehicle overturned (no collision),Saturday,Day,999,2016/11/19,13:00:00,No,1.0,1.0,-37.54031716,146.221587,MANSFIELD
T20160026852,Dry,Clear,Collision with vehicle,Sunday,Day,80,2016/12/11,16:30:00,Yes,3.0,2.0,-37.85286983,144.0450299,GOLDEN PLAINS
T20160026854,Wet,Not known,collision with some other object,Saturday,Unknown,999,2016/11/12,01:30:00,Yes,1.0,1.0,-37.2640193,145.5765611,MURRINDINDI
T20160026866,Dry,Clear,Collision with vehicle,Tuesday,Day,80,2016/12/13,07:40:00,No,2.0,2.0,-38.21467184,144.3262468,GREATER GEELONG
T20160026870,Dry,Clear,Collision with vehicle,Tuesday,Day,60,2016/12/13,11:30:00,No,2.0,1.0,-37.57764278,143.8432198,BALLARAT
T20160026872,Dry,Clear,Collision with vehicle,Tuesday,Day,80,2016/12/13,12:29:00,No,2.0,2.0,-36.45167,145.2227313,GREATER SHEPPARTON
T20160026880,Dry,Clear,Collision with vehicle,Tuesday,Day,40,2016/12/13,10:55:00,No,2.0,1.0,-36.56844023,145.3452306,GREATER SHEPPARTON
T20160026894,Dry,Clear,Collision with a fixed object,Tuesday,Day,100,2016/12/13,09:05:00,No,1.0,1.0,-35.96593168,147.7668183,TOWONG
T20160026897,Dry,Not known,Collision with vehicle,Tuesday,Day,70,2016/12/13,16:26:00,No,5.0,3.0,-37.55796395,143.8918256,BALLARAT
T20160026899,Dry,Clear,Collision with vehicle,Tuesday,Day,100,2016/12/13,15:30:00,No,3.0,1.0,-37.75319355,144.4431354,MOORABOOL
T20160026909,Dry,Clear,No collision and no object struck,Saturday,Dark Street lights on,60,2016/12/03,00:15:00,Yes,1.0,1.0,-38.03292115,144.4319669,GREATER GEELONG
T20160026911,Dry,Clear,Collision with a fixed object,Tuesday,Day,100,2016/12/13,18:20:00,Yes,1.0,1.0,-35.99004496,143.8417089,LODDON
T20160026916,Dry,Clear,Collision with vehicle,Tuesday,Dark Street lights on,50,2016/12/13,21:25:00,Yes,1.0,1.0,-34.17555653,142.1512742,MILDURA
T20160026919,Dry,Clear,Collision with vehicle,Tuesday,Day,60,2016/12/13,17:15:00,No,3.0,1.0,-38.14460981,144.3290659,GREATER GEELONG
T20160026921,Dry,Clear,Collision with vehicle,Wednesday,Day,60,2016/11/23,17:15:00,No,4.0,1.0,-36.77979332,144.2502466,GREATER BENDIGO
T20160026931,Dry,Clear,Vehicle overturned (no collision),Wednesday,Dark No street lights,999,2016/12/14,04:45:00,Yes,7.0,2.0,-37.39712283,145.1159421,MITCHELL
T20160026932,Dry,Clear,Vehicle overturned (no collision),Wednesday,Dusk/Dawn,100,2016/12/14,05:19:00,Yes,1.0,1.0,-37.84762896,147.1450411,WELLINGTON
T20160026937,Dry,Clear,Vehicle overturned (no collision),Tuesday,Day,100,2016/12/13,12:55:00,No,1.0,1.0,-36.85294971,144.5096397,GREATER BENDIGO
T20160026942,Dry,Clear,Collision with a fixed object,Wednesday,Day,100,2016/12/14,08:45:00,No,1.0,1.0,-36.12741001,144.8136571,CAMPASPE
T20160026944,Dry,Clear,Collision with vehicle,Tuesday,Dark No street lights,60,2016/12/13,02:30:00,Yes,1.0,1.0,-37.39156266,144.5939237,MACEDON RANGES
T20160026947,Dry,Clear,Struck Pedestrian,Wednesday,Day,50,2016/12/14,10:45:00,No,3.0,1.0,-36.37884943,145.4038754,GREATER SHEPPARTON
T20160026951,Dry,Clear,Collision with a fixed object,Saturday,Day,100,2016/12/10,07:20:00,Yes,1.0,1.0,-37.2797602,147.7409826,EAST GIPPSLAND
T20160026964,Dry,Clear,Collision with vehicle,Wednesday,Day,100,2016/12/14,12:15:00,No,3.0,3.0,-38.3625142,144.1087011,SURF COAST
T20160026978,Dry,Clear,Collision with a fixed object,Wednesday,Day,100,2016/12/14,14:32:00,No,1.0,1.0,-37.42360021,143.6710676,BALLARAT
T20160026984,Dry,Clear,Collision with a fixed object,Monday,Day,100,2016/12/12,14:24:00,No,1.0,1.0,-38.06822994,147.07572,WELLINGTON
T20160026988,Dry,Clear,Vehicle overturned (no collision),Wednesday,Day,100,2016/12/14,17:15:00,No,1.0,1.0,-35.19560001,142.8205866,SWAN HILL
T20160027002,Dry,Clear,Collision with a fixed object,Wednesday,Dark Street lights on,50,2016/12/14,22:00:00,Yes,1.0,1.0,-37.05563836,144.2135045,MOUNT ALEXANDER
T20160027004,Dry,Clear,Collision with a fixed object,Wednesday,Dark No street lights,100,2016/12/14,23:00:00,Yes,2.0,2.0,-36.71293999,142.249007,HORSHAM
T20160027013,Dry,Clear,Collision with vehicle,Thursday,Day,60,2016/12/15,08:30:00,No,3.0,1.0,-36.55508765,145.9630472,BENALLA
T20160027019,Dry,Clear,Struck animal,Saturday,Day,999,2016/12/10,11:00:00,No,1.0,1.0,-37.11156096,143.3655995,PYRENEES
T20160027023,Dry,Not known,Collision with a fixed object,Tuesday,Day,999,2016/12/13,10:30:00,No,1.0,1.0,-38.13739579,144.6446308,GREATER GEELONG
T20160027026,Dry,Clear,Collision with vehicle,Thursday,Day,80,2016/12/15,09:55:00,No,4.0,3.0,-38.20161332,146.4219286,LATROBE
T20160027041,Dry,Clear,Collision with vehicle,Thursday,Day,100,2016/12/15,11:00:00,No,3.0,2.0,-36.2112964,145.1036211,CAMPASPE
T20160027048,Dry,Clear,Collision with vehicle,Thursday,Day,60,2016/12/15,12:16:00,No,2.0,2.0,-38.14406177,144.3501997,GREATER GEELONG
T20160027050,Dry,Clear,Vehicle overturned (no collision),Thursday,Day,80,2016/12/15,14:20:00,No,1.0,1.0,-35.04644035,142.3142856,MILDURA
T20160027053,Dry,Clear,Collision with vehicle,Friday,Day,60,2016/12/09,12:00:00,No,2.0,1.0,-38.2392931,146.4044143,LATROBE
T20160027054,Dry,Clear,Collision with vehicle,Thursday,Day,40,2016/12/15,15:45:00,No,4.0,2.0,-38.15508937,144.3712078,GREATER GEELONG
T20160027069,Dry,Clear,Collision with vehicle,Thursday,Dusk/Dawn,100,2016/12/15,17:50:00,No,3.0,3.0,-37.46502685,143.714857,BALLARAT
T20160027077,Dry,Clear,Collision with a fixed object,Thursday,Day,999,2016/12/15,17:00:00,No,4.0,2.0,-37.08251978,142.7969706,NORTHERN GRAMPIANS
T20160027084,Dry,Clear,Collision with vehicle,Thursday,Dark Street lights on,70,2016/12/15,23:30:00,Yes,2.0,2.0,-37.35644021,144.7436975,MACEDON RANGES
T20160027093,Dry,Clear,Collision with a fixed object,Friday,Day,100,2016/12/16,05:30:00,Yes,1.0,1.0,-38.24909908,147.0544184,WELLINGTON
T20160027110,Dry,Clear,Collision with vehicle,Friday,Day,80,2016/12/16,11:45:00,No,3.0,2.0,-38.17447228,144.4580568,GREATER GEELONG
T20160027115,Dry,Clear,Collision with vehicle,Friday,Day,50,2016/12/16,12:00:00,No,2.0,1.0,-36.0130124,146.0112881,MOIRA
T20160027122,Dry,Clear,Collision with vehicle,Friday,Day,50,2016/12/16,13:30:00,No,2.0,1.0,-37.55864298,143.8485594,BALLARAT
T20160027133,Wet,Raining,Collision with a fixed object,Friday,Day,100,2016/12/16,15:03:00,No,1.0,1.0,-37.70660806,148.5001999,EAST GIPPSLAND
T20160027145,Dry,Clear,No collision and no object struck,Friday,Day,60,2016/12/16,17:03:00,Yes,1.0,1.0,-36.12854336,146.8877586,WODONGA
T20160027150,Dry,Clear,Vehicle overturned (no collision),Friday,Day,100,2016/12/16,16:30:00,Yes,1.0,1.0,-37.24281999,144.1335398,HEPBURN
T20160027156,Dry,Clear,Collision with a fixed object,Friday,Day,100,2016/12/16,15:05:00,No,9.0,9.0,-36.5457799,144.6370704,CAMPASPE
T20160027162,Dry,Clear,Collision with vehicle,Friday,Dark Street lights on,60,2016/12/16,22:29:00,Yes,5.0,2.0,-38.16757924,144.350644,GREATER GEELONG
T20160027165,Wet,Raining,Collision with a fixed object,Friday,Dusk/Dawn,100,2016/12/16,19:40:00,Yes,1.0,1.0,-38.15950745,146.4099082,LATROBE
T20160027169,Dry,Clear,Collision with vehicle,Saturday,Dark Street lights on,50,2016/12/17,02:30:00,Yes,1.0,1.0,-37.29116029,144.9430704,MITCHELL
T20160027174,Dry,Clear,Collision with vehicle,Saturday,Dusk/Dawn,110,2016/12/17,06:15:00,Yes,2.0,1.0,-36.6496613,145.7124509,STRATHBOGIE
T20160027180,Dry,Clear,Collision with vehicle,Saturday,Day,100,2016/12/17,09:00:00,No,7.0,1.0,-38.43301939,145.4966908,BASS COAST
T20160027188,Dry,Clear,Collision with vehicle,Saturday,Dusk/Dawn,60,2016/12/17,06:45:00,Yes,2.0,1.0,-38.33871355,144.3043699,SURF COAST
T20160027190,Dry,Clear,Collision with a fixed object,Saturday,Day,100,2016/12/17,10:40:00,No,1.0,1.0,-38.2530813,144.3720597,SURF COAST
T20160027194,Dry,Clear,Vehicle overturned (no collision),Saturday,Day,100,2016/12/17,10:30:00,No,1.0,1.0,-37.98586001,147.4945301,EAST GIPPSLAND
T20160027200,Wet,Raining,Vehicle overturned (no collision),Saturday,Day,100,2016/12/17,09:35:00,No,1.0,1.0,-38.59211968,143.0081691,CORANGAMITE
T20160027201,Dry,Strong winds,Collision with vehicle,Saturday,Day,100,2016/12/17,11:05:00,No,4.0,4.0,-37.95449374,143.3903708,CORANGAMITE
T20160027202,Dry,Clear,Struck Pedestrian,Saturday,Day,50,2016/12/17,15:20:00,Yes,5.0,1.0,-38.38107229,142.4832983,WARRNAMBOOL
T20160027204,Dry,Clear,No collision and no object struck,Friday,Day,60,2016/12/16,20:00:00,Yes,1.0,1.0,-35.99747006,144.5217325,CAMPASPE
T20160027208,Dry,Clear,Collision with a fixed object,Saturday,Day,60,2016/12/17,17:15:00,Yes,2.0,1.0,-36.78677132,144.2460344,GREATER BENDIGO
T20160027214,Dry,Clear,Collision with vehicle,Saturday,Day,100,2016/12/17,13:40:00,No,4.0,2.0,-38.35030319,143.6502283,COLAC OTWAY
T20160027221,Dry,Clear,Collision with vehicle,Saturday,Dusk/Dawn,50,2016/12/17,20:15:00,Yes,1.0,1.0,-38.09227971,144.3541375,GREATER GEELONG
T20160027228,Dry,Clear,Collision with vehicle,Saturday,Day,60,2016/12/17,19:30:00,Yes,9.0,5.0,-38.49668708,145.2575958,BASS COAST
T20160027229,Dry,Clear,No collision and no object struck,Saturday,Dark Street lights on,80,2016/12/17,23:30:00,Yes,1.0,1.0,-36.77271117,144.3377586,GREATER BENDIGO
T20160027241,Dry,Clear,No collision and no object struck,Friday,Day,80,2016/12/16,17:00:00,Yes,1.0,1.0,-38.16882972,142.02241,MOYNE
T20160027257,Dry,Not known,No collision and no object struck,Sunday,Day,100,2016/12/18,13:00:00,No,1.0,1.0,-35.79396629,144.11514,GANNAWARRA