Accident_No,Surface_Cond_Desc,Atmosph_Cond_Desc,Accident_Type_Desc,Day,Light_Condition_Desc,Speed_Zone,Accident_Date,Accident_Time,Alcohol_Influence,Total_Persons_Inv,Inj_Or_Fatal,Lat,Long,LGA
T20160027258,Dry,Not known,Struck animal,Sunday,Day,100,2016/12/18,13:43:00,No,1.0,1.0,-37.38575035,145.0294534,MITCHELL
T20160027259,Dry,Clear,Collision with vehicle,Sunday,Day,60,2016/12/18,12:07:00,No,3.0,2.0,-38.34465614,143.5847039,COLAC OTWAY
T20160027262,Dry,Clear,No collision and no object struck,Sunday,Day,60,2016/12/18,13:45:00,No,1.0,1.0,-34.28170007,142.14387,MILDURA
T20160027268,Dry,Clear,Collision with a fixed object,Sunday,Day,100,2016/12/18,16:30:00,Yes,1.0,1.0,-37.75348608,148.1970906,EAST GIPPSLAND
T20160027271,Dry,Clear,Collision with vehicle,Sunday,Day,100,2016/12/18,15:50:00,No,5.0,5.0,-36.26656346,145.4651976,GREATER SHEPPARTON
T20160027277,Dry,Clear,Collision with vehicle,Sunday,Day,100,2016/12/18,18:20:00,No,4.0,2.0,-38.25054671,144.3507791,SURF COAST
T20160027279,Dry,Clear,Collision with a fixed object,Sunday,Day,100,2016/12/18,19:00:00,Yes,2.0,2.0,-37.34498891,144.6989002,MACEDON RANGES
T20160027280,Dry,Clear,Collision with a fixed object,Sunday,Day,100,2016/12/18,16:54:00,Yes,4.0,2.0,-35.6349952,144.1214802,GANNAWARRA
T20160027294,Dry,Clear,Struck animal,Thursday,Dusk/Dawn,100,2016/12/15,05:30:00,Yes,1.0,1.0,-38.04497834,144.1328007,GOLDEN PLAINS
T20160027298,Dry,Clear,Collision with a fixed object,Monday,Dark No street lights,100,2016/12/19,05:00:00,Yes,5.0,2.0,-37.47639048,149.1806875,EAST GIPPSLAND
T20160027304,Dry,Clear,Vehicle overturned (no collision),Sunday,Day,50,2016/12/18,16:30:00,Yes,1.0,1.0,-38.10024089,144.0607875,GOLDEN PLAINS
T20160027306,Unknown,Clear,Collision with vehicle,Sunday,Day,999,2016/10/02,11:30:00,No,2.0,1.0,-38.32602596,144.3177724,SURF COAST
T20160027308,Dry,Clear,Collision with a fixed object,Monday,Day,100,2016/12/19,09:05:00,No,1.0,1.0,-37.70032952,148.6080996,EAST GIPPSLAND
T20160027312,Dry,Clear,Vehicle overturned (no collision),Monday,Day,100,2016/12/19,11:00:00,No,1.0,1.0,-37.44776727,149.6258682,EAST GIPPSLAND
T20160027316,Dry,Clear,Collision with a fixed object,Monday,Day,100,2016/12/19,09:00:00,No,1.0,1.0,-37.09067969,148.8743491,EAST GIPPSLAND
T20160027317,Dry,Clear,Collision with a fixed object,Monday,Day,100,2016/12/19,09:00:00,No,3.0,2.0,-36.79406999,145.5697684,STRATHBOGIE
T20160027319,Dry,Clear,Collision with vehicle,Monday,Day,100,2016/12/19,13:40:00,No,2.0,1.0,-37.63076456,144.5044502,MOORABOOL
T20160027327,Dry,Clear,Collision with vehicle,Monday,Day,60,2016/12/19,14:28:00,No,6.0,1.0,-38.54973937,145.4762107,BASS COAST
T20160027331,Dry,Clear,Collision with vehicle,Saturday,Day,100,2016/12/10,11:23:00,No,3.0,1.0,-38.51953042,145.7215359,SOUTH GIPPSLAND
T20160027352,Dry,Clear,Collision with a fixed object,Monday,Day,100,2016/12/19,19:30:00,Yes,1.0,1.0,-38.4492929,145.8759198,SOUTH GIPPSLAND
T20160027357,Dry,Not known,Collision with vehicle,Monday,Day,60,2016/12/19,17:10:00,No,4.0,1.0,-36.74844124,144.2514966,GREATER BENDIGO
T20160027361,Dry,Clear,Collision with vehicle,Monday,Dark Street lights on,60,2016/12/19,21:40:00,Yes,5.0,1.0,-37.28592502,142.9512009,ARARAT
T20160027368,Dry,Clear,No collision and no object struck,Thursday,Day,60,2016/12/15,14:30:00,No,2.0,1.0,-37.04859753,143.7430389,CENTRAL GOLDFIELDS
T20160027371,Dry,Clear,Collision with a fixed object,Tuesday,Day,100,2016/12/20,06:10:00,No,1.0,1.0,-36.22519373,147.073907,INDIGO
T20160027372,Dry,Clear,Collision with a fixed object,Tuesday,Day,80,2016/12/20,07:00:00,No,1.0,1.0,-37.51746052,143.8447621,BALLARAT
T20160027376,Wet,Raining,Collision with a fixed object,Tuesday,Dusk/Dawn,60,2016/12/20,07:00:00,No,4.0,2.0,-37.36569227,144.6084711,MACEDON RANGES
T20160027387,Dry,Clear,Collision with a fixed object,Tuesday,Day,100,2016/12/13,07:30:00,No,1.0,1.0,-38.15180084,146.2458673,BAW BAW
T20160027392,Muddy,Not known,collision with some other object,Sunday,Day,999,2016/11/13,11:00:00,No,1.0,1.0,-37.28466056,143.2888171,ARARAT
T20160027399,Dry,Clear,Struck animal,Monday,Day,100,2016/12/19,09:45:00,No,1.0,1.0,-37.99497968,142.5785574,MOYNE
T20160027407,Dry,Not known,Collision with a fixed object,Sunday,Dark No street lights,999,2016/12/18,00:30:00,Yes,3.0,1.0,-38.64576289,143.5933192,COLAC OTWAY
T20160027424,Dry,Clear,Collision with vehicle,Tuesday,Day,50,2016/12/20,15:30:00,No,3.0,2.0,-37.41340637,144.9823285,MITCHELL
T20160027448,Dry,Clear,Collision with vehicle,Tuesday,Day,80,2016/12/06,14:30:00,No,2.0,1.0,-37.0197508,144.2391839,MOUNT ALEXANDER
T20160027450,Dry,Clear,Collision with vehicle,Thursday,Day,60,2016/11/17,15:15:00,No,2.0,1.0,-38.07415744,144.3586475,GREATER GEELONG
T20160027451,Dry,Clear,Struck Pedestrian,Tuesday,Dark No street lights,100,2016/12/20,22:50:00,Yes,2.0,2.0,-36.40126791,145.3128595,GREATER SHEPPARTON
T20160027455,Dry,Clear,Collision with a fixed object,Tuesday,Dark No street lights,100,2016/12/20,22:00:00,Yes,1.0,1.0,-36.41161998,145.631647,GREATER SHEPPARTON
T20160027456,Dry,Clear,Collision with vehicle,Tuesday,Day,60,2016/12/06,16:00:00,No,2.0,1.0,-37.5598574,143.8390233,BALLARAT
T20160027466,Dry,Clear,Struck Pedestrian,Wednesday,Day,70,2016/12/21,09:50:00,No,2.0,1.0,-38.38614253,142.4975584,WARRNAMBOOL
T20160027473,Dry,Clear,Collision with vehicle,Wednesday,Day,80,2016/12/21,09:27:00,No,3.0,1.0,-37.85841365,148.0062458,EAST GIPPSLAND
T20160027478,Dry,Not known,Vehicle overturned (no collision),Sunday,Day,999,2016/12/18,10:15:00,No,1.0,1.0,-38.32787359,144.1089378,SURF COAST
T20160027480,Dry,Clear,Collision with vehicle,Wednesday,Day,70,2016/12/21,13:00:00,No,3.0,1.0,-36.16482762,144.7095631,CAMPASPE
T20160027482,Dry,Clear,Collision with vehicle,Wednesday,Day,70,2016/12/21,12:10:00,No,6.0,3.0,-38.20027044,144.3413938,GREATER GEELONG
T20160027487,Dry,Clear,Collision with vehicle,Wednesday,Day,50,2016/12/14,15:23:00,No,4.0,1.0,-34.1864456,142.1607571,MILDURA
T20160027488,Dry,Clear,Collision with vehicle,Monday,Day,80,2016/11/21,11:00:00,No,2.0,1.0,-37.73032873,142.0062586,SOUTHERN GRAMPIANS
T20160027489,Dry,Clear,Collision with vehicle,Wednesday,Day,60,2016/12/21,09:00:00,No,2.0,1.0,-34.1877154,142.1552181,MILDURA
T20160027505,Dry,Clear,Collision with a fixed object,Wednesday,Day,60,2016/12/21,17:10:00,No,1.0,1.0,-36.5455166,145.9799782,BENALLA
T20160027516,Dry,Clear,Collision with vehicle,Wednesday,Day,60,2016/12/21,18:00:00,Yes,4.0,1.0,-38.13239025,144.35137,GREATER GEELONG
T20160027531,Dry,Clear,Collision with a fixed object,Wednesday,Dark Street lights on,60,2016/12/21,22:55:00,Yes,1.0,1.0,-35.3405934,143.5449281,SWAN HILL
T20160027539,Dry,Clear,Vehicle overturned (no collision),Wednesday,Day,100,2016/12/21,16:49:00,No,1.0,1.0,-36.67272934,146.883031,ALPINE
T20160027542,Dry,Clear,No collision and no object struck,Thursday,Day,80,2016/12/08,14:00:00,No,1.0,1.0,-36.93974949,147.4702009,EAST GIPPSLAND
T20160027545,Dry,Clear,Collision with vehicle,Wednesday,Day,60,2016/12/21,17:15:00,No,3.0,2.0,-37.53123079,143.8143607,BALLARAT
T20160027550,Dry,Clear,Collision with vehicle,Thursday,Day,60,2016/12/22,10:40:00,No,2.0,1.0,-36.3766298,146.3077842,WANGARATTA
T20160027555,Wet,Raining,Vehicle overturned (no collision),Saturday,Day,999,2016/12/17,10:00:00,No,1.0,1.0,-38.70428993,143.2326002,CORANGAMITE
T20160027562,Dry,Clear,Struck animal,Wednesday,Dark No street lights,60,2016/12/21,22:30:00,Yes,1.0,1.0,-36.31214841,146.527113,WANGARATTA
T20160027580,Dry,Clear,No collision and no object struck,Thursday,Day,50,2016/12/22,13:40:00,No,1.0,1.0,-37.91232924,147.7127871,EAST GIPPSLAND
T20160027587,Dry,Clear,Collision with vehicle,Thursday,Day,70,2016/12/22,14:15:00,No,3.0,2.0,-38.1229895,144.3359975,GREATER GEELONG
T20160027603,Dry,Clear,Collision with a fixed object,Thursday,Day,60,2016/12/22,16:46:00,No,1.0,1.0,-38.17047165,144.3415297,GREATER GEELONG
T20160027608,Dry,Clear,Collision with vehicle,Thursday,Day,60,2016/12/22,17:15:00,No,2.0,1.0,-36.35871192,146.3215033,WANGARATTA
T20160027622,Dry,Clear,Collision with a fixed object,Friday,Dark No street lights,100,2016/12/23,00:30:00,Yes,1.0,1.0,-38.37589933,145.8378421,SOUTH GIPPSLAND
T20160027626,Dry,Clear,Fall from or in moving vehicle,Friday,Dark Street lights on,999,2016/12/23,03:20:00,Yes,2.0,1.0,-38.45927011,145.2148107,BASS COAST
T20160027635,Dry,Clear,Collision with vehicle,Friday,Day,110,2016/12/23,08:20:00,No,5.0,5.0,-36.69622434,145.6573523,STRATHBOGIE
T20160027636,Dry,Clear,Collision with vehicle,Friday,Day,60,2016/12/23,10:30:00,No,2.0,1.0,-37.68528996,144.4628613,MOORABOOL
T20160027639,Dry,Clear,Collision with vehicle,Friday,Day,50,2016/12/23,11:00:00,No,2.0,1.0,-38.75556639,143.6644312,COLAC OTWAY
T20160027645,Dry,Not known,Collision with vehicle,Monday,Day,40,2016/12/05,15:20:00,No,3.0,1.0,-38.46873883,145.9608558,SOUTH GIPPSLAND
T20160027652,Unknown,Not known,Struck animal,Monday,Unknown,110,2016/12/19,05:10:00,Yes,1.0,1.0,-37.4622195,144.5803023,MACEDON RANGES
T20160027665,Dry,Not known,Collision with vehicle,Tuesday,Dark Street lights on,60,2016/07/12,06:04:00,No,2.0,1.0,-38.18114561,144.3894522,GREATER GEELONG
T20160027673,Dry,Clear,Collision with vehicle,Friday,Day,100,2016/12/23,15:38:00,No,10.0,4.0,-38.51467265,145.4406032,BASS COAST
T20160027676,Dry,Clear,Collision with a fixed object,Friday,Day,100,2016/12/23,17:00:00,Yes,1.0,1.0,-36.45537655,145.8823711,BENALLA
T20160027681,Dry,Clear,Collision with vehicle,Friday,Dark Street lights on,60,2016/12/23,21:00:00,Yes,2.0,1.0,-36.36667145,145.4022437,GREATER SHEPPARTON
T20160027696,Dry,Clear,Collision with a fixed object,Saturday,Dark No street lights,80,2016/12/24,04:20:00,Yes,1.0,1.0,-36.3681,145.4619698,GREATER SHEPPARTON
T20160027700,Dry,Clear,Collision with a fixed object,Thursday,Day,100,2016/12/22,08:00:00,No,1.0,1.0,-36.48725532,144.3497904,GREATER BENDIGO
T20160027701,Unknown,Not known,No collision and no object struck,Sunday,Day,999,2016/12/11,11:00:00,No,2.0,1.0,-38.48426858,145.5711212,BASS COAST
T20160027716,Dry,Clear,Collision with vehicle,Monday,Day,60,2016/12/19,17:15:00,Yes,3.0,1.0,-38.14599708,144.3645138,GREATER GEELONG
T20160027722,Dry,Clear,Vehicle overturned (no collision),Saturday,Day,100,2016/12/24,11:30:00,No,1.0,1.0,-37.43748871,145.3070597,MURRINDINDI
T20160027734,Dry,Clear,Collision with a fixed object,Saturday,Day,100,2016/12/24,14:48:00,Yes,1.0,1.0,-36.55075322,146.6643723,ALPINE
T20160027736,Dry,Clear,Collision with vehicle,Saturday,Day,50,2016/12/24,14:21:00,Yes,4.0,1.0,-34.18958577,142.157427,MILDURA
T20160027737,Dry,Clear,Vehicle overturned (no collision),Saturday,Day,110,2016/12/24,16:25:00,Yes,2.0,2.0,-38.18212099,145.9883492,BAW BAW
T20160027746,Dry,Clear,Collision with vehicle,Saturday,Day,100,2016/12/24,18:12:00,Yes,2.0,1.0,-38.2825599,146.3207053,LATROBE
T20160027749,Dry,Clear,Vehicle overturned (no collision),Saturday,Dark No street lights,80,2016/12/24,23:50:00,Yes,1.0,1.0,-37.11163153,144.2531579,MOUNT ALEXANDER
T20160027754,Dry,Clear,Collision with a fixed object,Sunday,Dark Street lights on,80,2016/12/25,03:45:00,Yes,1.0,1.0,-36.81262595,144.292655,GREATER BENDIGO
T20160027760,Dry,Clear,Collision with a fixed object,Monday,Day,100,2016/11/07,15:30:00,No,1.0,1.0,-36.81515137,144.1121163,GREATER BENDIGO
T20160027761,Dry,Clear,Collision with a fixed object,Sunday,Dark No street lights,80,2016/12/25,01:45:00,Yes,1.0,1.0,-36.39581989,146.6910569,INDIGO
T20160027764,Dry,Clear,Collision with a fixed object,Sunday,Day,60,2016/12/25,10:10:00,No,1.0,1.0,-37.57291344,143.8416294,BALLARAT
T20160027766,Dry,Clear,Collision with vehicle,Sunday,Day,100,2016/12/25,10:50:00,No,11.0,4.0,-38.3065397,144.2654973,SURF COAST
T20160027767,Dry,Clear,Collision with a fixed object,Sunday,Dusk/Dawn,60,2016/12/25,05:00:00,Yes,1.0,1.0,-37.30006896,143.7828776,HEPBURN
T20160027770,Dry,Clear,No collision and no object struck,Friday,Dark Street lights on,60,2016/12/23,23:20:00,Yes,2.0,1.0,-37.58918007,143.8408653,BALLARAT
T20160027774,Dry,Clear,Collision with vehicle,Sunday,Day,50,2016/12/25,17:45:00,Yes,2.0,1.0,-38.07638443,144.341076,GREATER GEELONG
T20160027775,Dry,Clear,Collision with vehicle,Sunday,Day,60,2016/12/25,17:00:00,Yes,4.0,2.0,-38.15162749,146.7891066,WELLINGTON
T20160027785,Dry,Clear,Collision with vehicle,Sunday,Day,70,2016/12/25,19:10:00,Yes,10.0,1.0,-38.19059968,144.4700101,GREATER GEELONG
T20160027793,Dry,Clear,No collision and no object struck,Monday,Day,100,2016/12/26,06:00:00,Yes,1.0,1.0,-38.15071967,146.5545175,LATROBE
T20160027794,Dry,Clear,Vehicle overturned (no collision),Sunday,Day,100,2016/12/25,11:15:00,No,2.0,1.0,-37.7785001,147.1140101,WELLINGTON
T20160027799,Dry,Clear,Collision with a fixed object,Saturday,Dark No street lights,100,2016/12/24,01:00:00,Yes,1.0,1.0,-38.29320952,142.4041451,MOYNE
T20160027813,Dry,Clear,Collision with vehicle,Monday,Day,100,2016/12/26,13:10:00,No,2.0,2.0,-37.07635938,144.8257305,MITCHELL
T20160027823,Dry,Clear,Collision with a fixed object,Monday,Day,100,2016/12/26,17:30:00,No,6.0,3.0,-38.77656964,143.43916,COLAC OTWAY
T20160027828,Dry,Clear,Vehicle overturned (no collision),Monday,Day,50,2016/12/26,19:00:00,Yes,1.0,1.0,-38.38145555,145.5497709,BASS COAST
T20160027834,Dry,Clear,Collision with vehicle,Monday,Day,80,2016/12/26,16:42:00,No,3.0,3.0,-38.05067188,144.3799581,GREATER GEELONG
T20160027845,Dry,Clear,Collision with a fixed object,Monday,Dusk/Dawn,80,2016/12/26,05:52:00,Yes,1.0,1.0,-37.27219019,142.8933198,ARARAT
T20160027853,Wet,Raining,Collision with a fixed object,Tuesday,Dusk/Dawn,100,2016/12/27,05:00:00,Yes,1.0,1.0,-37.79141391,147.5075921,EAST GIPPSLAND
T20160027859,Wet,Not known,No collision and no object struck,Saturday,Day,60,2016/12/24,12:10:00,No,2.0,1.0,-36.40273994,145.372438,GREATER SHEPPARTON
T20160027863,Dry,Clear,Collision with vehicle,Monday,Day,50,2016/12/19,11:00:00,No,2.0,1.0,-36.12979118,146.8703261,WODONGA
T20160027864,Dry,Clear,No collision and no object struck,Saturday,Day,999,2016/12/24,09:00:00,No,1.0,1.0,-37.52679001,144.2907092,MOORABOOL
T20160027872,Dry,Clear,Collision with a fixed object,Tuesday,Day,60,2016/12/27,09:49:00,No,2.0,1.0,-37.60011892,143.8290089,BALLARAT
T20160027880,Dry,Clear,Collision with vehicle,Tuesday,Day,100,2016/12/27,10:45:00,No,5.0,4.0,-34.70754361,143.0704409,SWAN HILL
T20160027886,Wet,Raining,Collision with a fixed object,Tuesday,Day,100,2016/12/27,10:35:00,No,1.0,1.0,-37.15264002,142.499184,NORTHERN GRAMPIANS
T20160027891,Wet,Raining,Vehicle overturned (no collision),Tuesday,Day,100,2016/12/27,11:45:00,No,1.0,1.0,-37.60241207,141.7202888,SOUTHERN GRAMPIANS
T20160027895,Wet,Raining,Vehicle overturned (no collision),Tuesday,Day,100,2016/12/27,12:32:00,No,4.0,4.0,-37.60237222,141.7201787,SOUTHERN GRAMPIANS
T20160027897,Dry,Clear,Collision with vehicle,Tuesday,Day,100,2016/12/27,15:50:00,No,2.0,2.0,-36.06910607,145.4504748,MOIRA
T20160027898,Muddy,Raining,collision with some other object,Monday,Day,100,2016/12/26,19:00:00,Yes,1.0,1.0,-36.77642036,147.0587498,ALPINE
T20160027904,Dry,Clear,Collision with vehicle,Tuesday,Day,80,2016/12/27,12:20:00,No,3.0,2.0,-38.69193179,143.3643322,COLAC OTWAY
T20160027908,Dry,Clear,No collision and no object struck,Friday,Day,40,2016/12/02,18:00:00,Yes,1.0,1.0,-36.41343,145.4318283,GREATER SHEPPARTON
T20160027912,Wet,Raining,Vehicle overturned (no collision),Tuesday,Dusk/Dawn,80,2016/12/27,19:00:00,Yes,1.0,1.0,-38.51657853,143.9722008,SURF COAST
T20160027913,Wet,Raining,Collision with a fixed object,Tuesday,Day,100,2016/12/27,15:30:00,No,1.0,1.0,-37.34767502,145.0025415,MITCHELL
T20160027915,Wet,Raining,Collision with vehicle,Tuesday,Day,60,2016/12/27,18:15:00,Yes,3.0,2.0,-37.59286014,143.8314112,BALLARAT
T20160027916,Wet,Raining,Collision with a fixed object,Tuesday,Dark No street lights,100,2016/12/27,20:05:00,Yes,2.0,1.0,-38.44465459,146.0043797,SOUTH GIPPSLAND
T20160027920,Wet,Clear,Collision with vehicle,Tuesday,Day,50,2016/12/27,17:40:00,No,5.0,1.0,-36.75856112,144.2841871,GREATER BENDIGO
T20160027923,Wet,Raining,Struck Pedestrian,Tuesday,Day,50,2016/12/27,17:00:00,No,3.0,1.0,-38.36406893,142.4638902,WARRNAMBOOL
T20160027924,Wet,Raining,Collision with a fixed object,Tuesday,Dusk/Dawn,60,2016/12/27,18:30:00,Yes,2.0,2.0,-38.16777718,144.3504357,GREATER GEELONG
T20160027925,Wet,Raining,Collision with vehicle,Tuesday,Day,50,2016/12/27,19:35:00,Yes,2.0,1.0,-38.11566759,144.6582405,GREATER GEELONG
T20160027930,Dry,Clear,Collision with a fixed object,Tuesday,Dark No street lights,100,2016/12/27,22:00:00,Yes,1.0,1.0,-36.17943,143.2247492,BULOKE
T20160027944,Wet,Raining,Collision with a fixed object,Tuesday,Dusk/Dawn,80,2016/12/27,19:00:00,Yes,1.0,1.0,-38.54700016,143.7033003,COLAC OTWAY
T20160027945,Wet,Raining,Collision with vehicle,Tuesday,Day,100,2016/12/27,13:00:00,No,3.0,1.0,-37.63944265,143.9480685,MOORABOOL
T20160027952,Dry,Clear,Collision with vehicle,Wednesday,Day,100,2016/12/28,10:15:00,No,3.0,2.0,-38.69578188,146.1006792,SOUTH GIPPSLAND
T20160027955,Unknown,Not known,Collision with vehicle,Tuesday,Unknown,60,2016/12/27,15:30:00,No,2.0,1.0,-38.27434511,144.4880622,GREATER GEELONG
T20160027957,Wet,Clear,Collision with a fixed object,Wednesday,Day,60,2016/12/28,10:02:00,No,1.0,1.0,-38.15108938,144.3646557,GREATER GEELONG
T20160027962,Dry,Clear,Collision with a fixed object,Tuesday,Day,100,2016/12/27,18:30:00,Yes,1.0,1.0,-36.46766,145.2594025,GREATER SHEPPARTON
T20160027969,Wet,Clear,Collision with vehicle,Wednesday,Day,100,2016/12/28,10:45:00,No,7.0,4.0,-36.98247999,142.63028,NORTHERN GRAMPIANS
T20160027972,Dry,Clear,Collision with vehicle,Wednesday,Day,100,2016/12/28,10:50:00,No,3.0,1.0,-37.21074972,147.6841114,EAST GIPPSLAND
T20160027977,Dry,Not known,Collision with vehicle,Sunday,Day,60,2016/11/27,11:48:00,No,5.0,1.0,-34.22192475,142.207229,MILDURA
T20160027980,Dry,Clear,No collision and no object struck,Friday,Day,60,2016/12/16,12:45:00,No,1.0,1.0,-37.04657968,143.8075971,CENTRAL GOLDFIELDS
T20160027994,Dry,Clear,Collision with a fixed object,Wednesday,Day,999,2016/12/28,20:00:00,Yes,1.0,1.0,-37.57504216,143.8971234,BALLARAT
T20160027995,Dry,Clear,Collision with a fixed object,Wednesday,Day,100,2016/12/28,16:05:00,No,1.0,1.0,-34.99397987,143.2942596,SWAN HILL
T20160028004,Dry,Clear,Collision with a fixed object,Wednesday,Dark No street lights,100,2016/12/28,23:45:00,Yes,3.0,2.0,-38.16140618,145.978554,BAW BAW
T20160028006,Dry,Clear,Collision with vehicle,Thursday,Dusk/Dawn,50,2016/12/29,05:50:00,Yes,2.0,1.0,-38.38827807,142.4833818,WARRNAMBOOL
T20160028010,Dry,Clear,Struck animal,Thursday,Day,100,2016/12/29,09:56:00,No,3.0,1.0,-36.59945991,144.2460458,GREATER BENDIGO
T20160028021,Dry,Clear,Collision with a fixed object,Friday,Day,80,2016/12/16,19:00:00,Yes,1.0,1.0,-38.50020948,143.9599704,SURF COAST
T20160028024,Dry,Clear,Vehicle overturned (no collision),Thursday,Day,50,2016/12/29,16:30:00,No,1.0,1.0,-36.61431402,143.2577833,NORTHERN GRAMPIANS
T20160028028,Dry,Clear,Collision with vehicle,Thursday,Day,100,2016/12/29,17:15:00,No,8.0,1.0,-38.34129907,142.5134686,WARRNAMBOOL
T20160028032,Dry,Clear,Collision with vehicle,Thursday,Day,60,2016/12/29,17:15:00,No,4.0,4.0,-38.14460981,144.3290659,GREATER GEELONG
T20160028038,Wet,Raining,Collision with vehicle,Thursday,Dusk/Dawn,100,2016/12/29,19:35:00,Yes,2.0,2.0,-36.39870397,145.0319551,CAMPASPE
T20160028039,Dry,Clear,Collision with vehicle,Thursday,Day,100,2016/12/29,17:43:00,No,2.0,1.0,-34.21572877,142.1055847,MILDURA
T20160028040,Dry,Clear,Vehicle overturned (no collision),Thursday,Dusk/Dawn,80,2016/12/22,20:10:00,Yes,1.0,1.0,-36.71863783,144.2275888,GREATER BENDIGO
T20160028054,Dry,Clear,Collision with vehicle,Thursday,Dark Street lights on,70,2016/12/29,22:00:00,Yes,1.0,1.0,-38.15459805,144.3782509,GREATER GEELONG
T20160028058,Dry,Clear,Collision with vehicle,Thursday,Day,60,2016/12/29,13:48:00,No,2.0,2.0,-36.71177089,142.2048887,HORSHAM
T20160028059,Dry,Clear,Collision with vehicle,Friday,Day,100,2016/12/30,08:50:00,No,2.0,1.0,-36.34745209,145.5315603,GREATER SHEPPARTON
T20160028061,Wet,Raining,Collision with a fixed object,Friday,Day,100,2016/12/30,09:05:00,No,2.0,1.0,-36.98153939,146.1923075,MANSFIELD
T20160028062,Dry,Not known,Vehicle overturned (no collision),Tuesday,Day,60,2016/12/27,14:00:00,No,1.0,1.0,-36.27482,146.6520167,INDIGO
T20160028063,Dry,Clear,Collision with vehicle,Friday,Day,110,2016/12/30,10:10:00,No,6.0,1.0,-37.02936976,145.1010116,MITCHELL
T20160028068,Wet,Raining,Collision with vehicle,Friday,Day,50,2016/12/30,12:05:00,No,4.0,2.0,-36.38670226,145.399677,GREATER SHEPPARTON
T20160028075,Wet,Not known,Vehicle overturned (no collision),Saturday,Day,999,2016/12/10,17:00:00,Yes,1.0,1.0,-38.39172036,141.5484729,GLENELG
T20160028077,Dry,Clear,No collision and no object struck,Friday,Day,100,2016/12/30,12:30:00,No,1.0,1.0,-35.46702639,143.6126896,SWAN HILL
T20160028078,Dry,Clear,Collision with vehicle,Friday,Day,60,2016/12/30,08:10:00,No,2.0,1.0,-37.85826679,148.0825748,EAST GIPPSLAND
T20160028079,Dry,Clear,Collision with a fixed object,Wednesday,Day,80,2016/12/28,16:50:00,No,1.0,1.0,-38.28313945,144.2887355,SURF COAST
T20160028082,Dry,Clear,Collision with a fixed object,Friday,Day,100,2016/12/30,15:00:00,No,2.0,1.0,-37.42124726,145.0226205,MITCHELL
T20160028084,Dry,Clear,Collision with vehicle,Friday,Day,100,2016/12/30,15:10:00,No,5.0,3.0,-34.2198246,142.1104782,MILDURA
T20160028095,Dry,Clear,Vehicle overturned (no collision),Friday,Day,80,2016/12/30,17:30:00,No,2.0,1.0,-36.44080516,145.3888463,GREATER SHEPPARTON
T20160028100,Wet,Raining,Collision with a fixed object,Monday,Day,80,2016/12/26,16:00:00,Yes,1.0,1.0,-37.57790061,145.6340015,MURRINDINDI
T20160028103,Dry,Clear,Collision with vehicle,Friday,Day,50,2016/12/30,14:40:00,No,4.0,3.0,-38.17301601,144.4005317,GREATER GEELONG
T20160028107,Wet,Raining,Collision with a fixed object,Tuesday,Day,100,2016/12/27,09:45:00,No,2.0,1.0,-37.50878,145.8765732,LAKE MOUNTAIN ALPINE RESORT (UNINC)
T20160028112,Dry,Clear,Collision with a fixed object,Friday,Day,100,2016/12/30,19:00:00,Yes,1.0,1.0,-36.44297735,144.5759799,GREATER BENDIGO
T20160028118,Dry,Clear,Collision with a fixed object,Friday,Dark No street lights,100,2016/12/30,21:30:00,Yes,1.0,1.0,-36.59924958,144.5432793,GREATER BENDIGO
T20160028123,Dry,Clear,Collision with vehicle,Friday,Day,50,2016/12/30,12:30:00,No,2.0,1.0,-38.28204718,144.4987758,GREATER GEELONG
T20160028128,Dry,Clear,Collision with vehicle,Friday,Day,100,2016/12/30,16:40:00,Yes,5.0,3.0,-37.34514862,146.1424233,MANSFIELD
T20160028130,Unknown,Not known,Collision with vehicle,Tuesday,Day,60,2016/11/01,14:15:00,No,2.0,2.0,-38.1334072,144.3511555,GREATER GEELONG
T20160028131,Dry,Clear,No collision and no object struck,Saturday,Day,80,2016/12/31,10:27:00,No,1.0,1.0,-36.37276685,146.2891155,WANGARATTA
T20160028134,Dry,Clear,Fall from or in moving vehicle,Saturday,Day,50,2016/12/31,13:55:00,No,3.0,1.0,-37.56022953,143.858076,BALLARAT
T20160028135,Dry,Not known,Collision with a fixed object,Friday,Day,100,2016/12/30,12:30:00,No,1.0,1.0,-38.39275307,145.540722,BASS COAST
T20160028140,Dry,Clear,Collision with a fixed object,Saturday,Day,100,2016/12/31,11:15:00,No,1.0,1.0,-37.39080624,144.488087,MACEDON RANGES
T20160028141,Dry,Clear,Collision with vehicle,Monday,Day,50,2016/12/05,17:45:00,Yes,2.0,1.0,-36.73631459,144.2543257,GREATER BENDIGO
T20160028144,Dry,Clear,Collision with vehicle,Saturday,Day,100,2016/12/31,14:45:00,No,3.0,1.0,-37.36182964,144.9631632,MITCHELL
T20160028146,Dry,Clear,Collision with a fixed object,Saturday,Day,100,2016/12/31,14:40:00,Yes,1.0,1.0,-37.02909946,145.6577317,MURRINDINDI
T20160028147,Dry,Clear,Vehicle overturned (no collision),Saturday,Day,100,2016/12/31,09:50:00,No,1.0,1.0,-36.04596087,141.9686263,HINDMARSH
T20160028150,Dry,Clear,Collision with vehicle,Saturday,Day,100,2016/12/31,16:30:00,Yes,5.0,1.0,-38.75574047,143.6214688,COLAC OTWAY