Accident_No,Surface_Cond_Desc,Atmosph_Cond_Desc,Accident_Type_Desc,Day,Light_Condition_Desc,Speed_Zone,Accident_Date,Accident_Time,Alcohol_Influence,Total_Persons_Inv,Inj_Or_Fatal,Lat,Long,LGA
T20160028152,Dry,Clear,Struck Pedestrian,Thursday,Dusk/Dawn,50,2016/12/29,21:00:00,Yes,2.0,1.0,-37.57807978,143.8769487,BALLARAT
T20160028159,Dry,Clear,Collision with vehicle,Wednesday,Day,70,2016/12/28,15:35:00,No,2.0,1.0,-38.14627996,144.3529796,GREATER GEELONG
T20170000005,Dry,Clear,Vehicle overturned (no collision),Saturday,Dark No street lights,100,2016/12/31,21:30:00,Yes,3.0,3.0,-37.81699006,144.0470798,MOORABOOL
T20170000014,Dry,Clear,No collision and no object struck,Saturday,Day,50,2016/12/31,11:30:00,No,2.0,1.0,-37.55189018,143.8078915,BALLARAT
T20170000016,Dry,Clear,No collision and no object struck,Saturday,Day,60,2016/12/31,17:15:00,Yes,1.0,1.0,-36.97612321,147.1214816,MOUNT HOTHAM ALPINE RESORT (UNINC)
T20170000021,Dry,Clear,Collision with a fixed object,Sunday,Day,100,2017/01/01,11:45:00,No,4.0,4.0,-37.18733967,147.7195904,EAST GIPPSLAND
T20170000023,Dry,Clear,Collision with vehicle,Sunday,Day,80,2017/01/01,13:56:00,No,4.0,2.0,-38.29952875,143.9807195,SURF COAST
T20170000024,Dry,Clear,No collision and no object struck,Sunday,Day,100,2017/01/01,14:35:00,No,2.0,2.0,-37.0115812,144.2665952,MOUNT ALEXANDER
T20170000027,Dry,Clear,Collision with vehicle,Sunday,Day,60,2017/01/01,14:40:00,No,7.0,1.0,-36.82143176,147.2284312,ALPINE
T20170000029,Dry,Clear,Collision with a fixed object,Sunday,Day,100,2017/01/01,17:30:00,Yes,1.0,1.0,-37.14927165,145.5829558,MURRINDINDI
T20170000042,Dry,Clear,Collision with vehicle,Friday,Day,50,2016/12/30,07:05:00,No,1.0,1.0,-38.11217832,145.7645364,BAW BAW
T20170000045,Wet,Not known,No collision and no object struck,Tuesday,Day,100,2016/12/27,15:30:00,No,2.0,2.0,-37.21872074,145.8450691,MURRINDINDI
T20170000046,Dry,Clear,Collision with vehicle,Friday,Day,70,2016/12/30,15:50:00,No,5.0,3.0,-38.19780183,144.3171818,GREATER GEELONG
T20170000047,Dry,Clear,Collision with a fixed object,Monday,Day,100,2017/01/02,09:58:00,No,1.0,1.0,-36.16369192,147.9816593,TOWONG
T20170000055,Dry,Clear,Collision with vehicle,Sunday,Day,60,2017/01/01,19:00:00,No,1.0,1.0,-38.45614573,145.2224,BASS COAST
T20170000071,Dry,Clear,Collision with vehicle,Monday,Day,40,2017/01/02,16:10:00,No,2.0,1.0,-36.12236997,146.8881024,WODONGA
T20170000078,Dry,Clear,Collision with vehicle,Monday,Dark Street lights on,50,2017/01/02,21:00:00,Yes,1.0,1.0,-38.08680015,144.3433712,GREATER GEELONG
T20170000084,Dry,Clear,Collision with vehicle,Monday,Day,60,2017/01/02,17:50:00,Yes,2.0,1.0,-36.37906545,145.3506374,GREATER SHEPPARTON
T20170000090,Dry,Clear,Collision with vehicle,Tuesday,Day,60,2017/01/03,07:20:00,No,2.0,1.0,-36.11966377,144.7456412,CAMPASPE
T20170000092,Dry,Clear,Collision with a fixed object,Tuesday,Day,110,2017/01/03,06:00:00,Yes,1.0,1.0,-37.55196298,143.9904202,MOORABOOL
T20170000095,Dry,Clear,Collision with a fixed object,Wednesday,Day,100,2016/12/28,14:45:00,No,1.0,1.0,-37.45330074,148.1920093,EAST GIPPSLAND
T20170000098,Dry,Clear,Struck animal,Tuesday,Dark No street lights,110,2017/01/03,04:30:00,Yes,1.0,1.0,-36.13508978,146.6472093,INDIGO
T20170000101,Dry,Clear,Collision with vehicle,Tuesday,Day,100,2017/01/03,11:25:00,No,2.0,2.0,-37.48012828,143.833526,BALLARAT
T20170000102,Dry,Clear,Collision with vehicle,Saturday,Day,80,2016/12/24,17:30:00,Yes,2.0,1.0,-36.92706647,144.7795606,GREATER BENDIGO
T20170000106,Dry,Clear,Collision with a fixed object,Tuesday,Day,100,2017/01/03,13:55:00,No,1.0,1.0,-36.44012105,145.26552,GREATER SHEPPARTON
T20170000110,Dry,Clear,Collision with a fixed object,Tuesday,Day,100,2017/01/03,14:25:00,No,1.0,1.0,-37.04183797,143.783836,CENTRAL GOLDFIELDS
T20170000114,Dry,Clear,No collision and no object struck,Tuesday,Day,100,2017/01/03,13:36:00,No,1.0,1.0,-37.6052889,146.5850536,WELLINGTON
T20170000116,Dry,Clear,Collision with a fixed object,Tuesday,Day,999,2017/01/03,13:50:00,No,1.0,1.0,-38.41094586,146.6294284,WELLINGTON
T20170000118,Dry,Clear,Collision with vehicle,Tuesday,Day,80,2017/01/03,15:15:00,No,2.0,2.0,-37.37203002,143.8544996,BALLARAT
T20170000120,Dry,Clear,No collision and no object struck,Sunday,Day,999,2017/01/01,08:30:00,Yes,1.0,1.0,-36.32081942,146.7887095,INDIGO
T20170000132,Dry,Clear,Collision with vehicle,Tuesday,Dark Street lights on,999,2017/01/03,21:30:00,Yes,2.0,1.0,-36.76292578,144.2468387,GREATER BENDIGO
T20170000133,Dry,Clear,Collision with vehicle,Tuesday,Dark Street lights on,60,2017/01/03,22:30:00,Yes,2.0,2.0,-38.17652672,144.351804,GREATER GEELONG
T20170000141,Dry,Clear,Vehicle overturned (no collision),Tuesday,Day,100,2017/01/03,11:45:00,No,1.0,1.0,-37.97918922,146.4313557,BAW BAW
T20170000154,Dry,Clear,Vehicle overturned (no collision),Wednesday,Day,999,2017/01/04,11:30:00,No,1.0,1.0,-37.20874743,144.6578418,MACEDON RANGES
T20170000157,Dry,Clear,Collision with vehicle,Wednesday,Day,40,2017/01/04,12:22:00,No,3.0,1.0,-37.28385719,142.9299384,ARARAT
T20170000166,Dry,Clear,No collision and no object struck,Wednesday,Day,80,2017/01/04,10:30:00,No,1.0,1.0,-38.69431833,143.8046185,COLAC OTWAY
T20170000178,Dry,Clear,Collision with a fixed object,Wednesday,Day,100,2017/01/04,14:34:00,No,1.0,1.0,-37.94727995,144.2659409,GREATER GEELONG
T20170000180,Dry,Clear,Collision with vehicle,Wednesday,Day,100,2017/01/04,15:30:00,No,6.0,6.0,-38.6362121,145.844606,SOUTH GIPPSLAND
T20170000181,Dry,Clear,Collision with a fixed object,Wednesday,Day,60,2017/01/04,16:10:00,No,1.0,1.0,-38.37917641,142.4599617,WARRNAMBOOL
T20170000186,Dry,Clear,Collision with a fixed object,Tuesday,Day,80,2017/01/03,17:20:00,No,2.0,1.0,-38.28709952,144.0174155,SURF COAST
T20170000191,Dry,Clear,Collision with vehicle,Wednesday,Day,50,2017/01/04,17:00:00,No,3.0,1.0,-37.56331333,143.8499965,BALLARAT
T20170000192,Dry,Clear,Vehicle overturned (no collision),Wednesday,Day,50,2017/01/04,19:00:00,Yes,1.0,1.0,-36.14355332,144.7363465,CAMPASPE
T20170000198,Dry,Clear,Collision with vehicle,Wednesday,Day,60,2017/01/04,15:10:00,No,2.0,2.0,-38.08608929,144.3744176,GREATER GEELONG
T20170000217,Dry,Dust,Collision with a fixed object,Thursday,Day,60,2016/11/17,16:00:00,No,1.0,1.0,-38.79999396,143.4820509,COLAC OTWAY
T20170000228,Unknown,Not known,Struck Pedestrian,Monday,Unknown,999,2017/01/02,12:00:00,No,2.0,1.0,-37.02147001,145.9063831,MANSFIELD
T20170000233,Dry,Clear,Collision with vehicle,Thursday,Day,100,2017/01/05,12:40:00,No,5.0,3.0,-36.2544687,147.0812845,INDIGO
T20170000234,Dry,Clear,Collision with vehicle,Sunday,Dusk/Dawn,50,2016/10/16,18:30:00,Yes,4.0,1.0,-38.16035006,145.9321802,BAW BAW
T20170000242,Dry,Clear,Collision with vehicle,Thursday,Day,50,2017/01/05,14:20:00,No,3.0,1.0,-38.14967037,144.3596413,GREATER GEELONG
T20170000243,Dry,Clear,No collision and no object struck,Thursday,Day,60,2017/01/05,15:00:00,No,1.0,1.0,-34.19106785,142.1556458,MILDURA
T20170000246,Dry,Clear,Collision with vehicle,Thursday,Day,100,2017/01/05,14:00:00,No,2.0,1.0,-38.40438987,143.5859388,COLAC OTWAY
T20170000247,Dry,Clear,Collision with vehicle,Thursday,Day,100,2017/01/05,15:30:00,No,3.0,1.0,-36.48718043,144.3804227,GREATER BENDIGO
T20170000250,Dry,Clear,Collision with a fixed object,Thursday,Day,100,2017/01/05,15:00:00,No,1.0,1.0,-36.85638328,145.4740867,STRATHBOGIE
T20170000255,Dry,Clear,Collision with vehicle,Thursday,Day,50,2017/01/05,19:10:00,Yes,3.0,3.0,-38.13359177,144.7077076,GREATER GEELONG
T20170000256,Dry,Clear,Collision with vehicle,Thursday,Day,80,2017/01/05,18:00:00,Yes,6.0,2.0,-38.77461987,143.5109,COLAC OTWAY
T20170000258,Dry,Clear,Collision with vehicle,Thursday,Day,100,2017/01/05,17:28:00,No,2.0,2.0,-38.27121625,146.469905,LATROBE
T20170000261,Dry,Clear,Collision with vehicle,Friday,Dark Street lights on,110,2017/01/06,01:20:00,Yes,7.0,1.0,-38.2039572,146.1786125,BAW BAW
T20170000265,Dry,Clear,Vehicle overturned (no collision),Friday,Dark No street lights,100,2017/01/06,04:00:00,Yes,2.0,2.0,-37.08473995,143.94748,CENTRAL GOLDFIELDS
T20170000268,Dry,Clear,Collision with a fixed object,Friday,Dark No street lights,110,2017/01/06,01:10:00,Yes,1.0,1.0,-36.79241683,145.4856067,STRATHBOGIE
T20170000270,Dry,Clear,Collision with vehicle,Monday,Day,999,2017/01/02,15:00:00,No,3.0,1.0,-38.52108227,143.5730324,COLAC OTWAY
T20170000275,Dry,Clear,Collision with vehicle,Friday,Day,30,2017/01/06,10:00:00,No,2.0,1.0,-38.12836977,145.8462501,BAW BAW
T20170000278,Unknown,Clear,No collision and no object struck,Sunday,Day,50,2017/01/01,11:30:00,No,1.0,1.0,-37.41390342,144.5199383,MACEDON RANGES
T20170000280,Dry,Clear,Collision with a fixed object,Tuesday,Day,100,2016/10/18,10:30:00,No,3.0,1.0,-38.16264291,145.8740083,BAW BAW
T20170000282,Dry,Clear,Struck Pedestrian,Thursday,Day,50,2016/12/22,15:00:00,No,2.0,1.0,-38.09448814,144.3586546,GREATER GEELONG
T20170000284,Dry,Clear,Collision with vehicle,Thursday,Day,50,2017/01/05,14:20:00,No,4.0,3.0,-37.57398192,143.8325357,BALLARAT
T20170000286,Dry,Clear,Collision with a fixed object,Friday,Day,100,2017/01/06,11:30:00,No,1.0,1.0,-37.90124632,147.6225549,EAST GIPPSLAND
T20170000298,Dry,Clear,Collision with vehicle,Friday,Day,60,2017/01/06,12:00:00,No,3.0,1.0,-37.57030331,143.8501352,BALLARAT
T20170000302,Dry,Clear,Collision with vehicle,Friday,Day,60,2017/01/06,14:10:00,No,5.0,3.0,-38.18308112,144.3891081,GREATER GEELONG
T20170000308,Dry,Clear,Collision with vehicle,Friday,Day,100,2017/01/06,16:00:00,Yes,7.0,2.0,-38.67233154,143.1251769,CORANGAMITE
T20170000317,Dry,Clear,Collision with vehicle,Friday,Day,100,2017/01/06,17:00:00,Yes,5.0,5.0,-37.67907742,143.6379187,GOLDEN PLAINS
T20170000321,Dry,Clear,Collision with vehicle,Thursday,Day,80,2017/01/05,15:55:00,No,2.0,1.0,-37.50138977,148.5507308,EAST GIPPSLAND
T20170000322,Dry,Clear,Collision with a fixed object,Friday,Dusk/Dawn,100,2017/01/06,20:45:00,Yes,1.0,1.0,-36.51346999,145.4982238,GREATER SHEPPARTON
T20170000330,Dry,Clear,collision with some other object,Sunday,Day,60,2016/12/25,08:30:00,Yes,1.0,1.0,-34.24907814,142.0335909,MILDURA
T20170000334,Dry,Clear,Collision with vehicle,Wednesday,Day,50,2017/01/04,18:54:00,Yes,2.0,1.0,-34.17680498,142.152767,MILDURA
T20170000336,Dry,Clear,Collision with vehicle,Saturday,Day,100,2017/01/07,09:30:00,No,5.0,1.0,-38.67233154,143.1251769,CORANGAMITE
T20170000352,Dry,Clear,Vehicle overturned (no collision),Friday,Day,60,2017/01/06,09:05:00,No,1.0,1.0,-38.14131913,144.294518,GREATER GEELONG
T20170000373,Dry,Clear,Collision with a fixed object,Saturday,Dark Street lights on,50,2017/01/07,22:00:00,Yes,2.0,1.0,-38.17919769,146.2993713,LATROBE
T20170000378,Dry,Clear,Collision with vehicle,Sunday,Dark No street lights,40,2017/01/08,02:58:00,Yes,6.0,3.0,-38.14722717,144.3713513,GREATER GEELONG
T20170000381,Dry,Clear,Collision with a fixed object,Saturday,Day,100,2017/01/07,15:30:00,Yes,1.0,1.0,-36.94557004,143.15812,PYRENEES
T20170000385,Dry,Clear,collision with some other object,Saturday,Day,40,2017/01/07,20:00:00,Yes,1.0,1.0,-35.97519005,144.5070396,CAMPASPE
T20170000389,Unknown,Not known,collision with some other object,Wednesday,Day,999,2016/12/28,15:00:00,No,1.0,1.0,-37.99798809,146.2781464,BAW BAW
T20170000394,Dry,Clear,Collision with vehicle,Sunday,Day,100,2017/01/08,11:25:00,No,3.0,1.0,-38.33350441,145.9033711,BAW BAW
T20170000396,Dry,Clear,Collision with vehicle,Sunday,Day,60,2017/01/08,11:50:00,No,2.0,1.0,-36.73417843,144.265252,GREATER BENDIGO
T20170000399,Dry,Clear,Collision with a fixed object,Sunday,Day,50,2017/01/08,13:30:00,No,1.0,1.0,-38.1731599,144.4714391,GREATER GEELONG
T20170000410,Dry,Clear,Collision with a fixed object,Sunday,Day,80,2017/01/08,11:05:00,No,1.0,1.0,-37.5847899,145.6364601,MURRINDINDI
T20170000419,Dry,Clear,Collision with vehicle,Sunday,Day,50,2017/01/08,19:15:00,Yes,2.0,1.0,-38.17123962,144.7173715,GREATER GEELONG
T20170000421,Dry,Clear,Struck animal,Sunday,Day,80,2017/01/08,16:40:00,Yes,1.0,1.0,-38.90919071,146.2527477,SOUTH GIPPSLAND
T20170000428,Dry,Clear,Collision with a fixed object,Monday,Dark Street lights on,60,2017/01/09,00:55:00,Yes,1.0,1.0,-37.97645965,146.7831186,WELLINGTON
T20170000437,Dry,Clear,Other accident,Wednesday,Day,999,2016/12/28,16:00:00,No,1.0,1.0,-37.67979989,143.7453998,GOLDEN PLAINS
T20170000438,Wet,Raining,collision with some other object,Friday,Dusk/Dawn,80,2016/12/30,05:40:00,Yes,1.0,1.0,-38.09181972,146.0143103,BAW BAW
T20170000448,Dry,Clear,Collision with vehicle,Friday,Day,100,2017/01/06,18:00:00,Yes,2.0,1.0,-38.14036701,146.5567134,LATROBE
T20170000463,Wet,Raining,Collision with vehicle,Monday,Day,60,2017/01/09,13:40:00,No,2.0,1.0,-36.72039458,144.2523105,GREATER BENDIGO
T20170000465,Dry,Clear,Collision with vehicle,Monday,Day,70,2017/01/09,17:20:00,No,5.0,2.0,-38.36443789,142.4596073,WARRNAMBOOL
T20170000468,Wet,Raining,Collision with a fixed object,Monday,Dusk/Dawn,80,2017/01/09,19:30:00,Yes,2.0,2.0,-36.57858976,145.9608676,BENALLA
T20170000472,Dry,Clear,Collision with a fixed object,Monday,Day,100,2017/01/09,16:00:00,No,1.0,1.0,-37.92969016,141.9510694,SOUTHERN GRAMPIANS
T20170000481,Dry,Fog,Collision with a fixed object,Tuesday,Dark Street lights on,70,2017/01/10,04:30:00,Yes,1.0,1.0,-37.4675685,144.6733025,MACEDON RANGES
T20170000485,Dry,Clear,Collision with vehicle,Sunday,Dusk/Dawn,60,2016/11/20,20:05:00,Yes,4.0,2.0,-38.14460981,144.3290659,GREATER GEELONG
T20170000486,Dry,Clear,Collision with a fixed object,Sunday,Dark No street lights,70,2017/01/08,03:30:00,No,1.0,1.0,-38.18700755,144.5512417,GREATER GEELONG
T20170000504,Dry,Not known,Vehicle overturned (no collision),Tuesday,Dusk/Dawn,100,2017/01/10,06:00:00,Yes,1.0,1.0,-38.02712051,147.1789741,WELLINGTON
T20170000508,Dry,Clear,Collision with vehicle,Tuesday,Day,100,2017/01/10,14:25:00,No,2.0,1.0,-38.73054027,143.2533222,CORANGAMITE
T20170000526,Dry,Clear,Collision with vehicle,Tuesday,Day,80,2017/01/10,18:14:00,Yes,2.0,1.0,-37.19226305,144.406791,MACEDON RANGES
T20170000533,Dry,Clear,Collision with vehicle,Tuesday,Day,50,2017/01/10,19:20:00,Yes,3.0,3.0,-36.76369385,144.2923336,GREATER BENDIGO
T20170000534,Dry,Clear,Collision with a fixed object,Tuesday,Day,100,2017/01/10,19:30:00,Yes,3.0,1.0,-36.88256238,145.6441398,STRATHBOGIE
T20170000535,Dry,Clear,Collision with vehicle,Tuesday,Dusk/Dawn,50,2017/01/10,20:40:00,Yes,1.0,1.0,-36.13106734,146.8847006,WODONGA
T20170000536,Dry,Clear,No collision and no object struck,Tuesday,Day,100,2017/01/10,17:50:00,No,3.0,2.0,-36.27202809,147.0871405,INDIGO
T20170000538,Dry,Clear,Collision with vehicle,Tuesday,Day,60,2017/01/10,17:30:00,No,4.0,1.0,-38.18890701,144.4739632,GREATER GEELONG
T20170000547,Dry,Clear,Struck Pedestrian,Tuesday,Dark Street lights on,50,2017/01/10,23:15:00,Yes,2.0,1.0,-36.13382415,144.7574457,CAMPASPE
T20170000552,Dry,Clear,Collision with a fixed object,Wednesday,Dark No street lights,100,2017/01/11,03:50:00,Yes,1.0,1.0,-37.95623001,144.3519801,GREATER GEELONG
T20170000562,Dry,Clear,Collision with a fixed object,Wednesday,Day,100,2017/01/11,08:50:00,No,1.0,1.0,-37.55280922,144.5732357,MACEDON RANGES
T20170000563,Dry,Clear,Vehicle overturned (no collision),Wednesday,Day,100,2017/01/11,08:25:00,No,4.0,2.0,-38.647281,143.5874525,COLAC OTWAY
T20170000566,Dry,Clear,Collision with a fixed object,Wednesday,Day,100,2017/01/11,10:20:00,No,6.0,3.0,-36.55570811,147.4052313,TOWONG
T20170000567,Dry,Clear,No collision and no object struck,Friday,Day,100,2016/12/16,08:48:00,No,2.0,1.0,-37.37571108,144.9680159,MITCHELL
T20170000572,Dry,Clear,Collision with vehicle,Wednesday,Day,60,2017/01/11,09:00:00,No,3.0,1.0,-37.82877977,147.619408,EAST GIPPSLAND
T20170000577,Dry,Not known,Collision with a fixed object,Friday,Day,30,2016/12/30,14:00:00,No,1.0,1.0,-37.42767108,145.2878795,MURRINDINDI
T20170000586,Unknown,Clear,Vehicle overturned (no collision),Saturday,Day,100,2016/11/12,10:00:00,No,1.0,1.0,-37.76160006,146.8446397,WELLINGTON
T20170000590,Unknown,Clear,Struck animal,Sunday,Day,999,2017/01/08,10:30:00,No,1.0,1.0,-37.97069966,146.0871289,BAW BAW
T20170000610,Dry,Clear,Collision with vehicle,Wednesday,Day,100,2017/01/11,14:30:00,No,2.0,2.0,-34.78103889,143.2473109,SWAN HILL
T20170000614,Dry,Clear,No collision and no object struck,Saturday,Day,999,2016/12/31,17:30:00,Yes,1.0,1.0,-36.69786404,142.6671488,YARRIAMBIACK
T20170000640,Dry,Clear,Collision with a fixed object,Thursday,Day,100,2017/01/12,07:00:00,No,1.0,1.0,-36.11002883,141.529859,HINDMARSH
T20170000642,Dry,Clear,Collision with vehicle,Thursday,Day,110,2017/01/12,11:00:00,No,2.0,1.0,-37.11864045,145.0919845,MITCHELL
T20170000645,Dry,Clear,Collision with vehicle,Wednesday,Day,60,2017/01/11,07:30:00,No,2.0,1.0,-38.14743713,144.3527539,GREATER GEELONG
T20170000656,Dry,Clear,Collision with vehicle,Thursday,Day,100,2017/01/12,11:00:00,No,7.0,3.0,-38.62170384,142.9346368,CORANGAMITE
T20170000659,Dry,Clear,Collision with a fixed object,Friday,Day,100,2016/10/21,11:15:00,No,1.0,1.0,-35.98202,145.6135982,MOIRA
T20170000662,Dry,Clear,Collision with vehicle,Thursday,Day,60,2017/01/12,16:20:00,No,5.0,1.0,-38.25432883,144.5362214,GREATER GEELONG
T20170000663,Dry,Clear,Collision with a fixed object,Thursday,Day,100,2017/01/12,15:45:00,No,3.0,1.0,-37.5555699,147.8867001,EAST GIPPSLAND
T20170000668,Dry,Clear,No collision and no object struck,Sunday,Day,60,2017/01/08,16:00:00,Yes,1.0,1.0,-36.26579132,145.5868046,GREATER SHEPPARTON
T20170000669,Dry,Clear,Collision with vehicle,Thursday,Day,80,2017/01/12,16:00:00,No,2.0,1.0,-37.35064596,145.0213399,MITCHELL
T20170000676,Dry,Clear,Collision with vehicle,Wednesday,Day,100,2017/01/11,17:35:00,No,2.0,1.0,-36.42551418,145.3134986,GREATER SHEPPARTON
T20170000683,Dry,Clear,Collision with vehicle,Wednesday,Day,70,2017/01/04,14:15:00,No,2.0,1.0,-38.1275839,144.351647,GREATER GEELONG
T20170000693,Dry,Clear,Struck Pedestrian,Thursday,Dark No street lights,100,2017/01/12,22:20:00,Yes,4.0,1.0,-38.50069917,145.4610782,BASS COAST
T20170000697,Dry,Clear,Vehicle overturned (no collision),Thursday,Dark No street lights,100,2017/01/12,23:55:00,Yes,1.0,1.0,-37.93948075,144.2639656,GREATER GEELONG
T20170000700,Dry,Clear,Vehicle overturned (no collision),Thursday,Day,50,2016/12/01,09:30:00,No,1.0,1.0,-36.13334165,144.7338825,CAMPASPE
T20170000710,Dry,Clear,No collision and no object struck,Friday,Day,50,2017/01/13,08:50:00,No,1.0,1.0,-36.76142368,144.2833852,GREATER BENDIGO
T20170000717,Wet,Clear,Collision with vehicle,Friday,Day,80,2017/01/13,11:10:00,No,4.0,2.0,-37.96253624,147.0889737,WELLINGTON
T20170000718,Wet,Raining,Collision with vehicle,Friday,Day,100,2017/01/13,10:15:00,No,5.0,2.0,-38.51664962,143.9717794,SURF COAST
T20170000720,Wet,Not known,Collision with a fixed object,Friday,Day,100,2017/01/13,10:20:00,No,1.0,1.0,-38.4113497,146.2037819,SOUTH GIPPSLAND
T20170000725,Wet,Raining,Collision with vehicle,Friday,Day,80,2017/01/13,09:30:00,No,4.0,1.0,-38.08295189,144.3599426,GREATER GEELONG
T20170000733,Wet,Raining,Collision with vehicle,Friday,Day,60,2017/01/13,14:45:00,No,5.0,4.0,-34.21045776,142.1420126,MILDURA
T20170000745,Dry,Clear,Collision with vehicle,Wednesday,Day,60,2017/01/11,16:00:00,No,3.0,1.0,-38.16357016,144.3533207,GREATER GEELONG
T20170000757,Wet,Raining,Collision with a fixed object,Friday,Day,60,2017/01/13,15:54:00,No,3.0,1.0,-38.16896442,144.3319172,GREATER GEELONG
T20170000766,Wet,Clear,Collision with a fixed object,Friday,Dark No street lights,100,2017/01/13,20:30:00,Yes,1.0,1.0,-37.44846882,145.7519283,MURRINDINDI
T20170000778,Wet,Raining,Collision with a fixed object,Friday,Day,100,2017/01/13,16:45:00,Yes,4.0,4.0,-36.71126052,144.758947,CAMPASPE
T20170000797,Dry,Clear,Collision with vehicle,Saturday,Day,50,2017/01/14,08:45:00,No,4.0,1.0,-37.81994198,147.61898,EAST GIPPSLAND
T20170000798,Dry,Clear,Collision with a fixed object,Saturday,Day,100,2017/01/14,09:00:00,No,1.0,1.0,-36.17778044,146.5732127,INDIGO
T20170000799,Dry,Clear,Collision with a fixed object,Saturday,Day,50,2017/01/14,07:35:00,No,1.0,1.0,-38.15686067,144.5549603,GREATER GEELONG
T20170000805,Dry,Clear,Struck Pedestrian,Saturday,Day,60,2017/01/14,10:40:00,No,3.0,1.0,-37.41637204,144.9791124,MITCHELL
T20170000808,Dry,Clear,Collision with a fixed object,Saturday,Day,80,2017/01/14,12:30:00,No,1.0,1.0,-38.18842072,144.6974998,GREATER GEELONG
T20170000818,Dry,Clear,Collision with vehicle,Saturday,Day,50,2017/01/14,15:15:00,Yes,2.0,1.0,-36.732036,144.3061428,GREATER BENDIGO
T20170000841,Dry,Clear,Fall from or in moving vehicle,Sunday,Dark Street lights on,50,2017/01/15,02:30:00,No,4.0,1.0,-37.25029028,144.4643621,MACEDON RANGES
T20170000845,Dry,Clear,Vehicle overturned (no collision),Saturday,Day,80,2017/01/14,10:15:00,No,4.0,2.0,-38.05932056,144.3873309,GREATER GEELONG
T20170000847,Dry,Clear,Collision with vehicle,Thursday,Day,80,2016/12/29,16:40:00,No,2.0,1.0,-38.1792534,144.6207871,GREATER GEELONG
T20170000849,Dry,Clear,Collision with vehicle,Saturday,Day,60,2017/01/14,19:15:00,Yes,2.0,1.0,-37.40608302,144.9747993,MITCHELL
T20170000851,Wet,Raining,No collision and no object struck,Saturday,Day,100,2017/01/14,11:00:00,No,1.0,1.0,-38.69990067,143.2162595,CORANGAMITE
T20170000853,Dry,Clear,Collision with a fixed object,Sunday,Day,100,2017/01/15,08:20:00,No,1.0,1.0,-38.15486997,145.8700012,BAW BAW
T20170000854,Dry,Clear,Vehicle overturned (no collision),Saturday,Day,100,2017/01/14,13:55:00,No,3.0,2.0,-37.87059463,145.8053338,BAW BAW
T20170000862,Dry,Clear,Vehicle overturned (no collision),Sunday,Day,999,2017/01/15,11:00:00,No,1.0,1.0,-37.95772247,145.9138604,BAW BAW
T20170000869,Dry,Clear,Collision with vehicle,Sunday,Day,80,2017/01/15,12:10:00,No,4.0,1.0,-37.3836145,144.495301,MACEDON RANGES
T20170000876,Dry,Clear,Collision with vehicle,Sunday,Day,999,2017/01/15,14:30:00,No,3.0,1.0,-38.40752048,145.5302338,BASS COAST
T20170000879,Dry,Clear,Vehicle overturned (no collision),Sunday,Day,60,2017/01/15,11:50:00,No,2.0,1.0,-36.72680728,146.964662,ALPINE
T20170000881,Dry,Clear,Collision with vehicle,Sunday,Day,70,2017/01/15,18:30:00,No,2.0,1.0,-37.55796395,143.8918256,BALLARAT
T20170000885,Dry,Clear,Collision with a fixed object,Sunday,Day,100,2017/01/15,17:15:00,Yes,2.0,2.0,-36.09924149,145.49976,MOIRA
T20170000886,Dry,Clear,Vehicle overturned (no collision),Sunday,Day,100,2017/01/15,16:40:00,Yes,1.0,1.0,-36.05263195,147.21489,TOWONG
T20170000894,Dry,Clear,Collision with vehicle,Sunday,Day,50,2017/01/15,20:45:00,Yes,2.0,1.0,-36.71070109,144.2593506,GREATER BENDIGO
T20170000895,Dry,Clear,Collision with vehicle,Sunday,Day,70,2017/01/15,20:00:00,Yes,6.0,6.0,-36.30790847,145.0320615,CAMPASPE
T20170000898,Dry,Clear,Collision with a fixed object,Sunday,Dark Street lights on,60,2017/01/15,04:40:00,Yes,3.0,2.0,-36.75855483,144.2981548,GREATER BENDIGO
T20170000901,Dry,Clear,No collision and no object struck,Sunday,Dark No street lights,999,2017/01/15,22:10:00,Yes,1.0,1.0,-35.82529003,144.0370135,GANNAWARRA
T20170000904,Dry,Clear,Collision with vehicle,Sunday,Day,100,2017/01/15,16:50:00,Yes,3.0,3.0,-36.48718043,144.3804227,GREATER BENDIGO
T20170000908,Dry,Clear,Collision with vehicle,Sunday,Day,80,2017/01/15,14:00:00,No,3.0,1.0,-37.39275051,144.121369,HEPBURN
T20170000923,Dry,Clear,Struck Pedestrian,Monday,Day,60,2017/01/16,07:59:00,No,2.0,1.0,-36.35793259,146.3209298,WANGARATTA
T20170000931,Dry,Clear,Struck Pedestrian,Wednesday,Day,50,2017/01/11,09:00:00,No,2.0,1.0,-37.55596081,149.7574685,EAST GIPPSLAND
T20170000934,Dry,Clear,Collision with vehicle,Sunday,Day,100,2017/01/15,15:00:00,No,2.0,1.0,-36.84880999,144.2288792,GREATER BENDIGO
T20170000936,Dry,Clear,Collision with vehicle,Monday,Day,60,2017/01/16,13:15:00,No,4.0,1.0,-36.78483085,144.2469104,GREATER BENDIGO
T20170000940,Unknown,Not known,No collision and no object struck,Saturday,Unknown,999,2016/12/17,16:15:00,Yes,1.0,1.0,-37.35065019,145.5578991,MURRINDINDI
T20170000944,Unknown,Not known,Collision with vehicle,Saturday,Unknown,999,2016/11/12,13:00:00,No,2.0,1.0,-38.19132142,146.5151469,LATROBE
T20170000947,Dry,Clear,Collision with vehicle,Monday,Day,50,2017/01/16,14:57:00,No,2.0,1.0,-38.27430844,144.4879307,GREATER GEELONG