Accident_No,Surface_Cond_Desc,Atmosph_Cond_Desc,Accident_Type_Desc,Day,Light_Condition_Desc,Speed_Zone,Accident_Date,Accident_Time,Alcohol_Influence,Total_Persons_Inv,Inj_Or_Fatal,Lat,Long,LGA
T20170000955,Dry,Clear,Collision with vehicle,Monday,Day,50,2017/01/16,16:10:00,No,2.0,1.0,-38.38347868,142.474678,WARRNAMBOOL
T20170000956,Dry,Clear,Collision with a fixed object,Sunday,Day,60,2017/01/08,15:00:00,No,1.0,1.0,-38.13046555,144.6842608,GREATER GEELONG
T20170000977,Dry,Clear,Collision with a fixed object,Tuesday,Dusk/Dawn,110,2017/01/17,07:20:00,No,1.0,1.0,-37.54026835,143.8839813,BALLARAT
T20170000981,Dry,Clear,Vehicle overturned (no collision),Thursday,Day,60,2017/01/12,08:05:00,No,1.0,1.0,-38.23997006,143.992027,SURF COAST
T20170000987,Unknown,Not known,collision with some other object,Tuesday,Day,999,2017/01/03,14:30:00,No,1.0,1.0,-37.91584449,146.6416865,WELLINGTON
T20170000993,Dry,Clear,Struck animal,Monday,Dusk/Dawn,100,2016/12/19,05:15:00,Yes,1.0,1.0,-36.8371829,144.2379407,GREATER BENDIGO
T20170000994,Dry,Not known,Vehicle overturned (no collision),Friday,Dusk/Dawn,999,2017/01/06,19:00:00,Yes,2.0,2.0,-38.50064346,143.7916262,COLAC OTWAY
T20170000995,Dry,Clear,Collision with vehicle,Tuesday,Day,80,2017/01/17,13:26:00,No,2.0,1.0,-37.04455877,146.099049,MANSFIELD
T20170001000,Unknown,Not known,No collision and no object struck,Tuesday,Unknown,100,2016/12/13,07:00:00,No,1.0,1.0,-37.68573122,143.3290801,PYRENEES
T20170001007,Dry,Clear,Vehicle overturned (no collision),Sunday,Day,999,2016/12/18,10:00:00,No,1.0,1.0,-38.0143951,146.970001,WELLINGTON
T20170001017,Dry,Clear,Collision with vehicle,Tuesday,Day,110,2017/01/17,16:00:00,No,2.0,1.0,-38.19227917,146.2845729,LATROBE
T20170001020,Dry,Clear,Collision with vehicle,Sunday,Day,100,2017/01/08,12:30:00,No,2.0,1.0,-38.21618373,144.2667659,GREATER GEELONG
T20170001027,Dry,Clear,Collision with a fixed object,Thursday,Dusk/Dawn,100,2017/01/12,20:10:00,Yes,1.0,1.0,-38.7824083,146.1650243,SOUTH GIPPSLAND
T20170001036,Dry,Clear,Collision with vehicle,Wednesday,Dark Street lights on,50,2017/01/18,01:10:00,Yes,1.0,1.0,-36.1336033,144.7600804,CAMPASPE
T20170001045,Unknown,Not known,Collision with vehicle,Friday,Day,60,2016/02/05,16:20:00,Yes,2.0,1.0,-38.18532752,144.31711,GREATER GEELONG
T20170001054,Dry,Clear,Collision with vehicle,Wednesday,Day,60,2017/01/18,09:07:00,No,2.0,1.0,-36.74557907,144.2939781,GREATER BENDIGO
T20170001056,Dry,Clear,Collision with vehicle,Wednesday,Day,100,2017/01/18,07:15:00,No,2.0,1.0,-36.68003987,144.3757299,GREATER BENDIGO
T20170001057,Dry,Clear,Collision with a fixed object,Sunday,Day,999,2017/01/15,15:30:00,No,1.0,1.0,-38.38220038,145.7016107,SOUTH GIPPSLAND
T20170001059,Dry,Clear,Vehicle overturned (no collision),Sunday,Day,999,2017/01/15,12:00:00,No,1.0,1.0,-37.77841244,143.7547981,GOLDEN PLAINS
T20170001061,Dry,Clear,Collision with vehicle,Saturday,Day,70,2016/10/08,11:00:00,No,2.0,1.0,-38.20090136,144.311871,GREATER GEELONG
T20170001066,Dry,Clear,Struck Pedestrian,Wednesday,Day,60,2017/01/18,10:10:00,No,2.0,1.0,-38.09954968,144.3231874,GREATER GEELONG
T20170001071,Dry,Clear,Collision with vehicle,Tuesday,Dark No street lights,100,2017/01/17,20:30:00,Yes,3.0,3.0,-37.89026028,146.0964983,BAW BAW
T20170001073,Dry,Clear,Struck animal,Tuesday,Day,100,2017/01/17,08:30:00,No,2.0,1.0,-37.63942966,147.8962076,EAST GIPPSLAND
T20170001077,Dry,Clear,Vehicle overturned (no collision),Wednesday,Day,100,2017/01/18,12:10:00,No,2.0,2.0,-36.88469589,141.5973389,WEST WIMMERA
T20170001079,Dry,Clear,Struck animal,Sunday,Dark No street lights,100,2017/01/15,21:40:00,Yes,3.0,1.0,-36.5208752,145.88641,BENALLA
T20170001102,Dry,Clear,Collision with vehicle,Wednesday,Day,60,2017/01/18,17:14:00,No,2.0,1.0,-36.37769099,146.3123065,WANGARATTA
T20170001116,Dry,Clear,No collision and no object struck,Thursday,Dark Street lights on,50,2017/01/19,00:24:00,Yes,3.0,1.0,-38.08763388,144.3494815,GREATER GEELONG
T20170001127,Dry,Clear,Collision with vehicle,Thursday,Day,100,2017/01/19,09:05:00,No,3.0,1.0,-38.16420027,145.889433,BAW BAW
T20170001132,Dry,Clear,Collision with vehicle,Thursday,Day,80,2017/01/19,09:45:00,No,3.0,2.0,-37.70548409,144.4578785,MOORABOOL
T20170001133,Dry,Dust,Collision with a fixed object,Thursday,Day,100,2017/01/19,10:31:00,No,1.0,1.0,-37.50812997,145.4234121,MURRINDINDI
T20170001144,Dry,Clear,Collision with a fixed object,Thursday,Day,50,2017/01/19,11:50:00,No,1.0,1.0,-35.90673645,144.3028013,GANNAWARRA
T20170001152,Dry,Clear,Collision with a fixed object,Thursday,Day,50,2017/01/19,08:40:00,No,1.0,1.0,-36.38357443,145.402049,GREATER SHEPPARTON
T20170001157,Dry,Clear,Collision with a fixed object,Thursday,Day,100,2017/01/19,11:55:00,No,2.0,1.0,-38.23718,141.62947,GLENELG
T20170001175,Wet,Clear,Vehicle overturned (no collision),Sunday,Day,999,2016/12/04,15:30:00,No,1.0,1.0,-37.27791292,146.1579025,MANSFIELD
T20170001183,Dry,Clear,Struck Pedestrian,Thursday,Day,50,2017/01/19,18:15:00,Yes,3.0,2.0,-38.26787952,144.524632,GREATER GEELONG
T20170001185,Dry,Clear,Collision with vehicle,Thursday,Day,60,2017/01/19,17:30:00,No,2.0,1.0,-38.08405305,144.3575982,GREATER GEELONG
T20170001196,Dry,Clear,Collision with vehicle,Thursday,Dusk/Dawn,80,2017/01/19,19:45:00,Yes,2.0,1.0,-38.06821776,144.377507,GREATER GEELONG
T20170001214,Wet,Clear,Collision with vehicle,Friday,Day,60,2017/01/20,09:00:00,No,2.0,1.0,-37.58712866,143.8275196,BALLARAT
T20170001222,Dry,Clear,Collision with vehicle,Monday,Day,60,2017/01/09,16:30:00,No,2.0,1.0,-36.72599995,142.2052428,HORSHAM
T20170001234,Wet,Raining,Collision with a fixed object,Friday,Day,100,2017/01/20,10:24:00,No,3.0,1.0,-38.38072938,145.8323985,SOUTH GIPPSLAND
T20170001240,Dry,Clear,Collision with a fixed object,Sunday,Dark No street lights,100,2017/01/01,22:30:00,Yes,1.0,1.0,-36.97076795,144.2945597,MOUNT ALEXANDER
T20170001243,Unknown,Clear,Collision with a fixed object,Friday,Day,100,2017/01/20,14:50:00,No,6.0,2.0,-38.44465608,146.0044202,SOUTH GIPPSLAND
T20170001251,Unknown,Not known,Collision with vehicle,Thursday,Day,999,2016/12/22,11:45:00,No,2.0,1.0,-37.57382001,143.8643611,BALLARAT
T20170001256,Wet,Raining,Collision with a fixed object,Friday,Dark No street lights,100,2017/01/20,03:15:00,Yes,1.0,1.0,-37.38272975,145.4738627,MURRINDINDI
T20170001268,Wet,Raining,Collision with a fixed object,Friday,Dark No street lights,110,2017/01/20,05:30:00,Yes,4.0,4.0,-37.01061175,145.1101122,MITCHELL
T20170001273,Dry,Clear,Collision with a fixed object,Friday,Dark No street lights,999,2017/01/20,23:39:00,Yes,4.0,2.0,-38.35637243,144.0381909,SURF COAST
T20170001276,Dry,Clear,Collision with a fixed object,Saturday,Dark Street lights on,50,2017/01/21,03:00:00,Yes,3.0,1.0,-38.36649044,142.4885446,WARRNAMBOOL
T20170001278,Dry,Clear,Vehicle overturned (no collision),Saturday,Dark No street lights,100,2017/01/21,02:15:00,Yes,2.0,2.0,-37.85143199,147.9441886,EAST GIPPSLAND
T20170001293,Dry,Clear,Collision with a fixed object,Saturday,Dark Street lights off,50,2017/01/21,00:03:00,Yes,1.0,1.0,-38.5678522,146.6782695,WELLINGTON
T20170001297,Dry,Clear,Collision with a fixed object,Saturday,Day,110,2017/01/21,16:00:00,Yes,4.0,1.0,-36.68005903,145.6719384,STRATHBOGIE
T20170001299,Dry,Not known,Collision with vehicle,Saturday,Day,999,2017/01/21,15:45:00,Yes,2.0,1.0,-36.05631803,146.4637368,INDIGO
T20170001300,Dry,Clear,Collision with vehicle,Friday,Day,50,2017/01/20,15:45:00,No,2.0,1.0,-37.35597329,144.7436359,MACEDON RANGES
T20170001322,Dry,Clear,Collision with vehicle,Sunday,Day,60,2017/01/22,08:30:00,Yes,4.0,1.0,-38.14537599,144.3354674,GREATER GEELONG
T20170001328,Dry,Clear,Collision with a fixed object,Sunday,Day,100,2017/01/22,08:08:00,Yes,3.0,1.0,-34.86533335,143.3405549,SWAN HILL
T20170001336,Dry,Clear,Fall from or in moving vehicle,Thursday,Day,100,2016/12/22,19:30:00,Yes,3.0,1.0,-38.06696993,144.2220201,GOLDEN PLAINS
T20170001337,Dry,Clear,Collision with vehicle,Sunday,Day,100,2017/01/22,15:03:00,No,8.0,2.0,-37.59143398,148.9604487,EAST GIPPSLAND
T20170001338,Dry,Clear,Collision with vehicle,Sunday,Day,50,2017/01/22,16:45:00,Yes,6.0,1.0,-37.28685853,144.9490676,MITCHELL
T20170001339,Dry,Clear,Collision with a fixed object,Sunday,Day,100,2017/01/22,15:00:00,No,1.0,1.0,-38.07470256,146.0781107,BAW BAW
T20170001340,Dry,Clear,Collision with vehicle,Sunday,Day,100,2017/01/22,16:30:00,Yes,3.0,3.0,-38.46664973,145.537689,BASS COAST
T20170001341,Dry,Clear,Collision with vehicle,Friday,Day,100,2017/01/20,16:55:00,Yes,5.0,2.0,-35.47411301,143.6752084,SWAN HILL
T20170001342,Dry,Not known,Collision with vehicle,Sunday,Day,100,2017/01/22,16:18:00,No,3.0,2.0,-38.24993042,144.3319933,SURF COAST
T20170001343,Dry,Clear,Collision with vehicle,Sunday,Day,100,2017/01/22,16:00:00,Yes,3.0,1.0,-38.28628112,144.3251896,SURF COAST
T20170001346,Dry,Clear,No collision and no object struck,Sunday,Day,80,2017/01/22,15:40:00,No,1.0,1.0,-37.54744139,144.3015014,MOORABOOL
T20170001348,Dry,Clear,Collision with vehicle,Sunday,Day,100,2017/01/22,16:50:00,Yes,21.0,10.0,-38.53019846,145.8798686,SOUTH GIPPSLAND
T20170001364,Wet,Raining,Collision with vehicle,Sunday,Day,80,2017/01/01,14:30:00,No,5.0,3.0,-38.30777861,144.3199908,SURF COAST
T20170001366,Dry,Clear,Collision with vehicle,Monday,Dark Street lights on,80,2017/01/23,00:40:00,Yes,3.0,2.0,-37.56363552,143.9322617,BALLARAT
T20170001373,Dry,Clear,Struck Pedestrian,Wednesday,Dark Street lights on,50,2015/12/30,04:00:00,Yes,2.0,1.0,-38.18653991,144.3994193,GREATER GEELONG
T20170001377,Dry,Clear,Vehicle overturned (no collision),Monday,Day,100,2017/01/23,08:50:00,Yes,1.0,1.0,-37.9367106,144.0066307,GOLDEN PLAINS
T20170001383,Unknown,Not known,Vehicle overturned (no collision),Saturday,Day,999,2017/01/21,11:30:00,No,1.0,1.0,-37.33862096,145.1459994,MITCHELL
T20170001386,Dry,Clear,Fall from or in moving vehicle,Monday,Day,60,2017/01/23,10:55:00,No,3.0,1.0,-34.19700683,142.1282851,MILDURA
T20170001395,Dry,Clear,Vehicle overturned (no collision),Monday,Day,60,2017/01/23,13:35:00,No,3.0,1.0,-38.21638174,144.2864007,GREATER GEELONG
T20170001398,Dry,Clear,Vehicle overturned (no collision),Saturday,Day,999,2017/01/21,14:00:00,Yes,1.0,1.0,-38.51019037,143.8630378,SURF COAST
T20170001399,Dry,Clear,Collision with vehicle,Monday,Day,100,2017/01/23,13:00:00,No,3.0,1.0,-38.38107032,145.5540086,BASS COAST
T20170001400,Dry,Clear,Collision with a fixed object,Monday,Day,100,2017/01/23,12:40:00,No,1.0,1.0,-38.08175983,145.7783696,BAW BAW
T20170001401,Unknown,Clear,No collision and no object struck,Monday,Day,999,2017/01/23,11:45:00,No,1.0,1.0,-37.45633891,145.4184034,MURRINDINDI
T20170001402,Dry,Clear,Collision with a fixed object,Monday,Day,100,2017/01/23,12:05:00,No,1.0,1.0,-37.29367607,143.5038478,PYRENEES
T20170001405,Wet,Raining,Collision with a fixed object,Sunday,Day,100,2016/10/02,18:00:00,No,3.0,1.0,-36.81478004,144.0974424,GREATER BENDIGO
T20170001406,Unknown,Not known,Collision with vehicle,Tuesday,Day,999,2016/12/27,18:15:00,Yes,2.0,1.0,-38.26961883,144.5212269,GREATER GEELONG
T20170001412,Dry,Not known,No collision and no object struck,Saturday,Day,999,2017/01/21,11:30:00,No,2.0,1.0,-35.46649866,143.6092623,SWAN HILL
T20170001413,Dry,Clear,Vehicle overturned (no collision),Monday,Day,100,2017/01/23,16:10:00,No,1.0,1.0,-35.81685929,143.828548,GANNAWARRA
T20170001419,Dry,Clear,Collision with vehicle,Tuesday,Day,50,2016/12/13,10:30:00,No,2.0,1.0,-36.76157897,144.2875406,GREATER BENDIGO
T20170001421,Dry,Clear,No collision and no object struck,Monday,Day,100,2017/01/23,16:30:00,Yes,1.0,1.0,-35.97761084,147.5839515,TOWONG
T20170001425,Dry,Clear,Collision with a fixed object,Monday,Dusk/Dawn,80,2017/01/23,20:35:00,Yes,1.0,1.0,-37.6502929,144.4533128,MOORABOOL
T20170001426,Dry,Clear,Collision with vehicle,Monday,Day,80,2017/01/23,18:00:00,Yes,2.0,2.0,-38.52401848,146.8739649,WELLINGTON
T20170001431,Dry,Clear,Collision with vehicle,Monday,Dark No street lights,60,2017/01/23,22:20:00,Yes,2.0,1.0,-38.22071507,146.4716393,LATROBE
T20170001439,Dry,Clear,Collision with vehicle,Tuesday,Day,80,2017/01/24,08:40:00,No,2.0,1.0,-37.5590056,143.8181813,BALLARAT
T20170001441,Dry,Clear,Collision with a fixed object,Monday,Day,100,2017/01/23,16:50:00,No,2.0,2.0,-38.00587996,147.2562197,WELLINGTON
T20170001450,Dry,Clear,Collision with a fixed object,Wednesday,Day,60,2016/09/07,17:05:00,No,1.0,1.0,-38.161668,145.922659,BAW BAW
T20170001451,Dry,Clear,Vehicle overturned (no collision),Tuesday,Day,100,2017/01/24,09:00:00,No,1.0,1.0,-38.21875031,142.6580236,MOYNE
T20170001452,Dry,Clear,Collision with vehicle,Tuesday,Day,50,2017/01/24,11:00:00,No,4.0,1.0,-36.12174641,144.7464134,CAMPASPE
T20170001459,Dry,Clear,Collision with vehicle,Friday,Day,50,2017/01/20,15:45:00,No,2.0,1.0,-36.37781636,145.4065031,GREATER SHEPPARTON
T20170001460,Dry,Clear,Collision with a fixed object,Tuesday,Day,100,2017/01/24,12:30:00,No,1.0,1.0,-36.53692265,145.89395,BENALLA
T20170001462,Dry,Clear,Collision with vehicle,Friday,Day,60,2017/01/06,17:20:00,Yes,2.0,1.0,-38.15921965,144.3936029,GREATER GEELONG
T20170001465,Dry,Clear,Vehicle overturned (no collision),Tuesday,Day,60,2017/01/24,14:20:00,No,1.0,1.0,-36.07370027,146.7262386,WODONGA
T20170001468,Dry,Clear,Fall from or in moving vehicle,Monday,Day,999,2016/12/19,13:00:00,No,2.0,1.0,-38.02833269,145.9889002,BAW BAW
T20170001477,Dry,Clear,Collision with vehicle,Tuesday,Day,50,2017/01/24,15:00:00,No,3.0,3.0,-38.38421059,142.4741442,WARRNAMBOOL
T20170001480,Dry,Clear,Collision with a fixed object,Tuesday,Day,110,2017/01/24,06:30:00,No,1.0,1.0,-36.1098166,146.8986985,WODONGA
T20170001487,Dry,Clear,Collision with a fixed object,Monday,Dark No street lights,60,2017/01/23,21:35:00,Yes,1.0,1.0,-36.85103094,147.2706789,FALLS CREEK ALPINE RESORT (UNINC)
T20170001488,Dry,Clear,Collision with vehicle,Tuesday,Dusk/Dawn,50,2017/01/24,20:20:00,Yes,2.0,1.0,-38.60489872,145.5909826,BASS COAST
T20170001498,Dry,Clear,Collision with vehicle,Monday,Day,50,2016/12/26,14:40:00,No,8.0,1.0,-37.28464531,142.9260697,ARARAT
T20170001505,Dry,Clear,Collision with a fixed object,Friday,Day,100,2017/01/20,15:00:00,No,1.0,1.0,-36.00145251,144.09202,LODDON
T20170001517,Dry,Clear,Collision with a fixed object,Sunday,Day,80,2017/01/15,20:05:00,Yes,2.0,1.0,-38.23707751,142.893436,CORANGAMITE
T20170001521,Wet,Raining,Collision with a fixed object,Thursday,Dark Street lights unknown,100,2016/08/04,23:00:00,Yes,1.0,1.0,-37.49637992,149.181218,EAST GIPPSLAND
T20170001524,Dry,Clear,Collision with vehicle,Wednesday,Day,50,2017/01/25,10:55:00,No,2.0,1.0,-36.0130124,146.0112881,MOIRA
T20170001530,Dry,Clear,Collision with vehicle,Wednesday,Day,50,2017/01/25,13:00:00,No,3.0,2.0,-36.35795427,146.316118,WANGARATTA
T20170001531,Dry,Clear,Struck Pedestrian,Wednesday,Day,40,2017/01/25,07:30:00,No,2.0,1.0,-38.50223999,145.2295017,BASS COAST
T20170001532,Dry,Clear,Collision with vehicle,Wednesday,Day,60,2017/01/25,06:45:00,No,2.0,1.0,-38.1327727,144.331351,GREATER GEELONG
T20170001539,Dry,Clear,Collision with vehicle,Wednesday,Day,60,2017/01/25,13:45:00,No,3.0,1.0,-38.52703034,145.3348465,BASS COAST
T20170001548,Dry,Clear,Collision with vehicle,Wednesday,Day,100,2017/01/25,13:00:00,No,3.0,3.0,-35.7940039,144.0895264,GANNAWARRA
T20170001551,Dry,Clear,Collision with a fixed object,Thursday,Day,100,2016/12/08,16:00:00,No,1.0,1.0,-36.98401742,146.0667489,MANSFIELD
T20170001557,Dry,Clear,No collision and no object struck,Wednesday,Day,60,2017/01/25,10:15:00,No,1.0,1.0,-36.77207719,144.3015015,GREATER BENDIGO
T20170001560,Dry,Clear,Vehicle overturned (no collision),Saturday,Day,110,2017/01/21,08:45:00,No,1.0,1.0,-38.1868698,146.2290499,LATROBE
T20170001577,Dry,Clear,Collision with a fixed object,Wednesday,Day,100,2017/01/25,17:15:00,No,1.0,1.0,-36.33329904,145.3135943,GREATER SHEPPARTON
T20170001579,Dry,Clear,Collision with vehicle,Wednesday,Day,100,2017/01/25,18:50:00,Yes,4.0,4.0,-36.41410779,145.2226303,GREATER SHEPPARTON
T20170001582,Dry,Clear,Vehicle overturned (no collision),Monday,Day,60,2017/01/09,12:30:00,No,1.0,1.0,-37.57250745,146.2588318,MANSFIELD
T20170001595,Dry,Clear,Collision with vehicle,Thursday,Day,60,2017/01/26,10:07:00,No,2.0,1.0,-38.15240156,144.3583774,GREATER GEELONG
T20170001599,Dry,Clear,No collision and no object struck,Sunday,Day,50,2017/01/22,19:30:00,Yes,1.0,1.0,-37.20847729,145.047994,MITCHELL
T20170001602,Dry,Clear,Collision with vehicle,Thursday,Day,50,2017/01/26,12:45:00,No,8.0,2.0,-36.75548978,144.284313,GREATER BENDIGO
T20170001613,Dry,Clear,Struck Pedestrian,Thursday,Day,50,2017/01/26,13:15:00,No,1.0,1.0,-36.13107175,146.9041696,WODONGA
T20170001618,Dry,Clear,Collision with vehicle,Thursday,Day,60,2017/01/26,11:22:00,No,2.0,1.0,-38.20033092,146.5309403,LATROBE
T20170001619,Dry,Clear,Collision with a fixed object,Thursday,Day,100,2017/01/26,09:00:00,No,5.0,1.0,-37.98986008,146.2896951,BAW BAW
T20170001624,Dry,Clear,Collision with vehicle,Thursday,Day,999,2017/01/26,12:10:00,No,2.0,1.0,-38.21816604,144.2880221,GREATER GEELONG
T20170001625,Dry,Clear,Struck Pedestrian,Wednesday,Day,60,2017/01/18,15:15:00,No,3.0,1.0,-38.16890296,145.9320411,BAW BAW
T20170001634,Dry,Clear,Vehicle overturned (no collision),Thursday,Day,80,2017/01/26,16:30:00,No,1.0,1.0,-38.28292026,141.5678402,GLENELG
T20170001641,Dry,Clear,Collision with vehicle,Thursday,Day,50,2017/01/26,17:35:00,No,1.0,1.0,-36.35810999,145.403979,GREATER SHEPPARTON
T20170001649,Dry,Clear,Collision with a fixed object,Friday,Dark No street lights,110,2017/01/27,03:33:00,Yes,5.0,1.0,-35.10986485,142.1057277,MILDURA
T20170001662,Dry,Clear,Collision with a fixed object,Friday,Dark No street lights,100,2017/01/27,03:50:00,Yes,3.0,2.0,-37.65381397,143.6668622,GOLDEN PLAINS
T20170001667,Dry,Clear,Collision with a fixed object,Friday,Day,100,2017/01/27,11:03:00,No,1.0,1.0,-36.64804957,145.9700934,BENALLA
T20170001671,Dry,Clear,Collision with vehicle,Friday,Day,110,2017/01/27,11:55:00,No,3.0,1.0,-36.70683732,145.2002104,STRATHBOGIE
T20170001672,Dry,Clear,Collision with vehicle,Friday,Day,60,2017/01/27,11:10:00,No,2.0,1.0,-38.17002082,144.3267808,GREATER GEELONG
T20170001676,Dry,Clear,Vehicle overturned (no collision),Friday,Day,100,2017/01/27,12:30:00,No,1.0,1.0,-37.90301048,147.0242685,WELLINGTON
T20170001678,Unknown,Not known,Vehicle overturned (no collision),Thursday,Day,999,2017/01/26,16:30:00,No,1.0,1.0,-36.78781004,142.2050241,HORSHAM
T20170001684,Dry,Clear,Collision with a fixed object,Friday,Day,100,2017/01/27,12:00:00,No,1.0,1.0,-35.66857352,144.1370843,GANNAWARRA
T20170001691,Dry,Clear,No collision and no object struck,Friday,Day,80,2017/01/27,09:30:00,No,1.0,1.0,-36.97599988,147.1247198,MOUNT HOTHAM ALPINE RESORT (UNINC)
T20170001696,Dry,Clear,Collision with vehicle,Friday,Day,100,2017/01/27,15:45:00,No,5.0,1.0,-36.8215397,144.2634172,GREATER BENDIGO
T20170001697,Dry,Clear,Collision with vehicle,Friday,Day,80,2017/01/27,14:10:00,No,5.0,5.0,-37.41990158,145.4258612,MURRINDINDI
T20170001698,Dry,Clear,collision with some other object,Friday,Day,999,2016/12/30,10:30:00,No,1.0,1.0,-37.47131077,145.4680823,MURRINDINDI
T20170001701,Dry,Dust,collision with some other object,Thursday,Day,999,2017/01/26,12:00:00,No,1.0,1.0,-37.15992001,145.1792,MITCHELL
T20170001702,Dry,Clear,Vehicle overturned (no collision),Friday,Day,60,2017/01/27,15:10:00,No,2.0,1.0,-38.62485985,143.1810181,CORANGAMITE
T20170001704,Dry,Clear,Collision with vehicle,Friday,Day,60,2017/01/27,17:35:00,Yes,4.0,1.0,-36.39688645,145.3958898,GREATER SHEPPARTON
T20170001706,Dry,Clear,Vehicle overturned (no collision),Thursday,Day,100,2017/01/26,08:50:00,No,1.0,1.0,-37.99343044,143.9473793,GOLDEN PLAINS
T20170001719,Dry,Clear,Collision with vehicle,Friday,Dark Street lights on,70,2017/01/27,22:20:00,Yes,2.0,1.0,-38.17364618,144.4024612,GREATER GEELONG
T20170001726,Dry,Clear,Collision with vehicle,Saturday,Dark No street lights,100,2017/01/28,00:25:00,Yes,2.0,1.0,-34.32428995,142.179241,MILDURA
T20170001745,Dry,Clear,Collision with vehicle,Saturday,Day,60,2017/01/28,10:20:00,No,4.0,1.0,-36.40528967,145.4082976,GREATER SHEPPARTON
T20170001751,Dry,Clear,Collision with a fixed object,Saturday,Day,100,2017/01/28,12:35:00,No,1.0,1.0,-38.24682249,144.5820379,GREATER GEELONG
T20170001763,Dry,Clear,Collision with vehicle,Saturday,Day,50,2017/01/28,15:00:00,Yes,2.0,2.0,-36.60331025,143.9434997,LODDON
T20170001767,Dry,Clear,Collision with a fixed object,Saturday,Day,60,2017/01/28,15:15:00,No,1.0,1.0,-38.15167335,146.7897281,WELLINGTON
T20170001768,Dry,Not known,Collision with a fixed object,Saturday,Day,100,2017/01/28,16:37:00,Yes,1.0,1.0,-36.87740012,146.3192301,WANGARATTA
T20170001770,Dry,Clear,Collision with vehicle,Saturday,Day,80,2017/01/28,18:45:00,Yes,3.0,1.0,-34.19777295,142.0841422,MILDURA
T20170001779,Dry,Clear,Collision with vehicle,Sunday,Dusk/Dawn,60,2017/01/29,07:35:00,Yes,3.0,1.0,-34.19367087,142.162314,MILDURA
T20170001780,Dry,Clear,Collision with vehicle,Saturday,Day,80,2017/01/28,17:30:00,Yes,2.0,1.0,-38.23402251,144.5402933,GREATER GEELONG
T20170001781,Dry,Not known,Struck Pedestrian,Sunday,Dark No street lights,100,2017/01/29,04:30:00,Yes,2.0,1.0,-35.1853688,143.36304,SWAN HILL
T20170001782,Dry,Clear,Collision with a fixed object,Thursday,Day,100,2017/01/26,12:30:00,No,4.0,1.0,-38.51911581,145.9146186,SOUTH GIPPSLAND
T20170001784,Unknown,Not known,collision with some other object,Wednesday,Day,999,2017/01/25,16:00:00,No,1.0,1.0,-37.43010977,145.3037806,MURRINDINDI
T20170001785,Dry,Clear,No collision and no object struck,Saturday,Day,999,2017/01/14,14:00:00,Yes,1.0,1.0,-37.1111596,146.4081905,MOUNT BULLER ALPINE RESORT (UNINC)
T20170001788,Dry,Clear,Struck animal,Sunday,Day,100,2017/01/29,09:55:00,No,1.0,1.0,-37.34537907,144.6713432,MACEDON RANGES
T20170001790,Dry,Clear,Collision with vehicle,Sunday,Day,100,2017/01/29,10:01:00,No,2.0,2.0,-38.30359157,142.6349537,MOYNE
T20170001791,Dry,Clear,Vehicle overturned (no collision),Sunday,Day,100,2017/01/29,11:30:00,No,1.0,1.0,-36.35240964,144.5528675,CAMPASPE
T20170001792,Dry,Clear,No collision and no object struck,Sunday,Day,100,2017/01/29,11:37:00,No,1.0,1.0,-37.19512982,144.4728384,MACEDON RANGES
T20170001800,Dry,Clear,Collision with vehicle,Sunday,Day,100,2017/01/29,11:30:00,No,3.0,1.0,-37.8405095,143.8913642,GOLDEN PLAINS
T20170001804,Dry,Clear,No collision and no object struck,Sunday,Day,110,2017/01/29,14:50:00,No,1.0,1.0,-37.59763372,144.2604008,MOORABOOL
T20170001806,Dry,Clear,Vehicle overturned (no collision),Sunday,Day,100,2017/01/29,13:35:00,No,1.0,1.0,-38.32478048,143.7859142,COLAC OTWAY
T20170001817,Dry,Clear,Collision with vehicle,Sunday,Day,60,2017/01/29,18:15:00,Yes,4.0,3.0,-38.14043356,145.8557734,BAW BAW
T20170001820,Dry,Clear,Vehicle overturned (no collision),Sunday,Day,100,2017/01/29,19:00:00,No,1.0,1.0,-36.01165852,146.6191162,INDIGO
T20170001827,Dry,Clear,Collision with vehicle,Thursday,Day,100,2017/01/26,11:39:00,No,2.0,1.0,-38.34508656,143.4564228,COLAC OTWAY
T20170001831,Dry,Not known,Collision with vehicle,Monday,Dark No street lights,100,2017/01/30,03:20:00,Yes,2.0,1.0,-38.00013268,144.496592,GREATER GEELONG
T20170001834,Dry,Clear,Collision with vehicle,Monday,Day,60,2017/01/30,06:25:00,No,3.0,2.0,-36.38085694,145.4162621,GREATER SHEPPARTON
T20170001839,Dry,Clear,Collision with vehicle,Sunday,Dark No street lights,110,2017/01/29,22:10:00,No,5.0,1.0,-37.63027248,144.3469468,MOORABOOL
T20170001848,Dry,Clear,Collision with a fixed object,Monday,Day,100,2017/01/30,10:40:00,No,2.0,2.0,-36.31349157,145.11072,CAMPASPE
T20170001850,Dry,Clear,No collision and no object struck,Friday,Day,100,2017/01/27,12:00:00,No,1.0,1.0,-36.79103797,147.0007857,ALPINE
T20170001858,Wet,Raining,Collision with vehicle,Monday,Day,50,2017/01/30,14:16:00,No,2.0,1.0,-38.38308078,142.4770694,WARRNAMBOOL
T20170001860,Dry,Clear,Collision with a fixed object,Monday,Day,100,2017/01/30,13:40:00,No,1.0,1.0,-38.20571543,146.0970876,BAW BAW