Accident_No,Surface_Cond_Desc,Atmosph_Cond_Desc,Accident_Type_Desc,Day,Light_Condition_Desc,Speed_Zone,Accident_Date,Accident_Time,Alcohol_Influence,Total_Persons_Inv,Inj_Or_Fatal,Lat,Long,LGA
T20170001861,Wet,Clear,Vehicle overturned (no collision),Monday,Day,80,2017/01/30,11:45:00,No,2.0,2.0,-38.60158135,143.5285934,COLAC OTWAY
T20170001863,Dry,Clear,Fall from or in moving vehicle,Monday,Day,60,2016/11/07,14:00:00,No,2.0,1.0,-36.13137623,146.8869237,WODONGA
T20170001864,Dry,Clear,Vehicle overturned (no collision),Monday,Day,110,2017/01/30,16:20:00,Yes,1.0,1.0,-36.38661364,146.3561614,WANGARATTA
T20170001868,Unknown,Not known,No collision and no object struck,Saturday,Day,999,2017/01/28,12:10:00,No,1.0,1.0,-37.33295012,145.9653297,MURRINDINDI
T20170001875,Dry,Clear,Collision with vehicle,Monday,Day,60,2017/01/30,16:25:00,Yes,3.0,1.0,-38.16352913,144.3533364,GREATER GEELONG
T20170001883,Wet,Clear,Collision with a fixed object,Monday,Day,80,2017/01/30,17:20:00,No,4.0,1.0,-38.74755087,143.2756193,COLAC OTWAY
T20170001914,Dry,Clear,Collision with vehicle,Tuesday,Day,110,2017/01/31,08:25:00,No,2.0,1.0,-37.53564004,143.87818,BALLARAT
T20170001924,Unknown,Not known,Collision with vehicle,Monday,Day,80,2017/01/30,16:15:00,Yes,5.0,2.0,-38.63930388,143.5859264,COLAC OTWAY
T20170001937,Dry,Clear,Vehicle overturned (no collision),Tuesday,Day,100,2017/01/31,15:00:00,No,1.0,1.0,-37.47898119,143.7724659,BALLARAT
T20170001944,Dry,Clear,Vehicle overturned (no collision),Sunday,Day,100,2017/01/15,14:00:00,No,1.0,1.0,-36.78685985,147.1158902,ALPINE
T20170001946,Dry,Clear,Collision with a fixed object,Tuesday,Day,50,2017/01/31,17:00:00,No,1.0,1.0,-38.07297388,144.342791,GREATER GEELONG
T20170001950,Dry,Clear,Vehicle overturned (no collision),Tuesday,Day,100,2017/01/31,18:00:00,Yes,2.0,1.0,-36.27118136,144.5900352,CAMPASPE
T20170001958,Dry,Clear,Collision with vehicle,Tuesday,Day,60,2017/01/31,17:30:00,No,2.0,1.0,-38.36827259,142.4933554,WARRNAMBOOL
T20170001959,Dry,Clear,Collision with a fixed object,Tuesday,Day,110,2017/01/31,17:16:00,No,3.0,2.0,-37.47789925,143.6839355,BALLARAT
T20170001961,Dry,Clear,Collision with vehicle,Tuesday,Dusk/Dawn,70,2017/01/31,20:19:00,Yes,2.0,2.0,-38.20310806,144.3408413,GREATER GEELONG
T20170001964,Dry,Clear,Collision with a fixed object,Tuesday,Day,100,2017/01/31,18:50:00,Yes,1.0,1.0,-37.6582896,143.6616193,GOLDEN PLAINS
T20170001984,Dry,Clear,Vehicle overturned (no collision),Tuesday,Day,100,2017/01/31,12:00:00,No,1.0,1.0,-36.34288008,146.8038902,INDIGO
T20170001985,Dry,Clear,Collision with vehicle,Wednesday,Day,60,2017/02/01,10:42:00,No,3.0,1.0,-38.11607822,144.6521104,GREATER GEELONG
T20170001990,Dry,Clear,Collision with vehicle,Wednesday,Day,50,2017/02/01,07:28:00,No,2.0,1.0,-38.38236991,142.4754865,WARRNAMBOOL
T20170001992,Dry,Clear,Collision with vehicle,Wednesday,Day,100,2017/02/01,09:50:00,No,2.0,2.0,-37.82859099,144.052028,MOORABOOL
T20170001996,Dry,Clear,collision with some other object,Wednesday,Day,100,2017/02/01,12:00:00,No,1.0,1.0,-37.6369501,146.6311299,WELLINGTON
T20170001997,Dry,Clear,Struck Pedestrian,Friday,Day,50,2017/01/27,11:40:00,No,2.0,1.0,-37.06576706,144.2179905,MOUNT ALEXANDER
T20170002000,Dry,Clear,collision with some other object,Saturday,Day,999,2017/01/21,11:00:00,No,1.0,1.0,-38.3006607,146.5213013,LATROBE
T20170002001,Dry,Clear,No collision and no object struck,Tuesday,Dusk/Dawn,100,2017/01/31,19:00:00,Yes,3.0,1.0,-37.3980499,144.7986395,MACEDON RANGES
T20170002015,Dry,Clear,Vehicle overturned (no collision),Wednesday,Day,80,2017/02/01,18:15:00,Yes,9.0,2.0,-38.7364713,143.2952306,COLAC OTWAY
T20170002027,Dry,Clear,Collision with vehicle,Wednesday,Day,50,2017/02/01,19:15:00,Yes,3.0,3.0,-38.47620561,145.9583784,SOUTH GIPPSLAND
T20170002028,Dry,Clear,Collision with vehicle,Wednesday,Dark Street lights on,60,2017/02/01,21:36:00,Yes,3.0,2.0,-38.14537599,144.3354674,GREATER GEELONG
T20170002037,Dry,Clear,No collision and no object struck,Sunday,Day,60,2016/12/25,12:00:00,No,3.0,1.0,-38.60606045,145.59115,BASS COAST
T20170002041,Dry,Clear,Collision with vehicle,Thursday,Day,30,2016/12/01,08:30:00,No,2.0,1.0,-38.16088399,146.36878,LATROBE
T20170002043,Dry,Clear,Collision with vehicle,Wednesday,Day,100,2017/02/01,17:15:00,No,9.0,5.0,-38.10788823,146.5904885,LATROBE
T20170002046,Dry,Clear,Collision with a fixed object,Thursday,Day,50,2017/02/02,09:20:00,No,1.0,1.0,-36.37768955,145.397134,GREATER SHEPPARTON
T20170002048,Wet,Raining,No collision and no object struck,Friday,Dark Street lights unknown,999,2017/01/20,03:50:00,Yes,1.0,1.0,-36.7301008,144.2596201,GREATER BENDIGO
T20170002055,Dry,Clear,Collision with vehicle,Thursday,Day,50,2017/02/02,07:55:00,No,1.0,1.0,-38.17647001,144.3055498,GREATER GEELONG
T20170002058,Dry,Clear,No collision and no object struck,Sunday,Day,60,2017/01/29,12:00:00,No,2.0,1.0,-36.38776074,145.3979285,GREATER SHEPPARTON
T20170002071,Dry,Clear,Collision with a fixed object,Thursday,Day,100,2017/02/02,11:30:00,No,1.0,1.0,-38.15410023,142.0572187,MOYNE
T20170002090,Dry,Clear,Collision with a fixed object,Thursday,Day,100,2017/01/19,14:45:00,No,4.0,1.0,-36.41744346,146.7245626,INDIGO
T20170002101,Dry,Clear,Vehicle overturned (no collision),Thursday,Day,100,2017/02/02,19:15:00,Yes,3.0,2.0,-37.26730003,144.3593003,MACEDON RANGES
T20170002109,Dry,Clear,Collision with a fixed object,Friday,Dark No street lights,60,2017/02/03,05:00:00,Yes,1.0,1.0,-36.397478,145.4006804,GREATER SHEPPARTON
T20170002118,Dry,Clear,Collision with vehicle,Friday,Day,40,2017/02/03,08:40:00,No,5.0,1.0,-38.17214742,144.3155105,GREATER GEELONG
T20170002122,Dry,Not known,Collision with vehicle,Thursday,Unknown,70,2017/02/02,15:45:00,No,2.0,1.0,-38.18224697,144.345469,GREATER GEELONG
T20170002128,Dry,Clear,Collision with a fixed object,Friday,Dusk/Dawn,100,2017/02/03,07:30:00,No,1.0,1.0,-36.19896172,144.56795,CAMPASPE
T20170002136,Dry,Clear,Collision with vehicle,Monday,Day,50,2016/04/18,16:45:00,Yes,2.0,1.0,-36.12380098,146.8857852,WODONGA
T20170002141,Dry,Clear,Collision with a fixed object,Friday,Day,60,2017/02/03,13:15:00,No,2.0,2.0,-38.37436999,142.47846,WARRNAMBOOL
T20170002144,Dry,Clear,Collision with vehicle,Friday,Day,60,2017/01/27,14:30:00,No,2.0,1.0,-36.55617971,145.9715333,BENALLA
T20170002149,Dry,Clear,Collision with vehicle,Friday,Day,100,2017/02/03,13:55:00,No,4.0,1.0,-38.18310054,144.532919,GREATER GEELONG
T20170002155,Dry,Clear,Collision with vehicle,Friday,Day,80,2017/02/03,17:05:00,Yes,2.0,1.0,-37.41732553,144.9876697,MITCHELL
T20170002157,Dry,Clear,Struck animal,Friday,Dusk/Dawn,100,2017/01/27,06:00:00,Yes,1.0,1.0,-36.29672774,145.4376762,GREATER SHEPPARTON
T20170002161,Dry,Clear,Collision with vehicle,Friday,Day,60,2017/02/03,17:00:00,Yes,3.0,1.0,-38.15493299,144.3798282,GREATER GEELONG
T20170002177,Dry,Clear,Vehicle overturned (no collision),Friday,Dark No street lights,100,2017/02/03,20:30:00,Yes,1.0,1.0,-36.92347398,147.0662732,ALPINE
T20170002196,Dry,Clear,Collision with vehicle,Saturday,Day,60,2017/02/04,07:59:00,Yes,2.0,1.0,-38.36054999,142.4886206,WARRNAMBOOL
T20170002197,Dry,Clear,Vehicle overturned (no collision),Saturday,Day,110,2017/02/04,09:00:00,No,1.0,1.0,-36.60034788,145.8732092,BENALLA
T20170002201,Dry,Clear,Collision with a fixed object,Saturday,Dusk/Dawn,40,2017/02/04,06:46:00,Yes,1.0,1.0,-38.14815088,144.3603431,GREATER GEELONG
T20170002204,Dry,Clear,Collision with vehicle,Saturday,Day,40,2017/02/04,10:59:00,No,2.0,1.0,-37.13887001,142.5191293,NORTHERN GRAMPIANS
T20170002207,Dry,Clear,Fall from or in moving vehicle,Saturday,Day,60,2017/02/04,13:50:00,No,2.0,1.0,-38.18067013,146.2673587,LATROBE
T20170002218,Dry,Clear,Collision with vehicle,Saturday,Day,80,2017/02/04,13:15:00,No,2.0,2.0,-36.90532943,143.1153264,PYRENEES
T20170002222,Dry,Clear,Collision with vehicle,Saturday,Day,60,2017/02/04,14:30:00,No,2.0,1.0,-36.38226723,145.4080889,GREATER SHEPPARTON
T20170002224,Unknown,Clear,Vehicle overturned (no collision),Saturday,Day,999,2017/01/28,09:30:00,No,1.0,1.0,-38.4939192,143.7566523,COLAC OTWAY
T20170002231,Dry,Clear,Collision with vehicle,Friday,Day,100,2017/02/03,18:15:00,Yes,4.0,2.0,-37.88387725,141.0857947,GLENELG
T20170002256,Dry,Clear,Collision with a fixed object,Sunday,Dark Street lights on,60,2017/02/05,00:20:00,Yes,1.0,1.0,-38.071507,144.3366806,GREATER GEELONG
T20170002258,Wet,Clear,Collision with a fixed object,Sunday,Dark No street lights,100,2017/02/05,04:20:00,No,1.0,1.0,-37.24725972,143.7347117,HEPBURN
T20170002261,Dry,Clear,Collision with vehicle,Sunday,Day,50,2017/02/05,08:54:00,No,2.0,2.0,-36.36296077,146.3175971,WANGARATTA
T20170002266,Unknown,Not known,Collision with a fixed object,Sunday,Dark No street lights,100,2017/02/05,03:00:00,Yes,1.0,1.0,-37.71124007,143.3998599,CORANGAMITE
T20170002271,Wet,Raining,No collision and no object struck,Sunday,Day,100,2017/02/05,11:00:00,No,1.0,1.0,-36.85472132,146.5245586,WANGARATTA
T20170002277,Dry,Clear,Collision with vehicle,Sunday,Day,60,2017/02/05,13:15:00,No,5.0,1.0,-38.38529962,142.5329164,WARRNAMBOOL
T20170002286,Wet,Raining,Collision with vehicle,Sunday,Day,100,2017/02/05,13:00:00,No,2.0,2.0,-36.63927765,144.4377583,GREATER BENDIGO
T20170002288,Wet,Raining,Collision with a fixed object,Sunday,Day,60,2017/02/05,17:22:00,No,1.0,1.0,-36.39560371,145.3668132,GREATER SHEPPARTON
T20170002289,Dry,Clear,No collision and no object struck,Saturday,Day,80,2016/11/26,13:00:00,No,1.0,1.0,-37.13223988,145.1342134,MITCHELL
T20170002292,Dry,Clear,Collision with a fixed object,Saturday,Dark No street lights,100,2017/02/04,21:20:00,Yes,2.0,1.0,-36.070174,145.683415,MOIRA
T20170002296,Wet,Raining,Collision with a fixed object,Sunday,Dark No street lights,100,2017/02/05,19:45:00,Yes,1.0,1.0,-36.6648689,144.2170429,GREATER BENDIGO
T20170002297,Dry,Clear,Collision with vehicle,Sunday,Day,110,2017/02/05,15:40:00,No,4.0,1.0,-38.09395492,145.823297,BAW BAW
T20170002309,Wet,Raining,Collision with a fixed object,Monday,Dark No street lights,80,2017/02/06,03:00:00,Yes,1.0,1.0,-38.17062095,144.2504104,SURF COAST
T20170002320,Dry,Clear,Collision with a fixed object,Sunday,Day,100,2017/02/05,18:45:00,Yes,1.0,1.0,-38.01621023,146.8821818,WELLINGTON
T20170002326,Dry,Clear,Collision with vehicle,Monday,Day,60,2017/02/06,09:45:00,No,2.0,1.0,-37.04977522,143.7333028,CENTRAL GOLDFIELDS
T20170002330,Wet,Raining,Collision with vehicle,Monday,Day,60,2017/02/06,10:00:00,Yes,2.0,1.0,-36.39552702,145.3666093,GREATER SHEPPARTON
T20170002337,Dry,Clear,Collision with vehicle,Tuesday,Day,60,2017/01/10,16:00:00,No,2.0,1.0,-36.75582308,144.2729725,GREATER BENDIGO
T20170002342,Dry,Clear,collision with some other object,Saturday,Day,80,2017/02/04,15:30:00,Yes,1.0,1.0,-37.62782282,144.127803,MOORABOOL
T20170002351,Wet,Clear,Vehicle overturned (no collision),Monday,Day,100,2017/02/06,08:30:00,Yes,1.0,1.0,-38.54735783,146.6949929,WELLINGTON
T20170002360,Dry,Clear,Vehicle overturned (no collision),Thursday,Day,999,2017/01/26,10:00:00,No,1.0,1.0,-38.57627948,143.0130725,CORANGAMITE
T20170002365,Dry,Clear,Collision with vehicle,Monday,Day,100,2017/02/06,17:30:00,No,3.0,1.0,-37.74843931,144.4454304,MOORABOOL
T20170002367,Dry,Clear,Fall from or in moving vehicle,Monday,Day,60,2017/02/06,16:00:00,No,2.0,1.0,-38.18382973,144.3446677,GREATER GEELONG
T20170002372,Wet,Raining,Collision with vehicle,Monday,Day,999,2017/02/06,17:20:00,No,4.0,1.0,-36.13826431,146.8942936,WODONGA
T20170002374,Dry,Clear,Collision with a fixed object,Monday,Dark No street lights,100,2017/02/06,20:50:00,Yes,1.0,1.0,-37.44569806,144.9806202,MITCHELL
T20170002396,Dry,Clear,Collision with a fixed object,Tuesday,Day,50,2017/02/07,11:30:00,No,1.0,1.0,-37.02518266,145.1350999,MITCHELL
T20170002403,Dry,Clear,Collision with vehicle,Tuesday,Day,60,2017/02/07,12:32:00,No,2.0,1.0,-36.3588838,146.3183954,WANGARATTA
T20170002419,Dry,Not known,Collision with a fixed object,Sunday,Day,100,2016/12/04,12:00:00,No,1.0,1.0,-38.03890684,143.4774605,CORANGAMITE
T20170002421,Dry,Not known,Collision with vehicle,Tuesday,Day,60,2017/02/07,09:00:00,No,2.0,1.0,-38.18249791,144.4008577,GREATER GEELONG
T20170002427,Wet,Raining,Struck animal,Monday,Dusk/Dawn,80,2017/02/06,06:00:00,Yes,1.0,1.0,-37.19575148,145.7601217,MURRINDINDI
T20170002442,Dry,Clear,Collision with vehicle,Tuesday,Day,60,2017/02/07,16:20:00,No,2.0,1.0,-36.39239438,145.3969926,GREATER SHEPPARTON
T20170002444,Wet,Raining,Collision with a fixed object,Tuesday,Day,100,2017/02/07,14:45:00,No,1.0,1.0,-38.41658857,146.7472241,WELLINGTON
T20170002458,Dry,Clear,Collision with vehicle,Wednesday,Dark Street lights on,60,2017/02/08,03:59:00,Yes,4.0,1.0,-38.08189992,144.3371395,GREATER GEELONG
T20170002460,Dry,Clear,Struck Pedestrian,Wednesday,Dusk/Dawn,100,2017/02/08,05:50:00,Yes,3.0,2.0,-36.35953025,145.3391849,GREATER SHEPPARTON
T20170002466,Unknown,Clear,Vehicle overturned (no collision),Tuesday,Day,999,2017/02/07,17:40:00,No,1.0,1.0,-37.32509737,143.7626105,HEPBURN
T20170002478,Dry,Clear,Vehicle overturned (no collision),Wednesday,Day,100,2017/02/08,11:00:00,No,1.0,1.0,-36.65017137,145.7928997,STRATHBOGIE
T20170002479,Dry,Clear,Collision with a fixed object,Wednesday,Day,100,2017/02/08,07:30:00,No,1.0,1.0,-37.85619961,143.8809701,GOLDEN PLAINS
T20170002488,Dry,Not known,Collision with vehicle,Sunday,Day,80,2017/01/08,19:30:00,Yes,1.0,1.0,-37.52840806,143.8699984,BALLARAT
T20170002489,Dry,Dust,Collision with a fixed object,Wednesday,Day,100,2017/02/08,13:50:00,No,1.0,1.0,-37.39470325,144.958995,MITCHELL
T20170002491,Dry,Clear,Collision with a fixed object,Wednesday,Day,100,2017/02/08,10:55:00,No,1.0,1.0,-36.63311937,145.9675849,BENALLA
T20170002497,Dry,Clear,Collision with a fixed object,Friday,Unknown,70,2016/12/23,12:35:00,No,2.0,1.0,-38.20814008,144.3400707,GREATER GEELONG
T20170002499,Dry,Not known,No collision and no object struck,Wednesday,Unknown,60,2017/02/08,12:15:00,No,2.0,1.0,-38.14861116,144.3573052,GREATER GEELONG
T20170002506,Dry,Clear,Collision with vehicle,Wednesday,Day,50,2017/02/08,16:00:00,No,10.0,6.0,-36.77831032,144.2429144,GREATER BENDIGO
T20170002511,Unknown,Not known,Collision with a fixed object,Wednesday,Day,999,2017/02/08,10:30:00,No,1.0,1.0,-37.66244196,143.3277965,PYRENEES
T20170002520,Dry,Clear,Collision with a fixed object,Wednesday,Day,100,2017/02/08,16:15:00,No,1.0,1.0,-37.99738887,143.0877792,CORANGAMITE
T20170002526,Dry,Clear,Collision with vehicle,Wednesday,Day,100,2017/02/08,16:40:00,No,3.0,3.0,-38.47220066,145.4748071,BASS COAST
T20170002527,Dry,Clear,Collision with a fixed object,Wednesday,Day,100,2017/02/08,18:44:00,Yes,1.0,1.0,-38.07740001,142.4400476,MOYNE
T20170002531,Unknown,Not known,Collision with vehicle,Wednesday,Day,50,2017/02/08,16:35:00,No,2.0,1.0,-38.32799827,143.0719493,CORANGAMITE
T20170002535,Dry,Clear,Collision with vehicle,Wednesday,Dark Street lights on,50,2017/02/08,22:13:00,Yes,3.0,3.0,-38.16479858,144.3495627,GREATER GEELONG
T20170002539,Wet,Raining,Collision with vehicle,Sunday,Day,100,2017/02/05,16:30:00,No,2.0,2.0,-38.13712666,144.298436,GREATER GEELONG
T20170002540,Dry,Clear,Collision with vehicle,Wednesday,Day,60,2017/02/08,14:55:00,No,4.0,1.0,-36.37405474,145.4007712,GREATER SHEPPARTON
T20170002541,Dry,Clear,Vehicle overturned (no collision),Monday,Day,100,2017/01/02,17:30:00,No,1.0,1.0,-36.18273621,144.6299764,CAMPASPE
T20170002560,Dry,Clear,Struck Pedestrian,Thursday,Day,30,2017/02/09,11:30:00,No,4.0,2.0,-38.40474063,144.1893946,SURF COAST
T20170002561,Dry,Clear,Collision with vehicle,Thursday,Day,60,2017/02/09,12:20:00,No,3.0,2.0,-37.55348328,143.9001307,BALLARAT
T20170002574,Dry,Clear,Struck Pedestrian,Thursday,Day,50,2017/02/09,14:55:00,No,2.0,1.0,-38.65277567,146.2012926,SOUTH GIPPSLAND
T20170002578,Dry,Not known,Collision with a fixed object,Monday,Day,100,2017/02/06,10:45:00,No,1.0,1.0,-37.85673028,142.6509508,MOYNE
T20170002581,Dry,Clear,Collision with vehicle,Thursday,Day,50,2017/02/09,15:15:00,No,2.0,1.0,-36.76266634,144.2646735,GREATER BENDIGO
T20170002598,Dry,Clear,collision with some other object,Thursday,Day,100,2017/02/09,14:00:00,No,1.0,1.0,-37.47640569,144.5351113,MACEDON RANGES
T20170002605,Dry,Clear,Fall from or in moving vehicle,Sunday,Dark Street lights unknown,60,2017/01/22,01:45:00,No,5.0,1.0,-37.15289017,142.8562798,NORTHERN GRAMPIANS
T20170002615,Dry,Clear,Collision with vehicle,Thursday,Dusk/Dawn,110,2017/02/09,06:00:00,Yes,2.0,1.0,-37.30732057,145.0516418,MITCHELL
T20170002622,Dry,Clear,Collision with vehicle,Thursday,Day,80,2017/02/09,08:00:00,No,4.0,2.0,-36.37420639,146.2886723,WANGARATTA
T20170002624,Dry,Clear,Collision with vehicle,Wednesday,Day,60,2017/02/08,15:15:00,No,4.0,3.0,-37.87343182,148.0008344,EAST GIPPSLAND
T20170002629,Dry,Clear,Collision with vehicle,Friday,Day,60,2017/02/10,08:40:00,No,4.0,4.0,-36.11592209,146.8684822,WODONGA
T20170002632,Dry,Clear,Collision with vehicle,Friday,Day,40,2017/02/10,09:25:00,No,2.0,1.0,-38.14466017,144.3634419,GREATER GEELONG
T20170002639,Dry,Not known,Collision with vehicle,Friday,Unknown,50,2016/12/09,12:40:00,No,2.0,1.0,-38.14741414,144.3526257,GREATER GEELONG
T20170002646,Wet,Fog,Collision with vehicle,Friday,Day,80,2017/02/10,07:30:00,No,2.0,1.0,-37.57618999,144.2368699,MOORABOOL
T20170002649,Dry,Clear,Vehicle overturned (no collision),Sunday,Day,80,2016/11/20,12:30:00,No,1.0,1.0,-37.04309248,145.6061438,MURRINDINDI
T20170002652,Dry,Clear,No collision and no object struck,Friday,Day,80,2017/02/10,10:45:00,No,1.0,1.0,-38.30852002,144.26374,SURF COAST
T20170002655,Dry,Clear,Collision with a fixed object,Tuesday,Day,100,2017/02/07,11:00:00,No,1.0,1.0,-37.48499859,144.4626293,MACEDON RANGES
T20170002661,Dry,Clear,Collision with a fixed object,Friday,Day,100,2017/02/10,12:30:00,No,1.0,1.0,-38.54252944,145.9475278,SOUTH GIPPSLAND
T20170002673,Dry,Clear,Collision with a fixed object,Friday,Day,80,2017/02/10,14:40:00,No,1.0,1.0,-38.21614025,144.637032,GREATER GEELONG
T20170002675,Dry,Clear,Collision with vehicle,Friday,Day,70,2017/02/10,13:50:00,No,2.0,1.0,-36.14262028,144.7298565,CAMPASPE
T20170002676,Dry,Clear,Collision with vehicle,Friday,Day,60,2017/02/10,15:10:00,No,2.0,1.0,-36.76712119,144.266509,GREATER BENDIGO
T20170002678,Dry,Clear,Collision with vehicle,Friday,Day,70,2017/02/10,11:20:00,No,2.0,1.0,-38.16039833,144.3501824,GREATER GEELONG
T20170002683,Dry,Clear,Collision with vehicle,Friday,Day,100,2017/02/10,15:10:00,No,4.0,2.0,-38.26984196,143.8939513,SURF COAST
T20170002689,Dry,Clear,Collision with vehicle,Friday,Day,100,2017/02/10,17:00:00,Yes,4.0,4.0,-37.47398722,144.6195919,MACEDON RANGES
T20170002715,Dry,Clear,Fall from or in moving vehicle,Friday,Dark Street lights on,60,2017/02/10,21:15:00,Yes,4.0,2.0,-36.61242955,145.2153963,GREATER SHEPPARTON
T20170002719,Dry,Clear,Collision with a fixed object,Friday,Dark No street lights,100,2017/02/10,23:55:00,Yes,1.0,1.0,-38.14538322,142.6960118,MOYNE
T20170002720,Dry,Clear,No collision and no object struck,Saturday,Dark Street lights on,60,2017/02/11,01:00:00,Yes,1.0,1.0,-37.57180866,143.8483181,BALLARAT
T20170002724,Dry,Clear,Struck animal,Friday,Dark No street lights,100,2017/02/10,20:30:00,Yes,2.0,2.0,-36.84202866,144.4814328,GREATER BENDIGO
T20170002725,Dry,Clear,Struck Pedestrian,Saturday,Dark Street lights unknown,80,2017/02/11,05:15:00,Yes,2.0,1.0,-34.13431771,142.0284629,MILDURA
T20170002728,Dry,Clear,Collision with a fixed object,Saturday,Day,100,2017/02/11,08:45:00,No,1.0,1.0,-36.77889695,144.1395937,GREATER BENDIGO
T20170002743,Dry,Clear,No collision and no object struck,Monday,Day,999,2016/11/14,16:00:00,No,1.0,1.0,-38.5048,145.2295005,BASS COAST
T20170002751,Dry,Clear,No collision and no object struck,Saturday,Day,100,2017/02/11,16:45:00,Yes,1.0,1.0,-36.81119997,144.2630595,GREATER BENDIGO
T20170002752,Dry,Clear,Collision with vehicle,Saturday,Day,80,2017/02/11,12:30:00,No,3.0,3.0,-36.1730211,146.9514186,WODONGA
T20170002755,Dry,Clear,Collision with vehicle,Saturday,Day,50,2017/02/11,17:00:00,Yes,2.0,1.0,-37.5763226,143.8460188,BALLARAT
T20170002760,Dry,Clear,Collision with vehicle,Saturday,Day,100,2017/02/11,18:00:00,Yes,3.0,1.0,-38.50258204,143.523821,COLAC OTWAY
T20170002761,Dry,Clear,Collision with a fixed object,Saturday,Day,80,2017/02/11,18:30:00,Yes,1.0,1.0,-35.2575036,143.37489,SWAN HILL
T20170002764,Dry,Clear,collision with some other object,Saturday,Day,100,2017/02/11,17:20:00,Yes,1.0,1.0,-36.32398019,147.1591795,INDIGO
T20170002768,Wet,Clear,Collision with vehicle,Saturday,Day,50,2017/02/11,18:00:00,Yes,3.0,3.0,-38.14158058,144.3556578,GREATER GEELONG
T20170002779,Dry,Clear,Struck animal,Saturday,Dark No street lights,100,2017/02/11,21:00:00,Yes,1.0,1.0,-37.27875948,144.2942694,HEPBURN
T20170002781,Dry,Clear,Collision with vehicle,Saturday,Dark No street lights,100,2017/02/11,22:35:00,Yes,4.0,4.0,-37.31674555,144.6217675,MACEDON RANGES
T20170002784,Dry,Clear,No collision and no object struck,Sunday,Dark No street lights,110,2017/02/12,02:30:00,Yes,1.0,1.0,-37.17651112,144.3969565,MACEDON RANGES
T20170002788,Dry,Clear,Collision with a fixed object,Sunday,Dark Street lights on,60,2017/02/12,01:30:00,Yes,1.0,1.0,-37.58239654,143.8679866,BALLARAT
T20170002789,Dry,Clear,Collision with a fixed object,Saturday,Day,60,2017/02/11,11:55:00,No,1.0,1.0,-37.68092138,143.8265145,GOLDEN PLAINS
T20170002797,Dry,Clear,Collision with vehicle,Sunday,Day,60,2017/02/12,12:00:00,No,2.0,1.0,-37.56348813,143.8514736,BALLARAT
T20170002800,Dry,Clear,Collision with vehicle,Sunday,Day,60,2017/02/12,11:20:00,No,2.0,1.0,-36.39565834,145.3531709,GREATER SHEPPARTON
T20170002801,Unknown,Not known,Collision with a fixed object,Sunday,Dark No street lights,110,2017/02/12,04:40:00,No,1.0,1.0,-36.34345048,146.3819077,WANGARATTA
T20170002811,Dry,Clear,Collision with vehicle,Sunday,Day,100,2017/02/12,16:30:00,Yes,10.0,2.0,-36.34468988,144.6948205,CAMPASPE
T20170002818,Dry,Clear,Collision with vehicle,Sunday,Day,60,2017/02/12,15:20:00,No,4.0,1.0,-38.38366962,142.4958673,WARRNAMBOOL
T20170002825,Dry,Clear,Vehicle overturned (no collision),Sunday,Day,100,2017/02/12,16:25:00,Yes,1.0,1.0,-38.03876842,143.9787763,GOLDEN PLAINS
T20170002828,Dry,Clear,Collision with vehicle,Sunday,Day,80,2017/02/12,15:30:00,No,3.0,1.0,-37.17958998,145.2345616,MURRINDINDI
T20170002832,Dry,Clear,Collision with vehicle,Sunday,Day,60,2017/02/12,20:00:00,Yes,3.0,2.0,-38.19566945,144.3424078,GREATER GEELONG
T20170002833,Wet,Clear,Collision with a fixed object,Sunday,Day,100,2017/02/12,20:00:00,Yes,1.0,1.0,-38.37128605,146.1802863,SOUTH GIPPSLAND
T20170002834,Dry,Clear,No collision and no object struck,Sunday,Dark Street lights on,30,2017/02/12,20:40:00,Yes,1.0,1.0,-38.18924833,144.3923241,GREATER GEELONG
T20170002846,Dry,Clear,Collision with vehicle,Monday,Day,70,2017/02/13,06:40:00,No,3.0,2.0,-38.06020691,144.3582016,GREATER GEELONG
T20170002847,Wet,Raining,Collision with vehicle,Monday,Day,50,2017/02/13,08:30:00,No,3.0,1.0,-38.17725157,146.2609102,LATROBE
T20170002854,Dry,Clear,Struck Pedestrian,Thursday,Day,40,2017/02/09,08:15:00,No,3.0,1.0,-37.65052859,143.8852005,BALLARAT
T20170002858,Wet,Raining,Collision with a fixed object,Monday,Day,100,2017/02/13,10:10:00,No,2.0,1.0,-38.24349954,145.7764687,BAW BAW
T20170002859,Wet,Raining,Collision with a fixed object,Monday,Day,100,2017/02/13,10:46:00,No,1.0,1.0,-38.15908107,145.8360611,BAW BAW
T20170002876,Wet,Raining,Vehicle overturned (no collision),Monday,Day,100,2017/02/13,08:30:00,No,1.0,1.0,-38.28605516,146.6982244,WELLINGTON
T20170002879,Wet,Raining,Collision with a fixed object,Monday,Day,60,2017/02/13,10:35:00,No,1.0,1.0,-37.53933094,143.8592096,BALLARAT
T20170002883,Dry,Clear,Collision with a fixed object,Sunday,Day,80,2017/02/12,17:00:00,Yes,1.0,1.0,-37.90738936,146.0198805,BAW BAW
T20170002890,Dry,Clear,Collision with vehicle,Monday,Day,60,2017/02/13,14:00:00,No,5.0,1.0,-38.15749481,144.3560414,GREATER GEELONG
T20170002894,Dry,Clear,Collision with vehicle,Monday,Day,100,2017/02/13,17:30:00,No,5.0,2.0,-36.54779011,145.2840702,GREATER SHEPPARTON