Accident_No,Surface_Cond_Desc,Atmosph_Cond_Desc,Accident_Type_Desc,Day,Light_Condition_Desc,Speed_Zone,Accident_Date,Accident_Time,Alcohol_Influence,Total_Persons_Inv,Inj_Or_Fatal,Lat,Long,LGA
T20170002907,Dry,Clear,Collision with vehicle,Monday,Day,50,2017/02/13,16:18:00,No,3.0,3.0,-36.13456499,144.7512382,CAMPASPE
T20170002923,Dry,Clear,Collision with vehicle,Tuesday,Day,50,2017/02/14,07:00:00,No,2.0,1.0,-36.31459776,145.0455652,CAMPASPE
T20170002926,Dry,Clear,Collision with a fixed object,Tuesday,Day,70,2017/02/14,08:05:00,No,1.0,1.0,-38.17360988,144.3528192,GREATER GEELONG
T20170002933,Dry,Clear,Collision with vehicle,Tuesday,Day,50,2017/02/14,08:48:00,No,2.0,1.0,-36.13911152,146.8916856,WODONGA
T20170002938,Dry,Clear,Collision with vehicle,Tuesday,Day,60,2017/02/14,08:05:00,No,3.0,2.0,-37.55987809,143.8414471,BALLARAT
T20170002943,Dry,Clear,collision with some other object,Sunday,Day,999,2017/02/05,14:00:00,No,1.0,1.0,-37.48557954,145.3232651,MURRINDINDI
T20170002953,Dry,Clear,Collision with vehicle,Tuesday,Day,50,2017/02/14,08:14:00,No,2.0,1.0,-36.37755242,145.4162685,GREATER SHEPPARTON
T20170002958,Dry,Not known,Collision with vehicle,Tuesday,Day,50,2017/02/14,08:30:00,No,2.0,1.0,-37.67256942,144.4365481,MOORABOOL
T20170002959,Dry,Clear,Collision with a fixed object,Tuesday,Day,50,2017/02/14,14:15:00,No,2.0,2.0,-37.5918403,143.8312471,BALLARAT
T20170002961,Wet,Raining,Collision with a fixed object,Monday,Day,100,2017/02/13,12:20:00,No,4.0,4.0,-38.34378183,145.7488937,SOUTH GIPPSLAND
T20170002970,Dry,Clear,Collision with vehicle,Friday,Day,50,2016/11/18,15:00:00,No,2.0,1.0,-38.34099328,143.584472,COLAC OTWAY
T20170002983,Dry,Clear,Struck Pedestrian,Tuesday,Day,60,2017/02/14,16:16:00,No,2.0,1.0,-38.12074016,144.3282813,GREATER GEELONG
T20170002990,Dry,Clear,Collision with vehicle,Tuesday,Day,50,2017/02/14,16:55:00,No,6.0,6.0,-38.14932359,144.3598061,GREATER GEELONG
T20170002997,Dry,Clear,Collision with vehicle,Tuesday,Dusk/Dawn,50,2017/02/14,19:46:00,Yes,2.0,2.0,-38.17062999,144.3914422,GREATER GEELONG
T20170003001,Dry,Clear,Struck animal,Tuesday,Dark Street lights on,60,2017/02/14,22:30:00,Yes,1.0,1.0,-34.20817951,142.1344094,MILDURA
T20170003013,Dry,Clear,Collision with a fixed object,Wednesday,Day,50,2017/02/15,07:20:00,No,1.0,1.0,-34.19472496,142.1371202,MILDURA
T20170003023,Unknown,Not known,Vehicle overturned (no collision),Wednesday,Unknown,60,2017/01/25,00:30:00,Yes,1.0,1.0,-36.37755242,145.4162685,GREATER SHEPPARTON
T20170003037,Dry,Clear,Vehicle overturned (no collision),Wednesday,Day,100,2017/02/15,12:40:00,No,2.0,2.0,-36.65996915,147.4334478,TOWONG
T20170003041,Dry,Clear,Collision with vehicle,Wednesday,Day,80,2017/02/15,10:56:00,No,2.0,1.0,-38.30831198,141.5954502,GLENELG
T20170003051,Dry,Clear,No collision and no object struck,Wednesday,Day,100,2017/02/15,15:17:00,No,1.0,1.0,-38.06601252,145.7648816,BAW BAW
T20170003063,Dry,Clear,Vehicle overturned (no collision),Wednesday,Day,100,2017/02/15,17:30:00,No,2.0,2.0,-34.85290038,143.3415674,SWAN HILL
T20170003064,Dry,Clear,Collision with vehicle,Wednesday,Day,90,2017/02/15,18:55:00,Yes,3.0,3.0,-38.24436732,144.2961203,GREATER GEELONG
T20170003065,Dry,Clear,Collision with a fixed object,Wednesday,Dusk/Dawn,60,2017/02/15,20:10:00,Yes,1.0,1.0,-37.57532923,143.8703803,BALLARAT
T20170003066,Dry,Clear,Collision with a fixed object,Wednesday,Day,100,2017/02/15,16:45:00,No,1.0,1.0,-35.73539542,143.73511,GANNAWARRA
T20170003070,Dry,Clear,Collision with vehicle,Wednesday,Dark No street lights,100,2017/02/15,20:40:00,Yes,3.0,2.0,-36.14672057,147.0135393,WODONGA
T20170003085,Dry,Clear,Struck Pedestrian,Wednesday,Day,50,2017/02/15,15:00:00,No,2.0,1.0,-37.82597893,147.6292649,EAST GIPPSLAND
T20170003088,Dry,Not known,Collision with vehicle,Monday,Day,100,2017/02/13,11:29:00,No,2.0,1.0,-37.68310116,143.0757942,PYRENEES
T20170003097,Dry,Clear,Collision with vehicle,Thursday,Dark Street lights on,60,2017/02/16,05:56:00,Yes,3.0,3.0,-37.54238441,143.8499672,BALLARAT
T20170003101,Dry,Clear,Collision with vehicle,Wednesday,Dark Street lights on,60,2017/02/15,21:40:00,Yes,1.0,1.0,-37.55606015,143.8086614,BALLARAT
T20170003102,Unknown,Not known,Collision with vehicle,Friday,Day,60,2017/02/10,08:00:00,No,2.0,1.0,-36.11133013,146.8934212,WODONGA
T20170003104,Dry,Clear,Collision with vehicle,Thursday,Day,60,2017/02/16,10:25:00,No,2.0,1.0,-35.33471287,143.5598173,SWAN HILL
T20170003111,Dry,Clear,Collision with vehicle,Thursday,Day,999,2017/02/16,10:00:00,No,1.0,1.0,-37.19341963,145.7103516,MURRINDINDI
T20170003120,Dry,Clear,Collision with a fixed object,Thursday,Day,100,2017/02/16,09:00:00,No,2.0,1.0,-36.83001705,143.7098938,CENTRAL GOLDFIELDS
T20170003133,Dry,Clear,Collision with a fixed object,Friday,Day,80,2016/11/04,13:30:00,No,1.0,1.0,-37.38071666,148.6755963,EAST GIPPSLAND
T20170003158,Dry,Clear,Vehicle overturned (no collision),Thursday,Day,80,2017/02/16,16:20:00,No,2.0,1.0,-38.34129907,142.5134686,WARRNAMBOOL
T20170003167,Dry,Clear,Collision with a fixed object,Thursday,Day,100,2017/02/16,19:30:00,Yes,4.0,2.0,-37.25223978,142.9562379,ARARAT
T20170003168,Dry,Clear,Collision with a fixed object,Saturday,Day,100,2017/02/11,15:33:00,Yes,1.0,1.0,-37.69652532,142.8879083,ARARAT
T20170003179,Dry,Clear,Vehicle overturned (no collision),Tuesday,Dusk/Dawn,60,2017/02/14,20:00:00,Yes,1.0,1.0,-38.3747258,142.5027375,WARRNAMBOOL
T20170003180,Dry,Clear,Collision with a fixed object,Friday,Day,50,2017/02/17,08:15:00,No,1.0,1.0,-36.39195421,145.4101393,GREATER SHEPPARTON
T20170003181,Wet,Raining,No collision and no object struck,Sunday,Day,999,2017/02/12,16:30:00,No,1.0,1.0,-36.33487003,147.16855,INDIGO
T20170003185,Dry,Clear,No collision and no object struck,Sunday,Day,999,2016/10/30,13:00:00,No,1.0,1.0,-37.82974951,145.995613,BAW BAW
T20170003187,Dry,Clear,Collision with vehicle,Friday,Day,60,2017/02/17,08:45:00,No,4.0,1.0,-36.74625002,144.29346,GREATER BENDIGO
T20170003191,Dry,Clear,Collision with vehicle,Friday,Day,100,2017/02/17,11:05:00,No,3.0,2.0,-36.07370027,146.7262386,WODONGA
T20170003210,Muddy,Not known,No collision and no object struck,Thursday,Day,999,2017/02/16,13:30:00,No,2.0,1.0,-38.43021008,146.5650885,WELLINGTON
T20170003214,Dry,Clear,Collision with a fixed object,Sunday,Day,100,2017/02/05,10:30:00,No,1.0,1.0,-37.94238974,144.2093613,GOLDEN PLAINS
T20170003216,Dry,Clear,Collision with vehicle,Friday,Day,60,2017/02/17,14:30:00,No,2.0,1.0,-36.75737269,144.2919333,GREATER BENDIGO
T20170003217,Dry,Clear,Collision with a fixed object,Friday,Day,100,2017/02/17,14:40:00,No,3.0,2.0,-37.30785313,145.1256801,MITCHELL
T20170003218,Dry,Clear,Vehicle overturned (no collision),Friday,Day,100,2017/02/17,10:50:00,No,1.0,1.0,-37.92464003,146.0086603,BAW BAW
T20170003230,Dry,Clear,Collision with vehicle,Friday,Day,60,2017/02/17,15:30:00,No,2.0,1.0,-34.18413872,142.1438842,MILDURA
T20170003249,Dry,Clear,Vehicle overturned (no collision),Friday,Dusk/Dawn,100,2017/02/17,20:40:00,Yes,1.0,1.0,-35.95026001,145.6598909,MOIRA
T20170003260,Dry,Clear,Vehicle overturned (no collision),Friday,Day,100,2017/02/17,13:30:00,No,1.0,1.0,-36.8927726,147.464658,EAST GIPPSLAND
T20170003265,Unknown,Clear,Struck animal,Friday,Dark No street lights,100,2017/02/17,21:15:00,Yes,2.0,1.0,-38.01975119,146.8814463,WELLINGTON
T20170003273,Dry,Clear,Collision with vehicle,Saturday,Day,60,2017/02/18,14:50:00,Yes,3.0,1.0,-36.70436347,144.3097243,GREATER BENDIGO
T20170003274,Dry,Clear,Collision with a fixed object,Saturday,Day,80,2017/02/18,13:00:00,No,2.0,1.0,-38.56884994,143.9651498,SURF COAST
T20170003278,Dry,Clear,Struck Pedestrian,Saturday,Day,50,2017/02/18,14:30:00,Yes,1.0,1.0,-34.30708322,142.1909986,MILDURA
T20170003283,Dry,Clear,Collision with a fixed object,Saturday,Day,100,2017/02/18,15:15:00,Yes,1.0,1.0,-37.05514993,142.5885603,NORTHERN GRAMPIANS
T20170003289,Dry,Clear,Collision with a fixed object,Saturday,Day,100,2017/02/18,18:03:00,Yes,1.0,1.0,-36.93525031,145.2212724,MITCHELL
T20170003293,Dry,Fog,No collision and no object struck,Saturday,Day,100,2017/02/18,14:15:00,Yes,1.0,1.0,-37.21966311,147.4184869,WELLINGTON
T20170003301,Dry,Clear,Collision with a fixed object,Saturday,Day,100,2017/02/18,18:00:00,Yes,3.0,3.0,-34.85323999,143.3416015,SWAN HILL
T20170003312,Dry,Clear,Collision with a fixed object,Sunday,Day,100,2017/02/19,07:45:00,Yes,1.0,1.0,-36.52136959,145.0318957,CAMPASPE
T20170003315,Wet,Raining,Vehicle overturned (no collision),Sunday,Day,100,2017/02/19,09:30:00,No,1.0,1.0,-38.46164079,143.5820508,COLAC OTWAY
T20170003316,Dry,Clear,Collision with a fixed object,Saturday,Dark Street lights unknown,50,2017/02/18,23:15:00,Yes,1.0,1.0,-36.91317863,144.7049091,GREATER BENDIGO
T20170003324,Wet,Raining,Collision with a fixed object,Sunday,Day,100,2017/02/19,07:30:00,Yes,1.0,1.0,-38.18345888,141.6214479,GLENELG
T20170003325,Dry,Clear,Vehicle overturned (no collision),Saturday,Day,100,2017/02/18,13:00:00,No,1.0,1.0,-36.08578031,144.8561099,MOIRA
T20170003331,Wet,Raining,Collision with vehicle,Sunday,Day,100,2017/02/19,13:20:00,No,4.0,2.0,-38.44801954,143.2839062,COLAC OTWAY
T20170003332,Dry,Clear,Vehicle overturned (no collision),Sunday,Dark No street lights,100,2017/02/19,04:21:00,Yes,1.0,1.0,-36.53342103,146.6913756,ALPINE
T20170003337,Dry,Clear,Vehicle overturned (no collision),Sunday,Day,100,2017/02/19,12:30:00,No,1.0,1.0,-37.27527861,145.909091,MURRINDINDI
T20170003338,Dry,Clear,Collision with vehicle,Saturday,Day,50,2016/12/17,12:00:00,No,2.0,1.0,-38.13233111,144.3414211,GREATER GEELONG
T20170003342,Dry,Clear,Collision with vehicle,Sunday,Day,80,2017/02/19,12:00:00,No,2.0,1.0,-38.51652935,145.3429335,BASS COAST
T20170003347,Wet,Clear,Collision with a fixed object,Sunday,Day,80,2017/02/19,15:05:00,No,3.0,1.0,-38.09634983,146.4403711,BAW BAW
T20170003348,Wet,Raining,Vehicle overturned (no collision),Sunday,Day,80,2017/02/19,16:30:00,No,2.0,2.0,-38.69287868,143.8092375,COLAC OTWAY
T20170003357,Wet,Raining,Collision with vehicle,Sunday,Dusk/Dawn,100,2017/02/19,19:30:00,Yes,6.0,2.0,-36.31372262,145.13555,CAMPASPE
T20170003361,Dry,Clear,Collision with a fixed object,Sunday,Day,100,2017/02/19,19:25:00,Yes,1.0,1.0,-38.13274558,144.2713717,GREATER GEELONG
T20170003364,Dry,Clear,Collision with vehicle,Friday,Day,50,2017/02/10,14:30:00,No,2.0,1.0,-37.55548126,143.8574432,BALLARAT
T20170003366,Wet,Raining,Collision with vehicle,Sunday,Day,60,2017/02/19,13:00:00,No,1.0,1.0,-38.37982396,142.4612465,WARRNAMBOOL
T20170003375,Wet,Raining,Collision with a fixed object,Monday,Day,80,2017/01/30,14:30:00,No,2.0,2.0,-38.31760152,141.5573592,GLENELG
T20170003377,Wet,Raining,collision with some other object,Sunday,Day,110,2017/02/05,13:00:00,No,1.0,1.0,-36.97659968,145.1432878,MITCHELL
T20170003379,Dry,Not known,collision with some other object,Saturday,Day,80,2017/01/21,13:45:00,No,1.0,1.0,-37.86156119,144.1312466,GOLDEN PLAINS
T20170003396,Dry,Clear,Collision with vehicle,Monday,Day,60,2017/02/20,13:25:00,No,3.0,1.0,-38.4759345,145.9468031,SOUTH GIPPSLAND
T20170003398,Unknown,Not known,Collision with a fixed object,Wednesday,Unknown,110,2017/01/04,12:30:00,No,3.0,1.0,-36.11194459,146.6718644,INDIGO
T20170003402,Dry,Clear,No collision and no object struck,Saturday,Day,100,2017/02/18,15:30:00,Yes,1.0,1.0,-36.24935005,143.0987274,BULOKE
T20170003403,Dry,Not known,Vehicle overturned (no collision),Friday,Day,100,2017/02/17,12:50:00,No,1.0,1.0,-36.4581824,146.1723516,BENALLA
T20170003407,Dry,Clear,Collision with vehicle,Monday,Day,50,2017/02/20,14:42:00,No,2.0,1.0,-36.13829375,146.8876893,WODONGA
T20170003412,Dry,Clear,Collision with vehicle,Monday,Day,60,2017/02/20,16:30:00,No,3.0,1.0,-36.11030858,146.8935807,WODONGA
T20170003414,Dry,Clear,Collision with vehicle,Monday,Day,80,2017/02/20,16:08:00,No,2.0,1.0,-36.1152798,146.9047602,WODONGA
T20170003416,Dry,Clear,Struck animal,Thursday,Dusk/Dawn,80,2015/06/25,06:30:00,No,1.0,1.0,-38.20256085,146.4210417,LATROBE
T20170003419,Dry,Clear,Vehicle overturned (no collision),Wednesday,Day,999,2016/12/21,19:00:00,Yes,1.0,1.0,-37.4529188,145.4460911,MURRINDINDI
T20170003431,Wet,Clear,Vehicle overturned (no collision),Monday,Day,999,2017/02/13,13:45:00,No,1.0,1.0,-37.93209913,146.0664113,BAW BAW
T20170003433,Dry,Clear,Collision with vehicle,Sunday,Day,60,2017/02/19,19:20:00,Yes,6.0,1.0,-38.14131913,144.294518,GREATER GEELONG
T20170003454,Dry,Clear,Collision with vehicle,Sunday,Day,80,2017/02/19,08:30:00,Yes,2.0,1.0,-38.1913425,144.3992181,GREATER GEELONG
T20170003456,Dry,Clear,Collision with a fixed object,Saturday,Day,60,2017/01/14,11:40:00,No,1.0,1.0,-37.95150108,146.4349796,BAW BAW
T20170003457,Dry,Clear,Collision with a fixed object,Monday,Day,100,2017/02/20,19:50:00,Yes,4.0,2.0,-36.95210193,143.133031,PYRENEES
T20170003467,Wet,Raining,Vehicle overturned (no collision),Sunday,Day,100,2017/02/19,11:00:00,No,1.0,1.0,-37.42427969,143.862789,HEPBURN
T20170003470,Unknown,Not known,Collision with vehicle,Wednesday,Unknown,60,2016/08/24,16:20:00,No,2.0,1.0,-37.3920903,144.5669592,MACEDON RANGES
T20170003471,Dry,Clear,Collision with a fixed object,Sunday,Day,100,2017/02/19,18:00:00,No,1.0,1.0,-36.85525115,143.1095074,NORTHERN GRAMPIANS
T20170003479,Dry,Clear,Collision with vehicle,Tuesday,Day,100,2017/02/21,11:20:00,No,7.0,2.0,-36.19732,144.7309199,CAMPASPE
T20170003484,Dry,Clear,Collision with a fixed object,Tuesday,Day,50,2017/02/21,08:00:00,No,2.0,2.0,-38.56217891,143.3953567,COLAC OTWAY
T20170003493,Dry,Not known,Collision with vehicle,Friday,Day,60,2016/05/27,17:00:00,Yes,2.0,2.0,-38.095837,144.3267446,GREATER GEELONG
T20170003505,Dry,Clear,Collision with vehicle,Tuesday,Day,50,2017/02/21,16:20:00,No,1.0,1.0,-38.23904365,146.3922492,LATROBE
T20170003506,Dry,Clear,Collision with vehicle,Tuesday,Day,50,2017/02/21,17:47:00,No,2.0,2.0,-36.38162118,145.4033339,GREATER SHEPPARTON
T20170003507,Dry,Clear,Collision with a fixed object,Tuesday,Day,110,2017/02/21,18:00:00,Yes,1.0,1.0,-38.19559906,146.0303229,BAW BAW
T20170003523,Dry,Clear,Collision with a fixed object,Tuesday,Dark Street lights on,60,2017/02/21,23:25:00,Yes,1.0,1.0,-38.37520653,142.5079296,WARRNAMBOOL
T20170003533,Dry,Clear,Collision with vehicle,Wednesday,Day,70,2017/02/22,08:00:00,No,3.0,2.0,-36.14048561,144.765008,CAMPASPE
T20170003539,Dry,Clear,Collision with vehicle,Wednesday,Day,50,2017/02/22,08:20:00,No,2.0,1.0,-37.56189097,143.8585921,BALLARAT
T20170003541,Dry,Clear,Collision with vehicle,Wednesday,Day,100,2017/02/22,08:40:00,No,3.0,1.0,-36.52233211,144.5893947,GREATER BENDIGO
T20170003564,Dry,Clear,Vehicle overturned (no collision),Wednesday,Day,100,2017/02/22,10:30:00,No,1.0,1.0,-36.21586213,145.7213203,MOIRA
T20170003575,Wet,Raining,Collision with a fixed object,Sunday,Day,80,2017/02/19,14:30:00,No,3.0,1.0,-38.61842074,143.7263993,COLAC OTWAY
T20170003580,Dry,Clear,Collision with a fixed object,Wednesday,Day,100,2017/02/22,12:50:00,No,1.0,1.0,-37.24311188,145.0294853,MITCHELL
T20170003581,Dry,Clear,Collision with vehicle,Wednesday,Day,100,2017/02/22,14:35:00,No,3.0,1.0,-37.20778303,145.6820621,MURRINDINDI
T20170003582,Wet,Raining,Collision with a fixed object,Wednesday,Day,70,2017/02/22,14:05:00,No,1.0,1.0,-38.11300996,144.3549103,GREATER GEELONG
T20170003593,Dry,Clear,Collision with vehicle,Wednesday,Day,80,2017/02/22,16:05:00,No,5.0,4.0,-36.03067474,145.9954586,MOIRA
T20170003596,Dry,Clear,Collision with vehicle,Wednesday,Day,60,2017/02/22,16:25:00,No,2.0,1.0,-37.73123259,142.0188735,SOUTHERN GRAMPIANS
T20170003597,Wet,Clear,No collision and no object struck,Friday,Dark No street lights,999,2017/02/17,21:00:00,Yes,1.0,1.0,-38.21885944,144.2871422,GREATER GEELONG
T20170003606,Dry,Clear,Collision with vehicle,Wednesday,Day,60,2017/02/22,14:55:00,No,3.0,2.0,-38.15932721,144.3862823,GREATER GEELONG
T20170003609,Dry,Clear,Collision with a fixed object,Wednesday,Day,100,2017/02/22,16:00:00,No,2.0,1.0,-36.26994296,146.00779,MOIRA
T20170003610,Dry,Clear,Collision with vehicle,Wednesday,Day,100,2017/02/22,19:17:00,Yes,4.0,2.0,-34.28877,142.0854283,MILDURA
T20170003613,Dry,Clear,Collision with vehicle,Wednesday,Day,100,2017/02/22,17:20:00,No,2.0,1.0,-38.44572105,146.022339,SOUTH GIPPSLAND
T20170003619,Wet,Raining,Collision with vehicle,Friday,Dark Street lights on,60,2016/08/12,19:45:00,Yes,3.0,1.0,-37.2463533,144.4586387,MACEDON RANGES
T20170003627,Dry,Clear,No collision and no object struck,Friday,Day,100,2017/02/17,14:00:00,No,1.0,1.0,-37.05012087,144.292176,MOUNT ALEXANDER
T20170003631,Dry,Clear,Collision with vehicle,Wednesday,Day,60,2017/02/22,12:00:00,No,2.0,1.0,-36.75411672,144.2861697,GREATER BENDIGO
T20170003633,Dry,Clear,Collision with vehicle,Monday,Dark Street lights on,50,2016/11/07,22:00:00,Yes,3.0,2.0,-38.15065338,144.3563523,GREATER GEELONG
T20170003643,Dry,Clear,Vehicle overturned (no collision),Thursday,Day,100,2017/02/23,11:00:00,No,1.0,1.0,-36.59750945,147.433122,TOWONG
T20170003645,Dry,Clear,Collision with vehicle,Thursday,Day,60,2017/02/23,12:10:00,No,2.0,1.0,-38.63098191,145.7254961,BASS COAST
T20170003653,Dry,Clear,Collision with a fixed object,Thursday,Day,100,2017/02/23,11:00:00,No,1.0,1.0,-37.32032987,144.5420988,MACEDON RANGES
T20170003658,Dry,Clear,Collision with a fixed object,Thursday,Day,100,2017/02/23,09:52:00,No,1.0,1.0,-38.24067057,146.2852104,LATROBE
T20170003661,Dry,Clear,Collision with a fixed object,Thursday,Day,100,2017/02/23,13:15:00,No,1.0,1.0,-36.84582031,144.2294112,GREATER BENDIGO
T20170003668,Dry,Clear,Collision with a fixed object,Thursday,Day,100,2017/02/23,07:40:00,No,1.0,1.0,-37.1193672,148.8719843,EAST GIPPSLAND
T20170003670,Dry,Clear,Collision with vehicle,Thursday,Day,50,2017/02/23,14:15:00,No,2.0,1.0,-38.15096553,144.3533691,GREATER GEELONG
T20170003674,Dry,Clear,Collision with a fixed object,Saturday,Day,50,2017/02/18,15:00:00,Yes,1.0,1.0,-35.90584616,145.6510111,MOIRA
T20170003676,Dry,Clear,Collision with vehicle,Thursday,Day,60,2017/02/23,10:45:00,No,3.0,1.0,-38.11113449,144.3461491,GREATER GEELONG
T20170003682,Dry,Clear,Collision with vehicle,Thursday,Day,60,2017/02/23,17:40:00,No,4.0,1.0,-37.29030501,144.9530363,MITCHELL
T20170003690,Dry,Clear,Collision with vehicle,Thursday,Day,100,2017/02/23,16:50:00,No,5.0,2.0,-38.36243873,145.6387387,BASS COAST
T20170003691,Dry,Clear,Vehicle overturned (no collision),Thursday,Day,100,2017/02/23,14:30:00,No,1.0,1.0,-38.03381387,144.3627793,GREATER GEELONG
T20170003700,Dry,Clear,Collision with a fixed object,Thursday,Day,100,2017/02/23,19:05:00,Yes,1.0,1.0,-37.29891724,144.8193201,MACEDON RANGES
T20170003705,Dry,Clear,Vehicle overturned (no collision),Wednesday,Day,60,2017/02/08,17:00:00,No,2.0,1.0,-37.52891744,143.8423389,BALLARAT
T20170003709,Dry,Clear,Vehicle overturned (no collision),Thursday,Day,100,2017/02/23,19:20:00,Yes,1.0,1.0,-35.77705999,144.1052881,GANNAWARRA
T20170003715,Dry,Clear,No collision and no object struck,Friday,Day,80,2017/02/24,08:52:00,No,1.0,1.0,-37.07961035,146.1217599,MANSFIELD
T20170003721,Dry,Clear,Collision with vehicle,Friday,Day,80,2017/02/24,09:20:00,No,2.0,1.0,-38.46361026,145.2014303,BASS COAST
T20170003722,Dry,Clear,No collision and no object struck,Monday,Day,70,2017/02/20,13:40:00,No,3.0,1.0,-38.14989043,144.352314,GREATER GEELONG
T20170003725,Dry,Clear,Collision with vehicle,Friday,Day,60,2017/02/24,08:30:00,No,2.0,1.0,-37.58160894,143.8350314,BALLARAT
T20170003736,Dry,Clear,Collision with vehicle,Friday,Day,110,2017/02/24,09:45:00,No,5.0,1.0,-34.27498455,141.1637104,MILDURA
T20170003743,Dry,Clear,Collision with vehicle,Friday,Day,100,2017/02/24,11:30:00,No,3.0,2.0,-36.9313696,141.6353033,WEST WIMMERA
T20170003744,Dry,Clear,Collision with vehicle,Tuesday,Day,50,2016/12/20,18:00:00,Yes,3.0,1.0,-36.76337163,144.2828909,GREATER BENDIGO
T20170003753,Dry,Clear,Collision with vehicle,Friday,Day,100,2017/02/03,14:10:00,No,2.0,1.0,-34.61118676,142.7687444,SWAN HILL
T20170003757,Wet,Raining,Collision with a fixed object,Friday,Day,100,2017/02/24,12:30:00,No,4.0,4.0,-37.65890963,148.8042998,EAST GIPPSLAND
T20170003758,Unknown,Not known,No collision and no object struck,Sunday,Day,999,2017/02/19,13:30:00,No,1.0,1.0,-37.80774117,147.3175598,EAST GIPPSLAND
T20170003763,Dry,Clear,Collision with a fixed object,Friday,Dusk/Dawn,100,2017/02/24,18:30:00,Yes,1.0,1.0,-37.01621004,142.84885,NORTHERN GRAMPIANS
T20170003779,Dry,Clear,Collision with vehicle,Friday,Day,80,2017/02/24,17:22:00,Yes,3.0,2.0,-37.39940034,143.9957309,HEPBURN
T20170003793,Dry,Clear,Struck Pedestrian,Saturday,Dark Street lights on,60,2017/02/25,02:33:00,Yes,3.0,1.0,-38.19902018,146.5436398,LATROBE
T20170003798,Dry,Clear,Collision with a fixed object,Thursday,Dark No street lights,100,2017/02/23,21:00:00,Yes,1.0,1.0,-38.28867056,144.0513117,SURF COAST
T20170003812,Dry,Clear,Collision with vehicle,Tuesday,Day,60,2017/02/21,07:45:00,No,3.0,1.0,-38.20857249,144.3398647,GREATER GEELONG
T20170003816,Dry,Clear,Collision with a fixed object,Saturday,Day,80,2017/02/25,11:45:00,No,1.0,1.0,-38.69427107,143.7081199,COLAC OTWAY
T20170003824,Dry,Clear,No collision and no object struck,Saturday,Day,60,2017/02/25,14:30:00,Yes,1.0,1.0,-36.74155914,146.9742086,ALPINE
T20170003828,Dry,Clear,collision with some other object,Saturday,Day,100,2017/02/25,15:40:00,Yes,9.0,1.0,-36.29854096,146.8241174,INDIGO
T20170003829,Dry,Clear,Collision with vehicle,Saturday,Day,100,2017/02/25,12:30:00,No,2.0,2.0,-37.33395992,143.5993501,PYRENEES
T20170003842,Dry,Clear,Collision with vehicle,Saturday,Day,100,2017/02/25,16:00:00,Yes,14.0,6.0,-38.75631972,143.4197838,COLAC OTWAY
T20170003846,Dry,Clear,No collision and no object struck,Saturday,Dark Street lights on,60,2017/02/25,21:05:00,Yes,2.0,2.0,-36.38833207,145.4318216,GREATER SHEPPARTON
T20170003854,Dry,Clear,Vehicle overturned (no collision),Saturday,Dark No street lights,100,2017/02/25,21:13:00,Yes,1.0,1.0,-38.63705046,143.7134237,COLAC OTWAY
T20170003866,Dry,Clear,Collision with a fixed object,Sunday,Dark No street lights,100,2017/02/26,05:38:00,Yes,1.0,1.0,-36.15364166,144.7852784,CAMPASPE
T20170003870,Dry,Clear,Collision with vehicle,Saturday,Day,50,2017/02/25,12:30:00,No,2.0,1.0,-38.14296041,144.3359034,GREATER GEELONG
T20170003878,Dry,Clear,Collision with a fixed object,Sunday,Day,80,2017/02/26,10:30:00,No,1.0,1.0,-38.51066042,145.7237311,SOUTH GIPPSLAND
T20170003895,Dry,Clear,Collision with a fixed object,Sunday,Day,100,2017/02/26,13:19:00,No,1.0,1.0,-37.52983998,145.7209499,MURRINDINDI
T20170003899,Dry,Clear,Collision with a fixed object,Wednesday,Day,110,2017/02/22,18:00:00,Yes,1.0,1.0,-38.14405065,145.8840187,BAW BAW
T20170003901,Dry,Clear,Collision with a fixed object,Sunday,Day,100,2017/02/26,16:00:00,Yes,2.0,2.0,-37.04262114,144.1853387,MOUNT ALEXANDER
T20170003905,Dry,Clear,Collision with vehicle,Sunday,Day,100,2017/02/26,14:45:00,No,5.0,5.0,-37.58203034,144.4552754,MOORABOOL
T20170003907,Dry,Clear,collision with some other object,Sunday,Day,999,2017/02/26,14:30:00,No,1.0,1.0,-37.30111016,145.6442186,MURRINDINDI
T20170003912,Dry,Clear,Collision with a fixed object,Sunday,Dark No street lights,100,2017/02/26,05:20:00,Yes,1.0,1.0,-37.34421063,145.6684267,MURRINDINDI
T20170003921,Dry,Clear,Collision with vehicle,Tuesday,Dark Street lights on,60,2016/09/06,20:45:00,Yes,2.0,1.0,-34.1975686,142.1472883,MILDURA
T20170003925,Dry,Clear,Collision with a fixed object,Sunday,Dark No street lights,80,2017/02/26,22:40:00,Yes,1.0,1.0,-37.8623901,147.8472898,EAST GIPPSLAND
T20170003948,Unknown,Not known,Struck animal,Tuesday,Dark No street lights,999,2017/02/21,04:50:00,Yes,1.0,1.0,-36.30172,145.4158187,GREATER SHEPPARTON
T20170003954,Unknown,Not known,Collision with vehicle,Monday,Day,80,2017/02/13,15:30:00,No,3.0,1.0,-36.3971,145.4799695,GREATER SHEPPARTON
T20170003961,Dry,Clear,Collision with vehicle,Monday,Day,60,2017/02/27,13:00:00,No,2.0,1.0,-36.77219708,144.2592588,GREATER BENDIGO
T20170003972,Dry,Clear,Struck Pedestrian,Monday,Day,60,2017/02/27,09:50:00,No,2.0,1.0,-38.16971464,144.4165375,GREATER GEELONG