Accident_No,Surface_Cond_Desc,Atmosph_Cond_Desc,Accident_Type_Desc,Day,Light_Condition_Desc,Speed_Zone,Accident_Date,Accident_Time,Alcohol_Influence,Total_Persons_Inv,Inj_Or_Fatal,Lat,Long,LGA
T20170003977,Dry,Clear,Collision with vehicle,Monday,Day,110,2017/02/27,12:05:00,No,2.0,1.0,-36.73968929,145.5926692,STRATHBOGIE
T20170003979,Dry,Clear,Collision with a fixed object,Monday,Day,100,2017/02/27,13:00:00,No,1.0,1.0,-38.34787013,145.5582181,BASS COAST
T20170003981,Dry,Clear,Collision with vehicle,Monday,Day,50,2017/02/27,15:00:00,No,2.0,2.0,-37.599019,143.8427786,BALLARAT
T20170003986,Dry,Clear,Collision with vehicle,Monday,Day,100,2017/02/27,14:30:00,No,3.0,2.0,-38.20887416,143.1080454,CORANGAMITE
T20170003990,Dry,Clear,Collision with a fixed object,Wednesday,Day,100,2017/02/15,19:55:00,Yes,4.0,1.0,-37.56391836,143.3590664,PYRENEES
T20170003994,Dry,Clear,Collision with vehicle,Monday,Day,60,2017/02/27,14:55:00,No,1.0,1.0,-38.23589967,142.9211072,CORANGAMITE
T20170003996,Dry,Not known,Collision with vehicle,Monday,Day,60,2017/02/27,15:00:00,No,3.0,2.0,-38.14789318,144.3548291,GREATER GEELONG
T20170004002,Dry,Clear,Collision with a fixed object,Monday,Day,80,2017/02/27,16:45:00,No,1.0,1.0,-38.71717031,143.7104099,COLAC OTWAY
T20170004006,Dry,Clear,Collision with vehicle,Monday,Day,80,2017/02/27,18:18:00,Yes,4.0,1.0,-36.40176102,145.4799814,GREATER SHEPPARTON
T20170004020,Dry,Clear,Vehicle overturned (no collision),Monday,Day,100,2017/02/27,16:15:00,No,2.0,1.0,-34.26905993,142.0906299,MILDURA
T20170004022,Dry,Clear,Vehicle overturned (no collision),Monday,Day,80,2017/02/27,18:30:00,Yes,1.0,1.0,-38.21816604,144.2880221,GREATER GEELONG
T20170004024,Dry,Clear,Collision with vehicle,Monday,Day,70,2017/02/27,17:30:00,No,4.0,1.0,-38.18189735,144.3478591,GREATER GEELONG
T20170004027,Dry,Clear,Collision with vehicle,Monday,Day,100,2017/02/27,17:35:00,No,2.0,1.0,-38.2518891,144.3885619,GREATER GEELONG
T20170004028,Dry,Clear,Collision with a fixed object,Tuesday,Dark Street lights on,50,2017/02/28,00:30:00,Yes,1.0,1.0,-36.77324747,144.3052157,GREATER BENDIGO
T20170004030,Dry,Clear,Collision with vehicle,Monday,Dark Street lights on,60,2017/02/27,21:25:00,Yes,2.0,1.0,-37.54443036,143.8212231,BALLARAT
T20170004031,Dry,Clear,Collision with a fixed object,Monday,Dark No street lights,80,2017/02/27,22:00:00,Yes,1.0,1.0,-38.51538961,143.9765828,SURF COAST
T20170004038,Dry,Not known,Collision with vehicle,Friday,Day,80,2017/02/03,17:15:00,Yes,2.0,2.0,-34.24369303,142.1805763,MILDURA
T20170004042,Dry,Clear,Collision with vehicle,Tuesday,Dusk/Dawn,50,2017/02/28,06:15:00,No,2.0,1.0,-38.12132941,144.3304448,GREATER GEELONG
T20170004057,Dry,Clear,Collision with vehicle,Tuesday,Day,60,2017/02/28,08:32:00,No,3.0,2.0,-37.56112572,143.8519107,BALLARAT
T20170004060,Dry,Clear,Vehicle overturned (no collision),Saturday,Day,999,2017/02/25,16:00:00,Yes,1.0,1.0,-37.56361512,148.4333994,EAST GIPPSLAND
T20170004064,Dry,Clear,Collision with vehicle,Tuesday,Day,60,2017/02/28,11:45:00,No,2.0,1.0,-38.32602596,144.3177724,SURF COAST
T20170004067,Dry,Clear,Collision with a fixed object,Tuesday,Day,100,2017/02/28,09:00:00,No,1.0,1.0,-34.25001102,142.1827412,MILDURA
T20170004076,Dry,Clear,Vehicle overturned (no collision),Monday,Day,80,2017/02/27,17:00:00,No,1.0,1.0,-37.52487098,145.3322198,MURRINDINDI
T20170004080,Dry,Clear,Collision with vehicle,Tuesday,Day,60,2017/02/28,13:03:00,No,3.0,2.0,-38.37813371,142.4816304,WARRNAMBOOL
T20170004089,Dry,Clear,No collision and no object struck,Sunday,Day,100,2017/02/26,14:00:00,No,1.0,1.0,-38.13562943,141.2524758,GLENELG
T20170004090,Dry,Clear,Collision with vehicle,Tuesday,Day,60,2017/02/28,16:05:00,No,2.0,1.0,-37.54995767,143.8494325,BALLARAT
T20170004106,Dry,Clear,Collision with vehicle,Tuesday,Day,90,2017/02/28,17:15:00,No,3.0,3.0,-38.24436732,144.2961203,GREATER GEELONG
T20170004120,Unknown,Not known,Collision with a fixed object,Monday,Unknown,40,2017/02/20,13:15:00,No,2.0,1.0,-38.14798048,144.3591898,GREATER GEELONG
T20170004142,Dry,Clear,Collision with vehicle,Wednesday,Day,60,2017/03/01,07:30:00,No,2.0,2.0,-37.4706949,144.6017729,MACEDON RANGES
T20170004152,Dry,Clear,Collision with vehicle,Wednesday,Day,60,2017/03/01,09:35:00,No,2.0,2.0,-37.59535506,143.831457,BALLARAT
T20170004166,Dry,Clear,No collision and no object struck,Friday,Day,999,2017/02/17,14:30:00,No,1.0,1.0,-36.88227016,147.9892674,EAST GIPPSLAND
T20170004169,Dry,Clear,Collision with a fixed object,Wednesday,Day,50,2017/03/01,11:30:00,No,1.0,1.0,-38.31911035,144.3149399,SURF COAST
T20170004179,Dry,Not known,Collision with vehicle,Friday,Day,999,2017/01/27,15:15:00,No,3.0,1.0,-38.08416923,144.3586743,GREATER GEELONG
T20170004187,Dry,Clear,Collision with a fixed object,Wednesday,Day,80,2017/02/22,10:30:00,No,1.0,1.0,-36.97618919,147.1213589,MOUNT HOTHAM ALPINE RESORT (UNINC)
T20170004188,Dry,Clear,Collision with vehicle,Friday,Day,60,2017/02/03,15:08:00,No,2.0,1.0,-34.19643415,142.158981,MILDURA
T20170004195,Unknown,Not known,Struck animal,Tuesday,Dusk/Dawn,100,2017/02/28,06:50:00,No,1.0,1.0,-37.03929104,145.0589223,MITCHELL
T20170004223,Dry,Clear,Collision with vehicle,Wednesday,Dark Street lights on,60,2017/03/01,05:20:00,Yes,2.0,2.0,-36.11484639,146.8686262,WODONGA
T20170004237,Dry,Not known,Collision with a fixed object,Saturday,Day,100,2016/10/29,17:30:00,Yes,1.0,1.0,-36.31051182,146.8894186,INDIGO
T20170004241,Dry,Clear,Collision with vehicle,Thursday,Day,50,2017/03/02,09:45:00,No,2.0,1.0,-38.45521,145.2014405,BASS COAST
T20170004248,Dry,Clear,Collision with vehicle,Wednesday,Day,100,2017/03/01,08:20:00,No,3.0,2.0,-37.57329512,143.1532469,PYRENEES
T20170004253,Dry,Clear,Collision with vehicle,Thursday,Day,60,2017/03/02,11:40:00,No,5.0,2.0,-37.56054224,143.8444444,BALLARAT
T20170004256,Dry,Clear,Collision with vehicle,Thursday,Day,50,2017/03/02,12:55:00,No,2.0,1.0,-37.82733011,147.6188064,EAST GIPPSLAND
T20170004272,Dry,Clear,No collision and no object struck,Sunday,Day,30,2017/02/19,11:50:00,No,1.0,1.0,-37.451212,145.7147672,MURRINDINDI
T20170004282,Dry,Not known,No collision and no object struck,Saturday,Day,100,2016/10/08,11:00:00,No,1.0,1.0,-38.23799479,146.745173,WELLINGTON
T20170004284,Dry,Not known,No collision and no object struck,Thursday,Day,50,2017/03/02,13:00:00,No,1.0,1.0,-38.35661066,142.5089142,WARRNAMBOOL
T20170004293,Dry,Clear,Collision with vehicle,Thursday,Day,60,2017/03/02,18:20:00,Yes,3.0,1.0,-37.54649808,143.7971099,BALLARAT
T20170004296,Dry,Clear,Vehicle overturned (no collision),Thursday,Day,100,2017/03/02,12:40:00,No,3.0,1.0,-36.99706792,147.5405473,EAST GIPPSLAND
T20170004297,Dry,Clear,Collision with a fixed object,Monday,Day,100,2017/02/27,16:00:00,No,1.0,1.0,-37.28736777,145.4899344,MURRINDINDI
T20170004301,Dry,Clear,Collision with vehicle,Thursday,Day,50,2017/03/02,17:15:00,No,2.0,1.0,-38.18034276,144.3452876,GREATER GEELONG
T20170004302,Dry,Clear,Vehicle overturned (no collision),Thursday,Day,100,2017/03/02,17:00:00,No,1.0,1.0,-36.53474181,146.5849882,WANGARATTA
T20170004304,Dry,Clear,Collision with vehicle,Thursday,Dark Street lights on,50,2017/03/02,21:15:00,Yes,2.0,2.0,-34.17566731,142.1566966,MILDURA
T20170004305,Dry,Clear,Collision with vehicle,Thursday,Day,60,2017/03/02,17:00:00,No,2.0,1.0,-38.14571838,144.3383396,GREATER GEELONG
T20170004340,Dry,Clear,Vehicle overturned (no collision),Friday,Day,100,2017/03/03,11:30:00,No,1.0,1.0,-38.45776501,145.8122109,SOUTH GIPPSLAND
T20170004341,Dry,Clear,Collision with vehicle,Friday,Day,50,2017/03/03,07:59:00,No,2.0,1.0,-38.13760522,144.3446568,GREATER GEELONG
T20170004342,Dry,Clear,Collision with a fixed object,Friday,Day,50,2017/03/03,08:30:00,No,1.0,1.0,-37.28373607,142.9253237,ARARAT
T20170004346,Dry,Clear,No collision and no object struck,Friday,Day,100,2017/02/24,13:00:00,No,1.0,1.0,-37.00389372,147.5288514,EAST GIPPSLAND
T20170004347,Dry,Clear,Collision with vehicle,Monday,Day,60,2017/02/27,09:10:00,No,2.0,1.0,-37.80173067,147.4688699,EAST GIPPSLAND
T20170004348,Dry,Clear,Struck animal,Friday,Day,100,2017/03/03,14:00:00,No,1.0,1.0,-38.32023909,142.7388785,MOYNE
T20170004360,Dry,Clear,Collision with vehicle,Friday,Day,60,2017/03/03,19:30:00,Yes,2.0,1.0,-37.53463284,143.8436595,BALLARAT
T20170004376,Dry,Clear,Collision with vehicle,Friday,Day,80,2017/03/03,18:00:00,Yes,2.0,1.0,-38.18214573,144.4351316,GREATER GEELONG
T20170004379,Wet,Clear,Vehicle overturned (no collision),Friday,Dark No street lights,80,2017/03/03,22:20:00,Yes,1.0,1.0,-37.95188967,146.4471999,BAW BAW
T20170004388,Dry,Clear,Collision with vehicle,Saturday,Day,50,2017/03/04,12:00:00,No,3.0,1.0,-38.12645322,145.8406795,BAW BAW
T20170004391,Dry,Clear,Collision with vehicle,Thursday,Day,60,2017/03/02,15:00:00,No,2.0,2.0,-38.38424147,142.4705416,WARRNAMBOOL
T20170004393,Dry,Clear,Collision with a fixed object,Saturday,Dark No street lights,110,2017/03/04,02:00:00,Yes,3.0,3.0,-37.52106487,143.8512295,BALLARAT
T20170004398,Dry,Clear,Collision with a fixed object,Friday,Dark No street lights,100,2017/03/03,22:30:00,Yes,1.0,1.0,-37.37385155,143.8546242,BALLARAT
T20170004406,Dry,Clear,Vehicle overturned (no collision),Saturday,Day,100,2017/03/04,10:50:00,No,2.0,2.0,-36.46736114,147.2797889,TOWONG
T20170004411,Dry,Clear,Collision with vehicle,Saturday,Day,70,2017/03/04,13:00:00,No,2.0,1.0,-38.20072574,144.3114718,GREATER GEELONG
T20170004412,Dry,Not known,Collision with a fixed object,Saturday,Dark No street lights,999,2017/03/04,04:00:00,Yes,2.0,1.0,-37.6791118,142.0154597,SOUTHERN GRAMPIANS
T20170004436,Dry,Clear,Collision with vehicle,Saturday,Day,110,2017/03/04,14:10:00,No,3.0,1.0,-38.11854769,145.8667989,BAW BAW
T20170004438,Dry,Clear,Collision with vehicle,Saturday,Day,80,2017/03/04,17:50:00,Yes,6.0,4.0,-38.09143545,144.3563663,GREATER GEELONG
T20170004449,Dry,Clear,Collision with vehicle,Saturday,Day,80,2017/03/04,15:12:00,Yes,2.0,1.0,-38.17501687,144.4627284,GREATER GEELONG
T20170004451,Dry,Clear,Struck Pedestrian,Saturday,Dark Street lights on,50,2017/03/04,22:20:00,Yes,5.0,1.0,-38.16351528,145.9302921,BAW BAW
T20170004457,Dry,Clear,Struck Pedestrian,Sunday,Dark No street lights,50,2017/03/05,00:08:00,Yes,2.0,1.0,-38.17728995,144.5595103,GREATER GEELONG
T20170004458,Dry,Clear,Vehicle overturned (no collision),Sunday,Dark Street lights on,999,2017/03/05,02:30:00,No,1.0,1.0,-37.03576946,145.1551653,MITCHELL
T20170004460,Dry,Clear,Collision with vehicle,Sunday,Dark Street lights on,70,2017/03/05,02:15:00,Yes,5.0,2.0,-37.55807655,143.8918286,BALLARAT
T20170004467,Dry,Clear,Collision with vehicle,Saturday,Day,50,2017/03/04,13:55:00,No,2.0,1.0,-37.05063148,144.2220625,MOUNT ALEXANDER
T20170004472,Dry,Dust,Vehicle overturned (no collision),Sunday,Day,100,2017/03/05,11:00:00,No,1.0,1.0,-37.44784278,145.4393676,MURRINDINDI
T20170004475,Dry,Clear,Struck Pedestrian,Saturday,Day,50,2017/03/04,12:20:00,No,5.0,1.0,-36.30463263,145.05469,CAMPASPE
T20170004478,Dry,Clear,Collision with a fixed object,Sunday,Day,110,2017/03/05,07:57:00,Yes,1.0,1.0,-37.06275982,145.1008027,MITCHELL
T20170004483,Dry,Clear,Collision with a fixed object,Sunday,Day,100,2017/03/05,12:00:00,No,1.0,1.0,-37.6763103,143.5963099,GOLDEN PLAINS
T20170004484,Dry,Clear,Collision with a fixed object,Sunday,Day,100,2017/03/05,12:50:00,No,1.0,1.0,-37.27466667,146.10777,MANSFIELD
T20170004486,Dry,Clear,Struck Pedestrian,Sunday,Day,50,2017/03/05,12:40:00,No,2.0,1.0,-38.14463595,144.3633826,GREATER GEELONG
T20170004487,Dry,Clear,Collision with vehicle,Sunday,Day,60,2017/03/05,13:45:00,No,2.0,1.0,-34.19195163,142.1602569,MILDURA
T20170004491,Dry,Clear,Collision with a fixed object,Sunday,Day,100,2017/03/05,11:59:00,No,4.0,2.0,-37.35413987,142.5093814,ARARAT
T20170004497,Dry,Clear,Collision with vehicle,Sunday,Day,60,2017/03/05,14:00:00,No,4.0,4.0,-37.5811653,143.8312087,BALLARAT
T20170004499,Dry,Clear,Vehicle overturned (no collision),Sunday,Day,100,2017/03/05,11:00:00,No,1.0,1.0,-37.96250767,142.5227934,MOYNE
T20170004503,Dry,Clear,Collision with vehicle,Sunday,Day,60,2017/03/05,16:23:00,Yes,1.0,1.0,-38.35594014,143.5831812,COLAC OTWAY
T20170004511,Dry,Clear,Collision with vehicle,Sunday,Day,80,2017/03/05,11:30:00,No,2.0,1.0,-38.73156931,143.2535265,CORANGAMITE
T20170004513,Wet,Clear,Collision with a fixed object,Sunday,Day,100,2017/03/05,16:45:00,Yes,5.0,5.0,-37.92963607,146.6473182,WELLINGTON
T20170004515,Dry,Clear,Collision with vehicle,Sunday,Dark Street lights on,50,2017/03/05,21:45:00,Yes,2.0,1.0,-38.14797762,144.363257,GREATER GEELONG
T20170004521,Dry,Clear,Collision with a fixed object,Sunday,Day,100,2017/03/05,14:50:00,No,2.0,2.0,-37.52888861,145.4371913,MURRINDINDI
T20170004524,Dry,Clear,Collision with vehicle,Saturday,Dark Street lights unknown,60,2017/01/28,21:40:00,Yes,4.0,3.0,-36.84442071,144.1583478,GREATER BENDIGO
T20170004526,Dry,Clear,No collision and no object struck,Thursday,Day,100,2017/03/02,15:40:00,No,1.0,1.0,-38.35551019,146.18963,SOUTH GIPPSLAND
T20170004528,Dry,Clear,collision with some other object,Sunday,Dark No street lights,100,2017/03/05,21:15:00,Yes,2.0,1.0,-36.60773874,143.5748501,LODDON
T20170004532,Dry,Clear,Vehicle overturned (no collision),Monday,Day,70,2017/03/06,08:15:00,No,1.0,1.0,-36.64546001,142.2593686,HORSHAM
T20170004536,Dry,Clear,Collision with vehicle,Monday,Day,60,2017/03/06,09:20:00,No,2.0,1.0,-38.08684272,145.7789495,BAW BAW
T20170004542,Dry,Clear,Collision with vehicle,Monday,Day,60,2017/03/06,10:15:00,No,2.0,1.0,-38.69428746,146.082002,SOUTH GIPPSLAND
T20170004558,Dry,Clear,Vehicle overturned (no collision),Friday,Day,50,2017/03/03,12:30:00,No,1.0,1.0,-36.71784762,142.1971382,HORSHAM
T20170004563,Dry,Clear,Vehicle overturned (no collision),Monday,Day,110,2017/03/06,14:25:00,No,1.0,1.0,-38.14047964,145.8837423,BAW BAW
T20170004564,Unknown,Not known,Collision with a fixed object,Thursday,Unknown,100,2016/11/10,21:00:00,Yes,1.0,1.0,-36.0263293,145.83246,MOIRA
T20170004565,Dry,Clear,Collision with vehicle,Saturday,Dark Street lights on,60,2016/11/26,21:00:00,Yes,2.0,1.0,-36.78869904,144.2408315,GREATER BENDIGO
T20170004569,Dry,Clear,Vehicle overturned (no collision),Friday,Day,999,2017/03/03,16:00:00,Yes,1.0,1.0,-38.34961185,144.1364008,SURF COAST
T20170004573,Dry,Clear,Collision with a fixed object,Monday,Day,110,2017/03/06,15:50:00,No,1.0,1.0,-37.67893882,144.4671438,MOORABOOL
T20170004574,Dry,Clear,Collision with vehicle,Monday,Day,70,2017/03/06,16:00:00,No,5.0,3.0,-38.18612029,146.2817297,LATROBE
T20170004584,Dry,Clear,Struck Pedestrian,Monday,Day,60,2017/03/06,14:45:00,No,2.0,1.0,-38.19675826,144.3401303,GREATER GEELONG
T20170004591,Dry,Clear,Vehicle overturned (no collision),Monday,Day,100,2017/03/06,16:10:00,No,3.0,3.0,-38.02675613,147.416706,WELLINGTON
T20170004594,Dry,Clear,Collision with vehicle,Monday,Day,50,2017/03/06,15:33:00,No,4.0,1.0,-36.36113001,145.3982869,GREATER SHEPPARTON
T20170004617,Dry,Clear,Collision with vehicle,Saturday,Day,70,2017/02/04,11:00:00,No,4.0,3.0,-38.17523301,144.3523865,GREATER GEELONG
T20170004619,Dry,Clear,Collision with a fixed object,Monday,Dark No street lights,50,2017/03/06,19:30:00,Yes,1.0,1.0,-36.75619655,145.5821507,STRATHBOGIE
T20170004625,Dry,Clear,Collision with a fixed object,Tuesday,Day,60,2017/03/07,10:50:00,No,1.0,1.0,-36.71317698,144.266154,GREATER BENDIGO
T20170004635,Dry,Clear,Collision with a fixed object,Saturday,Day,999,2017/03/04,12:25:00,No,1.0,1.0,-36.09028,145.1316977,MOIRA
T20170004655,Dry,Clear,Collision with a fixed object,Tuesday,Day,100,2017/03/07,16:25:00,No,1.0,1.0,-36.60821065,145.7262831,STRATHBOGIE
T20170004658,Dry,Clear,Collision with vehicle,Saturday,Dark Street lights unknown,50,2017/03/04,21:00:00,Yes,1.0,1.0,-38.33697004,144.3086401,SURF COAST
T20170004662,Dry,Clear,Collision with a fixed object,Monday,Dusk/Dawn,100,2017/01/30,18:15:00,Yes,1.0,1.0,-37.77175008,147.3245295,EAST GIPPSLAND
T20170004664,Dry,Clear,Collision with vehicle,Tuesday,Day,110,2017/03/07,15:30:00,No,2.0,1.0,-36.60017792,145.8599807,BENALLA
T20170004670,Dry,Clear,Collision with vehicle,Tuesday,Day,80,2017/03/07,18:25:00,Yes,3.0,3.0,-36.39894547,145.328019,GREATER SHEPPARTON
T20170004675,Dry,Clear,Collision with vehicle,Tuesday,Dark Street lights on,50,2017/03/07,21:05:00,Yes,2.0,1.0,-37.56144029,143.8659919,BALLARAT
T20170004679,Dry,Clear,Collision with a fixed object,Tuesday,Day,100,2017/03/07,16:25:00,No,1.0,1.0,-37.23182936,143.5165275,PYRENEES
T20170004680,Dry,Clear,Collision with vehicle,Tuesday,Dark Street lights on,50,2017/03/07,19:55:00,Yes,4.0,1.0,-35.33940606,143.5442552,SWAN HILL
T20170004688,Dry,Clear,No collision and no object struck,Tuesday,Dark No street lights,110,2017/03/07,22:20:00,Yes,3.0,3.0,-37.2948111,144.5032182,MACEDON RANGES
T20170004697,Dry,Clear,Collision with vehicle,Wednesday,Dusk/Dawn,100,2017/03/08,06:30:00,No,3.0,2.0,-37.75319355,144.4431354,MOORABOOL
T20170004704,Dry,Clear,Collision with a fixed object,Monday,Dark No street lights,60,2017/03/06,23:30:00,Yes,1.0,1.0,-35.50875979,142.8498297,BULOKE
T20170004710,Dry,Clear,Collision with vehicle,Wednesday,Day,60,2017/03/08,08:35:00,No,10.0,1.0,-35.50316427,142.8520673,BULOKE
T20170004711,Dry,Clear,Struck Pedestrian,Wednesday,Day,999,2017/03/08,08:04:00,No,2.0,1.0,-38.03177897,144.4002288,GREATER GEELONG
T20170004727,Dry,Clear,Collision with vehicle,Tuesday,Dusk/Dawn,60,2017/03/07,07:25:00,No,2.0,2.0,-38.17964874,144.3764031,GREATER GEELONG
T20170004729,Dry,Clear,Collision with vehicle,Wednesday,Day,60,2017/03/08,16:45:00,No,3.0,2.0,-38.07718635,144.3584755,GREATER GEELONG
T20170004733,Dry,Clear,Collision with vehicle,Wednesday,Day,60,2017/03/08,17:00:00,No,2.0,2.0,-37.56302474,143.8384285,BALLARAT
T20170004735,Dry,Clear,Collision with vehicle,Wednesday,Day,50,2017/03/08,18:20:00,Yes,2.0,1.0,-36.75665248,144.2826565,GREATER BENDIGO
T20170004736,Dry,Clear,Vehicle overturned (no collision),Wednesday,Day,100,2017/03/08,15:20:00,No,2.0,1.0,-37.41291857,144.9121004,MITCHELL
T20170004740,Dry,Clear,Collision with vehicle,Wednesday,Day,60,2017/03/08,18:10:00,Yes,3.0,2.0,-38.07615119,144.3585388,GREATER GEELONG
T20170004761,Dry,Clear,No collision and no object struck,Thursday,Dark No street lights,100,2017/03/09,05:40:00,Yes,1.0,1.0,-36.1514,145.3547412,MOIRA
T20170004763,Dry,Clear,Collision with vehicle,Thursday,Day,60,2017/03/09,08:50:00,No,2.0,1.0,-37.52989598,143.8610125,BALLARAT
T20170004777,Dry,Clear,Collision with vehicle,Thursday,Day,50,2017/03/09,08:05:00,No,2.0,1.0,-38.14397989,144.3476391,GREATER GEELONG
T20170004778,Dry,Clear,Collision with vehicle,Thursday,Day,60,2017/03/09,09:30:00,No,2.0,2.0,-36.34572675,146.3116561,WANGARATTA
T20170004787,Dry,Clear,Collision with vehicle,Thursday,Day,50,2017/03/09,11:50:00,No,2.0,1.0,-38.16842968,144.3690089,GREATER GEELONG
T20170004793,Dry,Clear,Collision with vehicle,Thursday,Day,100,2017/03/09,14:10:00,No,4.0,2.0,-37.08682772,142.7849238,NORTHERN GRAMPIANS
T20170004800,Dry,Clear,Collision with vehicle,Sunday,Dark Street lights on,50,2017/03/05,21:50:00,Yes,3.0,1.0,-36.39476563,145.3594307,GREATER SHEPPARTON
T20170004802,Dry,Clear,Struck Pedestrian,Thursday,Day,60,2017/03/09,14:05:00,No,2.0,1.0,-37.27912721,144.73435,MACEDON RANGES
T20170004830,Dry,Clear,Struck Pedestrian,Thursday,Dark Street lights on,60,2017/03/09,22:50:00,Yes,2.0,1.0,-36.35287799,146.3307784,WANGARATTA
T20170004838,Dry,Clear,Collision with vehicle,Thursday,Day,70,2017/03/09,09:07:00,No,2.0,1.0,-38.1000545,144.3550236,GREATER GEELONG
T20170004842,Dry,Clear,Collision with vehicle,Friday,Day,50,2017/03/10,07:45:00,No,4.0,1.0,-37.53975588,143.8279508,BALLARAT
T20170004844,Dry,Clear,Collision with vehicle,Friday,Day,999,2017/03/10,08:50:00,No,2.0,1.0,-38.18366004,144.3447003,GREATER GEELONG
T20170004851,Dry,Clear,Struck Pedestrian,Wednesday,Day,60,2017/02/15,08:05:00,No,2.0,1.0,-38.14529622,144.3348007,GREATER GEELONG
T20170004855,Dry,Clear,Vehicle overturned (no collision),Sunday,Day,999,2017/03/05,11:30:00,No,1.0,1.0,-38.01543371,146.0963189,BAW BAW
T20170004859,Dry,Not known,No collision and no object struck,Sunday,Dark Street lights on,50,2017/01/01,01:10:00,Yes,2.0,1.0,-36.34845006,146.29687,WANGARATTA
T20170004862,Dry,Clear,Collision with vehicle,Friday,Day,60,2017/03/10,11:36:00,No,2.0,1.0,-36.13699479,146.9087664,WODONGA
T20170004892,Dry,Clear,Struck Pedestrian,Friday,Day,50,2017/03/10,15:40:00,No,2.0,1.0,-37.05217648,146.0897507,MANSFIELD
T20170004896,Unknown,Not known,Collision with vehicle,Friday,Day,40,2017/03/10,08:40:00,No,6.0,2.0,-38.20755746,144.3312911,GREATER GEELONG
T20170004898,Dry,Clear,Collision with vehicle,Wednesday,Day,100,2017/03/08,15:05:00,No,2.0,1.0,-36.15665162,145.967245,MOIRA
T20170004907,Dry,Clear,collision with some other object,Thursday,Day,60,2017/03/02,15:00:00,No,1.0,1.0,-38.161378,145.925511,BAW BAW
T20170004937,Dry,Clear,Vehicle overturned (no collision),Saturday,Day,100,2017/03/11,10:15:00,No,1.0,1.0,-36.42481,146.292912,WANGARATTA
T20170004940,Dry,Clear,Collision with vehicle,Saturday,Day,100,2017/03/11,11:20:00,No,2.0,1.0,-38.52150595,145.4313026,BASS COAST
T20170004941,Dry,Clear,Vehicle overturned (no collision),Sunday,Day,100,2017/02/26,15:00:00,No,1.0,1.0,-36.57249984,145.4320422,STRATHBOGIE
T20170004942,Dry,Clear,Collision with vehicle,Saturday,Day,60,2017/03/11,13:00:00,No,3.0,2.0,-37.54029791,143.8671064,BALLARAT
T20170004948,Dry,Clear,Collision with a fixed object,Saturday,Day,100,2017/03/11,12:44:00,No,2.0,2.0,-36.55747765,146.9695117,ALPINE
T20170004950,Dry,Clear,Collision with vehicle,Saturday,Day,60,2017/03/11,12:15:00,No,4.0,1.0,-36.7314577,144.304867,GREATER BENDIGO
T20170004951,Dry,Clear,Collision with vehicle,Saturday,Day,100,2017/03/11,12:10:00,No,3.0,3.0,-37.33992241,145.7134805,MURRINDINDI
T20170004952,Dry,Clear,Collision with vehicle,Saturday,Day,50,2017/03/11,12:30:00,No,2.0,1.0,-38.14578712,144.3473031,GREATER GEELONG
T20170004953,Dry,Clear,Struck Pedestrian,Friday,Dusk/Dawn,50,2017/03/10,19:00:00,Yes,3.0,1.0,-36.31352543,145.04236,CAMPASPE
T20170004957,Dry,Clear,No collision and no object struck,Saturday,Day,100,2017/03/11,14:05:00,Yes,1.0,1.0,-36.9459687,146.1977508,MANSFIELD
T20170004960,Wet,Clear,Collision with vehicle,Saturday,Day,100,2017/03/11,16:25:00,Yes,3.0,1.0,-37.38669015,143.3721296,PYRENEES
T20170004972,Dry,Clear,Vehicle overturned (no collision),Saturday,Day,80,2017/03/11,11:35:00,No,2.0,2.0,-39.02400907,146.3296994,SOUTH GIPPSLAND
T20170004973,Dry,Clear,Collision with vehicle,Saturday,Day,100,2017/03/11,17:15:00,Yes,2.0,2.0,-38.37419971,145.7192505,SOUTH GIPPSLAND
T20170004981,Dry,Clear,Collision with a fixed object,Friday,Dark Street lights on,60,2017/03/10,01:44:00,Yes,4.0,2.0,-38.14460981,144.3290659,GREATER GEELONG
T20170004984,Wet,Raining,Collision with vehicle,Saturday,Dark Street lights on,60,2017/03/11,22:20:00,Yes,5.0,3.0,-38.37159024,142.2474604,MOYNE
T20170004985,Wet,Raining,Collision with vehicle,Sunday,Dark No street lights,80,2017/03/12,01:28:00,Yes,8.0,3.0,-38.09906264,144.3552117,GREATER GEELONG
T20170004992,Dry,Clear,Vehicle overturned (no collision),Saturday,Day,100,2017/03/11,13:30:00,No,2.0,1.0,-36.33425036,145.9596512,BENALLA
T20170004998,Wet,Clear,Collision with a fixed object,Sunday,Day,80,2017/03/12,08:00:00,Yes,2.0,2.0,-38.39217934,144.2042786,SURF COAST
T20170005001,Dry,Clear,Collision with a fixed object,Saturday,Day,100,2017/03/11,09:10:00,No,1.0,1.0,-37.28983826,145.5628121,MURRINDINDI
T20170005019,Unknown,Not known,Collision with a fixed object,Sunday,Day,100,2017/03/12,13:00:00,No,1.0,1.0,-36.05649046,145.0620998,MOIRA
T20170005020,Dry,Clear,Collision with vehicle,Sunday,Day,60,2017/03/12,16:20:00,Yes,6.0,2.0,-37.56005646,143.8429722,BALLARAT
T20170005022,Dry,Clear,No collision and no object struck,Sunday,Day,100,2017/03/12,14:30:00,No,1.0,1.0,-37.1632531,144.9959491,MITCHELL
T20170005028,Dry,Clear,Collision with a fixed object,Sunday,Day,100,2017/03/12,17:20:00,Yes,3.0,3.0,-37.52447973,143.7427902,BALLARAT