Accident_No,Surface_Cond_Desc,Atmosph_Cond_Desc,Accident_Type_Desc,Day,Light_Condition_Desc,Speed_Zone,Accident_Date,Accident_Time,Alcohol_Influence,Total_Persons_Inv,Inj_Or_Fatal,Lat,Long,LGA
T20170005032,Dry,Clear,Vehicle overturned (no collision),Sunday,Dark No street lights,100,2017/03/12,01:00:00,Yes,1.0,1.0,-36.66066776,142.0831002,HORSHAM
T20170005059,Dry,Clear,Collision with a fixed object,Monday,Day,100,2017/03/13,10:27:00,No,1.0,1.0,-38.21780029,146.3982022,LATROBE
T20170005069,Dry,Clear,Collision with vehicle,Monday,Day,100,2017/03/13,12:40:00,No,6.0,5.0,-38.06651956,144.2921428,GREATER GEELONG
T20170005078,Dry,Clear,Collision with a fixed object,Monday,Day,100,2017/03/13,15:20:00,No,1.0,1.0,-37.66260895,147.2778899,EAST GIPPSLAND
T20170005096,Dry,Not known,Collision with a fixed object,Monday,Unknown,100,2017/03/13,18:56:00,Yes,1.0,1.0,-36.69976385,143.1996099,NORTHERN GRAMPIANS
T20170005107,Dry,Clear,Collision with vehicle,Tuesday,Day,60,2017/03/14,08:30:00,No,2.0,2.0,-38.18929901,144.3435847,GREATER GEELONG
T20170005109,Dry,Clear,Collision with vehicle,Tuesday,Day,60,2017/03/14,08:10:00,No,3.0,1.0,-36.3787003,145.3983423,GREATER SHEPPARTON
T20170005112,Unknown,Clear,Vehicle overturned (no collision),Tuesday,Unknown,100,2016/05/24,20:00:00,Yes,1.0,1.0,-35.73745846,143.04713,BULOKE
T20170005137,Dry,Clear,Struck Pedestrian,Tuesday,Day,50,2017/03/14,08:15:00,No,2.0,1.0,-38.60939162,145.5951702,BASS COAST
T20170005142,Wet,Clear,Collision with a fixed object,Sunday,Day,60,2017/03/12,10:00:00,Yes,1.0,1.0,-38.44653247,143.9400714,SURF COAST
T20170005146,Dry,Clear,Vehicle overturned (no collision),Tuesday,Day,100,2017/03/14,06:00:00,Yes,3.0,1.0,-34.21833967,142.042046,MILDURA
T20170005151,Dry,Clear,Collision with a fixed object,Tuesday,Day,100,2017/03/14,13:30:00,No,1.0,1.0,-36.77581099,144.1364874,GREATER BENDIGO
T20170005155,Dry,Clear,Collision with vehicle,Tuesday,Day,70,2017/03/14,13:40:00,No,3.0,1.0,-38.19699057,144.3420148,GREATER GEELONG
T20170005156,Dry,Clear,Collision with vehicle,Tuesday,Day,40,2017/03/14,10:30:00,No,2.0,1.0,-37.56287947,143.8590754,BALLARAT
T20170005158,Dry,Clear,Vehicle overturned (no collision),Tuesday,Day,100,2017/03/14,16:05:00,No,1.0,1.0,-36.0567,145.9954513,MOIRA
T20170005163,Dry,Clear,Struck Pedestrian,Tuesday,Day,60,2017/03/14,17:25:00,No,2.0,1.0,-38.18187752,144.3955905,GREATER GEELONG
T20170005164,Dry,Clear,Collision with vehicle,Tuesday,Day,50,2017/03/14,16:00:00,No,2.0,1.0,-37.55624988,143.8244901,BALLARAT
T20170005190,Dry,Clear,No collision and no object struck,Thursday,Day,60,2017/01/26,14:00:00,No,1.0,1.0,-36.12944287,144.727471,CAMPASPE
T20170005191,Dry,Clear,collision with some other object,Monday,Dark No street lights,100,2017/03/13,21:00:00,Yes,2.0,1.0,-36.59876925,144.5437086,GREATER BENDIGO
T20170005198,Dry,Clear,No collision and no object struck,Monday,Day,100,2017/03/13,13:30:00,No,1.0,1.0,-36.75853999,147.7016,EAST GIPPSLAND
T20170005202,Dry,Clear,No collision and no object struck,Monday,Day,80,2017/03/13,13:00:00,No,1.0,1.0,-37.30969058,148.6953379,EAST GIPPSLAND
T20170005205,Dry,Clear,Collision with vehicle,Wednesday,Dusk/Dawn,100,2017/03/15,07:45:00,No,2.0,1.0,-36.49815367,144.6241966,CAMPASPE
T20170005210,Unknown,Clear,No collision and no object struck,Monday,Day,999,2017/03/13,14:30:00,No,1.0,1.0,-37.95079117,145.8018305,BAW BAW
T20170005213,Dry,Clear,No collision and no object struck,Wednesday,Day,100,2017/03/15,12:30:00,No,2.0,2.0,-37.51089938,149.6829712,EAST GIPPSLAND
T20170005215,Dry,Clear,No collision and no object struck,Tuesday,Dusk/Dawn,60,2017/02/28,20:30:00,Yes,1.0,1.0,-38.16838031,144.575521,GREATER GEELONG
T20170005222,Dry,Clear,Collision with vehicle,Tuesday,Day,60,2017/03/07,17:30:00,No,3.0,1.0,-36.11570891,146.8699211,WODONGA
T20170005235,Dry,Clear,Collision with vehicle,Wednesday,Day,60,2017/03/15,17:30:00,No,2.0,1.0,-36.77705214,144.2890849,GREATER BENDIGO
T20170005246,Dry,Clear,Collision with a fixed object,Wednesday,Day,80,2017/03/15,16:40:00,No,1.0,1.0,-38.66283952,143.8640223,COLAC OTWAY
T20170005271,Wet,Clear,Collision with vehicle,Thursday,Day,80,2017/03/16,08:35:00,No,3.0,2.0,-38.2064556,144.3540308,GREATER GEELONG
T20170005281,Dry,Clear,No collision and no object struck,Friday,Day,100,2017/03/10,14:30:00,No,1.0,1.0,-37.43007009,143.8528018,HEPBURN
T20170005283,Wet,Raining,collision with some other object,Thursday,Day,80,2017/03/16,09:25:00,No,1.0,1.0,-38.25902817,145.9011189,BAW BAW
T20170005284,Wet,Raining,Collision with a fixed object,Thursday,Day,100,2017/03/16,09:29:00,No,1.0,1.0,-38.49830971,146.005229,SOUTH GIPPSLAND
T20170005287,Wet,Not known,Vehicle overturned (no collision),Thursday,Day,80,2017/03/16,08:45:00,No,1.0,1.0,-38.49164507,143.9446992,SURF COAST
T20170005290,Dry,Clear,Collision with vehicle,Thursday,Day,60,2017/03/16,09:47:00,No,2.0,2.0,-36.75673738,144.2712312,GREATER BENDIGO
T20170005300,Dry,Clear,Vehicle overturned (no collision),Thursday,Day,100,2017/03/16,12:45:00,No,2.0,2.0,-38.32368902,145.5421516,BASS COAST
T20170005305,Dry,Clear,Collision with vehicle,Thursday,Day,80,2017/03/16,12:30:00,No,3.0,3.0,-36.39671568,145.46193,GREATER SHEPPARTON
T20170005307,Dry,Clear,Collision with vehicle,Thursday,Day,100,2017/03/16,10:00:00,No,3.0,1.0,-37.83876148,147.9219331,EAST GIPPSLAND
T20170005313,Dry,Clear,Collision with vehicle,Thursday,Day,80,2017/03/16,12:25:00,No,5.0,1.0,-38.07537123,144.3687789,GREATER GEELONG
T20170005318,Dry,Clear,Collision with vehicle,Saturday,Day,999,2016/11/19,14:50:00,No,3.0,1.0,-36.90867829,144.6951256,GREATER BENDIGO
T20170005321,Dry,Clear,Collision with a fixed object,Thursday,Day,100,2017/03/16,16:00:00,No,1.0,1.0,-37.02689962,145.8358599,MANSFIELD
T20170005328,Dry,Clear,Collision with vehicle,Thursday,Day,60,2017/03/16,15:30:00,No,5.0,2.0,-38.13066115,144.3383073,GREATER GEELONG
T20170005344,Dry,Clear,collision with some other object,Thursday,Day,100,2017/03/16,18:05:00,Yes,1.0,1.0,-38.35959931,146.2460304,LATROBE
T20170005356,Dry,Clear,Collision with a fixed object,Sunday,Day,999,2017/03/12,16:00:00,No,1.0,1.0,-37.15139256,146.7956679,ALPINE
T20170005362,Dry,Clear,Collision with vehicle,Wednesday,Day,60,2017/03/15,11:45:00,No,3.0,1.0,-37.68621599,144.479791,MOORABOOL
T20170005371,Dry,Clear,Vehicle overturned (no collision),Saturday,Day,100,2017/03/11,13:30:00,No,1.0,1.0,-36.9362988,146.212887,MANSFIELD
T20170005372,Dry,Clear,Collision with vehicle,Friday,Day,50,2017/03/17,08:30:00,No,2.0,1.0,-37.68423169,144.4338864,MOORABOOL
T20170005381,Dry,Clear,Collision with vehicle,Friday,Day,100,2017/03/17,07:41:00,No,2.0,1.0,-37.84427069,143.6882599,GOLDEN PLAINS
T20170005383,Dry,Clear,Collision with vehicle,Friday,Day,70,2017/03/17,11:10:00,No,2.0,2.0,-38.19699057,144.3420148,GREATER GEELONG
T20170005389,Dry,Clear,Collision with a fixed object,Thursday,Dark No street lights,100,2017/03/16,21:00:00,Yes,3.0,2.0,-37.78537995,147.0932177,WELLINGTON
T20170005398,Dry,Clear,Collision with vehicle,Friday,Day,50,2017/03/17,09:40:00,No,2.0,2.0,-38.40726678,144.186407,SURF COAST
T20170005404,Dry,Clear,Collision with vehicle,Friday,Day,60,2017/03/17,12:15:00,No,3.0,1.0,-38.1869855,146.2847686,LATROBE
T20170005406,Dry,Clear,No collision and no object struck,Friday,Day,100,2017/03/17,14:45:00,No,1.0,1.0,-36.11113097,147.0135051,WODONGA
T20170005407,Dry,Fog,No collision and no object struck,Saturday,Day,50,2017/03/04,07:45:00,Yes,1.0,1.0,-36.77098037,144.2784934,GREATER BENDIGO
T20170005416,Dry,Clear,Collision with vehicle,Wednesday,Day,100,2017/03/15,08:00:00,No,2.0,1.0,-36.2890141,146.7636112,INDIGO
T20170005420,Dry,Clear,Collision with vehicle,Friday,Day,60,2017/03/17,17:00:00,No,2.0,1.0,-38.21412908,144.5441387,GREATER GEELONG
T20170005430,Dry,Clear,Collision with vehicle,Friday,Day,80,2017/03/17,18:30:00,Yes,3.0,1.0,-37.54057863,142.7353019,ARARAT
T20170005432,Dry,Clear,Collision with a fixed object,Friday,Dark No street lights,100,2017/03/17,19:30:00,Yes,1.0,1.0,-37.48819706,144.1390311,MOORABOOL
T20170005453,Dry,Clear,Collision with a fixed object,Saturday,Dark Street lights on,50,2017/03/18,04:25:00,Yes,2.0,2.0,-36.37956196,145.403741,GREATER SHEPPARTON
T20170005463,Dry,Clear,Vehicle overturned (no collision),Saturday,Day,80,2017/03/18,08:20:00,No,1.0,1.0,-37.51230029,143.8273926,BALLARAT
T20170005471,Dry,Clear,Collision with vehicle,Saturday,Day,60,2017/03/18,08:36:00,No,2.0,1.0,-38.14676003,144.3471254,GREATER GEELONG
T20170005478,Dry,Clear,No collision and no object struck,Saturday,Day,999,2017/03/11,11:30:00,No,2.0,2.0,-37.04669748,143.9755512,CENTRAL GOLDFIELDS
T20170005486,Dry,Clear,Collision with vehicle,Friday,Day,60,2017/03/17,17:20:00,No,2.0,1.0,-37.87877494,147.9958338,EAST GIPPSLAND
T20170005514,Dry,Clear,Collision with vehicle,Sunday,Dark Street lights on,80,2017/03/19,00:25:00,Yes,2.0,2.0,-38.23638052,144.5398242,GREATER GEELONG
T20170005534,Dry,Clear,Collision with a fixed object,Sunday,Day,110,2017/03/19,07:40:00,Yes,1.0,1.0,-37.09542238,144.3515145,MOUNT ALEXANDER
T20170005537,Dry,Clear,Vehicle overturned (no collision),Sunday,Day,100,2017/03/19,11:20:00,No,1.0,1.0,-38.09346017,146.5994899,WELLINGTON
T20170005540,Dry,Clear,Collision with a fixed object,Sunday,Day,80,2017/03/19,12:10:00,No,1.0,1.0,-37.53327988,145.4690304,MURRINDINDI
T20170005541,Dry,Clear,Collision with a fixed object,Sunday,Day,100,2017/03/19,10:30:00,No,1.0,1.0,-38.2811416,144.2816097,SURF COAST
T20170005568,Dry,Clear,Vehicle overturned (no collision),Sunday,Day,110,2017/03/19,17:12:00,No,2.0,2.0,-37.1056595,145.0920835,MITCHELL
T20170005571,Dry,Clear,Collision with a fixed object,Sunday,Day,100,2017/03/19,17:44:00,Yes,1.0,1.0,-36.75856157,141.9019411,HORSHAM
T20170005576,Dry,Clear,Collision with vehicle,Sunday,Dark No street lights,80,2017/03/19,21:24:00,Yes,3.0,3.0,-36.47860999,145.388848,GREATER SHEPPARTON
T20170005583,Dry,Clear,Vehicle overturned (no collision),Thursday,Dusk/Dawn,50,2017/03/02,21:00:00,Yes,2.0,1.0,-38.12831717,144.3201488,GREATER GEELONG
T20170005589,Dry,Clear,No collision and no object struck,Saturday,Day,999,2017/03/18,16:02:00,Yes,1.0,1.0,-37.1027538,146.269159,MANSFIELD
T20170005590,Wet,Raining,Collision with a fixed object,Monday,Dusk/Dawn,80,2017/03/20,07:00:00,No,2.0,1.0,-37.48136132,145.274616,MURRINDINDI
T20170005596,Wet,Clear,Collision with vehicle,Monday,Day,60,2017/03/20,08:00:00,No,2.0,1.0,-36.80099996,144.3462693,GREATER BENDIGO
T20170005601,Dry,Not known,Collision with vehicle,Monday,Day,100,2017/03/20,09:11:00,No,3.0,2.0,-34.2198246,142.1104782,MILDURA
T20170005605,Dry,Clear,Collision with vehicle,Monday,Day,100,2017/03/20,10:30:00,No,3.0,1.0,-37.38490318,145.4734651,MURRINDINDI
T20170005606,Wet,Raining,Collision with a fixed object,Monday,Day,110,2017/03/20,10:07:00,No,1.0,1.0,-37.67470997,144.4668443,MOORABOOL
T20170005614,Wet,Raining,Collision with vehicle,Monday,Day,100,2017/03/20,10:48:00,No,2.0,1.0,-38.20731062,146.1166299,BAW BAW
T20170005616,Wet,Raining,Collision with vehicle,Monday,Day,100,2017/02/06,08:00:00,Yes,2.0,1.0,-35.99170134,146.4148017,INDIGO
T20170005617,Dry,Clear,collision with some other object,Sunday,Day,100,2017/03/19,17:45:00,Yes,1.0,1.0,-36.72371586,142.24155,HORSHAM
T20170005624,Wet,Clear,Collision with a fixed object,Monday,Day,100,2017/03/20,10:50:00,No,1.0,1.0,-38.03085401,146.9155791,WELLINGTON
T20170005627,Wet,Clear,Collision with a fixed object,Monday,Day,100,2017/03/20,11:25:00,No,1.0,1.0,-38.17473723,145.8010595,BAW BAW
T20170005628,Dry,Clear,Collision with vehicle,Sunday,Dark No street lights,100,2017/03/19,21:30:00,Yes,2.0,2.0,-38.18852954,144.3283993,GREATER GEELONG
T20170005633,Wet,Clear,Collision with vehicle,Monday,Day,80,2017/03/20,14:35:00,No,6.0,3.0,-38.16096281,144.4009635,GREATER GEELONG
T20170005644,Wet,Raining,Collision with a fixed object,Monday,Day,110,2017/03/20,18:30:00,Yes,2.0,2.0,-37.51966342,144.624385,MACEDON RANGES
T20170005647,Dry,Dust,Collision with a fixed object,Saturday,Day,999,2017/03/18,11:30:00,No,1.0,1.0,-37.75247309,146.5348025,WELLINGTON
T20170005649,Dry,Clear,Collision with a fixed object,Monday,Day,100,2017/03/20,15:20:00,No,1.0,1.0,-37.32525234,143.4065484,PYRENEES
T20170005658,Unknown,Not known,Collision with vehicle,Tuesday,Day,999,2017/03/07,14:45:00,No,2.0,1.0,-38.38386983,142.4788265,WARRNAMBOOL
T20170005671,Dry,Clear,Collision with a fixed object,Friday,Dusk/Dawn,100,2017/03/17,06:40:00,No,1.0,1.0,-36.62705843,144.5189626,GREATER BENDIGO
T20170005675,Dry,Clear,Collision with vehicle,Tuesday,Day,50,2017/03/21,08:45:00,No,2.0,1.0,-38.14199126,144.3391147,GREATER GEELONG
T20170005677,Dry,Not known,No collision and no object struck,Thursday,Day,80,2016/10/06,15:00:00,No,1.0,1.0,-38.43478805,144.128428,SURF COAST
T20170005681,Wet,Not known,Vehicle overturned (no collision),Tuesday,Dusk/Dawn,100,2017/03/21,06:45:00,No,1.0,1.0,-38.10258672,146.0668835,BAW BAW
T20170005685,Dry,Clear,Collision with vehicle,Tuesday,Day,100,2017/03/21,11:37:00,No,2.0,1.0,-38.07488931,145.9006414,BAW BAW
T20170005693,Dry,Clear,Vehicle overturned (no collision),Tuesday,Day,100,2017/03/21,11:42:00,No,1.0,1.0,-35.03531203,143.3221313,SWAN HILL
T20170005696,Wet,Raining,Collision with vehicle,Tuesday,Day,60,2017/03/21,13:55:00,No,2.0,2.0,-37.56488923,143.8634121,BALLARAT
T20170005699,Wet,Raining,Collision with vehicle,Tuesday,Day,80,2017/03/21,12:56:00,No,3.0,2.0,-38.30820305,141.5949713,GLENELG
T20170005701,Unknown,Not known,collision with some other object,Friday,Unknown,999,2017/03/17,19:00:00,Yes,1.0,1.0,-36.79112015,146.3326907,WANGARATTA
T20170005704,Muddy,Raining,Fall from or in moving vehicle,Tuesday,Day,100,2017/03/21,11:10:00,No,4.0,1.0,-36.77158571,146.2892206,WANGARATTA
T20170005707,Wet,Raining,Collision with vehicle,Tuesday,Day,70,2017/03/21,16:40:00,No,3.0,2.0,-38.10094689,144.3122525,GREATER GEELONG
T20170005714,Wet,Clear,Collision with vehicle,Tuesday,Day,50,2017/03/21,17:40:00,No,3.0,1.0,-36.79704753,144.2453831,GREATER BENDIGO
T20170005715,Dry,Clear,Collision with a fixed object,Tuesday,Day,80,2017/03/21,17:25:00,No,4.0,4.0,-36.75184921,144.2187819,GREATER BENDIGO
T20170005724,Dry,Clear,Collision with vehicle,Tuesday,Day,60,2017/03/21,15:45:00,No,3.0,1.0,-37.54593755,143.7961155,BALLARAT
T20170005748,Wet,Raining,collision with some other object,Wednesday,Dark No street lights,100,2017/03/22,03:45:00,Yes,1.0,1.0,-38.61705727,146.1412286,SOUTH GIPPSLAND
T20170005752,Wet,Raining,Collision with vehicle,Wednesday,Day,80,2017/03/22,09:30:00,No,2.0,2.0,-38.30821966,146.4274591,LATROBE
T20170005762,Dry,Clear,Collision with vehicle,Wednesday,Day,60,2017/03/22,11:40:00,No,2.0,1.0,-35.33471287,143.5598173,SWAN HILL
T20170005766,Wet,Raining,Vehicle overturned (no collision),Wednesday,Day,110,2017/03/22,12:25:00,No,2.0,1.0,-37.66618356,144.4023258,MOORABOOL
T20170005770,Dry,Clear,Collision with vehicle,Tuesday,Day,110,2017/03/21,17:20:00,No,2.0,1.0,-38.1874611,146.0059495,BAW BAW
T20170005772,Wet,Raining,Collision with vehicle,Wednesday,Day,60,2017/03/22,14:00:00,No,3.0,1.0,-37.5734866,143.8465602,BALLARAT
T20170005773,Dry,Clear,collision with some other object,Wednesday,Day,999,2017/03/22,07:45:00,No,1.0,1.0,-37.04051093,146.9860286,ALPINE
T20170005774,Wet,Raining,Collision with vehicle,Wednesday,Day,100,2017/03/22,11:20:00,No,2.0,2.0,-38.25781707,146.485589,LATROBE
T20170005793,Unknown,Not known,Fall from or in moving vehicle,Friday,Unknown,999,2017/03/17,16:00:00,Yes,1.0,1.0,-36.15497013,147.3392584,TOWONG
T20170005796,Wet,Raining,Vehicle overturned (no collision),Wednesday,Day,100,2017/03/22,12:20:00,No,2.0,2.0,-38.14821203,146.44752,LATROBE
T20170005802,Dry,Clear,Collision with vehicle,Tuesday,Day,60,2017/01/17,09:00:00,No,2.0,1.0,-38.11148581,144.3491508,GREATER GEELONG
T20170005807,Dry,Not known,Collision with vehicle,Wednesday,Day,60,2017/03/08,15:45:00,No,3.0,2.0,-37.07251429,144.2077104,MOUNT ALEXANDER
T20170005809,Dry,Clear,Collision with a fixed object,Wednesday,Day,50,2017/03/22,18:30:00,Yes,2.0,2.0,-38.32974978,143.0769914,CORANGAMITE
T20170005818,Wet,Raining,Vehicle overturned (no collision),Wednesday,Day,100,2017/03/22,18:20:00,Yes,1.0,1.0,-36.31092904,146.7002669,INDIGO
T20170005835,Dry,Clear,Collision with vehicle,Wednesday,Day,60,2017/03/22,12:30:00,No,2.0,1.0,-37.28945494,144.9558731,MITCHELL
T20170005847,Dry,Clear,Collision with vehicle,Thursday,Day,50,2017/03/23,10:30:00,No,2.0,2.0,-38.17325625,144.3327562,GREATER GEELONG
T20170005849,Dry,Clear,No collision and no object struck,Saturday,Day,50,2017/02/18,09:30:00,No,2.0,1.0,-38.09811969,147.0651341,WELLINGTON
T20170005853,Wet,Clear,Collision with a fixed object,Thursday,Day,100,2017/03/23,08:20:00,No,2.0,1.0,-38.59766148,146.1183711,SOUTH GIPPSLAND
T20170005858,Dry,Clear,Collision with vehicle,Thursday,Day,100,2017/03/23,12:40:00,No,2.0,2.0,-36.38200981,146.4067201,WANGARATTA
T20170005871,Unknown,Clear,Struck Pedestrian,Wednesday,Day,999,2017/03/22,15:45:00,No,3.0,2.0,-37.55787412,143.8419918,BALLARAT
T20170005872,Unknown,Not known,No collision and no object struck,Saturday,Day,999,2017/03/18,12:30:00,No,1.0,1.0,-38.07297911,146.0747306,BAW BAW
T20170005873,Dry,Clear,Struck Pedestrian,Thursday,Day,60,2017/03/23,15:55:00,No,2.0,1.0,-38.07223987,144.3587456,GREATER GEELONG
T20170005875,Dry,Clear,Collision with vehicle,Thursday,Day,60,2017/03/23,14:20:00,No,1.0,1.0,-38.17153045,144.3775087,GREATER GEELONG
T20170005878,Dry,Clear,Collision with vehicle,Thursday,Day,100,2017/03/23,16:10:00,No,3.0,3.0,-38.26568693,144.4044212,SURF COAST
T20170005888,Dry,Clear,Collision with vehicle,Thursday,Day,100,2017/03/23,17:35:00,No,3.0,2.0,-38.2992847,143.7896915,COLAC OTWAY
T20170005897,Dry,Clear,Collision with a fixed object,Thursday,Dark No street lights,100,2017/03/23,23:20:00,Yes,1.0,1.0,-37.91771997,141.9467533,SOUTHERN GRAMPIANS
T20170005903,Dry,Clear,collision with some other object,Friday,Dark No street lights,100,2017/03/24,06:45:00,No,1.0,1.0,-37.88822722,146.9463606,WELLINGTON
T20170005909,Dry,Clear,Collision with vehicle,Thursday,Day,70,2016/12/22,16:40:00,No,7.0,1.0,-38.18202056,144.3472302,GREATER GEELONG
T20170005912,Dry,Clear,Vehicle overturned (no collision),Thursday,Dark No street lights,100,2017/03/23,21:30:00,Yes,2.0,2.0,-38.43241262,143.1888224,CORANGAMITE
T20170005915,Wet,Raining,Collision with a fixed object,Friday,Day,100,2017/03/24,08:10:00,No,2.0,2.0,-37.61178415,148.8900218,EAST GIPPSLAND
T20170005916,Dry,Clear,collision with some other object,Saturday,Day,100,2017/01/21,15:00:00,Yes,1.0,1.0,-37.51443949,146.0950244,MURRINDINDI
T20170005921,Dry,Clear,Collision with vehicle,Friday,Day,60,2017/03/24,08:30:00,No,4.0,1.0,-36.55565099,146.715409,ALPINE
T20170005927,Wet,Raining,Collision with vehicle,Wednesday,Dusk/Dawn,50,2017/03/22,17:00:00,No,3.0,3.0,-38.12692715,144.3392528,GREATER GEELONG
T20170005934,Wet,Raining,Collision with vehicle,Tuesday,Day,80,2017/03/21,15:50:00,No,6.0,1.0,-37.40439488,144.9611035,MITCHELL
T20170005939,Dry,Clear,Collision with a fixed object,Friday,Day,100,2017/03/24,11:25:00,No,4.0,4.0,-37.87369648,144.2778803,GREATER GEELONG
T20170005940,Dry,Clear,Fall from or in moving vehicle,Friday,Day,70,2017/03/24,12:30:00,No,2.0,1.0,-36.40814951,145.3936566,GREATER SHEPPARTON
T20170005941,Dry,Clear,Vehicle overturned (no collision),Sunday,Day,60,2017/02/26,18:00:00,Yes,1.0,1.0,-38.09390054,144.3807761,GREATER GEELONG
T20170005942,Unknown,Clear,Collision with a fixed object,Friday,Dark No street lights,100,2017/03/24,00:30:00,Yes,1.0,1.0,-37.44145907,141.2707409,GLENELG
T20170005946,Dry,Clear,Collision with vehicle,Friday,Day,100,2017/03/24,08:30:00,No,3.0,2.0,-37.44880692,143.3801959,PYRENEES
T20170005947,Dry,Clear,Collision with vehicle,Friday,Day,100,2017/03/24,10:08:00,No,3.0,3.0,-37.49718133,147.8405688,EAST GIPPSLAND
T20170005953,Dry,Clear,Collision with vehicle,Friday,Day,100,2017/03/24,14:25:00,No,2.0,1.0,-36.12948106,144.62921,CAMPASPE
T20170005954,Wet,Raining,Collision with vehicle,Sunday,Day,60,2017/02/19,18:25:00,No,3.0,1.0,-38.10487954,147.0767068,WELLINGTON
T20170005979,Dry,Clear,Collision with vehicle,Friday,Day,100,2017/03/24,16:20:00,Yes,2.0,1.0,-36.46730972,146.0007707,BENALLA
T20170006000,Dry,Clear,Collision with a fixed object,Saturday,Dark No street lights,60,2017/03/25,02:00:00,Yes,2.0,2.0,-37.68779124,144.476921,MOORABOOL
T20170006003,Wet,Not known,Vehicle overturned (no collision),Saturday,Day,999,2017/03/04,12:00:00,No,1.0,1.0,-37.40753993,145.96017,MURRINDINDI
T20170006004,Dry,Clear,Collision with vehicle,Saturday,Day,60,2017/03/25,07:38:00,Yes,2.0,2.0,-38.15707214,144.370441,GREATER GEELONG
T20170006006,Dry,Not known,Collision with vehicle,Saturday,Day,40,2017/03/04,12:10:00,No,2.0,1.0,-38.10089033,144.3525126,GREATER GEELONG
T20170006007,Dry,Clear,Collision with a fixed object,Saturday,Dark Street lights on,80,2017/03/25,04:14:00,Yes,1.0,1.0,-38.52099461,145.3334783,BASS COAST
T20170006014,Dry,Clear,Collision with a fixed object,Friday,Dark No street lights,100,2017/03/24,23:15:00,Yes,2.0,2.0,-37.65170468,143.200622,PYRENEES
T20170006018,Wet,Raining,Vehicle overturned (no collision),Saturday,Day,80,2017/03/25,12:30:00,No,1.0,1.0,-37.10380967,146.3502403,MANSFIELD
T20170006027,Dry,Clear,Vehicle overturned (no collision),Saturday,Day,80,2017/03/25,15:30:00,No,1.0,1.0,-38.34090903,146.4090084,LATROBE
T20170006028,Wet,Clear,Struck animal,Saturday,Day,80,2017/03/25,09:30:00,No,3.0,1.0,-37.24569996,145.1724085,MURRINDINDI
T20170006035,Wet,Clear,Vehicle overturned (no collision),Saturday,Day,999,2017/03/25,15:30:00,Yes,1.0,1.0,-37.22601981,146.6840997,WELLINGTON
T20170006051,Dry,Clear,Collision with a fixed object,Saturday,Dark No street lights,110,2017/03/25,21:35:00,Yes,1.0,1.0,-38.24289609,146.4031779,LATROBE
T20170006059,Dry,Clear,Collision with a fixed object,Sunday,Dark No street lights,100,2017/03/26,01:50:00,No,1.0,1.0,-36.52873534,146.044467,BENALLA
T20170006060,Dry,Clear,Collision with a fixed object,Sunday,Dark No street lights,80,2017/03/26,03:17:00,No,1.0,1.0,-38.19178034,146.4505528,LATROBE
T20170006065,Dry,Not known,Struck animal,Sunday,Dark No street lights,100,2017/03/26,06:30:00,Yes,1.0,1.0,-37.86150832,147.5118495,EAST GIPPSLAND
T20170006071,Dry,Clear,Collision with vehicle,Sunday,Day,60,2017/03/26,10:40:00,No,3.0,1.0,-36.0915899,146.9051,WODONGA
T20170006079,Dry,Clear,Collision with vehicle,Sunday,Day,999,2017/03/26,12:50:00,No,2.0,1.0,-36.71666071,142.19669,HORSHAM
T20170006080,Dry,Clear,Collision with vehicle,Sunday,Day,80,2017/03/26,12:39:00,No,4.0,1.0,-37.22144328,144.4679769,MACEDON RANGES
T20170006082,Dry,Clear,Collision with vehicle,Sunday,Day,50,2017/03/26,08:30:00,Yes,2.0,1.0,-36.75855483,144.2981548,GREATER BENDIGO
T20170006095,Dry,Clear,Collision with a fixed object,Sunday,Day,100,2017/03/26,15:00:00,No,1.0,1.0,-36.51680907,145.4982344,GREATER SHEPPARTON
T20170006096,Dry,Clear,Collision with vehicle,Sunday,Day,50,2017/03/26,16:20:00,Yes,2.0,2.0,-37.53268793,143.827456,BALLARAT
T20170006101,Dry,Clear,No collision and no object struck,Sunday,Day,100,2017/03/26,18:15:00,Yes,1.0,1.0,-37.52101113,143.1987514,PYRENEES
T20170006117,Dry,Clear,Vehicle overturned (no collision),Sunday,Day,80,2017/03/26,15:15:00,No,2.0,1.0,-37.53411998,147.8544702,EAST GIPPSLAND
T20170006131,Dry,Clear,Collision with vehicle,Sunday,Day,60,2017/03/26,11:36:00,No,2.0,1.0,-38.11029985,144.339119,GREATER GEELONG
T20170006132,Wet,Raining,Collision with a fixed object,Wednesday,Dark No street lights,100,2016/08/10,05:30:00,Yes,1.0,1.0,-38.04487952,144.2571401,GOLDEN PLAINS
T20170006137,Dry,Clear,Vehicle overturned (no collision),Sunday,Day,60,2017/03/26,15:15:00,No,1.0,1.0,-36.84424991,147.2649804,FALLS CREEK ALPINE RESORT (UNINC)
T20170006140,Dry,Clear,Collision with vehicle,Monday,Day,60,2017/03/27,11:30:00,No,3.0,1.0,-37.57160841,143.8485362,BALLARAT
T20170006149,Dry,Clear,Collision with vehicle,Monday,Day,100,2017/03/27,13:40:00,No,3.0,3.0,-37.89861931,147.3615796,EAST GIPPSLAND
T20170006154,Dry,Clear,collision with some other object,Monday,Day,100,2017/03/27,08:00:00,No,2.0,2.0,-38.18222585,147.1383301,WELLINGTON