Accident_No,Surface_Cond_Desc,Atmosph_Cond_Desc,Accident_Type_Desc,Day,Light_Condition_Desc,Speed_Zone,Accident_Date,Accident_Time,Alcohol_Influence,Total_Persons_Inv,Inj_Or_Fatal,Lat,Long,LGA
T20170006159,Dry,Clear,Collision with a fixed object,Sunday,Day,60,2017/03/26,15:30:00,No,1.0,1.0,-37.17852889,145.2520571,MURRINDINDI
T20170006163,Dry,Clear,Vehicle overturned (no collision),Sunday,Day,100,2017/03/26,15:30:00,No,2.0,1.0,-36.92642072,147.4665527,EAST GIPPSLAND
T20170006167,Wet,Raining,Collision with vehicle,Monday,Day,60,2017/03/27,15:00:00,No,2.0,1.0,-38.15350752,144.3663604,GREATER GEELONG
T20170006182,Dry,Clear,Struck animal,Monday,Day,60,2017/03/27,18:10:00,Yes,3.0,1.0,-36.70515514,144.3161584,GREATER BENDIGO
T20170006183,Wet,Raining,Struck Pedestrian,Monday,Day,60,2017/03/27,14:25:00,No,2.0,1.0,-36.74941177,144.290238,GREATER BENDIGO
T20170006184,Unknown,Not known,Vehicle overturned (no collision),Monday,Day,100,2017/03/27,13:00:00,No,1.0,1.0,-37.06678018,147.6030413,EAST GIPPSLAND
T20170006189,Dry,Clear,Collision with vehicle,Monday,Day,60,2017/03/27,17:22:00,Yes,3.0,1.0,-36.55834152,146.7198117,ALPINE
T20170006195,Dry,Clear,Collision with vehicle,Monday,Day,100,2017/03/27,18:50:00,Yes,2.0,1.0,-38.0837472,146.9881504,WELLINGTON
T20170006214,Dry,Clear,Collision with vehicle,Sunday,Day,60,2017/03/26,13:00:00,No,5.0,2.0,-37.56036571,143.8429334,BALLARAT
T20170006215,Wet,Raining,Collision with a fixed object,Monday,Dusk/Dawn,100,2017/03/27,17:30:00,No,1.0,1.0,-36.81282115,147.0576784,ALPINE
T20170006217,Dry,Clear,Collision with vehicle,Sunday,Day,80,2016/10/23,09:45:00,Yes,2.0,1.0,-37.52485415,143.8095725,BALLARAT
T20170006220,Dry,Clear,Struck Pedestrian,Wednesday,Day,60,2017/03/01,16:45:00,No,2.0,1.0,-38.17353216,144.4024948,GREATER GEELONG
T20170006221,Dry,Dust,No collision and no object struck,Monday,Day,100,2017/03/27,13:40:00,No,1.0,1.0,-35.85053011,144.0998599,GANNAWARRA
T20170006228,Dry,Clear,Struck animal,Wednesday,Dark No street lights,80,2017/03/08,00:10:00,Yes,1.0,1.0,-38.1783559,144.6139208,GREATER GEELONG
T20170006234,Dry,Clear,Collision with vehicle,Monday,Day,60,2017/03/27,13:10:00,No,3.0,2.0,-37.57563326,143.8715485,BALLARAT
T20170006238,Dry,Clear,Vehicle overturned (no collision),Tuesday,Day,80,2017/03/28,09:00:00,No,1.0,1.0,-38.60898022,143.5171489,COLAC OTWAY
T20170006239,Dry,Clear,No collision and no object struck,Sunday,Day,80,2017/03/19,16:30:00,Yes,1.0,1.0,-38.77756303,143.4412199,COLAC OTWAY
T20170006242,Wet,Raining,No collision and no object struck,Monday,Day,70,2017/03/20,11:45:00,No,2.0,1.0,-37.5558885,143.8192009,BALLARAT
T20170006247,Dry,Clear,Collision with vehicle,Tuesday,Day,100,2017/03/28,11:15:00,No,3.0,1.0,-38.24325857,146.5028095,LATROBE
T20170006258,Dry,Not known,Vehicle overturned (no collision),Sunday,Day,100,2017/01/22,12:30:00,No,1.0,1.0,-37.16828961,143.2290522,ARARAT
T20170006275,Dry,Clear,No collision and no object struck,Tuesday,Day,100,2017/01/10,18:00:00,Yes,1.0,1.0,-37.09456996,144.2426746,MOUNT ALEXANDER
T20170006276,Dry,Clear,Collision with a fixed object,Tuesday,Day,100,2017/03/28,12:45:00,No,1.0,1.0,-36.17647101,147.5356389,TOWONG
T20170006278,Dry,Clear,Collision with a fixed object,Tuesday,Day,100,2017/03/28,15:45:00,No,1.0,1.0,-38.20571874,144.5030779,GREATER GEELONG
T20170006293,Dry,Clear,Collision with a fixed object,Tuesday,Day,100,2017/03/28,14:10:00,No,1.0,1.0,-37.23846018,141.6385275,SOUTHERN GRAMPIANS
T20170006294,Dry,Clear,Struck Pedestrian,Tuesday,Day,40,2017/02/21,11:00:00,No,2.0,1.0,-38.38297211,142.4821996,WARRNAMBOOL
T20170006299,Dry,Clear,Collision with vehicle,Tuesday,Dark Street lights on,60,2017/03/28,21:10:00,Yes,4.0,1.0,-37.5824829,143.8608287,BALLARAT
T20170006304,Dry,Clear,Collision with vehicle,Tuesday,Day,50,2017/03/28,16:55:00,No,2.0,1.0,-38.13978374,144.3475993,GREATER GEELONG
T20170006309,Dry,Clear,Collision with a fixed object,Wednesday,Dark No street lights,100,2017/03/29,04:00:00,Yes,1.0,1.0,-36.65489922,144.403439,GREATER BENDIGO
T20170006317,Dry,Clear,Collision with vehicle,Wednesday,Day,60,2017/03/29,08:10:00,No,3.0,2.0,-34.22366039,142.1358521,MILDURA
T20170006318,Dry,Clear,Collision with vehicle,Wednesday,Day,100,2017/03/29,07:30:00,No,3.0,3.0,-38.47220066,145.4748071,BASS COAST
T20170006319,Dry,Clear,Collision with vehicle,Wednesday,Day,60,2017/03/29,08:45:00,No,2.0,1.0,-36.72608756,142.2050108,HORSHAM
T20170006323,Dry,Clear,Collision with vehicle,Wednesday,Day,40,2017/03/29,08:00:00,No,2.0,1.0,-37.55601713,143.8396667,BALLARAT
T20170006324,Unknown,Not known,Vehicle overturned (no collision),Sunday,Day,999,2017/03/19,14:15:00,No,1.0,1.0,-37.13031804,146.5435462,MANSFIELD
T20170006325,Dry,Clear,Collision with vehicle,Wednesday,Day,50,2017/03/29,08:30:00,No,4.0,4.0,-37.59764136,143.836541,BALLARAT
T20170006333,Dry,Clear,Collision with vehicle,Wednesday,Day,100,2017/03/29,07:55:00,No,2.0,2.0,-38.07337993,145.9654594,BAW BAW
T20170006352,Dry,Clear,collision with some other object,Monday,Dusk/Dawn,999,2017/03/27,19:40:00,Yes,1.0,1.0,-38.22480882,142.4856926,MOYNE
T20170006389,Dry,Clear,Collision with vehicle,Thursday,Dusk/Dawn,80,2017/03/30,06:30:00,No,4.0,2.0,-35.91353937,145.6318731,MOIRA
T20170006396,Dry,Clear,Collision with vehicle,Thursday,Day,60,2017/03/30,07:50:00,No,2.0,1.0,-38.1001992,147.0835651,WELLINGTON
T20170006397,Dry,Clear,Collision with vehicle,Friday,Day,100,2017/03/24,11:15:00,No,5.0,1.0,-38.58631565,145.809977,BASS COAST
T20170006413,Dry,Clear,Collision with vehicle,Wednesday,Day,40,2017/03/29,12:00:00,No,2.0,1.0,-36.35541861,146.3142071,WANGARATTA
T20170006415,Wet,Clear,No collision and no object struck,Tuesday,Day,999,2017/01/10,12:00:00,No,1.0,1.0,-37.45639078,148.7580916,EAST GIPPSLAND
T20170006419,Dry,Clear,Collision with vehicle,Thursday,Day,100,2017/03/30,12:57:00,No,2.0,2.0,-36.60793762,142.2045595,HORSHAM
T20170006430,Dry,Clear,No collision and no object struck,Thursday,Day,100,2017/03/30,12:30:00,No,1.0,1.0,-37.37846886,146.1904115,MANSFIELD
T20170006433,Dry,Clear,Collision with a fixed object,Thursday,Day,100,2017/03/30,11:30:00,No,2.0,1.0,-36.07112926,142.7431201,BULOKE
T20170006435,Dry,Clear,Collision with a fixed object,Thursday,Day,100,2017/03/30,15:30:00,No,1.0,1.0,-37.93478557,146.9808653,WELLINGTON
T20170006446,Dry,Clear,Collision with vehicle,Thursday,Day,50,2017/03/30,17:14:00,No,6.0,2.0,-38.38167176,142.4952198,WARRNAMBOOL
T20170006449,Wet,Raining,Vehicle overturned (no collision),Thursday,Dusk/Dawn,100,2017/03/30,18:30:00,Yes,1.0,1.0,-37.57619016,144.4563686,MOORABOOL
T20170006452,Dry,Clear,Collision with vehicle,Thursday,Dark No street lights,100,2017/03/30,06:58:00,No,2.0,1.0,-37.60299703,141.7254019,SOUTHERN GRAMPIANS
T20170006468,Dry,Clear,collision with some other object,Friday,Dark No street lights,100,2017/03/31,06:40:00,No,2.0,2.0,-38.20896002,144.6384202,GREATER GEELONG
T20170006470,Dry,Clear,Collision with vehicle,Friday,Day,50,2017/03/31,08:45:00,No,2.0,1.0,-37.5585815,143.8145197,BALLARAT
T20170006472,Dry,Clear,Collision with vehicle,Sunday,Day,60,2017/03/26,14:10:00,No,2.0,1.0,-38.2853451,144.4659517,GREATER GEELONG
T20170006473,Dry,Clear,Collision with vehicle,Tuesday,Day,60,2017/03/28,08:00:00,No,3.0,1.0,-37.58739658,143.8259879,BALLARAT
T20170006475,Dry,Clear,Collision with a fixed object,Monday,Day,100,2017/03/20,13:45:00,No,1.0,1.0,-36.18181021,143.5719521,LODDON
T20170006478,Dry,Clear,Collision with a fixed object,Friday,Day,100,2017/03/31,10:00:00,No,1.0,1.0,-38.05764915,146.6622077,LATROBE
T20170006481,Dry,Clear,Collision with vehicle,Sunday,Day,60,2017/02/19,18:00:00,No,3.0,1.0,-38.09086416,144.3593631,GREATER GEELONG
T20170006487,Dry,Clear,No collision and no object struck,Tuesday,Day,100,2017/03/28,11:00:00,No,1.0,1.0,-38.61120614,142.9895172,CORANGAMITE
T20170006488,Dry,Clear,Collision with a fixed object,Friday,Day,60,2017/03/31,13:15:00,No,2.0,1.0,-36.12540991,144.7429197,CAMPASPE
T20170006491,Unknown,Clear,No collision and no object struck,Friday,Dusk/Dawn,100,2016/10/07,18:45:00,Yes,1.0,1.0,-38.44370937,142.7229501,MOYNE
T20170006495,Dry,Clear,Struck Pedestrian,Friday,Day,60,2017/03/31,14:45:00,No,5.0,1.0,-38.09845022,144.3648721,GREATER GEELONG
T20170006496,Dry,Clear,Struck Pedestrian,Friday,Day,50,2017/03/31,14:37:00,No,2.0,1.0,-36.71784389,142.1982045,HORSHAM
T20170006508,Dry,Clear,Struck Pedestrian,Friday,Day,50,2017/03/31,15:20:00,No,2.0,1.0,-36.35664205,146.3246132,WANGARATTA
T20170006512,Dry,Clear,Struck Pedestrian,Saturday,Day,999,2017/03/04,10:00:00,No,2.0,1.0,-38.33755554,144.3172102,SURF COAST
T20170006543,Dry,Clear,Collision with vehicle,Saturday,Dark Street lights on,50,2017/04/01,04:20:00,Yes,4.0,1.0,-38.15003749,144.3623136,GREATER GEELONG
T20170006554,Dry,Clear,Collision with vehicle,Saturday,Day,50,2017/04/01,08:30:00,No,3.0,2.0,-38.16452014,144.3201814,GREATER GEELONG
T20170006556,Wet,Raining,Collision with a fixed object,Saturday,Day,100,2017/04/01,07:26:00,Yes,1.0,1.0,-38.54300305,145.8572428,SOUTH GIPPSLAND
T20170006565,Dry,Clear,Collision with vehicle,Wednesday,Dark Street lights on,40,2017/03/29,06:50:00,No,2.0,1.0,-36.72908856,144.3049887,GREATER BENDIGO
T20170006573,Dry,Clear,No collision and no object struck,Sunday,Dark No street lights,999,2017/02/26,19:00:00,Yes,1.0,1.0,-37.68943691,143.7643196,GOLDEN PLAINS
T20170006576,Dry,Clear,No collision and no object struck,Saturday,Day,100,2017/04/01,11:30:00,No,6.0,1.0,-35.74773866,144.2224611,GANNAWARRA
T20170006578,Dry,Clear,Collision with a fixed object,Saturday,Day,50,2017/04/01,15:40:00,Yes,1.0,1.0,-38.08373065,144.3360539,GREATER GEELONG
T20170006581,Dry,Clear,Collision with a fixed object,Saturday,Day,100,2017/04/01,12:33:00,No,1.0,1.0,-38.52871284,145.559138,BASS COAST
T20170006584,Dry,Clear,Collision with vehicle,Saturday,Day,60,2017/04/01,15:30:00,Yes,8.0,2.0,-38.17339376,144.3258363,GREATER GEELONG
T20170006585,Dry,Clear,Collision with vehicle,Saturday,Day,80,2017/04/01,12:30:00,No,2.0,2.0,-37.35474115,144.1036523,HEPBURN
T20170006586,Dry,Clear,Collision with vehicle,Saturday,Day,50,2017/04/01,15:50:00,No,3.0,2.0,-38.1966921,146.5155542,LATROBE
T20170006590,Dry,Clear,Vehicle overturned (no collision),Saturday,Dusk/Dawn,80,2017/04/01,19:15:00,Yes,1.0,1.0,-37.60468539,143.8826722,BALLARAT
T20170006597,Dry,Clear,Collision with vehicle,Saturday,Day,60,2017/04/01,15:35:00,Yes,3.0,3.0,-38.09518351,144.3345325,GREATER GEELONG
T20170006602,Dry,Clear,Collision with a fixed object,Sunday,Dark No street lights,110,2017/04/02,02:10:00,Yes,1.0,1.0,-36.41272904,146.2695085,WANGARATTA
T20170006612,Dry,Clear,Struck animal,Friday,Dark No street lights,110,2017/03/31,23:10:00,Yes,1.0,1.0,-38.20491369,146.1739909,BAW BAW
T20170006615,Dry,Clear,No collision and no object struck,Monday,Day,80,2017/03/13,12:00:00,No,1.0,1.0,-38.07537123,144.3687789,GREATER GEELONG
T20170006620,Dry,Clear,Collision with a fixed object,Sunday,Day,100,2017/04/02,10:20:00,No,1.0,1.0,-37.21854018,146.1622273,MANSFIELD
T20170006622,Dry,Clear,Collision with vehicle,Sunday,Day,60,2017/04/02,10:25:00,No,2.0,1.0,-36.75959621,144.2475896,GREATER BENDIGO
T20170006623,Dry,Clear,Collision with vehicle,Sunday,Day,100,2017/04/02,07:05:00,Yes,2.0,1.0,-36.40688409,146.2727538,WANGARATTA
T20170006625,Dry,Clear,Collision with a fixed object,Sunday,Day,100,2016/12/25,11:30:00,No,1.0,1.0,-37.37335147,145.0038998,MITCHELL
T20170006626,Dry,Clear,Collision with vehicle,Sunday,Day,100,2017/04/02,10:05:00,No,2.0,1.0,-38.06909,142.3096402,MOYNE
T20170006631,Dry,Clear,Collision with a fixed object,Saturday,Day,100,2017/04/01,18:10:00,Yes,2.0,2.0,-38.51069835,145.5647387,BASS COAST
T20170006646,Dry,Clear,Struck Pedestrian,Sunday,Day,999,2017/04/02,17:00:00,No,2.0,1.0,-37.42135621,144.6198494,MACEDON RANGES
T20170006648,Dry,Clear,Collision with a fixed object,Monday,Day,100,2017/02/27,07:00:00,No,1.0,1.0,-36.56000008,144.5844502,GREATER BENDIGO
T20170006650,Dry,Clear,No collision and no object struck,Sunday,Day,100,2017/04/02,16:15:00,Yes,2.0,1.0,-38.7145088,146.0995224,SOUTH GIPPSLAND
T20170006657,Dry,Clear,No collision and no object struck,Sunday,Day,100,2017/04/02,16:15:00,Yes,2.0,1.0,-36.1530306,147.0257689,WODONGA
T20170006662,Dry,Clear,Collision with a fixed object,Monday,Dark No street lights,80,2017/04/03,02:15:00,Yes,5.0,2.0,-37.66264002,144.5090777,MOORABOOL
T20170006665,Dry,Clear,Collision with vehicle,Monday,Dark Street lights on,60,2017/04/03,05:45:00,Yes,2.0,1.0,-36.76004004,144.2277067,GREATER BENDIGO
T20170006668,Wet,Clear,Vehicle overturned (no collision),Monday,Day,100,2017/03/27,12:00:00,No,2.0,1.0,-38.33250684,145.7262749,SOUTH GIPPSLAND
T20170006692,Dry,Clear,Collision with vehicle,Monday,Day,80,2017/04/03,12:25:00,No,2.0,1.0,-36.7601164,144.3249745,GREATER BENDIGO
T20170006694,Dry,Clear,Collision with vehicle,Monday,Day,110,2017/04/03,12:25:00,No,2.0,1.0,-37.66424471,144.3866541,MOORABOOL
T20170006697,Dry,Clear,Struck Pedestrian,Monday,Day,999,2017/04/03,13:10:00,No,2.0,1.0,-37.5573384,143.8427903,BALLARAT
T20170006703,Dry,Clear,Collision with a fixed object,Monday,Day,100,2017/04/03,10:30:00,No,2.0,2.0,-36.17578903,147.5349726,TOWONG
T20170006709,Unknown,Not known,Collision with a fixed object,Tuesday,Dark No street lights,999,2017/03/14,03:30:00,Yes,3.0,1.0,-36.18794,145.3864262,MOIRA
T20170006719,Dry,Clear,Collision with a fixed object,Monday,Day,70,2017/04/03,18:00:00,Yes,1.0,1.0,-38.11333934,144.3429084,GREATER GEELONG
T20170006721,Dry,Clear,Collision with vehicle,Monday,Day,60,2017/04/03,14:00:00,No,2.0,2.0,-37.73589167,142.0131691,SOUTHERN GRAMPIANS
T20170006731,Dry,Clear,Collision with a fixed object,Monday,Dark No street lights,110,2017/04/03,23:35:00,Yes,1.0,1.0,-37.50237047,144.952661,MITCHELL
T20170006744,Dry,Clear,Collision with vehicle,Tuesday,Day,60,2017/04/04,08:20:00,No,2.0,1.0,-37.55987809,143.8414471,BALLARAT
T20170006746,Wet,Clear,Collision with a fixed object,Monday,Day,100,2017/04/03,15:52:00,No,4.0,4.0,-37.38747926,149.1991572,EAST GIPPSLAND
T20170006757,Dry,Clear,No collision and no object struck,Tuesday,Day,80,2017/04/04,08:10:00,No,1.0,1.0,-38.28457757,144.4571404,GREATER GEELONG
T20170006765,Dry,Clear,Collision with vehicle,Tuesday,Day,100,2017/04/04,12:18:00,No,5.0,2.0,-36.65197106,146.8680764,ALPINE
T20170006767,Unknown,Not known,collision with some other object,Saturday,Unknown,999,2017/04/01,15:30:00,Yes,1.0,1.0,-38.53499042,143.7844456,COLAC OTWAY
T20170006788,Dry,Clear,Collision with vehicle,Tuesday,Dusk/Dawn,50,2017/04/04,16:00:00,No,2.0,1.0,-38.60267195,145.5917703,BASS COAST
T20170006816,Dry,Clear,Collision with a fixed object,Wednesday,Day,100,2017/04/05,08:10:00,No,1.0,1.0,-38.17064873,144.51975,GREATER GEELONG
T20170006818,Dry,Clear,No collision and no object struck,Monday,Day,100,2017/04/03,10:00:00,No,1.0,1.0,-37.82865163,147.9615116,EAST GIPPSLAND
T20170006819,Dry,Not known,Vehicle overturned (no collision),Saturday,Day,100,2017/04/01,13:00:00,No,1.0,1.0,-36.93217789,147.5896322,EAST GIPPSLAND
T20170006820,Dry,Not known,Collision with vehicle,Monday,Day,100,2017/04/03,11:30:00,No,3.0,3.0,-38.4037343,143.58606,COLAC OTWAY
T20170006822,Dry,Clear,Collision with vehicle,Tuesday,Day,999,2017/04/04,14:40:00,No,2.0,1.0,-38.20728806,146.5018693,LATROBE
T20170006824,Dry,Clear,Collision with a fixed object,Wednesday,Day,60,2017/04/05,10:00:00,No,1.0,1.0,-35.50418797,142.84989,BULOKE
T20170006826,Dry,Clear,Collision with vehicle,Wednesday,Day,100,2017/04/05,10:30:00,No,2.0,1.0,-36.72051249,144.6827357,CAMPASPE
T20170006828,Dry,Clear,No collision and no object struck,Wednesday,Day,50,2017/04/05,08:25:00,No,2.0,1.0,-38.15244015,144.3640405,GREATER GEELONG
T20170006829,Unknown,Not known,Collision with vehicle,Thursday,Day,60,2017/03/30,16:05:00,No,2.0,1.0,-38.16054339,144.3860519,GREATER GEELONG
T20170006830,Dry,Clear,Collision with vehicle,Saturday,Day,60,2017/04/01,13:20:00,No,2.0,1.0,-38.16149737,144.3533942,GREATER GEELONG
T20170006832,Dry,Clear,Collision with vehicle,Wednesday,Day,50,2017/04/05,12:20:00,No,3.0,1.0,-36.79499168,144.2458393,GREATER BENDIGO
T20170006838,Wet,Raining,Collision with a fixed object,Tuesday,Day,100,2017/03/21,08:45:00,No,1.0,1.0,-38.43048803,143.1848034,CORANGAMITE
T20170006847,Dry,Clear,Collision with vehicle,Wednesday,Day,60,2017/04/05,09:59:00,No,5.0,1.0,-36.40890176,145.3851728,GREATER SHEPPARTON
T20170006853,Dry,Clear,Collision with a fixed object,Wednesday,Day,100,2017/04/05,14:09:00,No,1.0,1.0,-36.85225992,146.0067698,BENALLA
T20170006864,Dry,Clear,Collision with vehicle,Tuesday,Dark No street lights,80,2017/04/04,20:07:00,Yes,2.0,1.0,-36.44852055,146.4221037,WANGARATTA
T20170006882,Dry,Clear,Collision with a fixed object,Wednesday,Dark Street lights on,50,2017/04/05,22:40:00,Yes,1.0,1.0,-38.18405801,146.2664896,LATROBE
T20170006886,Dry,Clear,Collision with a fixed object,Thursday,Dark No street lights,80,2017/04/06,02:20:00,Yes,2.0,2.0,-37.95386938,144.15517,GOLDEN PLAINS
T20170006903,Dry,Clear,Collision with vehicle,Thursday,Day,50,2017/04/06,07:20:00,No,3.0,1.0,-36.80572729,144.36689,GREATER BENDIGO
T20170006904,Dry,Clear,Collision with vehicle,Thursday,Day,40,2017/04/06,11:00:00,No,2.0,1.0,-38.34131999,141.6066197,GLENELG
T20170006907,Dry,Clear,Struck Pedestrian,Thursday,Dark Street lights on,60,2017/04/06,01:00:00,Yes,2.0,1.0,-36.12893347,144.7651191,CAMPASPE
T20170006913,Dry,Not known,Collision with a fixed object,Thursday,Day,100,2017/04/06,11:30:00,No,1.0,1.0,-37.29953845,142.7716893,ARARAT
T20170006914,Dry,Clear,Collision with vehicle,Thursday,Day,100,2017/04/06,10:30:00,No,3.0,1.0,-36.2753626,143.3800603,BULOKE
T20170006915,Dry,Clear,Vehicle overturned (no collision),Saturday,Day,50,2017/04/01,10:45:00,No,1.0,1.0,-37.20535981,145.600759,MURRINDINDI
T20170006918,Dry,Clear,Collision with a fixed object,Thursday,Day,100,2017/04/06,12:40:00,No,2.0,1.0,-38.33795089,142.5118873,WARRNAMBOOL
T20170006922,Dry,Clear,Collision with vehicle,Thursday,Day,60,2017/04/06,13:50:00,No,4.0,3.0,-38.01679609,144.4712008,GREATER GEELONG
T20170006924,Dry,Clear,Collision with vehicle,Thursday,Day,50,2017/04/06,14:10:00,No,4.0,4.0,-36.76070778,144.2865571,GREATER BENDIGO
T20170006928,Dry,Clear,Collision with vehicle,Tuesday,Day,70,2017/03/14,15:05:00,No,2.0,1.0,-37.41372316,144.749053,MACEDON RANGES
T20170006931,Dry,Clear,No collision and no object struck,Saturday,Day,999,2017/04/01,12:00:00,No,1.0,1.0,-37.53027116,146.1663229,MURRINDINDI
T20170006933,Dry,Clear,Vehicle overturned (no collision),Thursday,Day,100,2017/04/06,16:40:00,No,1.0,1.0,-36.54349,145.2228266,GREATER SHEPPARTON
T20170006947,Dry,Clear,Collision with vehicle,Thursday,Dark No street lights,100,2017/04/06,18:36:00,Yes,3.0,2.0,-36.27866241,146.3677322,WANGARATTA
T20170006954,Dry,Clear,Collision with vehicle,Thursday,Day,60,2017/03/30,09:00:00,No,2.0,1.0,-36.38089833,145.3978907,GREATER SHEPPARTON
T20170006962,Dry,Clear,Collision with vehicle,Friday,Day,60,2017/04/07,07:20:00,No,2.0,1.0,-36.14315229,146.8814535,WODONGA
T20170006976,Unknown,Clear,Collision with vehicle,Tuesday,Day,50,2017/03/28,19:00:00,Yes,3.0,1.0,-38.3315429,144.3239195,SURF COAST
T20170006982,Dry,Clear,Collision with vehicle,Friday,Day,60,2017/04/07,14:10:00,No,2.0,1.0,-34.19343665,142.162034,MILDURA
T20170006987,Dry,Clear,Struck Pedestrian,Friday,Day,60,2017/04/07,14:30:00,No,2.0,1.0,-36.91909999,144.70573,GREATER BENDIGO
T20170006993,Dry,Clear,Collision with vehicle,Friday,Day,100,2017/04/07,13:40:00,No,3.0,1.0,-36.33533302,146.6880378,INDIGO
T20170006996,Dry,Clear,Collision with a fixed object,Tuesday,Day,60,2017/04/04,08:30:00,No,1.0,1.0,-38.23316491,146.4069381,LATROBE
T20170007002,Dry,Clear,Collision with vehicle,Friday,Day,50,2017/04/07,17:20:00,Yes,5.0,2.0,-36.05517408,146.4595762,INDIGO
T20170007006,Dry,Clear,Collision with a fixed object,Friday,Day,100,2017/04/07,16:20:00,Yes,1.0,1.0,-38.03238037,144.2430128,GOLDEN PLAINS
T20170007009,Dry,Clear,Collision with vehicle,Friday,Day,100,2017/04/07,16:30:00,Yes,2.0,1.0,-37.1669032,144.0403699,MOUNT ALEXANDER
T20170007012,Dry,Clear,Collision with a fixed object,Friday,Day,100,2017/04/07,13:10:00,No,1.0,1.0,-37.49809022,145.3778738,MURRINDINDI
T20170007021,Dry,Clear,Collision with vehicle,Friday,Day,60,2017/04/07,15:40:00,No,2.0,1.0,-34.20297086,142.15106,MILDURA
T20170007024,Dry,Clear,Collision with vehicle,Friday,Dusk/Dawn,80,2017/04/07,17:50:00,Yes,7.0,3.0,-38.48033091,145.1782513,BASS COAST
T20170007028,Dry,Clear,Collision with vehicle,Friday,Day,100,2017/04/07,14:00:00,No,3.0,3.0,-36.28274297,143.409648,BULOKE
T20170007035,Dry,Clear,Collision with a fixed object,Friday,Dark No street lights,100,2017/04/07,18:40:00,Yes,1.0,1.0,-37.19418915,142.5425177,NORTHERN GRAMPIANS
T20170007038,Dry,Clear,Collision with vehicle,Friday,Dark No street lights,80,2017/04/07,20:40:00,Yes,2.0,1.0,-36.74333754,142.2175553,HORSHAM
T20170007059,Dry,Clear,Collision with vehicle,Friday,Dusk/Dawn,60,2017/04/07,17:40:00,Yes,2.0,1.0,-36.40814951,145.3936566,GREATER SHEPPARTON
T20170007062,Dry,Clear,Collision with vehicle,Saturday,Day,60,2017/04/08,10:00:00,No,2.0,1.0,-37.52779964,143.842557,BALLARAT
T20170007069,Dry,Clear,Collision with vehicle,Saturday,Day,60,2017/04/08,11:00:00,No,4.0,2.0,-36.70657779,142.2116224,HORSHAM
T20170007079,Dry,Clear,Collision with vehicle,Friday,Day,60,2017/04/07,16:15:00,Yes,4.0,1.0,-37.54238441,143.8499672,BALLARAT
T20170007080,Dry,Clear,No collision and no object struck,Friday,Day,80,2017/04/07,15:25:00,No,1.0,1.0,-36.92902969,147.3015217,EAST GIPPSLAND
T20170007082,Dry,Clear,Collision with vehicle,Saturday,Day,60,2017/04/08,13:18:00,No,3.0,1.0,-38.15773724,144.5639785,GREATER GEELONG
T20170007092,Dry,Clear,Collision with a fixed object,Sunday,Day,100,2017/03/19,11:00:00,No,1.0,1.0,-37.45279999,145.4309437,MURRINDINDI
T20170007097,Dry,Clear,Collision with vehicle,Saturday,Dark Street lights on,50,2017/04/08,19:40:00,Yes,5.0,2.0,-34.19086649,142.1554031,MILDURA
T20170007098,Dry,Clear,No collision and no object struck,Saturday,Day,110,2017/04/08,13:30:00,No,1.0,1.0,-35.15841436,142.5109888,MILDURA
T20170007106,Dry,Clear,Collision with vehicle,Saturday,Dark Street lights on,50,2017/04/08,22:30:00,Yes,2.0,1.0,-38.13469043,144.3494634,GREATER GEELONG
T20170007108,Wet,Clear,Collision with vehicle,Sunday,Dark No street lights,100,2017/04/09,00:40:00,No,2.0,2.0,-35.92398,145.4040932,MOIRA
T20170007111,Dry,Clear,Vehicle overturned (no collision),Sunday,Dark No street lights,999,2017/04/09,00:25:00,Yes,2.0,2.0,-34.26948136,142.2058316,MILDURA
T20170007112,Wet,Raining,Collision with a fixed object,Sunday,Dark No street lights,100,2017/04/09,02:10:00,Yes,1.0,1.0,-36.44425996,145.82751,BENALLA
T20170007116,Wet,Clear,Collision with a fixed object,Saturday,Dark Street lights on,70,2017/04/08,22:20:00,Yes,1.0,1.0,-38.11602611,144.3303279,GREATER GEELONG
T20170007124,Wet,Raining,Struck animal,Sunday,Dark Street lights on,60,2017/04/09,04:30:00,Yes,1.0,1.0,-37.64399156,142.3431958,SOUTHERN GRAMPIANS
T20170007126,Dry,Clear,Collision with a fixed object,Sunday,Day,100,2017/04/09,06:40:00,Yes,2.0,2.0,-36.29061283,145.3763254,GREATER SHEPPARTON
T20170007130,Dry,Clear,Collision with vehicle,Thursday,Day,50,2017/03/23,17:18:00,No,2.0,1.0,-38.3797288,142.5197251,WARRNAMBOOL
T20170007135,Dry,Clear,Collision with a fixed object,Sunday,Dusk/Dawn,110,2017/04/09,08:00:00,Yes,2.0,2.0,-35.14311128,142.0002804,MILDURA
T20170007150,Muddy,Raining,Vehicle overturned (no collision),Sunday,Day,999,2017/04/09,12:07:00,No,1.0,1.0,-37.73500022,147.7310318,EAST GIPPSLAND
T20170007152,Wet,Raining,Collision with a fixed object,Sunday,Day,100,2017/04/09,12:02:00,No,1.0,1.0,-36.92476998,144.4896197,GREATER BENDIGO
T20170007165,Wet,Raining,Collision with a fixed object,Sunday,Day,100,2017/04/09,15:45:00,No,1.0,1.0,-37.12161881,145.2207018,MITCHELL
T20170007167,Dry,Clear,Collision with vehicle,Friday,Dark Street lights on,50,2017/04/07,21:00:00,Yes,9.0,3.0,-38.15003749,144.3623136,GREATER GEELONG