Accident_No,Surface_Cond_Desc,Atmosph_Cond_Desc,Accident_Type_Desc,Day,Light_Condition_Desc,Speed_Zone,Accident_Date,Accident_Time,Alcohol_Influence,Total_Persons_Inv,Inj_Or_Fatal,Lat,Long,LGA
T20170007186,Wet,Raining,Collision with vehicle,Sunday,Dark No street lights,100,2017/04/09,06:50:00,Yes,3.0,2.0,-38.02613744,143.6543319,GOLDEN PLAINS
T20170007189,Wet,Raining,Struck Pedestrian,Sunday,Dark Street lights unknown,50,2017/04/09,20:40:00,No,3.0,2.0,-37.57416047,143.8340699,BALLARAT
T20170007190,Wet,Clear,Collision with a fixed object,Sunday,Dark Street lights on,50,2017/04/09,06:00:00,Yes,1.0,1.0,-36.55066533,145.9883297,BENALLA
T20170007193,Wet,Clear,Collision with a fixed object,Sunday,Dark Street lights on,50,2017/04/09,23:00:00,Yes,2.0,1.0,-36.38993015,145.3594893,GREATER SHEPPARTON
T20170007195,Wet,Raining,Collision with a fixed object,Monday,Dark No street lights,90,2017/04/10,01:46:00,Yes,3.0,1.0,-37.39724431,144.5287679,MACEDON RANGES
T20170007208,Unknown,Not known,Collision with vehicle,Wednesday,Unknown,100,2017/04/05,06:40:00,No,2.0,1.0,-38.21548077,145.9137553,BAW BAW
T20170007210,Wet,Raining,Collision with a fixed object,Monday,Day,100,2017/04/10,11:30:00,No,2.0,1.0,-37.44798997,144.9814995,MITCHELL
T20170007213,Wet,Raining,Vehicle overturned (no collision),Monday,Dark No street lights,100,2017/04/10,06:00:00,Yes,2.0,2.0,-38.17535701,144.5901679,GREATER GEELONG
T20170007214,Wet,Raining,Collision with a fixed object,Sunday,Day,50,2017/04/09,15:00:00,No,1.0,1.0,-36.9415606,146.2045504,MANSFIELD
T20170007240,Wet,Raining,collision with some other object,Sunday,Dark No street lights,100,2017/04/09,19:00:00,Yes,3.0,1.0,-38.6085707,143.4123594,COLAC OTWAY
T20170007242,Dry,Clear,Collision with vehicle,Monday,Day,70,2017/04/10,17:15:00,Yes,2.0,1.0,-38.16052552,144.3502997,GREATER GEELONG
T20170007248,Dry,Clear,Vehicle overturned (no collision),Monday,Day,100,2017/04/10,16:05:00,No,1.0,1.0,-37.99989358,143.0722581,CORANGAMITE
T20170007250,Dry,Clear,Collision with a fixed object,Monday,Day,80,2017/04/10,10:11:00,No,1.0,1.0,-37.85879874,148.0555012,EAST GIPPSLAND
T20170007253,Dry,Clear,Collision with vehicle,Monday,Day,60,2017/04/10,14:15:00,No,2.0,2.0,-37.06093131,143.7449222,CENTRAL GOLDFIELDS
T20170007257,Dry,Clear,Collision with vehicle,Monday,Day,50,2017/04/10,14:20:00,No,3.0,1.0,-38.1545567,144.3658779,GREATER GEELONG
T20170007262,Dry,Clear,Vehicle overturned (no collision),Sunday,Day,999,2017/04/02,14:00:00,No,1.0,1.0,-37.16394919,145.1782099,MITCHELL
T20170007278,Wet,Raining,Vehicle overturned (no collision),Tuesday,Dark No street lights,100,2017/04/11,00:15:00,Yes,2.0,1.0,-38.26930602,144.2696693,SURF COAST
T20170007280,Wet,Raining,Collision with a fixed object,Monday,Day,100,2017/04/10,17:00:00,No,4.0,4.0,-38.75114003,143.5531291,COLAC OTWAY
T20170007286,Dry,Clear,Vehicle overturned (no collision),Thursday,Day,80,2017/04/06,11:20:00,No,1.0,1.0,-37.15454976,146.5073412,MANSFIELD
T20170007305,Dry,Clear,Collision with a fixed object,Tuesday,Day,80,2017/04/11,09:55:00,No,2.0,2.0,-37.67477009,143.6547772,GOLDEN PLAINS
T20170007309,Dry,Clear,Collision with vehicle,Tuesday,Day,100,2017/04/11,10:55:00,No,2.0,1.0,-37.60196974,143.9127777,MOORABOOL
T20170007312,Wet,Raining,Collision with a fixed object,Sunday,Day,100,2017/04/09,16:23:00,Yes,1.0,1.0,-36.98867088,145.7359187,MANSFIELD
T20170007313,Dry,Clear,Collision with vehicle,Tuesday,Day,60,2017/04/11,13:30:00,No,4.0,2.0,-36.39691146,145.3960739,GREATER SHEPPARTON
T20170007315,Dry,Clear,Collision with vehicle,Saturday,Day,50,2017/03/18,10:40:00,No,3.0,1.0,-35.98176012,142.9176711,BULOKE
T20170007317,Dry,Clear,Collision with vehicle,Tuesday,Day,100,2017/04/11,10:40:00,No,2.0,2.0,-36.29903595,144.3819766,CAMPASPE
T20170007327,Dry,Clear,Collision with a fixed object,Tuesday,Day,50,2017/04/11,08:30:00,No,1.0,1.0,-35.06621794,142.3147284,MILDURA
T20170007328,Dry,Clear,Collision with vehicle,Tuesday,Day,60,2017/04/11,16:00:00,No,2.0,1.0,-36.75981324,144.245145,GREATER BENDIGO
T20170007329,Dry,Clear,Struck Pedestrian,Monday,Day,50,2017/04/10,09:45:00,No,2.0,1.0,-36.5517923,145.9833858,BENALLA
T20170007331,Dry,Clear,Collision with vehicle,Tuesday,Dusk/Dawn,50,2017/04/11,16:45:00,No,2.0,1.0,-37.30788896,144.9573711,MITCHELL
T20170007339,Dry,Clear,Collision with vehicle,Tuesday,Day,50,2017/04/11,15:56:00,No,3.0,2.0,-34.18938799,142.1571906,MILDURA
T20170007341,Dry,Clear,No collision and no object struck,Tuesday,Dark No street lights,100,2017/04/11,18:30:00,Yes,1.0,1.0,-38.20809144,141.4077683,GLENELG
T20170007347,Dry,Clear,Collision with a fixed object,Tuesday,Day,100,2017/04/11,07:30:00,No,1.0,1.0,-37.31117124,145.7024866,MURRINDINDI
T20170007360,Dry,Clear,Collision with a fixed object,Tuesday,Dark Street lights on,60,2017/04/11,22:43:00,Yes,2.0,1.0,-36.74299187,144.2582597,GREATER BENDIGO
T20170007365,Dry,Clear,Collision with vehicle,Wednesday,Day,60,2017/04/12,07:20:00,No,2.0,1.0,-37.66417403,144.4390274,MOORABOOL
T20170007372,Dry,Clear,Vehicle overturned (no collision),Wednesday,Day,999,2017/01/18,10:00:00,No,1.0,1.0,-37.19779161,145.8343484,MURRINDINDI
T20170007379,Dry,Clear,Collision with vehicle,Wednesday,Day,40,2017/04/12,10:34:00,No,2.0,1.0,-38.28408017,141.6140712,GLENELG
T20170007383,Dry,Clear,Collision with vehicle,Wednesday,Day,50,2017/04/12,12:15:00,No,2.0,1.0,-37.02616528,145.139073,MITCHELL
T20170007396,Unknown,Not known,No collision and no object struck,Friday,Day,999,2017/04/07,13:30:00,No,1.0,1.0,-37.15751913,145.3754387,MURRINDINDI
T20170007399,Wet,Raining,Collision with a fixed object,Wednesday,Day,100,2017/04/12,07:10:00,No,1.0,1.0,-38.31400976,147.0271495,WELLINGTON
T20170007408,Dry,Clear,Collision with a fixed object,Wednesday,Day,100,2017/04/12,17:15:00,No,1.0,1.0,-36.42581981,146.257418,WANGARATTA
T20170007416,Unknown,Not known,Struck Pedestrian,Wednesday,Unknown,50,2017/04/12,13:30:00,No,2.0,1.0,-38.1974155,146.5378287,LATROBE
T20170007422,Dry,Clear,Collision with vehicle,Wednesday,Dusk/Dawn,100,2017/04/12,18:05:00,Yes,3.0,2.0,-34.26417422,142.0965539,MILDURA
T20170007426,Dry,Clear,Collision with vehicle,Wednesday,Day,100,2017/04/12,16:30:00,No,5.0,5.0,-38.02823831,144.1745545,GOLDEN PLAINS
T20170007432,Dry,Clear,Collision with vehicle,Thursday,Dark No street lights,80,2017/04/13,05:10:00,Yes,2.0,1.0,-38.25719755,141.6931211,GLENELG
T20170007434,Dry,Clear,Collision with a fixed object,Wednesday,Dark Street lights on,50,2017/04/12,18:10:00,Yes,2.0,2.0,-38.41449966,145.4766073,BASS COAST
T20170007435,Dry,Clear,collision with some other object,Friday,Day,60,2017/03/24,11:00:00,No,1.0,1.0,-37.3455848,144.2893799,HEPBURN
T20170007436,Dry,Clear,Collision with a fixed object,Thursday,Dark No street lights,80,2017/04/13,02:44:00,Yes,2.0,2.0,-36.3109692,146.3620248,WANGARATTA
T20170007437,Dry,Clear,Collision with vehicle,Wednesday,Day,100,2017/04/12,15:50:00,No,2.0,1.0,-38.06343665,144.217691,GOLDEN PLAINS
T20170007441,Dry,Clear,No collision and no object struck,Friday,Day,100,2017/03/03,14:00:00,No,1.0,1.0,-38.07556024,144.3345713,GREATER GEELONG
T20170007445,Dry,Clear,Collision with vehicle,Wednesday,Day,100,2017/04/12,14:40:00,No,11.0,10.0,-38.66731858,143.452884,COLAC OTWAY
T20170007454,Dry,Clear,Collision with vehicle,Monday,Day,70,2017/03/27,09:00:00,No,2.0,1.0,-38.18196555,144.3468686,GREATER GEELONG
T20170007460,Dry,Clear,Struck Pedestrian,Thursday,Day,60,2017/04/13,12:38:00,No,3.0,1.0,-37.539102,143.8222505,BALLARAT
T20170007467,Dry,Clear,Collision with a fixed object,Thursday,Day,50,2017/04/13,13:39:00,No,1.0,1.0,-36.7665797,144.2788129,GREATER BENDIGO
T20170007469,Dry,Clear,Vehicle overturned (no collision),Thursday,Day,100,2017/04/13,10:05:00,No,1.0,1.0,-38.21752629,142.28769,MOYNE
T20170007473,Unknown,Not known,No collision and no object struck,Monday,Day,80,2017/01/30,17:10:00,No,1.0,1.0,-37.69538314,144.3903082,MOORABOOL
T20170007476,Dry,Clear,Collision with vehicle,Thursday,Dark No street lights,100,2017/04/13,01:20:00,Yes,3.0,3.0,-35.94070129,145.6318365,MOIRA
T20170007479,Dry,Clear,Collision with a fixed object,Thursday,Day,100,2017/04/13,14:50:00,No,1.0,1.0,-37.19512584,143.9857518,MOUNT ALEXANDER
T20170007485,Dry,Clear,Struck Pedestrian,Thursday,Dusk/Dawn,999,2017/04/13,18:54:00,Yes,2.0,1.0,-36.75367968,145.5708498,STRATHBOGIE
T20170007493,Dry,Clear,Collision with a fixed object,Thursday,Day,100,2017/04/13,15:30:00,No,1.0,1.0,-36.92820001,143.32897,PYRENEES
T20170007500,Dry,Clear,Collision with vehicle,Thursday,Day,60,2017/04/13,16:20:00,No,4.0,3.0,-38.07347473,144.3529668,GREATER GEELONG
T20170007512,Wet,Fog,Collision with a fixed object,Friday,Dark No street lights,100,2017/04/14,02:10:00,Yes,1.0,1.0,-38.33162781,143.2943299,COLAC OTWAY
T20170007513,Dry,Fog,Collision with a fixed object,Friday,Dark Street lights on,80,2017/04/14,03:15:00,Yes,5.0,5.0,-38.24092553,143.9913979,SURF COAST
T20170007520,Dry,Clear,Collision with vehicle,Friday,Day,80,2017/04/14,09:30:00,No,2.0,1.0,-38.19231947,146.5524128,LATROBE
T20170007528,Dry,Clear,Collision with a fixed object,Friday,Day,100,2017/04/14,10:15:00,No,1.0,1.0,-37.73267762,148.1032898,EAST GIPPSLAND
T20170007533,Dry,Clear,Collision with vehicle,Friday,Day,100,2017/04/14,12:00:00,No,3.0,2.0,-36.5688865,144.6505184,CAMPASPE
T20170007538,Wet,Clear,Vehicle overturned (no collision),Friday,Day,999,2017/04/14,14:30:00,No,3.0,3.0,-37.80632844,146.0094901,BAW BAW
T20170007539,Dry,Clear,Collision with vehicle,Friday,Day,100,2017/04/14,15:35:00,No,8.0,3.0,-36.65015027,144.5228121,GREATER BENDIGO
T20170007543,Dry,Clear,Vehicle overturned (no collision),Friday,Dusk/Dawn,60,2017/04/14,17:30:00,Yes,1.0,1.0,-37.83824496,148.0998842,EAST GIPPSLAND
T20170007555,Dry,Clear,Collision with a fixed object,Friday,Dark No street lights,100,2017/04/14,05:00:00,Yes,1.0,1.0,-36.90487006,145.9969295,MANSFIELD
T20170007556,Dry,Clear,Vehicle overturned (no collision),Friday,Dark Street lights on,50,2017/04/14,23:25:00,Yes,3.0,1.0,-38.08625124,147.0703497,WELLINGTON
T20170007557,Dry,Clear,Vehicle overturned (no collision),Saturday,Dark No street lights,100,2017/04/15,03:06:00,Yes,3.0,3.0,-35.53772054,143.1612308,SWAN HILL
T20170007563,Dry,Clear,Struck Pedestrian,Thursday,Day,60,2017/04/13,14:00:00,No,2.0,1.0,-38.16488688,145.9355516,BAW BAW
T20170007565,Dry,Clear,Collision with vehicle,Friday,Day,50,2017/04/14,13:30:00,No,2.0,1.0,-37.95855779,146.9770825,WELLINGTON
T20170007567,Dry,Clear,No collision and no object struck,Saturday,Day,100,2017/04/15,08:45:00,No,1.0,1.0,-38.33222155,144.1255755,SURF COAST
T20170007573,Dry,Clear,Collision with a fixed object,Saturday,Day,100,2017/04/15,10:00:00,No,1.0,1.0,-36.35414085,142.5073784,YARRIAMBIACK
T20170007576,Dry,Clear,Collision with vehicle,Saturday,Day,50,2017/04/15,12:05:00,No,3.0,1.0,-38.17868943,144.5611999,GREATER GEELONG
T20170007581,Dry,Clear,Collision with vehicle,Saturday,Day,100,2017/04/15,13:00:00,No,3.0,1.0,-38.2988466,141.6069078,GLENELG
T20170007585,Dry,Clear,No collision and no object struck,Saturday,Day,100,2017/04/15,14:15:00,Yes,1.0,1.0,-37.70495065,148.5537508,EAST GIPPSLAND
T20170007586,Dry,Clear,Struck animal,Saturday,Day,100,2017/04/15,11:10:00,No,1.0,1.0,-37.94607986,143.9967789,GOLDEN PLAINS
T20170007594,Dry,Clear,Collision with a fixed object,Saturday,Day,100,2017/04/15,16:00:00,Yes,2.0,2.0,-37.28746008,144.5669307,MACEDON RANGES
T20170007600,Dry,Clear,Vehicle overturned (no collision),Saturday,Dusk/Dawn,100,2017/04/15,18:00:00,Yes,1.0,1.0,-37.23087991,145.1465401,MITCHELL
T20170007608,Dry,Clear,Collision with a fixed object,Saturday,Dark Street lights on,60,2017/04/15,21:55:00,Yes,1.0,1.0,-36.74159189,144.2970638,GREATER BENDIGO
T20170007610,Dry,Clear,Collision with vehicle,Saturday,Dark Street lights on,50,2017/04/15,19:00:00,Yes,2.0,1.0,-38.17452003,146.2598325,LATROBE
T20170007617,Dry,Clear,Collision with vehicle,Saturday,Day,60,2017/04/15,14:10:00,No,5.0,2.0,-37.58611034,143.8342081,BALLARAT
T20170007628,Dry,Clear,Collision with vehicle,Sunday,Day,60,2017/04/16,14:00:00,No,2.0,1.0,-36.5549735,145.9766672,BENALLA
T20170007630,Dry,Clear,Collision with a fixed object,Sunday,Day,100,2017/04/16,12:30:00,No,2.0,2.0,-37.39742743,144.8380726,MACEDON RANGES
T20170007637,Dry,Clear,Collision with a fixed object,Sunday,Dark Street lights on,60,2017/04/16,02:58:00,Yes,1.0,1.0,-38.08267655,144.3462119,GREATER GEELONG
T20170007643,Dry,Clear,Collision with vehicle,Sunday,Day,50,2017/04/16,15:35:00,No,5.0,2.0,-36.38471774,145.4026969,GREATER SHEPPARTON
T20170007650,Dry,Clear,Struck animal,Sunday,Dusk/Dawn,100,2017/04/16,17:35:00,Yes,1.0,1.0,-37.15542135,144.6363668,MACEDON RANGES
T20170007655,Dry,Clear,Collision with vehicle,Sunday,Dark No street lights,100,2017/04/16,18:15:00,Yes,3.0,2.0,-36.25463831,145.1501262,GREATER SHEPPARTON
T20170007656,Dry,Clear,Collision with a fixed object,Sunday,Day,80,2017/04/16,16:00:00,Yes,1.0,1.0,-38.7767994,143.4319089,COLAC OTWAY
T20170007671,Dry,Not known,Collision with a fixed object,Monday,Dark No street lights,80,2017/04/17,00:00:00,Yes,1.0,1.0,-38.17772954,146.5002647,LATROBE
T20170007680,Dry,Clear,Vehicle overturned (no collision),Friday,Day,60,2017/04/14,14:00:00,No,1.0,1.0,-36.80283929,145.8609193,STRATHBOGIE
T20170007684,Dry,Clear,Collision with vehicle,Monday,Day,80,2017/04/17,12:25:00,No,5.0,2.0,-38.74586306,143.2739608,COLAC OTWAY
T20170007685,Dry,Clear,Collision with vehicle,Monday,Day,100,2017/04/17,13:20:00,No,8.0,2.0,-38.21447058,143.01014,CORANGAMITE
T20170007687,Dry,Clear,collision with some other object,Monday,Day,999,2017/04/17,11:30:00,No,1.0,1.0,-37.31974048,145.6560407,MURRINDINDI
T20170007691,Dry,Clear,Collision with vehicle,Monday,Day,70,2017/04/17,13:55:00,No,5.0,3.0,-38.1334072,144.3511555,GREATER GEELONG
T20170007693,Dry,Clear,Vehicle overturned (no collision),Wednesday,Dusk/Dawn,60,2017/01/11,05:42:00,Yes,1.0,1.0,-38.21993126,146.5464645,LATROBE
T20170007697,Dry,Clear,Struck Pedestrian,Monday,Day,100,2017/04/17,15:23:00,No,3.0,1.0,-38.19996682,144.4928725,GREATER GEELONG
T20170007704,Dry,Clear,Collision with vehicle,Monday,Dark No street lights,100,2017/04/17,20:00:00,Yes,5.0,2.0,-38.33318608,146.4130521,LATROBE
T20170007712,Dry,Dust,Collision with vehicle,Monday,Dark No street lights,100,2017/04/17,19:45:00,Yes,2.0,1.0,-36.42418003,143.1658165,NORTHERN GRAMPIANS
T20170007717,Dry,Clear,Vehicle overturned (no collision),Sunday,Unknown,80,2017/02/19,16:00:00,Yes,1.0,1.0,-36.77314974,144.3675249,GREATER BENDIGO
T20170007722,Dry,Clear,Collision with vehicle,Monday,Day,100,2017/04/17,16:36:00,No,4.0,2.0,-37.42124753,145.0226229,MITCHELL
T20170007733,Dry,Clear,Struck animal,Tuesday,Day,80,2017/04/11,07:45:00,No,1.0,1.0,-36.84030324,144.2919078,GREATER BENDIGO
T20170007750,Dry,Clear,No collision and no object struck,Monday,Day,999,2017/04/17,15:00:00,No,1.0,1.0,-37.75861402,143.8385389,GOLDEN PLAINS
T20170007752,Dry,Clear,Collision with vehicle,Tuesday,Day,60,2017/04/18,14:24:00,No,3.0,1.0,-37.41497014,144.9792327,MITCHELL
T20170007753,Unknown,Clear,Fall from or in moving vehicle,Tuesday,Day,999,2017/04/18,13:30:00,No,2.0,1.0,-38.60429039,146.55368,WELLINGTON
T20170007754,Unknown,Not known,Vehicle overturned (no collision),Friday,Unknown,50,2017/04/07,16:30:00,Yes,1.0,1.0,-38.1001992,147.0835651,WELLINGTON
T20170007755,Dry,Clear,Collision with vehicle,Tuesday,Day,60,2017/04/18,09:30:00,No,2.0,1.0,-38.06764097,144.3673492,GREATER GEELONG
T20170007760,Dry,Clear,Collision with vehicle,Tuesday,Day,60,2017/04/18,14:30:00,No,4.0,1.0,-38.24604081,143.9804104,SURF COAST
T20170007761,Dry,Clear,Collision with vehicle,Tuesday,Day,50,2017/04/18,14:25:00,No,3.0,1.0,-37.55938017,143.8477116,BALLARAT
T20170007763,Dry,Clear,No collision and no object struck,Tuesday,Day,100,2017/04/18,08:40:00,No,1.0,1.0,-38.13593558,146.2798513,LATROBE
T20170007774,Dry,Clear,Collision with vehicle,Tuesday,Day,60,2017/04/18,15:30:00,No,6.0,1.0,-37.40669886,144.9798605,MITCHELL
T20170007789,Dry,Clear,Collision with a fixed object,Tuesday,Day,100,2017/04/18,16:19:00,No,2.0,1.0,-36.38056077,147.2117189,TOWONG
T20170007790,Dry,Clear,Collision with a fixed object,Friday,Day,50,2017/04/14,10:00:00,No,1.0,1.0,-38.34436887,144.0416752,SURF COAST
T20170007796,Dry,Clear,Vehicle overturned (no collision),Wednesday,Dark No street lights,100,2017/04/19,03:00:00,Yes,1.0,1.0,-36.35333087,145.0315325,CAMPASPE
T20170007800,Dry,Clear,Collision with vehicle,Monday,Day,100,2017/04/17,17:15:00,No,4.0,1.0,-37.42504837,143.3543305,PYRENEES
T20170007804,Dry,Clear,Collision with vehicle,Wednesday,Day,40,2017/04/19,08:40:00,No,3.0,1.0,-36.73476032,144.3023306,GREATER BENDIGO
T20170007805,Dry,Clear,No collision and no object struck,Sunday,Day,999,2017/04/16,08:30:00,Yes,1.0,1.0,-35.96793498,145.8676313,MOIRA
T20170007824,Dry,Clear,No collision and no object struck,Saturday,Day,999,2017/04/08,11:00:00,No,1.0,1.0,-36.33247831,146.8133676,INDIGO
T20170007826,Dry,Clear,Vehicle overturned (no collision),Wednesday,Day,100,2017/04/19,13:10:00,No,2.0,1.0,-34.27289754,142.18416,MILDURA
T20170007837,Dry,Clear,Collision with a fixed object,Wednesday,Day,80,2017/04/19,14:10:00,No,1.0,1.0,-38.10806034,147.0380881,WELLINGTON
T20170007838,Dry,Clear,Struck Pedestrian,Friday,Day,60,2017/04/07,14:45:00,No,2.0,1.0,-36.70826185,144.2430299,GREATER BENDIGO
T20170007841,Dry,Clear,Collision with vehicle,Monday,Dark Street lights on,60,2017/04/17,19:38:00,Yes,3.0,1.0,-38.16757924,144.350644,GREATER GEELONG
T20170007845,Dry,Clear,Collision with vehicle,Wednesday,Dusk/Dawn,60,2017/04/19,18:10:00,Yes,4.0,2.0,-38.3324599,141.5874353,GLENELG
T20170007858,Dry,Clear,Collision with vehicle,Wednesday,Dark Street lights on,50,2017/04/19,17:47:00,No,3.0,2.0,-37.91700614,147.7220258,EAST GIPPSLAND
T20170007860,Dry,Clear,Vehicle overturned (no collision),Wednesday,Dark No street lights,100,2017/04/19,04:30:00,Yes,1.0,1.0,-36.75039999,144.12943,GREATER BENDIGO
T20170007861,Dry,Clear,Collision with vehicle,Wednesday,Day,100,2017/04/19,14:45:00,No,4.0,4.0,-37.57046678,149.1336212,EAST GIPPSLAND
T20170007865,Dry,Clear,Vehicle overturned (no collision),Thursday,Dark No street lights,80,2017/04/20,01:00:00,Yes,2.0,1.0,-37.42080984,144.9581619,MITCHELL
T20170007872,Dry,Clear,Collision with a fixed object,Thursday,Day,100,2017/04/20,07:40:00,No,1.0,1.0,-38.00983883,143.5617624,CORANGAMITE
T20170007884,Dry,Not known,Vehicle overturned (no collision),Tuesday,Day,60,2017/04/18,11:00:00,No,1.0,1.0,-36.55960503,144.4888309,GREATER BENDIGO
T20170007887,Wet,Clear,Collision with vehicle,Thursday,Day,60,2017/04/20,12:30:00,No,2.0,1.0,-38.37365035,142.477565,WARRNAMBOOL
T20170007888,Dry,Not known,Collision with vehicle,Sunday,Day,70,2017/02/19,16:00:00,Yes,3.0,1.0,-38.16995412,144.3895793,GREATER GEELONG
T20170007893,Dry,Clear,Collision with vehicle,Thursday,Day,100,2017/04/20,14:15:00,No,5.0,5.0,-38.29898996,144.3229497,SURF COAST
T20170007901,Wet,Raining,Collision with a fixed object,Sunday,Dark Street lights on,60,2017/04/09,00:12:00,Yes,1.0,1.0,-36.76150008,144.2727601,GREATER BENDIGO
T20170007903,Dry,Clear,Struck Pedestrian,Thursday,Dusk/Dawn,50,2017/04/20,17:28:00,No,2.0,1.0,-36.13016725,144.7521365,CAMPASPE
T20170007907,Dry,Clear,Collision with a fixed object,Thursday,Day,100,2017/04/20,09:31:00,No,2.0,2.0,-38.34221986,142.8124238,MOYNE
T20170007915,Dry,Clear,Collision with a fixed object,Thursday,Dark Street lights on,60,2017/04/20,18:45:00,Yes,1.0,1.0,-36.31351628,145.0320674,CAMPASPE
T20170007917,Dry,Clear,Collision with vehicle,Thursday,Day,80,2017/04/20,16:55:00,No,4.0,2.0,-36.31366501,145.1320643,CAMPASPE
T20170007939,Wet,Raining,Collision with vehicle,Friday,Dusk/Dawn,70,2017/04/21,08:00:00,No,3.0,2.0,-38.19678815,144.3525571,GREATER GEELONG
T20170007943,Wet,Raining,Collision with vehicle,Friday,Day,60,2017/04/21,09:48:00,No,2.0,1.0,-36.75760997,144.2935054,GREATER BENDIGO
T20170007950,Wet,Raining,Vehicle overturned (no collision),Friday,Day,100,2017/04/21,11:05:00,No,1.0,1.0,-37.09090334,145.0039392,MITCHELL
T20170007954,Wet,Raining,Collision with a fixed object,Friday,Day,100,2017/04/21,11:10:00,No,1.0,1.0,-37.33470041,144.1692464,HEPBURN
T20170007957,Dry,Not known,Collision with a fixed object,Saturday,Dark No street lights,100,2017/04/01,23:00:00,Yes,3.0,1.0,-35.76867974,143.8549499,GANNAWARRA
T20170007963,Unknown,Not known,Collision with vehicle,Tuesday,Unknown,50,2017/02/07,09:15:00,No,2.0,1.0,-38.15199194,144.3528928,GREATER GEELONG
T20170007967,Dry,Clear,Collision with vehicle,Sunday,Day,60,2017/02/26,12:45:00,No,2.0,1.0,-36.78534169,144.2783684,GREATER BENDIGO
T20170007968,Wet,Raining,Collision with a fixed object,Friday,Dark No street lights,100,2017/04/21,05:40:00,Yes,1.0,1.0,-36.70670263,143.1576533,NORTHERN GRAMPIANS
T20170007972,Dry,Not known,No collision and no object struck,Friday,Day,100,2017/03/03,11:00:00,No,1.0,1.0,-36.77137817,144.3947098,GREATER BENDIGO
T20170007977,Dry,Clear,Collision with vehicle,Monday,Day,60,2017/04/03,12:30:00,No,2.0,1.0,-38.13925222,144.3561218,GREATER GEELONG
T20170007978,Wet,Raining,Collision with vehicle,Friday,Day,100,2017/04/21,12:20:00,No,5.0,4.0,-38.41897502,143.1709057,CORANGAMITE
T20170007980,Wet,Raining,Vehicle overturned (no collision),Friday,Day,100,2017/04/21,14:29:00,No,1.0,1.0,-35.92175945,143.9400692,GANNAWARRA
T20170007984,Dry,Clear,Collision with vehicle,Friday,Day,100,2017/04/21,15:13:00,No,2.0,2.0,-38.0819297,147.0147075,WELLINGTON
T20170007985,Wet,Raining,Collision with a fixed object,Friday,Day,50,2017/04/21,14:00:00,No,2.0,2.0,-38.2296702,146.4217716,LATROBE
T20170007987,Dry,Not known,Collision with vehicle,Friday,Day,999,2017/04/14,15:00:00,No,2.0,1.0,-37.48726005,147.16005,WELLINGTON
T20170007990,Wet,Raining,Collision with a fixed object,Friday,Dusk/Dawn,110,2017/04/21,17:30:00,Yes,1.0,1.0,-37.38143098,145.0252154,MITCHELL
T20170007992,Wet,Raining,Collision with vehicle,Friday,Day,100,2017/04/21,13:45:00,No,3.0,2.0,-36.61717801,144.498709,GREATER BENDIGO
T20170008014,Dry,Clear,Struck Pedestrian,Friday,Dark Street lights on,70,2017/04/21,19:25:00,Yes,5.0,1.0,-38.14443517,144.3533395,GREATER GEELONG
T20170008017,Dry,Clear,Collision with vehicle,Monday,Day,60,2017/02/27,07:20:00,Yes,2.0,1.0,-36.11025,146.89359,WODONGA
T20170008019,Wet,Raining,Collision with a fixed object,Friday,Dark No street lights,100,2017/04/21,19:30:00,Yes,1.0,1.0,-37.19555175,145.6926206,MURRINDINDI
T20170008020,Wet,Raining,Collision with a fixed object,Friday,Dark No street lights,100,2017/04/21,19:30:00,Yes,2.0,2.0,-37.33567503,145.9615502,MURRINDINDI
T20170008024,Wet,Raining,Struck Pedestrian,Friday,Dark Street lights on,50,2017/04/21,21:05:00,Yes,2.0,1.0,-36.38085694,145.4162621,GREATER SHEPPARTON
T20170008034,Wet,Fog,Collision with a fixed object,Saturday,Day,100,2017/04/22,08:03:00,No,1.0,1.0,-37.29028753,144.2668389,HEPBURN
T20170008035,Dry,Clear,Collision with vehicle,Saturday,Day,60,2017/01/14,16:20:00,Yes,2.0,1.0,-38.17956615,144.3749702,GREATER GEELONG
T20170008038,Dry,Clear,Collision with vehicle,Thursday,Day,110,2017/04/13,14:15:00,No,2.0,1.0,-37.32866066,145.0308137,MITCHELL
T20170008039,Wet,Clear,No collision and no object struck,Saturday,Day,100,2017/04/22,10:00:00,No,2.0,2.0,-37.79021978,143.7002087,GOLDEN PLAINS
T20170008040,Dry,Clear,Collision with vehicle,Saturday,Day,60,2017/04/22,10:59:00,No,2.0,1.0,-34.19367087,142.162314,MILDURA
T20170008041,Dry,Clear,Collision with a fixed object,Saturday,Day,100,2017/04/22,11:15:00,No,4.0,4.0,-36.37703134,144.689053,CAMPASPE
T20170008042,Icy,Clear,Collision with a fixed object,Monday,Day,80,2017/04/03,07:30:00,No,1.0,1.0,-37.61531147,143.60883,PYRENEES
T20170008043,Wet,Raining,Collision with vehicle,Friday,Dark Street lights on,50,2017/04/21,19:09:00,Yes,2.0,1.0,-37.04840577,143.7353834,CENTRAL GOLDFIELDS
T20170008047,Dry,Clear,Collision with a fixed object,Saturday,Day,80,2017/04/22,12:00:00,No,1.0,1.0,-35.82905901,145.5556102,MOIRA