Accident_No,Surface_Cond_Desc,Atmosph_Cond_Desc,Accident_Type_Desc,Day,Light_Condition_Desc,Speed_Zone,Accident_Date,Accident_Time,Alcohol_Influence,Total_Persons_Inv,Inj_Or_Fatal,Lat,Long,LGA
T20170008048,Wet,Raining,Collision with vehicle,Friday,Day,60,2017/04/21,14:00:00,No,2.0,2.0,-38.08824418,144.3358918,GREATER GEELONG
T20170008051,Dry,Clear,Collision with a fixed object,Saturday,Day,100,2017/04/22,13:47:00,No,1.0,1.0,-38.04720813,144.4034076,GREATER GEELONG
T20170008053,Wet,Raining,collision with some other object,Saturday,Day,100,2017/04/22,10:35:00,No,1.0,1.0,-36.77158015,146.6675465,ALPINE
T20170008064,Dry,Clear,Collision with vehicle,Saturday,Dark Street lights on,60,2017/04/22,19:15:00,Yes,2.0,1.0,-36.78164112,144.2488823,GREATER BENDIGO
T20170008069,Dry,Clear,Collision with vehicle,Saturday,Dark Street lights on,80,2017/04/22,20:30:00,Yes,2.0,1.0,-36.30277509,145.4314951,GREATER SHEPPARTON
T20170008075,Wet,Raining,Collision with vehicle,Friday,Dark Street lights on,60,2017/04/21,03:05:00,Yes,4.0,1.0,-37.56348813,143.8514736,BALLARAT
T20170008077,Dry,Clear,Collision with vehicle,Saturday,Day,100,2017/04/22,17:25:00,Yes,6.0,6.0,-38.39056371,143.7832119,COLAC OTWAY
T20170008078,Dry,Clear,Collision with vehicle,Saturday,Dark Street lights on,60,2017/04/22,22:45:00,Yes,2.0,1.0,-37.28391763,142.9446766,ARARAT
T20170008083,Dry,Not known,Collision with a fixed object,Friday,Dark No street lights,80,2017/04/21,04:30:00,Yes,1.0,1.0,-37.86159014,147.9937432,EAST GIPPSLAND
T20170008087,Dry,Fog,Collision with a fixed object,Sunday,Dark No street lights,60,2017/04/23,03:16:00,Yes,5.0,2.0,-37.12844373,142.5393158,NORTHERN GRAMPIANS
T20170008088,Dry,Clear,Collision with a fixed object,Saturday,Day,999,2017/04/22,12:20:00,No,1.0,1.0,-36.80380219,143.5341818,CENTRAL GOLDFIELDS
T20170008100,Dry,Clear,Struck Pedestrian,Sunday,Day,60,2017/04/23,10:40:00,No,2.0,1.0,-36.93707094,144.718368,GREATER BENDIGO
T20170008106,Dry,Clear,Collision with vehicle,Sunday,Day,100,2017/04/23,14:31:00,No,5.0,3.0,-37.09684,145.2075215,MITCHELL
T20170008108,Dry,Clear,No collision and no object struck,Sunday,Day,999,2017/04/23,10:45:00,No,1.0,1.0,-37.40439025,145.0803208,MITCHELL
T20170008109,Dry,Clear,Struck Pedestrian,Sunday,Day,50,2017/04/23,16:45:00,No,2.0,1.0,-36.36640078,146.3230443,WANGARATTA
T20170008114,Dry,Clear,Collision with vehicle,Sunday,Day,100,2017/04/23,14:00:00,No,6.0,3.0,-37.20517258,145.3868162,MURRINDINDI
T20170008117,Dry,Clear,Collision with a fixed object,Sunday,Day,100,2017/04/23,14:50:00,No,3.0,1.0,-36.97727597,142.72098,NORTHERN GRAMPIANS
T20170008130,Dry,Clear,Collision with vehicle,Sunday,Dark No street lights,100,2017/04/23,20:45:00,Yes,2.0,2.0,-38.07468057,144.2314693,GOLDEN PLAINS
T20170008131,Dry,Clear,Collision with vehicle,Sunday,Day,100,2017/04/23,16:20:00,Yes,2.0,1.0,-38.38238196,145.2840498,FRENCH-ELIZABETH-SANDSTONE ISLANDS (UNINC)
T20170008132,Dry,Clear,Collision with vehicle,Tuesday,Day,60,2017/04/18,16:00:00,No,3.0,1.0,-38.60580421,145.5937209,BASS COAST
T20170008133,Dry,Clear,Collision with a fixed object,Sunday,Dark Street lights on,60,2017/04/23,20:30:00,Yes,5.0,5.0,-37.86417897,147.9930623,EAST GIPPSLAND
T20170008138,Dry,Clear,Collision with vehicle,Monday,Day,60,2017/04/24,08:05:00,No,2.0,1.0,-36.14212687,146.8843328,WODONGA
T20170008140,Dry,Fog,Collision with vehicle,Monday,Dusk/Dawn,50,2017/04/24,07:50:00,No,2.0,1.0,-38.16918973,144.5715778,GREATER GEELONG
T20170008150,Dry,Clear,Vehicle overturned (no collision),Wednesday,Day,999,2017/04/12,12:05:00,No,1.0,1.0,-37.76930541,147.0868371,WELLINGTON
T20170008153,Dry,Clear,Collision with vehicle,Sunday,Day,100,2017/04/23,14:15:00,No,4.0,1.0,-37.03622377,144.7976639,MITCHELL
T20170008155,Wet,Raining,Vehicle overturned (no collision),Thursday,Day,999,2017/03/16,10:30:00,No,1.0,1.0,-38.16693131,146.3552201,LATROBE
T20170008164,Dry,Clear,Collision with vehicle,Monday,Unknown,60,2017/04/24,02:30:00,Yes,3.0,3.0,-38.11256277,144.3430584,GREATER GEELONG
T20170008168,Dry,Clear,Collision with vehicle,Monday,Day,60,2017/04/24,12:15:00,No,7.0,3.0,-36.37973117,141.2458141,WEST WIMMERA
T20170008178,Dry,Clear,Vehicle overturned (no collision),Monday,Day,100,2017/04/24,15:20:00,No,1.0,1.0,-38.28826068,146.4095047,LATROBE
T20170008185,Dry,Clear,Collision with a fixed object,Monday,Day,60,2017/04/24,15:40:00,No,1.0,1.0,-36.83988583,144.3893458,GREATER BENDIGO
T20170008195,Wet,Raining,No collision and no object struck,Monday,Dark Street lights on,50,2017/04/24,23:10:00,Yes,1.0,1.0,-37.07667022,144.2377114,MOUNT ALEXANDER
T20170008208,Wet,Raining,Vehicle overturned (no collision),Tuesday,Dark No street lights,100,2017/04/25,04:30:00,Yes,2.0,2.0,-36.03854368,146.4143173,INDIGO
T20170008210,Wet,Clear,Collision with vehicle,Tuesday,Day,50,2017/04/25,10:00:00,No,2.0,2.0,-38.18649999,146.5342,LATROBE
T20170008211,Wet,Clear,Vehicle overturned (no collision),Tuesday,Day,999,2017/04/25,11:40:00,No,1.0,1.0,-37.47883954,145.3256952,MURRINDINDI
T20170008214,Wet,Clear,Collision with vehicle,Tuesday,Day,100,2017/04/25,09:20:00,No,4.0,4.0,-36.29903595,144.3819766,CAMPASPE
T20170008226,Wet,Raining,Collision with a fixed object,Tuesday,Day,100,2017/04/25,10:30:00,No,4.0,4.0,-37.64616374,148.8349803,EAST GIPPSLAND
T20170008229,Wet,Raining,Collision with a fixed object,Tuesday,Day,100,2017/04/25,12:00:00,No,1.0,1.0,-38.53333971,145.4531705,BASS COAST
T20170008230,Wet,Clear,Vehicle overturned (no collision),Sunday,Unknown,40,2017/04/23,10:00:00,Yes,1.0,1.0,-37.31780091,145.1427656,MITCHELL
T20170008234,Unknown,Clear,Struck Pedestrian,Tuesday,Day,50,2017/04/25,10:30:00,No,3.0,1.0,-38.08537222,144.3593652,GREATER GEELONG
T20170008241,Dry,Clear,collision with some other object,Tuesday,Dark No street lights,100,2017/04/25,18:00:00,Yes,1.0,1.0,-36.6190894,143.2952507,NORTHERN GRAMPIANS
T20170008243,Wet,Raining,Collision with vehicle,Friday,Day,60,2017/04/21,14:05:00,No,4.0,1.0,-38.19287529,146.5483627,LATROBE
T20170008244,Dry,Clear,Collision with vehicle,Tuesday,Dark Street lights on,100,2017/04/25,18:15:00,Yes,8.0,2.0,-38.47220066,145.4748071,BASS COAST
T20170008255,Unknown,Not known,Collision with a fixed object,Sunday,Dark No street lights,100,2016/12/04,04:30:00,Yes,1.0,1.0,-37.48452321,147.206319,WELLINGTON
T20170008260,Wet,Clear,Vehicle overturned (no collision),Tuesday,Dusk/Dawn,100,2017/04/25,17:25:00,No,1.0,1.0,-34.53853607,141.25243,MILDURA
T20170008261,Wet,Raining,Collision with vehicle,Tuesday,Day,60,2017/04/25,10:43:00,No,2.0,1.0,-38.19774979,146.5613475,LATROBE
T20170008268,Wet,Clear,Collision with a fixed object,Tuesday,Day,100,2017/04/25,11:20:00,No,2.0,1.0,-38.557888,146.0009034,SOUTH GIPPSLAND
T20170008270,Wet,Not known,Struck animal,Wednesday,Day,100,2017/04/26,08:38:00,No,1.0,1.0,-36.81456443,144.3117097,GREATER BENDIGO
T20170008271,Wet,Raining,Collision with a fixed object,Wednesday,Day,100,2017/04/26,07:40:00,No,2.0,2.0,-36.16307986,147.0303806,WODONGA
T20170008277,Wet,Clear,Collision with vehicle,Wednesday,Day,50,2017/04/26,08:10:00,No,5.0,3.0,-37.35582999,144.7360494,MACEDON RANGES
T20170008280,Wet,Raining,Collision with a fixed object,Wednesday,Day,100,2017/04/26,08:45:00,No,1.0,1.0,-37.67627311,143.596129,GOLDEN PLAINS
T20170008308,Dry,Clear,Collision with vehicle,Wednesday,Day,100,2017/04/26,13:45:00,No,2.0,1.0,-38.13755238,146.7949531,WELLINGTON
T20170008311,Dry,Clear,Struck Pedestrian,Friday,Day,50,2017/04/07,16:20:00,Yes,2.0,1.0,-37.82511396,147.6289624,EAST GIPPSLAND
T20170008313,Dry,Clear,Collision with a fixed object,Wednesday,Day,100,2017/04/26,14:50:00,No,3.0,1.0,-36.67897889,144.3793296,GREATER BENDIGO
T20170008315,Unknown,Not known,No collision and no object struck,Tuesday,Unknown,999,2017/01/17,12:30:00,No,1.0,1.0,-37.44055891,145.2698221,MURRINDINDI
T20170008318,Dry,Clear,Vehicle overturned (no collision),Wednesday,Day,100,2017/04/26,16:30:00,No,1.0,1.0,-38.0046775,147.2628515,WELLINGTON
T20170008325,Unknown,Not known,No collision and no object struck,Saturday,Day,999,2017/02/25,09:00:00,No,1.0,1.0,-37.42773822,144.4305803,MACEDON RANGES
T20170008332,Dry,Clear,Vehicle overturned (no collision),Saturday,Day,40,2017/04/22,12:15:00,No,1.0,1.0,-36.76096942,144.2631824,GREATER BENDIGO
T20170008333,Dry,Raining,No collision and no object struck,Wednesday,Dark Street lights on,999,2017/04/26,23:00:00,Yes,1.0,1.0,-37.17943005,145.0693902,MITCHELL
T20170008342,Dry,Clear,Collision with vehicle,Wednesday,Day,60,2017/04/26,11:55:00,No,2.0,1.0,-38.19035001,146.5527801,LATROBE
T20170008344,Dry,Clear,Collision with vehicle,Thursday,Day,50,2017/04/27,07:35:00,No,2.0,1.0,-36.38085694,145.4162621,GREATER SHEPPARTON
T20170008345,Dry,Clear,collision with some other object,Monday,Day,999,2017/04/24,11:20:00,No,1.0,1.0,-37.03168766,146.8076442,ALPINE
T20170008349,Wet,Raining,Collision with vehicle,Wednesday,Day,60,2017/04/19,16:15:00,No,2.0,1.0,-38.19787959,144.3418464,GREATER GEELONG
T20170008352,Dry,Clear,Collision with vehicle,Saturday,Day,100,2017/04/22,13:30:00,No,2.0,1.0,-37.73537688,144.2180208,MOORABOOL
T20170008357,Dry,Clear,Collision with vehicle,Tuesday,Day,60,2017/04/25,14:20:00,No,2.0,1.0,-37.74101546,142.023831,SOUTHERN GRAMPIANS
T20170008363,Unknown,Not known,Struck Pedestrian,Monday,Day,999,2017/04/24,15:50:00,No,2.0,1.0,-38.16745019,144.5719116,GREATER GEELONG
T20170008368,Dry,Clear,collision with some other object,Sunday,Day,999,2017/04/16,11:00:00,No,1.0,1.0,-37.08189186,143.4392997,PYRENEES
T20170008370,Unknown,Not known,Collision with vehicle,Thursday,Dusk/Dawn,60,2017/04/27,06:15:00,No,2.0,1.0,-38.15059471,144.3642762,GREATER GEELONG
T20170008372,Dry,Clear,Collision with vehicle,Thursday,Day,70,2017/04/27,09:25:00,No,2.0,1.0,-36.75937612,144.3131899,GREATER BENDIGO
T20170008376,Dry,Clear,Collision with a fixed object,Thursday,Day,60,2017/04/27,10:40:00,No,1.0,1.0,-36.81735351,144.2295549,GREATER BENDIGO
T20170008396,Dry,Clear,Collision with a fixed object,Thursday,Dark Street lights on,60,2017/04/27,18:15:00,Yes,3.0,3.0,-36.6643162,144.3340151,GREATER BENDIGO
T20170008408,Dry,Clear,Collision with vehicle,Wednesday,Day,60,2017/03/01,16:30:00,No,2.0,1.0,-38.17934733,144.3680701,GREATER GEELONG
T20170008412,Dry,Clear,Collision with vehicle,Wednesday,Day,50,2017/04/26,16:35:00,No,2.0,2.0,-38.09356987,147.06886,WELLINGTON
T20170008414,Dry,Clear,Collision with vehicle,Thursday,Dark Street lights on,60,2017/04/27,23:00:00,Yes,3.0,2.0,-36.01502123,146.0132886,MOIRA
T20170008415,Dry,Clear,Collision with vehicle,Friday,Day,60,2017/04/28,07:50:00,No,4.0,4.0,-34.2108507,142.1612408,MILDURA
T20170008417,Wet,Fog,Collision with a fixed object,Friday,Day,60,2017/04/28,09:30:00,No,1.0,1.0,-37.51894043,145.3538046,MURRINDINDI
T20170008420,Dry,Clear,Collision with vehicle,Wednesday,Day,50,2017/04/05,20:25:00,Yes,2.0,1.0,-37.58557806,143.8377355,BALLARAT
T20170008423,Dry,Clear,Struck animal,Friday,Dark No street lights,100,2017/04/28,02:45:00,Yes,1.0,1.0,-35.96043128,145.6318826,MOIRA
T20170008424,Dry,Clear,No collision and no object struck,Sunday,Day,80,2017/04/02,14:00:00,No,1.0,1.0,-37.28514352,144.5000724,MACEDON RANGES
T20170008426,Dry,Clear,Collision with vehicle,Friday,Day,60,2017/04/28,12:40:00,No,4.0,1.0,-36.3664844,146.3236098,WANGARATTA
T20170008428,Dry,Clear,No collision and no object struck,Friday,Day,60,2017/04/28,12:00:00,No,1.0,1.0,-36.75837264,144.2873756,GREATER BENDIGO
T20170008430,Wet,Fog,Vehicle overturned (no collision),Thursday,Dark Street lights on,50,2017/04/27,07:00:00,No,1.0,1.0,-37.73995282,142.0259168,SOUTHERN GRAMPIANS
T20170008431,Dry,Clear,No collision and no object struck,Friday,Day,999,2017/04/14,11:00:00,No,1.0,1.0,-36.05811,144.6395845,CAMPASPE
T20170008436,Dry,Clear,Collision with vehicle,Friday,Day,100,2017/04/28,13:00:00,No,4.0,1.0,-38.05924864,146.0102096,BAW BAW
T20170008442,Dry,Clear,Collision with vehicle,Thursday,Day,50,2017/04/27,16:57:00,No,2.0,1.0,-38.23839053,146.3962499,LATROBE
T20170008443,Wet,Raining,Collision with vehicle,Wednesday,Day,60,2017/04/26,17:15:00,No,2.0,1.0,-37.58902541,143.8408618,BALLARAT
T20170008448,Dry,Clear,Collision with vehicle,Thursday,Day,80,2016/11/17,17:15:00,No,3.0,1.0,-37.5103621,143.8277648,BALLARAT
T20170008453,Dry,Clear,Collision with vehicle,Friday,Day,60,2017/04/28,16:46:00,Yes,3.0,1.0,-38.15632339,144.3598533,GREATER GEELONG
T20170008461,Wet,Clear,Collision with vehicle,Friday,Dark Street lights on,50,2017/04/28,18:30:00,Yes,5.0,1.0,-37.56011383,143.8611098,BALLARAT
T20170008470,Dry,Clear,Collision with a fixed object,Friday,Dark Street lights on,50,2017/04/28,21:30:00,Yes,1.0,1.0,-38.27268191,144.6231561,QUEENSCLIFFE
T20170008471,Dry,Clear,Fall from or in moving vehicle,Friday,Dark Street lights on,60,2017/04/28,22:20:00,Yes,6.0,1.0,-34.21503556,142.1462918,MILDURA
T20170008475,Wet,Raining,Collision with a fixed object,Saturday,Dark No street lights,100,2017/04/29,02:15:00,Yes,1.0,1.0,-38.07934472,143.8175985,COLAC OTWAY
T20170008488,Wet,Raining,Collision with vehicle,Saturday,Day,50,2017/04/29,11:10:00,No,2.0,1.0,-38.23819863,144.3720015,GREATER GEELONG
T20170008494,Wet,Raining,Collision with a fixed object,Saturday,Day,100,2017/04/29,11:10:00,No,1.0,1.0,-38.3031503,145.634239,SOUTH GIPPSLAND
T20170008498,Muddy,Raining,Collision with a fixed object,Saturday,Day,999,2017/04/29,09:20:00,No,1.0,1.0,-38.39751965,144.1061402,SURF COAST
T20170008501,Dry,Clear,Collision with vehicle,Saturday,Day,70,2017/04/29,13:00:00,No,2.0,1.0,-38.20857249,144.3398647,GREATER GEELONG
T20170008502,Dry,Clear,Collision with vehicle,Saturday,Day,60,2017/04/29,13:57:00,No,6.0,6.0,-37.59294007,143.8249378,BALLARAT
T20170008505,Wet,Clear,Collision with a fixed object,Saturday,Day,100,2017/04/29,10:30:00,No,1.0,1.0,-37.26971123,144.9119679,MITCHELL
T20170008532,Dry,Clear,Collision with a fixed object,Saturday,Day,100,2017/04/29,16:50:00,Yes,1.0,1.0,-36.76737064,144.7442234,GREATER BENDIGO
T20170008534,Dry,Clear,Collision with vehicle,Sunday,Dusk/Dawn,60,2017/04/30,06:57:00,No,2.0,1.0,-36.41759321,145.391709,GREATER SHEPPARTON
T20170008536,Wet,Raining,Struck Pedestrian,Monday,Dusk/Dawn,50,2017/04/24,17:10:00,Yes,2.0,1.0,-37.55029974,143.8054897,BALLARAT
T20170008543,Dry,Clear,Collision with vehicle,Sunday,Day,100,2017/04/30,12:15:00,No,2.0,1.0,-38.211152,146.674287,LATROBE
T20170008544,Wet,Raining,Vehicle overturned (no collision),Sunday,Day,100,2017/04/23,15:00:00,No,1.0,1.0,-36.95484045,147.3970304,EAST GIPPSLAND
T20170008546,Dry,Clear,Collision with vehicle,Sunday,Day,100,2017/04/30,10:25:00,No,2.0,1.0,-38.13085164,146.5603827,LATROBE
T20170008547,Dry,Clear,Collision with vehicle,Sunday,Day,30,2017/04/30,13:00:00,No,2.0,1.0,-37.96988764,146.401819,BAW BAW
T20170008564,Dry,Clear,Collision with vehicle,Sunday,Dusk/Dawn,80,2017/04/30,17:43:00,Yes,4.0,2.0,-37.64647954,144.3666317,MOORABOOL
T20170008572,Dry,Clear,Collision with vehicle,Saturday,Day,60,2017/04/29,17:05:00,Yes,8.0,1.0,-37.88235107,147.972679,EAST GIPPSLAND
T20170008580,Dry,Clear,Vehicle overturned (no collision),Monday,Day,100,2017/05/01,07:35:00,No,2.0,2.0,-38.28659968,146.4304174,LATROBE
T20170008585,Muddy,Clear,No collision and no object struck,Saturday,Day,999,2017/04/29,13:00:00,No,1.0,1.0,-34.13879009,142.0709978,MILDURA
T20170008594,Dry,Clear,Collision with vehicle,Friday,Day,60,2017/04/28,10:40:00,No,2.0,1.0,-36.78187051,144.248711,GREATER BENDIGO
T20170008598,Dry,Clear,Vehicle overturned (no collision),Monday,Day,80,2017/05/01,14:45:00,No,1.0,1.0,-38.16254637,145.8737943,BAW BAW
T20170008599,Dry,Clear,Collision with a fixed object,Monday,Day,50,2017/05/01,08:49:00,Yes,1.0,1.0,-37.31487148,144.9577269,MITCHELL
T20170008613,Dry,Clear,Collision with a fixed object,Monday,Day,60,2017/05/01,13:57:00,No,1.0,1.0,-37.57275161,143.8366305,BALLARAT
T20170008621,Dry,Dust,Collision with a fixed object,Monday,Dark No street lights,80,2017/05/01,18:10:00,Yes,1.0,1.0,-36.92746079,144.4652305,GREATER BENDIGO
T20170008623,Wet,Clear,Collision with vehicle,Monday,Dusk/Dawn,50,2017/05/01,06:50:00,Yes,2.0,1.0,-38.12726823,144.3490503,GREATER GEELONG
T20170008624,Wet,Raining,Collision with vehicle,Monday,Dark Street lights on,70,2017/05/01,20:30:00,Yes,2.0,1.0,-38.10712032,144.3534326,GREATER GEELONG
T20170008637,Wet,Raining,Collision with a fixed object,Monday,Dark No street lights,100,2017/05/01,23:30:00,Yes,1.0,1.0,-38.18520569,145.8958109,BAW BAW
T20170008645,Wet,Clear,Collision with vehicle,Tuesday,Dark Street lights on,60,2017/05/02,04:30:00,Yes,3.0,2.0,-38.16661002,145.9527402,BAW BAW
T20170008646,Wet,Clear,Collision with vehicle,Friday,Dark Street lights on,60,2017/04/28,22:50:00,Yes,3.0,2.0,-38.17932553,144.3674603,GREATER GEELONG
T20170008647,Dry,Clear,Collision with a fixed object,Monday,Day,100,2017/05/01,16:05:00,No,1.0,1.0,-34.5417023,142.2111489,MILDURA
T20170008654,Wet,Clear,Collision with vehicle,Tuesday,Day,60,2017/05/02,09:00:00,No,2.0,2.0,-37.57060173,143.8331607,BALLARAT
T20170008665,Dry,Not known,Collision with vehicle,Tuesday,Day,60,2017/05/02,12:15:00,No,4.0,2.0,-36.38226723,145.4080889,GREATER SHEPPARTON
T20170008666,Dry,Clear,Struck Pedestrian,Tuesday,Day,50,2017/05/02,11:00:00,No,3.0,1.0,-38.28339169,144.6079086,QUEENSCLIFFE
T20170008673,Wet,Clear,Collision with a fixed object,Tuesday,Day,100,2017/05/02,09:56:00,No,1.0,1.0,-38.53255053,143.0267517,CORANGAMITE
T20170008678,Wet,Raining,Collision with a fixed object,Tuesday,Day,100,2017/05/02,09:50:00,No,1.0,1.0,-38.26652061,146.6915578,WELLINGTON
T20170008681,Dry,Clear,Collision with a fixed object,Friday,Day,50,2017/04/28,11:30:00,No,3.0,2.0,-37.27845079,144.7314838,MACEDON RANGES
T20170008686,Wet,Raining,Collision with vehicle,Tuesday,Day,60,2017/05/02,14:30:00,No,2.0,1.0,-38.19646141,146.5410394,LATROBE
T20170008689,Unknown,Not known,Collision with vehicle,Tuesday,Day,999,2017/03/14,13:00:00,No,3.0,1.0,-38.36252819,142.4972064,WARRNAMBOOL
T20170008690,Dry,Clear,Collision with vehicle,Monday,Dark No street lights,100,2017/05/01,19:00:00,Yes,2.0,1.0,-37.76659911,147.6965585,EAST GIPPSLAND
T20170008691,Dry,Clear,Collision with vehicle,Tuesday,Day,100,2017/05/02,15:00:00,No,2.0,1.0,-38.30466359,145.5695074,BASS COAST
T20170008704,Wet,Clear,No collision and no object struck,Saturday,Day,100,2016/08/06,16:00:00,Yes,1.0,1.0,-38.01931485,145.9783877,BAW BAW
T20170008711,Dry,Clear,Collision with vehicle,Tuesday,Day,100,2017/05/02,14:06:00,No,2.0,1.0,-34.22820217,142.1205,MILDURA
T20170008724,Dry,Clear,Collision with a fixed object,Wednesday,Dark No street lights,100,2017/05/03,05:30:00,Yes,1.0,1.0,-34.26075,142.1619231,MILDURA
T20170008732,Dry,Clear,Collision with vehicle,Sunday,Day,100,2017/04/23,16:30:00,No,3.0,1.0,-36.87951268,143.8722447,LODDON
T20170008741,Dry,Clear,Collision with vehicle,Wednesday,Day,60,2017/05/03,08:50:00,No,2.0,1.0,-38.60907043,145.5892294,BASS COAST
T20170008755,Dry,Not known,collision with some other object,Monday,Day,100,2016/05/16,13:30:00,No,2.0,1.0,-36.01862939,145.6135482,MOIRA
T20170008756,Dry,Clear,Struck Pedestrian,Wednesday,Day,50,2017/05/03,14:10:00,No,2.0,1.0,-37.82669038,147.6289901,EAST GIPPSLAND
T20170008761,Dry,Clear,Collision with a fixed object,Wednesday,Day,100,2017/05/03,14:45:00,No,1.0,1.0,-37.03567656,143.7658317,CENTRAL GOLDFIELDS
T20170008766,Dry,Clear,Collision with vehicle,Wednesday,Day,60,2017/05/03,15:40:00,No,4.0,1.0,-37.539102,143.8222505,BALLARAT
T20170008768,Dry,Clear,Collision with vehicle,Wednesday,Day,50,2017/05/03,14:33:00,No,2.0,1.0,-36.38070968,145.3993877,GREATER SHEPPARTON
T20170008776,Dry,Clear,Collision with vehicle,Wednesday,Dark Street lights on,70,2017/05/03,18:30:00,Yes,3.0,1.0,-38.11543953,144.3543963,GREATER GEELONG
T20170008779,Dry,Clear,Collision with vehicle,Wednesday,Dusk/Dawn,70,2017/05/03,17:24:00,No,2.0,1.0,-38.38363486,142.4928156,WARRNAMBOOL
T20170008795,Dry,Clear,Collision with vehicle,Wednesday,Dark No street lights,50,2017/05/03,19:55:00,Yes,1.0,1.0,-38.26250942,144.5225369,GREATER GEELONG
T20170008799,Dry,Clear,Collision with vehicle,Thursday,Dusk/Dawn,100,2017/05/04,07:21:00,No,8.0,1.0,-34.29847221,142.1733318,MILDURA
T20170008802,Dry,Clear,Struck Pedestrian,Thursday,Day,60,2017/05/04,08:20:00,No,3.0,1.0,-36.74423114,144.2583114,GREATER BENDIGO
T20170008810,Dry,Clear,Struck animal,Thursday,Day,100,2017/05/04,11:15:00,No,4.0,1.0,-37.75368609,148.3260794,EAST GIPPSLAND
T20170008815,Dry,Clear,Struck Pedestrian,Thursday,Day,50,2017/05/04,10:37:00,No,3.0,3.0,-38.14639256,144.3617656,GREATER GEELONG
T20170008833,Unknown,Clear,No collision and no object struck,Sunday,Day,50,2017/04/23,11:50:00,No,1.0,1.0,-38.29650188,146.5271833,LATROBE
T20170008850,Dry,Clear,Struck Pedestrian,Thursday,Dark Street lights on,50,2017/05/04,19:15:00,Yes,2.0,1.0,-38.08570112,144.3393496,GREATER GEELONG
T20170008856,Dry,Clear,Collision with vehicle,Thursday,Dark No street lights,80,2017/05/04,17:55:00,No,4.0,3.0,-37.69235,143.65587,GOLDEN PLAINS
T20170008857,Dry,Clear,Struck Pedestrian,Thursday,Dark Street lights on,50,2017/05/04,21:00:00,Yes,2.0,1.0,-38.07787055,144.3474447,GREATER GEELONG
T20170008859,Dry,Clear,No collision and no object struck,Thursday,Dark Street lights on,60,2017/05/04,19:45:00,Yes,1.0,1.0,-36.75464182,144.2831603,GREATER BENDIGO
T20170008881,Dry,Clear,Collision with a fixed object,Friday,Day,80,2017/05/05,10:20:00,No,1.0,1.0,-37.67854173,144.5049949,MOORABOOL
T20170008885,Dry,Clear,Collision with a fixed object,Friday,Day,100,2017/04/14,12:30:00,No,2.0,2.0,-36.95333455,144.7648601,GREATER BENDIGO
T20170008888,Dry,Clear,Struck Pedestrian,Friday,Day,60,2017/05/05,12:10:00,No,1.0,1.0,-37.5515204,143.8659034,BALLARAT
T20170008899,Dry,Clear,Collision with vehicle,Friday,Day,100,2017/05/05,10:11:00,No,2.0,2.0,-36.45144965,144.9558799,CAMPASPE
T20170008900,Dry,Clear,Collision with vehicle,Friday,Day,70,2017/05/05,14:45:00,No,3.0,3.0,-38.11950532,144.3534645,GREATER GEELONG
T20170008901,Dry,Clear,Collision with vehicle,Tuesday,Dark Street lights on,60,2017/05/02,21:22:00,Yes,3.0,2.0,-36.77979332,144.2502466,GREATER BENDIGO
T20170008911,Dry,Clear,Collision with vehicle,Friday,Day,60,2017/05/05,17:15:00,Yes,4.0,1.0,-37.58253999,143.8407932,BALLARAT
T20170008920,Dry,Clear,Collision with a fixed object,Friday,Day,100,2017/05/05,17:00:00,Yes,1.0,1.0,-37.76206945,144.2580901,MOORABOOL
T20170008921,Dry,Clear,Collision with vehicle,Friday,Dark Street lights on,60,2017/05/05,18:57:00,Yes,4.0,1.0,-36.7735971,144.2572845,GREATER BENDIGO
T20170008937,Dry,Clear,Collision with vehicle,Saturday,Dusk/Dawn,100,2017/05/06,07:00:00,Yes,6.0,3.0,-34.33240231,142.1864765,MILDURA
T20170008943,Unknown,Not known,No collision and no object struck,Sunday,Day,999,2017/04/30,12:00:00,No,1.0,1.0,-37.47987028,145.4633253,MURRINDINDI
T20170008946,Dry,Clear,Collision with vehicle,Saturday,Day,60,2017/05/06,10:40:00,No,4.0,1.0,-37.82463516,147.6073408,EAST GIPPSLAND
T20170008954,Dry,Clear,Collision with vehicle,Saturday,Day,100,2017/05/06,11:25:00,No,3.0,2.0,-38.13228115,145.814501,BAW BAW
T20170008955,Dry,Clear,Collision with a fixed object,Monday,Day,100,2017/04/24,15:00:00,No,1.0,1.0,-37.18728937,145.252026,MURRINDINDI
T20170008963,Wet,Raining,Struck Pedestrian,Saturday,Day,50,2017/05/06,13:05:00,No,2.0,1.0,-37.38780035,144.3233429,HEPBURN
T20170008969,Wet,Raining,Collision with vehicle,Monday,Dark Street lights unknown,80,2017/05/01,18:05:00,Yes,2.0,1.0,-37.54510606,143.7979097,BALLARAT
T20170008970,Wet,Raining,Collision with vehicle,Saturday,Dark Street lights on,70,2017/05/06,18:08:00,Yes,5.0,2.0,-38.58882034,145.5809185,BASS COAST
T20170008972,Dry,Clear,Collision with a fixed object,Thursday,Dark No street lights,100,2017/05/04,19:30:00,Yes,2.0,2.0,-37.12063037,146.9435754,ALPINE
T20170008977,Dry,Clear,Collision with a fixed object,Saturday,Dark No street lights,100,2017/05/06,18:20:00,Yes,1.0,1.0,-36.32394497,142.096102,HINDMARSH
T20170008978,Wet,Not known,Vehicle overturned (no collision),Saturday,Day,999,2017/05/06,15:50:00,Yes,1.0,1.0,-37.27725424,145.9484693,MURRINDINDI