Accident_No,Surface_Cond_Desc,Atmosph_Cond_Desc,Accident_Type_Desc,Day,Light_Condition_Desc,Speed_Zone,Accident_Date,Accident_Time,Alcohol_Influence,Total_Persons_Inv,Inj_Or_Fatal,Lat,Long,LGA
T20170008988,Dry,Clear,Collision with vehicle,Saturday,Dark No street lights,100,2017/05/06,22:33:00,Yes,2.0,2.0,-36.26656346,145.4651976,GREATER SHEPPARTON
T20170008999,Dry,Clear,Collision with vehicle,Sunday,Day,50,2017/05/07,11:23:00,No,4.0,2.0,-36.54975353,145.9826525,BENALLA
T20170009000,Wet,Raining,Vehicle overturned (no collision),Saturday,Day,100,2017/05/06,15:40:00,Yes,1.0,1.0,-38.23627146,145.8778046,BAW BAW
T20170009006,Dry,Strong winds,Collision with vehicle,Sunday,Day,100,2017/05/07,10:50:00,No,4.0,2.0,-37.90623889,146.9098686,WELLINGTON
T20170009015,Dry,Clear,Collision with vehicle,Sunday,Day,80,2017/05/07,14:45:00,No,6.0,1.0,-36.57787068,146.7494068,ALPINE
T20170009016,Dry,Clear,Collision with a fixed object,Sunday,Day,100,2017/05/07,14:00:00,No,2.0,2.0,-37.24686213,145.1721491,MURRINDINDI
T20170009017,Wet,Clear,No collision and no object struck,Sunday,Day,100,2017/05/07,14:40:00,No,1.0,1.0,-38.57521053,143.1234491,CORANGAMITE
T20170009026,Wet,Raining,Collision with a fixed object,Sunday,Dark No street lights,80,2017/05/07,01:00:00,Yes,1.0,1.0,-37.4818883,145.2893702,MURRINDINDI
T20170009027,Dry,Clear,Collision with vehicle,Sunday,Dark Street lights on,60,2017/05/07,18:30:00,No,2.0,1.0,-34.21913356,142.1512095,MILDURA
T20170009029,Dry,Clear,Collision with vehicle,Sunday,Dark No street lights,100,2017/05/07,17:30:00,Yes,4.0,4.0,-36.35766302,145.0676984,GREATER SHEPPARTON
T20170009030,Dry,Not known,Collision with vehicle,Sunday,Dark Street lights on,60,2017/05/07,18:59:00,Yes,1.0,1.0,-34.19469831,142.151238,MILDURA
T20170009040,Wet,Raining,Collision with a fixed object,Sunday,Dark No street lights,80,2017/05/07,21:35:00,Yes,2.0,1.0,-38.35220018,141.5869528,GLENELG
T20170009044,Wet,Clear,Struck animal,Monday,Dark No street lights,100,2017/05/08,01:15:00,Yes,3.0,1.0,-38.31342786,145.5409334,BASS COAST
T20170009056,Wet,Raining,Vehicle overturned (no collision),Sunday,Day,999,2017/05/07,14:30:00,No,1.0,1.0,-37.29735861,145.8705213,MURRINDINDI
T20170009058,Wet,Clear,Struck animal,Monday,Day,100,2017/05/08,07:10:00,No,1.0,1.0,-38.27366925,142.3375601,MOYNE
T20170009059,Wet,Raining,Collision with a fixed object,Tuesday,Day,80,2017/04/25,15:00:00,No,1.0,1.0,-36.75652917,147.2028727,ALPINE
T20170009061,Dry,Clear,Collision with vehicle,Monday,Day,60,2017/05/08,10:33:00,No,3.0,1.0,-34.22730847,142.1610105,MILDURA
T20170009063,Unknown,Not known,Collision with a fixed object,Sunday,Day,999,2016/10/09,11:15:00,No,1.0,1.0,-37.43218986,146.1016949,MURRINDINDI
T20170009065,Dry,Clear,Vehicle overturned (no collision),Sunday,Day,100,2017/05/07,12:30:00,No,1.0,1.0,-37.09758233,144.7998792,MITCHELL
T20170009069,Dry,Clear,Collision with vehicle,Monday,Day,70,2016/12/19,15:45:00,No,4.0,2.0,-38.17520836,144.352217,GREATER GEELONG
T20170009079,Dry,Clear,Struck Pedestrian,Monday,Day,40,2017/05/08,14:18:00,No,2.0,1.0,-38.17459766,146.2604305,LATROBE
T20170009086,Dry,Clear,Collision with vehicle,Monday,Day,60,2017/05/08,16:00:00,No,7.0,5.0,-36.38212724,145.3529223,GREATER SHEPPARTON
T20170009093,Dry,Clear,Collision with a fixed object,Sunday,Day,100,2017/05/07,12:00:00,No,6.0,2.0,-37.86506044,144.3850319,GREATER GEELONG
T20170009096,Dry,Clear,Collision with a fixed object,Monday,Day,100,2017/05/08,14:09:00,No,1.0,1.0,-36.95248906,143.7767772,CENTRAL GOLDFIELDS
T20170009105,Wet,Raining,Vehicle overturned (no collision),Monday,Day,999,2017/05/08,14:00:00,No,1.0,1.0,-37.61991696,146.3458059,MANSFIELD
T20170009112,Dry,Clear,Collision with vehicle,Monday,Dark Street lights on,60,2017/05/08,23:15:00,Yes,2.0,1.0,-36.71207694,144.2648466,GREATER BENDIGO
T20170009113,Dry,Clear,Collision with vehicle,Tuesday,Dark Street lights on,60,2017/05/09,01:40:00,Yes,2.0,1.0,-36.78535524,144.2466732,GREATER BENDIGO
T20170009117,Dry,Clear,Collision with vehicle,Monday,Day,60,2017/05/08,13:00:00,No,3.0,1.0,-37.55568786,143.819036,BALLARAT
T20170009118,Wet,Clear,Vehicle overturned (no collision),Monday,Dark Street lights on,60,2017/05/08,20:05:00,Yes,1.0,1.0,-37.58239654,143.8679866,BALLARAT
T20170009120,Dry,Clear,Collision with a fixed object,Tuesday,Day,100,2017/04/18,08:36:00,No,2.0,1.0,-36.96056748,144.7510441,GREATER BENDIGO
T20170009125,Dry,Clear,Collision with vehicle,Tuesday,Day,100,2017/05/09,08:15:00,No,3.0,2.0,-37.77737322,144.4419989,MOORABOOL
T20170009126,Dry,Clear,Vehicle overturned (no collision),Thursday,Day,60,2017/04/06,11:30:00,No,1.0,1.0,-38.08195137,144.340076,GREATER GEELONG
T20170009128,Unknown,Not known,No collision and no object struck,Thursday,Day,999,2017/05/04,10:15:00,No,1.0,1.0,-38.17317654,144.366779,GREATER GEELONG
T20170009138,Unknown,Not known,Collision with vehicle,Monday,Day,60,2017/04/24,12:30:00,No,3.0,1.0,-38.16793676,144.3202957,GREATER GEELONG
T20170009149,Wet,Raining,Collision with a fixed object,Tuesday,Day,80,2017/05/09,14:30:00,No,5.0,2.0,-38.74521979,143.5641415,COLAC OTWAY
T20170009157,Dry,Clear,Struck Pedestrian,Tuesday,Day,50,2017/05/09,16:00:00,No,2.0,1.0,-34.18614087,142.159041,MILDURA
T20170009167,Dry,Clear,Collision with vehicle,Tuesday,Dark Street lights on,70,2017/05/09,17:54:00,No,4.0,1.0,-38.20121138,144.3413497,GREATER GEELONG
T20170009174,Dry,Clear,Collision with a fixed object,Tuesday,Dark No street lights,60,2017/05/09,23:35:00,Yes,5.0,3.0,-35.29153527,143.4479386,SWAN HILL
T20170009175,Dry,Fog,Collision with vehicle,Tuesday,Dark No street lights,100,2017/05/09,23:20:00,Yes,3.0,1.0,-37.87669255,147.4421121,EAST GIPPSLAND
T20170009189,Dry,Clear,Struck Pedestrian,Wednesday,Day,60,2017/05/10,07:45:00,No,2.0,1.0,-37.87488277,147.8435313,EAST GIPPSLAND
T20170009194,Unknown,Not known,Struck animal,Monday,Unknown,100,2017/04/03,12:50:00,No,2.0,2.0,-38.17340701,147.1828806,WELLINGTON
T20170009200,Dry,Clear,Collision with vehicle,Wednesday,Day,50,2017/05/10,10:15:00,No,3.0,1.0,-36.38085196,145.4202589,GREATER SHEPPARTON
T20170009201,Dry,Not known,No collision and no object struck,Monday,Day,999,2017/02/20,10:00:00,Yes,2.0,1.0,-38.17176815,144.3912064,GREATER GEELONG
T20170009210,Dry,Clear,No collision and no object struck,Friday,Day,100,2017/03/31,16:10:00,Yes,1.0,1.0,-37.83978785,142.2570524,SOUTHERN GRAMPIANS
T20170009215,Unknown,Clear,No collision and no object struck,Sunday,Day,100,2017/05/07,11:30:00,No,1.0,1.0,-36.80696076,145.8549208,STRATHBOGIE
T20170009216,Dry,Clear,Collision with vehicle,Wednesday,Day,60,2017/05/10,08:40:00,No,4.0,4.0,-36.74299187,144.2582597,GREATER BENDIGO
T20170009218,Wet,Clear,Collision with vehicle,Wednesday,Day,100,2017/05/10,10:15:00,No,5.0,1.0,-37.95841811,146.4227061,BAW BAW
T20170009219,Dry,Clear,No collision and no object struck,Wednesday,Day,999,2017/05/10,15:00:00,No,1.0,1.0,-37.59897584,144.2228489,MOORABOOL
T20170009225,Dry,Clear,Vehicle overturned (no collision),Sunday,Dusk/Dawn,50,2017/04/23,20:30:00,Yes,1.0,1.0,-36.76179006,144.2877799,GREATER BENDIGO
T20170009226,Dry,Clear,Collision with a fixed object,Wednesday,Day,50,2017/05/10,14:30:00,No,1.0,1.0,-37.31596457,144.9592273,MITCHELL
T20170009245,Dry,Clear,Struck Pedestrian,Wednesday,Dark No street lights,80,2017/05/10,19:20:00,Yes,3.0,1.0,-37.58876,143.861185,BALLARAT
T20170009253,Dry,Clear,Vehicle overturned (no collision),Wednesday,Dusk/Dawn,100,2017/05/10,17:30:00,No,2.0,2.0,-36.84014806,141.153964,WEST WIMMERA
T20170009258,Dry,Clear,Collision with vehicle,Wednesday,Dark Street lights off,60,2017/05/10,22:50:00,Yes,3.0,1.0,-36.75524587,144.2740756,GREATER BENDIGO
T20170009269,Dry,Clear,Collision with vehicle,Wednesday,Day,100,2017/05/10,15:15:00,No,1.0,1.0,-36.62157597,146.6642129,ALPINE
T20170009276,Dry,Clear,Struck Pedestrian,Thursday,Day,999,2017/05/11,09:45:00,No,2.0,1.0,-37.59871194,141.6955997,SOUTHERN GRAMPIANS
T20170009291,Dry,Clear,Collision with vehicle,Wednesday,Dark No street lights,50,2017/05/10,20:20:00,Yes,2.0,2.0,-36.12154127,144.7389304,CAMPASPE
T20170009298,Dry,Clear,Collision with a fixed object,Thursday,Day,100,2017/05/11,12:15:00,No,1.0,1.0,-36.70799998,146.4362103,WANGARATTA
T20170009299,Dry,Clear,Collision with vehicle,Thursday,Day,60,2017/05/11,15:30:00,No,3.0,1.0,-36.39420404,145.4105389,GREATER SHEPPARTON
T20170009302,Dry,Clear,Collision with vehicle,Thursday,Day,60,2017/05/11,15:30:00,No,2.0,1.0,-38.11261357,147.0883362,WELLINGTON
T20170009309,Dry,Clear,Collision with a fixed object,Thursday,Day,60,2017/05/11,15:00:00,No,1.0,1.0,-38.0271611,143.6415171,COLAC OTWAY
T20170009315,Dry,Smoke,Collision with a fixed object,Thursday,Day,60,2017/05/11,14:44:00,No,1.0,1.0,-37.55481804,143.8817293,BALLARAT
T20170009337,Wet,Raining,collision with some other object,Wednesday,Dark No street lights,100,2017/04/26,05:40:00,Yes,3.0,1.0,-36.93403856,145.1789479,STRATHBOGIE
T20170009339,Wet,Raining,Collision with a fixed object,Thursday,Dark No street lights,100,2017/03/16,05:15:00,Yes,1.0,1.0,-38.19988156,144.4921287,GREATER GEELONG
T20170009342,Dry,Clear,Collision with vehicle,Friday,Day,60,2017/05/12,10:10:00,No,2.0,1.0,-38.20119613,144.3267625,GREATER GEELONG
T20170009350,Dry,Clear,Collision with vehicle,Friday,Day,60,2017/05/12,12:30:00,No,2.0,1.0,-37.52701433,143.8427103,BALLARAT
T20170009354,Unknown,Clear,Collision with a fixed object,Saturday,Unknown,999,2017/04/08,14:00:00,No,2.0,1.0,-37.86020127,144.188943,GOLDEN PLAINS
T20170009359,Dry,Clear,Collision with vehicle,Wednesday,Day,30,2017/01/25,17:20:00,No,3.0,1.0,-37.56476052,143.8623199,BALLARAT
T20170009361,Dry,Clear,Collision with vehicle,Thursday,Day,100,2017/05/11,14:30:00,No,2.0,1.0,-38.13129469,144.2652566,GREATER GEELONG
T20170009364,Dry,Clear,Struck Pedestrian,Friday,Day,60,2017/05/12,15:35:00,No,7.0,1.0,-36.75228539,144.294246,GREATER BENDIGO
T20170009368,Dry,Clear,Collision with vehicle,Wednesday,Dark No street lights,100,2017/05/10,18:30:00,Yes,5.0,4.0,-36.76527102,145.5516507,STRATHBOGIE
T20170009371,Dry,Clear,Collision with vehicle,Friday,Day,110,2017/05/12,08:50:00,No,3.0,3.0,-36.41917956,146.2651787,WANGARATTA
T20170009375,Dry,Clear,Collision with vehicle,Friday,Day,50,2017/05/12,16:50:00,Yes,2.0,2.0,-37.28519016,142.9339117,ARARAT
T20170009377,Dry,Clear,Collision with vehicle,Friday,Dark Street lights on,80,2017/05/12,18:05:00,Yes,5.0,1.0,-38.18587461,144.4510296,GREATER GEELONG
T20170009381,Dry,Clear,Collision with vehicle,Friday,Dusk/Dawn,60,2017/05/12,17:34:00,No,3.0,1.0,-34.18788168,142.1693523,MILDURA
T20170009389,Dry,Clear,Collision with vehicle,Friday,Dark Street lights on,60,2017/05/12,19:10:00,Yes,3.0,1.0,-38.37372833,142.49237,WARRNAMBOOL
T20170009397,Dry,Clear,Collision with a fixed object,Saturday,Dark Street lights on,60,2017/05/13,00:35:00,Yes,1.0,1.0,-38.15348731,144.3742913,GREATER GEELONG
T20170009400,Unknown,Fog,Collision with a fixed object,Saturday,Dark No street lights,100,2017/05/13,05:30:00,Yes,1.0,1.0,-38.18249016,143.8399894,COLAC OTWAY
T20170009409,Dry,Clear,Collision with vehicle,Thursday,Day,50,2017/01/26,16:30:00,No,2.0,1.0,-38.14609999,144.36129,GREATER GEELONG
T20170009411,Dry,Clear,Collision with vehicle,Saturday,Day,100,2017/05/13,10:15:00,No,3.0,2.0,-38.08217701,145.7754194,BAW BAW
T20170009417,Dry,Clear,Collision with vehicle,Saturday,Day,60,2017/05/13,12:24:00,No,2.0,2.0,-37.51159165,145.7529699,MURRINDINDI
T20170009419,Dry,Clear,Collision with vehicle,Saturday,Day,60,2017/05/13,11:55:00,No,4.0,2.0,-34.21482974,142.1460411,MILDURA
T20170009421,Dry,Clear,Vehicle overturned (no collision),Saturday,Day,100,2017/05/13,13:00:00,No,1.0,1.0,-37.38804712,144.6613931,MACEDON RANGES
T20170009448,Dry,Clear,Collision with a fixed object,Saturday,Day,50,2017/05/13,16:30:00,Yes,2.0,2.0,-34.19845898,142.1609612,MILDURA
T20170009472,Dry,Clear,Collision with vehicle,Sunday,Day,60,2017/05/14,11:35:00,No,3.0,3.0,-36.11875965,146.8755057,WODONGA
T20170009479,Dry,Clear,Collision with a fixed object,Sunday,Day,110,2017/05/14,10:20:00,No,1.0,1.0,-38.23281375,146.3716416,LATROBE
T20170009480,Dry,Clear,No collision and no object struck,Thursday,Day,100,2017/05/11,16:00:00,No,1.0,1.0,-37.2038807,147.7950244,EAST GIPPSLAND
T20170009484,Dry,Clear,Collision with vehicle,Sunday,Day,100,2017/05/14,14:40:00,No,8.0,6.0,-37.34545488,144.602705,MACEDON RANGES
T20170009488,Wet,Raining,No collision and no object struck,Monday,Day,80,2017/05/08,16:15:00,No,1.0,1.0,-38.71762331,143.7085618,COLAC OTWAY
T20170009493,Dry,Clear,Vehicle overturned (no collision),Sunday,Dark No street lights,60,2017/05/14,19:50:00,No,1.0,1.0,-37.33896869,144.1330104,HEPBURN
T20170009497,Dry,Clear,Collision with vehicle,Sunday,Day,100,2017/05/14,15:30:00,No,3.0,3.0,-37.76103024,143.4968999,GOLDEN PLAINS
T20170009500,Dry,Clear,Collision with vehicle,Monday,Day,60,2017/03/20,17:42:00,Yes,2.0,1.0,-38.10941993,144.3317899,GREATER GEELONG
T20170009503,Dry,Clear,Collision with vehicle,Thursday,Day,60,2017/05/11,15:50:00,No,2.0,2.0,-36.35423341,145.4022719,GREATER SHEPPARTON
T20170009504,Dry,Clear,Collision with vehicle,Friday,Day,100,2017/05/12,16:50:00,No,2.0,1.0,-38.24577231,146.5467976,LATROBE
T20170009514,Dry,Clear,Collision with vehicle,Monday,Day,50,2017/05/15,08:50:00,No,2.0,1.0,-38.14380424,144.3387236,GREATER GEELONG
T20170009519,Dry,Clear,Collision with vehicle,Monday,Day,60,2017/05/15,08:30:00,No,2.0,1.0,-38.05844018,144.1812628,GOLDEN PLAINS
T20170009526,Dry,Clear,Collision with vehicle,Monday,Day,60,2017/05/15,08:20:00,Yes,3.0,1.0,-37.56331333,143.8499965,BALLARAT
T20170009532,Wet,Not known,collision with some other object,Sunday,Day,999,2017/05/07,14:30:00,No,1.0,1.0,-37.34963438,145.9286494,MURRINDINDI
T20170009539,Dry,Clear,Vehicle overturned (no collision),Monday,Day,100,2017/05/15,08:45:00,No,1.0,1.0,-37.89745218,145.9569807,BAW BAW
T20170009549,Dry,Clear,Collision with vehicle,Monday,Day,60,2017/05/15,11:35:00,No,2.0,1.0,-36.39880154,144.9823575,CAMPASPE
T20170009550,Dry,Clear,Collision with vehicle,Monday,Day,70,2017/05/01,10:25:00,No,2.0,1.0,-38.15460793,144.351431,GREATER GEELONG
T20170009561,Dry,Clear,Collision with vehicle,Sunday,Dusk/Dawn,50,2017/05/14,17:50:00,Yes,3.0,1.0,-34.19003685,142.1508838,MILDURA
T20170009572,Dry,Clear,Collision with vehicle,Monday,Day,100,2017/05/15,16:31:00,No,2.0,1.0,-35.28826484,141.2966563,MILDURA
T20170009579,Dry,Clear,Collision with vehicle,Tuesday,Day,100,2017/05/16,07:30:00,No,3.0,1.0,-38.07631991,144.3343395,GREATER GEELONG
T20170009584,Dry,Clear,Vehicle overturned (no collision),Tuesday,Dark No street lights,100,2017/05/16,06:15:00,No,3.0,1.0,-38.07418018,144.3349511,GREATER GEELONG
T20170009588,Wet,Fog,Collision with a fixed object,Tuesday,Dark No street lights,80,2017/05/16,06:30:00,No,1.0,1.0,-38.32028136,141.5468328,GLENELG
T20170009593,Dry,Clear,Collision with vehicle,Tuesday,Day,60,2017/05/16,11:40:00,No,5.0,1.0,-37.56917643,143.8459107,BALLARAT
T20170009605,Dry,Clear,Collision with vehicle,Monday,Dusk/Dawn,40,2017/05/15,17:20:00,No,2.0,1.0,-34.1843662,142.1582679,MILDURA
T20170009606,Dry,Clear,Struck Pedestrian,Tuesday,Day,60,2017/05/16,13:45:00,No,2.0,1.0,-38.38112006,142.48632,WARRNAMBOOL
T20170009613,Wet,Raining,Collision with a fixed object,Tuesday,Dusk/Dawn,80,2017/04/25,17:10:00,No,1.0,1.0,-38.08050356,145.8295119,BAW BAW
T20170009633,Dry,Clear,Collision with vehicle,Tuesday,Day,100,2017/05/16,16:30:00,No,5.0,4.0,-37.45154996,144.7433196,MACEDON RANGES
T20170009639,Dry,Clear,Collision with vehicle,Tuesday,Dark Street lights on,50,2017/05/16,18:50:00,Yes,4.0,2.0,-36.79477791,144.2444078,GREATER BENDIGO
T20170009644,Dry,Clear,Collision with vehicle,Tuesday,Day,60,2017/05/16,14:30:00,No,2.0,1.0,-37.52022171,143.8177715,BALLARAT
T20170009660,Dry,Clear,Collision with vehicle,Wednesday,Day,60,2017/05/17,08:50:00,No,3.0,2.0,-36.13073898,144.7487123,CAMPASPE
T20170009664,Dry,Clear,Collision with a fixed object,Friday,Dark No street lights,110,2017/03/31,23:05:00,Yes,1.0,1.0,-36.91761018,145.2244805,STRATHBOGIE
T20170009671,Dry,Clear,No collision and no object struck,Friday,Day,999,2017/05/05,12:00:00,No,1.0,1.0,-37.77123999,147.1122506,WELLINGTON
T20170009681,Dry,Not known,Collision with vehicle,Monday,Day,60,2017/05/15,11:45:00,No,3.0,1.0,-37.23425252,144.4536811,MACEDON RANGES
T20170009683,Dry,Clear,Collision with vehicle,Wednesday,Dusk/Dawn,60,2017/05/17,16:45:00,No,2.0,2.0,-38.25488653,144.5133412,GREATER GEELONG
T20170009693,Dry,Clear,Collision with vehicle,Wednesday,Dark Street lights on,50,2017/05/17,19:25:00,Yes,2.0,2.0,-37.41637204,144.9791124,MITCHELL
T20170009694,Muddy,Clear,collision with some other object,Wednesday,Dusk/Dawn,60,2017/05/17,18:30:00,Yes,1.0,1.0,-38.22418563,144.3465775,GREATER GEELONG
T20170009701,Dry,Not known,Vehicle overturned (no collision),Saturday,Day,100,2017/05/13,16:00:00,Yes,1.0,1.0,-34.4924101,142.2068791,MILDURA
T20170009703,Dry,Clear,Collision with a fixed object,Wednesday,Dark No street lights,100,2017/05/17,20:20:00,Yes,1.0,1.0,-37.59057166,143.7990398,BALLARAT
T20170009706,Wet,Raining,Collision with a fixed object,Wednesday,Dark No street lights,80,2017/05/17,18:35:00,Yes,1.0,1.0,-37.95442163,141.9569769,SOUTHERN GRAMPIANS
T20170009710,Dry,Clear,Collision with a fixed object,Wednesday,Dark Street lights on,999,2017/05/17,03:45:00,Yes,1.0,1.0,-37.38892216,144.5958668,MACEDON RANGES
T20170009716,Dry,Clear,Struck Pedestrian,Wednesday,Dark Street lights unknown,50,2017/05/17,22:35:00,Yes,2.0,1.0,-37.55266676,143.8064914,BALLARAT
T20170009719,Dry,Clear,Collision with vehicle,Sunday,Day,60,2017/05/14,08:45:00,Yes,4.0,3.0,-38.02865774,144.0522903,GOLDEN PLAINS
T20170009722,Dry,Clear,Collision with vehicle,Saturday,Day,60,2017/02/18,12:53:00,No,2.0,1.0,-37.56530163,143.8762818,BALLARAT
T20170009728,Dry,Clear,Collision with vehicle,Thursday,Day,100,2017/05/18,09:05:00,No,2.0,1.0,-37.77646913,144.4367089,MOORABOOL
T20170009750,Dry,Clear,Struck Pedestrian,Thursday,Day,60,2017/05/18,15:57:00,No,3.0,1.0,-36.36681867,145.4032703,GREATER SHEPPARTON
T20170009766,Wet,Raining,Collision with a fixed object,Thursday,Dark No street lights,100,2017/05/18,19:40:00,Yes,1.0,1.0,-37.10205998,143.7391296,CENTRAL GOLDFIELDS
T20170009774,Wet,Raining,Collision with a fixed object,Sunday,Dark Street lights on,50,2017/05/07,19:47:00,No,1.0,1.0,-38.34099328,143.584472,COLAC OTWAY
T20170009776,Dry,Clear,Collision with vehicle,Monday,Dark Street lights on,50,2017/05/08,22:00:00,Yes,2.0,1.0,-37.35830121,144.5300222,MACEDON RANGES
T20170009777,Dry,Clear,Collision with a fixed object,Thursday,Dark No street lights,999,2017/05/18,19:30:00,Yes,1.0,1.0,-38.28243629,146.6900504,WELLINGTON
T20170009784,Wet,Raining,Struck Pedestrian,Friday,Day,60,2017/05/19,09:45:00,No,2.0,1.0,-36.38562033,145.4026305,GREATER SHEPPARTON
T20170009789,Dry,Clear,Collision with vehicle,Monday,Day,60,2017/04/03,09:10:00,No,3.0,1.0,-38.13286976,144.3378781,GREATER GEELONG
T20170009791,Wet,Clear,Collision with a fixed object,Friday,Day,100,2017/05/19,09:10:00,No,1.0,1.0,-37.39061769,144.8632967,MACEDON RANGES
T20170009793,Dry,Clear,Collision with vehicle,Friday,Day,80,2017/05/19,09:20:00,No,2.0,1.0,-34.19618546,142.0587874,MILDURA
T20170009794,Dry,Clear,Collision with vehicle,Friday,Day,80,2017/05/19,10:30:00,No,3.0,1.0,-37.83881038,147.5957713,EAST GIPPSLAND
T20170009797,Dry,Clear,Collision with vehicle,Friday,Day,100,2017/05/19,09:40:00,No,2.0,1.0,-38.28780059,146.3202433,LATROBE
T20170009798,Dry,Clear,Collision with vehicle,Friday,Day,80,2017/05/19,12:15:00,No,3.0,1.0,-38.21988192,146.4732621,LATROBE
T20170009806,Dry,Clear,No collision and no object struck,Saturday,Day,999,2017/03/04,15:00:00,No,1.0,1.0,-37.40015019,146.6606907,WELLINGTON
T20170009812,Unknown,Clear,Vehicle overturned (no collision),Friday,Day,999,2017/03/31,13:00:00,No,1.0,1.0,-37.8842006,146.5610002,WELLINGTON
T20170009823,Wet,Raining,Collision with vehicle,Friday,Dark Street lights on,60,2017/05/19,18:34:00,Yes,2.0,1.0,-38.20896068,146.5501082,LATROBE
T20170009826,Dry,Clear,Collision with vehicle,Friday,Dark Street lights on,60,2017/05/19,19:28:00,Yes,7.0,1.0,-38.17356346,146.2674367,LATROBE
T20170009840,Wet,Clear,Collision with a fixed object,Friday,Dark No street lights,100,2017/05/19,23:45:00,Yes,1.0,1.0,-38.15764921,146.5535943,LATROBE
T20170009846,Wet,Raining,Collision with a fixed object,Saturday,Dark Street lights on,80,2017/05/20,05:35:00,Yes,1.0,1.0,-38.16150822,144.4031607,GREATER GEELONG
T20170009852,Dry,Clear,Collision with vehicle,Saturday,Day,70,2017/05/20,09:45:00,No,2.0,1.0,-38.19109393,144.4720091,GREATER GEELONG
T20170009857,Wet,Clear,Collision with a fixed object,Saturday,Day,100,2017/05/20,09:40:00,No,1.0,1.0,-37.61760999,148.89137,EAST GIPPSLAND
T20170009866,Dry,Clear,Collision with a fixed object,Saturday,Day,60,2017/05/20,12:10:00,No,1.0,1.0,-38.15134815,144.3810964,GREATER GEELONG
T20170009869,Dry,Clear,Collision with vehicle,Saturday,Day,110,2017/05/20,15:00:00,Yes,4.0,4.0,-36.70683732,145.2002104,STRATHBOGIE
T20170009870,Dry,Clear,Collision with a fixed object,Saturday,Day,110,2017/05/20,12:22:00,No,1.0,1.0,-36.83590267,145.3773157,STRATHBOGIE
T20170009877,Dry,Clear,Collision with vehicle,Saturday,Day,60,2017/05/20,15:40:00,Yes,7.0,7.0,-38.47288232,145.9438626,SOUTH GIPPSLAND
T20170009909,Dry,Fog,Collision with a fixed object,Sunday,Dark No street lights,999,2017/05/21,04:10:00,Yes,2.0,1.0,-38.25759225,145.9506421,BAW BAW
T20170009913,Wet,Raining,Collision with vehicle,Friday,Dusk/Dawn,60,2017/05/19,17:30:00,No,3.0,1.0,-36.75841668,144.2680393,GREATER BENDIGO
T20170009919,Dry,Clear,Collision with vehicle,Sunday,Day,60,2017/05/21,09:43:00,No,3.0,1.0,-38.44349944,145.8300737,SOUTH GIPPSLAND
T20170009930,Dry,Clear,Collision with vehicle,Sunday,Day,70,2017/05/21,12:35:00,No,3.0,2.0,-38.14496659,144.3532358,GREATER GEELONG
T20170009936,Dry,Clear,Collision with vehicle,Saturday,Day,60,2017/05/20,15:30:00,Yes,4.0,1.0,-37.7050191,148.4590594,EAST GIPPSLAND
T20170009937,Dry,Clear,Collision with a fixed object,Friday,Day,80,2017/05/19,11:15:00,No,1.0,1.0,-37.48986957,143.7875924,BALLARAT
T20170009943,Dry,Clear,Collision with a fixed object,Sunday,Day,100,2017/05/21,13:35:00,No,2.0,2.0,-37.7447422,142.6880075,ARARAT
T20170009950,Dry,Clear,Collision with a fixed object,Sunday,Dark No street lights,90,2017/05/21,18:20:00,No,1.0,1.0,-37.45060037,144.5746792,MACEDON RANGES
T20170009951,Dry,Clear,Collision with vehicle,Sunday,Dark No street lights,60,2017/05/21,18:05:00,Yes,1.0,1.0,-38.07874075,144.3377402,GREATER GEELONG
T20170009955,Dry,Clear,Collision with vehicle,Sunday,Dark No street lights,100,2017/05/21,18:01:00,Yes,3.0,1.0,-37.45461392,144.5926548,MACEDON RANGES
T20170009960,Dry,Clear,Struck animal,Sunday,Dark No street lights,100,2017/05/21,19:45:00,No,2.0,2.0,-36.0540116,146.4468734,INDIGO
T20170009972,Dry,Clear,Collision with vehicle,Monday,Dark No street lights,110,2017/05/22,00:10:00,Yes,3.0,3.0,-37.63255857,144.3517608,MOORABOOL
T20170009977,Dry,Clear,Collision with vehicle,Monday,Dark Street lights on,100,2017/05/22,06:04:00,No,2.0,1.0,-38.16566976,144.2921388,GREATER GEELONG
T20170009990,Dry,Clear,Struck Pedestrian,Monday,Day,60,2017/05/22,11:08:00,No,2.0,1.0,-36.75737269,144.2919333,GREATER BENDIGO
T20170009995,Dry,Clear,Collision with vehicle,Monday,Day,80,2017/05/22,12:45:00,No,3.0,2.0,-38.17447228,144.4580568,GREATER GEELONG
T20170009998,Dry,Clear,Collision with vehicle,Monday,Day,60,2017/05/22,11:50:00,No,2.0,1.0,-38.11256277,144.3430584,GREATER GEELONG
T20170010006,Wet,Dust,Vehicle overturned (no collision),Monday,Day,60,2017/04/24,10:30:00,No,1.0,1.0,-35.63524998,143.5875782,GANNAWARRA
T20170010018,Unknown,Clear,Vehicle overturned (no collision),Sunday,Day,999,2017/05/21,13:00:00,No,1.0,1.0,-37.4324133,144.5070094,MACEDON RANGES
T20170010027,Dry,Clear,Collision with a fixed object,Monday,Day,60,2017/05/22,16:45:00,No,1.0,1.0,-38.23331207,146.4210348,LATROBE
T20170010048,Dry,Clear,Collision with vehicle,Monday,Dark No street lights,100,2017/05/22,18:15:00,Yes,3.0,1.0,-37.5410402,143.9481902,MOORABOOL