Accident_No,Surface_Cond_Desc,Atmosph_Cond_Desc,Accident_Type_Desc,Day,Light_Condition_Desc,Speed_Zone,Accident_Date,Accident_Time,Alcohol_Influence,Total_Persons_Inv,Inj_Or_Fatal,Lat,Long,LGA
T20170010051,Dry,Clear,Collision with a fixed object,Tuesday,Dark No street lights,60,2017/05/23,03:30:00,Yes,1.0,1.0,-37.82321978,147.4910601,EAST GIPPSLAND
T20170010060,Dry,Clear,Collision with vehicle,Tuesday,Day,50,2017/05/23,09:00:00,No,2.0,1.0,-37.06562697,144.2167931,MOUNT ALEXANDER
T20170010063,Dry,Clear,Collision with vehicle,Tuesday,Day,60,2017/05/23,07:50:00,No,3.0,2.0,-36.55609546,145.970741,BENALLA
T20170010064,Wet,Clear,Vehicle overturned (no collision),Saturday,Day,100,2017/04/29,15:00:00,Yes,1.0,1.0,-38.43952199,143.4384368,COLAC OTWAY
T20170010068,Dry,Clear,No collision and no object struck,Saturday,Day,999,2017/05/20,13:45:00,No,1.0,1.0,-38.24937989,146.6302098,LATROBE
T20170010075,Dry,Clear,Collision with vehicle,Tuesday,Day,60,2017/05/23,11:50:00,No,5.0,2.0,-37.58670663,143.8302242,BALLARAT
T20170010085,Dry,Clear,Collision with vehicle,Tuesday,Day,70,2017/05/23,13:45:00,No,2.0,1.0,-38.11950532,144.3534645,GREATER GEELONG
T20170010088,Unknown,Not known,Collision with vehicle,Friday,Day,60,2017/05/12,13:50:00,No,4.0,3.0,-38.18080073,144.3539576,GREATER GEELONG
T20170010095,Dry,Clear,Collision with vehicle,Tuesday,Day,40,2017/05/23,15:15:00,No,2.0,2.0,-38.09592713,147.0683786,WELLINGTON
T20170010123,Dry,Clear,Collision with vehicle,Wednesday,Dark Street lights on,80,2017/05/24,06:00:00,Yes,3.0,1.0,-37.53386686,143.8175667,BALLARAT
T20170010126,Dry,Clear,Collision with vehicle,Wednesday,Dusk/Dawn,110,2017/05/24,07:30:00,No,2.0,1.0,-37.50208031,144.612409,MACEDON RANGES
T20170010138,Unknown,Not known,Collision with vehicle,Tuesday,Unknown,70,2017/01/03,11:00:00,No,3.0,1.0,-38.20072574,144.3114718,GREATER GEELONG
T20170010144,Dry,Clear,Collision with vehicle,Saturday,Dark Street lights unknown,50,2017/05/13,18:55:00,Yes,4.0,2.0,-37.60717321,143.8427399,BALLARAT
T20170010147,Wet,Clear,Collision with vehicle,Wednesday,Day,80,2017/05/24,10:05:00,No,3.0,3.0,-38.33512122,143.5532599,COLAC OTWAY
T20170010148,Dry,Clear,Struck Pedestrian,Tuesday,Day,40,2017/05/23,15:35:00,No,2.0,1.0,-38.03052021,144.3949818,GREATER GEELONG
T20170010150,Dry,Clear,Collision with vehicle,Saturday,Dusk/Dawn,80,2017/05/20,16:30:00,Yes,3.0,1.0,-38.34468898,142.4230898,MOYNE
T20170010158,Dry,Clear,Collision with vehicle,Wednesday,Day,80,2017/05/24,14:50:00,No,2.0,1.0,-38.09329019,145.8340451,BAW BAW
T20170010165,Dry,Clear,Collision with a fixed object,Wednesday,Day,60,2017/05/24,14:10:00,No,1.0,1.0,-37.40432083,144.585121,MACEDON RANGES
T20170010170,Dry,Clear,Vehicle overturned (no collision),Wednesday,Day,100,2017/05/10,10:00:00,No,1.0,1.0,-37.07129305,143.0886148,NORTHERN GRAMPIANS
T20170010175,Wet,Raining,Vehicle overturned (no collision),Wednesday,Dark No street lights,100,2017/05/24,20:30:00,Yes,1.0,1.0,-37.33256971,144.1666669,HEPBURN
T20170010183,Dry,Clear,Collision with a fixed object,Wednesday,Dark No street lights,100,2017/05/24,20:55:00,Yes,1.0,1.0,-36.37759875,145.46419,GREATER SHEPPARTON
T20170010184,Dry,Clear,Collision with a fixed object,Wednesday,Dark Street lights on,70,2017/05/24,04:15:00,Yes,1.0,1.0,-38.11271087,144.3546311,GREATER GEELONG
T20170010185,Dry,Clear,Collision with a fixed object,Wednesday,Dark No street lights,100,2017/05/24,04:25:00,Yes,1.0,1.0,-36.3551116,145.0291507,CAMPASPE
T20170010200,Dry,Clear,Collision with a fixed object,Wednesday,Day,60,2017/05/24,16:00:00,No,1.0,1.0,-36.37765132,142.9915787,BULOKE
T20170010209,Dry,Clear,Struck Pedestrian,Thursday,Day,50,2017/05/25,12:30:00,No,4.0,1.0,-38.23769024,146.3945919,LATROBE
T20170010211,Dry,Clear,Collision with vehicle,Thursday,Day,100,2017/05/25,11:14:00,No,3.0,3.0,-38.31301968,142.463807,MOYNE
T20170010217,Dry,Clear,Collision with a fixed object,Saturday,Day,999,2017/05/20,15:30:00,Yes,1.0,1.0,-37.67744428,144.0358797,MOORABOOL
T20170010247,Dry,Clear,Collision with a fixed object,Thursday,Dark No street lights,100,2017/05/25,23:45:00,Yes,1.0,1.0,-37.79024054,143.7002033,GOLDEN PLAINS
T20170010252,Dry,Clear,Collision with vehicle,Friday,Day,70,2017/05/26,09:30:00,No,4.0,1.0,-38.19810983,144.3419385,GREATER GEELONG
T20170010253,Dry,Clear,Collision with vehicle,Friday,Day,100,2017/05/26,09:30:00,No,4.0,1.0,-37.38616922,144.0052308,HEPBURN
T20170010254,Dry,Clear,Collision with vehicle,Thursday,Day,50,2017/05/18,06:55:00,No,2.0,1.0,-37.66782615,144.4228634,MOORABOOL
T20170010261,Dry,Clear,Collision with vehicle,Thursday,Day,60,2017/05/25,13:30:00,No,4.0,1.0,-36.76110221,144.2735912,GREATER BENDIGO
T20170010268,Dry,Clear,Collision with vehicle,Friday,Day,60,2017/05/26,11:50:00,No,7.0,1.0,-38.26004167,143.9293804,SURF COAST
T20170010270,Dry,Clear,Collision with vehicle,Friday,Day,80,2017/05/26,12:55:00,No,2.0,1.0,-35.32223892,143.5506834,SWAN HILL
T20170010276,Dry,Clear,Collision with vehicle,Saturday,Day,100,2017/05/20,11:00:00,No,3.0,2.0,-38.35977393,146.2463968,LATROBE
T20170010281,Dry,Clear,Collision with vehicle,Friday,Day,60,2017/05/26,13:50:00,No,1.0,1.0,-37.74202723,142.0355705,SOUTHERN GRAMPIANS
T20170010287,Dry,Clear,Collision with a fixed object,Sunday,Dark No street lights,100,2017/05/21,04:00:00,Yes,1.0,1.0,-38.11462999,145.9254501,BAW BAW
T20170010293,Dry,Clear,Collision with vehicle,Friday,Day,80,2017/05/26,12:20:00,No,4.0,2.0,-38.16188872,144.4046937,GREATER GEELONG
T20170010294,Dry,Clear,Collision with vehicle,Friday,Day,50,2017/05/26,11:11:00,No,4.0,1.0,-36.05116525,145.2038778,MOIRA
T20170010297,Dry,Clear,Collision with vehicle,Friday,Day,80,2017/05/26,15:40:00,No,2.0,1.0,-38.16718257,144.4226474,GREATER GEELONG
T20170010302,Dry,Clear,Collision with vehicle,Friday,Dusk/Dawn,100,2017/05/26,17:00:00,Yes,2.0,1.0,-36.07661723,144.603792,CAMPASPE
T20170010325,Dry,Clear,No collision and no object struck,Friday,Dark No street lights,999,2017/05/26,05:37:00,Yes,1.0,1.0,-38.19624149,146.0691394,BAW BAW
T20170010328,Wet,Fog,Collision with a fixed object,Friday,Dark No street lights,80,2017/05/26,23:00:00,Yes,2.0,2.0,-36.32620887,145.3967509,GREATER SHEPPARTON
T20170010330,Dry,Clear,Collision with vehicle,Friday,Day,60,2017/05/12,14:00:00,No,2.0,1.0,-36.74691865,144.2581089,GREATER BENDIGO
T20170010336,Dry,Clear,Collision with vehicle,Friday,Dark Street lights on,60,2017/05/26,18:05:00,Yes,2.0,1.0,-36.70515514,144.3161584,GREATER BENDIGO
T20170010342,Dry,Clear,Collision with vehicle,Saturday,Day,50,2017/05/27,11:10:00,No,5.0,3.0,-36.773124,144.2601443,GREATER BENDIGO
T20170010344,Dry,Clear,Collision with vehicle,Saturday,Day,100,2017/05/27,08:20:00,No,2.0,1.0,-37.5464564,143.7374477,BALLARAT
T20170010345,Wet,Raining,No collision and no object struck,Saturday,Day,60,2017/05/27,11:15:00,No,1.0,1.0,-36.90523914,145.9297816,MANSFIELD
T20170010358,Dry,Clear,Collision with vehicle,Saturday,Dusk/Dawn,50,2017/05/27,17:10:00,Yes,2.0,1.0,-37.58900684,143.8428973,BALLARAT
T20170010359,Unknown,Not known,Collision with vehicle,Sunday,Day,100,2017/03/12,14:00:00,No,2.0,1.0,-35.2505375,143.4540784,SWAN HILL
T20170010362,Dry,Clear,Collision with a fixed object,Saturday,Day,999,2017/05/27,14:30:00,Yes,1.0,1.0,-35.99792665,141.59281,HINDMARSH
T20170010370,Wet,Clear,Collision with vehicle,Saturday,Dark No street lights,60,2017/05/27,19:55:00,Yes,2.0,2.0,-38.17093503,144.3669974,GREATER GEELONG
T20170010372,Dry,Clear,Collision with a fixed object,Saturday,Dark Street lights on,60,2017/05/27,20:21:00,Yes,1.0,1.0,-36.39296016,145.4060112,GREATER SHEPPARTON
T20170010373,Dry,Clear,No collision and no object struck,Friday,Day,80,2017/05/26,15:45:00,No,1.0,1.0,-38.04639176,143.9814272,GOLDEN PLAINS
T20170010396,Wet,Clear,Collision with a fixed object,Sunday,Dark No street lights,100,2017/05/28,07:15:00,Yes,1.0,1.0,-36.44631032,144.6402007,GREATER BENDIGO
T20170010411,Muddy,Raining,Collision with a fixed object,Sunday,Dark No street lights,100,2017/05/28,00:05:00,Yes,1.0,1.0,-35.92453951,144.4166168,CAMPASPE
T20170010412,Wet,Raining,Collision with a fixed object,Sunday,Day,100,2017/05/28,12:00:00,No,3.0,1.0,-37.10218071,146.4752985,MANSFIELD
T20170010426,Dry,Not known,Collision with vehicle,Wednesday,Unknown,999,2017/05/17,01:40:00,Yes,2.0,1.0,-37.29273027,144.95255,MITCHELL
T20170010429,Wet,Raining,Collision with a fixed object,Sunday,Day,50,2017/05/28,15:00:00,No,1.0,1.0,-38.15500597,145.9213455,BAW BAW
T20170010431,Wet,Clear,Collision with a fixed object,Sunday,Day,70,2017/05/28,15:58:00,No,1.0,1.0,-38.11202032,144.3539495,GREATER GEELONG
T20170010432,Dry,Clear,Collision with a fixed object,Monday,Day,100,2017/01/02,16:15:00,Yes,2.0,2.0,-37.52596918,145.8734876,LAKE MOUNTAIN ALPINE RESORT (UNINC)
T20170010438,Dry,Clear,Collision with vehicle,Sunday,Day,60,2017/05/28,11:20:00,No,6.0,6.0,-38.16657723,144.3403804,GREATER GEELONG
T20170010444,Wet,Raining,Collision with vehicle,Sunday,Dark No street lights,100,2017/05/28,18:00:00,Yes,4.0,3.0,-38.48254531,145.9786598,SOUTH GIPPSLAND
T20170010457,Wet,Raining,Collision with vehicle,Sunday,Day,110,2017/05/28,16:05:00,Yes,4.0,4.0,-36.49552186,146.1206047,BENALLA
T20170010474,Unknown,Not known,Vehicle overturned (no collision),Sunday,Unknown,999,2016/08/28,15:30:00,No,1.0,1.0,-38.00596756,145.8084524,BAW BAW
T20170010482,Dry,Clear,Collision with vehicle,Monday,Day,50,2017/05/29,09:25:00,No,3.0,2.0,-37.28367504,142.9315974,ARARAT
T20170010490,Dry,Clear,Collision with vehicle,Monday,Day,60,2017/05/29,12:05:00,No,2.0,1.0,-36.55742595,146.7182737,ALPINE
T20170010491,Dry,Clear,Collision with vehicle,Monday,Day,70,2017/05/29,12:00:00,No,4.0,3.0,-38.20072574,144.3114718,GREATER GEELONG
T20170010493,Dry,Clear,Collision with vehicle,Sunday,Day,80,2017/05/14,11:30:00,No,2.0,1.0,-37.00036038,146.9908385,ALPINE
T20170010497,Dry,Clear,Vehicle overturned (no collision),Monday,Day,100,2017/05/29,14:45:00,No,2.0,2.0,-38.3913287,143.8027786,COLAC OTWAY
T20170010504,Dry,Clear,Vehicle overturned (no collision),Monday,Day,80,2017/05/29,16:20:00,No,1.0,1.0,-36.23759241,147.0782916,INDIGO
T20170010508,Dry,Clear,No collision and no object struck,Monday,Day,60,2017/05/29,15:45:00,No,1.0,1.0,-38.12829892,144.3567712,GREATER GEELONG
T20170010516,Dry,Clear,Collision with a fixed object,Monday,Dark No street lights,80,2017/05/29,18:35:00,Yes,1.0,1.0,-36.04470073,146.4541499,INDIGO
T20170010519,Dry,Clear,Collision with vehicle,Monday,Dark No street lights,50,2017/05/29,17:50:00,No,3.0,2.0,-35.33522322,143.5569636,SWAN HILL
T20170010530,Dry,Clear,Vehicle overturned (no collision),Monday,Dark No street lights,100,2017/05/29,21:15:00,Yes,1.0,1.0,-36.60482027,144.5360137,GREATER BENDIGO
T20170010545,Dry,Clear,Collision with vehicle,Thursday,Day,60,2017/03/02,10:00:00,No,2.0,1.0,-37.55722436,143.8550328,BALLARAT
T20170010549,Wet,Clear,Collision with vehicle,Tuesday,Day,100,2017/05/30,08:15:00,No,3.0,3.0,-36.50065706,142.4692104,YARRIAMBIACK
T20170010565,Wet,Clear,Vehicle overturned (no collision),Tuesday,Dark No street lights,80,2017/05/30,05:55:00,Yes,1.0,1.0,-35.26631688,141.2190507,MILDURA
T20170010567,Dry,Clear,Collision with vehicle,Tuesday,Day,70,2017/05/30,12:00:00,No,4.0,1.0,-38.10448142,144.3192562,GREATER GEELONG
T20170010575,Dry,Clear,No collision and no object struck,Tuesday,Day,100,2017/05/30,14:34:00,No,1.0,1.0,-38.23351634,144.2057626,SURF COAST
T20170010578,Dry,Clear,Collision with vehicle,Thursday,Day,60,2017/01/26,15:30:00,No,2.0,1.0,-37.56120598,143.8500008,BALLARAT
T20170010581,Dry,Clear,Struck Pedestrian,Tuesday,Dusk/Dawn,60,2017/05/30,16:30:00,No,3.0,1.0,-36.74894092,144.2817646,GREATER BENDIGO
T20170010587,Dry,Clear,Collision with vehicle,Tuesday,Dusk/Dawn,110,2017/05/30,17:10:00,No,2.0,1.0,-36.08441443,146.7986503,WODONGA
T20170010593,Dry,Clear,Collision with a fixed object,Tuesday,Day,100,2017/05/30,15:58:00,No,1.0,1.0,-37.07365442,142.18772,HORSHAM
T20170010597,Dry,Clear,Collision with a fixed object,Tuesday,Dark No street lights,110,2017/05/30,17:40:00,No,1.0,1.0,-36.91142166,145.2299815,STRATHBOGIE
T20170010615,Wet,Fog,Collision with vehicle,Wednesday,Day,60,2017/05/31,07:45:00,No,2.0,1.0,-36.33173333,141.6367225,HINDMARSH
T20170010619,Wet,Raining,Collision with a fixed object,Wednesday,Day,100,2017/05/31,08:30:00,No,1.0,1.0,-38.38269285,145.8284826,SOUTH GIPPSLAND
T20170010629,Dry,Clear,Collision with vehicle,Thursday,Day,50,2016/12/22,13:30:00,No,2.0,1.0,-38.7597464,143.6717986,COLAC OTWAY
T20170010635,Dry,Clear,Collision with vehicle,Tuesday,Day,60,2017/05/02,08:45:00,No,5.0,1.0,-36.73439942,144.3026089,GREATER BENDIGO
T20170010644,Dry,Clear,Collision with a fixed object,Sunday,Dark Street lights on,50,2017/05/14,00:47:00,Yes,1.0,1.0,-38.0917301,144.35881,GREATER GEELONG
T20170010646,Wet,Raining,Collision with a fixed object,Wednesday,Day,110,2017/05/31,13:00:00,No,3.0,3.0,-38.24509114,146.4247289,LATROBE
T20170010648,Dry,Clear,Collision with vehicle,Tuesday,Dark No street lights,100,2017/05/30,21:45:00,Yes,2.0,1.0,-36.68096906,145.9772965,BENALLA
T20170010650,Dry,Clear,Collision with vehicle,Wednesday,Day,60,2017/05/31,15:01:00,No,10.0,6.0,-36.73403853,144.3028871,GREATER BENDIGO
T20170010656,Dry,Clear,Collision with vehicle,Thursday,Day,60,2017/05/18,12:45:00,No,2.0,1.0,-37.58902541,143.8408618,BALLARAT
T20170010660,Dry,Clear,Struck Pedestrian,Wednesday,Day,50,2017/05/31,16:00:00,No,2.0,1.0,-38.14543184,144.3548992,GREATER GEELONG
T20170010661,Dry,Clear,Collision with vehicle,Wednesday,Dark Street lights on,60,2017/05/31,17:40:00,No,2.0,1.0,-38.16841014,144.3312579,GREATER GEELONG
T20170010670,Dry,Clear,Collision with a fixed object,Wednesday,Dark No street lights,80,2017/05/31,20:02:00,Yes,1.0,1.0,-37.03101672,145.099999,MITCHELL
T20170010673,Dry,Clear,Collision with vehicle,Wednesday,Dark Street lights on,70,2017/05/31,21:10:00,Yes,3.0,3.0,-36.14045688,144.7349784,CAMPASPE
T20170010677,Dry,Clear,Collision with vehicle,Wednesday,Dark Street lights unknown,50,2017/05/31,21:45:00,Yes,2.0,1.0,-38.08143059,144.3467649,GREATER GEELONG
T20170010679,Wet,Clear,Collision with vehicle,Wednesday,Dark No street lights,100,2017/05/31,22:00:00,Yes,3.0,3.0,-38.2594068,144.4245605,GREATER GEELONG
T20170010686,Dry,Not known,No collision and no object struck,Saturday,Day,60,2017/05/20,10:00:00,No,1.0,1.0,-38.38944717,144.1873389,SURF COAST
T20170010693,Dry,Not known,Vehicle overturned (no collision),Wednesday,Day,999,2017/04/26,06:30:00,No,1.0,1.0,-38.41592216,146.644933,WELLINGTON
T20170010696,Dry,Clear,Collision with vehicle,Thursday,Day,50,2017/06/01,09:50:00,No,3.0,1.0,-36.35273222,146.3273766,WANGARATTA
T20170010699,Dry,Clear,Struck Pedestrian,Thursday,Day,50,2017/06/01,07:58:00,No,4.0,2.0,-38.19678815,144.3525571,GREATER GEELONG
T20170010703,Dry,Clear,Collision with vehicle,Thursday,Day,60,2017/06/01,10:30:00,No,1.0,1.0,-38.17942647,144.3704702,GREATER GEELONG
T20170010704,Dry,Clear,Collision with a fixed object,Thursday,Day,80,2017/06/01,13:08:00,No,1.0,1.0,-37.09134336,143.4855298,PYRENEES
T20170010705,Dry,Not known,Collision with vehicle,Wednesday,Day,100,2017/05/24,10:00:00,No,2.0,1.0,-36.82651535,144.3027805,GREATER BENDIGO
T20170010706,Dry,Clear,Vehicle overturned (no collision),Friday,Day,60,2017/05/05,09:10:00,No,1.0,1.0,-36.11950902,143.7206987,LODDON
T20170010711,Dry,Clear,Collision with vehicle,Thursday,Day,50,2017/06/01,08:30:00,No,1.0,1.0,-36.75179824,144.2702952,GREATER BENDIGO
T20170010713,Dry,Clear,collision with some other object,Monday,Day,100,2017/05/08,14:20:00,No,1.0,1.0,-36.15444434,145.9672429,MOIRA
T20170010717,Dry,Not known,Collision with vehicle,Thursday,Day,40,2017/06/01,14:30:00,No,2.0,1.0,-38.11494804,144.6523704,GREATER GEELONG
T20170010729,Dry,Clear,Collision with vehicle,Thursday,Dark Street lights on,60,2017/06/01,17:35:00,No,8.0,1.0,-38.20742349,144.3301893,GREATER GEELONG
T20170010739,Dry,Clear,Collision with vehicle,Thursday,Dark No street lights,40,2017/06/01,21:25:00,Yes,2.0,1.0,-37.5677018,143.7916791,BALLARAT
T20170010740,Dry,Clear,Collision with a fixed object,Friday,Dark No street lights,110,2017/06/02,00:15:00,Yes,1.0,1.0,-36.16215219,146.6068235,INDIGO
T20170010752,Dry,Clear,Collision with vehicle,Friday,Dark No street lights,100,2017/06/02,05:45:00,Yes,2.0,1.0,-37.24422712,145.0447721,MITCHELL
T20170010755,Dry,Clear,Collision with vehicle,Friday,Day,60,2017/06/02,09:10:00,No,3.0,1.0,-37.59527363,143.8397092,BALLARAT
T20170010762,Dry,Clear,Collision with a fixed object,Saturday,Day,999,2017/05/06,12:00:00,No,1.0,1.0,-37.08992943,143.3509968,PYRENEES
T20170010765,Unknown,Not known,Collision with vehicle,Friday,Day,999,2017/02/10,15:00:00,No,2.0,1.0,-38.09614065,145.9047694,BAW BAW
T20170010772,Dry,Clear,Collision with vehicle,Sunday,Day,60,2016/08/21,10:25:00,No,2.0,1.0,-38.23915699,146.4039213,LATROBE
T20170010774,Wet,Raining,Vehicle overturned (no collision),Friday,Dark No street lights,999,2017/04/21,22:30:00,Yes,1.0,1.0,-35.82811292,145.4617337,MOIRA
T20170010776,Dry,Clear,Collision with vehicle,Friday,Day,60,2017/06/02,12:30:00,No,5.0,1.0,-37.5287592,143.8491724,BALLARAT
T20170010777,Dry,Clear,Collision with vehicle,Friday,Day,50,2017/06/02,12:55:00,No,3.0,2.0,-36.35926816,145.3982851,GREATER SHEPPARTON
T20170010779,Dry,Clear,Collision with vehicle,Monday,Day,60,2017/05/29,09:45:00,No,2.0,1.0,-38.04858088,144.1994991,GOLDEN PLAINS
T20170010781,Unknown,Not known,Collision with a fixed object,Saturday,Day,999,2017/03/18,15:05:00,No,1.0,1.0,-37.9654607,146.1348066,BAW BAW
T20170010783,Dry,Clear,Collision with vehicle,Thursday,Day,100,2017/06/01,11:00:00,No,3.0,2.0,-36.44171425,145.8120986,BENALLA
T20170010791,Dry,Clear,Collision with vehicle,Friday,Dark Street lights on,50,2017/04/28,22:25:00,Yes,5.0,1.0,-38.14729051,144.3607419,GREATER GEELONG
T20170010792,Dry,Clear,Collision with vehicle,Tuesday,Day,80,2017/05/30,11:50:00,No,2.0,1.0,-36.40021838,145.3192297,GREATER SHEPPARTON
T20170010796,Dry,Clear,Vehicle overturned (no collision),Friday,Dark No street lights,100,2017/06/02,17:11:00,Yes,1.0,1.0,-38.15968944,146.7312057,WELLINGTON
T20170010803,Wet,Raining,Vehicle overturned (no collision),Friday,Day,80,2017/06/02,15:15:00,No,1.0,1.0,-37.8484982,148.0441606,EAST GIPPSLAND
T20170010805,Dry,Clear,Collision with vehicle,Monday,Day,60,2017/05/29,12:20:00,No,2.0,1.0,-36.76321846,146.9821767,ALPINE
T20170010815,Dry,Clear,Collision with vehicle,Friday,Dark Street lights on,80,2017/06/02,20:50:00,Yes,4.0,2.0,-34.22233848,142.196595,MILDURA
T20170010828,Dry,Clear,Struck Pedestrian,Saturday,Day,50,2017/06/03,07:50:00,Yes,2.0,1.0,-38.44937,145.2435004,BASS COAST
T20170010834,Dry,Clear,Collision with vehicle,Saturday,Day,60,2017/06/03,09:35:00,No,3.0,1.0,-38.35967967,142.460387,WARRNAMBOOL
T20170010853,Dry,Clear,Vehicle overturned (no collision),Saturday,Day,80,2017/06/03,14:30:00,Yes,1.0,1.0,-38.22831967,141.6875842,GLENELG
T20170010860,Dry,Clear,Struck Pedestrian,Saturday,Day,60,2017/06/03,16:40:00,Yes,2.0,1.0,-36.77515936,144.3038086,GREATER BENDIGO
T20170010864,Dry,Clear,Collision with vehicle,Saturday,Day,60,2017/06/03,16:20:00,Yes,7.0,1.0,-38.09047733,144.3484653,GREATER GEELONG
T20170010866,Dry,Clear,Struck Pedestrian,Friday,Day,60,2017/06/02,16:45:00,Yes,2.0,1.0,-38.17032954,144.3477493,GREATER GEELONG
T20170010872,Dry,Clear,Collision with vehicle,Saturday,Day,60,2017/06/03,15:20:00,Yes,5.0,2.0,-38.13899003,144.3366902,GREATER GEELONG
T20170010875,Dry,Clear,Collision with vehicle,Saturday,Dark Street lights on,50,2017/06/03,18:55:00,Yes,2.0,1.0,-38.09243224,144.3646162,GREATER GEELONG
T20170010878,Dry,Clear,Collision with vehicle,Saturday,Day,60,2017/06/03,16:00:00,Yes,6.0,2.0,-37.52089428,143.8257443,BALLARAT
T20170010879,Dry,Clear,Collision with a fixed object,Saturday,Dark Street lights on,100,2017/06/03,01:50:00,Yes,1.0,1.0,-37.43089845,145.0203175,MITCHELL
T20170010893,Dry,Clear,Collision with vehicle,Sunday,Day,60,2017/06/04,12:30:00,No,7.0,1.0,-36.5572499,145.9624701,BENALLA
T20170010901,Dry,Clear,Collision with a fixed object,Sunday,Dark No street lights,100,2017/06/04,01:30:00,Yes,1.0,1.0,-38.42078391,146.1458981,SOUTH GIPPSLAND
T20170010910,Dry,Clear,Struck Pedestrian,Saturday,Day,60,2017/06/03,17:00:00,Yes,2.0,1.0,-36.74952108,144.2520258,GREATER BENDIGO
T20170010921,Dry,Clear,Collision with a fixed object,Sunday,Day,80,2017/06/04,11:50:00,No,2.0,2.0,-36.81699942,146.8540813,ALPINE
T20170010926,Dry,Clear,Collision with a fixed object,Sunday,Day,80,2017/06/04,14:50:00,No,1.0,1.0,-38.06599018,144.1798115,GOLDEN PLAINS
T20170010935,Dry,Clear,Struck Pedestrian,Sunday,Day,60,2017/06/04,16:20:00,Yes,2.0,1.0,-37.59874163,143.8411629,BALLARAT
T20170010938,Dry,Clear,Collision with a fixed object,Sunday,Dark Street lights on,60,2017/06/04,22:00:00,Yes,1.0,1.0,-38.08419947,144.3485456,GREATER GEELONG
T20170010941,Dry,Clear,Collision with vehicle,Sunday,Dark No street lights,100,2017/06/04,22:00:00,Yes,2.0,2.0,-37.60888598,143.7399885,GOLDEN PLAINS
T20170010949,Dry,Clear,Collision with vehicle,Sunday,Day,60,2017/06/04,12:05:00,No,3.0,1.0,-37.41617994,144.9791289,MITCHELL
T20170010955,Dry,Clear,Struck Pedestrian,Monday,Day,50,2017/06/05,08:35:00,No,4.0,2.0,-38.37281915,147.1939708,WELLINGTON
T20170010977,Dry,Clear,Struck animal,Friday,Dark No street lights,100,2017/06/02,23:45:00,Yes,2.0,1.0,-38.2705801,143.0733309,CORANGAMITE
T20170010992,Dry,Clear,Vehicle overturned (no collision),Friday,Dark No street lights,100,2017/05/05,17:45:00,Yes,1.0,1.0,-37.02687815,144.7718813,MITCHELL
T20170010994,Dry,Clear,Vehicle overturned (no collision),Monday,Day,100,2017/06/05,11:15:00,No,1.0,1.0,-36.84627653,144.7851337,GREATER BENDIGO
T20170010996,Dry,Clear,Collision with vehicle,Monday,Dark No street lights,100,2017/06/05,18:05:00,Yes,2.0,1.0,-36.19910079,145.0055607,CAMPASPE
T20170011016,Wet,Raining,Collision with vehicle,Monday,Dark No street lights,60,2017/06/05,22:00:00,Yes,6.0,1.0,-36.3702879,145.4030185,GREATER SHEPPARTON
T20170011023,Dry,Clear,Collision with a fixed object,Sunday,Dark No street lights,50,2017/05/28,20:05:00,Yes,1.0,1.0,-36.70942556,144.3325552,GREATER BENDIGO
T20170011024,Wet,Clear,Collision with vehicle,Tuesday,Day,70,2017/06/06,08:10:00,No,3.0,1.0,-38.17616083,144.3519144,GREATER GEELONG
T20170011027,Dry,Clear,Collision with vehicle,Tuesday,Day,100,2017/03/14,09:45:00,No,3.0,1.0,-38.02823831,144.1745545,GOLDEN PLAINS
T20170011035,Dry,Clear,No collision and no object struck,Sunday,Day,50,2017/06/04,15:00:00,No,1.0,1.0,-37.64821781,144.4387802,MOORABOOL
T20170011043,Unknown,Not known,Collision with a fixed object,Tuesday,Dusk/Dawn,110,2017/02/28,17:00:00,No,2.0,1.0,-36.83392018,145.3848101,STRATHBOGIE
T20170011045,Dry,Clear,Collision with a fixed object,Tuesday,Day,60,2017/06/06,11:30:00,No,1.0,1.0,-38.17075069,144.377078,GREATER GEELONG
T20170011058,Dry,Clear,No collision and no object struck,Saturday,Day,999,2017/06/03,14:30:00,No,1.0,1.0,-36.34756851,145.6239997,GREATER SHEPPARTON
T20170011063,Dry,Clear,Collision with vehicle,Tuesday,Day,60,2017/06/06,13:35:00,No,2.0,1.0,-37.54541842,143.8727515,BALLARAT
T20170011064,Dry,Clear,No collision and no object struck,Friday,Dusk/Dawn,100,2017/03/10,19:30:00,Yes,3.0,1.0,-36.42585867,144.655657,GREATER BENDIGO
T20170011066,Dry,Not known,Struck Pedestrian,Saturday,Day,50,2017/05/27,15:00:00,Yes,2.0,1.0,-38.03851996,146.3716107,BAW BAW
T20170011075,Dry,Clear,Collision with vehicle,Tuesday,Dusk/Dawn,50,2017/06/06,17:25:00,No,2.0,1.0,-37.41012332,144.9825947,MITCHELL
T20170011076,Dry,Clear,Collision with vehicle,Tuesday,Day,60,2017/06/06,16:15:00,No,2.0,1.0,-37.41965515,144.9788829,MITCHELL
T20170011085,Dry,Clear,Collision with vehicle,Tuesday,Dark No street lights,100,2017/06/06,17:50:00,No,2.0,1.0,-38.02633176,143.6560497,GOLDEN PLAINS
T20170011092,Dry,Clear,Collision with vehicle,Tuesday,Dark Street lights on,100,2017/06/06,18:47:00,Yes,2.0,2.0,-36.81262595,144.292655,GREATER BENDIGO