Accident_No,Surface_Cond_Desc,Atmosph_Cond_Desc,Accident_Type_Desc,Day,Light_Condition_Desc,Speed_Zone,Accident_Date,Accident_Time,Alcohol_Influence,Total_Persons_Inv,Inj_Or_Fatal,Lat,Long,LGA
T20170011113,Dry,Clear,Collision with vehicle,Tuesday,Day,50,2017/06/06,11:00:00,No,2.0,1.0,-36.13892295,144.7507884,CAMPASPE
T20170011114,Wet,Not known,Vehicle overturned (no collision),Sunday,Day,999,2017/06/04,13:00:00,No,1.0,1.0,-37.47444462,145.4915007,MURRINDINDI
T20170011122,Dry,Clear,Collision with vehicle,Wednesday,Day,40,2017/06/07,08:22:00,No,6.0,1.0,-34.19802392,142.146737,MILDURA
T20170011142,Dry,Clear,Collision with vehicle,Saturday,Dusk/Dawn,100,2017/05/27,17:40:00,Yes,2.0,1.0,-38.3049906,146.3935074,LATROBE
T20170011145,Dry,Clear,Collision with vehicle,Wednesday,Day,70,2017/06/07,13:20:00,No,5.0,5.0,-38.19792686,144.3625768,GREATER GEELONG
T20170011151,Dry,Clear,Collision with vehicle,Wednesday,Day,60,2017/06/07,14:45:00,No,3.0,2.0,-38.10128949,144.3452257,GREATER GEELONG
T20170011159,Dry,Clear,Collision with a fixed object,Wednesday,Day,100,2017/06/07,12:50:00,No,2.0,2.0,-37.12395301,141.4288091,WEST WIMMERA
T20170011165,Dry,Clear,Struck Pedestrian,Wednesday,Day,60,2017/06/07,10:55:00,No,2.0,1.0,-36.71865249,144.2536985,GREATER BENDIGO
T20170011171,Dry,Clear,Collision with vehicle,Wednesday,Dark Street lights on,50,2017/06/07,19:00:00,Yes,2.0,1.0,-38.38752843,142.486975,WARRNAMBOOL
T20170011177,Dry,Clear,Collision with a fixed object,Wednesday,Day,70,2017/06/07,15:41:00,No,1.0,1.0,-38.2217247,146.4160983,LATROBE
T20170011178,Dry,Clear,Collision with a fixed object,Wednesday,Day,50,2017/06/07,15:45:00,No,3.0,2.0,-38.33650353,141.5800298,GLENELG
T20170011186,Dry,Clear,Collision with a fixed object,Wednesday,Dark Street lights on,50,2017/06/07,19:03:00,Yes,2.0,1.0,-38.14844877,144.327421,GREATER GEELONG
T20170011189,Dry,Clear,Collision with vehicle,Wednesday,Day,70,2017/06/07,15:40:00,No,2.0,1.0,-38.17406534,144.3525317,GREATER GEELONG
T20170011204,Dry,Clear,Collision with vehicle,Thursday,Dark Street lights on,70,2017/06/08,06:30:00,No,2.0,1.0,-38.2022886,144.3062974,GREATER GEELONG
T20170011209,Wet,Clear,Struck animal,Thursday,Dusk/Dawn,100,2017/06/08,07:00:00,No,2.0,1.0,-37.33713706,143.8355833,HEPBURN
T20170011219,Dry,Clear,Collision with vehicle,Thursday,Day,60,2017/04/20,06:40:00,No,2.0,1.0,-36.40893846,145.3933059,GREATER SHEPPARTON
T20170011223,Dry,Clear,Collision with vehicle,Friday,Dark Street lights on,60,2017/04/21,19:10:00,Yes,2.0,1.0,-36.71774163,142.1899499,HORSHAM
T20170011224,Dry,Clear,Collision with vehicle,Thursday,Day,60,2017/06/08,12:00:00,No,2.0,1.0,-36.05958096,145.2040828,MOIRA
T20170011227,Dry,Clear,Collision with vehicle,Thursday,Day,60,2017/06/08,14:00:00,No,2.0,1.0,-38.34206664,141.601277,GLENELG
T20170011235,Wet,Raining,Collision with a fixed object,Thursday,Day,80,2017/06/08,15:20:00,No,1.0,1.0,-37.83550323,143.7848391,GOLDEN PLAINS
T20170011240,Dry,Clear,Collision with a fixed object,Thursday,Day,110,2017/06/08,15:10:00,No,1.0,1.0,-36.60610832,145.8137991,STRATHBOGIE
T20170011246,Wet,Clear,Collision with vehicle,Thursday,Day,60,2017/06/08,17:00:00,No,3.0,1.0,-38.09259752,144.3659835,GREATER GEELONG
T20170011253,Wet,Raining,Collision with vehicle,Thursday,Dark No street lights,60,2017/06/08,18:00:00,Yes,6.0,1.0,-37.5068653,143.8054574,BALLARAT
T20170011256,Wet,Raining,Collision with vehicle,Monday,Day,50,2017/04/10,07:19:00,Yes,2.0,1.0,-37.82785912,147.6217321,EAST GIPPSLAND
T20170011265,Wet,Raining,Collision with a fixed object,Friday,Dark No street lights,100,2017/06/09,03:05:00,Yes,1.0,1.0,-37.19448269,144.9048962,MITCHELL
T20170011282,Dry,Clear,Collision with vehicle,Friday,Day,50,2017/06/09,09:40:00,No,2.0,1.0,-38.34044457,143.5813164,COLAC OTWAY
T20170011296,Dry,Clear,Collision with vehicle,Friday,Day,60,2017/06/09,13:10:00,No,2.0,2.0,-38.38053793,142.4859302,WARRNAMBOOL
T20170011302,Dry,Clear,Collision with vehicle,Friday,Day,50,2017/06/09,09:58:00,No,2.0,1.0,-37.56036571,143.8429334,BALLARAT
T20170011309,Wet,Raining,No collision and no object struck,Friday,Day,80,2017/06/09,11:55:00,No,4.0,1.0,-38.74607037,143.2642803,COLAC OTWAY
T20170011310,Dry,Clear,Collision with vehicle,Friday,Day,60,2017/06/09,15:00:00,No,3.0,3.0,-36.72039458,144.2523105,GREATER BENDIGO
T20170011314,Dry,Clear,Collision with a fixed object,Thursday,Dusk/Dawn,100,2017/06/08,16:30:00,No,1.0,1.0,-37.26489689,148.2507898,EAST GIPPSLAND
T20170011317,Dry,Clear,Collision with vehicle,Friday,Day,40,2017/06/09,15:40:00,No,2.0,1.0,-36.75488249,144.2851229,GREATER BENDIGO
T20170011320,Dry,Clear,Collision with vehicle,Friday,Day,100,2017/06/09,16:30:00,No,2.0,1.0,-36.34281003,146.6902501,INDIGO
T20170011336,Wet,Raining,Collision with vehicle,Friday,Dark Street lights on,60,2017/06/09,19:02:00,Yes,4.0,2.0,-38.16874018,144.3505325,GREATER GEELONG
T20170011343,Dry,Clear,Collision with a fixed object,Friday,Dark No street lights,100,2017/06/09,18:30:00,Yes,1.0,1.0,-36.8214648,144.2016688,GREATER BENDIGO
T20170011345,Dry,Fog,Collision with vehicle,Friday,Dark Street lights on,60,2017/06/09,21:40:00,Yes,4.0,2.0,-38.09566146,144.3319076,GREATER GEELONG
T20170011348,Dry,Clear,Collision with a fixed object,Friday,Dark No street lights,100,2017/06/09,19:15:00,Yes,1.0,1.0,-38.50589244,142.8066695,MOYNE
T20170011369,Wet,Fog,Collision with a fixed object,Saturday,Day,100,2017/06/10,09:40:00,No,3.0,2.0,-37.35671124,142.5089442,ARARAT
T20170011370,Dry,Clear,Struck animal,Friday,Dark No street lights,100,2017/06/09,19:20:00,Yes,3.0,1.0,-37.75289507,148.3350202,EAST GIPPSLAND
T20170011371,Dry,Clear,Collision with vehicle,Saturday,Day,60,2017/06/10,12:00:00,No,2.0,2.0,-38.07415744,144.3586475,GREATER GEELONG
T20170011377,Dry,Clear,Struck Pedestrian,Saturday,Day,50,2017/06/10,13:40:00,No,4.0,2.0,-37.05120026,146.085272,MANSFIELD
T20170011383,Dry,Clear,Struck Pedestrian,Saturday,Day,60,2017/06/10,13:15:00,No,2.0,1.0,-38.11041734,144.3400905,GREATER GEELONG
T20170011386,Dry,Clear,Collision with a fixed object,Saturday,Day,100,2017/06/10,15:30:00,Yes,2.0,2.0,-37.86226869,146.7910255,WELLINGTON
T20170011388,Dry,Clear,Collision with a fixed object,Saturday,Day,999,2017/06/10,16:30:00,Yes,3.0,1.0,-38.61037707,146.5502521,WELLINGTON
T20170011396,Dry,Clear,Collision with vehicle,Saturday,Dark Street lights on,80,2017/06/10,19:15:00,Yes,3.0,1.0,-38.52107656,145.3340466,BASS COAST
T20170011408,Dry,Fog,No collision and no object struck,Sunday,Dark No street lights,100,2017/06/11,03:15:00,Yes,1.0,1.0,-36.54034062,144.6367257,CAMPASPE
T20170011411,Dry,Clear,Collision with a fixed object,Friday,Day,100,2017/06/09,11:40:00,No,1.0,1.0,-37.09522394,144.1213605,MOUNT ALEXANDER
T20170011414,Dry,Clear,Collision with a fixed object,Saturday,Day,100,2017/06/10,16:20:00,Yes,1.0,1.0,-37.79931109,148.4888596,EAST GIPPSLAND
T20170011415,Dry,Clear,Collision with vehicle,Sunday,Day,50,2017/06/11,07:59:00,Yes,2.0,2.0,-36.3790652,145.3997288,GREATER SHEPPARTON
T20170011421,Wet,Clear,Collision with a fixed object,Saturday,Day,80,2017/06/10,14:00:00,Yes,1.0,1.0,-37.58854032,146.1735124,BAW BAW
T20170011424,Dry,Clear,Collision with vehicle,Saturday,Day,100,2017/06/10,10:20:00,No,2.0,1.0,-36.72794517,143.628574,LODDON
T20170011427,Dry,Clear,Collision with a fixed object,Sunday,Day,80,2017/06/11,08:50:00,Yes,1.0,1.0,-36.36944298,146.2929198,WANGARATTA
T20170011429,Dry,Clear,Collision with a fixed object,Sunday,Day,999,2017/06/11,13:00:00,No,1.0,1.0,-38.21171385,146.1897176,BAW BAW
T20170011439,Icy,Clear,Collision with a fixed object,Sunday,Dark No street lights,100,2017/06/11,00:30:00,Yes,1.0,1.0,-36.96236189,144.3517918,MOUNT ALEXANDER
T20170011444,Dry,Clear,Collision with vehicle,Sunday,Dark Street lights on,50,2017/06/11,18:30:00,Yes,2.0,1.0,-38.18215352,144.3357137,GREATER GEELONG
T20170011448,Dry,Clear,Vehicle overturned (no collision),Sunday,Dark No street lights,100,2017/06/11,20:20:00,Yes,1.0,1.0,-35.78438759,143.9398637,GANNAWARRA
T20170011468,Dry,Fog,Collision with a fixed object,Sunday,Dark No street lights,100,2017/06/11,06:00:00,Yes,1.0,1.0,-36.67604872,143.2895639,NORTHERN GRAMPIANS
T20170011474,Wet,Clear,Collision with vehicle,Sunday,Day,999,2017/06/11,17:00:00,No,2.0,1.0,-38.64285172,143.6406489,COLAC OTWAY
T20170011477,Wet,Clear,Collision with a fixed object,Sunday,Day,100,2017/06/11,13:45:00,No,1.0,1.0,-37.52044524,146.0129096,MURRINDINDI
T20170011478,Wet,Fog,Collision with vehicle,Monday,Day,80,2017/06/12,09:50:00,No,4.0,2.0,-37.17083539,143.6981336,CENTRAL GOLDFIELDS
T20170011479,Dry,Clear,Collision with vehicle,Sunday,Dark Street lights on,60,2017/06/11,18:45:00,Yes,1.0,1.0,-38.17409932,144.3180956,GREATER GEELONG
T20170011482,Dry,Clear,No collision and no object struck,Monday,Day,80,2017/06/12,11:04:00,No,1.0,1.0,-38.14141833,144.4271717,GREATER GEELONG
T20170011487,Wet,Clear,Collision with vehicle,Monday,Day,100,2017/06/12,11:05:00,No,2.0,1.0,-38.13779428,141.7642798,GLENELG
T20170011496,Dry,Clear,Collision with vehicle,Monday,Day,90,2017/06/12,10:30:00,No,6.0,2.0,-37.44168869,144.5667425,MACEDON RANGES
T20170011498,Dry,Clear,Collision with a fixed object,Monday,Day,100,2017/06/12,13:50:00,No,1.0,1.0,-37.54492239,149.6985678,EAST GIPPSLAND
T20170011499,Wet,Clear,Vehicle overturned (no collision),Sunday,Day,100,2017/06/11,14:10:00,No,1.0,1.0,-37.94790907,146.4551981,BAW BAW
T20170011500,Dry,Clear,Collision with vehicle,Monday,Day,50,2017/06/12,15:00:00,No,3.0,1.0,-36.38400497,145.4126655,GREATER SHEPPARTON
T20170011503,Wet,Raining,Collision with vehicle,Monday,Day,60,2017/06/12,15:20:00,No,3.0,1.0,-38.479783,145.9490279,SOUTH GIPPSLAND
T20170011505,Dry,Clear,Collision with vehicle,Monday,Day,110,2017/06/12,13:40:00,No,12.0,5.0,-37.49921051,144.9560907,MITCHELL
T20170011509,Dry,Clear,Vehicle overturned (no collision),Monday,Day,100,2017/06/12,14:55:00,No,2.0,2.0,-36.22423084,147.1134801,TOWONG
T20170011510,Wet,Raining,Collision with a fixed object,Monday,Day,80,2017/06/12,17:00:00,No,2.0,2.0,-37.41589087,143.9049308,HEPBURN
T20170011511,Dry,Fog,Vehicle overturned (no collision),Sunday,Dark No street lights,100,2017/06/11,21:00:00,Yes,1.0,1.0,-36.74234015,144.115801,GREATER BENDIGO
T20170011513,Dry,Clear,Collision with vehicle,Monday,Day,80,2017/06/12,16:50:00,No,2.0,1.0,-36.70275616,144.2971357,GREATER BENDIGO
T20170011519,Dry,Clear,Collision with vehicle,Saturday,Day,60,2017/06/10,13:40:00,No,2.0,1.0,-37.34824221,144.5353041,MACEDON RANGES
T20170011536,Dry,Clear,No collision and no object struck,Wednesday,Day,50,2017/06/07,09:15:00,No,1.0,1.0,-37.0588379,146.0915012,MANSFIELD
T20170011544,Dry,Clear,Collision with vehicle,Tuesday,Day,60,2017/06/13,09:15:00,No,2.0,1.0,-36.12783396,144.7537883,CAMPASPE
T20170011548,Wet,Fog,Collision with a fixed object,Tuesday,Day,100,2017/06/13,08:10:00,No,1.0,1.0,-37.14354243,145.6306995,MURRINDINDI
T20170011554,Dry,Clear,Struck Pedestrian,Thursday,Day,60,2017/05/04,15:20:00,No,2.0,1.0,-36.11685836,143.7256911,LODDON
T20170011562,Dry,Clear,Collision with vehicle,Tuesday,Day,50,2017/06/13,15:00:00,No,2.0,1.0,-38.13585717,144.3492348,GREATER GEELONG
T20170011564,Dry,Clear,No collision and no object struck,Tuesday,Day,999,2017/06/13,15:30:00,No,1.0,1.0,-37.59583309,146.6903889,WELLINGTON
T20170011574,Dry,Clear,Struck Pedestrian,Tuesday,Day,60,2017/06/13,17:00:00,No,2.0,1.0,-37.43047165,144.5607323,MACEDON RANGES
T20170011575,Dry,Clear,Collision with a fixed object,Monday,Dark No street lights,60,2017/06/12,02:45:00,Yes,1.0,1.0,-37.84030879,144.0708102,GOLDEN PLAINS
T20170011581,Dry,Clear,Collision with vehicle,Tuesday,Dark Street lights on,70,2017/06/13,18:57:00,Yes,3.0,1.0,-36.81019254,144.2403659,GREATER BENDIGO
T20170011596,Wet,Fog,Struck animal,Tuesday,Dark No street lights,100,2017/06/13,22:30:00,Yes,1.0,1.0,-37.88695997,145.998574,BAW BAW
T20170011608,Dry,Clear,Collision with vehicle,Wednesday,Day,60,2017/06/14,09:00:00,No,2.0,1.0,-35.33923646,143.5552723,SWAN HILL
T20170011617,Dry,Clear,Collision with vehicle,Wednesday,Day,60,2017/06/14,08:50:00,No,2.0,1.0,-38.09003701,144.3474257,GREATER GEELONG
T20170011619,Muddy,Dust,Vehicle overturned (no collision),Monday,Day,100,2017/06/12,13:00:00,No,1.0,1.0,-37.44762934,145.4736206,MURRINDINDI
T20170011626,Dry,Clear,Vehicle overturned (no collision),Monday,Day,999,2017/06/12,12:30:00,No,1.0,1.0,-34.54378488,141.7975894,MILDURA
T20170011627,Dry,Clear,Collision with a fixed object,Wednesday,Day,60,2017/06/14,11:30:00,No,1.0,1.0,-38.18006047,146.2718772,LATROBE
T20170011632,Wet,Fog,Collision with a fixed object,Wednesday,Day,100,2017/06/14,07:20:00,No,1.0,1.0,-36.13259108,143.7744998,LODDON
T20170011640,Dry,Clear,Collision with vehicle,Wednesday,Day,100,2017/06/14,10:30:00,No,4.0,3.0,-36.32548932,145.3011138,GREATER SHEPPARTON
T20170011643,Dry,Clear,Collision with a fixed object,Wednesday,Day,100,2017/06/14,14:45:00,No,1.0,1.0,-37.16828207,146.0728978,MANSFIELD
T20170011655,Wet,Clear,Collision with a fixed object,Monday,Day,999,2017/06/12,14:30:00,No,2.0,1.0,-37.47817956,145.5315176,MURRINDINDI
T20170011664,Dry,Clear,Collision with a fixed object,Wednesday,Dark Street lights on,50,2017/06/14,18:00:00,Yes,3.0,1.0,-37.55310035,143.9000761,BALLARAT
T20170011667,Dry,Clear,Collision with vehicle,Wednesday,Day,100,2017/06/14,14:40:00,No,2.0,2.0,-37.98605199,144.4589926,GREATER GEELONG
T20170011678,Dry,Clear,Collision with a fixed object,Wednesday,Day,100,2017/06/14,12:30:00,No,1.0,1.0,-36.42401872,146.5072106,WANGARATTA
T20170011684,Dry,Clear,Collision with a fixed object,Wednesday,Dusk/Dawn,100,2017/06/14,17:00:00,No,1.0,1.0,-37.19678921,143.9383783,HEPBURN
T20170011690,Dry,Clear,No collision and no object struck,Thursday,Day,100,2017/06/15,10:30:00,No,1.0,1.0,-35.85834989,145.2893399,MOIRA
T20170011692,Dry,Clear,Collision with vehicle,Thursday,Day,50,2017/06/15,09:00:00,No,4.0,1.0,-38.10502745,147.0722179,WELLINGTON
T20170011700,Dry,Clear,Collision with vehicle,Wednesday,Dark Street lights on,60,2017/06/14,18:13:00,Yes,2.0,1.0,-37.73228502,142.0279583,SOUTHERN GRAMPIANS
T20170011714,Dry,Clear,Collision with vehicle,Thursday,Day,60,2017/06/15,13:45:00,No,1.0,1.0,-38.15728154,144.3880391,GREATER GEELONG
T20170011718,Dry,Clear,Struck Pedestrian,Thursday,Day,40,2017/06/15,15:40:00,No,2.0,1.0,-37.33706038,144.1508641,HEPBURN
T20170011727,Unknown,Not known,Collision with vehicle,Thursday,Unknown,60,2017/06/15,17:45:00,No,2.0,1.0,-38.14951955,144.3523791,GREATER GEELONG
T20170011730,Dry,Clear,Collision with vehicle,Thursday,Day,100,2017/06/15,16:00:00,No,4.0,1.0,-37.01485158,145.1395399,MITCHELL
T20170011732,Dry,Clear,Collision with vehicle,Thursday,Dusk/Dawn,100,2017/06/15,17:20:00,No,5.0,1.0,-34.26062677,142.1803105,MILDURA
T20170011740,Dry,Clear,Collision with vehicle,Thursday,Day,50,2017/06/15,17:00:00,No,2.0,1.0,-38.16556789,145.9373034,BAW BAW
T20170011743,Dry,Clear,Collision with a fixed object,Thursday,Dark Street lights on,60,2017/06/15,18:05:00,Yes,1.0,1.0,-38.46831108,145.9505688,SOUTH GIPPSLAND
T20170011752,Dry,Clear,Struck animal,Thursday,Dark No street lights,100,2017/06/15,19:20:00,Yes,1.0,1.0,-36.81092711,144.1695521,GREATER BENDIGO
T20170011755,Dry,Clear,Collision with a fixed object,Friday,Dark No street lights,80,2017/06/16,01:50:00,Yes,1.0,1.0,-38.27878886,142.6232896,MOYNE
T20170011762,Dry,Clear,Vehicle overturned (no collision),Sunday,Dark Street lights off,50,2017/05/28,23:50:00,Yes,1.0,1.0,-38.10838953,144.3378461,GREATER GEELONG
T20170011765,Dry,Clear,collision with some other object,Tuesday,Unknown,999,2017/06/06,15:00:00,No,1.0,1.0,-37.95138996,146.4474392,BAW BAW
T20170011770,Dry,Clear,Collision with vehicle,Friday,Day,60,2017/06/16,11:46:00,No,2.0,2.0,-37.561547,143.8729426,BALLARAT
T20170011786,Dry,Clear,Collision with vehicle,Thursday,Day,60,2017/06/08,09:30:00,No,2.0,1.0,-38.21800153,144.2874973,GREATER GEELONG
T20170011790,Dry,Not known,Collision with a fixed object,Sunday,Day,999,2017/06/11,14:00:00,No,1.0,1.0,-37.27123221,145.9261375,MURRINDINDI
T20170011797,Dry,Clear,Struck Pedestrian,Wednesday,Day,60,2017/06/14,15:20:00,No,2.0,1.0,-37.52658074,143.8246485,BALLARAT
T20170011803,Dry,Clear,Collision with vehicle,Tuesday,Day,100,2017/06/13,12:23:00,No,3.0,2.0,-37.44932055,144.9810975,MITCHELL
T20170011815,Dry,Clear,Collision with vehicle,Thursday,Day,70,2017/06/15,09:49:00,No,3.0,2.0,-38.06452271,144.3807268,GREATER GEELONG
T20170011821,Dry,Clear,Collision with vehicle,Friday,Dark Street lights on,60,2017/06/16,18:50:00,Yes,1.0,1.0,-38.15213309,144.3300794,GREATER GEELONG
T20170011828,Wet,Clear,Collision with a fixed object,Friday,Dark Street lights on,60,2017/06/16,22:10:00,Yes,1.0,1.0,-38.23179021,146.4142495,LATROBE
T20170011829,Dry,Clear,Collision with vehicle,Friday,Dark Street lights on,50,2017/06/16,20:20:00,Yes,3.0,2.0,-36.72551365,144.272124,GREATER BENDIGO
T20170011830,Dry,Clear,Collision with a fixed object,Friday,Day,100,2017/06/16,15:30:00,No,1.0,1.0,-36.33927033,143.9756569,LODDON
T20170011832,Dry,Clear,Collision with vehicle,Friday,Dark Street lights on,60,2017/06/16,18:25:00,Yes,6.0,1.0,-37.54003907,143.8220567,BALLARAT
T20170011839,Dry,Clear,Collision with vehicle,Monday,Day,60,2017/05/29,15:00:00,No,2.0,1.0,-36.11030858,146.8935807,WODONGA
T20170011841,Dry,Clear,Collision with vehicle,Thursday,Dark Street lights on,50,2017/06/15,23:15:00,Yes,1.0,1.0,-36.36296001,145.3982969,GREATER SHEPPARTON
T20170011873,Dry,Clear,Collision with vehicle,Saturday,Day,60,2017/06/17,13:22:00,No,2.0,2.0,-37.96411091,147.0830923,WELLINGTON
T20170011874,Dry,Clear,Vehicle overturned (no collision),Friday,Day,100,2017/06/16,13:30:00,No,1.0,1.0,-36.41171085,146.6118204,WANGARATTA
T20170011875,Dry,Clear,Collision with vehicle,Saturday,Day,60,2017/06/17,14:00:00,No,4.0,2.0,-37.54413485,143.7868866,BALLARAT
T20170011889,Dry,Clear,Collision with vehicle,Saturday,Dusk/Dawn,50,2017/06/17,17:00:00,Yes,4.0,2.0,-38.37730033,142.4695615,WARRNAMBOOL
T20170011900,Dry,Clear,Collision with vehicle,Saturday,Day,60,2017/06/17,16:25:00,Yes,3.0,1.0,-37.82842238,147.6191959,EAST GIPPSLAND
T20170011907,Dry,Fog,Collision with a fixed object,Saturday,Dark Street lights on,80,2017/06/17,19:45:00,Yes,1.0,1.0,-34.19570554,142.0585923,MILDURA
T20170011909,Dry,Fog,collision with some other object,Saturday,Dark No street lights,100,2017/06/17,19:38:00,Yes,5.0,1.0,-37.2746018,144.9542388,MITCHELL
T20170011911,Dry,Fog,Struck animal,Saturday,Dark No street lights,110,2017/06/17,19:40:00,Yes,1.0,1.0,-36.8112801,145.1741102,STRATHBOGIE
T20170011912,Dry,Clear,Vehicle overturned (no collision),Saturday,Dark No street lights,80,2017/06/17,19:55:00,Yes,1.0,1.0,-36.01025885,146.0312727,MOIRA
T20170011917,Dry,Clear,Collision with a fixed object,Sunday,Dark No street lights,100,2017/06/18,03:15:00,Yes,1.0,1.0,-38.07879007,147.0879205,WELLINGTON
T20170011918,Wet,Fog,Collision with a fixed object,Sunday,Dark No street lights,100,2017/06/18,04:20:00,Yes,1.0,1.0,-38.30159949,143.7718801,COLAC OTWAY
T20170011931,Dry,Clear,Collision with vehicle,Sunday,Day,100,2017/06/18,10:55:00,No,2.0,1.0,-35.92836165,145.25907,MOIRA
T20170011935,Dry,Fog,Collision with vehicle,Thursday,Dark No street lights,100,2017/06/15,18:55:00,Yes,5.0,1.0,-36.28728947,143.9714729,LODDON
T20170011937,Dry,Clear,Collision with a fixed object,Sunday,Day,100,2017/06/18,10:30:00,No,3.0,3.0,-38.40653308,144.0530667,SURF COAST
T20170011941,Dry,Clear,No collision and no object struck,Sunday,Day,100,2017/06/18,11:30:00,No,1.0,1.0,-38.33309299,144.0559528,SURF COAST
T20170011945,Dry,Clear,Collision with a fixed object,Saturday,Day,100,2017/06/17,16:04:00,Yes,2.0,2.0,-37.16325786,144.9959737,MITCHELL
T20170011946,Dry,Clear,Collision with vehicle,Sunday,Day,80,2017/06/18,15:55:00,No,3.0,1.0,-37.68141338,144.5063927,MOORABOOL
T20170011955,Dry,Clear,Collision with vehicle,Sunday,Dark No street lights,100,2017/06/18,18:05:00,Yes,6.0,4.0,-36.35535562,144.9813394,CAMPASPE
T20170011957,Dry,Clear,Struck Pedestrian,Sunday,Dark No street lights,80,2017/06/18,17:30:00,Yes,8.0,1.0,-38.10110137,146.9540602,WELLINGTON
T20170011973,Dry,Clear,Collision with vehicle,Monday,Day,60,2017/06/19,09:00:00,Yes,2.0,1.0,-36.37405474,145.4007712,GREATER SHEPPARTON
T20170011976,Dry,Clear,Collision with vehicle,Monday,Day,60,2017/06/19,08:17:00,No,3.0,1.0,-36.72610238,142.2068413,HORSHAM
T20170011979,Dry,Clear,Collision with vehicle,Friday,Dark Street lights on,60,2017/06/16,18:30:00,Yes,2.0,1.0,-38.11081693,144.3433954,GREATER GEELONG
T20170011989,Dry,Clear,Collision with vehicle,Monday,Day,50,2017/06/19,11:35:00,No,2.0,1.0,-38.23860458,142.9163156,CORANGAMITE
T20170011991,Wet,Fog,Collision with a fixed object,Monday,Day,100,2017/06/19,07:30:00,No,1.0,1.0,-38.03141733,146.9174922,WELLINGTON
T20170011995,Dry,Clear,Collision with a fixed object,Sunday,Day,100,2017/06/18,13:30:00,No,1.0,1.0,-36.50870611,144.7362449,CAMPASPE
T20170011997,Dry,Fog,Collision with vehicle,Monday,Day,110,2017/06/19,08:40:00,Yes,3.0,1.0,-38.17110115,145.9236712,BAW BAW
T20170012003,Dry,Clear,Collision with vehicle,Monday,Day,60,2017/06/19,13:22:00,No,3.0,1.0,-36.40503269,145.4113378,GREATER SHEPPARTON
T20170012006,Dry,Clear,No collision and no object struck,Saturday,Day,999,2017/04/15,14:30:00,No,1.0,1.0,-37.47481036,145.3413111,MURRINDINDI
T20170012008,Dry,Clear,Collision with a fixed object,Monday,Dusk/Dawn,100,2017/06/19,16:45:00,No,1.0,1.0,-38.40132026,145.9191802,SOUTH GIPPSLAND
T20170012011,Dry,Clear,Collision with vehicle,Monday,Dark No street lights,60,2017/06/19,19:16:00,Yes,8.0,2.0,-34.239605,142.1756834,MILDURA
T20170012030,Dry,Clear,Collision with a fixed object,Tuesday,Dark Street lights on,60,2017/06/20,01:50:00,Yes,1.0,1.0,-38.10982858,144.3352003,GREATER GEELONG
T20170012034,Unknown,Not known,Collision with a fixed object,Saturday,Day,999,2017/06/10,14:00:00,No,1.0,1.0,-38.57974637,145.6318095,BASS COAST
T20170012038,Dry,Fog,Collision with vehicle,Tuesday,Day,60,2017/06/20,08:10:00,No,2.0,1.0,-34.19074568,142.1658791,MILDURA
T20170012040,Dry,Clear,Struck Pedestrian,Tuesday,Day,50,2017/06/20,08:20:00,No,1.0,1.0,-38.37142003,142.4689203,WARRNAMBOOL
T20170012044,Dry,Clear,Collision with vehicle,Tuesday,Day,50,2017/06/20,09:08:00,No,2.0,1.0,-38.15919298,144.3863077,GREATER GEELONG
T20170012046,Dry,Fog,Collision with a fixed object,Tuesday,Dusk/Dawn,100,2017/06/20,07:00:00,No,1.0,1.0,-37.87267948,147.1940961,WELLINGTON
T20170012056,Dry,Clear,Collision with a fixed object,Saturday,Dusk/Dawn,999,2017/06/10,17:00:00,Yes,1.0,1.0,-36.90189495,144.4899921,GREATER BENDIGO
T20170012058,Dry,Clear,collision with some other object,Sunday,Day,999,2017/06/18,15:00:00,No,1.0,1.0,-38.45082068,143.6308551,COLAC OTWAY
T20170012065,Dry,Fog,Collision with a fixed object,Tuesday,Day,100,2017/06/20,07:30:00,No,1.0,1.0,-36.51870984,146.6023602,WANGARATTA
T20170012076,Dry,Clear,No collision and no object struck,Saturday,Day,80,2017/06/17,14:30:00,No,2.0,1.0,-38.30845988,144.2651698,SURF COAST
T20170012078,Dry,Clear,Collision with vehicle,Tuesday,Day,60,2017/06/20,15:00:00,No,4.0,3.0,-36.75548978,144.284313,GREATER BENDIGO
T20170012090,Dry,Clear,Collision with vehicle,Tuesday,Dark Street lights on,60,2017/06/20,18:30:00,Yes,3.0,1.0,-38.15910577,145.9399789,BAW BAW
T20170012094,Dry,Clear,Collision with vehicle,Tuesday,Dark Street lights on,60,2017/06/20,18:10:00,Yes,1.0,1.0,-36.72921004,144.2621899,GREATER BENDIGO
T20170012096,Dry,Clear,Collision with vehicle,Tuesday,Day,60,2017/06/20,17:00:00,No,2.0,2.0,-38.02705016,144.3956214,GREATER GEELONG
T20170012107,Dry,Clear,Collision with vehicle,Tuesday,Day,100,2017/06/20,15:35:00,No,15.0,14.0,-36.42551418,145.3134986,GREATER SHEPPARTON
T20170012112,Dry,Clear,Collision with vehicle,Tuesday,Dark No street lights,100,2017/06/20,20:45:00,Yes,2.0,2.0,-36.65253966,144.2063508,GREATER BENDIGO
T20170012138,Wet,Raining,Collision with a fixed object,Wednesday,Dark No street lights,100,2017/06/21,01:15:00,Yes,1.0,1.0,-38.47415912,142.9500736,CORANGAMITE