Accident_No,Surface_Cond_Desc,Atmosph_Cond_Desc,Accident_Type_Desc,Day,Light_Condition_Desc,Speed_Zone,Accident_Date,Accident_Time,Alcohol_Influence,Total_Persons_Inv,Inj_Or_Fatal,Lat,Long,LGA
T20170012144,Dry,Clear,Collision with vehicle,Wednesday,Day,60,2017/06/21,12:55:00,No,3.0,2.0,-37.56054224,143.8444444,BALLARAT
T20170012149,Dry,Clear,Collision with a fixed object,Tuesday,Dark No street lights,80,2017/06/20,23:25:00,Yes,1.0,1.0,-38.24957249,144.3413596,SURF COAST
T20170012150,Dry,Clear,Struck Pedestrian,Wednesday,Day,50,2017/06/21,11:25:00,No,2.0,1.0,-36.38401999,145.4202373,GREATER SHEPPARTON
T20170012151,Wet,Clear,Vehicle overturned (no collision),Thursday,Day,100,2017/06/01,16:20:00,No,1.0,1.0,-35.31773798,140.9968171,MILDURA
T20170012159,Wet,Raining,Struck Pedestrian,Tuesday,Day,50,2017/06/13,14:40:00,No,2.0,1.0,-37.27827473,142.9189452,ARARAT
T20170012160,Dry,Clear,Struck Pedestrian,Wednesday,Dark Street lights on,60,2017/06/21,17:45:00,No,2.0,1.0,-36.76162405,144.2937997,GREATER BENDIGO
T20170012168,Dry,Clear,collision with some other object,Friday,Dark No street lights,100,2017/05/05,18:35:00,Yes,3.0,1.0,-37.16344117,145.5452817,MURRINDINDI
T20170012187,Dry,Clear,Collision with vehicle,Wednesday,Dark Street lights on,70,2017/06/21,19:15:00,Yes,3.0,1.0,-37.5558885,143.8192009,BALLARAT
T20170012189,Dry,Clear,Struck Pedestrian,Wednesday,Dark Street lights on,50,2017/06/21,21:35:00,Yes,2.0,1.0,-36.74420288,144.273283,GREATER BENDIGO
T20170012195,Dry,Clear,Collision with a fixed object,Friday,Day,60,2017/05/12,13:00:00,No,1.0,1.0,-36.55617971,145.9715333,BENALLA
T20170012198,Dry,Clear,Collision with vehicle,Saturday,Day,50,2017/06/10,08:30:00,No,2.0,1.0,-37.39070392,144.9765447,MITCHELL
T20170012200,Wet,Raining,Collision with vehicle,Wednesday,Day,60,2017/05/03,08:20:00,No,3.0,1.0,-38.16932677,145.9320069,BAW BAW
T20170012217,Wet,Not known,Collision with a fixed object,Friday,Day,70,2017/05/19,12:00:00,No,1.0,1.0,-38.17133435,144.430835,GREATER GEELONG
T20170012225,Dry,Clear,Collision with vehicle,Thursday,Day,100,2017/06/22,12:20:00,No,3.0,1.0,-37.93288323,147.1837823,WELLINGTON
T20170012229,Dry,Clear,collision with some other object,Wednesday,Day,60,2017/06/21,11:50:00,No,2.0,1.0,-37.26188305,147.7198974,EAST GIPPSLAND
T20170012231,Dry,Clear,Collision with a fixed object,Monday,Day,100,2017/05/15,15:00:00,No,1.0,1.0,-37.0132118,144.5576724,GREATER BENDIGO
T20170012233,Wet,Raining,Collision with a fixed object,Wednesday,Dark No street lights,100,2017/06/21,05:50:00,Yes,1.0,1.0,-37.71926822,143.6107613,GOLDEN PLAINS
T20170012245,Dry,Clear,Collision with vehicle,Thursday,Dark Street lights on,50,2017/06/22,17:50:00,No,2.0,1.0,-38.37809621,142.455464,WARRNAMBOOL
T20170012259,Dry,Clear,Collision with a fixed object,Thursday,Dark No street lights,100,2017/06/22,22:50:00,Yes,1.0,1.0,-36.33713419,141.7111294,HINDMARSH
T20170012269,Dry,Clear,Collision with vehicle,Tuesday,Day,60,2017/06/20,15:45:00,No,3.0,1.0,-37.55816925,143.8613519,BALLARAT
T20170012270,Dry,Clear,Collision with vehicle,Thursday,Day,100,2017/06/22,13:15:00,No,2.0,1.0,-36.58885051,143.9160796,LODDON
T20170012271,Dry,Clear,Collision with vehicle,Thursday,Dusk/Dawn,100,2017/06/22,17:24:00,No,2.0,2.0,-36.83688551,143.9293222,LODDON
T20170012273,Dry,Clear,Collision with a fixed object,Friday,Dark No street lights,100,2017/06/23,05:45:00,Yes,1.0,1.0,-38.57896399,146.0817881,SOUTH GIPPSLAND
T20170012278,Wet,Fog,Collision with vehicle,Friday,Day,60,2017/06/23,08:50:00,No,3.0,1.0,-36.37781906,146.3133902,WANGARATTA
T20170012281,Dry,Clear,Collision with vehicle,Tuesday,Dark Street lights on,70,2017/06/20,19:00:00,Yes,2.0,1.0,-37.61800328,143.8749941,BALLARAT
T20170012290,Dry,Clear,Collision with a fixed object,Friday,Day,80,2017/06/23,11:50:00,No,1.0,1.0,-38.67079165,143.7247926,COLAC OTWAY
T20170012293,Muddy,Clear,collision with some other object,Friday,Day,100,2017/06/23,12:30:00,No,1.0,1.0,-36.92538152,145.832392,MANSFIELD
T20170012301,Dry,Clear,Collision with vehicle,Friday,Day,70,2017/06/23,10:57:00,No,4.0,1.0,-38.12310818,144.3524278,GREATER GEELONG
T20170012305,Dry,Clear,Collision with a fixed object,Friday,Day,80,2017/06/23,12:00:00,No,1.0,1.0,-38.18227084,144.4356532,GREATER GEELONG
T20170012306,Dry,Clear,Collision with vehicle,Friday,Day,50,2017/06/23,09:30:00,No,2.0,1.0,-38.23711888,144.3771275,GREATER GEELONG
T20170012311,Unknown,Not known,Collision with vehicle,Friday,Unknown,60,2017/06/23,12:32:00,No,2.0,1.0,-38.10464293,144.3445692,GREATER GEELONG
T20170012320,Dry,Clear,Collision with vehicle,Friday,Day,100,2017/06/23,16:10:00,Yes,2.0,2.0,-35.96987802,145.659871,MOIRA
T20170012322,Dry,Clear,Collision with a fixed object,Friday,Dusk/Dawn,80,2017/06/23,17:10:00,Yes,1.0,1.0,-37.54874978,145.4883602,MURRINDINDI
T20170012326,Dry,Clear,Collision with vehicle,Friday,Day,60,2017/06/23,16:00:00,Yes,2.0,1.0,-36.37594959,145.400377,GREATER SHEPPARTON
T20170012327,Dry,Clear,Collision with vehicle,Friday,Dark Street lights on,40,2017/06/23,18:44:00,Yes,3.0,1.0,-38.14078283,144.3482861,GREATER GEELONG
T20170012331,Dry,Clear,Collision with vehicle,Friday,Dusk/Dawn,60,2017/06/23,17:15:00,Yes,3.0,1.0,-36.37583025,145.4004019,GREATER SHEPPARTON
T20170012332,Wet,Raining,Collision with vehicle,Friday,Dark Street lights on,60,2017/06/23,19:40:00,Yes,2.0,1.0,-37.53957357,143.8265091,BALLARAT
T20170012338,Dry,Clear,Collision with vehicle,Friday,Dark No street lights,80,2017/06/23,21:00:00,Yes,3.0,2.0,-36.36304935,145.3390826,GREATER SHEPPARTON
T20170012345,Wet,Raining,Vehicle overturned (no collision),Friday,Dark No street lights,100,2017/06/23,22:00:00,Yes,2.0,2.0,-38.39957771,142.7256897,MOYNE
T20170012348,Dry,Clear,Collision with vehicle,Friday,Dark Street lights on,60,2017/06/23,19:15:00,Yes,4.0,1.0,-37.55963762,143.8566896,BALLARAT
T20170012355,Wet,Clear,Collision with vehicle,Saturday,Dark Street lights on,60,2017/06/24,06:39:00,No,2.0,1.0,-38.3815786,142.4882362,WARRNAMBOOL
T20170012361,Dry,Clear,Collision with vehicle,Saturday,Day,40,2017/06/24,09:40:00,No,5.0,1.0,-38.07369506,144.3548026,GREATER GEELONG
T20170012364,Dry,Clear,Vehicle overturned (no collision),Saturday,Day,70,2017/06/24,12:05:00,No,1.0,1.0,-38.17213989,144.3970101,GREATER GEELONG
T20170012376,Dry,Clear,Collision with vehicle,Saturday,Day,50,2017/06/24,14:15:00,Yes,3.0,3.0,-36.78275959,144.2922718,GREATER BENDIGO
T20170012381,Dry,Clear,Struck animal,Saturday,Dark No street lights,100,2017/06/24,18:50:00,Yes,1.0,1.0,-36.12946682,144.69598,CAMPASPE
T20170012388,Dry,Clear,Collision with vehicle,Saturday,Dark No street lights,100,2017/06/24,18:15:00,Yes,3.0,2.0,-38.1248696,144.3173979,GREATER GEELONG
T20170012389,Wet,Raining,Collision with a fixed object,Saturday,Dark No street lights,100,2017/06/24,18:59:00,Yes,2.0,1.0,-38.76080884,143.6022303,COLAC OTWAY
T20170012402,Wet,Not known,Collision with a fixed object,Sunday,Dark No street lights,50,2017/06/25,03:45:00,Yes,2.0,2.0,-37.5641806,143.8224981,BALLARAT
T20170012403,Wet,Clear,Collision with vehicle,Saturday,Dark Street lights on,60,2017/06/24,05:50:00,Yes,2.0,1.0,-37.27748455,142.9392812,ARARAT
T20170012404,Dry,Clear,Collision with a fixed object,Sunday,Dark Street lights on,50,2017/06/25,04:20:00,No,1.0,1.0,-37.40764012,144.9741222,MITCHELL
T20170012405,Dry,Clear,Fall from or in moving vehicle,Sunday,Dark Street lights on,60,2017/06/25,02:20:00,Yes,2.0,1.0,-37.02372493,145.1392018,MITCHELL
T20170012413,Dry,Clear,Collision with a fixed object,Sunday,Day,60,2017/06/25,11:00:00,No,3.0,2.0,-38.07611033,144.3477827,GREATER GEELONG
T20170012428,Dry,Clear,collision with some other object,Sunday,Day,100,2017/06/25,11:20:00,No,2.0,1.0,-38.56219098,145.9529491,SOUTH GIPPSLAND
T20170012429,Dry,Clear,Collision with vehicle,Sunday,Day,80,2017/06/25,15:05:00,No,2.0,1.0,-34.1995745,142.2044535,MILDURA
T20170012442,Wet,Raining,Collision with vehicle,Sunday,Dark Street lights on,60,2017/06/25,21:19:00,Yes,6.0,2.0,-37.55605888,143.8187967,BALLARAT
T20170012445,Wet,Clear,Collision with a fixed object,Sunday,Dark Street lights unknown,60,2017/06/25,22:10:00,No,1.0,1.0,-37.34357022,144.7421408,MACEDON RANGES
T20170012447,Dry,Clear,Collision with vehicle,Friday,Dark Street lights on,50,2017/06/16,17:40:00,No,2.0,1.0,-38.08346052,144.3581717,GREATER GEELONG
T20170012459,Dry,Not known,Collision with a fixed object,Monday,Dark No street lights,100,2017/06/26,03:45:00,Yes,1.0,1.0,-35.6075502,143.3744419,GANNAWARRA
T20170012467,Dry,Clear,Collision with vehicle,Friday,Day,60,2017/05/26,16:30:00,Yes,3.0,1.0,-38.16208668,144.3555015,GREATER GEELONG
T20170012469,Wet,Clear,Struck Pedestrian,Monday,Dark Street lights on,40,2017/06/26,06:34:00,No,3.0,2.0,-38.14797762,144.363257,GREATER GEELONG
T20170012494,Dry,Clear,Struck Pedestrian,Monday,Day,50,2017/06/26,12:30:00,No,2.0,1.0,-38.14861116,144.3573052,GREATER GEELONG
T20170012495,Dry,Clear,Collision with a fixed object,Monday,Day,50,2017/06/26,14:18:00,No,2.0,2.0,-36.02607013,146.0110832,MOIRA
T20170012500,Dry,Clear,collision with some other object,Monday,Day,100,2017/06/26,13:25:00,No,2.0,1.0,-38.56290497,145.5316373,BASS COAST
T20170012509,Dry,Clear,Collision with vehicle,Monday,Day,60,2017/06/26,15:45:00,No,2.0,1.0,-36.0548752,146.4683606,INDIGO
T20170012513,Dry,Clear,Collision with a fixed object,Monday,Day,100,2017/06/26,14:25:00,No,1.0,1.0,-36.62209467,143.3258797,NORTHERN GRAMPIANS
T20170012518,Dry,Clear,Collision with a fixed object,Monday,Dark No street lights,100,2017/06/26,18:30:00,Yes,1.0,1.0,-36.52052,145.0318988,CAMPASPE
T20170012526,Dry,Clear,Collision with vehicle,Monday,Dark Street lights on,50,2017/06/26,20:40:00,Yes,1.0,1.0,-38.13250107,144.3428498,GREATER GEELONG
T20170012559,Unknown,Not known,Collision with vehicle,Monday,Unknown,999,2017/05/22,13:30:00,No,2.0,1.0,-38.18168937,144.3450251,GREATER GEELONG
T20170012563,Dry,Clear,Collision with vehicle,Tuesday,Day,60,2017/06/27,13:04:00,No,2.0,1.0,-36.79658981,144.2423793,GREATER BENDIGO
T20170012565,Dry,Clear,Collision with vehicle,Tuesday,Day,70,2017/06/27,11:26:00,No,4.0,1.0,-38.1334072,144.3511555,GREATER GEELONG
T20170012569,Dry,Clear,Struck Pedestrian,Tuesday,Day,60,2017/06/27,16:10:00,No,2.0,1.0,-38.23835081,142.9141798,CORANGAMITE
T20170012570,Dry,Fog,Collision with a fixed object,Monday,Dark No street lights,100,2017/06/26,22:30:00,Yes,2.0,1.0,-36.06959617,146.7329624,WODONGA
T20170012583,Dry,Clear,Collision with vehicle,Tuesday,Dark No street lights,100,2017/06/27,18:15:00,Yes,4.0,2.0,-37.32662044,145.3262295,MURRINDINDI
T20170012591,Dry,Clear,Struck Pedestrian,Tuesday,Dark Street lights on,50,2017/06/27,18:34:00,Yes,2.0,1.0,-38.07816082,144.2753415,GOLDEN PLAINS
T20170012602,Dry,Clear,Collision with a fixed object,Tuesday,Dark No street lights,80,2017/06/27,22:25:00,Yes,1.0,1.0,-36.82513828,144.2760635,GREATER BENDIGO
T20170012616,Dry,Clear,Collision with vehicle,Wednesday,Day,60,2017/06/28,10:20:00,No,2.0,1.0,-38.33510602,143.6098889,COLAC OTWAY
T20170012620,Dry,Clear,Collision with vehicle,Wednesday,Day,60,2017/06/28,09:00:00,No,4.0,1.0,-38.13241794,144.3516545,GREATER GEELONG
T20170012632,Dry,Clear,Collision with vehicle,Wednesday,Day,60,2017/06/28,15:15:00,No,3.0,1.0,-36.38441468,145.4125795,GREATER SHEPPARTON
T20170012634,Dry,Clear,Collision with vehicle,Wednesday,Day,60,2016/04/27,16:30:00,No,2.0,1.0,-37.96501874,146.9704619,WELLINGTON
T20170012641,Dry,Clear,Collision with vehicle,Wednesday,Day,60,2017/06/28,15:30:00,No,2.0,1.0,-37.63698352,143.972664,MOORABOOL
T20170012664,Dry,Clear,Collision with a fixed object,Wednesday,Dark Street lights on,100,2017/06/28,23:30:00,Yes,1.0,1.0,-36.49768338,146.0201159,BENALLA
T20170012669,Dry,Fog,Collision with vehicle,Thursday,Day,80,2017/06/29,07:30:00,No,2.0,1.0,-36.34754235,145.4318407,GREATER SHEPPARTON
T20170012681,Unknown,Not known,No collision and no object struck,Thursday,Day,100,2017/06/29,10:30:00,No,2.0,1.0,-38.09613674,144.0888292,GOLDEN PLAINS
T20170012683,Dry,Clear,Collision with vehicle,Thursday,Day,100,2017/06/29,11:00:00,No,2.0,1.0,-38.24323963,146.5028294,LATROBE
T20170012684,Dry,Not known,Collision with a fixed object,Monday,Dark No street lights,80,2017/06/26,23:00:00,Yes,1.0,1.0,-38.41196904,142.5844773,WARRNAMBOOL
T20170012685,Dry,Clear,Vehicle overturned (no collision),Thursday,Day,100,2017/06/29,11:10:00,No,3.0,3.0,-36.57285267,146.3268711,WANGARATTA
T20170012693,Dry,Clear,No collision and no object struck,Thursday,Day,100,2017/06/29,10:30:00,No,1.0,1.0,-36.66317965,145.7360297,STRATHBOGIE
T20170012704,Unknown,Not known,Vehicle overturned (no collision),Friday,Day,100,2017/06/23,15:30:00,No,1.0,1.0,-36.92499265,146.2867501,WANGARATTA
T20170012717,Wet,Clear,Struck Pedestrian,Thursday,Dark Street lights on,60,2017/06/29,17:40:00,No,2.0,2.0,-37.55963762,143.8566896,BALLARAT
T20170012719,Dry,Clear,Collision with vehicle,Thursday,Day,60,2017/06/29,15:30:00,No,3.0,2.0,-38.09507498,144.3464591,GREATER GEELONG
T20170012729,Wet,Raining,Collision with a fixed object,Thursday,Dusk/Dawn,100,2017/06/29,17:10:00,No,1.0,1.0,-37.96679217,146.136097,BAW BAW
T20170012736,Wet,Raining,Collision with vehicle,Thursday,Dark No street lights,80,2017/06/29,22:37:00,Yes,3.0,1.0,-38.20385868,146.4591694,LATROBE
T20170012740,Dry,Clear,Collision with a fixed object,Friday,Dark No street lights,100,2017/06/30,01:00:00,Yes,1.0,1.0,-36.69302068,144.0851289,GREATER BENDIGO
T20170012744,Dry,Clear,Collision with a fixed object,Thursday,Day,100,2017/06/29,16:00:00,No,2.0,1.0,-36.41594935,145.2774805,GREATER SHEPPARTON
T20170012747,Dry,Clear,Collision with vehicle,Friday,Day,60,2017/06/30,08:20:00,No,3.0,1.0,-36.13982995,146.8621986,WODONGA
T20170012750,Icy,Clear,Collision with a fixed object,Friday,Day,100,2017/06/30,07:40:00,No,1.0,1.0,-36.90395002,146.3124636,WANGARATTA
T20170012752,Dry,Clear,Struck animal,Saturday,Dark No street lights,100,2017/06/10,06:30:00,No,1.0,1.0,-37.2037005,147.7201114,EAST GIPPSLAND
T20170012755,Dry,Clear,Collision with vehicle,Sunday,Day,50,2017/06/25,14:45:00,No,2.0,1.0,-38.10904948,147.07777,WELLINGTON
T20170012777,Dry,Clear,Collision with vehicle,Friday,Day,80,2017/06/30,14:15:00,No,2.0,1.0,-37.73031856,142.0062728,SOUTHERN GRAMPIANS
T20170012781,Wet,Clear,No collision and no object struck,Sunday,Day,60,2017/06/18,16:20:00,Yes,3.0,1.0,-38.66509042,145.5986046,BASS COAST
T20170012791,Dry,Clear,Collision with vehicle,Friday,Dark Street lights on,60,2017/06/30,19:10:00,Yes,3.0,2.0,-38.34206664,141.601277,GLENELG
T20170012823,Dry,Clear,Collision with vehicle,Saturday,Day,100,2017/07/01,09:35:00,No,2.0,1.0,-36.70498868,144.6755044,CAMPASPE
T20170012832,Dry,Clear,Struck animal,Saturday,Day,100,2017/07/01,10:22:00,No,3.0,1.0,-36.34842363,145.6218779,GREATER SHEPPARTON
T20170012836,Dry,Clear,Collision with vehicle,Saturday,Day,100,2017/07/01,11:06:00,No,10.0,5.0,-36.23878727,145.4905292,GREATER SHEPPARTON
T20170012841,Dry,Clear,Collision with vehicle,Saturday,Day,60,2017/07/01,08:30:00,No,2.0,1.0,-37.55055155,143.9056611,BALLARAT
T20170012848,Dry,Clear,Struck Pedestrian,Saturday,Day,50,2017/07/01,14:45:00,Yes,2.0,1.0,-37.74166159,142.0457197,SOUTHERN GRAMPIANS
T20170012856,Dry,Clear,Collision with vehicle,Saturday,Day,60,2017/07/01,15:50:00,Yes,3.0,1.0,-38.38363486,142.4928156,WARRNAMBOOL
T20170012857,Dry,Clear,Collision with vehicle,Saturday,Dark Street lights on,60,2017/07/01,18:25:00,Yes,2.0,1.0,-36.74443386,144.2902577,GREATER BENDIGO
T20170012865,Dry,Clear,Collision with vehicle,Saturday,Day,60,2017/07/01,13:40:00,No,3.0,2.0,-37.58877355,143.8666783,BALLARAT
T20170012869,Dry,Clear,Collision with a fixed object,Saturday,Dark No street lights,100,2017/07/01,17:45:00,Yes,1.0,1.0,-36.81500804,144.11051,GREATER BENDIGO
T20170012878,Dry,Clear,Collision with a fixed object,Sunday,Dark Street lights on,60,2017/07/02,03:37:00,Yes,1.0,1.0,-38.15395382,144.3576655,GREATER GEELONG
T20170012884,Unknown,Clear,Collision with a fixed object,Friday,Day,999,2017/06/30,15:00:00,No,1.0,1.0,-37.69387996,143.9975099,MOORABOOL
T20170012885,Icy,Clear,Collision with a fixed object,Sunday,Day,80,2017/07/02,09:20:00,Yes,1.0,1.0,-37.35512938,144.1070907,HEPBURN
T20170012886,Dry,Clear,Collision with a fixed object,Sunday,Dusk/Dawn,100,2017/07/02,06:45:00,Yes,1.0,1.0,-37.9511107,141.7223388,GLENELG
T20170012894,Icy,Fog,Collision with a fixed object,Thursday,Day,100,2017/06/29,08:30:00,No,1.0,1.0,-35.99786336,142.2073287,YARRIAMBIACK
T20170012897,Dry,Clear,Collision with vehicle,Sunday,Day,80,2017/07/02,09:37:00,Yes,4.0,2.0,-36.52260721,146.0593635,BENALLA
T20170012898,Wet,Clear,collision with some other object,Sunday,Day,50,2017/07/02,12:10:00,No,1.0,1.0,-37.39987119,144.2846597,HEPBURN
T20170012899,Dry,Clear,Collision with a fixed object,Sunday,Day,60,2017/07/02,11:30:00,No,2.0,1.0,-37.82263002,147.5970502,EAST GIPPSLAND
T20170012900,Dry,Clear,Collision with vehicle,Sunday,Day,40,2017/07/02,13:35:00,No,3.0,1.0,-38.1430535,144.3603864,GREATER GEELONG
T20170012903,Dry,Clear,Collision with vehicle,Sunday,Day,80,2017/07/02,14:13:00,No,3.0,1.0,-38.34995003,146.7145407,WELLINGTON
T20170012907,Dry,Clear,Collision with a fixed object,Saturday,Dark Street lights on,50,2017/07/01,22:10:00,Yes,1.0,1.0,-38.45233073,145.2368,BASS COAST
T20170012913,Dry,Clear,Collision with a fixed object,Sunday,Day,100,2017/07/02,15:38:00,No,1.0,1.0,-36.64827655,146.4267624,WANGARATTA
T20170012919,Icy,Not known,Collision with vehicle,Sunday,Dark No street lights,100,2017/07/02,20:00:00,Yes,3.0,3.0,-38.29162911,142.8524888,CORANGAMITE
T20170012925,Dry,Clear,Collision with a fixed object,Monday,Dark No street lights,100,2017/07/03,01:00:00,Yes,1.0,1.0,-36.72059925,145.6253794,STRATHBOGIE
T20170012931,Dry,Clear,Collision with vehicle,Wednesday,Day,50,2017/06/28,16:25:00,No,2.0,1.0,-38.15420082,144.3547128,GREATER GEELONG
T20170012938,Muddy,Clear,Collision with a fixed object,Sunday,Day,999,2017/04/23,09:15:00,No,1.0,1.0,-37.91617694,146.4531631,BAW BAW
T20170012942,Dry,Clear,No collision and no object struck,Wednesday,Day,999,2017/03/08,12:00:00,No,1.0,1.0,-37.20968132,145.0407111,MITCHELL
T20170012946,Dry,Raining,Struck Pedestrian,Monday,Day,60,2017/07/03,10:00:00,No,2.0,1.0,-38.18217045,144.3351833,GREATER GEELONG
T20170012947,Wet,Raining,Collision with vehicle,Monday,Day,80,2017/07/03,13:50:00,No,3.0,2.0,-38.29952875,143.9807195,SURF COAST
T20170012954,Wet,Raining,No collision and no object struck,Monday,Day,100,2017/07/03,13:55:00,No,1.0,1.0,-38.02454015,142.304141,MOYNE
T20170012959,Dry,Clear,Collision with a fixed object,Monday,Day,100,2017/07/03,16:25:00,Yes,1.0,1.0,-37.8080043,148.037811,EAST GIPPSLAND
T20170012981,Dry,Clear,Collision with vehicle,Monday,Dark No street lights,40,2017/07/03,19:25:00,Yes,6.0,3.0,-37.56803828,143.7945603,BALLARAT
T20170012988,Dry,Clear,Collision with a fixed object,Monday,Dark No street lights,100,2017/07/03,02:30:00,Yes,1.0,1.0,-36.03851982,146.5624,INDIGO
T20170012989,Wet,Raining,Collision with vehicle,Monday,Dark No street lights,100,2017/07/03,17:48:00,No,3.0,3.0,-38.1963306,144.6408825,GREATER GEELONG
T20170012998,Wet,Not known,Collision with a fixed object,Tuesday,Day,50,2017/07/04,08:15:00,No,1.0,1.0,-38.09833984,144.3634787,GREATER GEELONG
T20170013001,Dry,Clear,Vehicle overturned (no collision),Sunday,Day,100,2017/07/02,17:00:00,Yes,1.0,1.0,-37.75684978,144.4416281,MOORABOOL
T20170013011,Dry,Clear,Collision with vehicle,Tuesday,Day,100,2015/04/07,11:30:00,No,2.0,1.0,-37.85977955,143.5115595,GOLDEN PLAINS
T20170013015,Dry,Clear,Collision with vehicle,Tuesday,Day,50,2017/07/04,09:30:00,No,3.0,1.0,-38.17575878,144.3904708,GREATER GEELONG
T20170013017,Wet,Raining,Vehicle overturned (no collision),Tuesday,Day,100,2017/07/04,11:20:00,No,1.0,1.0,-36.58571999,142.6318494,YARRIAMBIACK
T20170013023,Dry,Clear,Vehicle overturned (no collision),Tuesday,Day,50,2017/07/04,14:30:00,No,1.0,1.0,-38.20797054,144.3047244,GREATER GEELONG
T20170013025,Wet,Raining,Collision with vehicle,Tuesday,Day,100,2017/07/04,13:00:00,No,10.0,4.0,-36.45696434,145.4318419,GREATER SHEPPARTON
T20170013026,Dry,Clear,No collision and no object struck,Saturday,Day,999,2017/05/20,14:00:00,Yes,1.0,1.0,-37.15139256,146.7956679,ALPINE
T20170013028,Dry,Clear,Collision with vehicle,Tuesday,Day,50,2017/07/04,13:00:00,No,2.0,1.0,-38.38081202,142.4827163,WARRNAMBOOL
T20170013033,Dry,Clear,Collision with vehicle,Tuesday,Day,60,2017/07/04,16:00:00,No,4.0,1.0,-38.18137984,144.391376,GREATER GEELONG
T20170013035,Dry,Clear,Collision with a fixed object,Tuesday,Day,60,2017/07/04,12:45:00,No,1.0,1.0,-37.56296221,143.8874708,BALLARAT
T20170013057,Dry,Clear,Vehicle overturned (no collision),Tuesday,Dark No street lights,110,2017/07/04,22:00:00,Yes,1.0,1.0,-37.60371178,144.2839617,MOORABOOL
T20170013067,Dry,Clear,Collision with vehicle,Wednesday,Dusk/Dawn,60,2017/06/14,17:25:00,No,2.0,1.0,-38.17350885,144.3517054,GREATER GEELONG
T20170013070,Dry,Not known,Vehicle overturned (no collision),Wednesday,Day,100,2017/06/28,13:30:00,No,1.0,1.0,-37.56030999,142.5463636,ARARAT
T20170013073,Wet,Raining,Collision with a fixed object,Wednesday,Day,60,2017/07/05,09:30:00,No,1.0,1.0,-36.39594818,145.3673513,GREATER SHEPPARTON
T20170013079,Dry,Clear,Collision with vehicle,Wednesday,Day,110,2017/07/05,11:43:00,No,3.0,1.0,-37.49882713,144.9565257,MITCHELL
T20170013086,Dry,Clear,Collision with vehicle,Wednesday,Day,50,2017/07/05,11:55:00,No,3.0,1.0,-38.09452271,144.3240551,GREATER GEELONG
T20170013093,Unknown,Not known,Vehicle overturned (no collision),Friday,Dusk/Dawn,999,2017/06/02,17:30:00,Yes,2.0,1.0,-37.02423872,143.8318089,CENTRAL GOLDFIELDS
T20170013102,Wet,Raining,Collision with vehicle,Wednesday,Day,40,2017/07/05,14:45:00,No,2.0,1.0,-36.12367022,146.8887607,WODONGA
T20170013115,Dry,Clear,Struck Pedestrian,Wednesday,Dark Street lights on,70,2017/07/05,18:35:00,Yes,2.0,1.0,-38.12560964,144.3381417,GREATER GEELONG
T20170013131,Dry,Clear,Vehicle overturned (no collision),Thursday,Dark No street lights,80,2017/07/06,01:30:00,Yes,1.0,1.0,-37.90063968,147.6711501,EAST GIPPSLAND
T20170013151,Wet,Raining,Collision with vehicle,Tuesday,Dark Street lights on,50,2017/07/04,17:45:00,No,2.0,1.0,-36.74085993,144.2813602,GREATER BENDIGO
T20170013154,Dry,Clear,Struck Pedestrian,Sunday,Dark Street lights on,50,2017/05/21,01:00:00,No,2.0,1.0,-36.75683207,144.2846323,GREATER BENDIGO
T20170013159,Dry,Clear,Collision with vehicle,Thursday,Day,60,2017/07/06,12:56:00,No,2.0,1.0,-37.06670721,142.7685238,NORTHERN GRAMPIANS
T20170013163,Dry,Clear,Collision with a fixed object,Wednesday,Dark No street lights,60,2017/07/05,19:10:00,Yes,1.0,1.0,-38.48455381,144.0216799,SURF COAST
T20170013170,Dry,Clear,Collision with vehicle,Thursday,Day,100,2017/07/06,13:20:00,No,4.0,2.0,-36.54553834,144.0660034,LODDON
T20170013175,Dry,Clear,Collision with vehicle,Thursday,Day,100,2017/07/06,13:45:00,No,2.0,1.0,-35.5486553,143.765024,GANNAWARRA
T20170013177,Dry,Clear,Collision with vehicle,Thursday,Day,100,2017/07/06,14:55:00,No,2.0,1.0,-36.93100999,142.139799,HORSHAM
T20170013181,Unknown,Not known,Struck Pedestrian,Saturday,Dark Street lights unknown,60,2017/07/01,03:00:00,Yes,2.0,1.0,-36.74437095,144.2750385,GREATER BENDIGO
T20170013193,Dry,Clear,Collision with vehicle,Thursday,Dusk/Dawn,60,2017/07/06,17:45:00,No,4.0,1.0,-38.17228826,144.3838266,GREATER GEELONG
T20170013213,Wet,Clear,Collision with a fixed object,Friday,Dark Street lights on,80,2017/07/07,01:40:00,Yes,2.0,2.0,-38.1651901,144.4173848,GREATER GEELONG
T20170013221,Dry,Clear,Collision with vehicle,Friday,Day,50,2017/07/07,09:40:00,No,5.0,5.0,-38.3890072,142.484995,WARRNAMBOOL
T20170013222,Wet,Clear,Struck Pedestrian,Friday,Day,50,2017/07/07,09:30:00,No,2.0,1.0,-37.28367504,142.9315974,ARARAT
T20170013226,Wet,Clear,Struck Pedestrian,Friday,Dark No street lights,50,2017/07/07,06:30:00,No,2.0,2.0,-38.1707393,144.3841177,GREATER GEELONG
T20170013228,Wet,Raining,No collision and no object struck,Sunday,Dark Street lights unknown,100,2017/03/12,06:30:00,No,1.0,1.0,-38.56109552,145.5044452,BASS COAST