Accident_No,Surface_Cond_Desc,Atmosph_Cond_Desc,Accident_Type_Desc,Day,Light_Condition_Desc,Speed_Zone,Accident_Date,Accident_Time,Alcohol_Influence,Total_Persons_Inv,Inj_Or_Fatal,Lat,Long,LGA
T20170013233,Dry,Clear,Collision with a fixed object,Friday,Day,110,2017/07/07,10:14:00,No,2.0,2.0,-36.87035698,145.2876276,STRATHBOGIE
T20170013241,Dry,Clear,Collision with vehicle,Friday,Day,60,2017/07/07,13:29:00,No,2.0,2.0,-37.54954811,143.9081764,BALLARAT
T20170013250,Dry,Clear,Collision with a fixed object,Friday,Day,80,2017/07/07,13:40:00,No,1.0,1.0,-38.07986038,144.3638705,GREATER GEELONG
T20170013252,Snowy,Snowing,Collision with vehicle,Friday,Day,80,2017/07/07,11:55:00,No,3.0,1.0,-37.00353142,147.0964388,MOUNT HOTHAM ALPINE RESORT (UNINC)
T20170013256,Muddy,Clear,Collision with a fixed object,Friday,Day,100,2017/07/07,14:45:00,No,4.0,3.0,-36.42280028,145.8342421,BENALLA
T20170013267,Dry,Clear,Collision with vehicle,Friday,Dusk/Dawn,100,2017/07/07,16:47:00,Yes,4.0,3.0,-38.02661071,144.4387305,GREATER GEELONG
T20170013284,Dry,Clear,Collision with vehicle,Friday,Dark Street lights on,60,2017/07/07,22:20:00,Yes,2.0,1.0,-36.34608464,146.2980591,WANGARATTA
T20170013286,Dry,Clear,Struck Pedestrian,Friday,Dark No street lights,60,2017/07/07,19:16:00,Yes,2.0,1.0,-34.29917869,142.2002594,MILDURA
T20170013290,Dry,Clear,Collision with vehicle,Friday,Dark No street lights,100,2017/07/07,22:30:00,Yes,2.0,2.0,-36.92479999,146.0017985,MANSFIELD
T20170013301,Wet,Clear,Collision with vehicle,Wednesday,Day,999,2017/07/05,15:47:00,No,2.0,2.0,-38.2561693,146.2189318,BAW BAW
T20170013303,Wet,Fog,Collision with a fixed object,Saturday,Day,100,2017/07/08,08:20:00,No,4.0,4.0,-36.48677563,144.5987209,GREATER BENDIGO
T20170013314,Dry,Clear,Collision with a fixed object,Saturday,Day,60,2017/07/08,12:30:00,No,2.0,2.0,-38.08956658,147.025025,WELLINGTON
T20170013318,Dry,Clear,Collision with vehicle,Saturday,Day,100,2017/07/08,14:40:00,No,7.0,5.0,-36.53776004,142.6318219,YARRIAMBIACK
T20170013319,Wet,Clear,Collision with vehicle,Saturday,Day,50,2017/07/08,15:55:00,Yes,2.0,2.0,-36.37069731,145.3992397,GREATER SHEPPARTON
T20170013321,Dry,Clear,No collision and no object struck,Saturday,Day,100,2017/07/08,16:05:00,Yes,1.0,1.0,-37.47918684,142.3887276,SOUTHERN GRAMPIANS
T20170013335,Wet,Clear,Collision with a fixed object,Saturday,Dark No street lights,100,2017/07/08,23:30:00,Yes,2.0,2.0,-36.15995535,146.8149696,WODONGA
T20170013341,Wet,Clear,Collision with a fixed object,Sunday,Dark No street lights,60,2017/07/09,03:30:00,Yes,1.0,1.0,-37.75614827,142.0299103,SOUTHERN GRAMPIANS
T20170013362,Unknown,Not known,Vehicle overturned (no collision),Sunday,Day,999,2017/07/09,11:45:00,No,1.0,1.0,-37.98305104,146.0562264,BAW BAW
T20170013364,Dry,Clear,No collision and no object struck,Sunday,Day,50,2017/07/09,11:55:00,No,1.0,1.0,-38.14391706,144.3839591,GREATER GEELONG
T20170013374,Dry,Clear,Collision with a fixed object,Sunday,Day,80,2017/07/09,16:20:00,Yes,1.0,1.0,-38.48461611,145.7511485,SOUTH GIPPSLAND
T20170013377,Dry,Clear,Collision with a fixed object,Sunday,Dusk/Dawn,80,2017/07/09,17:10:00,Yes,1.0,1.0,-37.38710886,144.2074228,HEPBURN
T20170013378,Dry,Clear,Collision with vehicle,Sunday,Day,110,2017/07/09,16:02:00,No,2.0,1.0,-36.1651802,146.5675176,INDIGO
T20170013379,Wet,Clear,Collision with vehicle,Friday,Dark Street lights on,70,2017/07/07,06:55:00,No,2.0,1.0,-38.18757936,144.4577802,GREATER GEELONG
T20170013384,Dry,Clear,Collision with vehicle,Sunday,Dark Street lights on,60,2017/07/09,18:12:00,Yes,3.0,1.0,-38.37365035,142.477565,WARRNAMBOOL
T20170013386,Dry,Clear,Collision with a fixed object,Sunday,Dark No street lights,100,2017/07/09,17:15:00,Yes,2.0,1.0,-37.42324052,144.9577347,MITCHELL
T20170013388,Dry,Clear,Collision with a fixed object,Sunday,Dark No street lights,110,2017/07/09,19:55:00,No,1.0,1.0,-37.19693699,144.4052371,MACEDON RANGES
T20170013396,Dry,Clear,Collision with vehicle,Tuesday,Dusk/Dawn,60,2017/06/27,17:35:00,No,3.0,1.0,-38.17437036,144.3834332,GREATER GEELONG
T20170013397,Dry,Clear,Struck Pedestrian,Friday,Dusk/Dawn,50,2017/06/02,16:00:00,Yes,2.0,1.0,-38.08670014,144.3457111,GREATER GEELONG
T20170013400,Wet,Clear,Collision with vehicle,Monday,Day,60,2017/07/10,07:30:00,No,2.0,1.0,-37.57315288,143.8436921,BALLARAT
T20170013413,Dry,Clear,Collision with vehicle,Saturday,Day,60,2017/07/08,16:30:00,Yes,4.0,1.0,-36.79097178,144.2358313,GREATER BENDIGO
T20170013414,Dry,Clear,Collision with vehicle,Monday,Day,70,2017/07/10,12:00:00,No,2.0,1.0,-38.10563542,144.3209137,GREATER GEELONG
T20170013434,Muddy,Clear,Vehicle overturned (no collision),Monday,Dusk/Dawn,999,2017/07/10,17:30:00,Yes,1.0,1.0,-37.34490875,146.1408053,MANSFIELD
T20170013449,Dry,Not known,Collision with vehicle,Monday,Day,80,2017/07/10,16:00:00,Yes,2.0,1.0,-34.23229775,142.1253921,MILDURA
T20170013457,Dry,Clear,Collision with vehicle,Thursday,Day,110,2017/07/06,14:03:00,No,3.0,2.0,-37.44568989,144.9813393,MITCHELL
T20170013458,Icy,Fog,Collision with a fixed object,Tuesday,Day,100,2017/07/11,07:36:00,No,2.0,1.0,-37.32866429,144.4148477,MACEDON RANGES
T20170013459,Wet,Clear,Collision with vehicle,Tuesday,Dark Street lights on,60,2017/07/11,06:40:00,No,4.0,3.0,-37.65546564,144.4496061,MOORABOOL
T20170013470,Wet,Clear,Vehicle overturned (no collision),Tuesday,Dusk/Dawn,100,2017/07/04,07:30:00,No,1.0,1.0,-38.38102754,146.4589584,LATROBE
T20170013473,Dry,Clear,Collision with a fixed object,Monday,Day,999,2017/05/22,11:30:00,No,1.0,1.0,-37.36279271,149.5355409,EAST GIPPSLAND
T20170013477,Wet,Fog,Collision with vehicle,Tuesday,Day,100,2017/07/11,07:15:00,No,2.0,1.0,-37.56015143,143.6858997,GOLDEN PLAINS
T20170013491,Dry,Clear,Collision with vehicle,Tuesday,Day,80,2017/06/27,17:30:00,No,3.0,1.0,-38.07537123,144.3687789,GREATER GEELONG
T20170013495,Dry,Clear,Collision with vehicle,Tuesday,Day,40,2017/07/11,16:20:00,No,3.0,2.0,-38.14155294,144.3481341,GREATER GEELONG
T20170013496,Dry,Clear,Collision with vehicle,Tuesday,Day,60,2017/07/11,16:00:00,No,2.0,1.0,-38.46364016,145.2389841,BASS COAST
T20170013500,Dry,Clear,Collision with a fixed object,Tuesday,Day,999,2017/07/11,16:00:00,No,1.0,1.0,-34.16244558,142.1224401,MILDURA
T20170013520,Wet,Clear,Collision with a fixed object,Tuesday,Dark No street lights,80,2017/07/11,19:30:00,Yes,1.0,1.0,-38.61359006,143.718918,COLAC OTWAY
T20170013524,Unknown,Not known,Vehicle overturned (no collision),Sunday,Unknown,999,2017/07/02,09:00:00,Yes,1.0,1.0,-37.87613625,146.4379519,BAW BAW
T20170013539,Icy,Clear,Collision with vehicle,Wednesday,Dark Street lights on,50,2017/07/12,06:30:00,No,1.0,1.0,-38.02230898,144.4066854,GREATER GEELONG
T20170013546,Dry,Clear,Collision with vehicle,Wednesday,Dusk/Dawn,80,2017/07/12,07:25:00,No,2.0,1.0,-37.54528002,143.7976667,BALLARAT
T20170013547,Dry,Clear,Collision with vehicle,Wednesday,Day,80,2017/07/12,10:00:00,No,3.0,2.0,-36.10299976,146.8254795,WODONGA
T20170013548,Wet,Fog,Vehicle overturned (no collision),Wednesday,Day,100,2017/07/12,06:45:00,No,1.0,1.0,-37.29727829,143.2938363,PYRENEES
T20170013559,Dry,Clear,Collision with vehicle,Tuesday,Day,60,2017/07/11,15:20:00,No,2.0,1.0,-36.38335486,145.4078379,GREATER SHEPPARTON
T20170013564,Unknown,Not known,No collision and no object struck,Sunday,Day,999,2017/07/02,11:00:00,No,1.0,1.0,-37.43031258,144.5251287,MACEDON RANGES
T20170013576,Dry,Clear,Collision with vehicle,Wednesday,Day,40,2017/07/12,14:47:00,No,3.0,1.0,-35.89971047,142.4224261,YARRIAMBIACK
T20170013594,Dry,Clear,Collision with vehicle,Wednesday,Day,70,2017/07/12,17:30:00,No,2.0,1.0,-38.10810546,144.3532364,GREATER GEELONG
T20170013611,Dry,Clear,Collision with a fixed object,Thursday,Dark No street lights,100,2017/07/13,02:25:00,Yes,1.0,1.0,-37.94335035,144.3565915,GREATER GEELONG
T20170013614,Dry,Clear,Struck Pedestrian,Thursday,Dark Street lights on,60,2017/07/13,06:20:00,No,2.0,1.0,-38.14769656,144.3469495,GREATER GEELONG
T20170013622,Dry,Clear,Collision with vehicle,Wednesday,Day,60,2017/07/12,12:48:00,No,2.0,1.0,-38.07718635,144.3584755,GREATER GEELONG
T20170013628,Dry,Clear,Collision with vehicle,Thursday,Day,100,2017/07/13,07:30:00,No,2.0,1.0,-38.01696095,144.2464399,GOLDEN PLAINS
T20170013629,Dry,Clear,Collision with vehicle,Wednesday,Day,50,2017/07/12,17:40:00,No,2.0,2.0,-34.17558825,142.1513121,MILDURA
T20170013631,Dry,Clear,Collision with vehicle,Thursday,Day,80,2017/07/13,08:50:00,No,2.0,1.0,-36.40176102,145.4799814,GREATER SHEPPARTON
T20170013634,Dry,Clear,Collision with vehicle,Wednesday,Dark Street lights on,50,2017/07/12,20:00:00,Yes,2.0,1.0,-37.82623915,147.6293572,EAST GIPPSLAND
T20170013636,Unknown,Clear,No collision and no object struck,Saturday,Day,999,2017/04/08,11:30:00,No,1.0,1.0,-38.32559964,144.0957701,SURF COAST
T20170013639,Dry,Clear,Collision with a fixed object,Wednesday,Day,60,2017/07/12,15:30:00,No,3.0,2.0,-38.37232392,142.4745619,WARRNAMBOOL
T20170013640,Dry,Clear,Collision with vehicle,Sunday,Dark Street lights on,60,2017/07/09,19:00:00,Yes,2.0,1.0,-38.10800422,147.0683376,WELLINGTON
T20170013642,Dry,Clear,Collision with vehicle,Thursday,Day,60,2017/07/13,09:00:00,No,2.0,1.0,-37.55620863,143.818716,BALLARAT
T20170013659,Wet,Raining,Collision with a fixed object,Thursday,Day,80,2017/07/13,14:30:00,No,1.0,1.0,-37.41298076,143.91883,HEPBURN
T20170013661,Dry,Clear,Collision with a fixed object,Thursday,Day,50,2017/07/13,14:45:00,No,3.0,1.0,-36.37592165,146.3192458,WANGARATTA
T20170013678,Dry,Not known,Struck animal,Saturday,Dark No street lights,999,2017/04/22,22:30:00,Yes,1.0,1.0,-38.6528168,146.6151537,WELLINGTON
T20170013690,Dry,Clear,Collision with vehicle,Friday,Day,999,2017/07/14,10:05:00,No,2.0,1.0,-34.18478395,142.1587677,MILDURA
T20170013691,Wet,Clear,Collision with a fixed object,Friday,Day,100,2017/07/14,09:44:00,No,2.0,2.0,-37.89744128,145.9572791,BAW BAW
T20170013695,Wet,Raining,Collision with a fixed object,Friday,Dark No street lights,100,2017/07/14,02:00:00,Yes,2.0,2.0,-37.50950468,142.4149294,ARARAT
T20170013696,Dry,Clear,Collision with vehicle,Friday,Day,40,2017/07/14,12:10:00,No,2.0,1.0,-36.31352184,145.04532,CAMPASPE
T20170013702,Dry,Clear,Collision with vehicle,Friday,Day,50,2017/07/14,13:20:00,No,2.0,1.0,-37.82677567,147.6268142,EAST GIPPSLAND
T20170013707,Dry,Clear,Collision with vehicle,Tuesday,Dusk/Dawn,60,2017/07/11,07:10:00,No,2.0,1.0,-37.96374005,147.0804847,WELLINGTON
T20170013721,Dry,Clear,Collision with vehicle,Saturday,Day,100,2017/06/17,09:30:00,No,2.0,1.0,-36.84442071,144.1583478,GREATER BENDIGO
T20170013724,Dry,Clear,Collision with vehicle,Friday,Dark No street lights,80,2017/07/14,18:30:00,Yes,3.0,1.0,-36.91441247,142.5082573,NORTHERN GRAMPIANS
T20170013728,Dry,Clear,Fall from or in moving vehicle,Friday,Dark No street lights,100,2017/07/14,20:10:00,Yes,3.0,1.0,-36.98633846,143.7814245,CENTRAL GOLDFIELDS
T20170013730,Muddy,Clear,No collision and no object struck,Friday,Day,999,2017/07/14,17:30:00,Yes,1.0,1.0,-37.44026959,142.4795232,ARARAT
T20170013732,Wet,Raining,Collision with vehicle,Friday,Dark Street lights on,40,2017/07/14,21:30:00,Yes,2.0,1.0,-38.14562414,144.3631602,GREATER GEELONG
T20170013734,Wet,Clear,Collision with vehicle,Friday,Dark Street lights on,80,2017/07/14,21:12:00,Yes,3.0,2.0,-37.57947808,143.9145702,BALLARAT
T20170013737,Dry,Clear,Vehicle overturned (no collision),Friday,Dark No street lights,80,2017/07/14,20:45:00,Yes,1.0,1.0,-35.71820663,143.1036103,BULOKE
T20170013748,Dry,Fog,Collision with a fixed object,Saturday,Dark No street lights,100,2017/07/15,01:20:00,Yes,1.0,1.0,-36.18255897,144.629764,CAMPASPE
T20170013753,Dry,Clear,Collision with vehicle,Saturday,Day,50,2017/07/15,08:49:00,No,3.0,2.0,-34.1727814,142.1477933,MILDURA
T20170013758,Dry,Clear,Collision with vehicle,Saturday,Day,80,2017/07/15,11:30:00,No,3.0,1.0,-36.69596542,144.3179071,GREATER BENDIGO
T20170013767,Dry,Clear,Struck Pedestrian,Saturday,Day,60,2017/07/15,13:35:00,No,2.0,1.0,-36.11339823,146.8930163,WODONGA
T20170013769,Wet,Clear,Vehicle overturned (no collision),Saturday,Day,100,2017/07/15,13:00:00,No,1.0,1.0,-37.56012917,145.6000145,MURRINDINDI
T20170013789,Dry,Clear,Collision with vehicle,Saturday,Dark No street lights,110,2017/07/15,20:05:00,Yes,3.0,1.0,-38.20399992,146.2978979,LATROBE
T20170013791,Dry,Clear,Collision with vehicle,Saturday,Dark Street lights on,60,2017/07/15,23:10:00,Yes,2.0,1.0,-36.74356635,144.274233,GREATER BENDIGO
T20170013802,Wet,Raining,Collision with a fixed object,Saturday,Day,80,2017/07/15,15:35:00,Yes,2.0,2.0,-38.7470107,143.2773906,COLAC OTWAY
T20170013810,Dry,Clear,Collision with a fixed object,Sunday,Day,60,2017/07/16,12:00:00,No,1.0,1.0,-38.25892266,144.5468661,GREATER GEELONG
T20170013817,Dry,Clear,Collision with a fixed object,Sunday,Day,100,2017/07/16,12:10:00,No,1.0,1.0,-36.95719027,144.015417,MOUNT ALEXANDER
T20170013835,Dry,Clear,Collision with vehicle,Sunday,Day,100,2017/07/16,16:25:00,Yes,5.0,3.0,-38.47220066,145.4748071,BASS COAST
T20170013848,Wet,Clear,No collision and no object struck,Sunday,Day,100,2017/07/16,10:30:00,No,2.0,2.0,-37.85792073,146.3895389,BAW BAW
T20170013849,Unknown,Not known,Collision with a fixed object,Friday,Dark Street lights on,60,2017/03/03,22:30:00,Yes,1.0,1.0,-38.26106819,144.6090415,GREATER GEELONG
T20170013851,Dry,Clear,Collision with vehicle,Monday,Day,50,2017/07/17,10:00:00,No,2.0,1.0,-38.1787568,146.2580739,LATROBE
T20170013858,Dry,Clear,No collision and no object struck,Sunday,Day,50,2017/07/16,11:45:00,No,2.0,1.0,-38.01995894,144.4120983,GREATER GEELONG
T20170013881,Dry,Clear,Collision with vehicle,Monday,Day,100,2017/07/17,13:30:00,No,9.0,8.0,-38.31570059,142.4004074,MOYNE
T20170013885,Unknown,Not known,Collision with a fixed object,Sunday,Dark No street lights,100,2017/07/16,19:30:00,No,1.0,1.0,-37.31585055,141.9785385,SOUTHERN GRAMPIANS
T20170013900,Dry,Clear,Collision with a fixed object,Monday,Dark No street lights,100,2017/07/17,23:10:00,Yes,3.0,3.0,-38.16173726,145.8767851,BAW BAW
T20170013911,Dry,Clear,Collision with vehicle,Tuesday,Day,60,2017/07/18,07:49:00,No,2.0,1.0,-35.33471287,143.5598173,SWAN HILL
T20170013912,Dry,Clear,No collision and no object struck,Sunday,Day,90,2017/07/09,09:30:00,Yes,1.0,1.0,-37.72692223,147.0165778,WELLINGTON
T20170013918,Wet,Raining,Collision with vehicle,Monday,Dark Street lights unknown,60,2017/07/17,18:50:00,Yes,2.0,1.0,-36.7724133,144.3763203,GREATER BENDIGO
T20170013926,Wet,Clear,Collision with vehicle,Tuesday,Day,50,2017/07/18,10:50:00,No,3.0,3.0,-37.04259892,143.7454221,CENTRAL GOLDFIELDS
T20170013933,Dry,Clear,Struck animal,Saturday,Day,999,2017/07/15,14:30:00,Yes,1.0,1.0,-37.28062979,142.65564,ARARAT
T20170013947,Wet,Raining,Collision with a fixed object,Tuesday,Day,100,2017/07/18,15:35:00,No,2.0,2.0,-36.14542579,145.13784,MOIRA
T20170013954,Wet,Raining,Collision with vehicle,Tuesday,Dark Street lights on,60,2017/07/18,18:11:00,Yes,2.0,1.0,-36.76684627,144.3157564,GREATER BENDIGO
T20170013958,Wet,Clear,Collision with vehicle,Tuesday,Dusk/Dawn,100,2017/07/18,17:50:00,No,3.0,2.0,-36.40195002,143.9746022,LODDON
T20170013960,Wet,Raining,Struck animal,Tuesday,Dark No street lights,100,2017/07/18,18:30:00,Yes,1.0,1.0,-37.5128497,145.6800728,MURRINDINDI
T20170013970,Dry,Clear,Collision with vehicle,Tuesday,Dark No street lights,100,2017/07/18,19:25:00,Yes,2.0,2.0,-37.45323948,144.74297,MACEDON RANGES
T20170013988,Wet,Raining,Collision with vehicle,Wednesday,Day,60,2017/07/19,07:28:00,No,3.0,1.0,-37.53989161,143.8008161,BALLARAT
T20170013995,Wet,Raining,Collision with a fixed object,Wednesday,Day,100,2017/07/19,08:45:00,No,1.0,1.0,-38.29771079,141.4811378,GLENELG
T20170014017,Wet,Clear,Collision with vehicle,Wednesday,Day,100,2017/07/19,08:45:00,No,3.0,2.0,-35.92532377,145.6319092,MOIRA
T20170014019,Dry,Clear,Collision with vehicle,Wednesday,Day,80,2017/07/19,14:20:00,No,6.0,3.0,-37.97287962,144.1430614,GOLDEN PLAINS
T20170014022,Dry,Clear,Collision with vehicle,Wednesday,Day,60,2017/07/19,13:30:00,No,2.0,1.0,-38.19689058,144.3186986,GREATER GEELONG
T20170014049,Wet,Raining,Struck animal,Tuesday,Dark No street lights,100,2017/07/18,18:10:00,Yes,3.0,1.0,-37.35129403,144.5600692,MACEDON RANGES
T20170014050,Dry,Clear,Collision with vehicle,Wednesday,Dark No street lights,110,2017/07/19,19:10:00,Yes,4.0,2.0,-36.74997985,145.5874683,STRATHBOGIE
T20170014057,Wet,Raining,Collision with a fixed object,Thursday,Day,100,2017/07/20,08:50:00,No,2.0,2.0,-37.94996166,147.0527852,WELLINGTON
T20170014059,Dry,Clear,Collision with vehicle,Thursday,Day,40,2017/07/20,09:30:00,No,2.0,1.0,-38.14375808,144.3476826,GREATER GEELONG
T20170014061,Dry,Clear,Fall from or in moving vehicle,Sunday,Unknown,50,2017/07/09,14:10:00,No,2.0,1.0,-38.16786142,144.3196637,GREATER GEELONG
T20170014064,Dry,Clear,Collision with vehicle,Thursday,Day,50,2017/07/20,08:42:00,No,2.0,1.0,-38.23273305,146.3925106,LATROBE
T20170014072,Dry,Clear,Vehicle overturned (no collision),Wednesday,Dark No street lights,100,2017/07/19,20:55:00,Yes,1.0,1.0,-36.53122493,145.0480532,CAMPASPE
T20170014075,Wet,Clear,Collision with vehicle,Thursday,Day,100,2017/07/20,07:26:00,No,3.0,2.0,-37.93455909,144.3598061,GREATER GEELONG
T20170014079,Dry,Clear,No collision and no object struck,Saturday,Dusk/Dawn,100,2017/07/01,16:30:00,Yes,1.0,1.0,-37.13794986,144.4473705,MOUNT ALEXANDER
T20170014080,Dry,Clear,Vehicle overturned (no collision),Thursday,Day,80,2017/07/20,13:30:00,No,4.0,2.0,-38.03593425,143.6287323,COLAC OTWAY
T20170014086,Wet,Raining,Collision with vehicle,Thursday,Day,50,2017/07/20,14:30:00,No,2.0,1.0,-37.34388012,144.7421785,MACEDON RANGES
T20170014090,Dry,Clear,Collision with vehicle,Thursday,Day,60,2017/07/20,16:55:00,No,3.0,1.0,-36.05548408,146.4627322,INDIGO
T20170014091,Dry,Clear,Vehicle overturned (no collision),Thursday,Day,60,2017/07/20,14:45:00,No,1.0,1.0,-38.08386082,144.3824402,GREATER GEELONG
T20170014099,Dry,Clear,Collision with vehicle,Thursday,Dark Street lights on,60,2017/07/20,17:50:00,No,2.0,1.0,-37.55205621,143.7854727,BALLARAT
T20170014108,Dry,Clear,Collision with vehicle,Friday,Day,60,2017/06/02,09:20:00,No,4.0,1.0,-34.2186808,142.17142,MILDURA
T20170014112,Dry,Clear,Struck Pedestrian,Thursday,Dark Street lights on,60,2017/07/20,23:50:00,Yes,2.0,1.0,-38.15492917,144.3793804,GREATER GEELONG
T20170014117,Wet,Clear,Collision with a fixed object,Friday,Dark No street lights,80,2017/07/21,05:10:00,Yes,1.0,1.0,-37.10694549,145.0944167,MITCHELL
T20170014120,Dry,Clear,Collision with vehicle,Friday,Day,100,2017/07/21,07:56:00,No,2.0,2.0,-37.80099968,144.4064901,MOORABOOL
T20170014121,Dry,Clear,Collision with vehicle,Friday,Day,60,2017/07/21,08:52:00,No,2.0,1.0,-37.07066982,144.2112998,MOUNT ALEXANDER
T20170014123,Dry,Clear,Collision with vehicle,Friday,Day,60,2017/07/21,08:55:00,No,2.0,1.0,-38.19783233,146.5304235,LATROBE
T20170014125,Dry,Fog,Collision with vehicle,Friday,Day,40,2017/07/21,09:20:00,No,3.0,1.0,-38.31133003,143.72397,COLAC OTWAY
T20170014137,Dry,Clear,Struck Pedestrian,Friday,Day,40,2017/07/21,12:10:00,No,3.0,1.0,-38.15350752,144.3663604,GREATER GEELONG
T20170014140,Wet,Fog,Collision with vehicle,Friday,Dusk/Dawn,100,2017/07/21,07:00:00,No,3.0,1.0,-37.99118355,146.8862216,WELLINGTON
T20170014141,Dry,Clear,Collision with vehicle,Sunday,Dark No street lights,50,2017/07/16,19:40:00,Yes,2.0,1.0,-38.18759975,144.34206,GREATER GEELONG
T20170014144,Dry,Clear,Collision with a fixed object,Friday,Day,50,2017/07/21,11:30:00,No,1.0,1.0,-38.37309899,142.4705021,WARRNAMBOOL
T20170014155,Dry,Clear,Collision with vehicle,Friday,Day,60,2017/07/21,16:50:00,Yes,7.0,6.0,-38.20119613,144.3267625,GREATER GEELONG
T20170014184,Dry,Clear,Collision with a fixed object,Friday,Dark No street lights,110,2017/07/21,22:30:00,Yes,1.0,1.0,-36.14982982,146.6345195,INDIGO
T20170014190,Wet,Fog,Collision with a fixed object,Saturday,Dark No street lights,100,2017/07/22,01:30:00,Yes,1.0,1.0,-37.91102027,144.4625722,GREATER GEELONG
T20170014214,Dry,Clear,Collision with vehicle,Saturday,Day,100,2017/07/22,09:00:00,No,4.0,2.0,-34.16250595,142.0391399,MILDURA
T20170014221,Dry,Clear,Collision with vehicle,Saturday,Day,60,2017/07/22,13:30:00,No,4.0,1.0,-38.17276941,145.9319487,BAW BAW
T20170014227,Wet,Clear,Collision with a fixed object,Saturday,Day,100,2017/07/22,13:20:00,No,1.0,1.0,-37.54646813,146.2178334,MANSFIELD
T20170014234,Dry,Fog,Collision with a fixed object,Friday,Dark No street lights,100,2017/07/21,23:15:00,Yes,1.0,1.0,-38.16406069,147.3891519,WELLINGTON
T20170014240,Dry,Clear,Collision with vehicle,Saturday,Dark Street lights on,50,2017/07/22,18:34:00,Yes,3.0,1.0,-37.55963762,143.8566896,BALLARAT
T20170014244,Dry,Clear,Collision with vehicle,Saturday,Dark No street lights,100,2017/07/22,19:23:00,Yes,4.0,3.0,-37.77674861,144.4363589,MOORABOOL
T20170014247,Dry,Clear,Collision with vehicle,Saturday,Dark No street lights,100,2017/07/22,17:33:00,Yes,4.0,1.0,-37.20832487,144.9184516,MITCHELL
T20170014249,Dry,Clear,Collision with a fixed object,Saturday,Day,100,2017/07/22,15:00:00,No,1.0,1.0,-37.1529886,147.6520734,EAST GIPPSLAND
T20170014255,Dry,Clear,Collision with a fixed object,Sunday,Dark No street lights,110,2017/07/23,00:30:00,Yes,1.0,1.0,-37.45358447,144.9768551,MITCHELL
T20170014268,Dry,Clear,Vehicle overturned (no collision),Sunday,Dark Street lights on,100,2017/07/23,04:30:00,Yes,1.0,1.0,-38.12845505,144.3151947,GREATER GEELONG
T20170014273,Wet,Raining,Collision with a fixed object,Sunday,Day,100,2017/07/23,08:30:00,Yes,2.0,2.0,-38.17854844,142.4221715,MOYNE
T20170014289,Dry,Clear,Collision with vehicle,Sunday,Day,60,2017/07/23,08:00:00,No,3.0,2.0,-37.58022495,143.8495885,BALLARAT
T20170014291,Muddy,Clear,Collision with vehicle,Sunday,Day,100,2017/07/23,16:10:00,No,4.0,1.0,-36.74307136,141.5236103,WEST WIMMERA
T20170014300,Wet,Clear,Struck Pedestrian,Sunday,Dark No street lights,60,2017/07/23,18:35:00,Yes,2.0,1.0,-38.17269913,144.3910267,GREATER GEELONG
T20170014324,Dry,Clear,Collision with vehicle,Monday,Day,50,2017/07/24,08:55:00,No,2.0,1.0,-34.18327166,142.144932,MILDURA
T20170014326,Dry,Clear,Collision with vehicle,Saturday,Day,70,2017/07/22,12:00:00,No,2.0,1.0,-38.20689225,144.3402865,GREATER GEELONG
T20170014334,Wet,Fog,Collision with vehicle,Monday,Day,40,2017/07/24,08:00:00,Yes,7.0,1.0,-36.36833635,145.4149235,GREATER SHEPPARTON
T20170014338,Dry,Clear,Collision with vehicle,Monday,Day,60,2017/07/24,11:18:00,No,3.0,2.0,-38.37397387,142.477423,WARRNAMBOOL
T20170014340,Unknown,Not known,Collision with vehicle,Sunday,Dark Street lights on,50,2017/07/23,17:45:00,No,2.0,1.0,-37.67553181,144.4353148,MOORABOOL
T20170014345,Wet,Fog,Collision with a fixed object,Monday,Day,60,2017/07/24,07:55:00,No,3.0,1.0,-36.3826508,145.4079949,GREATER SHEPPARTON
T20170014361,Dry,Clear,Collision with vehicle,Monday,Dusk/Dawn,60,2017/07/24,17:23:00,Yes,2.0,1.0,-36.71698551,144.246714,GREATER BENDIGO
T20170014368,Dry,Clear,Collision with vehicle,Monday,Day,100,2017/07/24,17:10:00,No,3.0,2.0,-37.5486897,144.5743356,MACEDON RANGES
T20170014372,Dry,Clear,Collision with vehicle,Monday,Dusk/Dawn,100,2017/07/24,17:00:00,No,3.0,1.0,-36.10181904,144.8541848,MOIRA
T20170014378,Wet,Raining,No collision and no object struck,Monday,Dark Street lights on,100,2017/07/24,21:50:00,Yes,1.0,1.0,-37.30359237,142.9863883,ARARAT
T20170014395,Dry,Clear,Collision with vehicle,Tuesday,Day,40,2017/07/25,08:40:00,No,4.0,1.0,-38.37741705,142.483338,WARRNAMBOOL
T20170014405,Dry,Clear,Collision with vehicle,Tuesday,Day,60,2017/07/25,09:50:00,No,2.0,2.0,-37.82527869,147.612552,EAST GIPPSLAND
T20170014412,Dry,Clear,Collision with vehicle,Tuesday,Day,50,2017/07/25,13:40:00,No,2.0,2.0,-37.55548126,143.8574432,BALLARAT
T20170014417,Dry,Clear,Collision with vehicle,Sunday,Day,50,2017/07/16,15:34:00,No,1.0,1.0,-36.76257731,144.2786121,GREATER BENDIGO
T20170014424,Dry,Clear,Collision with vehicle,Tuesday,Day,50,2017/07/25,16:15:00,No,2.0,1.0,-38.23520522,146.3970842,LATROBE