Accident_No,Surface_Cond_Desc,Atmosph_Cond_Desc,Accident_Type_Desc,Day,Light_Condition_Desc,Speed_Zone,Accident_Date,Accident_Time,Alcohol_Influence,Total_Persons_Inv,Inj_Or_Fatal,Lat,Long,LGA
T20170014426,Dry,Clear,Struck Pedestrian,Tuesday,Day,50,2017/07/25,17:08:00,No,2.0,1.0,-36.37883132,145.3983163,GREATER SHEPPARTON
T20170014434,Wet,Raining,Vehicle overturned (no collision),Tuesday,Dark No street lights,80,2017/07/25,18:15:00,Yes,2.0,1.0,-37.74389978,143.7084416,GOLDEN PLAINS
T20170014447,Wet,Raining,Collision with vehicle,Wednesday,Dusk/Dawn,60,2017/07/26,07:19:00,No,2.0,1.0,-38.3710714,142.2314517,MOYNE
T20170014450,Wet,Fog,No collision and no object struck,Wednesday,Dusk/Dawn,100,2017/07/26,06:40:00,No,1.0,1.0,-36.5975152,145.8486817,STRATHBOGIE
T20170014452,Wet,Raining,Collision with a fixed object,Wednesday,Day,100,2017/07/26,10:00:00,No,1.0,1.0,-38.55509041,145.6526703,BASS COAST
T20170014454,Wet,Raining,Collision with a fixed object,Thursday,Dusk/Dawn,100,2017/07/20,17:00:00,No,1.0,1.0,-38.08925304,145.8609502,BAW BAW
T20170014455,Unknown,Not known,Collision with vehicle,Tuesday,Day,110,2017/07/25,17:30:00,No,2.0,1.0,-36.91669076,145.225012,STRATHBOGIE
T20170014460,Dry,Clear,Collision with vehicle,Wednesday,Dark Street lights on,50,2017/07/26,06:00:00,Yes,2.0,1.0,-37.05194581,146.0877999,MANSFIELD
T20170014462,Wet,Raining,Collision with a fixed object,Wednesday,Day,80,2017/07/26,09:45:00,No,1.0,1.0,-38.36512595,145.8594635,SOUTH GIPPSLAND
T20170014476,Dry,Clear,Collision with vehicle,Wednesday,Day,60,2017/07/26,13:10:00,No,2.0,1.0,-34.205965,142.1770164,MILDURA
T20170014477,Dry,Clear,Collision with vehicle,Thursday,Day,110,2017/07/06,15:30:00,No,2.0,1.0,-36.89560335,145.1435823,STRATHBOGIE
T20170014480,Dry,Clear,Collision with vehicle,Wednesday,Day,50,2017/07/26,16:15:00,No,3.0,1.0,-38.17877805,144.400184,GREATER GEELONG
T20170014489,Wet,Clear,Vehicle overturned (no collision),Wednesday,Day,100,2017/07/26,15:50:00,No,2.0,2.0,-37.73561402,144.3820492,MOORABOOL
T20170014496,Wet,Raining,No collision and no object struck,Saturday,Day,999,2017/07/15,11:30:00,No,1.0,1.0,-37.15918937,144.2410603,MOUNT ALEXANDER
T20170014503,Dry,Clear,Collision with a fixed object,Wednesday,Dark Street lights on,60,2017/07/26,23:50:00,Yes,1.0,1.0,-38.33580043,141.6015956,GLENELG
T20170014508,Dry,Clear,Struck Pedestrian,Tuesday,Day,50,2017/07/25,08:00:00,No,2.0,1.0,-38.16197525,144.3974045,GREATER GEELONG
T20170014516,Unknown,Clear,Struck Pedestrian,Wednesday,Day,60,2017/07/26,16:45:00,No,2.0,1.0,-38.60625935,145.5891511,BASS COAST
T20170014524,Wet,Raining,Collision with a fixed object,Sunday,Dark No street lights,80,2017/07/23,23:25:00,Yes,2.0,2.0,-37.49969027,145.3063206,MURRINDINDI
T20170014525,Dry,Clear,Collision with vehicle,Thursday,Day,40,2017/07/27,08:30:00,No,2.0,1.0,-37.56293594,143.86058,BALLARAT
T20170014537,Dry,Clear,Collision with a fixed object,Thursday,Day,60,2017/07/27,09:37:00,No,1.0,1.0,-38.23022902,146.4081491,LATROBE
T20170014538,Unknown,Not known,Collision with vehicle,Tuesday,Day,100,2017/07/25,09:15:00,No,2.0,1.0,-36.41755167,143.6335068,LODDON
T20170014540,Dry,Clear,Vehicle overturned (no collision),Thursday,Day,100,2017/07/27,13:41:00,No,1.0,1.0,-38.21179544,144.2461276,GREATER GEELONG
T20170014559,Dry,Clear,Collision with vehicle,Wednesday,Day,50,2017/07/26,16:15:00,No,2.0,1.0,-38.11984504,144.3407108,GREATER GEELONG
T20170014561,Dry,Clear,Struck Pedestrian,Sunday,Dark Street lights on,60,2017/07/16,02:48:00,Yes,2.0,1.0,-36.75017322,144.2834733,GREATER BENDIGO
T20170014565,Wet,Raining,Collision with vehicle,Thursday,Dark Street lights on,50,2017/07/27,18:20:00,Yes,2.0,1.0,-37.28279935,142.9347501,ARARAT
T20170014568,Dry,Clear,Collision with vehicle,Thursday,Dark Street lights on,50,2017/07/27,20:00:00,Yes,2.0,1.0,-36.01247526,146.004575,MOIRA
T20170014577,Wet,Raining,Collision with vehicle,Thursday,Dark Street lights on,60,2017/07/27,19:15:00,Yes,2.0,1.0,-37.53295138,143.8296605,BALLARAT
T20170014591,Dry,Clear,Vehicle overturned (no collision),Thursday,Dark No street lights,100,2017/07/27,04:00:00,Yes,1.0,1.0,-36.33898001,145.4318216,GREATER SHEPPARTON
T20170014592,Wet,Fog,Collision with a fixed object,Thursday,Dark Street lights on,50,2017/07/27,03:00:00,Yes,1.0,1.0,-38.22969972,146.4198997,LATROBE
T20170014597,Dry,Clear,Fall from or in moving vehicle,Monday,Day,100,2017/06/05,12:15:00,No,3.0,1.0,-37.84246034,147.0901399,WELLINGTON
T20170014609,Dry,Clear,Struck animal,Friday,Day,30,2017/07/28,09:00:00,No,1.0,1.0,-38.36582463,143.9521491,SURF COAST
T20170014623,Dry,Clear,Collision with vehicle,Friday,Day,80,2017/07/28,12:50:00,No,3.0,1.0,-36.38668278,145.381578,GREATER SHEPPARTON
T20170014628,Dry,Clear,Collision with a fixed object,Friday,Day,60,2017/07/28,13:10:00,No,1.0,1.0,-37.47298225,144.9691403,MITCHELL
T20170014629,Dry,Clear,Collision with a fixed object,Thursday,Dark Street lights on,50,2017/07/27,19:25:00,Yes,2.0,1.0,-34.182999,142.1609288,MILDURA
T20170014633,Dry,Clear,Collision with vehicle,Friday,Day,90,2017/07/28,15:14:00,No,5.0,3.0,-38.24436732,144.2961203,GREATER GEELONG
T20170014640,Dry,Clear,Collision with vehicle,Friday,Dusk/Dawn,60,2017/07/28,17:55:00,No,2.0,1.0,-36.36805346,145.4125645,GREATER SHEPPARTON
T20170014646,Dry,Clear,Collision with a fixed object,Friday,Dark No street lights,100,2017/07/28,18:35:00,Yes,9.0,3.0,-38.58193183,143.0128548,CORANGAMITE
T20170014649,Dry,Clear,Collision with a fixed object,Friday,Dark No street lights,100,2017/07/28,19:47:00,Yes,1.0,1.0,-37.09908484,144.8466513,MITCHELL
T20170014650,Dry,Clear,Collision with vehicle,Friday,Dark Street lights on,50,2017/07/28,18:06:00,Yes,3.0,2.0,-38.14590802,144.3642067,GREATER GEELONG
T20170014651,Wet,Clear,Collision with vehicle,Friday,Dark No street lights,100,2017/07/28,20:45:00,Yes,2.0,1.0,-38.2892622,146.4143964,LATROBE
T20170014666,Dry,Not known,Collision with vehicle,Thursday,Day,40,2017/07/06,16:00:00,No,2.0,1.0,-38.14376178,144.3615482,GREATER GEELONG
T20170014679,Wet,Clear,Collision with a fixed object,Saturday,Day,100,2017/07/29,12:10:00,No,3.0,3.0,-36.41343972,144.4353602,GREATER BENDIGO
T20170014685,Dry,Clear,Struck Pedestrian,Monday,Day,50,2017/07/24,14:00:00,No,2.0,1.0,-37.47956959,145.2703174,MURRINDINDI
T20170014697,Dry,Clear,Struck animal,Saturday,Dark No street lights,100,2017/07/29,03:50:00,Yes,1.0,1.0,-36.21288,145.0055751,CAMPASPE
T20170014716,Dry,Clear,Collision with vehicle,Sunday,Dusk/Dawn,50,2017/07/30,07:00:00,Yes,2.0,1.0,-38.16170392,144.3541106,GREATER GEELONG
T20170014719,Dry,Clear,Collision with vehicle,Friday,Day,50,2017/07/28,10:00:00,No,3.0,1.0,-38.08061757,147.0709353,WELLINGTON
T20170014731,Dry,Clear,Collision with vehicle,Sunday,Day,70,2017/07/30,12:00:00,No,2.0,1.0,-36.80263836,144.2423217,GREATER BENDIGO
T20170014732,Dry,Clear,Struck Pedestrian,Sunday,Day,100,2017/07/30,12:30:00,No,3.0,1.0,-36.78466034,144.1344889,GREATER BENDIGO
T20170014734,Dry,Clear,Struck Pedestrian,Sunday,Day,50,2017/07/30,16:27:00,Yes,2.0,1.0,-37.56334512,143.8636999,BALLARAT
T20170014737,Wet,Clear,Collision with vehicle,Sunday,Day,100,2017/07/30,15:45:00,No,3.0,1.0,-38.24734834,143.1707535,CORANGAMITE
T20170014743,Dry,Clear,Collision with vehicle,Sunday,Day,50,2017/07/30,17:13:00,Yes,3.0,1.0,-36.38194355,145.405818,GREATER SHEPPARTON
T20170014745,Dry,Clear,Struck Pedestrian,Sunday,Day,40,2017/07/30,15:00:00,No,2.0,1.0,-38.23630671,146.4309462,LATROBE
T20170014766,Dry,Clear,Struck animal,Monday,Dusk/Dawn,100,2017/07/31,07:02:00,No,1.0,1.0,-38.45142016,142.9227714,CORANGAMITE
T20170014772,Dry,Clear,Collision with a fixed object,Monday,Day,60,2017/07/31,10:00:00,No,2.0,1.0,-38.08613975,144.34299,GREATER GEELONG
T20170014780,Dry,Clear,Collision with vehicle,Monday,Day,60,2017/07/31,12:40:00,No,2.0,1.0,-38.10746043,144.3440484,GREATER GEELONG
T20170014790,Dry,Clear,Collision with a fixed object,Sunday,Dark No street lights,60,2017/07/30,20:30:00,Yes,1.0,1.0,-37.68793218,144.4679892,MOORABOOL
T20170014801,Unknown,Not known,Collision with vehicle,Friday,Day,60,2017/07/14,15:40:00,No,3.0,1.0,-38.1869855,146.2847686,LATROBE
T20170014803,Dry,Clear,Collision with vehicle,Monday,Day,60,2017/07/31,15:13:00,No,3.0,2.0,-36.38625981,145.4243119,GREATER SHEPPARTON
T20170014806,Dry,Fog,Collision with a fixed object,Monday,Day,100,2017/07/31,07:45:00,Yes,1.0,1.0,-36.58661573,143.2698307,NORTHERN GRAMPIANS
T20170014826,Dry,Clear,Collision with a fixed object,Monday,Dark No street lights,80,2017/07/31,19:30:00,Yes,1.0,1.0,-38.40961355,142.9069849,CORANGAMITE
T20170014833,Dry,Clear,Collision with vehicle,Tuesday,Dark No street lights,110,2017/08/01,00:05:00,Yes,3.0,1.0,-36.82802054,145.4082602,STRATHBOGIE
T20170014834,Dry,Fog,Collision with a fixed object,Tuesday,Dark No street lights,100,2017/08/01,00:25:00,Yes,1.0,1.0,-38.35266971,143.6412398,COLAC OTWAY
T20170014838,Dry,Clear,Struck Pedestrian,Friday,Dark Street lights on,60,2017/07/07,00:20:00,Yes,2.0,1.0,-36.54556105,145.9822296,BENALLA
T20170014843,Dry,Clear,Struck animal,Tuesday,Dusk/Dawn,100,2017/08/01,06:55:00,No,1.0,1.0,-36.83540545,144.2918505,GREATER BENDIGO
T20170014847,Dry,Clear,Collision with vehicle,Tuesday,Day,50,2017/08/01,09:20:00,No,3.0,2.0,-36.36091573,144.7000582,CAMPASPE
T20170014853,Dry,Clear,Collision with vehicle,Tuesday,Day,100,2017/08/01,08:10:00,No,3.0,3.0,-38.31261542,142.5309363,MOYNE
T20170014858,Dry,Clear,Collision with a fixed object,Tuesday,Day,100,2017/08/01,10:39:00,No,3.0,3.0,-37.06646682,146.1528646,MANSFIELD
T20170014866,Dry,Clear,Collision with vehicle,Tuesday,Day,40,2017/08/01,07:55:00,No,2.0,1.0,-37.0195329,145.1411311,MITCHELL
T20170014879,Dry,Clear,Struck Pedestrian,Friday,Dark Street lights on,60,2017/07/14,19:40:00,Yes,2.0,1.0,-36.58700535,145.0224611,CAMPASPE
T20170014880,Dry,Clear,Collision with a fixed object,Tuesday,Day,60,2017/08/01,16:05:00,No,1.0,1.0,-37.95932957,146.9833557,WELLINGTON
T20170014887,Dry,Clear,Collision with a fixed object,Saturday,Day,100,2017/07/15,07:50:00,Yes,1.0,1.0,-36.53563873,144.5810767,GREATER BENDIGO
T20170014892,Wet,Clear,Vehicle overturned (no collision),Sunday,Day,999,2017/07/23,11:00:00,No,1.0,1.0,-37.77586821,143.7474107,GOLDEN PLAINS
T20170014896,Dry,Clear,Collision with vehicle,Tuesday,Dark Street lights on,60,2017/08/01,21:40:00,Yes,5.0,3.0,-37.53531241,143.8493916,BALLARAT
T20170014903,Dry,Clear,Collision with vehicle,Wednesday,Day,40,2017/08/02,08:15:00,No,3.0,2.0,-38.28163231,143.8604311,SURF COAST
T20170014904,Wet,Fog,Collision with vehicle,Wednesday,Dark No street lights,100,2017/08/02,06:00:00,Yes,4.0,4.0,-37.35491378,144.814311,MACEDON RANGES
T20170014906,Dry,Clear,Collision with vehicle,Wednesday,Day,50,2017/08/02,08:00:00,No,2.0,1.0,-38.16936629,144.3053679,GREATER GEELONG
T20170014909,Dry,Clear,Struck Pedestrian,Sunday,Day,50,2017/07/16,14:00:00,No,2.0,1.0,-38.14844822,144.3610508,GREATER GEELONG
T20170014914,Dry,Clear,Collision with vehicle,Wednesday,Day,60,2017/08/02,10:05:00,No,2.0,1.0,-37.56198356,143.8386195,BALLARAT
T20170014919,Dry,Clear,Struck Pedestrian,Friday,Dark Street lights unknown,50,2017/07/28,18:30:00,Yes,2.0,1.0,-36.35434664,146.2988079,WANGARATTA
T20170014927,Dry,Clear,Collision with vehicle,Wednesday,Day,60,2017/08/02,12:45:00,No,3.0,1.0,-38.10487954,147.0767068,WELLINGTON
T20170014931,Dry,Clear,Collision with vehicle,Wednesday,Day,100,2017/08/02,10:52:00,No,3.0,2.0,-35.92551106,145.4051515,MOIRA
T20170014934,Dry,Clear,Collision with a fixed object,Wednesday,Day,100,2017/08/02,15:00:00,No,1.0,1.0,-38.2819649,146.5465562,LATROBE
T20170014936,Dry,Clear,Collision with vehicle,Wednesday,Dusk/Dawn,60,2017/08/02,17:30:00,No,1.0,1.0,-36.25478347,144.9481885,CAMPASPE
T20170014962,Dry,Clear,Collision with vehicle,Wednesday,Day,60,2017/08/02,14:00:00,No,2.0,1.0,-37.06417353,142.7650483,NORTHERN GRAMPIANS
T20170014966,Dry,Clear,Collision with vehicle,Thursday,Dark No street lights,100,2017/08/03,06:40:00,No,2.0,1.0,-36.6021593,144.1270809,LODDON
T20170014970,Wet,Raining,Collision with a fixed object,Thursday,Dusk/Dawn,80,2017/08/03,07:25:00,No,1.0,1.0,-35.46667882,143.6544021,SWAN HILL
T20170014981,Dry,Clear,Collision with vehicle,Thursday,Day,50,2017/08/03,11:40:00,No,2.0,1.0,-37.28367504,142.9315974,ARARAT
T20170014984,Dry,Clear,Collision with vehicle,Thursday,Day,60,2017/08/03,09:40:00,No,5.0,2.0,-37.54238441,143.8499672,BALLARAT
T20170014985,Dry,Clear,Collision with a fixed object,Thursday,Day,100,2017/08/03,08:25:00,No,1.0,1.0,-37.33228907,145.3535986,MURRINDINDI
T20170015000,Dry,Not known,Collision with a fixed object,Wednesday,Dark No street lights,100,2017/08/02,22:00:00,Yes,1.0,1.0,-36.13393471,146.0848956,MOIRA
T20170015004,Wet,Raining,Collision with vehicle,Thursday,Day,100,2017/08/03,15:15:00,No,2.0,1.0,-37.75319355,144.4431354,MOORABOOL
T20170015005,Wet,Raining,Collision with a fixed object,Thursday,Dusk/Dawn,110,2017/08/03,16:34:00,No,1.0,1.0,-37.54764241,143.8989178,BALLARAT
T20170015017,Wet,Raining,Collision with vehicle,Thursday,Day,60,2017/08/03,14:40:00,No,3.0,1.0,-34.19187786,142.1743652,MILDURA
T20170015023,Wet,Raining,Collision with vehicle,Thursday,Dusk/Dawn,80,2017/08/03,16:30:00,No,2.0,1.0,-36.14520557,146.9434861,WODONGA
T20170015042,Wet,Raining,Collision with a fixed object,Thursday,Dark No street lights,80,2017/08/03,00:00:00,Yes,1.0,1.0,-37.64629577,143.870223,BALLARAT
T20170015054,Wet,Clear,Collision with vehicle,Friday,Day,60,2017/08/04,09:28:00,No,3.0,1.0,-37.56036571,143.8429334,BALLARAT
T20170015057,Unknown,Clear,Collision with vehicle,Friday,Day,999,2017/08/04,07:00:00,No,2.0,1.0,-38.14426719,144.3583721,GREATER GEELONG
T20170015058,Unknown,Not known,Collision with vehicle,Thursday,Day,50,2017/07/06,09:00:00,No,1.0,1.0,-38.61383,145.5985102,BASS COAST
T20170015066,Wet,Clear,Collision with a fixed object,Friday,Day,100,2017/08/04,08:20:00,No,1.0,1.0,-36.84148825,144.6037214,GREATER BENDIGO
T20170015068,Wet,Clear,Collision with a fixed object,Monday,Day,100,2017/03/20,11:00:00,No,1.0,1.0,-37.83360896,144.0978394,GOLDEN PLAINS
T20170015070,Dry,Clear,Collision with vehicle,Friday,Day,80,2017/08/04,15:30:00,No,2.0,1.0,-36.95592734,144.2360593,MOUNT ALEXANDER
T20170015075,Dry,Clear,No collision and no object struck,Friday,Day,100,2017/08/04,15:30:00,No,1.0,1.0,-36.12946896,144.6914038,CAMPASPE
T20170015080,Wet,Clear,Struck Pedestrian,Friday,Dark Street lights on,60,2017/08/04,18:55:00,Yes,1.0,1.0,-37.55399054,143.8562251,BALLARAT
T20170015084,Dry,Clear,Struck Pedestrian,Friday,Day,60,2017/08/04,15:53:00,No,2.0,1.0,-38.06821602,144.3720708,GREATER GEELONG
T20170015092,Wet,Raining,Collision with a fixed object,Friday,Dark No street lights,100,2017/08/04,17:28:00,No,1.0,1.0,-37.55643138,143.7568968,BALLARAT
T20170015093,Wet,Clear,Collision with vehicle,Friday,Dark Street lights on,80,2017/08/04,21:16:00,Yes,5.0,1.0,-37.02853059,145.1068704,MITCHELL
T20170015099,Dry,Clear,Collision with vehicle,Friday,Dark Street lights on,60,2017/08/04,23:52:00,Yes,3.0,2.0,-38.08138082,144.3370217,GREATER GEELONG
T20170015101,Dry,Clear,Struck Pedestrian,Saturday,Dark Street lights on,70,2017/08/05,00:45:00,Yes,2.0,1.0,-38.13426109,144.351231,GREATER GEELONG
T20170015103,Dry,Clear,Collision with vehicle,Friday,Dark No street lights,40,2017/08/04,22:10:00,Yes,4.0,1.0,-38.38733757,142.4810331,WARRNAMBOOL
T20170015113,Wet,Clear,Collision with vehicle,Friday,Day,70,2017/08/04,08:55:00,No,3.0,1.0,-38.1977717,144.3168715,GREATER GEELONG
T20170015114,Wet,Clear,Collision with a fixed object,Saturday,Dark No street lights,100,2017/08/05,05:55:00,Yes,1.0,1.0,-37.60979017,143.8146803,BALLARAT
T20170015115,Dry,Clear,Struck Pedestrian,Saturday,Day,60,2017/08/05,08:37:00,No,2.0,1.0,-38.15484375,144.3714793,GREATER GEELONG
T20170015130,Muddy,Clear,Collision with a fixed object,Saturday,Day,999,2017/08/05,09:00:00,No,1.0,1.0,-37.43914609,145.3144997,MURRINDINDI
T20170015132,Dry,Clear,Collision with vehicle,Wednesday,Day,50,2017/07/26,16:30:00,No,2.0,1.0,-36.3942763,145.3603991,GREATER SHEPPARTON
T20170015138,Snowy,Snowing,Collision with a fixed object,Saturday,Day,80,2017/08/05,09:00:00,No,4.0,2.0,-36.98301758,147.0575014,ALPINE
T20170015139,Dry,Clear,Collision with a fixed object,Saturday,Day,60,2017/08/05,15:40:00,Yes,1.0,1.0,-38.23316472,146.3853677,LATROBE
T20170015149,Dry,Clear,Collision with a fixed object,Saturday,Dark No street lights,100,2017/08/05,18:03:00,Yes,1.0,1.0,-38.49151484,146.0023281,SOUTH GIPPSLAND
T20170015150,Dry,Clear,Collision with a fixed object,Saturday,Day,50,2017/08/05,16:50:00,Yes,1.0,1.0,-38.36741297,142.4737333,WARRNAMBOOL
T20170015156,Dry,Clear,Collision with vehicle,Saturday,Dark No street lights,50,2017/08/05,19:31:00,Yes,2.0,1.0,-37.68632705,144.5025861,MOORABOOL
T20170015162,Dry,Clear,Collision with a fixed object,Saturday,Dark No street lights,100,2017/08/05,20:00:00,Yes,1.0,1.0,-37.92395051,147.0877244,WELLINGTON
T20170015164,Dry,Clear,Collision with vehicle,Monday,Day,60,2017/07/31,07:45:00,No,2.0,1.0,-37.96358523,147.087155,WELLINGTON
T20170015176,Wet,Clear,Collision with a fixed object,Sunday,Dark Street lights on,60,2017/08/06,01:00:00,Yes,1.0,1.0,-38.3303,141.6066816,GLENELG
T20170015181,Wet,Raining,Collision with a fixed object,Sunday,Dusk/Dawn,60,2017/08/06,07:00:00,Yes,1.0,1.0,-36.40070718,145.3708315,GREATER SHEPPARTON
T20170015184,Wet,Raining,Collision with a fixed object,Sunday,Dark No street lights,100,2017/08/06,06:30:00,Yes,1.0,1.0,-37.46842958,143.9455252,HEPBURN
T20170015185,Unknown,Clear,Vehicle overturned (no collision),Monday,Day,999,2017/06/12,14:40:00,No,1.0,1.0,-37.16922989,147.7608252,EAST GIPPSLAND
T20170015191,Wet,Raining,collision with some other object,Sunday,Day,999,2017/08/06,10:45:00,No,1.0,1.0,-37.44526102,144.3244886,MOORABOOL
T20170015193,Dry,Clear,Collision with vehicle,Saturday,Day,80,2017/08/05,11:35:00,No,3.0,1.0,-38.09892137,146.9771876,WELLINGTON
T20170015194,Dry,Clear,Collision with vehicle,Saturday,Dark Street lights on,60,2017/08/05,20:25:00,Yes,3.0,1.0,-36.11947728,146.8962987,WODONGA
T20170015204,Wet,Raining,Collision with a fixed object,Saturday,Day,100,2017/08/05,14:56:00,Yes,1.0,1.0,-37.43399751,143.4058766,PYRENEES
T20170015219,Icy,Raining,Vehicle overturned (no collision),Sunday,Day,110,2017/08/06,13:00:00,No,4.0,2.0,-36.7741265,145.5157869,STRATHBOGIE
T20170015238,Wet,Raining,Collision with a fixed object,Monday,Dark Street lights on,70,2017/08/07,02:36:00,Yes,1.0,1.0,-38.18781012,144.4587299,GREATER GEELONG
T20170015239,Dry,Clear,Collision with vehicle,Monday,Dark No street lights,100,2017/08/07,00:32:00,Yes,3.0,1.0,-37.99841185,144.5002313,GREATER GEELONG
T20170015250,Wet,Raining,Collision with a fixed object,Monday,Day,50,2017/08/07,07:30:00,No,1.0,1.0,-36.76191391,144.2966075,GREATER BENDIGO
T20170015251,Wet,Clear,Collision with vehicle,Monday,Day,50,2017/08/07,10:00:00,No,2.0,1.0,-37.05799135,146.0850997,MANSFIELD
T20170015252,Wet,Raining,Collision with a fixed object,Monday,Day,100,2017/08/07,08:15:00,No,2.0,2.0,-36.64693494,144.5321084,GREATER BENDIGO
T20170015255,Wet,Clear,Collision with vehicle,Monday,Day,60,2017/08/07,09:42:00,Yes,2.0,1.0,-37.55813448,143.8247732,BALLARAT
T20170015260,Dry,Clear,Collision with vehicle,Monday,Day,60,2017/08/07,08:00:00,Yes,2.0,1.0,-37.69105559,144.4403519,MOORABOOL
T20170015263,Wet,Raining,Fall from or in moving vehicle,Saturday,Day,80,2017/04/29,15:45:00,Yes,1.0,1.0,-38.57911348,143.8063356,COLAC OTWAY
T20170015267,Dry,Clear,Vehicle overturned (no collision),Sunday,Day,100,2017/08/06,08:30:00,Yes,1.0,1.0,-38.1192392,146.860256,WELLINGTON
T20170015268,Wet,Raining,Collision with vehicle,Thursday,Dark Street lights on,50,2017/08/03,20:00:00,Yes,2.0,1.0,-36.79286166,144.2477824,GREATER BENDIGO
T20170015275,Wet,Clear,collision with some other object,Monday,Day,100,2017/08/07,13:20:00,No,1.0,1.0,-36.42084585,146.107529,BENALLA
T20170015293,Wet,Raining,Collision with vehicle,Monday,Day,60,2017/08/07,16:00:00,Yes,2.0,1.0,-38.09871624,144.3541055,GREATER GEELONG
T20170015318,Wet,Clear,Collision with a fixed object,Tuesday,Dark No street lights,100,2017/08/08,00:15:00,Yes,1.0,1.0,-37.43146723,144.7161766,MACEDON RANGES
T20170015322,Dry,Clear,Collision with a fixed object,Tuesday,Dusk/Dawn,110,2017/08/08,06:30:00,No,1.0,1.0,-37.66342427,144.4296904,MOORABOOL
T20170015331,Dry,Fog,Collision with vehicle,Tuesday,Day,999,2017/08/08,08:45:00,No,2.0,1.0,-36.12015468,146.8565801,WODONGA
T20170015332,Wet,Raining,Collision with a fixed object,Tuesday,Day,100,2017/08/08,08:30:00,No,1.0,1.0,-38.39707135,145.8319199,SOUTH GIPPSLAND
T20170015336,Wet,Raining,Collision with vehicle,Tuesday,Day,80,2017/08/08,08:30:00,No,5.0,4.0,-38.30492066,146.421194,LATROBE
T20170015337,Wet,Fog,Collision with a fixed object,Tuesday,Dusk/Dawn,100,2017/06/20,17:23:00,No,1.0,1.0,-37.87060236,146.2562182,BAW BAW
T20170015341,Dry,Clear,Collision with vehicle,Tuesday,Day,50,2017/08/08,10:30:00,No,2.0,1.0,-37.56497474,143.864612,BALLARAT
T20170015352,Dry,Clear,Collision with a fixed object,Tuesday,Day,100,2017/08/08,11:40:00,No,3.0,2.0,-38.06971592,144.2253893,GOLDEN PLAINS
T20170015353,Dry,Clear,Collision with vehicle,Tuesday,Day,50,2017/08/08,14:40:00,No,2.0,1.0,-37.48820345,144.5931435,MACEDON RANGES
T20170015354,Wet,Raining,Collision with a fixed object,Monday,Day,110,2017/08/07,16:30:00,No,1.0,1.0,-37.51904999,144.6236695,MACEDON RANGES
T20170015357,Wet,Raining,Struck animal,Monday,Dark No street lights,100,2017/08/07,21:50:00,Yes,1.0,1.0,-38.18757878,146.4837912,LATROBE
T20170015360,Unknown,Fog,Struck animal,Friday,Dark No street lights,110,2016/08/05,06:03:00,No,1.0,1.0,-36.88419003,145.1424567,STRATHBOGIE
T20170015362,Dry,Clear,Collision with a fixed object,Tuesday,Day,50,2017/08/08,14:30:00,No,1.0,1.0,-37.60015743,144.228104,MOORABOOL
T20170015367,Dry,Clear,Collision with a fixed object,Tuesday,Day,100,2017/08/08,10:30:00,No,1.0,1.0,-37.04042252,142.7602961,NORTHERN GRAMPIANS
T20170015371,Dry,Clear,Collision with vehicle,Tuesday,Dusk/Dawn,60,2017/08/08,17:50:00,No,2.0,1.0,-38.17164975,144.3506923,GREATER GEELONG
T20170015382,Wet,Clear,Struck animal,Wednesday,Dark No street lights,100,2017/08/09,06:20:00,No,1.0,1.0,-37.47726852,144.5391705,MACEDON RANGES
T20170015384,Dry,Clear,Collision with vehicle,Wednesday,Day,70,2017/08/09,07:30:00,No,2.0,1.0,-37.35749704,144.7438288,MACEDON RANGES
T20170015393,Wet,Clear,Collision with a fixed object,Wednesday,Day,100,2017/08/09,07:45:00,No,1.0,1.0,-38.5348803,145.5508515,BASS COAST
T20170015399,Dry,Clear,Collision with vehicle,Wednesday,Day,100,2017/08/09,10:30:00,No,6.0,2.0,-38.21404034,144.1071287,SURF COAST
T20170015402,Wet,Clear,Collision with a fixed object,Wednesday,Day,100,2017/08/09,08:40:00,No,1.0,1.0,-38.49669664,145.2329521,BASS COAST
T20170015403,Wet,Raining,Collision with a fixed object,Tuesday,Dark No street lights,60,2017/08/08,22:15:00,Yes,1.0,1.0,-38.20986775,146.3150593,LATROBE
T20170015405,Dry,Clear,Struck Pedestrian,Wednesday,Day,60,2017/08/09,12:00:00,No,2.0,1.0,-37.57057444,143.8370334,BALLARAT
T20170015411,Dry,Clear,Collision with vehicle,Tuesday,Dark Street lights off,60,2017/08/08,18:40:00,Yes,3.0,1.0,-37.56175227,143.7837095,BALLARAT
T20170015420,Dry,Clear,Collision with vehicle,Wednesday,Day,50,2017/08/09,15:48:00,No,5.0,3.0,-36.38700706,145.4019435,GREATER SHEPPARTON
T20170015438,Dry,Clear,Collision with vehicle,Saturday,Day,50,2017/08/05,11:20:00,No,3.0,2.0,-38.16005323,144.348817,GREATER GEELONG
T20170015450,Dry,Clear,Collision with a fixed object,Wednesday,Dark No street lights,80,2017/08/09,21:20:00,Yes,1.0,1.0,-36.90721865,147.0558976,ALPINE
T20170015458,Dry,Clear,Collision with vehicle,Thursday,Day,60,2017/08/10,08:45:00,No,3.0,3.0,-36.40850145,145.4080697,GREATER SHEPPARTON
T20170015465,Wet,Raining,Collision with a fixed object,Monday,Dark No street lights,100,2017/08/07,18:30:00,Yes,1.0,1.0,-37.37623228,145.0274769,MITCHELL
T20170015468,Dry,Clear,Collision with vehicle,Wednesday,Day,50,2017/08/09,14:40:00,No,2.0,1.0,-35.81025087,144.2190012,GANNAWARRA