Accident_No,Surface_Cond_Desc,Atmosph_Cond_Desc,Accident_Type_Desc,Day,Light_Condition_Desc,Speed_Zone,Accident_Date,Accident_Time,Alcohol_Influence,Total_Persons_Inv,Inj_Or_Fatal,Lat,Long,LGA
T20170015476,Dry,Clear,Collision with a fixed object,Thursday,Day,60,2017/08/10,13:00:00,No,1.0,1.0,-36.33650674,146.296762,WANGARATTA
T20170015496,Dry,Clear,Collision with vehicle,Thursday,Dark Street lights on,40,2017/08/10,18:15:00,Yes,5.0,1.0,-37.56162269,143.8563222,BALLARAT
T20170015497,Dry,Clear,Collision with vehicle,Thursday,Day,60,2017/08/10,17:15:00,No,2.0,1.0,-36.74443386,144.2902577,GREATER BENDIGO
T20170015500,Dry,Clear,Collision with vehicle,Thursday,Dark Street lights on,60,2017/08/10,19:05:00,Yes,7.0,3.0,-37.55980782,143.8408473,BALLARAT
T20170015504,Dry,Clear,Collision with a fixed object,Thursday,Day,100,2017/08/10,15:05:00,No,1.0,1.0,-36.13205081,146.534497,INDIGO
T20170015509,Dry,Clear,Collision with vehicle,Friday,Dark No street lights,100,2017/08/11,06:20:00,No,3.0,1.0,-36.91773269,144.2220092,GREATER BENDIGO
T20170015518,Unknown,Not known,No collision and no object struck,Saturday,Unknown,999,2017/07/01,11:29:00,No,1.0,1.0,-36.44321436,141.6793921,HINDMARSH
T20170015519,Dry,Clear,Collision with vehicle,Friday,Day,60,2017/08/11,09:50:00,No,2.0,1.0,-37.96609747,147.0799264,WELLINGTON
T20170015532,Dry,Clear,Collision with a fixed object,Friday,Day,100,2017/08/11,06:25:00,No,1.0,1.0,-35.92960384,145.1543783,MOIRA
T20170015534,Dry,Clear,Collision with vehicle,Friday,Day,70,2017/08/11,13:42:00,No,4.0,1.0,-36.71319753,144.3143845,GREATER BENDIGO
T20170015545,Dry,Clear,Vehicle overturned (no collision),Thursday,Dark No street lights,100,2017/08/10,22:30:00,Yes,2.0,1.0,-35.96048,145.5316272,MOIRA
T20170015549,Dry,Clear,Collision with a fixed object,Friday,Day,100,2017/08/11,14:30:00,No,1.0,1.0,-38.00593016,145.9421476,BAW BAW
T20170015554,Dry,Clear,Struck Pedestrian,Friday,Day,60,2017/08/11,17:15:00,Yes,3.0,1.0,-38.09875559,144.3544571,GREATER GEELONG
T20170015557,Dry,Clear,Collision with vehicle,Friday,Day,60,2017/08/11,15:15:00,No,3.0,1.0,-36.38380022,145.407743,GREATER SHEPPARTON
T20170015561,Wet,Clear,Struck animal,Friday,Dark No street lights,110,2017/08/11,18:35:00,Yes,3.0,2.0,-37.22605262,145.0607004,MITCHELL
T20170015569,Dry,Strong winds,Collision with vehicle,Friday,Dark No street lights,100,2017/08/11,21:55:00,Yes,5.0,4.0,-38.14814096,145.8925722,BAW BAW
T20170015576,Dry,Clear,Fall from or in moving vehicle,Saturday,Dark Street lights on,50,2017/08/12,00:06:00,Yes,6.0,1.0,-35.34787884,143.5575348,SWAN HILL
T20170015583,Wet,Raining,Collision with a fixed object,Saturday,Dark No street lights,70,2017/08/12,04:45:00,Yes,1.0,1.0,-37.56019293,143.8779029,BALLARAT
T20170015590,Wet,Raining,Collision with a fixed object,Saturday,Dusk/Dawn,80,2017/08/12,07:15:00,No,1.0,1.0,-37.60632856,143.9308366,MOORABOOL
T20170015593,Dry,Clear,Collision with a fixed object,Friday,Day,110,2017/08/11,07:00:00,No,2.0,1.0,-37.13190007,144.3884769,MOUNT ALEXANDER
T20170015622,Dry,Clear,Collision with vehicle,Saturday,Dark Street lights on,60,2017/08/12,19:15:00,Yes,2.0,2.0,-37.56054224,143.8444444,BALLARAT
T20170015626,Dry,Clear,Collision with vehicle,Saturday,Dark Street lights on,100,2017/08/12,20:40:00,Yes,4.0,2.0,-35.92547917,145.5595462,MOIRA
T20170015634,Dry,Clear,Collision with a fixed object,Saturday,Day,100,2017/08/12,13:30:00,No,1.0,1.0,-38.11630621,142.7416623,MOYNE
T20170015650,Wet,Clear,Struck animal,Sunday,Dark No street lights,100,2017/08/13,05:50:00,Yes,1.0,1.0,-38.16875799,144.6461876,GREATER GEELONG
T20170015651,Dry,Clear,Collision with a fixed object,Sunday,Day,60,2017/08/13,07:10:00,Yes,2.0,2.0,-36.38060964,145.3517952,GREATER SHEPPARTON
T20170015653,Unknown,Clear,Struck Pedestrian,Sunday,Dark Street lights on,40,2017/08/13,05:40:00,No,2.0,1.0,-38.14884269,144.3581273,GREATER GEELONG
T20170015654,Dry,Clear,Collision with a fixed object,Saturday,Day,80,2017/08/12,16:20:00,Yes,2.0,1.0,-37.64225396,144.3653427,MOORABOOL
T20170015668,Wet,Clear,Collision with a fixed object,Sunday,Day,100,2017/08/13,08:00:00,Yes,1.0,1.0,-37.82104695,144.1992721,GOLDEN PLAINS
T20170015676,Dry,Clear,Collision with vehicle,Sunday,Day,80,2017/08/13,15:30:00,No,3.0,2.0,-36.70347575,144.3022658,GREATER BENDIGO
T20170015689,Dry,Clear,Vehicle overturned (no collision),Sunday,Day,60,2017/08/13,16:00:00,No,4.0,1.0,-37.53801738,145.3393053,MURRINDINDI
T20170015690,Dry,Clear,Collision with vehicle,Sunday,Dusk/Dawn,100,2017/08/13,17:10:00,No,4.0,1.0,-38.44992924,145.8431803,SOUTH GIPPSLAND
T20170015691,Dry,Clear,Collision with a fixed object,Sunday,Day,100,2017/08/13,14:15:00,No,1.0,1.0,-36.0866312,147.976843,TOWONG
T20170015693,Dry,Clear,Collision with a fixed object,Wednesday,Day,100,2017/08/09,11:20:00,No,1.0,1.0,-37.05284844,144.2755416,MOUNT ALEXANDER
T20170015696,Dry,Clear,Collision with a fixed object,Saturday,Day,50,2017/07/22,10:00:00,No,1.0,1.0,-36.36110706,144.7016224,CAMPASPE
T20170015702,Dry,Clear,Collision with a fixed object,Sunday,Dark No street lights,100,2017/08/13,21:45:00,Yes,1.0,1.0,-36.09908124,145.3960188,MOIRA
T20170015713,Dry,Clear,Collision with a fixed object,Sunday,Day,100,2017/08/13,14:25:00,No,1.0,1.0,-37.20139733,145.8350236,MURRINDINDI
T20170015720,Dry,Clear,Collision with vehicle,Monday,Day,60,2017/08/14,09:20:00,No,3.0,2.0,-37.56054224,143.8444444,BALLARAT
T20170015729,Dry,Clear,Collision with vehicle,Monday,Day,100,2017/08/14,11:00:00,No,2.0,1.0,-36.41253487,144.7571149,CAMPASPE
T20170015735,Dry,Clear,Collision with a fixed object,Monday,Day,100,2017/08/14,13:00:00,No,1.0,1.0,-36.6782494,144.1969907,GREATER BENDIGO
T20170015742,Dry,Clear,Vehicle overturned (no collision),Monday,Day,60,2017/08/14,13:01:00,No,1.0,1.0,-38.1680307,143.0055272,CORANGAMITE
T20170015766,Dry,Clear,Collision with a fixed object,Monday,Day,60,2017/08/14,17:00:00,No,1.0,1.0,-36.32023,145.0455717,CAMPASPE
T20170015770,Dry,Clear,collision with some other object,Monday,Day,999,2017/08/14,10:00:00,Yes,1.0,1.0,-37.15054119,145.17892,MITCHELL
T20170015799,Wet,Clear,Collision with vehicle,Tuesday,Day,80,2017/08/15,11:25:00,No,3.0,1.0,-38.2053639,146.1660133,BAW BAW
T20170015806,Dry,Clear,Vehicle overturned (no collision),Wednesday,Day,100,2017/05/17,07:30:00,No,1.0,1.0,-37.16555583,145.2968563,MURRINDINDI
T20170015807,Dry,Clear,Collision with vehicle,Tuesday,Day,60,2017/08/15,11:50:00,No,2.0,2.0,-38.44743768,145.8300098,SOUTH GIPPSLAND
T20170015815,Dry,Clear,Struck Pedestrian,Monday,Day,40,2017/08/14,15:30:00,No,2.0,1.0,-38.15107637,144.3618401,GREATER GEELONG
T20170015828,Wet,Raining,Collision with vehicle,Tuesday,Day,60,2017/08/15,15:25:00,No,2.0,1.0,-37.57315288,143.8436921,BALLARAT
T20170015832,Wet,Raining,Collision with a fixed object,Tuesday,Day,100,2017/08/15,15:50:00,No,1.0,1.0,-37.14373049,145.6317598,MURRINDINDI
T20170015835,Wet,Raining,Collision with vehicle,Tuesday,Dusk/Dawn,100,2017/08/15,18:15:00,Yes,2.0,2.0,-37.66306328,142.265017,SOUTHERN GRAMPIANS
T20170015840,Dry,Clear,Collision with a fixed object,Tuesday,Dark No street lights,100,2017/08/15,06:15:00,No,1.0,1.0,-37.74096856,144.446757,MOORABOOL
T20170015849,Wet,Raining,Collision with vehicle,Tuesday,Day,80,2017/08/15,10:30:00,No,4.0,4.0,-36.24440996,142.4012704,YARRIAMBIACK
T20170015851,Dry,Clear,Collision with vehicle,Wednesday,Day,60,2017/08/16,07:55:00,No,2.0,1.0,-37.27793355,142.9249272,ARARAT
T20170015858,Dry,Clear,Collision with a fixed object,Wednesday,Day,100,2017/08/16,09:50:00,No,1.0,1.0,-38.13204367,145.9858811,BAW BAW
T20170015859,Dry,Clear,Collision with vehicle,Wednesday,Day,50,2017/08/16,09:50:00,No,1.0,1.0,-38.26464333,144.5466268,GREATER GEELONG
T20170015861,Dry,Clear,Collision with a fixed object,Wednesday,Day,100,2017/08/16,10:15:00,No,1.0,1.0,-38.30023952,146.355757,LATROBE
T20170015876,Dry,Clear,Collision with vehicle,Wednesday,Day,110,2017/08/16,10:20:00,No,2.0,1.0,-36.57619767,145.9236721,BENALLA
T20170015877,Dry,Clear,Collision with vehicle,Wednesday,Day,100,2017/08/16,12:15:00,No,2.0,2.0,-35.96984842,145.6192356,MOIRA
T20170015878,Dry,Clear,Struck Pedestrian,Wednesday,Day,60,2017/08/16,15:35:00,No,2.0,1.0,-37.05370434,143.7407435,CENTRAL GOLDFIELDS
T20170015879,Dry,Not known,Vehicle overturned (no collision),Saturday,Day,999,2017/08/12,16:00:00,Yes,1.0,1.0,-37.48463908,144.4638029,MACEDON RANGES
T20170015883,Wet,Raining,Collision with vehicle,Wednesday,Day,100,2017/08/16,16:20:00,No,4.0,1.0,-36.77777555,144.4576943,GREATER BENDIGO
T20170015890,Wet,Clear,Collision with vehicle,Wednesday,Day,100,2017/08/16,16:40:00,No,2.0,1.0,-38.05013195,144.2015843,GOLDEN PLAINS
T20170015893,Dry,Clear,Collision with vehicle,Wednesday,Dark No street lights,80,2017/08/16,18:15:00,Yes,2.0,2.0,-38.47322749,145.2389978,BASS COAST
T20170015905,Unknown,Not known,Collision with vehicle,Wednesday,Day,999,2017/08/09,17:05:00,No,2.0,1.0,-36.36667145,145.4022437,GREATER SHEPPARTON
T20170015909,Wet,Clear,Collision with a fixed object,Wednesday,Day,100,2017/08/16,15:00:00,No,2.0,1.0,-37.77940043,143.6929975,GOLDEN PLAINS
T20170015910,Wet,Raining,Collision with a fixed object,Thursday,Dark Street lights on,60,2017/08/17,02:45:00,Yes,1.0,1.0,-36.41774739,145.4066258,GREATER SHEPPARTON
T20170015913,Wet,Clear,Collision with vehicle,Thursday,Day,60,2017/08/17,08:55:00,No,2.0,1.0,-37.56279292,143.8455921,BALLARAT
T20170015916,Dry,Clear,Collision with a fixed object,Wednesday,Day,100,2017/08/16,14:30:00,No,1.0,1.0,-36.38609046,145.0677659,GREATER SHEPPARTON
T20170015927,Wet,Raining,Collision with vehicle,Tuesday,Dark Street lights on,40,2017/08/15,18:10:00,Yes,4.0,1.0,-37.55990535,143.8551283,BALLARAT
T20170015931,Wet,Not known,Collision with a fixed object,Thursday,Dark No street lights,100,2017/08/17,06:00:00,Yes,1.0,1.0,-38.65609629,146.3413797,SOUTH GIPPSLAND
T20170015954,Wet,Clear,Collision with a fixed object,Thursday,Day,100,2017/08/17,17:00:00,No,1.0,1.0,-37.67835498,143.5143419,GOLDEN PLAINS
T20170015965,Dry,Clear,Struck Pedestrian,Thursday,Dark No street lights,100,2017/08/17,21:40:00,Yes,3.0,2.0,-36.03852828,145.4317975,MOIRA
T20170015976,Dry,Clear,Collision with vehicle,Friday,Day,50,2017/08/18,08:40:00,No,4.0,2.0,-36.75836163,144.2770054,GREATER BENDIGO
T20170015982,Wet,Raining,Collision with a fixed object,Friday,Dark No street lights,100,2017/08/18,05:30:00,Yes,1.0,1.0,-37.38585697,141.6860055,SOUTHERN GRAMPIANS
T20170015984,Wet,Raining,Struck Pedestrian,Thursday,Dark Street lights on,50,2017/08/17,06:30:00,No,2.0,1.0,-37.55826943,143.8584351,BALLARAT
T20170015986,Wet,Raining,Collision with vehicle,Friday,Day,100,2017/08/18,08:30:00,No,6.0,3.0,-38.36231693,145.6588031,BASS COAST
T20170015987,Wet,Raining,Collision with vehicle,Friday,Day,60,2017/08/18,09:35:00,No,3.0,2.0,-38.49151334,145.2668286,BASS COAST
T20170015988,Wet,Raining,Collision with vehicle,Friday,Day,50,2017/08/18,10:48:00,No,2.0,1.0,-38.45028372,145.2435034,BASS COAST
T20170015989,Wet,Raining,Collision with vehicle,Friday,Day,60,2017/08/18,10:55:00,No,4.0,2.0,-38.18521639,144.3160926,GREATER GEELONG
T20170015991,Dry,Clear,Collision with vehicle,Friday,Day,60,2017/08/18,11:00:00,No,2.0,1.0,-36.75347366,144.2832988,GREATER BENDIGO
T20170015993,Unknown,Not known,Collision with a fixed object,Monday,Day,999,2016/10/03,08:00:00,No,2.0,1.0,-38.15466817,145.9525575,BAW BAW
T20170016006,Wet,Raining,Collision with vehicle,Friday,Day,50,2017/08/18,14:14:00,No,4.0,1.0,-37.56641863,143.8402461,BALLARAT
T20170016011,Dry,Clear,Collision with vehicle,Friday,Day,60,2017/08/18,14:59:00,No,3.0,2.0,-38.18080073,144.3539576,GREATER GEELONG
T20170016018,Wet,Not known,No collision and no object struck,Friday,Day,50,2017/08/18,13:30:00,No,2.0,1.0,-38.33161776,141.5973985,GLENELG
T20170016033,Wet,Raining,Collision with vehicle,Friday,Dark Street lights on,50,2017/08/18,05:20:00,Yes,2.0,2.0,-37.52701433,143.8427103,BALLARAT
T20170016035,Dry,Clear,Collision with a fixed object,Friday,Dark Street lights on,80,2017/08/18,20:07:00,Yes,1.0,1.0,-36.3261206,146.3510226,WANGARATTA
T20170016037,Wet,Clear,Collision with a fixed object,Friday,Day,100,2017/08/18,15:50:00,No,1.0,1.0,-36.65468174,146.4208628,WANGARATTA
T20170016043,Wet,Fog,Collision with a fixed object,Friday,Dark No street lights,999,2017/08/18,21:30:00,Yes,3.0,2.0,-36.99962,145.2204,MITCHELL
T20170016049,Dry,Clear,Collision with a fixed object,Saturday,Dark No street lights,100,2017/08/19,04:15:00,Yes,1.0,1.0,-36.04914812,146.5465532,INDIGO
T20170016051,Unknown,Not known,Vehicle overturned (no collision),Sunday,Unknown,999,2017/08/13,14:30:00,No,1.0,1.0,-38.34585194,144.1472608,SURF COAST
T20170016064,Dry,Clear,Collision with vehicle,Saturday,Day,60,2017/08/19,11:00:00,No,2.0,1.0,-37.57160541,143.8256298,BALLARAT
T20170016067,Dry,Clear,Collision with vehicle,Saturday,Day,100,2017/08/19,14:00:00,Yes,2.0,1.0,-37.68146944,144.5063787,MOORABOOL
T20170016069,Dry,Clear,Vehicle overturned (no collision),Saturday,Day,50,2017/08/19,14:40:00,Yes,1.0,1.0,-36.0592113,145.2040828,MOIRA
T20170016089,Dry,Clear,Collision with a fixed object,Saturday,Dark No street lights,100,2017/08/19,04:50:00,Yes,2.0,2.0,-38.07080194,141.1508123,GLENELG
T20170016091,Dry,Clear,Collision with vehicle,Saturday,Dark Street lights on,110,2017/08/19,21:40:00,Yes,7.0,5.0,-38.20253449,146.1873013,BAW BAW
T20170016097,Dry,Clear,Collision with vehicle,Saturday,Day,70,2017/08/19,12:40:00,No,5.0,4.0,-38.16522376,144.3813764,GREATER GEELONG
T20170016103,Dry,Clear,Collision with vehicle,Wednesday,Day,50,2017/07/26,13:50:00,No,2.0,1.0,-38.14993841,144.3538458,GREATER GEELONG
T20170016107,Icy,Clear,Vehicle overturned (no collision),Sunday,Day,100,2017/08/20,07:45:00,Yes,2.0,2.0,-37.58130715,141.607975,SOUTHERN GRAMPIANS
T20170016113,Wet,Not known,Collision with vehicle,Saturday,Day,100,2017/08/19,11:30:00,No,2.0,1.0,-36.97856778,144.3540454,MOUNT ALEXANDER
T20170016122,Dry,Clear,Collision with vehicle,Sunday,Unknown,50,2017/08/20,14:00:00,No,4.0,2.0,-36.36839402,145.4158081,GREATER SHEPPARTON
T20170016123,Dry,Clear,Collision with vehicle,Tuesday,Day,60,2017/08/08,08:30:00,No,4.0,1.0,-37.5398202,143.8221015,BALLARAT
T20170016125,Dry,Clear,Vehicle overturned (no collision),Sunday,Day,100,2017/08/20,13:20:00,No,1.0,1.0,-38.30410781,146.2153293,BAW BAW
T20170016126,Dry,Clear,Collision with vehicle,Sunday,Day,60,2017/08/20,13:50:00,No,2.0,1.0,-37.42879049,145.7037987,MURRINDINDI
T20170016138,Dry,Fog,Collision with a fixed object,Sunday,Dark No street lights,100,2017/08/20,01:20:00,Yes,1.0,1.0,-37.26595712,145.8117566,MURRINDINDI
T20170016140,Dry,Not known,Collision with vehicle,Sunday,Dark Street lights on,60,2017/08/20,02:45:00,Yes,1.0,1.0,-38.32609171,143.0757697,CORANGAMITE
T20170016148,Dry,Not known,Vehicle overturned (no collision),Sunday,Dark No street lights,100,2017/08/20,19:30:00,Yes,2.0,1.0,-37.90484451,145.9876895,BAW BAW
T20170016151,Dry,Clear,Collision with a fixed object,Monday,Dark No street lights,100,2017/08/21,02:30:00,Yes,2.0,1.0,-36.29560276,146.2660558,WANGARATTA
T20170016160,Wet,Raining,Collision with vehicle,Monday,Day,60,2017/08/21,07:30:00,Yes,2.0,1.0,-38.0466201,144.1711344,GOLDEN PLAINS
T20170016164,Dry,Clear,No collision and no object struck,Wednesday,Day,100,2017/08/02,16:30:00,No,1.0,1.0,-37.25895148,145.0573864,MITCHELL
T20170016179,Dry,Clear,Collision with vehicle,Monday,Day,60,2017/08/21,08:50:00,No,6.0,3.0,-38.19383281,146.5255709,LATROBE
T20170016181,Wet,Clear,Collision with vehicle,Monday,Day,60,2017/08/21,12:50:00,No,2.0,1.0,-36.78320149,144.2652992,GREATER BENDIGO
T20170016191,Dry,Clear,Collision with vehicle,Monday,Day,100,2017/08/21,15:54:00,No,5.0,5.0,-34.2198246,142.1104782,MILDURA
T20170016227,Dry,Clear,Collision with vehicle,Wednesday,Day,60,2017/08/16,12:45:00,No,3.0,1.0,-38.1334072,144.3511555,GREATER GEELONG
T20170016231,Dry,Clear,Vehicle overturned (no collision),Sunday,Day,100,2017/01/08,12:30:00,No,1.0,1.0,-38.35434344,143.9898516,SURF COAST
T20170016237,Dry,Clear,Collision with vehicle,Tuesday,Day,50,2017/08/22,12:20:00,No,3.0,2.0,-38.34019757,143.576309,COLAC OTWAY
T20170016256,Unknown,Not known,Collision with vehicle,Tuesday,Day,70,2017/08/15,09:00:00,No,3.0,2.0,-38.11500286,144.3546287,GREATER GEELONG
T20170016258,Dry,Clear,Collision with vehicle,Tuesday,Day,50,2017/08/22,16:50:00,No,2.0,1.0,-38.15368656,144.3458312,GREATER GEELONG
T20170016270,Dry,Clear,Collision with a fixed object,Tuesday,Dark No street lights,100,2017/08/22,21:00:00,Yes,1.0,1.0,-36.05327927,147.1187064,TOWONG
T20170016284,Dry,Clear,Collision with vehicle,Monday,Dark Street lights on,50,2017/08/21,19:00:00,Yes,3.0,1.0,-36.35136465,146.3154647,WANGARATTA
T20170016295,Unknown,Not known,Collision with vehicle,Sunday,Dark Street lights on,60,2017/08/20,19:00:00,No,3.0,2.0,-37.48844358,144.5937131,MACEDON RANGES
T20170016303,Dry,Clear,Vehicle overturned (no collision),Wednesday,Day,50,2017/08/23,13:30:00,No,2.0,1.0,-35.33926333,143.561128,SWAN HILL
T20170016306,Dry,Clear,Collision with vehicle,Sunday,Day,100,2017/08/20,16:40:00,Yes,2.0,2.0,-37.44848987,143.7935437,BALLARAT
T20170016321,Dry,Clear,Collision with vehicle,Saturday,Day,70,2017/08/19,13:05:00,No,3.0,2.0,-38.19508282,144.3425189,GREATER GEELONG
T20170016331,Wet,Clear,Collision with a fixed object,Wednesday,Dark No street lights,80,2017/08/23,19:30:00,Yes,1.0,1.0,-36.12434813,144.720963,CAMPASPE
T20170016351,Dry,Clear,Collision with vehicle,Tuesday,Day,100,2017/08/22,12:45:00,No,2.0,1.0,-37.43459474,144.9777005,MITCHELL
T20170016352,Wet,Clear,Collision with vehicle,Thursday,Day,50,2017/08/24,07:25:00,No,2.0,1.0,-36.13906059,144.7566673,CAMPASPE
T20170016367,Wet,Raining,Collision with a fixed object,Monday,Dark No street lights,100,2017/06/05,22:30:00,Yes,1.0,1.0,-38.41220844,146.2460558,LATROBE
T20170016382,Dry,Clear,Collision with vehicle,Tuesday,Day,60,2017/08/08,16:15:00,No,2.0,1.0,-36.72992387,144.2583613,GREATER BENDIGO
T20170016391,Dry,Clear,Collision with a fixed object,Thursday,Day,80,2017/08/24,14:10:00,No,1.0,1.0,-38.70465944,143.7634303,COLAC OTWAY
T20170016398,Dry,Clear,Collision with vehicle,Thursday,Day,60,2017/08/24,14:30:00,No,2.0,1.0,-36.54633033,145.9978324,BENALLA
T20170016402,Unknown,Not known,Collision with vehicle,Saturday,Day,60,2017/08/12,13:30:00,No,2.0,1.0,-38.15414408,144.3604242,GREATER GEELONG
T20170016403,Dry,Clear,Vehicle overturned (no collision),Thursday,Day,100,2017/08/24,14:10:00,No,1.0,1.0,-38.07160259,147.1026698,WELLINGTON
T20170016405,Wet,Clear,Collision with vehicle,Thursday,Dusk/Dawn,50,2017/08/24,17:54:00,No,2.0,1.0,-38.08814862,144.3532969,GREATER GEELONG
T20170016411,Dry,Clear,Collision with vehicle,Thursday,Dusk/Dawn,50,2017/08/24,18:05:00,Yes,4.0,2.0,-36.73370497,144.1338258,GREATER BENDIGO
T20170016417,Dry,Clear,Collision with a fixed object,Thursday,Dark No street lights,40,2017/08/24,19:15:00,Yes,1.0,1.0,-38.14138453,144.3124514,GREATER GEELONG
T20170016428,Dry,Clear,Collision with a fixed object,Thursday,Dark Street lights on,60,2017/08/24,22:00:00,Yes,2.0,2.0,-37.59275814,143.840946,BALLARAT
T20170016430,Dry,Clear,Collision with a fixed object,Friday,Dark No street lights,100,2017/08/25,00:25:00,Yes,1.0,1.0,-38.23502965,144.2175707,SURF COAST
T20170016433,Dry,Clear,Collision with a fixed object,Friday,Dark Street lights on,50,2017/08/25,01:00:00,Yes,2.0,2.0,-37.55768246,143.8608537,BALLARAT
T20170016438,Wet,Not known,Vehicle overturned (no collision),Saturday,Day,999,2017/08/05,10:00:00,No,1.0,1.0,-38.0600312,141.1115538,GLENELG
T20170016444,Dry,Clear,Collision with vehicle,Friday,Day,110,2017/08/25,07:45:00,No,2.0,1.0,-37.66404727,144.4221894,MOORABOOL
T20170016451,Dry,Clear,Collision with a fixed object,Thursday,Dark No street lights,100,2017/08/24,21:40:00,Yes,1.0,1.0,-37.17242818,145.3095469,MURRINDINDI
T20170016458,Dry,Clear,Vehicle overturned (no collision),Friday,Day,100,2017/08/25,14:00:00,No,1.0,1.0,-37.57973613,143.6068931,PYRENEES
T20170016460,Dry,Clear,Collision with vehicle,Friday,Day,60,2017/08/25,14:15:00,No,2.0,1.0,-36.3849402,145.3549697,GREATER SHEPPARTON
T20170016461,Dry,Clear,Collision with vehicle,Friday,Day,60,2017/08/25,11:15:00,No,2.0,2.0,-35.93806656,142.4223504,YARRIAMBIACK
T20170016464,Dry,Clear,Collision with vehicle,Friday,Day,60,2017/08/25,16:15:00,Yes,3.0,3.0,-38.64888141,146.2074319,SOUTH GIPPSLAND
T20170016469,Dry,Clear,Collision with vehicle,Friday,Day,100,2017/08/25,16:03:00,Yes,4.0,3.0,-36.20137329,146.8927907,WODONGA
T20170016478,Dry,Clear,Collision with vehicle,Friday,Dark Street lights on,100,2017/08/25,18:25:00,Yes,6.0,4.0,-34.2432466,142.2008266,MILDURA
T20170016481,Dry,Clear,Collision with vehicle,Friday,Dark No street lights,80,2017/08/25,20:50:00,Yes,7.0,1.0,-37.82040146,147.6628768,EAST GIPPSLAND
T20170016482,Dry,Clear,Collision with vehicle,Friday,Dark Street lights on,50,2017/08/25,20:15:00,Yes,4.0,2.0,-36.71176436,142.2022634,HORSHAM
T20170016494,Dry,Clear,Collision with a fixed object,Saturday,Dark Street lights on,60,2017/08/26,01:00:00,Yes,1.0,1.0,-38.38341058,146.2684813,LATROBE
T20170016500,Unknown,Clear,Collision with a fixed object,Saturday,Day,100,2017/08/26,06:30:00,Yes,1.0,1.0,-36.91060124,144.3214604,GREATER BENDIGO
T20170016502,Dry,Clear,Collision with vehicle,Saturday,Day,60,2017/08/26,10:20:00,No,3.0,2.0,-38.10502745,147.0722179,WELLINGTON
T20170016503,Dry,Clear,No collision and no object struck,Saturday,Day,80,2017/08/26,10:30:00,No,1.0,1.0,-37.40224268,144.561668,MACEDON RANGES
T20170016509,Dry,Clear,Struck Pedestrian,Saturday,Day,50,2017/08/26,11:15:00,No,3.0,3.0,-38.38522045,142.4764754,WARRNAMBOOL
T20170016521,Dry,Clear,Collision with vehicle,Saturday,Day,80,2017/08/26,16:55:00,Yes,4.0,3.0,-38.49809453,145.273229,BASS COAST
T20170016536,Dry,Clear,No collision and no object struck,Saturday,Dark No street lights,100,2017/08/26,03:00:00,Yes,1.0,1.0,-38.21797267,143.1233529,CORANGAMITE
T20170016547,Dry,Clear,Collision with a fixed object,Saturday,Day,60,2017/08/26,12:50:00,No,1.0,1.0,-37.61728848,143.8746733,BALLARAT
T20170016549,Dry,Clear,Collision with a fixed object,Sunday,Dark No street lights,100,2017/08/27,00:28:00,Yes,5.0,5.0,-35.81545459,143.8294427,GANNAWARRA
T20170016566,Dry,Clear,Collision with vehicle,Sunday,Day,60,2017/08/27,14:00:00,No,3.0,2.0,-37.59776535,143.8264784,BALLARAT
T20170016568,Dry,Clear,Collision with vehicle,Sunday,Day,100,2017/08/27,13:30:00,No,6.0,6.0,-36.2544687,147.0812845,INDIGO
T20170016569,Snowy,Raining,Collision with vehicle,Sunday,Day,80,2017/08/27,14:20:00,No,3.0,2.0,-37.48150771,145.2788251,MURRINDINDI
T20170016572,Dry,Clear,Collision with a fixed object,Saturday,Dark No street lights,100,2017/08/26,01:00:00,Yes,1.0,1.0,-38.65299918,146.0369039,SOUTH GIPPSLAND
T20170016576,Wet,Raining,Collision with vehicle,Saturday,Dark Street lights on,70,2017/08/26,19:30:00,Yes,2.0,1.0,-38.19689058,144.3186986,GREATER GEELONG
T20170016578,Dry,Clear,Collision with a fixed object,Friday,Day,110,2017/08/25,19:30:00,Yes,1.0,1.0,-38.208111,146.1170799,BAW BAW
T20170016609,Wet,Clear,Vehicle overturned (no collision),Monday,Day,100,2017/08/28,08:00:00,No,1.0,1.0,-37.54463756,141.6784077,SOUTHERN GRAMPIANS
T20170016613,Unknown,Not known,No collision and no object struck,Saturday,Day,999,2017/08/26,15:30:00,No,1.0,1.0,-37.46634178,145.4268587,MURRINDINDI
T20170016622,Dry,Clear,Struck animal,Friday,Day,100,2017/08/25,16:45:00,No,1.0,1.0,-36.54231942,146.7682264,ALPINE
T20170016630,Dry,Clear,Collision with vehicle,Monday,Day,60,2017/08/28,15:00:00,No,2.0,1.0,-38.47957269,145.9495259,SOUTH GIPPSLAND
T20170016635,Wet,Clear,Collision with vehicle,Monday,Day,60,2017/08/28,16:35:00,Yes,2.0,1.0,-37.56005646,143.8429722,BALLARAT
T20170016639,Wet,Raining,Collision with vehicle,Monday,Day,60,2017/08/28,16:30:00,No,4.0,3.0,-38.08256022,144.3582249,GREATER GEELONG
T20170016642,Wet,Clear,Vehicle overturned (no collision),Sunday,Day,999,2017/08/27,15:30:00,No,1.0,1.0,-38.06155,146.09632,BAW BAW