Accident_No,Surface_Cond_Desc,Atmosph_Cond_Desc,Accident_Type_Desc,Day,Light_Condition_Desc,Speed_Zone,Accident_Date,Accident_Time,Alcohol_Influence,Total_Persons_Inv,Inj_Or_Fatal,Lat,Long,LGA
T20170016646,Wet,Raining,Collision with vehicle,Sunday,Dark Street lights on,50,2017/08/27,21:30:00,Yes,2.0,1.0,-37.64230565,144.425494,MOORABOOL
T20170016654,Dry,Clear,Collision with vehicle,Monday,Day,60,2017/08/28,15:25:00,No,5.0,1.0,-37.56997597,143.8117871,BALLARAT
T20170016656,Dry,Clear,Collision with vehicle,Monday,Dark Street lights on,60,2017/08/28,20:44:00,Yes,2.0,1.0,-36.75524587,144.2740756,GREATER BENDIGO
T20170016660,Wet,Clear,Collision with a fixed object,Sunday,Dark Street lights on,60,2017/08/27,23:54:00,No,1.0,1.0,-38.13845259,145.8627839,BAW BAW
T20170016665,Dry,Clear,Vehicle overturned (no collision),Tuesday,Dark No street lights,100,2017/08/29,01:45:00,Yes,5.0,5.0,-36.27987749,143.8683421,LODDON
T20170016684,Dry,Clear,Struck Pedestrian,Tuesday,Day,50,2017/08/29,07:40:00,No,1.0,1.0,-38.25751709,144.5126332,GREATER GEELONG
T20170016694,Unknown,Not known,Collision with vehicle,Thursday,Day,40,2017/08/10,14:30:00,No,3.0,2.0,-38.14932359,144.3598061,GREATER GEELONG
T20170016699,Dry,Clear,Collision with a fixed object,Tuesday,Day,100,2017/08/29,13:34:00,No,1.0,1.0,-36.74145245,143.6496052,CENTRAL GOLDFIELDS
T20170016702,Dry,Clear,Collision with vehicle,Tuesday,Day,80,2017/08/29,15:39:00,No,2.0,1.0,-38.20302934,146.05886,BAW BAW
T20170016703,Dry,Clear,Collision with a fixed object,Tuesday,Day,100,2017/08/29,15:55:00,No,2.0,2.0,-36.30353988,141.1223371,WEST WIMMERA
T20170016708,Dry,Clear,Collision with vehicle,Tuesday,Unknown,80,2017/08/29,18:43:00,Yes,2.0,1.0,-37.52275245,143.8446895,BALLARAT
T20170016722,Dry,Clear,Collision with a fixed object,Wednesday,Dark No street lights,100,2017/08/30,00:05:00,Yes,1.0,1.0,-37.97629302,143.4822383,CORANGAMITE
T20170016739,Dry,Clear,Collision with vehicle,Wednesday,Day,80,2017/08/30,10:40:00,No,4.0,2.0,-38.31254536,146.4197315,LATROBE
T20170016749,Dry,Clear,Collision with vehicle,Wednesday,Day,100,2017/08/30,11:05:00,No,2.0,1.0,-38.31261542,142.5309363,MOYNE
T20170016754,Dry,Clear,Collision with vehicle,Wednesday,Day,40,2017/08/30,12:00:00,No,2.0,1.0,-38.14774224,144.3605325,GREATER GEELONG
T20170016771,Dry,Clear,Collision with vehicle,Wednesday,Day,60,2017/08/30,14:50:00,No,3.0,3.0,-34.21099073,142.1413662,MILDURA
T20170016772,Dry,Clear,No collision and no object struck,Wednesday,Day,50,2017/08/30,17:05:00,No,4.0,2.0,-38.06777554,144.3684005,GREATER GEELONG
T20170016781,Dry,Clear,Collision with vehicle,Wednesday,Dark No street lights,100,2017/08/30,21:00:00,Yes,3.0,1.0,-36.40870463,145.4467179,GREATER SHEPPARTON
T20170016797,Dry,Clear,Collision with vehicle,Thursday,Day,60,2017/08/31,10:00:00,No,2.0,1.0,-38.11888584,144.6559729,GREATER GEELONG
T20170016827,Dry,Not known,Collision with vehicle,Thursday,Day,50,2017/08/31,17:27:00,No,3.0,1.0,-37.47383853,144.9554067,MITCHELL
T20170016836,Dry,Clear,Collision with vehicle,Thursday,Day,50,2017/08/31,16:10:00,No,4.0,2.0,-37.97838576,146.7907918,WELLINGTON
T20170016853,Dry,Clear,Collision with vehicle,Friday,Dark No street lights,100,2017/08/25,18:45:00,Yes,3.0,1.0,-37.97884554,144.5391875,GREATER GEELONG
T20170016856,Dry,Clear,Collision with vehicle,Thursday,Day,100,2017/08/31,14:07:00,No,2.0,1.0,-38.20971111,146.3183408,LATROBE
T20170016859,Dry,Not known,Collision with vehicle,Friday,Day,40,2017/09/01,09:00:00,No,2.0,1.0,-38.37674954,142.4959856,WARRNAMBOOL
T20170016871,Unknown,Not known,Collision with vehicle,Monday,Day,80,2017/08/28,12:05:00,No,2.0,1.0,-36.14858958,145.4318273,MOIRA
T20170016875,Dry,Clear,Collision with vehicle,Friday,Day,100,2017/09/01,10:40:00,No,4.0,3.0,-36.34002918,145.324379,GREATER SHEPPARTON
T20170016886,Dry,Clear,Collision with vehicle,Tuesday,Day,60,2017/08/22,08:05:00,No,2.0,1.0,-36.38293544,145.3974003,GREATER SHEPPARTON
T20170016887,Dry,Clear,No collision and no object struck,Friday,Day,100,2017/09/01,13:00:00,No,1.0,1.0,-38.62556525,146.6524248,WELLINGTON
T20170016894,Dry,Clear,Collision with a fixed object,Friday,Day,110,2017/09/01,15:50:00,No,1.0,1.0,-36.87723226,145.2741923,STRATHBOGIE
T20170016898,Dry,Clear,Collision with vehicle,Friday,Day,100,2017/09/01,16:30:00,Yes,2.0,2.0,-36.81138947,144.3950099,GREATER BENDIGO
T20170016899,Dry,Clear,Collision with vehicle,Friday,Day,60,2017/09/01,15:42:00,No,2.0,2.0,-37.81684072,147.7378094,EAST GIPPSLAND
T20170016902,Dry,Clear,Collision with vehicle,Friday,Day,80,2017/09/01,16:15:00,Yes,2.0,1.0,-37.48056829,145.2517771,MURRINDINDI
T20170016908,Dry,Clear,Struck Pedestrian,Friday,Day,50,2017/09/01,16:00:00,No,2.0,1.0,-36.5517923,145.9833858,BENALLA
T20170016909,Dry,Clear,Collision with a fixed object,Friday,Dusk/Dawn,100,2017/09/01,18:00:00,Yes,1.0,1.0,-36.49515185,146.1240915,BENALLA
T20170016921,Dry,Clear,Collision with a fixed object,Thursday,Day,100,2017/08/31,14:03:00,No,1.0,1.0,-36.49774143,144.0119956,LODDON
T20170016934,Dry,Clear,Collision with vehicle,Friday,Day,80,2017/09/01,15:18:00,No,3.0,1.0,-34.19618546,142.0587874,MILDURA
T20170016942,Dry,Clear,Collision with a fixed object,Saturday,Dusk/Dawn,100,2017/09/02,05:50:00,Yes,1.0,1.0,-38.35348898,142.1858948,MOYNE
T20170016954,Dry,Clear,Collision with vehicle,Saturday,Day,80,2017/09/02,14:00:00,No,5.0,1.0,-38.17659485,144.476492,GREATER GEELONG
T20170016956,Dry,Clear,Collision with vehicle,Saturday,Day,60,2017/09/02,13:05:00,No,5.0,2.0,-38.08608929,144.3744176,GREATER GEELONG
T20170016961,Dry,Clear,Collision with vehicle,Saturday,Day,100,2017/09/02,15:25:00,Yes,4.0,1.0,-37.28681092,142.9562691,ARARAT
T20170016968,Dry,Clear,Collision with a fixed object,Thursday,Dark No street lights,100,2017/08/10,21:30:00,Yes,2.0,2.0,-36.81239327,144.1484059,GREATER BENDIGO
T20170016971,Dry,Clear,Collision with a fixed object,Saturday,Dark No street lights,100,2017/09/02,19:20:00,Yes,1.0,1.0,-38.62789616,143.1486817,CORANGAMITE
T20170016985,Wet,Raining,Collision with a fixed object,Sunday,Day,80,2017/09/03,11:40:00,No,2.0,1.0,-37.12836124,146.0234527,MANSFIELD
T20170016989,Dry,Clear,Collision with vehicle,Sunday,Day,60,2017/09/03,12:30:00,No,2.0,1.0,-34.21026987,142.1405002,MILDURA
T20170016990,Dry,Clear,Collision with vehicle,Sunday,Day,60,2017/09/03,13:08:00,No,3.0,1.0,-36.74737896,144.2525075,GREATER BENDIGO
T20170016994,Wet,Clear,Struck animal,Friday,Dark No street lights,80,2017/09/01,23:45:00,Yes,1.0,1.0,-37.17236551,142.5372244,NORTHERN GRAMPIANS
T20170016995,Dry,Clear,Collision with vehicle,Sunday,Day,100,2017/09/03,14:15:00,No,6.0,4.0,-37.32098754,144.097563,HEPBURN
T20170017006,Dry,Clear,Collision with vehicle,Sunday,Day,100,2017/09/03,14:08:00,No,4.0,2.0,-38.31273571,145.5821419,BASS COAST
T20170017011,Wet,Raining,Collision with a fixed object,Sunday,Day,100,2017/09/03,16:30:00,Yes,3.0,3.0,-37.89713872,146.1262094,BAW BAW
T20170017018,Wet,Clear,Collision with vehicle,Monday,Dark Street lights on,50,2017/09/04,02:25:00,Yes,1.0,1.0,-36.70439469,142.2116214,HORSHAM
T20170017019,Wet,Clear,Collision with vehicle,Monday,Dark Street lights on,60,2017/09/04,01:44:00,Yes,1.0,1.0,-37.57061988,143.81708,BALLARAT
T20170017040,Wet,Raining,Collision with vehicle,Monday,Day,60,2017/09/04,12:20:00,No,2.0,1.0,-37.05803052,142.7658224,NORTHERN GRAMPIANS
T20170017046,Wet,Clear,Collision with vehicle,Monday,Day,80,2017/09/04,13:20:00,No,6.0,2.0,-38.22071507,146.4716393,LATROBE
T20170017047,Dry,Clear,Collision with vehicle,Sunday,Day,60,2017/09/03,16:50:00,Yes,3.0,1.0,-37.41676406,143.8934884,HEPBURN
T20170017048,Wet,Clear,Collision with vehicle,Monday,Day,60,2017/09/04,13:00:00,No,2.0,1.0,-37.30811317,144.9499438,MITCHELL
T20170017051,Dry,Clear,Collision with a fixed object,Friday,Dark No street lights,100,2017/08/18,20:35:00,Yes,1.0,1.0,-37.10651283,147.6029334,EAST GIPPSLAND
T20170017054,Unknown,Clear,Collision with a fixed object,Monday,Unknown,50,2017/09/04,15:46:00,No,2.0,1.0,-36.70857225,144.2812092,GREATER BENDIGO
T20170017062,Wet,Raining,Collision with a fixed object,Monday,Day,80,2017/09/04,15:30:00,No,1.0,1.0,-37.39370684,144.2160708,HEPBURN
T20170017064,Dry,Clear,Collision with vehicle,Monday,Day,60,2017/09/04,17:00:00,No,2.0,1.0,-34.17687943,142.1422407,MILDURA
T20170017073,Dry,Clear,Vehicle overturned (no collision),Sunday,Dusk/Dawn,100,2017/09/03,18:00:00,Yes,1.0,1.0,-37.88212534,144.4556684,GREATER GEELONG
T20170017080,Icy,Raining,Collision with vehicle,Monday,Day,100,2017/09/04,16:45:00,No,2.0,2.0,-37.07560948,144.8242645,MITCHELL
T20170017096,Wet,Snowing,No collision and no object struck,Monday,Dark No street lights,100,2017/09/04,20:20:00,Yes,1.0,1.0,-38.31596252,142.4509273,WARRNAMBOOL
T20170017097,Wet,Clear,Collision with a fixed object,Monday,Dark No street lights,100,2017/09/04,20:30:00,Yes,1.0,1.0,-38.29812782,142.5660186,MOYNE
T20170017106,Wet,Raining,Collision with vehicle,Tuesday,Day,50,2017/09/05,09:15:00,No,3.0,1.0,-38.15548656,144.3569625,GREATER GEELONG
T20170017114,Dry,Clear,Vehicle overturned (no collision),Saturday,Day,100,2017/09/02,13:30:00,No,1.0,1.0,-37.99015965,146.0452826,BAW BAW
T20170017117,Wet,Clear,Collision with vehicle,Tuesday,Day,60,2017/09/05,13:55:00,No,2.0,1.0,-38.10827623,144.3320128,GREATER GEELONG
T20170017118,Wet,Raining,Collision with vehicle,Tuesday,Day,80,2017/09/05,15:05:00,No,2.0,2.0,-36.37144148,146.289738,WANGARATTA
T20170017127,Wet,Raining,Collision with a fixed object,Tuesday,Day,100,2017/09/05,14:45:00,No,1.0,1.0,-36.31369435,145.1635552,GREATER SHEPPARTON
T20170017130,Dry,Clear,Collision with vehicle,Tuesday,Day,60,2017/09/05,17:10:00,No,2.0,1.0,-34.15986245,142.1632223,MILDURA
T20170017131,Wet,Raining,Collision with vehicle,Tuesday,Day,50,2017/09/05,17:30:00,No,2.0,1.0,-37.56432227,143.8406318,BALLARAT
T20170017134,Wet,Raining,Collision with a fixed object,Tuesday,Day,100,2017/09/05,16:10:00,No,1.0,1.0,-38.42288429,145.7957053,SOUTH GIPPSLAND
T20170017135,Wet,Raining,Struck Pedestrian,Tuesday,Dark Street lights on,50,2017/09/05,18:25:00,Yes,2.0,1.0,-38.16136747,145.9395422,BAW BAW
T20170017141,Wet,Clear,Collision with vehicle,Tuesday,Dark Street lights on,40,2017/09/05,18:30:00,Yes,2.0,1.0,-38.14861116,144.3573052,GREATER GEELONG
T20170017148,Wet,Raining,Collision with a fixed object,Tuesday,Dark Street lights on,60,2017/09/05,23:45:00,Yes,1.0,1.0,-36.10820969,146.87007,WODONGA
T20170017151,Wet,Raining,Collision with vehicle,Wednesday,Dark Street lights on,50,2017/09/06,03:00:00,Yes,1.0,1.0,-38.23534173,144.3733092,GREATER GEELONG
T20170017167,Wet,Raining,Collision with a fixed object,Wednesday,Day,100,2017/09/06,11:50:00,No,1.0,1.0,-36.3624637,147.8166214,TOWONG
T20170017175,Wet,Raining,Collision with a fixed object,Wednesday,Day,100,2017/09/06,14:47:00,No,1.0,1.0,-38.19716689,146.3188408,LATROBE
T20170017188,Wet,Raining,Collision with a fixed object,Wednesday,Day,100,2017/09/06,16:27:00,No,1.0,1.0,-38.27579675,142.4826206,MOYNE
T20170017211,Dry,Clear,Collision with vehicle,Tuesday,Day,60,2017/08/22,11:00:00,No,2.0,1.0,-37.82527869,147.612552,EAST GIPPSLAND
T20170017225,Unknown,Not known,Collision with vehicle,Wednesday,Dark Street lights unknown,50,2017/08/30,23:30:00,Yes,2.0,1.0,-38.19363032,146.5522279,LATROBE
T20170017236,Dry,Clear,Struck Pedestrian,Wednesday,Dark Street lights on,50,2017/09/06,19:00:00,Yes,3.0,1.0,-38.12606847,145.8615463,BAW BAW
T20170017241,Unknown,Not known,Collision with vehicle,Wednesday,Day,999,2017/08/02,15:00:00,No,2.0,1.0,-38.09892137,146.9771876,WELLINGTON
T20170017244,Wet,Raining,No collision and no object struck,Thursday,Day,60,2017/09/07,15:50:00,No,1.0,1.0,-38.34005674,141.6040339,GLENELG
T20170017246,Dry,Clear,Collision with vehicle,Thursday,Day,60,2017/09/07,16:30:00,No,2.0,1.0,-38.25257424,144.5365687,GREATER GEELONG
T20170017257,Dry,Not known,Collision with vehicle,Monday,Day,50,2017/06/12,13:45:00,No,2.0,1.0,-38.14076508,144.3553049,GREATER GEELONG
T20170017260,Dry,Clear,Collision with a fixed object,Thursday,Day,70,2017/09/07,16:45:00,No,1.0,1.0,-37.84238495,147.5912865,EAST GIPPSLAND
T20170017281,Wet,Clear,Struck Pedestrian,Friday,Day,60,2017/09/08,08:06:00,No,2.0,1.0,-37.0507195,143.8068736,CENTRAL GOLDFIELDS
T20170017289,Dry,Clear,Collision with vehicle,Friday,Day,60,2017/06/09,16:00:00,No,2.0,1.0,-36.08161074,146.7890179,WODONGA
T20170017296,Dry,Clear,Struck animal,Monday,Day,100,2017/09/04,08:40:00,No,1.0,1.0,-37.33536546,144.6075608,MACEDON RANGES
T20170017303,Wet,Raining,Collision with vehicle,Thursday,Day,50,2017/09/07,16:39:00,No,2.0,2.0,-38.38347868,142.474678,WARRNAMBOOL
T20170017320,Dry,Clear,Collision with vehicle,Friday,Day,80,2017/09/08,16:00:00,Yes,2.0,1.0,-37.42337357,144.9785878,MITCHELL
T20170017338,Dry,Clear,Collision with a fixed object,Saturday,Dark No street lights,100,2017/09/09,00:15:00,Yes,1.0,1.0,-35.21111923,143.4042145,SWAN HILL
T20170017339,Dry,Clear,Collision with vehicle,Friday,Dark Street lights on,50,2017/09/08,19:42:00,Yes,2.0,2.0,-37.66306399,144.4424687,MOORABOOL
T20170017349,Dry,Clear,Collision with vehicle,Saturday,Day,80,2017/09/09,09:45:00,No,2.0,1.0,-36.7589944,144.2254772,GREATER BENDIGO
T20170017351,Dry,Clear,Collision with vehicle,Saturday,Day,100,2017/09/09,09:43:00,No,2.0,1.0,-36.72662846,144.1221576,GREATER BENDIGO
T20170017354,Unknown,Not known,Collision with vehicle,Saturday,Day,999,2017/09/09,09:30:00,No,2.0,1.0,-37.86103946,145.9649991,BAW BAW
T20170017355,Dry,Clear,Collision with vehicle,Saturday,Day,50,2017/09/09,12:00:00,No,3.0,1.0,-36.71865249,144.2536985,GREATER BENDIGO
T20170017361,Dry,Clear,Collision with vehicle,Saturday,Day,60,2017/09/09,13:13:00,No,3.0,2.0,-37.56176901,143.8716273,BALLARAT
T20170017362,Dry,Clear,Collision with vehicle,Saturday,Day,100,2017/09/09,08:05:00,No,7.0,7.0,-36.19910079,145.0055607,CAMPASPE
T20170017363,Dry,Clear,Collision with vehicle,Saturday,Day,100,2017/09/09,13:06:00,No,2.0,1.0,-35.18530773,143.3771935,SWAN HILL
T20170017365,Dry,Clear,Collision with a fixed object,Saturday,Day,100,2017/09/09,12:20:00,No,1.0,1.0,-36.94698086,146.2019122,MANSFIELD
T20170017369,Dry,Clear,Struck Pedestrian,Saturday,Day,60,2017/09/09,15:15:00,Yes,2.0,1.0,-37.42284904,144.9764141,MITCHELL
T20170017379,Dry,Clear,Collision with a fixed object,Saturday,Day,80,2017/09/09,16:15:00,Yes,1.0,1.0,-38.20650233,144.3673778,GREATER GEELONG
T20170017384,Dry,Clear,Struck Pedestrian,Saturday,Day,60,2017/09/09,16:21:00,Yes,3.0,1.0,-38.13506301,145.8549761,BAW BAW
T20170017386,Dry,Clear,Struck Pedestrian,Saturday,Dusk/Dawn,999,2017/09/09,18:15:00,Yes,2.0,1.0,-37.39618411,144.9136174,MITCHELL
T20170017400,Dry,Clear,Collision with a fixed object,Saturday,Dark No street lights,80,2017/09/09,23:10:00,Yes,1.0,1.0,-38.34831124,142.4779592,WARRNAMBOOL
T20170017402,Dry,Clear,Collision with vehicle,Sunday,Dark Street lights on,60,2017/09/10,00:30:00,Yes,2.0,2.0,-38.16239721,144.3566299,GREATER GEELONG
T20170017414,Dry,Clear,Collision with a fixed object,Sunday,Day,60,2017/09/10,10:08:00,No,2.0,1.0,-38.23269879,146.4338702,LATROBE
T20170017419,Dry,Clear,Vehicle overturned (no collision),Sunday,Day,60,2017/09/10,11:00:00,No,2.0,1.0,-34.18454864,142.1655655,MILDURA
T20170017422,Dry,Clear,Collision with a fixed object,Sunday,Day,100,2017/09/10,13:14:00,No,1.0,1.0,-37.93082893,146.1131286,BAW BAW
T20170017429,Dry,Clear,Collision with a fixed object,Sunday,Day,50,2017/09/10,14:50:00,No,2.0,2.0,-38.07956661,144.341206,GREATER GEELONG
T20170017438,Dry,Clear,Collision with a fixed object,Sunday,Day,100,2017/09/10,11:50:00,No,1.0,1.0,-37.70355916,147.3140392,EAST GIPPSLAND
T20170017441,Dry,Clear,Collision with vehicle,Sunday,Day,30,2017/09/10,15:20:00,No,2.0,1.0,-35.17104663,143.3681168,SWAN HILL
T20170017442,Dry,Clear,Vehicle overturned (no collision),Sunday,Dark No street lights,100,2017/09/10,18:00:00,Yes,2.0,1.0,-36.80245205,144.3033026,GREATER BENDIGO
T20170017465,Dry,Clear,collision with some other object,Saturday,Day,999,2017/09/02,09:30:00,No,1.0,1.0,-38.2832917,146.8198101,WELLINGTON
T20170017468,Dry,Clear,Collision with vehicle,Sunday,Day,70,2017/09/10,09:45:00,Yes,3.0,1.0,-38.11602611,144.3303279,GREATER GEELONG
T20170017478,Dry,Clear,No collision and no object struck,Sunday,Day,100,2017/09/10,17:15:00,Yes,1.0,1.0,-37.3480223,147.7994575,EAST GIPPSLAND
T20170017483,Dry,Clear,Collision with a fixed object,Monday,Day,100,2017/09/11,13:30:00,No,1.0,1.0,-38.63369528,146.3890225,SOUTH GIPPSLAND
T20170017486,Dry,Clear,Collision with a fixed object,Monday,Day,100,2017/09/11,11:30:00,No,1.0,1.0,-36.15973384,142.1508877,HINDMARSH
T20170017487,Wet,Clear,Vehicle overturned (no collision),Monday,Day,999,2017/09/11,10:30:00,No,1.0,1.0,-36.7628875,143.0923663,NORTHERN GRAMPIANS
T20170017488,Dry,Clear,No collision and no object struck,Saturday,Day,999,2017/09/09,10:00:00,No,1.0,1.0,-38.34574033,144.1522678,SURF COAST
T20170017489,Dry,Clear,Collision with vehicle,Monday,Day,60,2017/09/11,18:00:00,Yes,4.0,1.0,-37.0630635,142.7657166,NORTHERN GRAMPIANS
T20170017491,Dry,Clear,Collision with vehicle,Monday,Day,100,2017/09/11,16:27:00,Yes,2.0,1.0,-38.02945337,144.4332383,GREATER GEELONG
T20170017492,Unknown,Clear,Vehicle overturned (no collision),Sunday,Day,100,2017/09/10,15:00:00,No,1.0,1.0,-37.98710159,140.9898204,GLENELG
T20170017493,Dry,Dust,Collision with a fixed object,Monday,Day,100,2017/09/11,15:50:00,No,1.0,1.0,-36.69831271,145.5747447,STRATHBOGIE
T20170017497,Dry,Clear,Collision with a fixed object,Monday,Day,100,2017/09/11,15:45:00,No,2.0,1.0,-37.97084522,141.7320603,GLENELG
T20170017500,Unknown,Not known,No collision and no object struck,Monday,Unknown,999,2017/09/11,17:30:00,No,1.0,1.0,-38.63488194,143.5002503,COLAC OTWAY
T20170017501,Dry,Clear,Collision with a fixed object,Monday,Day,80,2017/09/11,17:59:00,No,1.0,1.0,-35.9254832,145.4784713,MOIRA
T20170017514,Dry,Clear,Struck Pedestrian,Monday,Dark Street lights on,60,2017/09/11,19:30:00,Yes,2.0,1.0,-37.58001376,143.8274045,BALLARAT
T20170017534,Wet,Not known,Collision with a fixed object,Saturday,Dusk/Dawn,999,2017/09/09,05:59:00,Yes,2.0,2.0,-38.10872072,144.3240332,GREATER GEELONG
T20170017544,Dry,Clear,Collision with vehicle,Monday,Day,50,2017/09/11,16:00:00,No,2.0,1.0,-38.26853815,144.6588852,QUEENSCLIFFE
T20170017549,Dry,Clear,Collision with a fixed object,Tuesday,Day,100,2017/09/12,13:15:00,No,4.0,4.0,-36.42177806,145.7235905,GREATER SHEPPARTON
T20170017551,Dry,Clear,Collision with vehicle,Monday,Day,100,2017/05/29,08:50:00,Yes,2.0,2.0,-38.4966013,145.1604359,BASS COAST
T20170017553,Dry,Not known,Collision with vehicle,Tuesday,Day,80,2017/09/12,15:00:00,No,2.0,1.0,-37.36693395,144.1894413,HEPBURN
T20170017554,Dry,Clear,Collision with vehicle,Tuesday,Day,999,2017/09/12,15:26:00,No,2.0,1.0,-38.09984376,147.0784893,WELLINGTON
T20170017558,Dry,Clear,Vehicle overturned (no collision),Tuesday,Day,100,2017/09/12,14:45:00,No,1.0,1.0,-37.31969841,142.9191957,ARARAT
T20170017574,Wet,Clear,No collision and no object struck,Tuesday,Dark No street lights,100,2017/09/12,23:45:00,Yes,1.0,1.0,-38.39697721,142.7514346,MOYNE
T20170017592,Dry,Clear,Vehicle overturned (no collision),Wednesday,Day,50,2017/09/13,11:35:00,No,1.0,1.0,-36.25450643,147.0186621,INDIGO
T20170017595,Dry,Clear,Collision with a fixed object,Wednesday,Day,100,2017/09/13,07:00:00,No,1.0,1.0,-36.59838926,145.0202664,CAMPASPE
T20170017597,Dry,Clear,Collision with vehicle,Wednesday,Day,40,2017/09/13,11:00:00,No,2.0,1.0,-37.0247806,145.1000158,MITCHELL
T20170017601,Wet,Raining,Collision with a fixed object,Tuesday,Day,60,2017/09/05,11:30:00,No,3.0,1.0,-38.161381,144.3570834,GREATER GEELONG
T20170017615,Dry,Clear,Collision with a fixed object,Wednesday,Day,100,2017/09/13,17:55:00,No,1.0,1.0,-36.57634522,145.2411598,GREATER SHEPPARTON
T20170017619,Wet,Raining,Collision with a fixed object,Wednesday,Dark No street lights,100,2017/09/13,18:40:00,Yes,1.0,1.0,-36.87673014,143.8170917,LODDON
T20170017620,Wet,Raining,Collision with a fixed object,Wednesday,Dusk/Dawn,110,2017/09/13,17:50:00,No,1.0,1.0,-37.56995577,144.1174079,MOORABOOL
T20170017631,Dry,Clear,Struck Pedestrian,Wednesday,Day,999,2017/08/30,15:30:00,No,2.0,1.0,-38.10918945,147.0734283,WELLINGTON
T20170017633,Dry,Clear,Collision with vehicle,Thursday,Day,90,2017/09/14,08:15:00,No,2.0,1.0,-36.94584698,144.7311132,GREATER BENDIGO
T20170017637,Dry,Clear,Collision with vehicle,Saturday,Day,100,2017/09/09,13:00:00,No,2.0,1.0,-37.57808149,143.7528837,BALLARAT
T20170017640,Wet,Raining,Collision with vehicle,Thursday,Dusk/Dawn,70,2017/09/07,18:45:00,Yes,2.0,1.0,-38.59082921,145.5850855,BASS COAST
T20170017658,Dry,Clear,Struck Pedestrian,Sunday,Dark No street lights,60,2017/09/10,03:00:00,No,2.0,1.0,-37.92209115,146.8914244,WELLINGTON
T20170017671,Unknown,Not known,Struck Pedestrian,Wednesday,Dark No street lights,60,2017/08/23,23:20:00,Yes,1.0,1.0,-38.14005795,144.3499199,GREATER GEELONG
T20170017673,Dry,Clear,Collision with vehicle,Thursday,Day,100,2017/09/14,17:20:00,No,6.0,2.0,-36.15994211,145.5316044,MOIRA
T20170017675,Dry,Clear,Collision with vehicle,Thursday,Day,60,2017/09/14,14:02:00,No,2.0,2.0,-36.69504656,144.3229817,GREATER BENDIGO
T20170017677,Dry,Clear,collision with some other object,Saturday,Dark No street lights,80,2017/09/02,21:25:00,Yes,2.0,1.0,-37.41522037,143.9068302,HEPBURN
T20170017691,Wet,Raining,Collision with vehicle,Thursday,Dark No street lights,80,2017/09/14,20:20:00,Yes,3.0,2.0,-36.7422264,144.2041565,GREATER BENDIGO
T20170017692,Dry,Clear,Collision with vehicle,Thursday,Dark Street lights on,60,2017/09/14,20:00:00,Yes,2.0,1.0,-34.19942499,142.1750791,MILDURA
T20170017706,Dry,Clear,Collision with vehicle,Thursday,Dark Street lights on,60,2017/09/14,22:00:00,Yes,2.0,1.0,-38.18080073,144.3539576,GREATER GEELONG
T20170017711,Dry,Clear,Collision with vehicle,Thursday,Dark Street lights on,60,2017/09/14,19:00:00,Yes,3.0,1.0,-36.38162118,145.4033339,GREATER SHEPPARTON
T20170017740,Unknown,Not known,Collision with vehicle,Friday,Day,999,2017/09/08,13:00:00,No,2.0,1.0,-37.53403156,143.8232086,BALLARAT
T20170017745,Wet,Raining,Collision with a fixed object,Friday,Day,100,2017/09/15,15:41:00,No,1.0,1.0,-37.57074039,143.6663903,GOLDEN PLAINS
T20170017757,Wet,Raining,Collision with vehicle,Friday,Dark Street lights on,60,2017/09/15,21:15:00,Yes,5.0,1.0,-38.11150087,144.3492838,GREATER GEELONG
T20170017762,Wet,Raining,Collision with vehicle,Friday,Day,60,2017/09/15,14:40:00,No,4.0,2.0,-36.50036658,144.6044771,GREATER BENDIGO
T20170017770,Wet,Raining,Collision with a fixed object,Friday,Dark No street lights,100,2017/09/15,21:00:00,Yes,1.0,1.0,-38.07418455,142.7694892,MOYNE
T20170017785,Dry,Clear,Collision with a fixed object,Thursday,Day,60,2017/01/12,14:00:00,No,1.0,1.0,-38.00078,146.029181,BAW BAW
T20170017790,Dry,Clear,Struck Pedestrian,Saturday,Day,50,2017/09/16,10:38:00,No,3.0,1.0,-37.5761925,143.8334195,BALLARAT
T20170017806,Dry,Clear,Collision with vehicle,Saturday,Dusk/Dawn,50,2017/09/16,18:00:00,Yes,4.0,1.0,-36.1243574,144.7485954,CAMPASPE
T20170017811,Dry,Clear,Collision with a fixed object,Saturday,Day,100,2017/09/16,17:45:00,Yes,1.0,1.0,-36.69756036,144.3417704,GREATER BENDIGO
T20170017839,Wet,Raining,Collision with a fixed object,Sunday,Dark No street lights,80,2017/09/17,04:25:00,Yes,1.0,1.0,-38.06583644,144.3908546,GREATER GEELONG
T20170017846,Dry,Clear,Collision with a fixed object,Sunday,Day,50,2017/09/17,06:20:00,Yes,1.0,1.0,-36.71752099,144.2620975,GREATER BENDIGO
T20170017847,Wet,Raining,Collision with vehicle,Saturday,Day,60,2017/09/16,14:12:00,Yes,2.0,1.0,-38.15389816,144.3757508,GREATER GEELONG
T20170017859,Dry,Clear,Collision with vehicle,Sunday,Day,50,2017/09/17,13:38:00,No,3.0,2.0,-36.37781636,145.4065031,GREATER SHEPPARTON
T20170017861,Icy,Clear,Struck Pedestrian,Sunday,Dark No street lights,100,2017/09/17,05:00:00,Yes,2.0,1.0,-37.38690109,143.6860282,BALLARAT
T20170017867,Dry,Clear,Collision with a fixed object,Saturday,Dark No street lights,999,2017/09/16,20:30:00,Yes,4.0,1.0,-37.06085089,145.0536675,MITCHELL