Accident_No,Surface_Cond_Desc,Atmosph_Cond_Desc,Accident_Type_Desc,Day,Light_Condition_Desc,Speed_Zone,Accident_Date,Accident_Time,Alcohol_Influence,Total_Persons_Inv,Inj_Or_Fatal,Lat,Long,LGA
T20170017885,Dry,Clear,Collision with vehicle,Sunday,Day,90,2017/09/17,16:10:00,Yes,4.0,1.0,-37.28291451,144.2882749,HEPBURN
T20170017905,Dry,Strong winds,No collision and no object struck,Sunday,Day,100,2017/09/17,13:00:00,No,1.0,1.0,-37.5017642,144.7704179,MACEDON RANGES
T20170017907,Dry,Clear,Collision with a fixed object,Wednesday,Day,100,2017/09/13,12:10:00,No,1.0,1.0,-36.37145931,145.5763596,GREATER SHEPPARTON
T20170017914,Dry,Clear,Collision with vehicle,Monday,Day,60,2017/09/18,09:50:00,No,1.0,1.0,-37.56546136,143.8779998,BALLARAT
T20170017924,Dry,Clear,Collision with a fixed object,Monday,Day,100,2017/09/18,14:20:00,No,2.0,2.0,-38.06593526,145.9226587,BAW BAW
T20170017926,Dry,Clear,Collision with a fixed object,Monday,Day,100,2017/09/18,12:30:00,No,3.0,3.0,-35.4564121,143.2758964,SWAN HILL
T20170017928,Dry,Clear,Collision with a fixed object,Monday,Day,40,2017/09/18,15:58:00,No,1.0,1.0,-38.10060994,147.0677925,WELLINGTON
T20170017930,Dry,Clear,Collision with vehicle,Monday,Day,999,2017/09/18,14:06:00,No,3.0,1.0,-38.60872875,145.5889955,BASS COAST
T20170017931,Dry,Clear,Collision with vehicle,Monday,Dark Street lights on,60,2017/09/18,18:15:00,Yes,2.0,1.0,-36.74703946,144.2869246,GREATER BENDIGO
T20170017932,Wet,Raining,Collision with vehicle,Monday,Day,50,2017/09/18,15:10:00,No,4.0,1.0,-37.55548126,143.8574432,BALLARAT
T20170017935,Dry,Clear,Collision with vehicle,Monday,Day,60,2017/09/18,08:25:00,No,2.0,1.0,-38.11142154,147.0684336,WELLINGTON
T20170017939,Wet,Raining,Struck Pedestrian,Monday,Dark Street lights on,50,2017/09/18,21:45:00,Yes,3.0,1.0,-36.7585173,144.2801042,GREATER BENDIGO
T20170017952,Dry,Clear,Collision with vehicle,Tuesday,Day,100,2017/09/19,06:50:00,No,3.0,3.0,-36.32173512,145.8455037,BENALLA
T20170017960,Wet,Clear,Collision with vehicle,Tuesday,Day,60,2017/09/19,07:05:00,No,2.0,1.0,-37.56971577,143.8092946,BALLARAT
T20170017963,Dry,Clear,Collision with vehicle,Tuesday,Day,60,2017/09/19,08:50:00,No,3.0,1.0,-38.36705883,142.4936333,WARRNAMBOOL
T20170017984,Dry,Clear,Collision with vehicle,Tuesday,Day,60,2017/09/19,14:10:00,No,5.0,4.0,-37.59123598,143.8670406,BALLARAT
T20170017987,Dry,Clear,Collision with vehicle,Tuesday,Day,60,2017/09/19,16:15:00,No,2.0,1.0,-38.47530509,145.947731,SOUTH GIPPSLAND
T20170018004,Dry,Clear,Collision with vehicle,Tuesday,Day,110,2017/09/19,14:20:00,No,3.0,1.0,-37.59136702,144.1790638,MOORABOOL
T20170018015,Dry,Clear,Collision with vehicle,Friday,Day,60,2017/09/08,10:30:00,No,2.0,1.0,-38.17251966,144.318594,GREATER GEELONG
T20170018016,Dry,Clear,Collision with vehicle,Wednesday,Day,50,2017/09/20,07:48:00,No,3.0,1.0,-38.2854526,144.4930409,GREATER GEELONG
T20170018018,Dry,Clear,Fall from or in moving vehicle,Wednesday,Day,50,2017/09/20,07:20:00,No,3.0,1.0,-38.37135694,142.4705537,WARRNAMBOOL
T20170018033,Dry,Clear,Collision with vehicle,Wednesday,Day,50,2017/09/20,08:42:00,No,4.0,1.0,-38.16379038,144.3891275,GREATER GEELONG
T20170018036,Dry,Clear,Collision with a fixed object,Wednesday,Day,100,2017/09/20,13:00:00,No,1.0,1.0,-37.74939045,143.7857125,GOLDEN PLAINS
T20170018047,Dry,Clear,Struck Pedestrian,Wednesday,Day,60,2017/09/20,16:15:00,No,2.0,1.0,-36.13892295,144.7507884,CAMPASPE
T20170018049,Dry,Clear,Collision with vehicle,Wednesday,Day,100,2017/09/20,15:40:00,No,2.0,1.0,-37.75799143,147.7087113,EAST GIPPSLAND
T20170018050,Dry,Clear,Collision with vehicle,Wednesday,Unknown,60,2017/09/20,04:05:00,Yes,2.0,1.0,-38.08241799,144.3582352,GREATER GEELONG
T20170018051,Dry,Clear,Collision with a fixed object,Wednesday,Day,100,2017/09/20,11:18:00,No,1.0,1.0,-38.07790777,144.2354161,GOLDEN PLAINS
T20170018052,Dry,Clear,Collision with vehicle,Wednesday,Day,100,2017/09/20,17:00:00,No,4.0,1.0,-37.77427523,143.624732,GOLDEN PLAINS
T20170018056,Dry,Clear,Struck Pedestrian,Wednesday,Day,50,2017/09/20,18:06:00,Yes,2.0,2.0,-37.82747517,147.630671,EAST GIPPSLAND
T20170018059,Dry,Clear,Collision with vehicle,Wednesday,Day,90,2017/09/20,17:00:00,No,3.0,2.0,-37.43176842,144.5591972,MACEDON RANGES
T20170018078,Dry,Clear,Collision with vehicle,Wednesday,Dark Street lights on,70,2017/09/20,22:02:00,Yes,2.0,1.0,-38.18192062,144.3477442,GREATER GEELONG
T20170018081,Dry,Clear,Collision with vehicle,Wednesday,Dark No street lights,110,2017/09/20,21:35:00,Yes,3.0,2.0,-37.01756132,145.101343,MITCHELL
T20170018090,Dry,Clear,Collision with vehicle,Wednesday,Day,40,2017/09/20,14:20:00,No,2.0,1.0,-38.60027883,145.6001795,BASS COAST
T20170018092,Wet,Clear,Collision with a fixed object,Monday,Dark No street lights,100,2017/08/21,21:45:00,Yes,1.0,1.0,-38.2677681,142.4839935,MOYNE
T20170018099,Dry,Clear,Collision with a fixed object,Thursday,Day,100,2017/09/21,07:55:00,No,3.0,3.0,-37.38720895,144.8889797,MACEDON RANGES
T20170018100,Dry,Clear,Collision with a fixed object,Thursday,Day,60,2017/09/21,07:10:00,No,1.0,1.0,-36.75515254,144.2621289,GREATER BENDIGO
T20170018117,Wet,Raining,Collision with vehicle,Thursday,Day,60,2017/09/14,14:00:00,No,3.0,1.0,-37.5803373,143.8440116,BALLARAT
T20170018118,Dry,Clear,Vehicle overturned (no collision),Thursday,Day,100,2017/09/21,13:30:00,No,1.0,1.0,-38.26616038,146.7425199,WELLINGTON
T20170018140,Dry,Clear,Collision with vehicle,Thursday,Day,50,2017/09/21,17:59:00,No,2.0,1.0,-36.38821406,145.4159625,GREATER SHEPPARTON
T20170018142,Dry,Clear,Collision with vehicle,Thursday,Dark Street lights on,50,2017/09/21,18:20:00,Yes,2.0,1.0,-38.13939259,144.336609,GREATER GEELONG
T20170018150,Dry,Clear,Collision with a fixed object,Thursday,Dark No street lights,100,2017/09/21,21:30:00,Yes,1.0,1.0,-38.17981496,144.6252243,GREATER GEELONG
T20170018162,Dry,Clear,Collision with a fixed object,Friday,Dark No street lights,100,2017/09/22,00:50:00,Yes,1.0,1.0,-36.61148017,144.5165601,GREATER BENDIGO
T20170018164,Dry,Clear,Collision with a fixed object,Friday,Dark Street lights on,50,2017/09/22,00:40:00,Yes,1.0,1.0,-37.04701762,143.7374847,CENTRAL GOLDFIELDS
T20170018165,Dry,Clear,Collision with vehicle,Thursday,Dark Street lights on,70,2017/09/21,23:30:00,Yes,3.0,3.0,-38.18388888,146.238472,LATROBE
T20170018166,Dry,Not known,Collision with a fixed object,Friday,Dark No street lights,100,2017/09/22,02:50:00,Yes,1.0,1.0,-38.30104383,143.7657206,COLAC OTWAY
T20170018170,Dry,Clear,Collision with vehicle,Thursday,Day,100,2017/09/21,15:45:00,No,2.0,1.0,-37.09875221,144.3239134,MOUNT ALEXANDER
T20170018177,Muddy,Clear,Vehicle overturned (no collision),Sunday,Day,100,2017/09/17,10:15:00,No,1.0,1.0,-37.52186004,145.9654597,MURRINDINDI
T20170018184,Dry,Clear,Collision with vehicle,Friday,Day,110,2017/09/22,12:00:00,No,4.0,1.0,-37.06790873,145.1018012,MITCHELL
T20170018206,Dry,Clear,Collision with vehicle,Friday,Day,60,2017/09/22,17:02:00,Yes,2.0,2.0,-37.84562514,144.0768915,GOLDEN PLAINS
T20170018207,Dry,Clear,Collision with vehicle,Friday,Day,100,2017/09/22,16:00:00,Yes,2.0,1.0,-37.76617002,142.0084803,SOUTHERN GRAMPIANS
T20170018219,Dry,Clear,Collision with vehicle,Friday,Day,60,2017/09/22,17:00:00,No,3.0,2.0,-36.71176377,142.1996858,HORSHAM
T20170018228,Dry,Clear,Collision with vehicle,Wednesday,Day,60,2017/09/20,15:55:00,No,4.0,3.0,-36.39736502,145.409884,GREATER SHEPPARTON
T20170018242,Dry,Clear,Collision with a fixed object,Saturday,Dark Street lights off,100,2017/09/23,05:15:00,Yes,1.0,1.0,-37.78416907,144.1442294,MOORABOOL
T20170018260,Dry,Clear,Collision with vehicle,Saturday,Day,60,2017/09/23,13:35:00,No,2.0,1.0,-37.55353104,143.8209929,BALLARAT
T20170018281,Dry,Clear,Collision with vehicle,Saturday,Day,40,2017/09/23,13:45:00,No,4.0,1.0,-36.69695383,142.2056978,HORSHAM
T20170018288,Dry,Clear,Collision with a fixed object,Saturday,Dark Street lights on,60,2017/09/23,21:38:00,Yes,1.0,1.0,-37.69632472,144.4970199,MOORABOOL
T20170018295,Wet,Raining,Collision with vehicle,Sunday,Day,60,2017/09/24,06:20:00,No,3.0,1.0,-38.14537599,144.3354674,GREATER GEELONG
T20170018305,Dry,Clear,No collision and no object struck,Saturday,Day,999,2017/09/23,15:05:00,No,1.0,1.0,-38.74628888,143.2703277,COLAC OTWAY
T20170018308,Dry,Strong winds,collision with some other object,Sunday,Day,80,2017/09/24,11:15:00,No,3.0,3.0,-38.16413024,145.8296806,BAW BAW
T20170018330,Dry,Clear,Collision with vehicle,Sunday,Dark Street lights on,50,2017/09/24,19:15:00,No,2.0,2.0,-37.41340637,144.9823285,MITCHELL
T20170018332,Dry,Not known,collision with some other object,Saturday,Day,999,2017/09/23,14:00:00,Yes,1.0,1.0,-37.43984913,145.3163244,MURRINDINDI
T20170018346,Dry,Clear,Collision with vehicle,Sunday,Day,80,2017/09/24,16:45:00,Yes,3.0,3.0,-37.07074065,147.6035781,EAST GIPPSLAND
T20170018353,Wet,Raining,Collision with a fixed object,Monday,Day,100,2017/09/25,07:20:00,Yes,1.0,1.0,-38.60187044,145.9708214,SOUTH GIPPSLAND
T20170018358,Dry,Clear,Collision with a fixed object,Sunday,Dark No street lights,100,2017/09/24,21:15:00,Yes,1.0,1.0,-35.82515995,145.5503668,MOIRA
T20170018364,Dry,Clear,Collision with a fixed object,Monday,Day,80,2017/09/25,11:00:00,No,2.0,2.0,-36.16023945,146.6062297,INDIGO
T20170018365,Wet,Raining,Collision with vehicle,Monday,Day,100,2017/09/25,12:03:00,No,1.0,1.0,-37.53021149,145.8242996,MURRINDINDI
T20170018366,Dry,Clear,Collision with vehicle,Monday,Day,60,2017/09/25,11:15:00,No,3.0,2.0,-38.10216689,144.3331889,GREATER GEELONG
T20170018368,Dry,Clear,Collision with a fixed object,Sunday,Day,999,2017/09/24,11:30:00,No,1.0,1.0,-37.68077784,144.0659286,MOORABOOL
T20170018371,Wet,Raining,Collision with vehicle,Monday,Day,100,2017/09/25,11:45:00,No,2.0,1.0,-38.34175362,143.4768628,COLAC OTWAY
T20170018372,Dry,Clear,No collision and no object struck,Sunday,Day,60,2017/09/17,09:30:00,Yes,1.0,1.0,-37.16791069,143.7012359,CENTRAL GOLDFIELDS
T20170018381,Dry,Clear,Collision with vehicle,Monday,Dusk/Dawn,80,2017/09/25,17:55:00,No,3.0,3.0,-38.18587461,144.4510296,GREATER GEELONG
T20170018385,Wet,Raining,Struck animal,Monday,Dark No street lights,100,2017/09/25,18:15:00,Yes,1.0,1.0,-37.22656782,145.7496912,MURRINDINDI
T20170018398,Wet,Raining,Vehicle overturned (no collision),Monday,Dark No street lights,100,2017/09/25,04:00:00,Yes,1.0,1.0,-37.6305887,144.2150544,MOORABOOL
T20170018400,Dry,Clear,Collision with vehicle,Monday,Dark No street lights,100,2017/09/25,17:50:00,No,2.0,2.0,-38.05515609,143.7288817,COLAC OTWAY
T20170018407,Dry,Clear,Collision with vehicle,Tuesday,Day,60,2017/09/26,08:05:00,No,2.0,1.0,-34.18824667,142.148753,MILDURA
T20170018414,Wet,Clear,Collision with a fixed object,Monday,Day,100,2017/09/25,16:40:00,No,1.0,1.0,-38.31024061,145.7885576,SOUTH GIPPSLAND
T20170018417,Dry,Clear,Collision with vehicle,Tuesday,Day,50,2017/09/26,10:13:00,No,4.0,1.0,-38.16805846,144.3213166,GREATER GEELONG
T20170018419,Dry,Clear,Collision with vehicle,Tuesday,Day,100,2017/09/26,11:20:00,No,2.0,1.0,-36.39818555,146.2786636,WANGARATTA
T20170018420,Wet,Raining,Collision with vehicle,Friday,Day,60,2017/09/15,15:00:00,No,2.0,1.0,-37.56966054,143.8627841,BALLARAT
T20170018423,Dry,Clear,Collision with a fixed object,Monday,Day,100,2017/09/25,15:00:00,No,2.0,1.0,-38.42355987,143.5806639,COLAC OTWAY
T20170018429,Dry,Clear,Collision with a fixed object,Tuesday,Day,100,2017/09/26,13:25:00,No,1.0,1.0,-36.19577838,145.5297173,MOIRA
T20170018431,Wet,Raining,Collision with a fixed object,Wednesday,Dark Street lights unknown,999,2017/04/26,21:30:00,Yes,1.0,1.0,-36.62199465,143.4907593,LODDON
T20170018471,Dry,Clear,Collision with vehicle,Wednesday,Day,100,2017/09/27,09:09:00,No,3.0,3.0,-36.02888098,144.5152996,CAMPASPE
T20170018474,Dry,Clear,Vehicle overturned (no collision),Wednesday,Day,999,2017/09/27,10:45:00,No,3.0,3.0,-37.81980554,147.4627908,EAST GIPPSLAND
T20170018476,Dry,Clear,Collision with a fixed object,Tuesday,Dark No street lights,100,2017/09/26,21:15:00,Yes,1.0,1.0,-36.29110963,146.9105888,INDIGO
T20170018481,Dry,Clear,Collision with a fixed object,Wednesday,Day,80,2017/09/27,13:57:00,No,2.0,2.0,-38.20692992,144.35827,GREATER GEELONG
T20170018488,Dry,Clear,collision with some other object,Sunday,Day,100,2017/09/17,11:30:00,No,1.0,1.0,-37.63216605,147.6427894,EAST GIPPSLAND
T20170018497,Dry,Clear,Collision with vehicle,Wednesday,Day,60,2017/09/27,17:25:00,No,4.0,1.0,-38.08336013,144.3528214,GREATER GEELONG
T20170018500,Dry,Clear,Collision with vehicle,Wednesday,Day,50,2017/09/27,17:05:00,No,2.0,2.0,-38.33258175,145.6729098,SOUTH GIPPSLAND
T20170018506,Wet,Raining,Collision with vehicle,Wednesday,Dark Street lights on,100,2017/09/27,18:26:00,Yes,4.0,2.0,-38.34508656,143.4564228,COLAC OTWAY
T20170018510,Wet,Raining,Collision with vehicle,Wednesday,Dusk/Dawn,999,2017/09/27,17:46:00,No,7.0,5.0,-38.33929867,143.5816601,COLAC OTWAY
T20170018522,Dry,Clear,Collision with a fixed object,Tuesday,Day,60,2017/09/26,11:00:00,No,1.0,1.0,-38.62179148,142.9988714,CORANGAMITE
T20170018524,Dry,Clear,Collision with a fixed object,Wednesday,Dark No street lights,100,2017/09/27,21:30:00,Yes,1.0,1.0,-36.85594536,145.2902265,STRATHBOGIE
T20170018533,Dry,Clear,Collision with vehicle,Tuesday,Day,60,2017/09/26,15:49:00,No,6.0,5.0,-38.16190169,144.3548293,GREATER GEELONG
T20170018539,Dry,Clear,Collision with vehicle,Thursday,Day,80,2017/09/28,09:28:00,No,3.0,1.0,-36.41049486,145.4318467,GREATER SHEPPARTON
T20170018542,Dry,Clear,Collision with vehicle,Thursday,Day,50,2017/09/28,07:50:00,No,2.0,1.0,-36.79520515,144.2442717,GREATER BENDIGO
T20170018544,Dry,Clear,Collision with vehicle,Thursday,Day,60,2017/09/28,09:00:00,No,4.0,2.0,-38.14383942,145.9387083,BAW BAW
T20170018546,Dry,Clear,Collision with vehicle,Thursday,Day,100,2017/09/28,07:00:00,No,4.0,4.0,-36.14854545,145.3675,MOIRA
T20170018553,Wet,Raining,Collision with a fixed object,Thursday,Day,100,2017/09/28,11:05:00,No,1.0,1.0,-38.21458039,146.3244892,LATROBE
T20170018558,Dry,Clear,Collision with vehicle,Thursday,Day,70,2017/09/28,12:35:00,No,5.0,5.0,-38.20857249,144.3398647,GREATER GEELONG
T20170018559,Dry,Clear,Collision with vehicle,Thursday,Day,50,2017/09/28,12:40:00,No,3.0,2.0,-38.38168975,142.4820798,WARRNAMBOOL
T20170018567,Dry,Clear,Collision with vehicle,Thursday,Day,60,2017/09/28,15:30:00,No,5.0,1.0,-38.17922435,146.2528722,LATROBE
T20170018568,Dry,Clear,Collision with vehicle,Wednesday,Dark Street lights on,50,2017/09/27,22:25:00,Yes,3.0,3.0,-38.1756268,146.2930419,LATROBE
T20170018572,Dry,Clear,Collision with a fixed object,Thursday,Day,100,2017/09/28,16:39:00,No,1.0,1.0,-34.26581938,142.0945593,MILDURA
T20170018573,Dry,Clear,Collision with vehicle,Thursday,Dark Street lights on,60,2017/09/28,18:18:00,Yes,4.0,3.0,-36.76347183,144.2705802,GREATER BENDIGO
T20170018580,Dry,Clear,Vehicle overturned (no collision),Monday,Dark No street lights,80,2017/09/25,21:20:00,Yes,1.0,1.0,-35.71820774,143.10337,BULOKE
T20170018581,Dry,Clear,Collision with vehicle,Thursday,Dusk/Dawn,100,2017/09/28,17:50:00,No,2.0,1.0,-36.15662878,145.95616,MOIRA
T20170018588,Dry,Clear,Collision with a fixed object,Thursday,Dark No street lights,100,2017/09/28,19:35:00,Yes,3.0,3.0,-38.34351024,142.872432,CORANGAMITE
T20170018610,Dry,Clear,Collision with a fixed object,Friday,Day,100,2017/09/29,08:30:00,No,1.0,1.0,-36.49911463,145.92331,BENALLA
T20170018612,Dry,Clear,Collision with vehicle,Friday,Day,100,2017/09/29,11:00:00,No,7.0,2.0,-38.44633153,145.8557799,SOUTH GIPPSLAND
T20170018621,Dry,Clear,Collision with vehicle,Friday,Day,60,2017/09/29,12:15:00,No,5.0,2.0,-38.68042552,143.3912562,COLAC OTWAY
T20170018623,Dry,Clear,Collision with a fixed object,Friday,Day,100,2017/09/29,14:10:00,No,2.0,1.0,-37.43962702,145.3162989,MURRINDINDI
T20170018628,Dry,Clear,Vehicle overturned (no collision),Friday,Day,100,2017/09/29,14:50:00,No,1.0,1.0,-36.50202946,147.0452983,ALPINE
T20170018632,Dry,Clear,No collision and no object struck,Friday,Day,40,2017/09/29,15:50:00,No,2.0,1.0,-38.13897806,144.3486278,GREATER GEELONG
T20170018642,Dry,Dust,Vehicle overturned (no collision),Friday,Day,999,2017/09/29,14:00:00,No,1.0,1.0,-37.15744003,145.1794803,MITCHELL
T20170018649,Dry,Clear,Collision with a fixed object,Friday,Dark No street lights,100,2017/09/29,21:45:00,Yes,3.0,3.0,-36.66374051,143.2461074,NORTHERN GRAMPIANS
T20170018672,Dry,Clear,Collision with vehicle,Wednesday,Day,60,2017/09/20,16:20:00,No,2.0,1.0,-37.8210042,147.5973722,EAST GIPPSLAND
T20170018674,Dry,Clear,Vehicle overturned (no collision),Friday,Day,999,2017/09/29,13:00:00,No,1.0,1.0,-37.35445956,145.1529841,MITCHELL
T20170018677,Dry,Clear,Collision with a fixed object,Saturday,Day,100,2017/09/30,15:00:00,No,1.0,1.0,-37.19777032,145.8340101,MURRINDINDI
T20170018679,Dry,Clear,Collision with vehicle,Saturday,Day,60,2017/09/30,11:55:00,No,3.0,1.0,-36.76912353,144.2920962,GREATER BENDIGO
T20170018691,Dry,Clear,Struck Pedestrian,Saturday,Dark Street lights on,50,2017/09/30,21:00:00,Yes,2.0,1.0,-34.20790125,142.14385,MILDURA
T20170018698,Dry,Clear,Collision with vehicle,Saturday,Dark Street lights on,80,2017/09/30,20:40:00,Yes,4.0,1.0,-37.41820955,144.9971908,MITCHELL
T20170018703,Wet,Raining,Collision with a fixed object,Saturday,Day,50,2017/09/30,08:20:00,No,1.0,1.0,-38.23206988,146.4260903,LATROBE
T20170018704,Dry,Not known,Collision with a fixed object,Sunday,Dark No street lights,50,2017/10/01,05:00:00,Yes,1.0,1.0,-38.212797,146.4170621,LATROBE
T20170018705,Dry,Clear,Struck animal,Sunday,Dusk/Dawn,60,2017/10/01,06:35:00,No,1.0,1.0,-37.62962467,143.8938193,BALLARAT
T20170018707,Dry,Clear,Collision with vehicle,Sunday,Day,50,2017/10/01,10:19:00,No,1.0,1.0,-38.09538164,147.0832699,WELLINGTON
T20170018708,Dry,Clear,Collision with vehicle,Sunday,Day,50,2017/10/01,11:55:00,No,1.0,1.0,-37.96273556,146.9741235,WELLINGTON
T20170018711,Dry,Not known,Collision with a fixed object,Sunday,Dusk/Dawn,100,2017/10/01,06:39:00,Yes,1.0,1.0,-36.42883153,145.1173403,GREATER SHEPPARTON
T20170018719,Unknown,Not known,Collision with a fixed object,Sunday,Unknown,100,2017/10/01,09:20:00,Yes,1.0,1.0,-38.57992985,142.8570402,MOYNE
T20170018724,Dry,Clear,Collision with vehicle,Sunday,Day,80,2017/10/01,15:20:00,No,5.0,2.0,-36.95566558,144.2358899,MOUNT ALEXANDER
T20170018730,Dry,Not known,Collision with vehicle,Sunday,Dusk/Dawn,60,2017/10/01,19:17:00,Yes,3.0,1.0,-38.06480629,144.3438007,GREATER GEELONG
T20170018746,Dry,Clear,Collision with a fixed object,Saturday,Dark No street lights,110,2017/09/23,04:30:00,Yes,1.0,1.0,-36.28140822,146.3987869,WANGARATTA
T20170018752,Dry,Clear,Collision with vehicle,Sunday,Day,60,2017/10/01,10:45:00,No,2.0,1.0,-36.13563229,146.9068398,WODONGA
T20170018755,Dry,Clear,Collision with vehicle,Monday,Day,50,2017/10/02,10:50:00,No,1.0,1.0,-37.06115141,144.2198898,MOUNT ALEXANDER
T20170018764,Dry,Clear,Collision with vehicle,Thursday,Day,100,2017/09/28,16:55:00,No,2.0,1.0,-36.40677003,145.4981438,GREATER SHEPPARTON
T20170018768,Dry,Clear,Collision with a fixed object,Monday,Day,100,2017/10/02,12:56:00,No,1.0,1.0,-37.44486365,143.9284691,HEPBURN
T20170018772,Dry,Clear,Collision with a fixed object,Monday,Day,60,2017/10/02,12:55:00,No,1.0,1.0,-37.62946614,143.892249,BALLARAT
T20170018773,Dry,Clear,Collision with a fixed object,Monday,Day,100,2017/10/02,15:20:00,No,1.0,1.0,-36.0658,145.9954497,MOIRA
T20170018774,Dry,Clear,Collision with vehicle,Sunday,Day,100,2017/10/01,13:00:00,No,5.0,5.0,-36.04091001,143.2257825,BULOKE
T20170018779,Dry,Clear,Collision with vehicle,Sunday,Day,60,2017/10/01,17:10:00,Yes,2.0,1.0,-37.2895996,144.9501114,MITCHELL
T20170018780,Dry,Clear,Struck Pedestrian,Monday,Day,60,2017/10/02,17:50:00,No,2.0,1.0,-37.04394488,143.74031,CENTRAL GOLDFIELDS
T20170018786,Dry,Clear,Collision with a fixed object,Sunday,Day,60,2017/10/01,13:30:00,No,1.0,1.0,-37.84273228,144.2781199,GREATER GEELONG
T20170018797,Dry,Clear,Collision with a fixed object,Monday,Dark Street lights on,80,2017/10/02,21:55:00,Yes,1.0,1.0,-38.0988486,144.3552524,GREATER GEELONG
T20170018805,Dry,Clear,Collision with vehicle,Tuesday,Dark Street lights on,60,2017/10/03,05:22:00,Yes,3.0,2.0,-38.08608929,144.3744176,GREATER GEELONG
T20170018815,Dry,Clear,Collision with vehicle,Monday,Day,50,2017/10/02,15:30:00,No,2.0,1.0,-38.60596001,145.5885198,BASS COAST
T20170018816,Dry,Clear,Collision with vehicle,Tuesday,Day,80,2017/10/03,07:40:00,No,4.0,1.0,-38.17642433,144.4765277,GREATER GEELONG
T20170018818,Dry,Clear,Struck Pedestrian,Tuesday,Day,60,2017/10/03,09:41:00,No,2.0,1.0,-38.13327759,145.8537305,BAW BAW
T20170018845,Dry,Clear,Vehicle overturned (no collision),Tuesday,Day,100,2017/10/03,16:15:00,No,2.0,1.0,-36.19758903,144.5348341,CAMPASPE
T20170018850,Dry,Clear,Collision with vehicle,Tuesday,Day,50,2017/10/03,17:20:00,No,4.0,3.0,-38.19390776,144.3262687,GREATER GEELONG
T20170018852,Dry,Clear,Collision with a fixed object,Tuesday,Day,100,2017/10/03,15:03:00,No,2.0,1.0,-38.45726573,143.9268105,SURF COAST
T20170018862,Dry,Clear,Collision with vehicle,Wednesday,Dark Street lights on,999,2017/10/04,01:30:00,Yes,2.0,1.0,-38.20915643,144.3058716,GREATER GEELONG
T20170018868,Dry,Clear,Collision with vehicle,Wednesday,Day,70,2017/10/04,08:05:00,No,2.0,1.0,-38.23665682,144.3778746,GREATER GEELONG
T20170018878,Dry,Fog,Collision with vehicle,Wednesday,Day,100,2017/10/04,07:35:00,No,3.0,1.0,-38.10631178,146.8997495,WELLINGTON
T20170018880,Dry,Clear,Collision with vehicle,Thursday,Dark Street lights on,60,2017/09/21,19:50:00,Yes,2.0,1.0,-37.58739658,143.8259879,BALLARAT
T20170018884,Dry,Clear,Collision with vehicle,Wednesday,Day,60,2017/10/04,11:57:00,No,2.0,2.0,-36.70823912,144.2419042,GREATER BENDIGO
T20170018892,Dry,Clear,Collision with a fixed object,Wednesday,Day,100,2017/10/04,13:20:00,No,1.0,1.0,-37.31929069,143.7856975,HEPBURN
T20170018904,Dry,Clear,Collision with vehicle,Wednesday,Day,70,2017/10/04,12:45:00,No,4.0,1.0,-38.12066052,144.3531935,GREATER GEELONG
T20170018911,Dry,Clear,Collision with vehicle,Wednesday,Day,60,2017/10/04,16:15:00,No,4.0,1.0,-37.30237043,144.9509937,MITCHELL
T20170018934,Dry,Clear,Vehicle overturned (no collision),Wednesday,Dark No street lights,50,2017/10/04,23:00:00,Yes,2.0,1.0,-37.91124957,144.4520601,GREATER GEELONG
T20170018950,Dry,Clear,Vehicle overturned (no collision),Saturday,Day,100,2017/09/30,13:00:00,No,1.0,1.0,-36.33885754,146.8065965,INDIGO
T20170018958,Dry,Clear,Collision with vehicle,Thursday,Day,60,2017/10/05,11:15:00,No,3.0,1.0,-36.79658981,144.2423793,GREATER BENDIGO
T20170018960,Wet,Raining,Vehicle overturned (no collision),Thursday,Day,100,2017/10/05,10:55:00,No,3.0,2.0,-38.20891803,145.7525834,BAW BAW
T20170018961,Dry,Clear,Collision with vehicle,Thursday,Day,80,2017/08/10,08:40:00,No,2.0,1.0,-38.0586183,144.3582397,GREATER GEELONG
T20170018965,Dry,Smoke,Collision with a fixed object,Thursday,Day,100,2017/10/05,13:20:00,No,2.0,2.0,-35.86684215,144.1767192,GANNAWARRA
T20170018967,Dry,Clear,Collision with vehicle,Thursday,Day,80,2017/10/05,14:30:00,No,2.0,2.0,-36.5328896,145.9795417,BENALLA
T20170018974,Dry,Clear,Collision with vehicle,Thursday,Day,100,2017/10/05,15:48:00,No,5.0,1.0,-38.26227066,142.8740802,CORANGAMITE
T20170018983,Dry,Clear,Vehicle overturned (no collision),Thursday,Day,100,2017/10/05,16:34:00,No,1.0,1.0,-38.16295337,141.2885063,GLENELG
T20170018985,Dry,Clear,Vehicle overturned (no collision),Thursday,Day,100,2017/10/05,15:30:00,No,1.0,1.0,-37.50095836,144.9023466,MITCHELL
T20170019005,Dry,Clear,Collision with vehicle,Thursday,Day,100,2017/10/05,16:00:00,No,6.0,2.0,-38.26190655,142.8768293,CORANGAMITE
T20170019007,Dry,Clear,Collision with vehicle,Friday,Day,80,2017/10/06,07:50:00,No,2.0,1.0,-38.17562841,144.4679703,GREATER GEELONG
T20170019008,Wet,Raining,Collision with a fixed object,Friday,Day,100,2017/10/06,09:05:00,No,1.0,1.0,-38.16205746,146.3995002,LATROBE
T20170019010,Unknown,Not known,Collision with vehicle,Wednesday,Day,80,2017/09/27,17:00:00,No,2.0,1.0,-38.14430554,145.8933293,BAW BAW