Accident_No,Surface_Cond_Desc,Atmosph_Cond_Desc,Accident_Type_Desc,Day,Light_Condition_Desc,Speed_Zone,Accident_Date,Accident_Time,Alcohol_Influence,Total_Persons_Inv,Inj_Or_Fatal,Lat,Long,LGA
T20170019012,Dry,Clear,Collision with a fixed object,Friday,Day,80,2017/10/06,12:35:00,No,1.0,1.0,-38.33471934,143.5359499,COLAC OTWAY
T20170019025,Unknown,Not known,Collision with vehicle,Tuesday,Day,999,2017/10/03,16:27:00,No,2.0,1.0,-38.14030797,144.3567533,GREATER GEELONG
T20170019026,Dry,Clear,Collision with vehicle,Friday,Day,50,2017/10/06,14:05:00,No,4.0,1.0,-36.76130964,144.2802602,GREATER BENDIGO
T20170019040,Dry,Clear,Collision with vehicle,Friday,Day,60,2017/10/06,16:00:00,Yes,3.0,2.0,-36.35874,145.4020405,GREATER SHEPPARTON
T20170019043,Dry,Clear,No collision and no object struck,Friday,Day,100,2017/10/06,17:40:00,No,1.0,1.0,-36.87673965,144.442018,GREATER BENDIGO
T20170019045,Dry,Clear,Collision with a fixed object,Friday,Day,100,2017/10/06,17:00:00,Yes,1.0,1.0,-37.02595214,145.1926498,MITCHELL
T20170019049,Dry,Clear,Struck Pedestrian,Friday,Dark Street lights on,40,2017/10/06,19:15:00,Yes,2.0,1.0,-38.16211253,145.9337304,BAW BAW
T20170019054,Dry,Clear,Collision with a fixed object,Friday,Dark No street lights,100,2017/10/06,21:10:00,Yes,1.0,1.0,-38.34483528,144.2233509,SURF COAST
T20170019056,Dry,Clear,Collision with a fixed object,Friday,Dusk/Dawn,80,2017/10/06,06:25:00,No,2.0,1.0,-37.53573148,144.5713186,MACEDON RANGES
T20170019068,Dry,Clear,Collision with vehicle,Saturday,Dark No street lights,110,2017/10/07,00:20:00,Yes,2.0,1.0,-37.30223052,145.0537242,MITCHELL
T20170019069,Dry,Clear,Collision with vehicle,Wednesday,Day,60,2017/10/04,18:30:00,Yes,3.0,1.0,-38.17588966,144.4110801,GREATER GEELONG
T20170019076,Dry,Clear,Struck animal,Thursday,Day,100,2017/10/05,07:30:00,No,1.0,1.0,-36.44388971,143.6526303,LODDON
T20170019079,Dry,Clear,Collision with vehicle,Monday,Day,100,2017/10/02,13:15:00,No,3.0,2.0,-36.2415735,144.720702,CAMPASPE
T20170019081,Dry,Clear,Collision with a fixed object,Saturday,Day,50,2017/10/07,08:10:00,No,1.0,1.0,-38.19162563,146.2495709,LATROBE
T20170019085,Dry,Clear,Collision with vehicle,Saturday,Day,100,2017/10/07,12:35:00,No,2.0,1.0,-34.22618976,142.092878,MILDURA
T20170019089,Dry,Clear,Collision with vehicle,Saturday,Day,50,2017/10/07,13:05:00,No,3.0,2.0,-38.74983489,143.6671109,COLAC OTWAY
T20170019102,Dry,Clear,Collision with a fixed object,Saturday,Day,110,2017/10/07,15:50:00,Yes,2.0,2.0,-37.45436981,144.9762974,MITCHELL
T20170019121,Dry,Clear,Collision with a fixed object,Saturday,Dark No street lights,100,2017/10/07,03:50:00,Yes,1.0,1.0,-36.26384947,143.39229,BULOKE
T20170019127,Dry,Clear,Collision with a fixed object,Saturday,Day,80,2017/10/07,13:50:00,No,1.0,1.0,-38.21127406,144.2564708,GREATER GEELONG
T20170019134,Dry,Clear,Collision with vehicle,Saturday,Day,40,2017/10/07,10:50:00,No,2.0,1.0,-36.74123963,146.9745047,ALPINE
T20170019136,Dry,Clear,Collision with vehicle,Sunday,Day,110,2017/10/08,10:12:00,No,7.0,3.0,-36.49552186,146.1206047,BENALLA
T20170019142,Dry,Clear,Collision with a fixed object,Sunday,Day,100,2017/10/08,10:10:00,No,1.0,1.0,-38.28900061,146.4142974,LATROBE
T20170019144,Wet,Raining,Collision with a fixed object,Sunday,Day,100,2017/10/08,12:10:00,No,1.0,1.0,-36.28683813,145.4467169,GREATER SHEPPARTON
T20170019155,Dry,Clear,Collision with vehicle,Sunday,Day,70,2017/10/08,16:05:00,Yes,1.0,1.0,-38.17315542,144.400682,GREATER GEELONG
T20170019161,Wet,Raining,Vehicle overturned (no collision),Sunday,Day,60,2017/10/08,17:55:00,Yes,1.0,1.0,-38.2257597,144.5419666,GREATER GEELONG
T20170019162,Dry,Clear,Collision with vehicle,Sunday,Day,110,2017/10/08,17:30:00,Yes,3.0,1.0,-37.51765114,143.82967,BALLARAT
T20170019165,Wet,Clear,No collision and no object struck,Sunday,Day,999,2017/10/08,15:00:00,No,1.0,1.0,-37.51673016,145.9769396,MURRINDINDI
T20170019167,Wet,Clear,Vehicle overturned (no collision),Sunday,Day,40,2017/10/08,15:40:00,No,2.0,2.0,-38.64294873,143.6472309,COLAC OTWAY
T20170019168,Wet,Raining,Collision with a fixed object,Sunday,Day,110,2017/10/08,13:14:00,No,5.0,5.0,-36.69408196,145.6593133,STRATHBOGIE
T20170019181,Dry,Not known,Collision with a fixed object,Sunday,Dark Street lights on,70,2017/10/08,23:30:00,Yes,1.0,1.0,-37.55788002,143.82372,BALLARAT
T20170019188,Wet,Clear,Vehicle overturned (no collision),Monday,Day,50,2017/10/09,08:45:00,No,1.0,1.0,-36.38598952,145.3581806,GREATER SHEPPARTON
T20170019195,Dry,Clear,No collision and no object struck,Friday,Dusk/Dawn,80,2017/09/22,19:30:00,Yes,5.0,1.0,-36.12954949,144.7267265,CAMPASPE
T20170019198,Wet,Clear,Collision with a fixed object,Monday,Day,60,2017/10/09,09:57:00,No,2.0,1.0,-36.34973699,146.3059778,WANGARATTA
T20170019201,Dry,Clear,Collision with vehicle,Sunday,Dark Street lights on,60,2017/10/08,21:20:00,No,2.0,1.0,-38.06713056,144.3674447,GREATER GEELONG
T20170019203,Dry,Clear,Vehicle overturned (no collision),Sunday,Day,100,2017/10/01,10:00:00,Yes,1.0,1.0,-36.86844696,144.406873,GREATER BENDIGO
T20170019211,Unknown,Dust,Collision with vehicle,Monday,Day,999,2017/10/09,10:45:00,No,2.0,1.0,-37.25010252,144.6196302,MACEDON RANGES
T20170019222,Dry,Clear,Struck animal,Monday,Day,999,2017/10/09,17:10:00,Yes,1.0,1.0,-38.48320014,146.8540922,WELLINGTON
T20170019223,Dry,Clear,Collision with a fixed object,Monday,Day,999,2017/10/09,14:12:00,No,1.0,1.0,-38.12308956,144.6486318,GREATER GEELONG
T20170019227,Dry,Clear,Collision with vehicle,Saturday,Day,60,2017/10/07,13:25:00,No,5.0,3.0,-36.40885945,145.3935157,GREATER SHEPPARTON
T20170019230,Wet,Raining,Collision with a fixed object,Monday,Day,100,2017/10/09,13:20:00,No,1.0,1.0,-37.56949172,149.0317304,EAST GIPPSLAND
T20170019231,Dry,Clear,Collision with vehicle,Friday,Day,50,2017/10/06,12:46:00,No,2.0,1.0,-36.36024312,146.6860436,INDIGO
T20170019233,Dry,Clear,No collision and no object struck,Monday,Day,100,2017/10/09,16:19:00,No,2.0,1.0,-38.49842924,142.7452405,MOYNE
T20170019240,Dry,Clear,Collision with vehicle,Thursday,Dark No street lights,50,2017/10/05,20:00:00,Yes,2.0,1.0,-37.96001448,146.9889251,WELLINGTON
T20170019241,Dry,Clear,Collision with vehicle,Monday,Day,50,2017/10/09,17:22:00,Yes,4.0,3.0,-37.96713786,146.976524,WELLINGTON
T20170019249,Wet,Raining,Collision with a fixed object,Monday,Dark No street lights,80,2017/10/09,03:30:00,Yes,1.0,1.0,-38.39674311,144.1995089,SURF COAST
T20170019256,Dry,Clear,Collision with a fixed object,Monday,Dusk/Dawn,100,2017/10/09,17:25:00,No,1.0,1.0,-37.44618975,143.9813727,HEPBURN
T20170019257,Dry,Clear,Struck animal,Tuesday,Dusk/Dawn,100,2017/10/10,05:45:00,Yes,1.0,1.0,-36.05868557,146.4277496,INDIGO
T20170019261,Dry,Clear,Collision with a fixed object,Friday,Day,100,2017/10/06,16:00:00,Yes,1.0,1.0,-37.25843996,145.0501601,MITCHELL
T20170019262,Muddy,Clear,No collision and no object struck,Saturday,Day,100,2017/09/23,14:00:00,Yes,1.0,1.0,-37.42873977,144.4326632,MACEDON RANGES
T20170019267,Dry,Clear,Struck Pedestrian,Saturday,Day,50,2017/10/07,12:30:00,No,2.0,1.0,-37.5503937,143.8522183,BALLARAT
T20170019273,Dry,Clear,Collision with vehicle,Tuesday,Day,70,2017/10/10,09:30:00,No,4.0,1.0,-38.19044936,144.4694099,GREATER GEELONG
T20170019276,Dry,Clear,Collision with vehicle,Tuesday,Day,50,2017/10/10,08:53:00,No,2.0,1.0,-38.34208669,143.5865637,COLAC OTWAY
T20170019300,Dry,Clear,Vehicle overturned (no collision),Tuesday,Day,100,2017/10/10,07:45:00,No,1.0,1.0,-37.02362058,142.7205564,NORTHERN GRAMPIANS
T20170019313,Dry,Not known,Collision with vehicle,Tuesday,Dark Street lights on,60,2017/10/10,19:35:00,Yes,2.0,1.0,-38.18845571,146.2541602,LATROBE
T20170019315,Dry,Clear,Collision with vehicle,Tuesday,Dark Street lights on,60,2017/10/10,20:20:00,Yes,5.0,3.0,-38.12034971,144.3415476,GREATER GEELONG
T20170019333,Dry,Clear,Collision with vehicle,Wednesday,Day,40,2017/10/11,06:50:00,No,2.0,1.0,-37.225222,144.4293296,MACEDON RANGES
T20170019341,Dry,Clear,Collision with vehicle,Saturday,Day,50,2017/09/02,11:00:00,No,1.0,1.0,-36.73417781,144.2609295,GREATER BENDIGO
T20170019346,Wet,Raining,Collision with vehicle,Wednesday,Day,50,2017/10/11,12:28:00,No,2.0,1.0,-34.18831222,142.1630765,MILDURA
T20170019353,Dry,Clear,Collision with vehicle,Wednesday,Day,50,2017/10/11,10:45:00,No,5.0,2.0,-37.6494481,142.3421584,SOUTHERN GRAMPIANS
T20170019354,Dry,Clear,Vehicle overturned (no collision),Saturday,Day,100,2017/10/07,16:00:00,Yes,1.0,1.0,-36.76797017,147.451083,TOWONG
T20170019366,Wet,Raining,Collision with vehicle,Wednesday,Day,50,2017/10/11,16:55:00,No,3.0,1.0,-37.56882759,143.842912,BALLARAT
T20170019385,Dry,Clear,Collision with vehicle,Tuesday,Day,60,2017/10/03,13:00:00,No,2.0,1.0,-37.82742898,147.6410668,EAST GIPPSLAND
T20170019388,Dry,Clear,Fall from or in moving vehicle,Thursday,Dark Street lights on,40,2017/10/12,01:48:00,Yes,3.0,1.0,-34.23108639,142.165495,MILDURA
T20170019411,Dry,Clear,Collision with a fixed object,Thursday,Day,100,2017/10/12,11:00:00,No,1.0,1.0,-38.62127002,145.7223802,BASS COAST
T20170019415,Dry,Clear,Collision with vehicle,Thursday,Day,60,2017/10/12,10:40:00,No,3.0,3.0,-36.75841668,144.2680393,GREATER BENDIGO
T20170019416,Dry,Clear,Collision with a fixed object,Thursday,Day,60,2017/10/12,12:16:00,No,1.0,1.0,-38.15918626,145.919944,BAW BAW
T20170019430,Dry,Not known,Collision with a fixed object,Monday,Dark No street lights,60,2017/10/02,21:30:00,Yes,1.0,1.0,-37.4169158,144.2469008,HEPBURN
T20170019432,Dry,Clear,Collision with vehicle,Thursday,Day,80,2017/10/12,11:25:00,No,2.0,1.0,-37.53829777,145.3809908,MURRINDINDI
T20170019443,Dry,Clear,Collision with vehicle,Thursday,Day,60,2017/10/12,16:56:00,No,2.0,1.0,-37.41741996,144.9790391,MITCHELL
T20170019467,Dry,Clear,Collision with a fixed object,Friday,Dark No street lights,80,2017/10/13,03:39:00,Yes,1.0,1.0,-36.16642071,146.9468489,WODONGA
T20170019472,Dry,Clear,Vehicle overturned (no collision),Friday,Dusk/Dawn,100,2017/10/13,06:40:00,No,1.0,1.0,-37.25422239,143.832393,HEPBURN
T20170019477,Dry,Clear,Collision with vehicle,Tuesday,Day,50,2017/09/19,14:30:00,No,2.0,1.0,-37.55856136,143.8478601,BALLARAT
T20170019492,Dry,Clear,Collision with vehicle,Tuesday,Day,100,2017/10/10,18:29:00,Yes,2.0,1.0,-34.6268038,142.7595106,SWAN HILL
T20170019495,Dry,Clear,Collision with vehicle,Friday,Day,70,2017/10/13,14:30:00,No,3.0,1.0,-38.36932279,142.4682549,WARRNAMBOOL
T20170019533,Dry,Clear,Collision with vehicle,Saturday,Dark No street lights,60,2017/10/14,05:00:00,Yes,4.0,2.0,-36.77385033,144.2743022,GREATER BENDIGO
T20170019541,Muddy,Clear,No collision and no object struck,Saturday,Day,50,2017/08/26,11:00:00,No,1.0,1.0,-37.38521965,144.6411185,MACEDON RANGES
T20170019543,Dry,Clear,Vehicle overturned (no collision),Saturday,Day,999,2017/10/14,10:58:00,No,2.0,2.0,-38.17441223,145.792136,BAW BAW
T20170019546,Dry,Clear,Collision with a fixed object,Saturday,Day,999,2017/10/14,13:07:00,No,1.0,1.0,-38.24055705,146.4206017,LATROBE
T20170019551,Dry,Clear,Collision with vehicle,Saturday,Day,60,2017/10/14,11:00:00,No,3.0,1.0,-36.37584513,145.4141437,GREATER SHEPPARTON
T20170019554,Dry,Clear,Collision with a fixed object,Friday,Dusk/Dawn,100,2017/10/13,19:00:00,Yes,1.0,1.0,-38.47432681,142.871251,CORANGAMITE
T20170019560,Dry,Clear,Collision with vehicle,Saturday,Day,80,2017/10/14,14:23:00,Yes,3.0,3.0,-38.22063572,144.3472683,GREATER GEELONG
T20170019564,Dry,Clear,Collision with vehicle,Saturday,Day,60,2017/10/14,14:25:00,Yes,3.0,1.0,-38.09871624,144.3541055,GREATER GEELONG
T20170019568,Dry,Clear,Collision with vehicle,Saturday,Day,50,2017/10/14,17:30:00,Yes,3.0,2.0,-37.82527869,147.612552,EAST GIPPSLAND
T20170019569,Dry,Clear,Vehicle overturned (no collision),Saturday,Day,110,2017/10/14,16:10:00,Yes,2.0,1.0,-36.45409073,146.2391467,WANGARATTA
T20170019573,Dry,Clear,Collision with vehicle,Tuesday,Day,50,2017/10/10,16:25:00,No,2.0,1.0,-36.76667986,144.3031396,GREATER BENDIGO
T20170019574,Dry,Clear,Collision with a fixed object,Saturday,Day,60,2017/10/14,13:38:00,No,1.0,1.0,-36.93223811,145.6645794,STRATHBOGIE
T20170019578,Dry,Clear,Collision with vehicle,Saturday,Day,100,2017/10/14,12:45:00,No,3.0,2.0,-38.37009627,145.6701397,SOUTH GIPPSLAND
T20170019579,Dry,Clear,Collision with a fixed object,Saturday,Day,100,2017/10/14,17:20:00,Yes,1.0,1.0,-38.03107295,144.0781191,GOLDEN PLAINS
T20170019583,Dry,Clear,Vehicle overturned (no collision),Saturday,Day,100,2017/10/14,15:09:00,Yes,29.0,26.0,-36.99700932,143.3844219,PYRENEES
T20170019585,Dry,Clear,No collision and no object struck,Saturday,Day,100,2017/10/14,16:00:00,Yes,1.0,1.0,-36.71695404,141.2083494,WEST WIMMERA
T20170019595,Dry,Clear,Struck Pedestrian,Sunday,Dark Street lights on,40,2017/10/15,00:50:00,Yes,3.0,1.0,-38.13640136,145.8575286,BAW BAW
T20170019634,Dry,Clear,Collision with a fixed object,Sunday,Day,100,2017/10/15,14:35:00,No,1.0,1.0,-36.13849073,145.6041508,MOIRA
T20170019638,Dry,Clear,Collision with a fixed object,Monday,Day,50,2017/10/02,18:00:00,Yes,2.0,2.0,-38.20586944,144.3223629,GREATER GEELONG
T20170019640,Dry,Clear,Collision with vehicle,Sunday,Day,100,2017/10/15,18:00:00,Yes,2.0,2.0,-38.75490028,146.1358894,SOUTH GIPPSLAND
T20170019649,Dry,Clear,Collision with vehicle,Sunday,Day,100,2017/10/15,18:15:00,Yes,3.0,2.0,-36.75084412,142.230685,HORSHAM
T20170019657,Dry,Clear,Collision with vehicle,Sunday,Dark No street lights,100,2017/10/15,20:55:00,No,2.0,1.0,-36.12449999,145.4318,MOIRA
T20170019660,Dry,Clear,collision with some other object,Sunday,Dark No street lights,100,2017/10/15,20:30:00,Yes,1.0,1.0,-37.65941983,142.6415301,ARARAT
T20170019664,Dry,Clear,Collision with a fixed object,Monday,Dark No street lights,100,2017/10/16,00:45:00,Yes,1.0,1.0,-37.63338861,144.4644969,MOORABOOL
T20170019673,Dry,Clear,Vehicle overturned (no collision),Sunday,Day,100,2017/10/15,12:05:00,No,1.0,1.0,-37.86168458,144.128938,GOLDEN PLAINS
T20170019676,Dry,Clear,Collision with vehicle,Wednesday,Day,50,2017/10/11,15:30:00,No,2.0,1.0,-36.01471,146.0132881,MOIRA
T20170019677,Dry,Clear,Collision with a fixed object,Tuesday,Day,70,2017/10/10,16:10:00,No,1.0,1.0,-37.51292057,145.3548819,MURRINDINDI
T20170019680,Dry,Clear,No collision and no object struck,Sunday,Day,100,2017/10/15,15:55:00,No,1.0,1.0,-36.92990262,147.0632526,ALPINE
T20170019682,Dry,Clear,Collision with a fixed object,Sunday,Day,100,2017/10/15,12:15:00,No,2.0,2.0,-37.86168979,144.129,GOLDEN PLAINS
T20170019686,Icy,Clear,Collision with a fixed object,Sunday,Dark No street lights,100,2017/10/15,04:30:00,Yes,2.0,1.0,-37.96091098,146.2696571,BAW BAW
T20170019701,Dry,Clear,Collision with a fixed object,Monday,Day,80,2017/10/16,10:20:00,No,1.0,1.0,-38.39991967,143.886041,SURF COAST
T20170019703,Dry,Not known,No collision and no object struck,Sunday,Day,80,2017/10/15,15:30:00,No,1.0,1.0,-38.11092529,147.0419803,WELLINGTON
T20170019715,Dry,Clear,Collision with vehicle,Monday,Day,50,2017/10/16,17:30:00,No,2.0,1.0,-38.39067443,142.4907823,WARRNAMBOOL
T20170019716,Dry,Clear,Collision with a fixed object,Monday,Day,100,2017/10/16,16:45:00,No,1.0,1.0,-36.27935775,143.1214285,BULOKE
T20170019730,Dry,Clear,Collision with vehicle,Monday,Day,80,2017/10/16,17:08:00,No,2.0,1.0,-38.20298735,146.4469906,LATROBE
T20170019731,Dry,Clear,Struck animal,Monday,Dusk/Dawn,100,2017/10/16,19:50:00,Yes,1.0,1.0,-37.53693607,144.5822908,MACEDON RANGES
T20170019736,Dry,Not known,Collision with vehicle,Monday,Dusk/Dawn,100,2017/10/16,18:55:00,Yes,2.0,1.0,-38.32859253,142.3656919,MOYNE
T20170019738,Dry,Clear,Collision with a fixed object,Thursday,Day,80,2017/10/12,17:23:00,No,1.0,1.0,-37.20027971,144.4718975,MACEDON RANGES
T20170019748,Dry,Clear,Struck animal,Tuesday,Day,100,2017/10/17,07:45:00,No,1.0,1.0,-36.01954949,146.4416509,INDIGO
T20170019751,Dry,Fog,Collision with a fixed object,Tuesday,Day,80,2017/10/17,07:45:00,No,2.0,2.0,-38.06998884,147.0896924,WELLINGTON
T20170019767,Dry,Clear,Collision with vehicle,Monday,Day,50,2017/10/16,14:30:00,No,2.0,1.0,-38.38649516,142.4846735,WARRNAMBOOL
T20170019773,Dry,Clear,Collision with a fixed object,Monday,Dark No street lights,80,2017/10/16,19:15:00,Yes,2.0,1.0,-37.80411048,147.9729591,EAST GIPPSLAND
T20170019778,Dry,Clear,Collision with vehicle,Tuesday,Day,60,2017/10/17,15:52:00,No,4.0,1.0,-36.38423016,145.4171099,GREATER SHEPPARTON
T20170019781,Dry,Clear,Collision with a fixed object,Tuesday,Day,100,2017/10/17,15:50:00,No,1.0,1.0,-37.77049547,141.9690289,SOUTHERN GRAMPIANS
T20170019783,Dry,Clear,Collision with vehicle,Tuesday,Day,60,2017/10/17,17:24:00,No,2.0,1.0,-36.3889332,145.4067301,GREATER SHEPPARTON
T20170019788,Dry,Clear,Collision with vehicle,Tuesday,Day,90,2017/10/17,17:35:00,No,3.0,1.0,-37.37468005,144.5263485,MACEDON RANGES
T20170019790,Dry,Clear,Collision with a fixed object,Tuesday,Dark No street lights,100,2017/10/17,20:10:00,Yes,1.0,1.0,-37.99914258,144.2136454,GOLDEN PLAINS
T20170019791,Dry,Clear,Collision with a fixed object,Sunday,Day,80,2017/09/24,15:00:00,No,1.0,1.0,-37.86706838,144.2306052,GOLDEN PLAINS
T20170019796,Dry,Clear,Collision with vehicle,Tuesday,Day,60,2017/10/17,16:07:00,No,6.0,1.0,-38.11086669,144.3438306,GREATER GEELONG
T20170019805,Dry,Clear,Collision with a fixed object,Tuesday,Dark No street lights,100,2017/10/17,23:15:00,Yes,1.0,1.0,-36.55430021,146.9663257,ALPINE
T20170019843,Dry,Clear,Collision with vehicle,Wednesday,Day,50,2017/10/18,13:55:00,No,3.0,1.0,-36.7300614,144.259781,GREATER BENDIGO
T20170019848,Dry,Clear,Vehicle overturned (no collision),Wednesday,Day,80,2017/10/18,12:12:00,No,1.0,1.0,-38.11453026,144.1707624,GOLDEN PLAINS
T20170019851,Dry,Dust,Collision with vehicle,Wednesday,Day,100,2017/10/18,09:00:00,No,2.0,2.0,-36.65413195,147.8001755,TOWONG
T20170019855,Dry,Not known,Collision with vehicle,Wednesday,Day,100,2017/10/18,14:50:00,No,2.0,1.0,-38.31130328,143.6615707,COLAC OTWAY
T20170019858,Dry,Clear,Collision with vehicle,Tuesday,Day,70,2017/10/17,11:00:00,No,5.0,1.0,-38.18244605,144.3447307,GREATER GEELONG
T20170019862,Dry,Clear,Collision with a fixed object,Wednesday,Day,100,2017/10/18,15:25:00,No,1.0,1.0,-37.75053033,148.1817299,EAST GIPPSLAND
T20170019876,Dry,Clear,Collision with vehicle,Wednesday,Day,80,2017/10/18,15:27:00,No,3.0,1.0,-35.34159197,143.5355514,SWAN HILL
T20170019887,Dry,Clear,Struck animal,Wednesday,Dusk/Dawn,100,2017/10/18,06:00:00,Yes,1.0,1.0,-37.42773013,144.9782425,MITCHELL
T20170019892,Dry,Clear,Collision with vehicle,Wednesday,Dusk/Dawn,100,2017/10/18,20:30:00,Yes,3.0,1.0,-38.26240261,144.0765395,SURF COAST
T20170019895,Dry,Clear,Collision with a fixed object,Wednesday,Dark No street lights,110,2017/10/18,23:20:00,Yes,2.0,1.0,-36.23059001,146.44116,WANGARATTA
T20170019901,Dry,Clear,No collision and no object struck,Wednesday,Day,80,2017/10/18,15:00:00,No,1.0,1.0,-36.9052401,147.0605379,ALPINE
T20170019916,Dry,Clear,Collision with vehicle,Thursday,Day,60,2017/10/19,12:45:00,No,5.0,1.0,-38.59768959,145.5794955,BASS COAST
T20170019923,Wet,Raining,Collision with a fixed object,Thursday,Day,60,2017/10/19,10:10:00,No,1.0,1.0,-38.41726149,144.1784339,SURF COAST
T20170019934,Dry,Clear,Collision with vehicle,Wednesday,Day,50,2017/10/18,15:30:00,No,2.0,1.0,-37.30837339,144.946856,MITCHELL
T20170019935,Wet,Raining,Struck Pedestrian,Thursday,Day,50,2017/10/19,16:12:00,No,2.0,1.0,-37.70683228,148.4535187,EAST GIPPSLAND
T20170019938,Dry,Clear,Collision with vehicle,Wednesday,Day,50,2017/10/18,17:20:00,No,2.0,1.0,-36.24540715,142.39133,YARRIAMBIACK
T20170019941,Dry,Clear,Collision with a fixed object,Thursday,Day,100,2017/10/19,13:59:00,No,1.0,1.0,-36.34701588,145.3352177,GREATER SHEPPARTON
T20170019943,Dry,Clear,Collision with vehicle,Thursday,Day,60,2017/10/19,10:35:00,No,7.0,4.0,-37.81968154,147.6209888,EAST GIPPSLAND
T20170019947,Dry,Clear,Collision with vehicle,Thursday,Day,60,2017/10/19,16:37:00,No,3.0,1.0,-38.16170392,144.3541106,GREATER GEELONG
T20170019956,Dry,Raining,Collision with vehicle,Thursday,Day,80,2017/10/19,17:20:00,No,6.0,3.0,-36.02961831,146.1600343,MOIRA
T20170019958,Dry,Clear,Collision with a fixed object,Thursday,Day,100,2017/10/19,15:23:00,No,1.0,1.0,-37.72283157,143.7992745,GOLDEN PLAINS
T20170019965,Dry,Clear,Collision with vehicle,Thursday,Day,40,2017/10/19,08:45:00,No,2.0,1.0,-36.71177876,142.1864808,HORSHAM
T20170019985,Dry,Not known,No collision and no object struck,Tuesday,Day,50,2017/10/03,14:26:00,No,1.0,1.0,-37.53843904,145.4562097,MURRINDINDI
T20170019996,Dry,Clear,Collision with vehicle,Friday,Day,50,2017/10/20,12:00:00,No,3.0,1.0,-34.19252634,142.1538676,MILDURA
T20170020002,Unknown,Fog,Collision with vehicle,Tuesday,Dark Street lights on,999,2017/07/11,06:30:00,No,2.0,1.0,-37.48376233,144.6012747,MACEDON RANGES
T20170020007,Dry,Clear,Collision with vehicle,Friday,Day,60,2017/10/20,11:50:00,No,3.0,2.0,-38.15156651,146.7885596,WELLINGTON
T20170020010,Dry,Clear,Collision with a fixed object,Friday,Day,100,2017/10/20,14:40:00,No,1.0,1.0,-38.5884901,145.8048601,BASS COAST
T20170020013,Dry,Clear,No collision and no object struck,Wednesday,Day,80,2017/10/18,15:00:00,No,1.0,1.0,-37.05711046,147.6026789,EAST GIPPSLAND
T20170020018,Dry,Clear,Struck animal,Friday,Day,100,2017/10/20,15:15:00,No,1.0,1.0,-38.23388234,146.7977486,WELLINGTON
T20170020022,Dry,Clear,Collision with vehicle,Friday,Day,90,2017/10/20,16:14:00,Yes,6.0,6.0,-38.2343504,144.2793342,GREATER GEELONG
T20170020028,Dry,Clear,Collision with vehicle,Friday,Day,60,2017/10/20,16:17:00,Yes,5.0,1.0,-38.59811021,145.5924379,BASS COAST
T20170020034,Unknown,Clear,Collision with vehicle,Friday,Day,999,2017/10/20,18:25:00,Yes,4.0,1.0,-38.14311964,146.0072369,BAW BAW
T20170020036,Dry,Clear,No collision and no object struck,Friday,Dusk/Dawn,60,2017/10/20,18:45:00,Yes,1.0,1.0,-36.11528949,146.834936,WODONGA
T20170020041,Dry,Clear,Collision with vehicle,Friday,Day,60,2017/10/20,18:00:00,Yes,2.0,1.0,-34.21526519,142.1258363,MILDURA
T20170020046,Dry,Clear,Struck Pedestrian,Friday,Day,40,2017/10/20,15:47:00,No,2.0,1.0,-37.55705024,143.8199897,BALLARAT
T20170020047,Dry,Clear,Collision with a fixed object,Thursday,Dark Street lights on,70,2017/10/19,22:05:00,Yes,2.0,2.0,-38.09378025,144.3562221,GREATER GEELONG
T20170020050,Dry,Clear,Collision with a fixed object,Friday,Dark No street lights,100,2017/10/20,22:30:00,Yes,1.0,1.0,-37.80103274,144.406454,MOORABOOL
T20170020051,Dry,Clear,Collision with a fixed object,Friday,Dark No street lights,50,2017/10/20,22:50:00,Yes,1.0,1.0,-38.32377749,146.328829,LATROBE
T20170020064,Wet,Raining,Collision with a fixed object,Saturday,Day,100,2017/10/21,10:14:00,No,3.0,3.0,-38.40912288,143.4293294,COLAC OTWAY
T20170020078,Dry,Clear,Struck Pedestrian,Saturday,Day,999,2017/10/21,11:05:00,No,3.0,1.0,-37.57788035,143.877002,BALLARAT
T20170020083,Dry,Clear,Collision with vehicle,Saturday,Day,100,2017/10/21,12:03:00,No,2.0,1.0,-37.68702824,144.5024411,MOORABOOL
T20170020101,Dry,Clear,Collision with vehicle,Saturday,Day,80,2017/10/21,15:20:00,No,2.0,2.0,-38.05908081,144.3782975,GREATER GEELONG
T20170020106,Dry,Clear,Collision with vehicle,Saturday,Day,100,2017/10/21,15:00:00,No,4.0,1.0,-36.31780978,146.7843328,INDIGO
T20170020123,Dry,Clear,Collision with vehicle,Sunday,Dark No street lights,100,2017/10/22,00:09:00,Yes,4.0,3.0,-38.18236293,144.3018468,GREATER GEELONG
T20170020132,Dry,Clear,Collision with vehicle,Sunday,Day,50,2017/10/22,06:55:00,Yes,3.0,1.0,-38.20236642,144.3515409,GREATER GEELONG
T20170020138,Dry,Clear,Collision with a fixed object,Sunday,Day,100,2017/10/22,09:15:00,Yes,1.0,1.0,-36.80532062,145.6382879,STRATHBOGIE
T20170020147,Wet,Raining,Struck animal,Sunday,Day,100,2017/10/22,11:40:00,No,1.0,1.0,-37.99726684,145.7837224,BAW BAW
T20170020153,Dry,Clear,Collision with vehicle,Saturday,Dark No street lights,80,2017/10/21,22:00:00,Yes,3.0,2.0,-37.10306779,144.2973616,MOUNT ALEXANDER
T20170020164,Dry,Clear,Collision with vehicle,Sunday,Day,100,2017/10/22,10:50:00,No,2.0,1.0,-36.41332768,141.6402932,HINDMARSH
T20170020170,Dry,Clear,No collision and no object struck,Sunday,Day,80,2017/10/22,15:50:00,No,1.0,1.0,-36.14831166,146.9334798,WODONGA