Accident_No,Surface_Cond_Desc,Atmosph_Cond_Desc,Accident_Type_Desc,Day,Light_Condition_Desc,Speed_Zone,Accident_Date,Accident_Time,Alcohol_Influence,Total_Persons_Inv,Inj_Or_Fatal,Lat,Long,LGA
T20170020171,Dry,Clear,Collision with a fixed object,Saturday,Dark No street lights,100,2017/10/21,20:57:00,Yes,1.0,1.0,-36.62430998,145.8622228,BENALLA
T20170020198,Wet,Raining,Collision with a fixed object,Monday,Day,100,2017/10/23,08:15:00,No,1.0,1.0,-38.20935987,145.7527012,BAW BAW
T20170020204,Wet,Clear,No collision and no object struck,Thursday,Day,100,2017/10/19,13:21:00,No,3.0,2.0,-38.44466013,146.00406,SOUTH GIPPSLAND
T20170020208,Unknown,Clear,collision with some other object,Sunday,Day,999,2017/10/15,12:00:00,No,1.0,1.0,-38.3846813,144.0025895,SURF COAST
T20170020210,Dry,Clear,Collision with vehicle,Tuesday,Day,70,2017/10/17,14:00:00,No,2.0,1.0,-36.140465,144.7511833,CAMPASPE
T20170020217,Dry,Clear,Collision with a fixed object,Monday,Day,80,2017/10/23,11:55:00,No,1.0,1.0,-37.62453868,143.7751789,GOLDEN PLAINS
T20170020223,Dry,Clear,Struck animal,Saturday,Dusk/Dawn,100,2017/10/21,06:20:00,No,1.0,1.0,-36.38356873,146.5854397,WANGARATTA
T20170020231,Icy,Clear,Collision with a fixed object,Monday,Day,110,2017/09/04,13:30:00,No,1.0,1.0,-37.16288032,144.3578282,MOUNT ALEXANDER
T20170020235,Dry,Clear,Collision with vehicle,Sunday,Day,60,2017/10/22,18:20:00,No,5.0,2.0,-36.36805346,145.4125645,GREATER SHEPPARTON
T20170020243,Dry,Clear,Collision with vehicle,Monday,Day,60,2017/10/23,17:51:00,No,2.0,1.0,-38.1197907,145.8428606,BAW BAW
T20170020252,Dry,Not known,Vehicle overturned (no collision),Monday,Day,999,2017/10/16,16:00:00,No,1.0,1.0,-38.50806364,143.7714933,COLAC OTWAY
T20170020257,Unknown,Not known,Collision with vehicle,Sunday,Unknown,999,2017/10/22,15:00:00,No,2.0,1.0,-36.77324747,144.3052157,GREATER BENDIGO
T20170020283,Dry,Clear,Collision with vehicle,Monday,Day,50,2017/10/23,17:20:00,No,2.0,1.0,-38.63394291,145.7288795,BASS COAST
T20170020289,Dry,Clear,Vehicle overturned (no collision),Tuesday,Day,100,2017/10/24,07:55:00,No,1.0,1.0,-38.05789527,147.0693286,WELLINGTON
T20170020294,Dry,Clear,Collision with vehicle,Tuesday,Day,100,2017/10/24,12:45:00,No,2.0,1.0,-36.54607674,147.4058737,TOWONG
T20170020299,Dry,Clear,Collision with a fixed object,Tuesday,Day,80,2017/10/24,15:45:00,No,1.0,1.0,-36.52659205,146.0387952,BENALLA
T20170020327,Wet,Raining,Collision with a fixed object,Wednesday,Dark Street lights on,60,2017/10/25,01:58:00,Yes,3.0,2.0,-37.55211036,143.859563,BALLARAT
T20170020329,Dry,Clear,Collision with a fixed object,Tuesday,Day,100,2017/10/24,09:45:00,No,1.0,1.0,-37.07853001,142.8427863,NORTHERN GRAMPIANS
T20170020330,Dry,Clear,Collision with vehicle,Tuesday,Day,100,2017/10/24,16:00:00,No,4.0,1.0,-38.50012885,145.4614686,BASS COAST
T20170020340,Wet,Clear,Collision with vehicle,Wednesday,Day,60,2017/10/25,08:30:00,No,2.0,1.0,-38.20119613,144.3267625,GREATER GEELONG
T20170020356,Wet,Raining,Collision with vehicle,Wednesday,Dusk/Dawn,999,2017/10/25,07:30:00,No,2.0,1.0,-37.36458844,144.7347017,MACEDON RANGES
T20170020363,Wet,Clear,Collision with a fixed object,Wednesday,Day,100,2017/10/25,12:20:00,No,1.0,1.0,-37.69535699,148.7397189,EAST GIPPSLAND
T20170020364,Dry,Clear,Collision with vehicle,Tuesday,Dark Street lights unknown,50,2017/10/24,21:55:00,Yes,2.0,1.0,-37.97928625,146.7905915,WELLINGTON
T20170020379,Unknown,Clear,Collision with vehicle,Monday,Day,40,2017/10/02,14:30:00,No,2.0,1.0,-38.14375808,144.3476826,GREATER GEELONG
T20170020380,Dry,Clear,Collision with vehicle,Wednesday,Day,100,2017/10/25,18:45:00,Yes,2.0,2.0,-38.38213586,143.4493448,COLAC OTWAY
T20170020393,Wet,Raining,Collision with a fixed object,Wednesday,Dark No street lights,100,2017/10/25,04:50:00,Yes,1.0,1.0,-37.21077026,144.9187459,MITCHELL
T20170020395,Dry,Clear,Collision with a fixed object,Wednesday,Dark No street lights,100,2017/10/25,22:05:00,Yes,1.0,1.0,-37.80237025,147.0143121,WELLINGTON
T20170020398,Dry,Clear,Collision with a fixed object,Thursday,Dark Street lights off,100,2017/10/26,02:30:00,Yes,4.0,4.0,-36.67427023,144.4003013,GREATER BENDIGO
T20170020413,Dry,Clear,Vehicle overturned (no collision),Thursday,Day,100,2017/10/26,10:34:00,No,1.0,1.0,-38.58453988,145.6023191,BASS COAST
T20170020421,Wet,Raining,Vehicle overturned (no collision),Thursday,Day,80,2017/10/26,09:20:00,No,1.0,1.0,-36.06598421,143.2256157,BULOKE
T20170020425,Dry,Clear,Collision with a fixed object,Thursday,Day,50,2017/10/26,08:15:00,No,1.0,1.0,-38.41548005,145.5222299,BASS COAST
T20170020432,Dry,Clear,Collision with vehicle,Thursday,Day,60,2017/10/26,14:35:00,No,3.0,1.0,-36.75841668,144.2680393,GREATER BENDIGO
T20170020441,Dry,Clear,Vehicle overturned (no collision),Thursday,Day,100,2017/10/26,15:40:00,No,1.0,1.0,-38.67489963,143.1360804,CORANGAMITE
T20170020446,Dry,Clear,Collision with a fixed object,Thursday,Day,100,2017/10/26,14:59:00,No,1.0,1.0,-36.24346021,145.4862504,GREATER SHEPPARTON
T20170020461,Dry,Clear,Collision with a fixed object,Thursday,Dark No street lights,100,2017/10/26,21:30:00,Yes,1.0,1.0,-38.41305272,146.169887,SOUTH GIPPSLAND
T20170020465,Dry,Clear,Collision with a fixed object,Thursday,Dark No street lights,80,2017/10/26,04:00:00,Yes,3.0,1.0,-37.48665762,144.5784861,MACEDON RANGES
T20170020466,Dry,Clear,Collision with a fixed object,Wednesday,Dark No street lights,100,2017/10/25,21:00:00,Yes,1.0,1.0,-38.25928025,144.2932721,SURF COAST
T20170020471,Wet,Clear,Vehicle overturned (no collision),Saturday,Day,100,2017/09/30,15:00:00,Yes,1.0,1.0,-37.81388797,146.9633182,WELLINGTON
T20170020474,Dry,Clear,Collision with a fixed object,Friday,Day,80,2017/10/27,06:44:00,No,1.0,1.0,-37.72345728,141.9956822,SOUTHERN GRAMPIANS
T20170020489,Dry,Clear,Collision with vehicle,Friday,Day,60,2017/10/27,11:30:00,No,4.0,2.0,-37.1475486,142.4952097,NORTHERN GRAMPIANS
T20170020490,Dry,Clear,Collision with vehicle,Thursday,Day,70,2017/10/26,15:15:00,No,2.0,1.0,-38.19814945,144.3417953,GREATER GEELONG
T20170020495,Dry,Clear,Collision with vehicle,Friday,Day,60,2017/10/27,12:15:00,No,2.0,2.0,-34.2186808,142.17142,MILDURA
T20170020497,Dry,Clear,Collision with vehicle,Friday,Day,60,2017/10/27,12:10:00,No,3.0,1.0,-38.10553008,147.0680379,WELLINGTON
T20170020518,Unknown,Not known,Collision with a fixed object,Saturday,Dark No street lights,100,2017/09/02,01:00:00,Yes,1.0,1.0,-37.5964476,144.1271689,MOORABOOL
T20170020521,Dry,Clear,Vehicle overturned (no collision),Friday,Day,80,2017/10/27,17:05:00,Yes,1.0,1.0,-37.57947808,143.9145702,BALLARAT
T20170020528,Dry,Clear,Collision with vehicle,Monday,Day,60,2017/10/23,18:27:00,Yes,4.0,3.0,-37.53477295,143.8448294,BALLARAT
T20170020530,Dry,Clear,Collision with vehicle,Friday,Day,50,2017/10/27,17:10:00,Yes,3.0,1.0,-37.52658335,143.8065332,BALLARAT
T20170020537,Wet,Raining,Vehicle overturned (no collision),Sunday,Day,80,2017/10/22,14:00:00,No,1.0,1.0,-38.7402371,143.5770426,COLAC OTWAY
T20170020542,Dry,Clear,Collision with vehicle,Friday,Day,100,2017/10/27,17:00:00,Yes,3.0,2.0,-36.60362586,144.1288947,LODDON
T20170020573,Dry,Clear,Collision with vehicle,Saturday,Day,60,2017/10/28,10:52:00,No,3.0,1.0,-37.55487289,143.8096695,BALLARAT
T20170020578,Dry,Clear,Collision with a fixed object,Saturday,Day,100,2017/10/28,10:45:00,No,1.0,1.0,-37.26333003,145.4574642,MURRINDINDI
T20170020584,Dry,Clear,Collision with vehicle,Saturday,Day,60,2017/10/28,12:33:00,No,3.0,1.0,-35.33471287,143.5598173,SWAN HILL
T20170020592,Dry,Clear,No collision and no object struck,Saturday,Day,40,2017/10/28,15:20:00,Yes,2.0,2.0,-38.15602882,144.5529114,GREATER GEELONG
T20170020593,Dry,Clear,Vehicle overturned (no collision),Saturday,Day,100,2017/10/28,14:25:00,No,1.0,1.0,-38.51639481,143.4084001,COLAC OTWAY
T20170020598,Dry,Clear,Collision with vehicle,Saturday,Dusk/Dawn,50,2017/10/28,19:30:00,Yes,3.0,1.0,-34.18399331,142.1637385,MILDURA
T20170020600,Dry,Clear,Collision with a fixed object,Saturday,Day,100,2017/10/28,16:50:00,Yes,4.0,4.0,-37.41615975,142.1454089,SOUTHERN GRAMPIANS
T20170020606,Dry,Clear,Collision with vehicle,Saturday,Dark No street lights,100,2017/10/28,22:32:00,Yes,8.0,1.0,-38.09352172,144.2493666,GOLDEN PLAINS
T20170020633,Dry,Clear,Struck animal,Sunday,Day,80,2017/10/29,11:28:00,No,1.0,1.0,-37.89970003,146.0238792,BAW BAW
T20170020636,Dry,Clear,Collision with vehicle,Sunday,Day,100,2017/10/29,13:45:00,No,4.0,4.0,-36.31419847,146.2808634,WANGARATTA
T20170020637,Dry,Clear,Collision with a fixed object,Sunday,Day,110,2017/10/29,10:15:00,No,2.0,2.0,-35.16682408,141.7843893,MILDURA
T20170020639,Dry,Clear,Collision with vehicle,Saturday,Dark No street lights,110,2017/10/28,22:30:00,Yes,7.0,2.0,-37.48281164,144.6047063,MACEDON RANGES
T20170020643,Dry,Clear,Collision with a fixed object,Sunday,Day,100,2017/10/29,08:15:00,Yes,1.0,1.0,-36.81206984,144.3674789,GREATER BENDIGO
T20170020644,Dry,Clear,Collision with vehicle,Sunday,Day,60,2017/10/29,15:34:00,No,3.0,2.0,-38.18080073,144.3539576,GREATER GEELONG
T20170020651,Dry,Clear,Collision with vehicle,Sunday,Day,50,2017/10/29,17:20:00,Yes,4.0,1.0,-38.23245282,146.4211977,LATROBE
T20170020655,Dry,Clear,Collision with vehicle,Sunday,Day,60,2017/10/29,15:43:00,No,6.0,1.0,-38.09892137,146.9771876,WELLINGTON
T20170020679,Dry,Clear,Collision with vehicle,Sunday,Day,60,2017/10/29,16:00:00,No,7.0,1.0,-36.71874691,142.1872463,HORSHAM
T20170020680,Dry,Clear,Struck Pedestrian,Monday,Day,60,2017/10/30,08:50:00,No,2.0,1.0,-38.16014302,145.9397809,BAW BAW
T20170020682,Dry,Clear,Struck Pedestrian,Monday,Day,999,2017/10/30,09:05:00,No,2.0,1.0,-36.39205052,145.4060041,GREATER SHEPPARTON
T20170020686,Unknown,Not known,Collision with a fixed object,Sunday,Dark No street lights,100,2017/10/29,04:30:00,Yes,1.0,1.0,-34.72683948,143.1752479,SWAN HILL
T20170020689,Wet,Clear,Collision with a fixed object,Monday,Day,50,2017/10/30,08:30:00,No,1.0,1.0,-36.71652603,142.18594,HORSHAM
T20170020698,Dry,Clear,No collision and no object struck,Monday,Day,100,2017/10/30,09:30:00,No,1.0,1.0,-38.66907745,146.3952897,SOUTH GIPPSLAND
T20170020704,Dry,Clear,Collision with vehicle,Monday,Day,100,2017/10/30,09:10:00,No,2.0,1.0,-38.12783918,145.9445365,BAW BAW
T20170020706,Dry,Clear,Collision with vehicle,Monday,Day,60,2017/10/30,12:15:00,No,2.0,1.0,-38.17077013,144.3914109,GREATER GEELONG
T20170020709,Wet,Raining,collision with some other object,Saturday,Day,999,2017/10/21,12:00:00,No,1.0,1.0,-37.89034874,146.0077479,BAW BAW
T20170020731,Dry,Clear,Collision with a fixed object,Monday,Day,110,2017/10/30,15:45:00,No,2.0,1.0,-37.25609022,144.4717148,MACEDON RANGES
T20170020749,Wet,Raining,Collision with vehicle,Monday,Day,60,2017/10/30,14:15:00,No,2.0,1.0,-38.13627022,145.8627659,BAW BAW
T20170020778,Dry,Clear,Collision with vehicle,Tuesday,Day,40,2017/10/31,08:45:00,No,2.0,1.0,-38.14918772,144.359331,GREATER GEELONG
T20170020795,Dry,Clear,Vehicle overturned (no collision),Tuesday,Day,100,2017/10/31,10:36:00,No,1.0,1.0,-37.16620397,145.5431805,MURRINDINDI
T20170020802,Dry,Clear,Collision with vehicle,Tuesday,Day,60,2017/10/31,15:11:00,No,3.0,2.0,-38.08374477,144.354971,GREATER GEELONG
T20170020809,Dry,Clear,Collision with vehicle,Tuesday,Day,60,2017/10/31,16:40:00,No,2.0,1.0,-36.01502123,146.0132886,MOIRA
T20170020824,Dry,Clear,Collision with a fixed object,Monday,Dusk/Dawn,60,2017/10/09,17:53:00,Yes,1.0,1.0,-38.38240118,142.4649129,WARRNAMBOOL
T20170020836,Wet,Clear,Collision with vehicle,Wednesday,Dark Street lights on,40,2017/11/01,00:52:00,Yes,3.0,1.0,-38.16325929,145.9309469,BAW BAW
T20170020837,Wet,Clear,Collision with a fixed object,Wednesday,Dark No street lights,100,2017/11/01,00:30:00,Yes,1.0,1.0,-38.37155871,146.1802684,SOUTH GIPPSLAND
T20170020852,Wet,Clear,Collision with a fixed object,Wednesday,Day,60,2017/11/01,06:55:00,No,1.0,1.0,-38.66484868,146.3312971,SOUTH GIPPSLAND
T20170020860,Wet,Clear,Collision with vehicle,Wednesday,Day,80,2017/11/01,09:50:00,No,2.0,2.0,-38.10281964,145.8414815,BAW BAW
T20170020867,Dry,Clear,Collision with vehicle,Wednesday,Day,80,2017/11/01,11:22:00,No,5.0,3.0,-38.25068904,143.9646695,SURF COAST
T20170020870,Wet,Clear,Collision with vehicle,Monday,Day,60,2017/10/30,09:00:00,No,5.0,2.0,-37.96708882,146.979317,WELLINGTON
T20170020893,Dry,Clear,Collision with vehicle,Tuesday,Day,60,2017/10/31,14:15:00,No,3.0,1.0,-34.21503556,142.1462918,MILDURA
T20170020894,Dry,Clear,Collision with vehicle,Wednesday,Day,70,2017/11/01,14:18:00,No,3.0,2.0,-36.82074031,144.2377638,GREATER BENDIGO
T20170020912,Dry,Clear,Collision with a fixed object,Thursday,Dark Street lights on,80,2017/11/02,03:25:00,Yes,1.0,1.0,-38.20592951,146.1659299,BAW BAW
T20170020931,Dry,Clear,Collision with a fixed object,Wednesday,Day,80,2017/11/01,13:00:00,No,1.0,1.0,-36.39897784,145.44478,GREATER SHEPPARTON
T20170020943,Dry,Clear,Collision with a fixed object,Thursday,Day,100,2017/11/02,13:45:00,No,1.0,1.0,-37.17900016,144.9989357,MITCHELL
T20170020944,Dry,Strong winds,Collision with vehicle,Thursday,Day,40,2017/11/02,08:40:00,No,3.0,1.0,-37.20412135,144.4081068,MACEDON RANGES
T20170020947,Dry,Clear,Collision with a fixed object,Thursday,Day,100,2017/11/02,14:09:00,No,1.0,1.0,-37.84516596,147.5747181,EAST GIPPSLAND
T20170020949,Dry,Clear,Collision with vehicle,Thursday,Day,60,2017/11/02,16:00:00,No,4.0,1.0,-35.73174999,143.9232324,GANNAWARRA
T20170020953,Dry,Clear,Collision with vehicle,Thursday,Day,60,2017/11/02,15:30:00,No,3.0,1.0,-38.61297354,145.5939615,BASS COAST
T20170020955,Dry,Clear,Collision with vehicle,Thursday,Day,50,2017/11/02,17:30:00,No,2.0,1.0,-36.37666962,145.4002272,GREATER SHEPPARTON
T20170020958,Dry,Clear,Collision with vehicle,Thursday,Day,100,2017/11/02,14:10:00,No,3.0,3.0,-38.25221187,144.3647596,SURF COAST
T20170020966,Dry,Clear,No collision and no object struck,Monday,Dark Street lights on,40,2017/10/02,19:45:00,Yes,1.0,1.0,-36.12681271,146.8652287,WODONGA
T20170020971,Wet,Clear,Collision with a fixed object,Friday,Dark Street lights on,999,2017/11/03,03:48:00,Yes,1.0,1.0,-38.14882049,144.3685117,GREATER GEELONG
T20170020979,Dry,Clear,Collision with a fixed object,Friday,Day,100,2017/11/03,08:10:00,No,1.0,1.0,-37.27246813,144.9210219,MITCHELL
T20170020988,Dry,Clear,Collision with vehicle,Friday,Day,80,2017/11/03,12:30:00,No,3.0,2.0,-36.24595592,142.4015483,YARRIAMBIACK
T20170020992,Dry,Clear,Collision with vehicle,Friday,Day,60,2017/11/03,11:05:00,No,3.0,2.0,-36.36805346,145.4125645,GREATER SHEPPARTON
T20170020993,Unknown,Not known,Collision with a fixed object,Friday,Day,100,2017/11/03,07:45:00,No,2.0,1.0,-38.15191323,141.9387394,MOYNE
T20170020999,Dry,Clear,Collision with vehicle,Friday,Day,100,2017/11/03,15:50:00,No,4.0,1.0,-37.32509002,144.9569159,MITCHELL
T20170021004,Dry,Clear,Struck Pedestrian,Friday,Day,70,2017/11/03,16:35:00,Yes,2.0,1.0,-38.18719266,144.456189,GREATER GEELONG
T20170021008,Wet,Raining,Collision with a fixed object,Friday,Day,100,2017/11/03,13:55:00,No,2.0,2.0,-37.56947545,149.0318389,EAST GIPPSLAND
T20170021021,Dry,Clear,Collision with vehicle,Friday,Day,100,2017/11/03,16:45:00,Yes,3.0,1.0,-38.02457022,143.6070904,CORANGAMITE
T20170021033,Dry,Clear,Collision with vehicle,Saturday,Dusk/Dawn,50,2017/11/04,07:29:00,No,1.0,1.0,-37.55059886,143.9042104,BALLARAT
T20170021036,Dry,Clear,Collision with vehicle,Friday,Day,100,2017/10/27,16:15:00,Yes,4.0,1.0,-36.16400637,144.799954,CAMPASPE
T20170021042,Dry,Clear,Collision with a fixed object,Saturday,Dark No street lights,60,2017/11/04,03:30:00,Yes,1.0,1.0,-34.16308022,142.1299304,MILDURA
T20170021045,Dry,Clear,Vehicle overturned (no collision),Saturday,Dark No street lights,80,2017/11/04,02:40:00,Yes,4.0,1.0,-37.81764993,143.7546296,GOLDEN PLAINS
T20170021048,Dry,Clear,No collision and no object struck,Saturday,Day,100,2017/11/04,14:40:00,Yes,1.0,1.0,-38.157868,146.4224096,LATROBE
T20170021055,Dry,Clear,Vehicle overturned (no collision),Saturday,Day,100,2017/11/04,14:00:00,Yes,2.0,2.0,-36.93420966,146.7317502,ALPINE
T20170021056,Dry,Clear,Collision with vehicle,Saturday,Day,60,2017/11/04,15:32:00,Yes,2.0,2.0,-38.16142312,144.3931596,GREATER GEELONG
T20170021059,Dry,Clear,Collision with vehicle,Saturday,Day,40,2017/11/04,16:45:00,Yes,9.0,1.0,-37.34354065,144.5846803,MACEDON RANGES
T20170021060,Dry,Clear,Collision with a fixed object,Monday,Dark No street lights,90,2017/10/23,21:00:00,Yes,1.0,1.0,-37.39524131,144.5283959,MACEDON RANGES
T20170021066,Dry,Clear,Collision with a fixed object,Saturday,Day,60,2017/11/04,17:20:00,Yes,2.0,1.0,-38.10867179,145.7675787,BAW BAW
T20170021079,Dry,Clear,Collision with a fixed object,Saturday,Day,100,2017/11/04,17:10:00,Yes,4.0,4.0,-37.22854731,144.4425625,MACEDON RANGES
T20170021083,Dry,Clear,Collision with a fixed object,Saturday,Dark Street lights on,80,2017/11/04,03:35:00,Yes,1.0,1.0,-38.07168303,144.373584,GREATER GEELONG
T20170021086,Dry,Clear,No collision and no object struck,Saturday,Day,50,2017/11/04,19:00:00,Yes,3.0,1.0,-37.59861136,143.8263225,BALLARAT
T20170021090,Dry,Clear,Vehicle overturned (no collision),Sunday,Dark No street lights,80,2017/11/05,02:15:00,Yes,5.0,5.0,-36.72999086,145.6459791,STRATHBOGIE
T20170021091,Dry,Clear,Collision with vehicle,Sunday,Day,60,2017/11/05,10:10:00,No,4.0,1.0,-36.7869441,144.5019971,GREATER BENDIGO
T20170021096,Dry,Clear,Struck animal,Sunday,Day,100,2017/11/05,09:15:00,Yes,1.0,1.0,-37.13460956,144.3892924,MOUNT ALEXANDER
T20170021099,Unknown,Not known,No collision and no object struck,Saturday,Unknown,999,2016/10/29,10:00:00,No,1.0,1.0,-38.3209493,144.1432594,SURF COAST
T20170021109,Dry,Clear,Collision with vehicle,Sunday,Day,100,2017/11/05,13:40:00,No,4.0,2.0,-37.90623889,146.9098686,WELLINGTON
T20170021114,Dry,Clear,Collision with vehicle,Sunday,Day,50,2017/11/05,16:00:00,Yes,4.0,1.0,-36.70162458,142.20625,HORSHAM
T20170021121,Dry,Clear,Collision with vehicle,Saturday,Dark No street lights,100,2017/11/04,20:50:00,Yes,3.0,1.0,-38.16107386,145.9758703,BAW BAW
T20170021123,Dry,Clear,Collision with a fixed object,Sunday,Day,100,2017/11/05,18:40:00,Yes,1.0,1.0,-34.16934665,142.05513,MILDURA
T20170021124,Dry,Clear,Collision with vehicle,Sunday,Day,100,2017/11/05,16:56:00,No,4.0,4.0,-37.37753115,145.5035581,MURRINDINDI
T20170021132,Dry,Clear,Collision with vehicle,Sunday,Day,100,2017/11/05,17:55:00,Yes,2.0,1.0,-36.16368747,147.9816409,TOWONG
T20170021133,Dry,Clear,Fall from or in moving vehicle,Sunday,Day,100,2017/11/05,18:30:00,Yes,3.0,2.0,-36.15873569,146.571321,INDIGO
T20170021145,Dry,Clear,Collision with vehicle,Monday,Day,60,2017/11/06,09:27:00,No,3.0,2.0,-38.15021141,144.3345734,GREATER GEELONG
T20170021153,Dry,Not known,Collision with vehicle,Friday,Day,60,2016/01/22,14:00:00,No,2.0,1.0,-38.19971572,146.532985,LATROBE
T20170021160,Dry,Clear,Collision with vehicle,Monday,Day,80,2017/11/06,12:17:00,No,3.0,1.0,-37.51746967,143.8447587,BALLARAT
T20170021163,Dry,Clear,Collision with vehicle,Monday,Day,100,2017/11/06,13:50:00,No,6.0,5.0,-36.73570787,143.9136227,LODDON
T20170021172,Dry,Clear,Struck Pedestrian,Monday,Day,50,2017/11/06,15:30:00,No,2.0,1.0,-37.52658074,143.8246485,BALLARAT
T20170021181,Dry,Clear,Collision with a fixed object,Monday,Day,50,2017/11/06,17:00:00,No,1.0,1.0,-38.147593,146.4750979,LATROBE
T20170021184,Dry,Clear,No collision and no object struck,Monday,Day,50,2017/11/06,18:15:00,Yes,1.0,1.0,-38.22103107,144.3250998,GREATER GEELONG
T20170021187,Dry,Clear,Collision with a fixed object,Monday,Day,100,2017/11/06,13:15:00,No,4.0,4.0,-37.24046913,145.1597605,MITCHELL
T20170021201,Dry,Clear,Vehicle overturned (no collision),Monday,Day,60,2017/11/06,14:30:00,No,2.0,2.0,-36.25477704,147.0799175,INDIGO
T20170021204,Wet,Clear,Collision with vehicle,Tuesday,Day,60,2017/11/07,08:15:00,No,4.0,2.0,-38.20604219,144.3503166,GREATER GEELONG
T20170021208,Dry,Clear,Struck animal,Tuesday,Day,100,2017/11/07,09:45:00,No,1.0,1.0,-38.55606916,143.7429714,COLAC OTWAY
T20170021209,Dry,Clear,Collision with vehicle,Tuesday,Day,50,2017/11/07,11:50:00,No,2.0,1.0,-36.72644694,146.9627062,ALPINE
T20170021218,Dry,Clear,Vehicle overturned (no collision),Tuesday,Day,999,2017/11/07,14:00:00,No,1.0,1.0,-36.25872037,147.1764411,TOWONG
T20170021220,Dry,Clear,Collision with vehicle,Tuesday,Day,999,2017/11/07,14:25:00,No,3.0,2.0,-38.07615119,144.3585388,GREATER GEELONG
T20170021228,Dry,Clear,Collision with a fixed object,Tuesday,Day,100,2017/11/07,15:15:00,No,1.0,1.0,-36.9598704,144.3501294,MOUNT ALEXANDER
T20170021230,Dry,Clear,Collision with vehicle,Tuesday,Day,60,2017/11/07,15:00:00,No,2.0,1.0,-38.19961231,146.5331187,LATROBE
T20170021237,Dry,Clear,Collision with vehicle,Tuesday,Day,60,2017/11/07,18:00:00,Yes,3.0,3.0,-38.31641749,142.0679588,MOYNE
T20170021238,Dry,Clear,Collision with vehicle,Tuesday,Day,60,2017/11/07,16:25:00,No,3.0,1.0,-37.58478023,143.8676706,BALLARAT
T20170021239,Wet,Raining,Collision with a fixed object,Monday,Day,80,2017/11/06,14:10:00,No,3.0,1.0,-37.69603651,148.7367606,EAST GIPPSLAND
T20170021247,Dry,Clear,Collision with a fixed object,Tuesday,Dark No street lights,100,2017/11/07,21:30:00,Yes,1.0,1.0,-36.97750959,144.0422302,MOUNT ALEXANDER
T20170021255,Dry,Clear,Collision with a fixed object,Wednesday,Day,100,2017/11/08,06:10:00,No,1.0,1.0,-38.31115949,143.0395358,CORANGAMITE
T20170021256,Dry,Clear,Collision with vehicle,Wednesday,Day,50,2017/11/08,08:02:00,No,2.0,1.0,-35.92087004,145.645749,MOIRA
T20170021267,Wet,Raining,No collision and no object struck,Tuesday,Day,999,2017/11/07,11:30:00,No,1.0,1.0,-37.33709062,145.5587423,MURRINDINDI
T20170021270,Dry,Clear,Vehicle overturned (no collision),Saturday,Day,999,2017/11/04,17:00:00,Yes,1.0,1.0,-36.92873679,147.7691753,EAST GIPPSLAND
T20170021280,Dry,Clear,Collision with vehicle,Wednesday,Day,60,2017/11/08,15:35:00,No,4.0,2.0,-37.88235107,147.972679,EAST GIPPSLAND
T20170021292,Dry,Clear,Struck Pedestrian,Wednesday,Day,60,2017/11/08,15:00:00,No,3.0,1.0,-38.16333009,145.942194,BAW BAW
T20170021303,Dry,Clear,Vehicle overturned (no collision),Wednesday,Day,80,2017/11/08,16:30:00,No,1.0,1.0,-38.39294705,146.3580525,LATROBE
T20170021305,Dry,Clear,Collision with vehicle,Wednesday,Dusk/Dawn,100,2017/11/08,18:45:00,Yes,2.0,2.0,-38.12894001,146.563616,LATROBE
T20170021308,Dry,Clear,Collision with a fixed object,Wednesday,Dark Street lights on,40,2017/11/08,20:40:00,Yes,2.0,2.0,-36.36117512,144.7006533,CAMPASPE
T20170021330,Dry,Clear,Collision with a fixed object,Saturday,Day,100,2017/11/04,17:00:00,Yes,1.0,1.0,-36.59668605,144.8283216,CAMPASPE
T20170021342,Dry,Clear,Collision with vehicle,Thursday,Day,60,2017/11/09,09:20:00,No,2.0,1.0,-38.14131913,144.294518,GREATER GEELONG
T20170021346,Dry,Clear,Collision with vehicle,Thursday,Day,80,2017/11/09,14:49:00,No,5.0,3.0,-36.69435662,142.2490325,HORSHAM
T20170021351,Dry,Clear,Collision with vehicle,Thursday,Day,50,2017/11/09,15:30:00,No,2.0,1.0,-38.02275934,144.4093997,GREATER GEELONG
T20170021355,Dry,Clear,Collision with vehicle,Thursday,Day,60,2017/11/09,16:40:00,No,2.0,1.0,-38.18212747,145.9892221,BAW BAW
T20170021368,Dry,Clear,Struck Pedestrian,Thursday,Day,50,2017/11/09,18:55:00,Yes,2.0,2.0,-36.13921359,146.8605607,WODONGA
T20170021387,Dry,Clear,Collision with vehicle,Thursday,Day,40,2017/11/09,15:20:00,No,2.0,1.0,-38.13897806,144.3486278,GREATER GEELONG
T20170021388,Dry,Fog,Collision with a fixed object,Thursday,Dark No street lights,110,2017/11/09,23:59:00,Yes,2.0,1.0,-37.60366079,144.2827998,MOORABOOL
T20170021393,Dry,Clear,Collision with vehicle,Friday,Dark No street lights,100,2017/11/10,02:19:00,Yes,2.0,1.0,-36.810666,144.2114277,GREATER BENDIGO
T20170021395,Dry,Clear,Collision with a fixed object,Friday,Dark Street lights on,60,2017/11/10,02:55:00,Yes,2.0,2.0,-37.58377127,143.8407982,BALLARAT
T20170021411,Dry,Clear,Collision with vehicle,Wednesday,Day,60,2017/11/08,09:30:00,No,3.0,3.0,-36.75259657,144.2836991,GREATER BENDIGO
T20170021419,Dry,Clear,Collision with vehicle,Friday,Day,70,2017/11/10,12:30:00,No,2.0,1.0,-36.80263836,144.2423217,GREATER BENDIGO