Accident_No,Surface_Cond_Desc,Atmosph_Cond_Desc,Accident_Type_Desc,Day,Light_Condition_Desc,Speed_Zone,Accident_Date,Accident_Time,Alcohol_Influence,Total_Persons_Inv,Inj_Or_Fatal,Lat,Long,LGA
T20170021428,Dry,Clear,Vehicle overturned (no collision),Friday,Day,60,2017/11/10,16:05:00,Yes,1.0,1.0,-36.11419109,146.8522007,WODONGA
T20170021433,Dry,Clear,Collision with vehicle,Saturday,Day,50,2017/05/20,12:00:00,No,2.0,1.0,-37.0241521,145.1406539,MITCHELL
T20170021438,Dry,Clear,Collision with a fixed object,Friday,Day,80,2017/11/10,17:40:00,No,2.0,1.0,-37.3286955,144.1279551,HEPBURN
T20170021453,Dry,Clear,Collision with a fixed object,Friday,Dark No street lights,100,2017/11/10,22:30:00,Yes,2.0,1.0,-37.40673116,145.0211921,MITCHELL
T20170021454,Dry,Clear,Collision with vehicle,Friday,Dark Street lights on,50,2017/11/10,22:45:00,Yes,1.0,1.0,-36.05958141,145.20486,MOIRA
T20170021461,Dry,Clear,Collision with a fixed object,Sunday,Dark No street lights,80,2017/10/29,02:00:00,No,2.0,1.0,-38.46611764,142.7230905,MOYNE
T20170021465,Dry,Clear,Struck Pedestrian,Saturday,Day,60,2017/11/11,09:00:00,No,3.0,1.0,-38.1790494,144.5696651,GREATER GEELONG
T20170021468,Dry,Clear,Collision with vehicle,Saturday,Day,60,2017/11/11,11:05:00,No,3.0,3.0,-34.2186808,142.17142,MILDURA
T20170021484,Dry,Clear,Collision with vehicle,Saturday,Day,60,2017/11/11,11:00:00,No,2.0,1.0,-38.16797477,144.3724698,GREATER GEELONG
T20170021487,Dry,Clear,Collision with a fixed object,Friday,Day,50,2017/11/10,15:00:00,No,1.0,1.0,-37.02527921,145.1348196,MITCHELL
T20170021505,Dry,Clear,Collision with vehicle,Saturday,Day,110,2017/11/11,14:30:00,Yes,3.0,3.0,-35.16863191,141.70445,MILDURA
T20170021507,Dry,Clear,Collision with vehicle,Saturday,Day,80,2017/11/11,11:20:00,No,3.0,2.0,-38.67458,143.6805501,COLAC OTWAY
T20170021508,Dry,Clear,Collision with a fixed object,Saturday,Day,999,2017/11/11,14:31:00,Yes,3.0,3.0,-38.51016975,143.5513505,COLAC OTWAY
T20170021516,Dry,Clear,Collision with vehicle,Saturday,Day,60,2017/11/11,14:20:00,Yes,4.0,3.0,-38.1651276,144.3581979,GREATER GEELONG
T20170021524,Dry,Clear,Struck Pedestrian,Saturday,Dark No street lights,60,2017/11/11,21:45:00,Yes,2.0,1.0,-38.24795953,144.5375261,GREATER GEELONG
T20170021526,Dry,Clear,Collision with a fixed object,Sunday,Dark No street lights,100,2017/11/12,00:30:00,Yes,1.0,1.0,-37.04139984,144.3708434,MOUNT ALEXANDER
T20170021539,Dry,Clear,Collision with a fixed object,Sunday,Day,999,2017/11/12,11:15:00,No,5.0,1.0,-38.3295779,146.4352229,LATROBE
T20170021541,Dry,Clear,Collision with vehicle,Monday,Day,60,2017/09/18,16:00:00,Yes,2.0,1.0,-36.75049749,144.3175906,GREATER BENDIGO
T20170021542,Dry,Clear,No collision and no object struck,Sunday,Day,80,2017/11/12,11:50:00,No,1.0,1.0,-37.88974075,146.0345023,BAW BAW
T20170021546,Dry,Not known,No collision and no object struck,Sunday,Day,999,2017/11/05,12:30:00,No,1.0,1.0,-37.99849388,146.0363842,BAW BAW
T20170021550,Dry,Clear,Collision with vehicle,Sunday,Day,60,2017/11/12,09:15:00,No,3.0,2.0,-38.19132142,146.5151469,LATROBE
T20170021557,Dry,Clear,Collision with a fixed object,Sunday,Day,100,2017/11/12,16:15:00,Yes,1.0,1.0,-36.06100829,147.09198,TOWONG
T20170021561,Dry,Clear,Collision with a fixed object,Sunday,Day,60,2017/11/12,13:20:00,No,3.0,3.0,-38.68042552,143.3912562,COLAC OTWAY
T20170021575,Dry,Clear,Collision with a fixed object,Sunday,Dark Street lights on,60,2017/11/12,21:20:00,No,1.0,1.0,-38.48653068,145.951307,SOUTH GIPPSLAND
T20170021585,Dry,Clear,Collision with vehicle,Monday,Dusk/Dawn,100,2017/11/13,06:20:00,No,2.0,1.0,-38.11862064,144.3189343,GREATER GEELONG
T20170021586,Dry,Clear,Vehicle overturned (no collision),Monday,Day,100,2017/11/13,07:05:00,Yes,1.0,1.0,-35.80034051,143.9552066,GANNAWARRA
T20170021590,Dry,Clear,Collision with a fixed object,Sunday,Dusk/Dawn,80,2017/11/12,06:10:00,No,5.0,5.0,-36.40401003,145.4318135,GREATER SHEPPARTON
T20170021592,Dry,Clear,Collision with vehicle,Monday,Day,50,2017/11/13,09:15:00,No,1.0,1.0,-38.33897712,143.5800209,COLAC OTWAY
T20170021594,Dry,Clear,Collision with a fixed object,Monday,Dark No street lights,80,2017/11/06,01:30:00,Yes,1.0,1.0,-36.70404311,144.7780505,CAMPASPE
T20170021595,Dry,Clear,Collision with a fixed object,Monday,Day,100,2017/11/13,09:10:00,Yes,1.0,1.0,-38.38653145,145.8257163,SOUTH GIPPSLAND
T20170021596,Dry,Clear,Collision with vehicle,Monday,Day,50,2017/11/13,09:00:00,No,2.0,1.0,-38.16747632,144.3463313,GREATER GEELONG
T20170021597,Dry,Not known,Collision with vehicle,Thursday,Dark Street lights on,60,2017/11/09,23:30:00,Yes,2.0,1.0,-37.56060272,143.8474899,BALLARAT
T20170021600,Dry,Clear,Collision with a fixed object,Tuesday,Day,100,2017/11/07,13:00:00,No,1.0,1.0,-36.13417196,144.9981226,CAMPASPE
T20170021613,Dry,Clear,Collision with vehicle,Monday,Day,50,2017/11/13,13:35:00,No,2.0,1.0,-36.1393974,144.7478879,CAMPASPE
T20170021615,Dry,Clear,Collision with vehicle,Monday,Day,70,2017/11/13,12:50:00,No,1.0,1.0,-37.83288157,147.6076712,EAST GIPPSLAND
T20170021620,Dry,Clear,Vehicle overturned (no collision),Sunday,Day,100,2017/11/12,10:40:00,No,1.0,1.0,-37.02313836,147.2665807,ALPINE
T20170021623,Dry,Clear,Collision with vehicle,Monday,Day,100,2017/11/13,10:00:00,No,3.0,1.0,-36.98903858,147.4921297,EAST GIPPSLAND
T20170021639,Dry,Clear,Collision with vehicle,Monday,Day,60,2017/11/13,16:10:00,No,4.0,4.0,-36.34636865,146.3002167,WANGARATTA
T20170021640,Dry,Clear,Vehicle overturned (no collision),Monday,Day,100,2017/11/13,16:30:00,No,1.0,1.0,-36.20093,143.9558084,LODDON
T20170021641,Dry,Not known,Collision with a fixed object,Monday,Day,100,2017/11/13,15:05:00,No,1.0,1.0,-36.54759775,143.7391695,LODDON
T20170021656,Dry,Clear,Collision with vehicle,Monday,Dusk/Dawn,80,2017/11/13,17:30:00,Yes,4.0,2.0,-38.24948355,146.5547303,LATROBE
T20170021670,Wet,Raining,Collision with a fixed object,Monday,Dusk/Dawn,100,2017/10/30,18:30:00,Yes,1.0,1.0,-35.9844089,145.46568,MOIRA
T20170021675,Dry,Clear,Collision with vehicle,Tuesday,Day,40,2017/11/14,09:45:00,No,3.0,1.0,-36.74193733,144.2831829,GREATER BENDIGO
T20170021695,Dry,Clear,Collision with vehicle,Tuesday,Day,60,2017/11/14,14:50:00,No,2.0,1.0,-34.19822981,142.1469833,MILDURA
T20170021696,Dry,Clear,Collision with a fixed object,Tuesday,Dark No street lights,100,2017/11/14,05:45:00,Yes,1.0,1.0,-36.34686297,140.9856695,WEST WIMMERA
T20170021701,Dry,Clear,Collision with a fixed object,Tuesday,Day,30,2017/11/14,14:17:00,No,1.0,1.0,-38.17686115,146.2652709,LATROBE
T20170021719,Dry,Clear,Collision with vehicle,Tuesday,Day,60,2017/11/14,15:30:00,No,2.0,2.0,-37.53531241,143.8493916,BALLARAT
T20170021729,Dry,Clear,Collision with vehicle,Wednesday,Day,60,2017/11/15,07:00:00,No,2.0,1.0,-38.21723818,146.3268138,LATROBE
T20170021730,Dry,Clear,Vehicle overturned (no collision),Wednesday,Day,110,2017/11/15,08:40:00,No,3.0,3.0,-37.58811801,144.2052703,MOORABOOL
T20170021734,Unknown,Not known,Collision with vehicle,Sunday,Unknown,60,2017/11/12,13:00:00,No,2.0,1.0,-38.17093367,144.3190375,GREATER GEELONG
T20170021736,Dry,Clear,Collision with vehicle,Wednesday,Day,110,2017/11/15,09:20:00,No,6.0,4.0,-38.22327242,146.340799,LATROBE
T20170021737,Unknown,Clear,Collision with vehicle,Thursday,Dark Street lights unknown,999,2017/09/14,22:00:00,Yes,2.0,1.0,-37.56966054,143.8627841,BALLARAT
T20170021738,Dry,Clear,Collision with vehicle,Wednesday,Day,110,2017/11/15,07:55:00,No,3.0,3.0,-38.22371351,146.3424685,LATROBE
T20170021753,Dry,Clear,Collision with vehicle,Tuesday,Day,60,2017/11/14,12:15:00,No,3.0,1.0,-34.20294879,142.1407482,MILDURA
T20170021754,Dry,Clear,Collision with vehicle,Wednesday,Day,50,2017/11/15,14:30:00,No,2.0,1.0,-38.19482365,144.3529168,GREATER GEELONG
T20170021756,Dry,Clear,Collision with vehicle,Wednesday,Day,50,2017/11/15,09:30:00,No,2.0,1.0,-37.29649291,144.9566595,MITCHELL
T20170021760,Dry,Clear,Collision with a fixed object,Wednesday,Day,60,2017/11/15,11:15:00,No,2.0,2.0,-37.03552158,145.1552383,MITCHELL
T20170021764,Dry,Clear,Collision with a fixed object,Wednesday,Day,80,2017/11/15,15:00:00,No,1.0,1.0,-36.32301953,146.348781,WANGARATTA
T20170021767,Dry,Clear,Vehicle overturned (no collision),Wednesday,Day,100,2017/11/15,15:35:00,No,1.0,1.0,-37.42514344,143.8679589,HEPBURN
T20170021770,Dry,Clear,Collision with a fixed object,Wednesday,Day,100,2017/11/15,12:05:00,No,1.0,1.0,-36.99083,142.7857291,NORTHERN GRAMPIANS
T20170021773,Dry,Clear,Collision with vehicle,Wednesday,Day,60,2017/11/15,13:55:00,No,2.0,1.0,-37.54689901,143.850747,BALLARAT
T20170021783,Dry,Clear,Collision with a fixed object,Wednesday,Day,100,2017/11/15,15:10:00,No,1.0,1.0,-36.26303999,144.1316382,LODDON
T20170021790,Dry,Clear,Collision with vehicle,Wednesday,Day,999,2017/11/15,16:40:00,No,2.0,1.0,-38.08022013,144.358074,GREATER GEELONG
T20170021815,Wet,Raining,Collision with vehicle,Wednesday,Dark Street lights on,80,2017/11/15,21:25:00,Yes,2.0,1.0,-37.52789247,143.8486571,BALLARAT
T20170021818,Wet,Raining,Collision with a fixed object,Thursday,Day,100,2017/11/16,08:40:00,No,1.0,1.0,-38.14311003,142.3304751,MOYNE
T20170021822,Wet,Raining,Collision with a fixed object,Thursday,Day,100,2017/11/16,10:50:00,No,1.0,1.0,-37.22662894,144.7035131,MACEDON RANGES
T20170021837,Dry,Clear,Collision with a fixed object,Thursday,Day,100,2017/11/16,12:30:00,No,5.0,1.0,-38.85434999,145.9640598,SOUTH GIPPSLAND
T20170021842,Dry,Clear,Struck Pedestrian,Thursday,Day,50,2017/11/16,16:20:00,No,2.0,1.0,-36.13073898,144.7487123,CAMPASPE
T20170021848,Wet,Raining,Collision with a fixed object,Thursday,Day,100,2017/11/16,13:14:00,No,1.0,1.0,-37.83626851,141.4719079,GLENELG
T20170021849,Wet,Raining,Collision with vehicle,Thursday,Day,100,2017/11/16,16:35:00,No,2.0,1.0,-37.26065224,144.8998396,MITCHELL
T20170021855,Dry,Clear,Vehicle overturned (no collision),Thursday,Day,100,2017/11/16,12:30:00,No,3.0,3.0,-38.07422473,146.2485792,BAW BAW
T20170021860,Dry,Clear,Collision with vehicle,Thursday,Day,60,2017/11/16,18:00:00,Yes,4.0,1.0,-37.55939733,143.8675667,BALLARAT
T20170021868,Dry,Clear,Collision with a fixed object,Thursday,Day,100,2017/11/09,06:50:00,No,3.0,1.0,-36.90319215,142.3483,HORSHAM
T20170021869,Dry,Clear,Struck Pedestrian,Monday,Day,50,2017/11/13,11:15:00,No,2.0,1.0,-37.97073024,146.9884218,WELLINGTON
T20170021870,Wet,Raining,Collision with vehicle,Thursday,Day,50,2017/11/16,18:10:00,Yes,2.0,1.0,-38.07861733,144.3598819,GREATER GEELONG
T20170021871,Wet,Raining,Collision with a fixed object,Thursday,Day,80,2017/11/16,19:40:00,Yes,1.0,1.0,-38.08930634,145.8597997,BAW BAW
T20170021873,Wet,Raining,Collision with a fixed object,Thursday,Dark Street lights on,60,2017/11/16,20:20:00,Yes,1.0,1.0,-38.16651017,144.3102815,GREATER GEELONG
T20170021896,Dry,Clear,Collision with vehicle,Friday,Day,80,2017/11/17,08:25:00,No,5.0,3.0,-37.55972952,143.8180459,BALLARAT
T20170021897,Dry,Clear,Collision with a fixed object,Thursday,Day,110,2017/11/16,17:15:00,No,1.0,1.0,-34.2742944,140.98048,MILDURA
T20170021911,Dry,Clear,Collision with vehicle,Wednesday,Day,40,2017/11/15,15:15:00,No,2.0,1.0,-36.72515892,144.3097579,GREATER BENDIGO
T20170021925,Wet,Raining,Struck Pedestrian,Thursday,Day,50,2017/11/16,12:20:00,No,2.0,1.0,-38.15279885,144.3638751,GREATER GEELONG
T20170021927,Dry,Clear,Collision with a fixed object,Friday,Day,100,2017/11/17,13:45:00,No,2.0,1.0,-37.33916715,143.1176889,ARARAT
T20170021931,Dry,Clear,Collision with vehicle,Friday,Day,60,2017/11/17,17:00:00,Yes,2.0,1.0,-38.1586992,145.9164338,BAW BAW
T20170021949,Dry,Clear,Vehicle overturned (no collision),Friday,Day,100,2017/11/17,17:00:00,No,4.0,2.0,-36.51777963,146.2284436,WANGARATTA
T20170021955,Dry,Clear,Collision with vehicle,Friday,Dusk/Dawn,80,2017/11/17,20:25:00,Yes,9.0,4.0,-37.50695083,145.3135956,MURRINDINDI
T20170021970,Dry,Clear,Collision with a fixed object,Saturday,Dark No street lights,100,2017/11/18,04:30:00,Yes,1.0,1.0,-38.32813002,142.38026,MOYNE
T20170021993,Dry,Clear,Collision with vehicle,Saturday,Day,60,2017/11/18,12:25:00,No,2.0,2.0,-37.90577385,147.7086791,EAST GIPPSLAND
T20170022005,Dry,Clear,Collision with vehicle,Saturday,Day,50,2017/11/18,15:00:00,No,3.0,2.0,-38.18089845,144.3281501,GREATER GEELONG
T20170022018,Dry,Clear,Struck Pedestrian,Saturday,Day,60,2017/11/18,16:30:00,Yes,2.0,1.0,-38.13220963,144.338007,GREATER GEELONG
T20170022019,Dry,Clear,No collision and no object struck,Saturday,Dusk/Dawn,60,2017/11/18,17:30:00,Yes,1.0,1.0,-38.35826505,142.4433603,WARRNAMBOOL
T20170022020,Dry,Clear,Vehicle overturned (no collision),Saturday,Day,80,2017/11/18,15:45:00,Yes,1.0,1.0,-38.71720006,143.7123902,COLAC OTWAY
T20170022032,Dry,Clear,No collision and no object struck,Saturday,Day,100,2017/11/18,16:40:00,Yes,1.0,1.0,-37.98227426,147.0718329,WELLINGTON
T20170022040,Dry,Clear,Collision with a fixed object,Saturday,Dark No street lights,100,2017/11/18,22:20:00,Yes,1.0,1.0,-38.73239531,145.8954019,SOUTH GIPPSLAND
T20170022041,Dry,Clear,Collision with a fixed object,Sunday,Dark No street lights,80,2017/11/19,02:00:00,Yes,1.0,1.0,-37.32364793,144.1945013,HEPBURN
T20170022042,Dry,Clear,Collision with a fixed object,Saturday,Dusk/Dawn,100,2017/11/18,20:12:00,Yes,3.0,3.0,-34.62994998,142.73092,SWAN HILL
T20170022044,Dry,Clear,Struck animal,Saturday,Day,100,2017/11/18,06:25:00,Yes,1.0,1.0,-37.36600004,144.9640098,MITCHELL
T20170022049,Dry,Clear,Collision with a fixed object,Sunday,Dusk/Dawn,60,2017/11/19,05:30:00,Yes,1.0,1.0,-34.1874774,142.170843,MILDURA
T20170022050,Unknown,Not known,No collision and no object struck,Sunday,Day,999,2017/11/12,09:30:00,Yes,1.0,1.0,-37.46979863,143.8725832,HEPBURN
T20170022057,Dry,Clear,No collision and no object struck,Saturday,Day,100,2017/11/18,17:45:00,Yes,1.0,1.0,-38.19523046,141.6163031,GLENELG
T20170022058,Dry,Clear,Struck Pedestrian,Saturday,Day,40,2017/11/18,14:10:00,Yes,3.0,1.0,-38.1527091,144.3554022,GREATER GEELONG
T20170022065,Dry,Clear,Collision with a fixed object,Saturday,Day,100,2017/11/18,17:30:00,Yes,3.0,3.0,-37.55493779,143.7571624,BALLARAT
T20170022069,Dry,Clear,Collision with a fixed object,Sunday,Day,100,2017/11/19,11:25:00,No,5.0,1.0,-36.36468331,145.5316073,GREATER SHEPPARTON
T20170022072,Dry,Clear,No collision and no object struck,Sunday,Day,70,2017/11/19,09:15:00,Yes,1.0,1.0,-36.43027998,146.7586518,INDIGO
T20170022074,Wet,Not known,No collision and no object struck,Saturday,Unknown,999,2017/10/28,14:00:00,No,1.0,1.0,-36.80958068,146.6587021,ALPINE
T20170022075,Dry,Clear,Collision with vehicle,Sunday,Day,60,2017/11/19,11:52:00,No,3.0,2.0,-38.15446436,144.3574313,GREATER GEELONG
T20170022078,Dry,Clear,No collision and no object struck,Sunday,Day,80,2017/11/19,11:25:00,No,1.0,1.0,-38.40769963,145.7607806,SOUTH GIPPSLAND
T20170022081,Dry,Clear,Collision with vehicle,Sunday,Day,110,2017/11/19,13:28:00,No,7.0,5.0,-38.19368334,146.0255213,BAW BAW
T20170022089,Dry,Clear,No collision and no object struck,Sunday,Day,100,2017/11/19,09:30:00,Yes,1.0,1.0,-36.80739335,145.854315,STRATHBOGIE
T20170022100,Dry,Clear,Collision with a fixed object,Sunday,Day,80,2017/11/19,19:30:00,Yes,1.0,1.0,-37.645548,143.8670115,BALLARAT
T20170022101,Dry,Clear,Collision with a fixed object,Sunday,Dark No street lights,100,2017/11/19,21:30:00,Yes,1.0,1.0,-37.93291253,142.7891648,MOYNE
T20170022102,Dry,Clear,Vehicle overturned (no collision),Sunday,Dark No street lights,110,2017/11/19,21:40:00,Yes,1.0,1.0,-38.22868066,146.3664502,LATROBE
T20170022103,Dry,Clear,Collision with a fixed object,Sunday,Day,100,2017/11/12,12:40:00,No,1.0,1.0,-38.27710057,147.1505676,WELLINGTON
T20170022107,Dry,Clear,Collision with a fixed object,Monday,Dark No street lights,110,2017/11/20,01:30:00,Yes,1.0,1.0,-36.62630256,145.7538614,STRATHBOGIE
T20170022110,Dry,Clear,Collision with vehicle,Monday,Day,40,2017/11/20,08:30:00,No,2.0,1.0,-37.54820206,143.8693255,BALLARAT
T20170022115,Dry,Clear,Collision with vehicle,Sunday,Day,50,2017/11/19,12:20:00,No,6.0,2.0,-38.52070294,145.3743795,BASS COAST
T20170022117,Dry,Clear,Collision with vehicle,Sunday,Day,100,2017/11/19,14:55:00,No,2.0,1.0,-37.59803995,146.1622978,BAW BAW
T20170022122,Dry,Clear,Collision with vehicle,Saturday,Day,80,2017/11/18,12:55:00,No,2.0,1.0,-38.24028831,145.7794825,BAW BAW
T20170022127,Dry,Clear,Vehicle overturned (no collision),Monday,Day,100,2017/11/20,09:10:00,No,1.0,1.0,-37.36525883,144.3598882,HEPBURN
T20170022133,Dry,Clear,Collision with vehicle,Monday,Day,50,2017/11/20,14:30:00,No,3.0,1.0,-36.71663473,142.20436,HORSHAM
T20170022138,Dry,Clear,No collision and no object struck,Monday,Day,40,2017/11/20,07:10:00,No,1.0,1.0,-36.51968135,146.0648474,BENALLA
T20170022143,Dry,Clear,Struck Pedestrian,Monday,Day,60,2017/11/20,16:05:00,No,2.0,1.0,-36.70529076,144.3172599,GREATER BENDIGO
T20170022150,Dry,Clear,Collision with a fixed object,Monday,Day,100,2017/11/20,15:30:00,No,1.0,1.0,-37.39160606,144.3670207,HEPBURN
T20170022155,Dry,Clear,Collision with vehicle,Monday,Day,70,2017/11/20,16:50:00,Yes,3.0,1.0,-38.16052552,144.3502997,GREATER GEELONG
T20170022161,Dry,Clear,Vehicle overturned (no collision),Monday,Day,60,2017/11/20,17:00:00,Yes,1.0,1.0,-38.08165796,144.3374903,GREATER GEELONG
T20170022163,Dry,Clear,Collision with vehicle,Monday,Day,60,2017/11/20,19:10:00,Yes,2.0,1.0,-36.75524587,144.2740756,GREATER BENDIGO
T20170022166,Dry,Clear,Collision with a fixed object,Monday,Day,100,2017/11/20,17:00:00,No,1.0,1.0,-37.82036056,147.912989,EAST GIPPSLAND
T20170022170,Wet,Raining,Collision with a fixed object,Monday,Dark Street lights on,60,2017/11/20,23:22:00,Yes,1.0,1.0,-36.77256806,144.2507254,GREATER BENDIGO
T20170022201,Dry,Clear,Collision with vehicle,Tuesday,Day,50,2017/11/21,13:10:00,No,3.0,2.0,-35.33226303,143.5524565,SWAN HILL
T20170022204,Dry,Clear,Collision with vehicle,Tuesday,Day,110,2017/11/21,14:00:00,No,2.0,1.0,-37.14211032,145.0834716,MITCHELL
T20170022207,Dry,Clear,Collision with vehicle,Monday,Day,100,2017/11/20,17:20:00,No,6.0,5.0,-38.34929006,146.7145913,WELLINGTON
T20170022208,Dry,Clear,Collision with vehicle,Tuesday,Day,60,2017/11/21,13:12:00,No,6.0,2.0,-38.15865582,145.9213192,BAW BAW
T20170022222,Dry,Clear,Struck Pedestrian,Tuesday,Day,50,2017/11/21,17:50:00,No,2.0,1.0,-38.15003749,144.3623136,GREATER GEELONG
T20170022224,Dry,Clear,Collision with vehicle,Sunday,Day,100,2017/11/19,11:00:00,No,2.0,2.0,-37.82634227,142.5347824,SOUTHERN GRAMPIANS
T20170022226,Dry,Clear,Collision with vehicle,Tuesday,Dusk/Dawn,100,2017/11/21,16:04:00,No,2.0,1.0,-36.77236038,144.37726,GREATER BENDIGO
T20170022228,Dry,Clear,Collision with vehicle,Tuesday,Day,50,2017/11/21,18:30:00,Yes,2.0,1.0,-35.33789743,143.5513943,SWAN HILL
T20170022233,Dry,Clear,Collision with vehicle,Tuesday,Day,60,2017/11/21,16:40:00,No,2.0,1.0,-36.71378543,144.3190985,GREATER BENDIGO
T20170022234,Dry,Clear,Collision with vehicle,Monday,Day,40,2017/11/20,15:30:00,No,3.0,1.0,-34.20305337,142.152766,MILDURA
T20170022242,Dry,Clear,Collision with a fixed object,Tuesday,Day,100,2017/11/21,18:00:00,Yes,1.0,1.0,-38.18333976,147.0821494,WELLINGTON
T20170022243,Dry,Clear,Collision with vehicle,Tuesday,Dark Street lights on,110,2017/11/21,21:35:00,Yes,4.0,2.0,-36.10281881,146.8251812,WODONGA
T20170022245,Dry,Clear,Collision with vehicle,Monday,Day,70,2017/11/20,17:15:00,No,2.0,1.0,-36.71404929,144.3141756,GREATER BENDIGO
T20170022271,Dry,Clear,Collision with vehicle,Wednesday,Day,100,2017/11/22,06:40:00,No,3.0,2.0,-37.27419131,144.4847979,MACEDON RANGES
T20170022272,Unknown,Not known,No collision and no object struck,Wednesday,Day,999,2017/11/22,09:45:00,No,1.0,1.0,-37.10451014,146.3703003,MANSFIELD
T20170022275,Dry,Clear,Collision with vehicle,Wednesday,Day,70,2017/11/22,09:30:00,No,4.0,2.0,-36.81019254,144.2403659,GREATER BENDIGO
T20170022277,Dry,Clear,Collision with a fixed object,Wednesday,Day,100,2017/11/22,11:30:00,No,1.0,1.0,-37.31736044,143.7853469,HEPBURN
T20170022319,Dry,Clear,Collision with a fixed object,Wednesday,Dark Street lights off,80,2017/11/22,22:55:00,Yes,1.0,1.0,-38.0790901,144.3642701,GREATER GEELONG
T20170022323,Dry,Clear,No collision and no object struck,Monday,Dark No street lights,80,2017/11/20,23:30:00,Yes,1.0,1.0,-38.35880471,142.5184084,WARRNAMBOOL
T20170022325,Dry,Clear,Vehicle overturned (no collision),Thursday,Dark No street lights,100,2017/11/23,02:00:00,Yes,1.0,1.0,-36.3839238,146.4928808,WANGARATTA
T20170022346,Dry,Clear,Collision with vehicle,Thursday,Day,100,2017/11/23,07:08:00,No,2.0,1.0,-38.08139399,144.3323149,GREATER GEELONG
T20170022347,Dry,Clear,Collision with a fixed object,Thursday,Dusk/Dawn,100,2017/11/23,07:00:00,No,1.0,1.0,-38.28873907,146.6998435,WELLINGTON
T20170022354,Dry,Clear,Collision with vehicle,Thursday,Day,60,2017/11/23,13:30:00,No,5.0,3.0,-34.18074185,142.1468278,MILDURA
T20170022362,Dry,Clear,Collision with vehicle,Thursday,Day,100,2017/11/23,11:30:00,No,2.0,1.0,-37.81776457,142.801345,MOYNE
T20170022368,Muddy,Raining,Vehicle overturned (no collision),Sunday,Day,999,2017/11/19,10:30:00,No,1.0,1.0,-36.87327177,145.2039497,STRATHBOGIE
T20170022377,Dry,Clear,Collision with vehicle,Thursday,Day,100,2017/11/23,17:15:00,No,2.0,1.0,-38.06651956,144.2921428,GREATER GEELONG
T20170022393,Dry,Clear,No collision and no object struck,Thursday,Day,100,2017/11/23,12:07:00,No,1.0,1.0,-37.59815299,142.5621415,ARARAT
T20170022396,Dry,Clear,Collision with vehicle,Thursday,Day,70,2017/11/23,15:28:00,No,2.0,2.0,-38.06286871,144.3581762,GREATER GEELONG
T20170022408,Dry,Clear,Other accident,Thursday,Dark Street lights on,50,2017/11/23,22:30:00,Yes,2.0,2.0,-38.13252837,141.6212703,GLENELG
T20170022417,Dry,Clear,Collision with vehicle,Friday,Day,80,2017/11/24,08:32:00,No,3.0,1.0,-36.34764018,145.4318401,GREATER SHEPPARTON
T20170022433,Dry,Clear,Collision with vehicle,Friday,Day,60,2017/11/24,08:08:00,No,3.0,2.0,-38.15317091,144.3694021,GREATER GEELONG
T20170022436,Dry,Clear,Struck Pedestrian,Friday,Dark Street lights on,50,2017/11/17,21:30:00,Yes,2.0,1.0,-37.74212279,142.0217149,SOUTHERN GRAMPIANS
T20170022440,Dry,Clear,Vehicle overturned (no collision),Friday,Day,100,2017/11/24,10:45:00,No,3.0,1.0,-36.71484043,147.0960114,ALPINE
T20170022445,Dry,Clear,Collision with vehicle,Saturday,Day,60,2017/11/18,13:30:00,No,2.0,1.0,-36.74979304,144.2838942,GREATER BENDIGO
T20170022447,Dry,Clear,Collision with vehicle,Friday,Day,80,2017/11/10,15:55:00,No,3.0,1.0,-37.42309416,144.9786098,MITCHELL
T20170022454,Dry,Clear,Collision with a fixed object,Thursday,Day,100,2017/11/23,15:25:00,No,1.0,1.0,-37.04606708,144.0462296,MOUNT ALEXANDER
T20170022456,Dry,Clear,Collision with vehicle,Friday,Day,60,2017/11/24,15:55:00,No,4.0,2.0,-36.38194355,145.405818,GREATER SHEPPARTON
T20170022459,Dry,Clear,Collision with vehicle,Friday,Day,60,2017/11/24,16:45:00,Yes,2.0,1.0,-34.21453082,142.146911,MILDURA
T20170022469,Dry,Clear,Collision with vehicle,Friday,Day,60,2017/11/24,18:00:00,Yes,2.0,1.0,-37.73570444,142.0085292,SOUTHERN GRAMPIANS
T20170022471,Dry,Clear,Collision with a fixed object,Friday,Day,60,2017/11/24,18:10:00,Yes,1.0,1.0,-35.73087474,143.9231546,GANNAWARRA
T20170022475,Dry,Not known,Collision with vehicle,Friday,Day,50,2017/11/24,18:20:00,Yes,2.0,2.0,-38.12507999,144.3186399,GREATER GEELONG
T20170022478,Dry,Clear,Collision with vehicle,Friday,Day,70,2017/11/24,18:30:00,Yes,2.0,1.0,-38.19366603,144.3427873,GREATER GEELONG
T20170022480,Dry,Clear,Collision with vehicle,Friday,Dusk/Dawn,50,2017/11/24,19:30:00,Yes,3.0,2.0,-38.180184,144.3372495,GREATER GEELONG
T20170022481,Dry,Clear,Collision with vehicle,Friday,Day,100,2017/11/24,17:10:00,Yes,4.0,4.0,-37.91287531,146.8700264,WELLINGTON
T20170022487,Dry,Clear,Collision with a fixed object,Friday,Day,100,2017/11/24,17:40:00,Yes,1.0,1.0,-37.2098509,143.0193531,ARARAT
T20170022488,Dry,Clear,Vehicle overturned (no collision),Friday,Day,80,2017/11/24,19:17:00,Yes,1.0,1.0,-36.82141794,144.2625771,GREATER BENDIGO
T20170022490,Dry,Clear,Collision with a fixed object,Friday,Day,100,2017/11/24,16:20:00,Yes,2.0,2.0,-38.21374528,144.11699,SURF COAST