Accident_No,Surface_Cond_Desc,Atmosph_Cond_Desc,Accident_Type_Desc,Day,Light_Condition_Desc,Speed_Zone,Accident_Date,Accident_Time,Alcohol_Influence,Total_Persons_Inv,Inj_Or_Fatal,Lat,Long,LGA
T20170022492,Dry,Clear,Collision with vehicle,Friday,Day,80,2017/11/24,18:40:00,Yes,3.0,2.0,-38.1799899,146.2946653,LATROBE
T20170022497,Dry,Clear,Collision with vehicle,Friday,Dark Street lights on,50,2017/11/24,22:00:00,Yes,2.0,1.0,-38.09386515,147.071081,WELLINGTON
T20170022502,Dry,Clear,Collision with a fixed object,Friday,Dark No street lights,40,2017/11/24,23:35:00,Yes,1.0,1.0,-36.73717135,144.2797995,GREATER BENDIGO
T20170022514,Dry,Clear,Collision with a fixed object,Saturday,Dark No street lights,100,2017/11/25,02:00:00,Yes,3.0,3.0,-37.84889665,148.0009019,EAST GIPPSLAND
T20170022515,Dry,Clear,Collision with vehicle,Friday,Dark Street lights on,60,2017/11/24,22:38:00,Yes,2.0,1.0,-36.39295584,145.4012029,GREATER SHEPPARTON
T20170022532,Dry,Clear,Collision with a fixed object,Saturday,Day,100,2017/11/25,10:37:00,No,3.0,1.0,-35.92547269,145.5316015,MOIRA
T20170022539,Dry,Clear,Collision with vehicle,Saturday,Day,60,2017/11/25,12:45:00,No,9.0,1.0,-37.568184,143.8374756,BALLARAT
T20170022545,Dry,Clear,Collision with a fixed object,Saturday,Day,100,2017/11/25,12:30:00,No,1.0,1.0,-38.27568029,145.9676896,BAW BAW
T20170022548,Dry,Clear,Collision with a fixed object,Saturday,Day,60,2017/11/25,13:20:00,No,1.0,1.0,-38.47841066,142.9775712,CORANGAMITE
T20170022549,Dry,Clear,Collision with a fixed object,Saturday,Day,100,2017/11/25,12:30:00,No,1.0,1.0,-36.72325906,147.450229,TOWONG
T20170022552,Dry,Clear,Collision with vehicle,Saturday,Day,40,2017/11/25,12:41:00,No,4.0,1.0,-38.14766138,144.3620994,GREATER GEELONG
T20170022560,Wet,Clear,No collision and no object struck,Saturday,Day,100,2017/11/25,13:15:00,No,1.0,1.0,-37.0638238,142.5838509,NORTHERN GRAMPIANS
T20170022564,Dry,Clear,Collision with vehicle,Saturday,Day,100,2017/11/25,09:30:00,No,3.0,3.0,-37.42541882,143.3559504,PYRENEES
T20170022567,Dry,Clear,Collision with vehicle,Saturday,Day,60,2017/11/25,15:00:00,Yes,2.0,1.0,-38.1994954,146.5330443,LATROBE
T20170022580,Wet,Clear,Vehicle overturned (no collision),Saturday,Day,100,2017/11/25,18:45:00,Yes,2.0,2.0,-37.293661,149.2161337,EAST GIPPSLAND
T20170022587,Dry,Clear,Collision with vehicle,Saturday,Dark Street lights on,70,2017/11/25,00:02:00,Yes,5.0,4.0,-37.56074466,143.8763963,BALLARAT
T20170022588,Dry,Clear,Collision with vehicle,Saturday,Day,60,2017/11/25,12:15:00,No,2.0,1.0,-38.14981067,144.3346492,GREATER GEELONG
T20170022595,Dry,Clear,Collision with a fixed object,Sunday,Day,50,2017/11/26,07:25:00,Yes,1.0,1.0,-36.41813896,145.3976778,GREATER SHEPPARTON
T20170022599,Wet,Not known,Vehicle overturned (no collision),Friday,Unknown,999,2017/11/24,17:30:00,No,1.0,1.0,-37.23975004,147.3771902,WELLINGTON
T20170022600,Dry,Clear,Struck Pedestrian,Sunday,Dark No street lights,80,2017/11/26,01:00:00,Yes,2.0,1.0,-37.29585946,146.1359547,MANSFIELD
T20170022615,Dry,Clear,Collision with vehicle,Sunday,Day,60,2017/11/26,12:00:00,No,2.0,1.0,-37.56771038,143.8375632,BALLARAT
T20170022619,Dry,Clear,Collision with a fixed object,Sunday,Day,110,2017/11/26,15:00:00,No,3.0,1.0,-36.10177233,146.9075834,WODONGA
T20170022621,Dry,Clear,Collision with vehicle,Friday,Day,40,2017/11/24,08:55:00,No,4.0,3.0,-36.01300613,146.0132857,MOIRA
T20170022640,Dry,Clear,Collision with a fixed object,Monday,Dark No street lights,100,2017/11/27,05:30:00,Yes,1.0,1.0,-38.42586964,142.8576468,CORANGAMITE
T20170022645,Dry,Clear,Vehicle overturned (no collision),Friday,Day,999,2017/11/24,17:00:00,Yes,1.0,1.0,-37.18607607,146.2298784,MANSFIELD
T20170022657,Dry,Clear,Collision with vehicle,Monday,Day,70,2017/11/27,12:33:00,No,2.0,1.0,-38.17085564,144.392352,GREATER GEELONG
T20170022665,Dry,Clear,Collision with a fixed object,Monday,Day,100,2017/11/27,11:40:00,No,3.0,3.0,-37.2145736,144.6874497,MACEDON RANGES
T20170022670,Dry,Clear,Collision with a fixed object,Thursday,Dusk/Dawn,100,2017/11/23,05:40:00,Yes,1.0,1.0,-37.26843859,144.4196503,MACEDON RANGES
T20170022687,Dry,Clear,Collision with vehicle,Monday,Day,100,2017/11/20,15:25:00,No,4.0,2.0,-36.6331035,146.8562787,ALPINE
T20170022695,Dry,Clear,Collision with vehicle,Monday,Day,110,2017/11/27,16:24:00,No,10.0,7.0,-36.10960278,146.8993548,WODONGA
T20170022698,Dry,Clear,Collision with a fixed object,Monday,Day,60,2017/11/27,18:00:00,Yes,1.0,1.0,-37.57177132,143.8269897,BALLARAT
T20170022707,Dry,Clear,Collision with vehicle,Monday,Day,100,2017/11/27,15:42:00,No,8.0,2.0,-38.64290136,143.0715746,CORANGAMITE
T20170022715,Wet,Raining,Collision with a fixed object,Tuesday,Dark No street lights,80,2017/11/28,05:30:00,Yes,1.0,1.0,-37.5424793,144.6298638,MACEDON RANGES
T20170022718,Dry,Clear,Collision with vehicle,Tuesday,Day,100,2017/11/28,06:35:00,No,2.0,2.0,-36.22201001,146.95318,WODONGA
T20170022734,Unknown,Clear,Collision with vehicle,Saturday,Dark No street lights,999,2016/09/24,20:00:00,Yes,2.0,1.0,-36.68906948,144.2623115,GREATER BENDIGO
T20170022737,Dry,Clear,Collision with vehicle,Tuesday,Day,50,2017/11/28,10:21:00,No,2.0,1.0,-36.71969973,142.2010118,HORSHAM
T20170022738,Dry,Clear,No collision and no object struck,Saturday,Day,999,2017/11/25,11:10:00,No,1.0,1.0,-37.76838947,143.8619754,GOLDEN PLAINS
T20170022754,Dry,Clear,Vehicle overturned (no collision),Monday,Day,80,2017/11/27,16:30:00,No,1.0,1.0,-38.52306886,143.9782559,SURF COAST
T20170022758,Dry,Clear,Collision with a fixed object,Tuesday,Day,100,2017/11/28,13:10:00,No,1.0,1.0,-37.25752935,141.8221384,SOUTHERN GRAMPIANS
T20170022773,Dry,Clear,No collision and no object struck,Tuesday,Day,50,2017/11/28,18:20:00,Yes,2.0,1.0,-36.72717972,144.264611,GREATER BENDIGO
T20170022780,Dry,Clear,Struck Pedestrian,Tuesday,Day,40,2017/11/28,14:40:00,No,2.0,1.0,-37.5608403,143.8579626,BALLARAT
T20170022788,Dry,Clear,collision with some other object,Tuesday,Dark No street lights,999,2017/11/28,05:00:00,Yes,1.0,1.0,-37.83968956,147.9264602,EAST GIPPSLAND
T20170022790,Dry,Clear,Collision with vehicle,Friday,Day,60,2017/11/24,16:45:00,No,3.0,1.0,-36.77502881,144.2553886,GREATER BENDIGO
T20170022793,Dry,Clear,Collision with a fixed object,Monday,Dark Street lights on,60,2017/11/27,03:20:00,Yes,1.0,1.0,-38.08373024,144.3577602,GREATER GEELONG
T20170022807,Dry,Clear,Collision with vehicle,Wednesday,Day,50,2017/11/29,07:15:00,No,2.0,1.0,-38.26677232,144.5307307,GREATER GEELONG
T20170022808,Dry,Clear,Collision with vehicle,Thursday,Day,60,2017/11/23,15:30:00,No,1.0,1.0,-36.36812999,145.4261307,GREATER SHEPPARTON
T20170022810,Dry,Clear,Collision with vehicle,Tuesday,Day,60,2017/11/14,09:00:00,No,2.0,1.0,-37.56966054,143.8627841,BALLARAT
T20170022828,Dry,Clear,Vehicle overturned (no collision),Wednesday,Day,40,2017/11/29,12:50:00,No,1.0,1.0,-36.7775781,144.2945519,GREATER BENDIGO
T20170022829,Dry,Clear,Collision with vehicle,Wednesday,Day,60,2017/11/29,12:35:00,No,2.0,2.0,-36.38434228,145.4076275,GREATER SHEPPARTON
T20170022831,Dry,Clear,Collision with vehicle,Wednesday,Day,100,2017/11/29,12:45:00,No,4.0,4.0,-36.06989278,145.6928804,MOIRA
T20170022840,Dry,Clear,No collision and no object struck,Saturday,Day,100,2017/09/30,16:15:00,Yes,1.0,1.0,-36.94975917,145.9221713,MANSFIELD
T20170022843,Dry,Clear,Collision with a fixed object,Wednesday,Day,80,2017/11/29,12:40:00,No,1.0,1.0,-38.74586935,143.2739198,COLAC OTWAY
T20170022850,Dry,Clear,Vehicle overturned (no collision),Wednesday,Day,100,2017/11/29,16:20:00,No,1.0,1.0,-37.49678035,149.6744092,EAST GIPPSLAND
T20170022852,Dry,Clear,Collision with vehicle,Wednesday,Day,80,2017/11/29,15:07:00,No,1.0,1.0,-37.46911241,144.9715553,MITCHELL
T20170022878,Dry,Clear,Collision with vehicle,Wednesday,Day,100,2017/11/29,14:50:00,No,3.0,3.0,-38.16328126,141.2890889,GLENELG
T20170022879,Dry,Clear,Collision with vehicle,Wednesday,Day,100,2017/11/29,19:39:00,Yes,2.0,2.0,-36.02231252,146.1375299,MOIRA
T20170022886,Dry,Clear,Collision with vehicle,Thursday,Day,80,2017/11/30,06:00:00,Yes,2.0,1.0,-36.33564011,145.4025505,GREATER SHEPPARTON
T20170022888,Wet,Not known,Collision with vehicle,Sunday,Day,110,2017/11/26,14:45:00,No,3.0,2.0,-37.49381648,144.9622152,MITCHELL
T20170022896,Dry,Clear,Collision with vehicle,Thursday,Day,100,2017/11/30,08:00:00,No,3.0,2.0,-35.53623446,143.9520548,GANNAWARRA
T20170022899,Wet,Clear,No collision and no object struck,Sunday,Day,999,2017/10/15,13:30:00,No,1.0,1.0,-37.47038812,145.665209,MURRINDINDI
T20170022902,Dry,Clear,No collision and no object struck,Thursday,Day,60,2017/10/12,17:00:00,No,1.0,1.0,-36.71347858,143.0455402,NORTHERN GRAMPIANS
T20170022903,Dry,Clear,Collision with vehicle,Thursday,Day,50,2017/11/30,08:10:00,No,2.0,2.0,-37.55548126,143.8574432,BALLARAT
T20170022921,Wet,Raining,Collision with vehicle,Thursday,Day,100,2017/11/30,16:00:00,No,3.0,1.0,-37.88065126,141.7944837,SOUTHERN GRAMPIANS
T20170022924,Dry,Clear,Vehicle overturned (no collision),Thursday,Day,100,2017/11/30,16:35:00,No,2.0,1.0,-36.07370027,146.7262386,WODONGA
T20170022927,Wet,Clear,Collision with vehicle,Thursday,Day,100,2017/11/30,18:20:00,Yes,5.0,5.0,-38.34508656,143.4564228,COLAC OTWAY
T20170022933,Wet,Raining,Collision with a fixed object,Thursday,Day,110,2017/11/30,18:12:00,Yes,3.0,2.0,-38.19566161,146.2861677,LATROBE
T20170022935,Dry,Clear,Struck Pedestrian,Thursday,Day,60,2017/11/30,15:58:00,No,4.0,1.0,-37.47795777,144.6123582,MACEDON RANGES
T20170022936,Dry,Clear,Collision with vehicle,Thursday,Dark Street lights on,50,2017/11/30,21:10:00,Yes,2.0,1.0,-37.56472834,143.8620468,BALLARAT
T20170022953,Wet,Raining,Vehicle overturned (no collision),Thursday,Dark No street lights,100,2017/11/30,21:30:00,Yes,1.0,1.0,-37.65946789,143.1713091,PYRENEES
T20170022956,Wet,Raining,Vehicle overturned (no collision),Friday,Day,100,2017/12/01,07:20:00,No,1.0,1.0,-37.24184083,144.1220592,HEPBURN
T20170022959,Dry,Clear,Collision with a fixed object,Tuesday,Day,100,2017/11/28,07:25:00,No,2.0,2.0,-37.29094085,145.3698566,MURRINDINDI
T20170022960,Wet,Raining,Collision with vehicle,Friday,Day,60,2017/12/01,09:05:00,No,4.0,1.0,-36.72304957,142.2049392,HORSHAM
T20170022962,Wet,Raining,Collision with vehicle,Friday,Day,100,2017/12/01,07:20:00,No,2.0,2.0,-38.23460933,145.7870299,BAW BAW
T20170022976,Wet,Raining,Collision with a fixed object,Friday,Day,100,2017/12/01,10:45:00,No,1.0,1.0,-38.17279557,144.4440808,GREATER GEELONG
T20170022981,Dry,Clear,Collision with vehicle,Thursday,Day,999,2017/11/30,18:30:00,Yes,2.0,1.0,-37.59675909,143.7685745,BALLARAT
T20170022989,Dry,Clear,Collision with vehicle,Friday,Day,50,2017/12/01,14:40:00,No,2.0,1.0,-36.72608756,142.2050108,HORSHAM
T20170022996,Wet,Raining,Collision with a fixed object,Friday,Day,100,2017/12/01,15:25:00,No,2.0,2.0,-38.48424727,143.9371509,SURF COAST
T20170023000,Wet,Raining,Struck Pedestrian,Friday,Day,50,2017/12/01,15:42:00,No,2.0,2.0,-37.35066688,144.7433054,MACEDON RANGES
T20170023007,Wet,Raining,Collision with vehicle,Friday,Day,80,2017/12/01,15:30:00,No,6.0,4.0,-38.99483587,146.2952159,SOUTH GIPPSLAND
T20170023008,Dry,Clear,Collision with a fixed object,Friday,Day,100,2017/12/01,14:20:00,No,1.0,1.0,-36.61738224,143.3077193,NORTHERN GRAMPIANS
T20170023022,Dry,Clear,Collision with vehicle,Thursday,Dark No street lights,60,2017/11/30,22:30:00,Yes,2.0,1.0,-38.180184,144.3372495,GREATER GEELONG
T20170023029,Dry,Clear,Collision with a fixed object,Friday,Dark No street lights,100,2017/12/01,22:42:00,Yes,5.0,5.0,-38.21466672,144.5480807,GREATER GEELONG
T20170023035,Wet,Raining,Collision with a fixed object,Saturday,Dark Street lights on,60,2017/12/02,01:10:00,Yes,1.0,1.0,-37.5642276,143.9323168,BALLARAT
T20170023038,Wet,Raining,Collision with a fixed object,Saturday,Dark No street lights,100,2017/12/02,05:00:00,Yes,1.0,1.0,-38.12131923,146.0604605,BAW BAW
T20170023045,Wet,Raining,Struck Pedestrian,Saturday,Day,50,2017/12/02,10:50:00,No,2.0,1.0,-37.60048,144.2281035,MOORABOOL
T20170023052,Wet,Clear,Collision with vehicle,Saturday,Day,60,2017/12/02,07:00:00,Yes,4.0,1.0,-37.03379028,145.1521192,MITCHELL
T20170023059,Dry,Clear,Collision with vehicle,Saturday,Dusk/Dawn,80,2017/12/02,05:40:00,Yes,2.0,1.0,-37.10025915,145.6179283,MURRINDINDI
T20170023066,Wet,Raining,Vehicle overturned (no collision),Saturday,Day,100,2017/12/02,16:20:00,Yes,1.0,1.0,-37.73275949,143.8890582,GOLDEN PLAINS
T20170023070,Wet,Raining,Collision with a fixed object,Saturday,Day,100,2017/12/02,17:00:00,Yes,1.0,1.0,-37.69534465,148.7397717,EAST GIPPSLAND
T20170023082,Wet,Raining,Vehicle overturned (no collision),Saturday,Dark No street lights,100,2017/12/02,19:00:00,Yes,1.0,1.0,-38.06926744,145.7965992,BAW BAW
T20170023083,Wet,Raining,Collision with vehicle,Saturday,Dark Street lights on,60,2017/12/02,22:30:00,Yes,2.0,1.0,-37.30031105,144.9513731,MITCHELL
T20170023085,Wet,Raining,Collision with a fixed object,Saturday,Day,100,2017/12/02,16:40:00,Yes,20.0,20.0,-38.58104083,143.2010674,CORANGAMITE
T20170023087,Dry,Clear,Collision with vehicle,Wednesday,Day,60,2017/11/29,08:30:00,No,2.0,1.0,-38.02286155,144.3963968,GREATER GEELONG
T20170023088,Wet,Raining,Struck Pedestrian,Saturday,Dark Street lights on,50,2017/12/02,22:00:00,Yes,2.0,1.0,-38.14463595,144.3633826,GREATER GEELONG
T20170023113,Wet,Raining,Collision with a fixed object,Sunday,Day,100,2017/12/03,12:00:00,No,2.0,1.0,-38.59741063,146.1200098,SOUTH GIPPSLAND
T20170023121,Dry,Clear,Collision with vehicle,Monday,Day,50,2017/11/20,18:15:00,Yes,2.0,1.0,-38.17298015,144.3224,GREATER GEELONG
T20170023127,Wet,Raining,Collision with vehicle,Sunday,Day,100,2017/12/03,15:00:00,No,4.0,2.0,-38.21245237,144.2181092,SURF COAST
T20170023129,Dry,Clear,No collision and no object struck,Sunday,Day,50,2017/12/03,16:40:00,Yes,1.0,1.0,-37.52644261,143.8654106,BALLARAT
T20170023136,Dry,Clear,Struck Pedestrian,Thursday,Day,50,2017/11/30,11:55:00,No,2.0,1.0,-34.19086649,142.1554031,MILDURA
T20170023143,Dry,Clear,Collision with a fixed object,Sunday,Day,100,2017/12/03,18:47:00,Yes,1.0,1.0,-35.3304157,142.4182778,YARRIAMBIACK
T20170023151,Dry,Clear,collision with some other object,Monday,Day,60,2017/12/04,09:00:00,No,1.0,1.0,-36.79343947,144.2375612,GREATER BENDIGO
T20170023152,Dry,Clear,Collision with vehicle,Monday,Day,110,2017/12/04,07:00:00,No,2.0,1.0,-36.93893075,145.2126522,MITCHELL
T20170023158,Dry,Not known,Collision with vehicle,Monday,Day,100,2017/12/04,07:52:00,Yes,2.0,1.0,-38.38440721,142.5892403,WARRNAMBOOL
T20170023163,Dry,Clear,Collision with a fixed object,Monday,Day,60,2017/12/04,07:30:00,No,1.0,1.0,-38.34963003,142.4794198,WARRNAMBOOL
T20170023165,Dry,Clear,Collision with a fixed object,Sunday,Dusk/Dawn,100,2017/12/03,20:40:00,Yes,1.0,1.0,-37.26025012,141.3932096,WEST WIMMERA
T20170023169,Dry,Clear,Collision with a fixed object,Monday,Day,60,2017/12/04,12:10:00,No,2.0,1.0,-38.37205034,142.4740357,WARRNAMBOOL
T20170023170,Dry,Clear,Collision with vehicle,Monday,Day,80,2017/12/04,11:05:00,No,2.0,1.0,-34.23505308,142.191023,MILDURA
T20170023197,Dry,Clear,Collision with a fixed object,Monday,Day,100,2017/12/04,19:10:00,Yes,1.0,1.0,-37.76428928,147.6990591,EAST GIPPSLAND
T20170023204,Dry,Clear,Collision with a fixed object,Monday,Dark No street lights,100,2017/12/04,03:00:00,Yes,4.0,4.0,-36.23340013,146.9422403,INDIGO
T20170023209,Dry,Clear,Collision with a fixed object,Tuesday,Day,110,2017/12/05,08:27:00,No,1.0,1.0,-36.57670682,145.9351808,BENALLA
T20170023224,Dry,Clear,Collision with vehicle,Tuesday,Day,40,2017/12/05,11:30:00,No,4.0,2.0,-36.75377645,142.2361429,HORSHAM
T20170023233,Dry,Clear,Collision with a fixed object,Monday,Day,110,2017/12/04,18:10:00,Yes,1.0,1.0,-35.47283986,142.8456124,BULOKE
T20170023235,Dry,Clear,No collision and no object struck,Monday,Day,50,2017/12/04,13:15:00,No,1.0,1.0,-36.72372521,144.273798,GREATER BENDIGO
T20170023238,Dry,Clear,Collision with a fixed object,Saturday,Day,100,2017/12/02,15:10:00,Yes,1.0,1.0,-38.11232948,142.8149156,MOYNE
T20170023239,Dry,Clear,Struck Pedestrian,Monday,Day,40,2017/12/04,11:30:00,No,2.0,1.0,-36.12522422,146.8582592,WODONGA
T20170023241,Dry,Clear,Vehicle overturned (no collision),Tuesday,Day,80,2017/12/05,18:30:00,Yes,1.0,1.0,-36.72282631,144.2199771,GREATER BENDIGO
T20170023248,Dry,Clear,Collision with vehicle,Tuesday,Day,70,2017/12/05,18:20:00,Yes,4.0,2.0,-37.55457186,143.8163988,BALLARAT
T20170023256,Dry,Clear,Collision with vehicle,Tuesday,Day,50,2017/12/05,10:15:00,No,2.0,1.0,-36.76660476,144.2712124,GREATER BENDIGO
T20170023273,Wet,Raining,Collision with vehicle,Friday,Day,50,2017/12/01,14:37:00,No,2.0,1.0,-36.55025953,145.9900898,BENALLA
T20170023281,Dry,Clear,Collision with vehicle,Tuesday,Day,60,2017/10/17,11:00:00,No,3.0,1.0,-38.1334072,144.3511555,GREATER GEELONG
T20170023285,Dry,Clear,Collision with vehicle,Tuesday,Day,100,2017/12/05,15:00:00,No,2.0,2.0,-36.1294683,144.69285,CAMPASPE
T20170023289,Dry,Clear,Collision with vehicle,Wednesday,Day,100,2017/12/06,09:30:00,No,3.0,2.0,-38.35276904,145.7840833,SOUTH GIPPSLAND
T20170023291,Dry,Clear,Collision with a fixed object,Wednesday,Day,80,2017/12/06,08:15:00,No,1.0,1.0,-38.42609854,146.1394176,SOUTH GIPPSLAND
T20170023305,Dry,Clear,Collision with a fixed object,Wednesday,Day,80,2017/12/06,15:41:00,No,1.0,1.0,-36.36545508,145.4318702,GREATER SHEPPARTON
T20170023306,Dry,Clear,Collision with vehicle,Wednesday,Day,50,2017/12/06,12:30:00,No,2.0,1.0,-38.19584511,144.332751,GREATER GEELONG
T20170023310,Wet,Not known,No collision and no object struck,Thursday,Day,100,2017/11/30,15:35:00,No,1.0,1.0,-36.65604015,144.4031218,GREATER BENDIGO
T20170023314,Dry,Clear,Collision with vehicle,Wednesday,Dusk/Dawn,50,2017/12/06,18:23:00,Yes,2.0,1.0,-37.5788387,143.8379709,BALLARAT
T20170023317,Dry,Clear,Struck Pedestrian,Wednesday,Day,999,2017/12/06,15:50:00,No,2.0,1.0,-38.16954016,144.3485802,GREATER GEELONG
T20170023323,Dry,Clear,No collision and no object struck,Wednesday,Day,100,2017/12/06,16:45:00,No,1.0,1.0,-38.74258196,146.1019343,SOUTH GIPPSLAND
T20170023361,Dry,Clear,Collision with vehicle,Thursday,Day,60,2017/12/07,07:55:00,No,2.0,1.0,-37.73467017,142.0366999,SOUTHERN GRAMPIANS
T20170023379,Dry,Clear,Vehicle overturned (no collision),Monday,Day,100,2017/12/04,12:15:00,No,1.0,1.0,-36.29947902,145.0317214,CAMPASPE
T20170023381,Dry,Clear,Collision with vehicle,Thursday,Day,50,2017/12/07,11:50:00,No,2.0,1.0,-38.19422889,146.5334749,LATROBE
T20170023396,Dry,Clear,Collision with vehicle,Thursday,Day,100,2017/12/07,17:15:00,No,2.0,2.0,-38.07959001,147.04966,WELLINGTON
T20170023403,Wet,Raining,Collision with a fixed object,Thursday,Day,100,2017/12/07,17:10:00,No,2.0,2.0,-37.17907001,144.9989398,MITCHELL
T20170023407,Wet,Raining,No collision and no object struck,Thursday,Dusk/Dawn,100,2017/12/07,20:12:00,Yes,1.0,1.0,-37.50441004,144.7858739,MACEDON RANGES
T20170023411,Dry,Clear,Collision with a fixed object,Thursday,Dark No street lights,100,2017/12/07,23:15:00,Yes,1.0,1.0,-38.45559827,143.0667274,CORANGAMITE
T20170023427,Wet,Clear,Vehicle overturned (no collision),Thursday,Dark No street lights,100,2017/12/07,21:00:00,Yes,1.0,1.0,-36.29887996,144.6859698,CAMPASPE
T20170023428,Dry,Clear,Collision with vehicle,Thursday,Day,60,2017/12/07,13:35:00,No,2.0,1.0,-38.17483224,144.337761,GREATER GEELONG
T20170023433,Dry,Clear,Collision with vehicle,Wednesday,Day,60,2017/12/06,16:00:00,No,3.0,1.0,-37.5607071,143.8661704,BALLARAT
T20170023435,Dry,Clear,Struck Pedestrian,Friday,Day,40,2017/12/08,08:30:00,No,2.0,1.0,-38.26751816,144.6558816,QUEENSCLIFFE
T20170023438,Dry,Clear,Collision with vehicle,Tuesday,Day,40,2017/12/05,15:31:00,No,2.0,1.0,-36.77642729,142.2781223,HORSHAM
T20170023440,Dry,Clear,Collision with vehicle,Friday,Day,100,2017/12/08,08:20:00,No,3.0,1.0,-38.20957065,146.5449766,LATROBE
T20170023442,Wet,Raining,Collision with a fixed object,Thursday,Dark No street lights,80,2017/12/07,22:40:00,Yes,1.0,1.0,-37.39666897,144.2472495,HEPBURN
T20170023447,Wet,Raining,Collision with vehicle,Thursday,Day,70,2017/12/07,15:40:00,No,3.0,1.0,-36.14046169,144.7496261,CAMPASPE
T20170023448,Dry,Clear,No collision and no object struck,Friday,Day,50,2017/12/08,11:00:00,No,1.0,1.0,-37.53821723,143.9157219,BALLARAT
T20170023459,Dry,Clear,Collision with vehicle,Friday,Day,100,2017/12/08,14:50:00,No,3.0,2.0,-36.69596624,145.9803378,BENALLA
T20170023463,Dry,Clear,Collision with vehicle,Tuesday,Day,60,2017/11/21,08:25:00,No,4.0,1.0,-38.19914947,144.4907604,GREATER GEELONG
T20170023464,Dry,Clear,Collision with vehicle,Friday,Day,60,2017/12/08,15:40:00,No,3.0,2.0,-37.46915547,144.5945697,MACEDON RANGES
T20170023468,Dry,Clear,Struck Pedestrian,Friday,Day,60,2017/12/08,15:15:00,No,2.0,1.0,-38.1409804,144.3297824,GREATER GEELONG
T20170023473,Dry,Clear,Collision with vehicle,Friday,Day,60,2017/12/08,19:25:00,Yes,3.0,2.0,-36.3588838,146.3183954,WANGARATTA
T20170023479,Dry,Clear,Collision with a fixed object,Friday,Dark No street lights,100,2017/12/08,20:45:00,Yes,1.0,1.0,-37.29710926,144.4181683,MACEDON RANGES
T20170023483,Dry,Clear,Collision with vehicle,Friday,Day,80,2017/12/08,20:00:00,Yes,3.0,3.0,-36.72622014,144.2374803,GREATER BENDIGO
T20170023487,Dry,Clear,Collision with a fixed object,Friday,Dark Street lights on,60,2017/12/08,22:15:00,Yes,1.0,1.0,-38.45614332,145.23031,BASS COAST
T20170023489,Dry,Clear,Collision with a fixed object,Friday,Dark No street lights,80,2017/12/08,23:05:00,Yes,3.0,1.0,-36.37506841,146.3029103,WANGARATTA
T20170023494,Dry,Clear,Collision with vehicle,Friday,Dark No street lights,60,2017/12/08,23:20:00,Yes,6.0,2.0,-38.37728128,142.4695191,WARRNAMBOOL
T20170023505,Dry,Clear,Collision with vehicle,Friday,Day,60,2017/12/08,18:30:00,Yes,6.0,5.0,-37.6871095,143.3647615,CORANGAMITE
T20170023517,Dry,Clear,Collision with vehicle,Saturday,Day,70,2017/12/09,11:55:00,No,3.0,3.0,-37.35704692,144.7437775,MACEDON RANGES
T20170023525,Dry,Clear,Collision with vehicle,Saturday,Day,60,2017/12/09,12:25:00,No,2.0,1.0,-38.47633382,145.9435117,SOUTH GIPPSLAND
T20170023527,Dry,Clear,Collision with a fixed object,Saturday,Day,80,2017/12/09,10:30:00,No,1.0,1.0,-37.8553036,146.1299086,BAW BAW
T20170023529,Dry,Clear,collision with some other object,Saturday,Day,100,2017/12/09,13:35:00,No,7.0,2.0,-38.57160055,145.9761389,SOUTH GIPPSLAND
T20170023530,Dry,Clear,Collision with vehicle,Saturday,Day,100,2017/12/09,14:14:00,Yes,4.0,3.0,-36.36658956,146.3719234,WANGARATTA
T20170023533,Dry,Clear,Collision with a fixed object,Saturday,Day,100,2017/12/09,15:30:00,No,1.0,1.0,-37.47487872,143.9103107,BALLARAT
T20170023535,Dry,Clear,Collision with a fixed object,Saturday,Day,100,2017/12/09,13:45:00,No,2.0,2.0,-37.37586747,147.8096692,EAST GIPPSLAND
T20170023536,Dry,Clear,No collision and no object struck,Saturday,Day,999,2017/12/09,10:20:00,No,1.0,1.0,-37.25340957,145.6123372,MURRINDINDI
T20170023540,Dry,Clear,Collision with vehicle,Saturday,Day,50,2017/12/09,16:00:00,Yes,1.0,1.0,-36.55554111,146.7256947,ALPINE
T20170023541,Dry,Clear,Collision with a fixed object,Saturday,Day,100,2017/12/09,16:51:00,Yes,1.0,1.0,-38.29087587,144.3636208,SURF COAST
T20170023566,Dry,Clear,Collision with vehicle,Sunday,Dark Street lights on,50,2017/12/10,04:05:00,No,2.0,1.0,-38.15150429,144.3672779,GREATER GEELONG
T20170023568,Dry,Clear,Collision with a fixed object,Sunday,Day,60,2017/12/10,07:50:00,No,1.0,1.0,-36.36754093,145.4196359,GREATER SHEPPARTON
T20170023571,Dry,Clear,collision with some other object,Saturday,Day,100,2017/12/09,16:10:00,Yes,8.0,4.0,-36.52115001,144.3803316,GREATER BENDIGO
T20170023577,Dry,Clear,Collision with a fixed object,Sunday,Day,100,2017/12/10,11:25:00,No,1.0,1.0,-36.48952112,144.0055158,LODDON
T20170023582,Dry,Clear,Collision with vehicle,Sunday,Day,100,2017/12/10,13:00:00,No,4.0,1.0,-37.45210214,143.8740266,HEPBURN
T20170023583,Dry,Clear,Collision with vehicle,Sunday,Day,90,2017/12/10,09:27:00,Yes,2.0,1.0,-37.42943163,144.5551279,MACEDON RANGES
T20170023589,Dry,Clear,Collision with a fixed object,Sunday,Day,100,2017/12/10,12:40:00,No,1.0,1.0,-38.76146117,143.48722,COLAC OTWAY