Accident_No,Surface_Cond_Desc,Atmosph_Cond_Desc,Accident_Type_Desc,Day,Light_Condition_Desc,Speed_Zone,Accident_Date,Accident_Time,Alcohol_Influence,Total_Persons_Inv,Inj_Or_Fatal,Lat,Long,LGA
T20170023590,Unknown,Clear,Collision with a fixed object,Sunday,Unknown,100,2017/12/10,05:00:00,Yes,1.0,1.0,-37.70876172,141.8327711,SOUTHERN GRAMPIANS
T20170023593,Dry,Clear,Collision with vehicle,Sunday,Day,100,2017/12/10,15:55:00,No,3.0,3.0,-38.11289582,144.2643519,GOLDEN PLAINS
T20170023604,Dry,Clear,Collision with vehicle,Sunday,Day,50,2017/12/10,20:00:00,Yes,2.0,1.0,-37.05794841,142.7814279,NORTHERN GRAMPIANS
T20170023606,Dry,Clear,Collision with vehicle,Sunday,Day,60,2017/12/10,17:35:00,Yes,4.0,1.0,-37.27748476,144.7367073,MACEDON RANGES
T20170023607,Dry,Clear,Collision with vehicle,Sunday,Day,70,2017/12/10,13:00:00,No,3.0,3.0,-37.63955083,143.884523,BALLARAT
T20170023620,Dry,Clear,Collision with vehicle,Monday,Dark No street lights,50,2017/12/11,01:15:00,Yes,2.0,1.0,-38.06518978,144.3791995,GREATER GEELONG
T20170023648,Dry,Not known,Struck Pedestrian,Sunday,Unknown,50,2017/12/10,17:45:00,No,2.0,1.0,-38.07179696,144.3390727,GREATER GEELONG
T20170023650,Dry,Clear,Collision with vehicle,Monday,Day,60,2017/12/11,11:50:00,No,2.0,1.0,-38.09892137,146.9771876,WELLINGTON
T20170023651,Dry,Clear,Collision with a fixed object,Sunday,Dark No street lights,100,2017/12/10,21:00:00,Yes,2.0,2.0,-37.16504273,143.6639092,CENTRAL GOLDFIELDS
T20170023659,Dry,Clear,Collision with vehicle,Monday,Day,60,2017/12/11,15:15:00,No,2.0,1.0,-38.16282307,145.9283637,BAW BAW
T20170023661,Dry,Clear,Collision with a fixed object,Monday,Day,100,2017/12/11,13:05:00,No,2.0,2.0,-37.17279105,142.5941284,ARARAT
T20170023668,Dry,Clear,Collision with a fixed object,Monday,Day,50,2017/12/11,17:55:00,No,1.0,1.0,-37.60392964,143.8664391,BALLARAT
T20170023669,Dry,Clear,Struck Pedestrian,Monday,Day,60,2017/12/11,17:39:00,No,5.0,1.0,-36.37224719,145.4011378,GREATER SHEPPARTON
T20170023672,Dry,Clear,Struck animal,Saturday,Dark No street lights,100,2017/11/18,00:45:00,Yes,1.0,1.0,-37.81423978,144.1941737,GOLDEN PLAINS
T20170023681,Dry,Clear,Collision with vehicle,Monday,Day,50,2017/12/11,19:20:00,Yes,2.0,1.0,-36.13992138,146.8647682,WODONGA
T20170023703,Dry,Clear,Collision with a fixed object,Monday,Dark No street lights,100,2017/12/11,21:55:00,Yes,1.0,1.0,-38.36865946,145.7572799,SOUTH GIPPSLAND
T20170023706,Dry,Clear,Collision with vehicle,Sunday,Day,100,2017/12/10,19:00:00,Yes,4.0,1.0,-38.06508978,144.3378794,GREATER GEELONG
T20170023707,Dry,Clear,Collision with vehicle,Tuesday,Day,50,2017/12/12,08:38:00,No,4.0,1.0,-37.57487325,143.8402517,BALLARAT
T20170023711,Dry,Clear,Collision with vehicle,Tuesday,Day,100,2017/12/12,08:45:00,No,2.0,2.0,-38.52175221,145.430967,BASS COAST
T20170023716,Dry,Not known,Collision with vehicle,Monday,Day,40,2017/12/11,08:45:00,Yes,2.0,1.0,-36.72413984,144.2580607,GREATER BENDIGO
T20170023719,Dry,Clear,Collision with vehicle,Tuesday,Day,80,2017/12/12,11:00:00,No,4.0,4.0,-36.39190103,145.4447196,GREATER SHEPPARTON
T20170023723,Dry,Clear,Vehicle overturned (no collision),Tuesday,Day,100,2017/12/12,06:15:00,No,2.0,1.0,-37.48465873,141.3559206,GLENELG
T20170023725,Dry,Clear,Collision with vehicle,Saturday,Dark Street lights on,60,2017/12/09,21:30:00,Yes,5.0,3.0,-37.53891024,143.8222955,BALLARAT
T20170023734,Dry,Clear,Collision with a fixed object,Monday,Dusk/Dawn,60,2017/12/11,19:00:00,Yes,1.0,1.0,-38.09015973,144.3506578,GREATER GEELONG
T20170023748,Dry,Clear,Collision with vehicle,Tuesday,Day,60,2017/12/12,13:35:00,No,4.0,3.0,-36.67265951,144.3241594,GREATER BENDIGO
T20170023773,Dry,Clear,Collision with vehicle,Tuesday,Day,60,2017/12/12,17:50:00,No,2.0,1.0,-38.23819248,146.3944893,LATROBE
T20170023774,Dry,Clear,Vehicle overturned (no collision),Tuesday,Day,999,2017/12/12,17:42:00,No,1.0,1.0,-38.27227792,147.2757838,WELLINGTON
T20170023783,Dry,Clear,Collision with vehicle,Wednesday,Day,60,2017/12/13,08:15:00,No,3.0,1.0,-38.06020691,144.3582016,GREATER GEELONG
T20170023795,Dry,Clear,Collision with vehicle,Wednesday,Day,60,2017/12/13,10:43:00,No,2.0,1.0,-36.1203422,146.8580796,WODONGA
T20170023799,Unknown,Not known,Vehicle overturned (no collision),Friday,Day,100,2017/09/22,15:00:00,No,1.0,1.0,-36.77905067,143.8468534,LODDON
T20170023800,Dry,Clear,Collision with vehicle,Tuesday,Day,50,2017/12/12,09:30:00,No,1.0,1.0,-37.56082857,143.846693,BALLARAT
T20170023806,Dry,Clear,Collision with vehicle,Wednesday,Day,60,2017/12/13,14:55:00,No,2.0,1.0,-38.3515016,143.569297,COLAC OTWAY
T20170023815,Dry,Clear,Collision with vehicle,Wednesday,Day,80,2017/12/13,17:30:00,No,3.0,1.0,-38.17460997,144.4609,GREATER GEELONG
T20170023819,Unknown,Not known,Collision with vehicle,Wednesday,Unknown,60,2017/12/13,08:40:00,No,2.0,1.0,-38.15764773,144.3644727,GREATER GEELONG
T20170023827,Dry,Clear,Collision with a fixed object,Wednesday,Day,80,2017/12/13,17:00:00,No,4.0,4.0,-37.61600115,143.6762026,GOLDEN PLAINS
T20170023835,Dry,Clear,Collision with a fixed object,Wednesday,Day,110,2017/12/13,17:00:00,No,1.0,1.0,-36.37964752,146.3679155,WANGARATTA
T20170023846,Dry,Clear,Collision with a fixed object,Thursday,Dark No street lights,100,2017/12/14,02:20:00,Yes,1.0,1.0,-38.42594023,145.45883,BASS COAST
T20170023854,Dry,Clear,Vehicle overturned (no collision),Wednesday,Dark No street lights,100,2017/12/06,23:55:00,Yes,1.0,1.0,-36.64337894,147.187,ALPINE
T20170023855,Dry,Clear,Struck Pedestrian,Thursday,Day,50,2017/12/14,09:00:00,No,2.0,2.0,-37.06206751,142.7697316,NORTHERN GRAMPIANS
T20170023858,Dry,Clear,Struck Pedestrian,Monday,Day,60,2017/11/27,14:50:00,No,2.0,1.0,-36.74061668,144.2588281,GREATER BENDIGO
T20170023859,Dry,Clear,Collision with vehicle,Thursday,Day,40,2017/12/14,08:25:00,No,2.0,1.0,-37.61150321,143.8707221,BALLARAT
T20170023872,Dry,Clear,Collision with vehicle,Monday,Day,80,2017/12/11,06:40:00,No,2.0,1.0,-37.77674861,144.4363589,MOORABOOL
T20170023878,Dry,Clear,Collision with vehicle,Thursday,Day,80,2017/12/14,07:35:00,No,2.0,2.0,-38.0988486,144.3552524,GREATER GEELONG
T20170023880,Dry,Clear,Collision with vehicle,Thursday,Day,100,2017/12/14,10:37:00,No,3.0,1.0,-34.16827137,142.0175165,MILDURA
T20170023881,Unknown,Not known,Collision with vehicle,Thursday,Day,40,2017/12/14,07:30:00,No,2.0,1.0,-37.54344798,143.8316704,BALLARAT
T20170023883,Dry,Clear,Collision with vehicle,Thursday,Day,60,2017/12/14,12:50:00,No,4.0,3.0,-38.23360902,143.1460128,CORANGAMITE
T20170023900,Dry,Clear,Collision with vehicle,Tuesday,Day,100,2017/12/12,16:55:00,No,2.0,2.0,-38.40278906,143.0024289,CORANGAMITE
T20170023902,Dry,Clear,Vehicle overturned (no collision),Thursday,Day,100,2017/12/14,16:25:00,No,2.0,2.0,-37.06265305,144.0579092,MOUNT ALEXANDER
T20170023908,Dry,Clear,Collision with vehicle,Thursday,Day,100,2017/12/14,11:00:00,No,2.0,2.0,-38.2937759,144.0263208,SURF COAST
T20170023934,Dry,Clear,Collision with vehicle,Thursday,Day,80,2017/12/14,15:50:00,No,7.0,5.0,-38.1795632,144.5032793,GREATER GEELONG
T20170023935,Dry,Clear,Collision with vehicle,Monday,Day,100,2017/05/08,13:55:00,No,2.0,1.0,-38.34508656,143.4564228,COLAC OTWAY
T20170023947,Dry,Clear,No collision and no object struck,Tuesday,Day,999,2017/12/12,09:40:00,No,1.0,1.0,-37.3706204,144.1214514,HEPBURN
T20170023964,Dry,Clear,Collision with a fixed object,Friday,Day,110,2017/12/15,07:55:00,No,5.0,5.0,-35.08909079,142.1715513,MILDURA
T20170023968,Dry,Clear,Collision with a fixed object,Friday,Day,100,2017/12/15,14:15:00,No,1.0,1.0,-35.96744002,141.9971777,HINDMARSH
T20170023983,Dry,Clear,Vehicle overturned (no collision),Friday,Day,100,2017/12/15,19:40:00,Yes,1.0,1.0,-36.88316886,144.7478083,GREATER BENDIGO
T20170023989,Dry,Clear,Collision with a fixed object,Friday,Dark No street lights,100,2017/12/15,21:10:00,Yes,1.0,1.0,-38.21882557,143.0435408,CORANGAMITE
T20170023990,Dry,Clear,No collision and no object struck,Friday,Dusk/Dawn,100,2017/12/15,19:52:00,Yes,6.0,6.0,-37.99421941,142.6147602,MOYNE
T20170023993,Dry,Clear,Collision with vehicle,Friday,Dark No street lights,100,2017/12/15,22:49:00,Yes,3.0,2.0,-37.308503,143.0122102,ARARAT
T20170023994,Dry,Clear,Collision with vehicle,Friday,Dark Street lights on,70,2017/12/15,22:47:00,Yes,2.0,1.0,-38.16972623,145.9039913,BAW BAW
T20170023996,Dry,Clear,Collision with vehicle,Saturday,Dusk/Dawn,60,2017/12/16,06:40:00,Yes,2.0,1.0,-37.59286014,143.8314112,BALLARAT
T20170023999,Dry,Clear,Collision with vehicle,Friday,Day,40,2017/12/08,15:20:00,No,3.0,1.0,-36.72093991,144.2617201,GREATER BENDIGO
T20170024004,Dry,Clear,Struck Pedestrian,Saturday,Day,60,2017/12/16,10:50:00,No,2.0,1.0,-37.54142006,143.8588188,BALLARAT
T20170024006,Dry,Clear,Struck animal,Saturday,Day,100,2017/12/16,08:50:00,No,1.0,1.0,-36.99150614,143.6159307,CENTRAL GOLDFIELDS
T20170024007,Dry,Clear,Collision with vehicle,Saturday,Day,60,2017/12/16,07:00:00,Yes,2.0,1.0,-38.13808654,145.8554381,BAW BAW
T20170024017,Dry,Clear,Collision with vehicle,Saturday,Day,60,2017/12/16,12:20:00,No,3.0,2.0,-38.16136747,145.9395422,BAW BAW
T20170024023,Dry,Clear,Collision with vehicle,Saturday,Day,60,2017/12/16,12:26:00,No,2.0,1.0,-38.1528045,144.3723981,GREATER GEELONG
T20170024025,Dry,Clear,Collision with vehicle,Saturday,Day,80,2017/12/16,11:40:00,No,3.0,1.0,-38.73061008,143.5815954,COLAC OTWAY
T20170024026,Dry,Clear,Collision with vehicle,Friday,Day,60,2017/12/15,16:30:00,Yes,2.0,1.0,-38.18159339,146.2543821,LATROBE
T20170024030,Dry,Clear,Collision with vehicle,Friday,Day,60,2017/12/15,10:40:00,No,2.0,1.0,-36.3849402,145.3549697,GREATER SHEPPARTON
T20170024031,Dry,Clear,Collision with vehicle,Saturday,Day,60,2017/12/16,15:30:00,Yes,3.0,2.0,-36.72304957,142.2049392,HORSHAM
T20170024038,Dry,Clear,Collision with vehicle,Saturday,Day,100,2017/12/16,14:00:00,Yes,6.0,2.0,-37.66283839,148.8003765,EAST GIPPSLAND
T20170024040,Dry,Clear,Collision with vehicle,Friday,Dusk/Dawn,50,2017/12/15,20:15:00,Yes,2.0,1.0,-36.01849401,146.0054561,MOIRA
T20170024047,Dry,Clear,Collision with vehicle,Saturday,Day,100,2017/12/16,16:40:00,Yes,2.0,1.0,-37.47877781,144.5463507,MACEDON RANGES
T20170024049,Dry,Clear,Collision with vehicle,Saturday,Day,100,2017/12/16,19:25:00,Yes,5.0,4.0,-38.79259871,143.4749219,COLAC OTWAY
T20170024051,Dry,Clear,Vehicle overturned (no collision),Saturday,Dark No street lights,100,2017/12/16,00:00:00,Yes,1.0,1.0,-37.49130572,148.17785,EAST GIPPSLAND
T20170024063,Dry,Clear,Collision with a fixed object,Monday,Dark No street lights,100,2017/12/11,04:40:00,Yes,1.0,1.0,-37.46421012,143.9448095,HEPBURN
T20170024069,Dry,Clear,Collision with vehicle,Saturday,Dark Street lights on,50,2017/12/16,05:30:00,Yes,2.0,1.0,-36.37956196,145.403741,GREATER SHEPPARTON
T20170024071,Dry,Clear,Struck Pedestrian,Sunday,Day,50,2017/12/17,09:15:00,Yes,2.0,1.0,-36.00826965,146.0044897,MOIRA
T20170024072,Dry,Clear,Collision with a fixed object,Friday,Day,100,2017/12/15,08:15:00,No,1.0,1.0,-37.94468997,145.9565903,BAW BAW
T20170024075,Dry,Clear,Vehicle overturned (no collision),Sunday,Day,110,2017/12/17,11:03:00,No,1.0,1.0,-38.18932805,146.282423,LATROBE
T20170024079,Dry,Clear,Vehicle overturned (no collision),Friday,Day,60,2017/12/15,17:00:00,Yes,1.0,1.0,-37.84991758,146.0455218,BAW BAW
T20170024080,Dry,Clear,Collision with a fixed object,Saturday,Day,60,2017/12/16,16:20:00,Yes,1.0,1.0,-36.12684999,147.99816,TOWONG
T20170024081,Dry,Clear,Collision with a fixed object,Sunday,Day,100,2017/12/17,11:00:00,No,1.0,1.0,-36.91318641,144.332353,GREATER BENDIGO
T20170024093,Dry,Clear,Vehicle overturned (no collision),Thursday,Dark No street lights,100,2017/11/23,21:30:00,Yes,1.0,1.0,-38.16846075,145.7210506,BAW BAW
T20170024097,Dry,Clear,Collision with vehicle,Sunday,Day,60,2017/12/17,14:45:00,No,2.0,1.0,-36.38613466,145.4243722,GREATER SHEPPARTON
T20170024100,Dry,Clear,Vehicle overturned (no collision),Sunday,Day,100,2017/12/17,11:45:00,No,1.0,1.0,-38.52124124,142.8115498,MOYNE
T20170024103,Dry,Clear,Fall from or in moving vehicle,Sunday,Day,40,2017/12/17,12:15:00,No,1.0,1.0,-34.19795801,142.2148577,MILDURA
T20170024109,Dry,Clear,Collision with a fixed object,Sunday,Day,80,2017/12/17,16:40:00,No,1.0,1.0,-37.88839219,146.0385123,BAW BAW
T20170024118,Dry,Clear,Vehicle overturned (no collision),Sunday,Day,100,2017/12/17,16:39:00,Yes,2.0,2.0,-35.37166386,143.4540965,SWAN HILL
T20170024122,Dry,Clear,Collision with a fixed object,Sunday,Dark No street lights,100,2017/12/17,22:45:00,Yes,1.0,1.0,-37.99371974,144.1145272,GOLDEN PLAINS
T20170024133,Dry,Clear,No collision and no object struck,Sunday,Day,100,2017/12/17,08:30:00,Yes,1.0,1.0,-36.36956247,146.6482457,INDIGO
T20170024135,Dry,Clear,Collision with vehicle,Monday,Day,100,2017/12/18,07:30:00,No,4.0,1.0,-36.32725581,144.0967455,LODDON
T20170024160,Dry,Clear,Collision with vehicle,Saturday,Day,40,2017/12/02,12:00:00,No,2.0,1.0,-38.32598444,144.3175731,SURF COAST
T20170024164,Dry,Clear,Collision with vehicle,Friday,Day,60,2017/12/15,09:05:00,No,3.0,2.0,-36.37842251,141.2383893,WEST WIMMERA
T20170024166,Dry,Clear,Collision with vehicle,Monday,Day,100,2017/12/18,13:10:00,No,2.0,2.0,-36.77173172,144.3521107,GREATER BENDIGO
T20170024175,Dry,Clear,Collision with vehicle,Monday,Day,100,2017/12/18,15:45:00,No,2.0,1.0,-38.28365662,142.6012086,MOYNE
T20170024187,Dry,Clear,Collision with vehicle,Monday,Day,100,2017/12/18,16:10:00,No,2.0,2.0,-36.3314096,145.399731,GREATER SHEPPARTON
T20170024193,Dry,Clear,Collision with a fixed object,Monday,Day,60,2017/12/18,14:50:00,No,1.0,1.0,-34.18824667,142.148753,MILDURA
T20170024214,Dry,Clear,Collision with vehicle,Tuesday,Day,80,2017/12/19,10:45:00,No,2.0,1.0,-38.69656082,143.7058431,COLAC OTWAY
T20170024215,Dry,Clear,Collision with a fixed object,Tuesday,Day,100,2017/12/19,10:15:00,No,1.0,1.0,-37.89077891,142.3892806,SOUTHERN GRAMPIANS
T20170024219,Dry,Clear,Collision with a fixed object,Tuesday,Day,50,2017/12/19,11:40:00,No,1.0,1.0,-35.91986046,145.64882,MOIRA
T20170024225,Dry,Clear,Collision with vehicle,Tuesday,Day,60,2017/12/19,12:00:00,No,1.0,1.0,-38.14961979,144.3527301,GREATER GEELONG
T20170024227,Dry,Clear,Collision with vehicle,Tuesday,Day,50,2017/12/19,10:50:00,No,2.0,1.0,-38.13988437,144.3484471,GREATER GEELONG
T20170024229,Dry,Clear,Collision with vehicle,Tuesday,Day,100,2017/12/19,10:34:00,No,5.0,5.0,-38.21283099,144.1807652,SURF COAST
T20170024230,Dry,Clear,Collision with vehicle,Tuesday,Day,60,2017/12/19,13:10:00,No,3.0,2.0,-38.08882156,144.3667221,GREATER GEELONG
T20170024233,Dry,Clear,No collision and no object struck,Tuesday,Day,60,2017/12/19,09:28:00,No,4.0,1.0,-36.83934316,147.2343853,ALPINE
T20170024237,Dry,Clear,Vehicle overturned (no collision),Tuesday,Day,100,2017/12/19,14:16:00,No,2.0,1.0,-38.5546577,143.0159875,CORANGAMITE
T20170024244,Dry,Clear,Collision with vehicle,Tuesday,Day,100,2017/12/19,16:00:00,No,2.0,2.0,-38.32803935,142.3984954,MOYNE
T20170024250,Dry,Clear,Collision with a fixed object,Tuesday,Day,60,2017/12/19,14:50:00,No,1.0,1.0,-36.23502023,147.2594226,TOWONG
T20170024251,Dry,Clear,Collision with vehicle,Tuesday,Day,100,2017/12/19,16:30:00,No,2.0,1.0,-36.43797131,146.2479026,WANGARATTA
T20170024266,Dry,Clear,Collision with vehicle,Tuesday,Day,110,2017/12/19,18:15:00,Yes,4.0,3.0,-36.95228,145.1435353,MITCHELL
T20170024268,Dry,Clear,Collision with vehicle,Tuesday,Day,50,2017/12/19,20:05:00,Yes,1.0,1.0,-38.08526908,144.3506121,GREATER GEELONG
T20170024270,Dry,Clear,Vehicle overturned (no collision),Tuesday,Day,50,2017/12/19,14:00:00,No,2.0,1.0,-36.74676153,144.3041797,GREATER BENDIGO
T20170024276,Dry,Clear,Vehicle overturned (no collision),Saturday,Day,100,2017/12/16,13:29:00,No,1.0,1.0,-37.5089798,145.8765494,LAKE MOUNTAIN ALPINE RESORT (UNINC)
T20170024283,Wet,Raining,Collision with a fixed object,Tuesday,Dark No street lights,100,2017/12/19,23:52:00,Yes,4.0,2.0,-36.67796901,144.2630972,GREATER BENDIGO
T20170024286,Dry,Clear,Collision with a fixed object,Sunday,Day,60,2017/12/17,09:20:00,Yes,1.0,1.0,-38.1677842,144.7174204,GREATER GEELONG
T20170024288,Wet,Raining,Collision with a fixed object,Tuesday,Day,100,2017/12/19,18:10:00,Yes,3.0,3.0,-38.66846679,146.2245703,SOUTH GIPPSLAND
T20170024294,Dry,Clear,Struck Pedestrian,Tuesday,Day,50,2017/12/19,17:00:00,No,2.0,1.0,-38.26621413,144.5431428,GREATER GEELONG
T20170024300,Dry,Clear,Collision with vehicle,Tuesday,Dark Street lights on,50,2017/12/19,22:00:00,Yes,7.0,1.0,-34.17090435,142.1528676,MILDURA
T20170024305,Dry,Clear,Collision with vehicle,Wednesday,Day,60,2017/12/20,12:20:00,No,4.0,2.0,-37.48866074,144.9663723,MITCHELL
T20170024316,Dry,Clear,Collision with vehicle,Saturday,Day,60,2017/11/25,13:05:00,No,2.0,2.0,-38.10156052,144.3451744,GREATER GEELONG
T20170024320,Dry,Clear,Collision with vehicle,Wednesday,Day,100,2017/12/20,12:45:00,No,6.0,1.0,-38.67233154,143.1251769,CORANGAMITE
T20170024335,Dry,Clear,Struck Pedestrian,Wednesday,Day,50,2017/12/20,15:25:00,No,2.0,1.0,-38.34772,144.2957908,SURF COAST
T20170024341,Wet,Raining,Collision with a fixed object,Wednesday,Day,110,2017/12/20,17:45:00,No,2.0,2.0,-37.36771964,145.0206662,MITCHELL
T20170024342,Dry,Clear,No collision and no object struck,Wednesday,Day,100,2017/12/20,17:30:00,No,1.0,1.0,-37.55682936,149.3538386,EAST GIPPSLAND
T20170024343,Dry,Clear,Collision with vehicle,Wednesday,Day,50,2017/12/20,18:30:00,Yes,2.0,1.0,-38.38659368,142.5115047,WARRNAMBOOL
T20170024371,Dry,Clear,Struck Pedestrian,Thursday,Day,50,2017/12/21,10:30:00,No,2.0,1.0,-36.38162118,145.4033339,GREATER SHEPPARTON
T20170024381,Dry,Clear,Collision with vehicle,Thursday,Day,100,2017/12/21,11:00:00,No,3.0,1.0,-37.4148321,143.9316624,HEPBURN
T20170024388,Dry,Clear,Collision with vehicle,Thursday,Day,50,2017/12/21,13:20:00,No,3.0,2.0,-37.53582365,143.8228564,BALLARAT
T20170024389,Dry,Clear,Collision with vehicle,Thursday,Day,100,2017/12/21,12:19:00,No,4.0,4.0,-36.65015027,144.5228121,GREATER BENDIGO
T20170024414,Dry,Clear,Collision with vehicle,Thursday,Day,80,2017/12/21,18:45:00,Yes,4.0,3.0,-38.57618817,143.9516092,SURF COAST
T20170024417,Dry,Clear,Collision with vehicle,Monday,Dark Street lights on,60,2017/12/18,22:00:00,Yes,2.0,1.0,-37.58739658,143.8259879,BALLARAT
T20170024426,Dry,Clear,Vehicle overturned (no collision),Friday,Dark No street lights,110,2017/12/22,00:20:00,Yes,1.0,1.0,-37.59114436,144.1813307,MOORABOOL
T20170024429,Dry,Clear,Collision with vehicle,Friday,Dark No street lights,110,2017/12/22,00:05:00,Yes,3.0,1.0,-38.2060467,146.3069392,LATROBE
T20170024433,Dry,Clear,No collision and no object struck,Sunday,Day,100,2017/12/10,10:30:00,No,1.0,1.0,-38.24390929,146.2825481,LATROBE
T20170024434,Dry,Clear,Collision with vehicle,Wednesday,Day,50,2017/12/20,09:00:00,No,2.0,1.0,-36.35667933,146.3243898,WANGARATTA
T20170024438,Dry,Clear,Collision with vehicle,Thursday,Day,70,2017/12/21,17:00:00,No,4.0,1.0,-38.1978468,144.3171069,GREATER GEELONG
T20170024443,Dry,Clear,Collision with a fixed object,Friday,Day,60,2017/12/22,10:59:00,No,2.0,1.0,-38.16797477,144.3724698,GREATER GEELONG
T20170024451,Dry,Clear,collision with some other object,Sunday,Dark No street lights,100,2017/12/17,01:50:00,Yes,2.0,2.0,-36.77250916,144.3744899,GREATER BENDIGO
T20170024452,Dry,Clear,Collision with vehicle,Friday,Day,100,2017/12/22,07:55:00,No,3.0,1.0,-38.345901,143.1636095,CORANGAMITE
T20170024464,Dry,Clear,Collision with a fixed object,Friday,Day,110,2017/12/22,15:38:00,No,3.0,3.0,-36.40526158,146.2840005,WANGARATTA
T20170024467,Dry,Clear,Collision with vehicle,Friday,Day,100,2017/12/22,10:15:00,No,2.0,2.0,-36.84198924,144.3122504,GREATER BENDIGO
T20170024474,Dry,Clear,Collision with a fixed object,Friday,Day,100,2017/12/22,18:20:00,Yes,1.0,1.0,-37.45760788,144.1601797,MOORABOOL
T20170024488,Dry,Clear,Collision with vehicle,Friday,Dark Street lights on,50,2017/12/22,22:15:00,Yes,1.0,1.0,-38.36218303,141.6070295,GLENELG
T20170024501,Dry,Clear,Struck Pedestrian,Wednesday,Day,50,2017/12/20,13:15:00,No,2.0,1.0,-36.12863015,144.7519482,CAMPASPE
T20170024507,Dry,Clear,Collision with vehicle,Saturday,Day,60,2017/12/23,10:10:00,No,6.0,1.0,-38.17473944,146.2571917,LATROBE
T20170024512,Dry,Clear,Collision with vehicle,Saturday,Day,60,2017/12/23,11:42:00,No,2.0,1.0,-37.56432227,143.8406318,BALLARAT
T20170024521,Dry,Clear,Collision with a fixed object,Saturday,Day,100,2017/12/23,14:53:00,Yes,1.0,1.0,-36.93339333,146.2167192,MANSFIELD
T20170024532,Dry,Clear,Collision with a fixed object,Saturday,Day,100,2017/12/23,13:20:00,No,2.0,1.0,-38.71230075,143.3927567,COLAC OTWAY
T20170024535,Dry,Clear,Collision with a fixed object,Saturday,Day,60,2017/12/23,18:05:00,Yes,2.0,2.0,-38.1424506,145.9433605,BAW BAW
T20170024551,Dry,Clear,Collision with vehicle,Saturday,Day,100,2017/12/23,16:46:00,Yes,3.0,3.0,-36.56841875,142.8397897,NORTHERN GRAMPIANS
T20170024554,Dry,Clear,Collision with a fixed object,Saturday,Day,100,2017/12/23,17:49:00,Yes,1.0,1.0,-38.10066016,145.7436,BAW BAW
T20170024558,Dry,Clear,Collision with vehicle,Saturday,Day,100,2017/12/23,17:50:00,Yes,10.0,10.0,-34.29097364,142.1856315,MILDURA
T20170024559,Dry,Clear,Collision with vehicle,Saturday,Day,80,2017/12/09,14:25:00,No,2.0,1.0,-37.55149864,143.9304067,BALLARAT
T20170024562,Wet,Clear,Collision with a fixed object,Saturday,Dark No street lights,100,2017/12/23,23:20:00,Yes,1.0,1.0,-37.80649962,148.0407296,EAST GIPPSLAND
T20170024563,Dry,Clear,Collision with a fixed object,Saturday,Day,110,2017/12/23,09:30:00,No,3.0,1.0,-36.83322948,145.3854498,STRATHBOGIE
T20170024566,Dry,Clear,Collision with vehicle,Saturday,Day,50,2017/12/23,09:05:00,No,2.0,1.0,-38.52822419,145.3389001,BASS COAST
T20170024579,Dry,Clear,Collision with vehicle,Sunday,Day,60,2017/12/24,10:30:00,No,3.0,3.0,-37.64724591,143.8743241,BALLARAT
T20170024584,Dry,Clear,Collision with a fixed object,Saturday,Day,80,2017/12/23,13:30:00,No,5.0,5.0,-37.50515918,143.6949407,BALLARAT
T20170024585,Dry,Clear,Collision with vehicle,Sunday,Day,60,2017/12/24,13:40:00,No,2.0,2.0,-38.33571793,143.6060894,COLAC OTWAY
T20170024586,Dry,Clear,Collision with a fixed object,Sunday,Dark No street lights,100,2017/12/24,00:30:00,Yes,1.0,1.0,-37.96532093,144.406502,GREATER GEELONG
T20170024591,Dry,Clear,Vehicle overturned (no collision),Sunday,Day,100,2017/12/24,11:35:00,No,1.0,1.0,-37.52032875,145.7937788,MURRINDINDI
T20170024593,Dry,Clear,Struck animal,Saturday,Dusk/Dawn,100,2017/12/23,20:25:00,Yes,1.0,1.0,-36.86427904,145.7222191,STRATHBOGIE
T20170024597,Dry,Clear,Collision with vehicle,Sunday,Day,100,2017/12/24,16:55:00,Yes,5.0,3.0,-34.18847,142.0585644,MILDURA
T20170024604,Dry,Clear,Collision with vehicle,Sunday,Day,100,2017/12/24,18:55:00,Yes,7.0,7.0,-38.39056371,143.7832119,COLAC OTWAY
T20170024614,Dry,Clear,Collision with a fixed object,Monday,Dark No street lights,100,2017/12/25,02:50:00,Yes,1.0,1.0,-37.77587099,142.1319212,SOUTHERN GRAMPIANS
T20170024617,Dry,Clear,Collision with vehicle,Monday,Day,60,2017/12/25,08:19:00,No,2.0,1.0,-38.20150133,146.5445509,LATROBE
T20170024618,Dry,Clear,Collision with vehicle,Monday,Day,100,2017/12/25,10:20:00,No,2.0,1.0,-36.3986813,144.9319428,CAMPASPE
T20170024628,Dry,Clear,No collision and no object struck,Monday,Day,60,2017/12/25,13:40:00,No,5.0,2.0,-38.68241278,143.3856085,COLAC OTWAY
T20170024631,Dry,Clear,Collision with vehicle,Monday,Day,80,2017/12/25,16:15:00,No,6.0,3.0,-38.73704095,143.2507827,CORANGAMITE
T20170024632,Dry,Clear,Collision with vehicle,Monday,Day,50,2017/12/25,17:00:00,No,3.0,2.0,-37.56112572,143.8519107,BALLARAT
T20170024639,Dry,Clear,Collision with vehicle,Monday,Dusk/Dawn,60,2017/12/25,20:00:00,Yes,3.0,2.0,-38.18252983,144.4656987,GREATER GEELONG
T20170024641,Dry,Clear,Collision with vehicle,Monday,Day,50,2017/12/25,19:12:00,Yes,5.0,4.0,-38.188486,146.2487437,LATROBE
T20170024642,Dry,Clear,Collision with vehicle,Monday,Day,60,2017/12/25,18:30:00,Yes,3.0,3.0,-38.45615488,145.2484035,BASS COAST
T20170024668,Unknown,Clear,Collision with vehicle,Sunday,Day,40,2017/12/24,12:10:00,No,4.0,1.0,-38.17115845,144.3468763,GREATER GEELONG