Accident_No,Surface_Cond_Desc,Atmosph_Cond_Desc,Accident_Type_Desc,Day,Light_Condition_Desc,Speed_Zone,Accident_Date,Accident_Time,Alcohol_Influence,Total_Persons_Inv,Inj_Or_Fatal,Lat,Long,LGA
T20170024669,Dry,Clear,Collision with vehicle,Thursday,Day,60,2017/12/14,15:30:00,No,4.0,1.0,-38.1609488,146.368755,LATROBE
T20170024677,Dry,Clear,Collision with vehicle,Tuesday,Day,100,2017/12/26,11:10:00,No,3.0,3.0,-37.13082982,144.7042896,MACEDON RANGES
T20170024678,Dry,Clear,Collision with vehicle,Tuesday,Day,80,2017/12/26,09:20:00,No,2.0,2.0,-38.20943136,144.5107189,GREATER GEELONG
T20170024679,Dry,Clear,Collision with vehicle,Tuesday,Day,100,2017/12/26,12:30:00,No,6.0,2.0,-36.01355316,144.4569504,CAMPASPE
T20170024681,Dry,Clear,Collision with a fixed object,Tuesday,Day,100,2017/12/26,12:00:00,No,3.0,2.0,-36.76296023,143.8321912,LODDON
T20170024688,Dry,Clear,Collision with vehicle,Tuesday,Day,100,2017/12/26,10:50:00,No,4.0,4.0,-38.39056371,143.7832119,COLAC OTWAY
T20170024690,Dry,Clear,Collision with vehicle,Tuesday,Day,100,2017/12/26,15:55:00,No,2.0,2.0,-38.17114643,146.9696002,WELLINGTON
T20170024691,Dry,Clear,No collision and no object struck,Thursday,Dusk/Dawn,60,2017/12/21,19:30:00,Yes,1.0,1.0,-36.78655983,144.3029092,GREATER BENDIGO
T20170024693,Dry,Clear,Collision with vehicle,Tuesday,Day,100,2017/12/26,17:00:00,No,5.0,3.0,-38.51993018,145.4334502,BASS COAST
T20170024695,Dry,Clear,Struck Pedestrian,Tuesday,Day,50,2017/12/26,18:55:00,Yes,3.0,1.0,-36.1243574,144.7485954,CAMPASPE
T20170024696,Dry,Clear,Collision with a fixed object,Tuesday,Day,80,2017/12/26,19:50:00,Yes,5.0,2.0,-38.64174076,145.6020789,BASS COAST
T20170024697,Dry,Clear,Collision with vehicle,Tuesday,Day,60,2017/12/26,18:21:00,Yes,2.0,1.0,-34.23141728,142.1658857,MILDURA
T20170024701,Dry,Clear,Collision with a fixed object,Tuesday,Day,80,2017/12/26,15:15:00,No,1.0,1.0,-37.45246705,144.5794108,MACEDON RANGES
T20170024704,Dry,Clear,Collision with vehicle,Tuesday,Day,50,2017/12/26,20:35:00,Yes,4.0,2.0,-38.38331953,142.5193512,WARRNAMBOOL
T20170024715,Dry,Clear,Collision with a fixed object,Sunday,Day,100,2017/12/24,16:30:00,Yes,2.0,2.0,-36.44081179,145.56166,GREATER SHEPPARTON
T20170024717,Dry,Clear,Collision with vehicle,Tuesday,Dusk/Dawn,50,2017/12/26,21:00:00,Yes,3.0,1.0,-37.87892132,147.9856794,EAST GIPPSLAND
T20170024718,Dry,Clear,Collision with vehicle,Friday,Day,50,2017/12/15,19:30:00,Yes,2.0,1.0,-37.55787412,143.8419918,BALLARAT
T20170024719,Dry,Clear,Collision with vehicle,Saturday,Day,100,2017/11/18,14:00:00,Yes,2.0,1.0,-38.79996685,143.4820072,COLAC OTWAY
T20170024721,Dry,Clear,Collision with vehicle,Wednesday,Day,50,2017/12/27,11:00:00,No,2.0,1.0,-38.15556911,144.3654123,GREATER GEELONG
T20170024723,Dry,Clear,Collision with a fixed object,Sunday,Day,100,2017/12/24,18:05:00,No,2.0,2.0,-37.80140952,147.6665562,EAST GIPPSLAND
T20170024724,Dry,Clear,Collision with a fixed object,Wednesday,Day,100,2017/12/27,10:30:00,No,1.0,1.0,-36.81124445,144.1722692,GREATER BENDIGO
T20170024737,Dry,Clear,Collision with vehicle,Wednesday,Day,100,2017/12/27,11:00:00,No,2.0,2.0,-37.51554554,145.7701725,MURRINDINDI
T20170024739,Dry,Clear,Collision with a fixed object,Wednesday,Day,100,2017/12/27,10:15:00,No,2.0,1.0,-36.88664023,144.4869801,GREATER BENDIGO
T20170024748,Dry,Clear,Collision with vehicle,Wednesday,Day,60,2017/12/27,15:46:00,No,3.0,1.0,-37.8221632,147.8575393,EAST GIPPSLAND
T20170024749,Dry,Clear,Collision with a fixed object,Wednesday,Day,60,2017/12/27,15:30:00,No,1.0,1.0,-36.34482286,146.3108408,WANGARATTA
T20170024751,Dry,Clear,Collision with vehicle,Wednesday,Day,50,2017/12/27,15:10:00,No,3.0,1.0,-38.42216633,144.1726072,SURF COAST
T20170024753,Dry,Clear,Collision with a fixed object,Monday,Dark No street lights,60,2017/12/25,22:15:00,Yes,5.0,2.0,-37.01468976,143.7618496,CENTRAL GOLDFIELDS
T20170024760,Dry,Clear,Collision with vehicle,Wednesday,Day,60,2017/12/27,17:00:00,No,2.0,1.0,-34.19268774,142.1753327,MILDURA
T20170024764,Unknown,Not known,Collision with a fixed object,Thursday,Unknown,80,2017/12/21,17:15:00,No,1.0,1.0,-35.90675002,145.3318669,MOIRA
T20170024772,Dry,Clear,Fall from or in moving vehicle,Wednesday,Dark Street lights unknown,999,2017/12/27,22:10:00,Yes,2.0,1.0,-37.60567827,143.7773203,GOLDEN PLAINS
T20170024781,Dry,Clear,Collision with vehicle,Wednesday,Day,100,2017/12/13,14:00:00,No,3.0,2.0,-36.81025047,145.6538996,STRATHBOGIE
T20170024784,Unknown,Not known,Collision with a fixed object,Thursday,Day,999,2017/12/28,09:00:00,No,2.0,2.0,-38.33863481,144.2864218,SURF COAST
T20170024785,Dry,Clear,Collision with a fixed object,Thursday,Day,999,2017/12/28,07:00:00,No,1.0,1.0,-37.0009517,145.3261394,MITCHELL
T20170024791,Dry,Clear,Collision with vehicle,Thursday,Day,80,2017/12/28,12:00:00,No,8.0,3.0,-38.08416923,144.3586743,GREATER GEELONG
T20170024795,Dry,Clear,Struck Pedestrian,Thursday,Day,40,2017/12/28,12:00:00,No,2.0,2.0,-37.56172847,143.8545003,BALLARAT
T20170024797,Dry,Clear,Collision with a fixed object,Thursday,Day,100,2017/12/28,10:15:00,No,2.0,1.0,-36.87428692,144.4504923,GREATER BENDIGO
T20170024799,Dry,Clear,Collision with vehicle,Thursday,Day,100,2017/12/28,12:40:00,No,8.0,8.0,-38.39056371,143.7832119,COLAC OTWAY
T20170024810,Dry,Clear,Collision with a fixed object,Thursday,Day,100,2017/12/28,16:44:00,No,1.0,1.0,-37.86633969,147.8604876,EAST GIPPSLAND
T20170024812,Dry,Clear,Collision with a fixed object,Thursday,Day,60,2017/12/28,16:21:00,No,1.0,1.0,-37.07246361,142.7596722,NORTHERN GRAMPIANS
T20170024826,Wet,Raining,collision with some other object,Thursday,Day,100,2017/12/28,19:10:00,Yes,1.0,1.0,-37.1172424,146.0507251,MANSFIELD
T20170024836,Dry,Clear,Collision with vehicle,Friday,Day,50,2017/12/29,07:46:00,No,3.0,1.0,-38.33947776,143.5923676,COLAC OTWAY
T20170024841,Wet,Raining,Collision with a fixed object,Friday,Day,80,2017/12/29,09:30:00,No,2.0,2.0,-37.30559255,144.1559509,HEPBURN
T20170024842,Dry,Clear,Collision with a fixed object,Friday,Day,60,2017/12/29,12:00:00,No,2.0,2.0,-36.12271714,144.7532613,CAMPASPE
T20170024845,Wet,Clear,Vehicle overturned (no collision),Friday,Day,100,2017/12/29,10:30:00,No,1.0,1.0,-37.39488018,149.1968767,EAST GIPPSLAND
T20170024851,Dry,Not known,Collision with vehicle,Friday,Day,60,2017/12/29,12:08:00,No,2.0,1.0,-38.45615603,145.23724,BASS COAST
T20170024852,Wet,Clear,Collision with vehicle,Friday,Day,100,2017/12/29,12:50:00,No,5.0,1.0,-36.96639446,143.3599237,PYRENEES
T20170024854,Dry,Clear,Collision with a fixed object,Friday,Day,110,2017/12/29,13:55:00,No,2.0,2.0,-38.16839855,145.9541201,BAW BAW
T20170024855,Wet,Clear,Collision with a fixed object,Friday,Day,60,2017/12/29,10:35:00,No,1.0,1.0,-36.95160826,147.3666502,EAST GIPPSLAND
T20170024858,Dry,Clear,Collision with vehicle,Friday,Day,100,2017/12/29,13:30:00,No,2.0,1.0,-36.42552142,145.3388365,GREATER SHEPPARTON
T20170024861,Dry,Clear,Struck animal,Friday,Day,100,2017/12/29,14:35:00,No,1.0,1.0,-36.88657082,144.2869486,GREATER BENDIGO
T20170024869,Dry,Clear,Collision with a fixed object,Friday,Day,110,2017/12/29,12:40:00,No,1.0,1.0,-37.49392018,144.6093086,MACEDON RANGES
T20170024872,Dry,Clear,Collision with a fixed object,Friday,Day,100,2017/12/29,15:30:00,No,3.0,3.0,-37.02068921,141.31223,WEST WIMMERA
T20170024879,Wet,Raining,Collision with a fixed object,Friday,Day,100,2017/12/29,17:30:00,Yes,1.0,1.0,-37.38120838,149.2023178,EAST GIPPSLAND
T20170024886,Wet,Clear,Collision with a fixed object,Friday,Dark Street lights on,60,2017/12/29,05:20:00,Yes,1.0,1.0,-36.37249964,145.4010872,GREATER SHEPPARTON
T20170024892,Dry,Clear,Collision with a fixed object,Thursday,Day,80,2017/12/28,11:30:00,No,3.0,2.0,-37.41787458,145.4303232,MURRINDINDI
T20170024895,Wet,Clear,Collision with vehicle,Friday,Day,100,2017/12/29,15:30:00,No,4.0,1.0,-38.59749525,143.7115969,COLAC OTWAY
T20170024901,Dry,Clear,Collision with a fixed object,Friday,Day,50,2017/12/29,14:28:00,No,3.0,2.0,-36.37585167,145.3467807,GREATER SHEPPARTON
T20170024903,Wet,Raining,Collision with vehicle,Saturday,Day,80,2017/12/30,11:45:00,No,6.0,1.0,-38.09703906,144.3555848,GREATER GEELONG
T20170024905,Dry,Clear,Collision with vehicle,Saturday,Day,60,2017/12/30,11:10:00,No,3.0,1.0,-34.20658659,142.1361745,MILDURA
T20170024910,Dry,Clear,Collision with a fixed object,Saturday,Day,60,2017/12/30,13:39:00,No,1.0,1.0,-37.56619088,143.8908397,BALLARAT
T20170024913,Dry,Clear,Collision with vehicle,Saturday,Day,80,2017/12/30,14:55:00,Yes,7.0,2.0,-37.04455877,146.099049,MANSFIELD
T20170024914,Wet,Raining,Collision with vehicle,Friday,Day,50,2017/12/29,09:40:00,No,2.0,1.0,-38.38827807,142.4833818,WARRNAMBOOL
T20170024915,Dry,Clear,Collision with a fixed object,Saturday,Day,60,2017/12/30,14:37:00,Yes,1.0,1.0,-38.38265012,142.4656999,WARRNAMBOOL
T20170024918,Wet,Raining,Vehicle overturned (no collision),Saturday,Day,60,2017/12/30,09:20:00,No,6.0,6.0,-38.02767004,143.6416101,COLAC OTWAY
T20170024921,Dry,Clear,Collision with vehicle,Saturday,Day,100,2017/12/30,14:45:00,Yes,3.0,3.0,-37.00513928,147.0850859,MOUNT HOTHAM ALPINE RESORT (UNINC)
T20170024927,Unknown,Not known,No collision and no object struck,Wednesday,Unknown,100,2017/12/20,17:30:00,No,1.0,1.0,-38.04177599,141.9544911,MOYNE
T20170024931,Dry,Clear,Collision with a fixed object,Saturday,Day,100,2017/12/30,13:00:00,No,1.0,1.0,-36.06865196,144.0858472,LODDON
T20170024942,Dry,Clear,Collision with a fixed object,Saturday,Day,50,2017/12/30,13:50:00,No,3.0,2.0,-37.8786078,147.9673015,EAST GIPPSLAND
T20170024943,Dry,Clear,Vehicle overturned (no collision),Sunday,Day,60,2017/12/31,09:35:00,Yes,1.0,1.0,-38.70085963,143.2176506,CORANGAMITE
T20170024945,Dry,Clear,Collision with a fixed object,Sunday,Day,110,2017/12/31,09:35:00,Yes,1.0,1.0,-37.16117035,145.0785238,MITCHELL
T20170024949,Dry,Clear,Collision with a fixed object,Sunday,Day,100,2017/12/31,10:00:00,Yes,1.0,1.0,-37.31200774,143.2978342,PYRENEES
T20170024969,Dry,Clear,Collision with vehicle,Sunday,Day,100,2017/12/31,14:30:00,No,2.0,1.0,-38.38884,146.2451813,LATROBE
T20170024973,Dry,Clear,Collision with a fixed object,Sunday,Dark Street lights on,50,2017/12/31,21:37:00,Yes,1.0,1.0,-37.54926039,143.7998441,BALLARAT
T20180000001,Dry,Clear,Collision with a fixed object,Sunday,Dark Street lights on,50,2017/12/31,23:10:00,Yes,5.0,1.0,-38.07427987,144.3503489,GREATER GEELONG
T20180000003,Dry,Clear,Vehicle overturned (no collision),Sunday,Dusk/Dawn,80,2017/12/31,20:50:00,No,1.0,1.0,-38.29635968,146.5277299,LATROBE
T20180000013,Dry,Clear,Collision with a fixed object,Monday,Dark No street lights,110,2018/01/01,01:41:00,Yes,2.0,2.0,-37.55017195,144.0611697,MOORABOOL
T20180000019,Dry,Clear,Collision with a fixed object,Monday,Dark Street lights on,60,2018/01/01,03:40:00,Yes,1.0,1.0,-36.78288948,144.2479589,GREATER BENDIGO
T20180000024,Dry,Clear,Vehicle overturned (no collision),Monday,Dusk/Dawn,100,2018/01/01,05:50:00,Yes,4.0,4.0,-37.05696052,142.7214599,NORTHERN GRAMPIANS
T20180000026,Dry,Clear,No collision and no object struck,Sunday,Day,50,2017/12/31,08:30:00,Yes,2.0,1.0,-38.67275241,145.6155925,BASS COAST
T20180000034,Dry,Clear,Struck Pedestrian,Monday,Day,999,2018/01/01,12:38:00,No,2.0,1.0,-38.39372657,142.4779524,WARRNAMBOOL
T20180000035,Dry,Clear,collision with some other object,Wednesday,Day,100,2017/12/27,16:00:00,No,1.0,1.0,-37.19396903,148.0676692,EAST GIPPSLAND
T20180000038,Dry,Clear,collision with some other object,Friday,Day,50,2017/12/29,14:00:00,No,1.0,1.0,-37.28503063,145.5596513,MURRINDINDI
T20180000039,Dry,Clear,Collision with a fixed object,Monday,Day,60,2018/01/01,12:21:00,No,1.0,1.0,-38.19075927,142.430587,MOYNE
T20180000040,Dry,Clear,Collision with a fixed object,Monday,Day,100,2018/01/01,13:05:00,No,1.0,1.0,-36.73399716,144.1493295,GREATER BENDIGO
T20180000041,Dry,Clear,Collision with a fixed object,Sunday,Day,60,2017/12/31,17:07:00,No,4.0,1.0,-37.43172511,143.3939544,PYRENEES
T20180000046,Dry,Clear,Collision with a fixed object,Sunday,Dark Street lights on,60,2017/12/31,21:20:00,Yes,1.0,1.0,-38.20921142,146.554651,LATROBE
T20180000064,Dry,Dust,No collision and no object struck,Wednesday,Unknown,999,2017/12/27,20:30:00,Yes,5.0,2.0,-37.53162395,146.0103602,MURRINDINDI
T20180000067,Dry,Clear,Collision with vehicle,Tuesday,Day,60,2018/01/02,06:55:00,No,2.0,2.0,-36.25475397,144.9647013,CAMPASPE
T20180000070,Dry,Clear,Collision with vehicle,Tuesday,Day,60,2018/01/02,07:40:00,No,3.0,2.0,-36.73727929,147.1605312,ALPINE
T20180000071,Dry,Clear,Collision with vehicle,Tuesday,Day,60,2018/01/02,10:00:00,No,4.0,1.0,-38.07369506,144.3548026,GREATER GEELONG
T20180000075,Dry,Clear,Collision with a fixed object,Tuesday,Day,100,2018/01/02,07:00:00,No,1.0,1.0,-38.20872947,144.5452056,GREATER GEELONG
T20180000078,Dry,Clear,Collision with vehicle,Tuesday,Day,60,2018/01/02,10:15:00,No,4.0,1.0,-38.05763153,147.5684228,WELLINGTON
T20180000080,Dry,Clear,No collision and no object struck,Saturday,Day,100,2017/12/30,09:30:00,No,1.0,1.0,-38.14999014,146.5229808,LATROBE
T20180000087,Dry,Not known,Struck animal,Tuesday,Day,100,2018/01/02,08:45:00,No,1.0,1.0,-38.51565921,146.8122709,WELLINGTON
T20180000089,Dry,Clear,Collision with a fixed object,Tuesday,Day,80,2018/01/02,11:25:00,No,2.0,1.0,-35.86603001,145.3833527,MOIRA
T20180000094,Dry,Clear,Vehicle overturned (no collision),Sunday,Day,80,2017/12/24,08:45:00,Yes,1.0,1.0,-38.24244718,144.2799887,SURF COAST
T20180000098,Dry,Clear,Collision with vehicle,Tuesday,Day,60,2018/01/02,13:30:00,No,5.0,1.0,-36.75589234,145.5713425,STRATHBOGIE
T20180000101,Dry,Clear,Vehicle overturned (no collision),Tuesday,Day,100,2018/01/02,18:33:00,Yes,2.0,2.0,-38.36840503,142.9077011,CORANGAMITE
T20180000102,Dry,Clear,Collision with vehicle,Thursday,Day,50,2017/12/28,17:15:00,No,2.0,1.0,-35.6373462,142.9947506,BULOKE
T20180000118,Dry,Clear,Collision with a fixed object,Wednesday,Dark No street lights,100,2018/01/03,01:45:00,Yes,1.0,1.0,-36.94670106,143.7856009,CENTRAL GOLDFIELDS
T20180000121,Dry,Clear,No collision and no object struck,Saturday,Day,100,2017/12/30,13:00:00,No,1.0,1.0,-38.50134127,143.5499265,COLAC OTWAY
T20180000122,Dry,Clear,Collision with vehicle,Wednesday,Day,50,2018/01/03,08:45:00,No,2.0,1.0,-38.27448241,144.4885547,GREATER GEELONG
T20180000126,Dry,Clear,Collision with vehicle,Tuesday,Day,50,2018/01/02,15:10:00,No,4.0,4.0,-38.47522012,145.9422932,SOUTH GIPPSLAND
T20180000127,Dry,Clear,No collision and no object struck,Wednesday,Day,60,2018/01/03,11:10:00,No,1.0,1.0,-36.12960968,146.8874778,WODONGA
T20180000128,Dry,Clear,No collision and no object struck,Wednesday,Day,100,2018/01/03,10:30:00,No,1.0,1.0,-37.07208757,142.8407118,NORTHERN GRAMPIANS
T20180000132,Dry,Clear,Struck animal,Wednesday,Dusk/Dawn,100,2018/01/03,05:40:00,Yes,1.0,1.0,-37.16593001,142.6309729,ARARAT
T20180000135,Dry,Clear,Collision with a fixed object,Tuesday,Day,100,2018/01/02,15:25:00,No,2.0,1.0,-38.15017762,141.9618965,MOYNE
T20180000136,Dry,Clear,Collision with vehicle,Wednesday,Day,60,2018/01/03,10:30:00,No,4.0,4.0,-38.16940733,145.932001,BAW BAW
T20180000139,Dry,Clear,No collision and no object struck,Wednesday,Day,100,2018/01/03,11:50:00,No,1.0,1.0,-37.18193039,144.1480159,HEPBURN
T20180000143,Dry,Clear,Collision with vehicle,Wednesday,Day,80,2018/01/03,11:47:00,No,2.0,1.0,-37.02754353,145.873632,MANSFIELD
T20180000149,Dry,Clear,Vehicle overturned (no collision),Wednesday,Day,100,2018/01/03,14:50:00,No,1.0,1.0,-37.29297148,145.0136386,MITCHELL
T20180000153,Dry,Clear,Collision with vehicle,Wednesday,Day,80,2018/01/03,16:50:00,No,3.0,1.0,-38.51739304,145.3197287,BASS COAST
T20180000157,Dry,Clear,Collision with vehicle,Wednesday,Day,60,2018/01/03,17:15:00,No,2.0,1.0,-37.60394902,143.8357283,BALLARAT
T20180000170,Dry,Clear,Collision with vehicle,Wednesday,Day,100,2018/01/03,06:20:00,No,3.0,1.0,-37.85225028,143.8941888,GOLDEN PLAINS
T20180000171,Dry,Clear,Vehicle overturned (no collision),Wednesday,Day,100,2018/01/03,17:14:00,No,2.0,2.0,-38.49211971,146.54325,WELLINGTON
T20180000180,Dry,Clear,Collision with a fixed object,Thursday,Dark No street lights,80,2018/01/04,03:00:00,Yes,1.0,1.0,-34.2400434,142.1554307,MILDURA
T20180000183,Dry,Clear,Collision with a fixed object,Wednesday,Day,100,2018/01/03,18:55:00,Yes,1.0,1.0,-37.73962929,144.0660578,MOORABOOL
T20180000188,Dry,Clear,Collision with vehicle,Thursday,Dusk/Dawn,100,2018/01/04,05:25:00,Yes,4.0,1.0,-37.09633,146.1322977,MANSFIELD
T20180000196,Dry,Clear,collision with some other object,Thursday,Day,999,2018/01/04,09:00:00,No,2.0,2.0,-37.47260971,145.3255428,MURRINDINDI
T20180000211,Dry,Clear,Collision with a fixed object,Thursday,Day,60,2018/01/04,11:42:00,No,1.0,1.0,-36.37001148,146.3132336,WANGARATTA
T20180000212,Dry,Clear,Collision with vehicle,Thursday,Day,100,2018/01/04,15:20:00,No,3.0,2.0,-38.27914168,146.4134612,LATROBE
T20180000213,Dry,Clear,Vehicle overturned (no collision),Thursday,Day,100,2018/01/04,14:45:00,No,1.0,1.0,-36.79117274,145.0875817,STRATHBOGIE
T20180000217,Dry,Clear,Collision with vehicle,Wednesday,Day,60,2018/01/03,19:00:00,Yes,2.0,2.0,-34.18938799,142.1571906,MILDURA
T20180000219,Dry,Clear,Collision with vehicle,Thursday,Day,60,2018/01/04,07:46:00,No,2.0,2.0,-37.42249997,144.2865999,HEPBURN
T20180000227,Dry,Clear,Collision with vehicle,Thursday,Day,100,2018/01/04,15:00:00,No,4.0,3.0,-37.41226965,144.7489029,MACEDON RANGES
T20180000228,Dry,Clear,Collision with vehicle,Thursday,Day,60,2018/01/04,17:45:00,No,4.0,2.0,-38.18188092,144.3479403,GREATER GEELONG
T20180000257,Dry,Clear,Collision with vehicle,Wednesday,Day,50,2017/12/27,13:05:00,No,2.0,1.0,-36.34636865,146.3002167,WANGARATTA
T20180000266,Dry,Clear,Collision with vehicle,Friday,Day,40,2018/01/05,08:45:00,No,2.0,1.0,-38.14364497,144.3613477,GREATER GEELONG
T20180000272,Dry,Clear,Vehicle overturned (no collision),Friday,Day,100,2018/01/05,11:30:00,No,2.0,2.0,-38.0474696,144.4030895,GREATER GEELONG
T20180000276,Dry,Clear,Struck Pedestrian,Friday,Day,50,2018/01/05,09:54:00,No,3.0,1.0,-38.606214,145.5896007,BASS COAST
T20180000277,Dry,Clear,Collision with vehicle,Wednesday,Day,60,2018/01/03,15:05:00,No,4.0,2.0,-37.58827401,143.820408,BALLARAT
T20180000280,Dry,Clear,Struck Pedestrian,Friday,Day,60,2018/01/05,12:37:00,No,2.0,1.0,-37.70978943,148.4535385,EAST GIPPSLAND
T20180000294,Dry,Clear,Collision with vehicle,Friday,Day,100,2018/01/05,18:14:00,Yes,5.0,5.0,-37.71137912,148.4579433,EAST GIPPSLAND
T20180000306,Dry,Clear,Collision with a fixed object,Friday,Dark No street lights,110,2018/01/05,23:47:00,Yes,4.0,4.0,-36.1666216,146.535,INDIGO
T20180000307,Dry,Clear,Collision with a fixed object,Saturday,Dark Street lights on,60,2018/01/06,01:40:00,Yes,1.0,1.0,-36.7693508,144.29665,GREATER BENDIGO
T20180000314,Dry,Clear,Collision with vehicle,Saturday,Day,50,2018/01/06,08:00:00,Yes,2.0,1.0,-38.39693501,142.511901,WARRNAMBOOL
T20180000317,Dry,Clear,Collision with vehicle,Saturday,Day,60,2018/01/06,10:45:00,No,4.0,1.0,-38.43274043,145.8222928,SOUTH GIPPSLAND
T20180000326,Dry,Clear,Collision with vehicle,Saturday,Day,60,2018/01/06,11:40:00,No,3.0,2.0,-38.16013645,145.9234583,BAW BAW
T20180000330,Dry,Clear,Struck animal,Saturday,Day,100,2018/01/06,08:20:00,No,1.0,1.0,-37.37511977,144.32314,HEPBURN
T20180000333,Dry,Clear,Collision with a fixed object,Saturday,Day,100,2018/01/06,13:50:00,No,5.0,1.0,-38.67615122,143.1389289,CORANGAMITE
T20180000338,Dry,Clear,Collision with a fixed object,Saturday,Day,100,2018/01/06,16:10:00,Yes,1.0,1.0,-37.47940013,143.9766913,MOORABOOL
T20180000339,Dry,Clear,collision with some other object,Saturday,Day,100,2018/01/06,17:40:00,Yes,2.0,1.0,-38.56535323,145.5588977,BASS COAST
T20180000351,Dry,Clear,Collision with vehicle,Saturday,Dark Street lights on,50,2018/01/06,23:00:00,Yes,2.0,1.0,-38.10612387,147.0639942,WELLINGTON
T20180000352,Dry,Clear,Collision with a fixed object,Saturday,Day,60,2018/01/06,15:45:00,Yes,4.0,4.0,-37.06742648,144.2223006,MOUNT ALEXANDER
T20180000356,Dry,Smoke,Struck Pedestrian,Sunday,Dark No street lights,80,2018/01/07,00:24:00,Yes,2.0,1.0,-34.23895177,142.0971222,MILDURA
T20180000365,Dry,Clear,Collision with a fixed object,Sunday,Day,100,2018/01/07,10:00:00,Yes,1.0,1.0,-37.86910053,147.0191903,WELLINGTON
T20180000366,Dry,Clear,Collision with a fixed object,Saturday,Day,100,2018/01/06,13:50:00,No,1.0,1.0,-37.5176302,145.8733895,LAKE MOUNTAIN ALPINE RESORT (UNINC)
T20180000374,Dry,Clear,No collision and no object struck,Sunday,Day,80,2018/01/07,14:30:00,No,1.0,1.0,-38.13300665,144.6174268,GREATER GEELONG
T20180000378,Dry,Clear,Vehicle overturned (no collision),Sunday,Day,50,2018/01/07,14:20:00,No,6.0,1.0,-37.49636812,144.3597904,MOORABOOL
T20180000379,Dry,Clear,Collision with a fixed object,Sunday,Day,60,2018/01/07,14:05:00,No,1.0,1.0,-36.9320602,145.6654119,STRATHBOGIE
T20180000382,Unknown,Not known,Collision with vehicle,Tuesday,Day,999,2017/12/26,17:25:00,No,2.0,1.0,-36.98209067,147.4987761,EAST GIPPSLAND
T20180000385,Dry,Clear,Collision with a fixed object,Sunday,Day,80,2018/01/07,18:00:00,Yes,1.0,1.0,-38.57628114,143.9551111,SURF COAST
T20180000387,Dry,Clear,Collision with vehicle,Sunday,Day,50,2018/01/07,08:25:00,No,2.0,1.0,-38.02410107,144.4139749,GREATER GEELONG
T20180000400,Dry,Clear,Collision with a fixed object,Sunday,Day,100,2018/01/07,20:00:00,Yes,1.0,1.0,-36.72297001,147.1782699,ALPINE
T20180000405,Dry,Clear,Collision with vehicle,Saturday,Day,100,2018/01/06,17:50:00,Yes,8.0,1.0,-37.0640204,146.1288501,MANSFIELD
T20180000423,Dry,Clear,Collision with vehicle,Monday,Dark No street lights,60,2017/11/13,21:00:00,Yes,2.0,1.0,-36.61591059,145.22333,GREATER SHEPPARTON
T20180000430,Dry,Clear,Collision with vehicle,Monday,Day,60,2018/01/08,17:15:00,No,3.0,1.0,-37.53570714,143.8192685,BALLARAT
T20180000443,Dry,Clear,Collision with a fixed object,Monday,Dark Street lights on,80,2018/01/08,23:05:00,Yes,1.0,1.0,-38.20827219,146.4977508,LATROBE
T20180000468,Dry,Clear,Collision with a fixed object,Tuesday,Day,100,2018/01/09,11:00:00,No,2.0,2.0,-38.27654915,144.1946497,SURF COAST
T20180000473,Dry,Clear,Collision with vehicle,Monday,Dark Street lights on,60,2018/01/01,04:59:00,Yes,7.0,1.0,-38.16170392,144.3541106,GREATER GEELONG
T20180000478,Wet,Raining,Collision with a fixed object,Tuesday,Day,100,2018/01/09,06:45:00,No,1.0,1.0,-37.44763187,141.2782981,GLENELG
T20180000484,Dry,Clear,Collision with vehicle,Tuesday,Day,60,2018/01/09,14:15:00,No,2.0,2.0,-38.14043356,145.8557734,BAW BAW
T20180000489,Dry,Clear,Collision with vehicle,Tuesday,Day,100,2018/01/09,15:30:00,No,2.0,1.0,-38.38406332,142.622058,MOYNE
T20180000500,Dry,Clear,Collision with vehicle,Tuesday,Day,80,2018/01/09,16:39:00,No,3.0,1.0,-38.17825859,144.4197806,GREATER GEELONG
T20180000505,Dry,Clear,Collision with a fixed object,Tuesday,Day,100,2018/01/09,14:30:00,No,1.0,1.0,-36.18330264,147.376782,TOWONG
T20180000507,Dry,Clear,Struck Pedestrian,Tuesday,Dusk/Dawn,50,2018/01/09,19:34:00,Yes,4.0,2.0,-38.33929867,143.5816601,COLAC OTWAY
T20180000513,Dry,Clear,Collision with vehicle,Tuesday,Dark Street lights on,60,2018/01/09,22:30:00,Yes,3.0,1.0,-38.11081693,144.3433954,GREATER GEELONG
T20180000514,Dry,Clear,Collision with vehicle,Tuesday,Dark No street lights,100,2018/01/09,22:30:00,Yes,2.0,2.0,-36.43368283,145.7727487,GREATER SHEPPARTON
T20180000521,Dry,Clear,Collision with vehicle,Tuesday,Day,60,2018/01/09,19:40:00,Yes,3.0,1.0,-36.76187522,144.2698423,GREATER BENDIGO
T20180000530,Dry,Clear,Collision with vehicle,Sunday,Day,60,2018/01/07,07:50:00,Yes,2.0,1.0,-38.18221137,144.3984097,GREATER GEELONG
T20180000533,Dry,Clear,Vehicle overturned (no collision),Wednesday,Day,100,2018/01/10,08:40:00,No,5.0,2.0,-37.11008174,144.9612575,MITCHELL
T20180000539,Dry,Clear,Vehicle overturned (no collision),Wednesday,Day,80,2018/01/10,09:05:00,No,1.0,1.0,-36.66089154,142.2553821,HORSHAM
T20180000544,Dry,Clear,Struck Pedestrian,Thursday,Day,50,2017/12/07,10:00:00,No,2.0,1.0,-38.17461308,146.2605494,LATROBE