Accident_No,Surface_Cond_Desc,Atmosph_Cond_Desc,Accident_Type_Desc,Day,Light_Condition_Desc,Speed_Zone,Accident_Date,Accident_Time,Alcohol_Influence,Total_Persons_Inv,Inj_Or_Fatal,Lat,Long,LGA
T20180000546,Dry,Clear,Vehicle overturned (no collision),Wednesday,Day,999,2018/01/10,09:55:00,No,1.0,1.0,-37.67140017,148.0586303,EAST GIPPSLAND
T20180000554,Dry,Clear,Collision with vehicle,Wednesday,Day,100,2018/01/10,14:37:00,No,4.0,4.0,-38.32813176,142.37975,MOYNE
T20180000559,Dry,Not known,Collision with vehicle,Wednesday,Day,60,2018/01/10,11:40:00,No,2.0,1.0,-37.42259065,144.9740999,MITCHELL
T20180000567,Dry,Clear,Vehicle overturned (no collision),Wednesday,Day,100,2018/01/10,18:30:00,Yes,1.0,1.0,-38.87892514,145.9666994,SOUTH GIPPSLAND
T20180000583,Dry,Clear,Collision with a fixed object,Thursday,Day,50,2018/01/11,06:16:00,No,1.0,1.0,-38.16265895,144.3352097,GREATER GEELONG
T20180000599,Dry,Clear,Struck Pedestrian,Thursday,Day,50,2018/01/11,10:55:00,No,4.0,1.0,-38.5014781,145.25513,BASS COAST
T20180000604,Dry,Clear,Collision with vehicle,Thursday,Day,50,2018/01/11,11:30:00,No,2.0,1.0,-38.38437012,142.4745125,WARRNAMBOOL
T20180000605,Dry,Clear,Collision with vehicle,Wednesday,Day,60,2018/01/10,14:40:00,No,2.0,1.0,-37.56400229,143.8558818,BALLARAT
T20180000612,Dry,Clear,Collision with vehicle,Thursday,Day,50,2018/01/11,12:30:00,No,2.0,1.0,-36.37939197,145.4023096,GREATER SHEPPARTON
T20180000622,Dry,Clear,Collision with a fixed object,Thursday,Day,999,2018/01/11,14:30:00,No,1.0,1.0,-37.0878206,144.0836913,MOUNT ALEXANDER
T20180000627,Dry,Clear,Collision with vehicle,Thursday,Day,60,2018/01/11,14:30:00,No,10.0,7.0,-37.55465683,143.8162895,BALLARAT
T20180000632,Dry,Clear,Collision with a fixed object,Wednesday,Day,100,2018/01/10,20:30:00,Yes,1.0,1.0,-35.92551431,145.40024,MOIRA
T20180000633,Dry,Clear,Collision with vehicle,Thursday,Day,40,2018/01/11,18:30:00,Yes,3.0,1.0,-38.14215849,144.348037,GREATER GEELONG
T20180000635,Dry,Clear,Collision with a fixed object,Thursday,Day,80,2018/01/11,17:04:00,No,1.0,1.0,-38.6116992,143.7183737,COLAC OTWAY
T20180000654,Dry,Clear,Vehicle overturned (no collision),Friday,Dark No street lights,100,2018/01/12,00:45:00,Yes,2.0,2.0,-38.5785793,142.9190089,CORANGAMITE
T20180000660,Dry,Clear,Struck animal,Friday,Day,100,2018/01/12,06:45:00,No,1.0,1.0,-37.39499676,144.8573575,MACEDON RANGES
T20180000665,Dry,Clear,Collision with a fixed object,Saturday,Day,999,2017/12/30,10:00:00,No,1.0,1.0,-35.96762931,144.9376796,MOIRA
T20180000681,Dry,Clear,Struck Pedestrian,Thursday,Day,60,2017/01/12,13:45:00,No,2.0,1.0,-37.56488923,143.8634121,BALLARAT
T20180000683,Dry,Clear,Collision with vehicle,Friday,Day,100,2018/01/12,11:00:00,No,4.0,4.0,-36.98075998,145.1429387,MITCHELL
T20180000685,Dry,Clear,Collision with vehicle,Saturday,Day,60,2018/01/06,19:00:00,Yes,2.0,1.0,-36.14860457,146.8738559,WODONGA
T20180000686,Dry,Clear,Collision with vehicle,Friday,Day,50,2018/01/12,13:13:00,No,2.0,1.0,-38.10576743,147.0707564,WELLINGTON
T20180000687,Wet,Clear,Collision with vehicle,Friday,Day,100,2018/01/12,09:20:00,No,5.0,1.0,-38.55361687,145.9547862,SOUTH GIPPSLAND
T20180000698,Wet,Raining,Collision with vehicle,Friday,Day,50,2018/01/12,09:40:00,No,2.0,1.0,-38.31494449,144.3245881,SURF COAST
T20180000704,Wet,Raining,Collision with a fixed object,Friday,Day,60,2018/01/12,14:45:00,No,1.0,1.0,-38.02089985,145.9546372,BAW BAW
T20180000706,Wet,Raining,Collision with a fixed object,Friday,Day,100,2018/01/12,15:15:00,No,2.0,1.0,-38.34267122,145.7496321,SOUTH GIPPSLAND
T20180000714,Unknown,Clear,No collision and no object struck,Wednesday,Day,50,2018/01/10,11:00:00,No,1.0,1.0,-38.09245971,147.0838907,WELLINGTON
T20180000720,Dry,Not known,collision with some other object,Friday,Day,100,2018/01/12,16:15:00,Yes,2.0,1.0,-38.04886401,144.3649992,GREATER GEELONG
T20180000722,Dry,Clear,Vehicle overturned (no collision),Wednesday,Dark No street lights,100,2017/10/25,06:50:00,No,1.0,1.0,-37.02864925,145.5074431,MURRINDINDI
T20180000738,Dry,Clear,Collision with vehicle,Saturday,Day,50,2018/01/13,10:35:00,No,2.0,1.0,-38.38236991,142.4754865,WARRNAMBOOL
T20180000743,Dry,Clear,Collision with a fixed object,Saturday,Day,100,2018/01/13,10:49:00,No,2.0,1.0,-37.85688977,144.3876542,GREATER GEELONG
T20180000750,Wet,Raining,No collision and no object struck,Saturday,Day,999,2018/01/13,12:30:00,No,1.0,1.0,-38.02261549,146.0445795,BAW BAW
T20180000755,Wet,Raining,Collision with vehicle,Saturday,Day,100,2018/01/13,13:20:00,No,7.0,7.0,-36.86448689,141.6876785,WEST WIMMERA
T20180000756,Wet,Raining,No collision and no object struck,Saturday,Day,100,2018/01/13,15:30:00,Yes,1.0,1.0,-37.0665323,146.3608309,MANSFIELD
T20180000760,Wet,Raining,Collision with a fixed object,Saturday,Day,100,2018/01/13,12:30:00,No,1.0,1.0,-38.48923008,143.940783,SURF COAST
T20180000761,Wet,Raining,Collision with a fixed object,Saturday,Day,999,2018/01/13,15:48:00,Yes,1.0,1.0,-38.36585996,144.019245,SURF COAST
T20180000762,Dry,Clear,Collision with vehicle,Wednesday,Day,70,2017/12/20,11:30:00,No,6.0,4.0,-36.14045564,144.7343502,CAMPASPE
T20180000766,Wet,Raining,Collision with a fixed object,Saturday,Day,100,2018/01/13,17:40:00,Yes,3.0,2.0,-36.2112964,145.1036211,CAMPASPE
T20180000777,Wet,Raining,No collision and no object struck,Saturday,Day,999,2018/01/13,18:15:00,Yes,1.0,1.0,-36.9474478,145.9173189,MANSFIELD
T20180000781,Dry,Clear,Collision with a fixed object,Saturday,Day,100,2018/01/13,18:30:00,Yes,1.0,1.0,-37.10064122,143.7685587,CENTRAL GOLDFIELDS
T20180000783,Wet,Raining,Collision with a fixed object,Saturday,Dark No street lights,100,2018/01/13,20:45:00,Yes,1.0,1.0,-38.46260113,145.8488504,SOUTH GIPPSLAND
T20180000792,Dry,Clear,Collision with a fixed object,Sunday,Dark No street lights,100,2018/01/14,03:00:00,Yes,1.0,1.0,-36.35019954,146.2567259,WANGARATTA
T20180000802,Dry,Clear,Collision with vehicle,Sunday,Day,60,2018/01/14,08:55:00,Yes,3.0,1.0,-37.35092992,144.1408798,HEPBURN
T20180000804,Dry,Clear,Collision with vehicle,Sunday,Day,100,2018/01/14,09:45:00,Yes,5.0,2.0,-36.7194106,144.2021007,GREATER BENDIGO
T20180000812,Dry,Clear,Collision with a fixed object,Sunday,Day,60,2018/01/14,13:57:00,No,1.0,1.0,-38.46644862,145.9586495,SOUTH GIPPSLAND
T20180000816,Dry,Clear,collision with some other object,Sunday,Day,100,2018/01/14,11:50:00,No,1.0,1.0,-36.69395049,146.8605906,ALPINE
T20180000818,Dry,Clear,Collision with vehicle,Sunday,Day,100,2018/01/14,11:05:00,No,2.0,1.0,-37.68778275,143.9656977,MOORABOOL
T20180000821,Dry,Clear,Collision with a fixed object,Sunday,Day,80,2018/01/14,15:30:00,No,1.0,1.0,-38.33250684,145.7262749,SOUTH GIPPSLAND
T20180000822,Dry,Clear,Collision with vehicle,Sunday,Day,40,2018/01/14,15:00:00,No,6.0,1.0,-38.66547934,143.8638062,COLAC OTWAY
T20180000823,Dry,Clear,Collision with a fixed object,Friday,Day,100,2018/01/12,17:45:00,No,4.0,1.0,-38.80121002,143.4913299,COLAC OTWAY
T20180000824,Dry,Clear,Collision with a fixed object,Sunday,Day,100,2018/01/14,16:20:00,No,2.0,2.0,-38.07103819,147.09818,WELLINGTON
T20180000827,Dry,Clear,Collision with vehicle,Sunday,Day,60,2018/01/14,18:20:00,No,3.0,1.0,-34.21526519,142.1258363,MILDURA
T20180000831,Dry,Clear,Collision with a fixed object,Sunday,Day,50,2018/01/14,18:20:00,No,1.0,1.0,-37.0793994,144.2526795,MOUNT ALEXANDER
T20180000841,Wet,Raining,Struck animal,Monday,Dusk/Dawn,100,2018/01/15,05:30:00,Yes,2.0,2.0,-37.90426289,144.1117216,GOLDEN PLAINS
T20180000842,Dry,Clear,Vehicle overturned (no collision),Sunday,Dark No street lights,100,2018/01/14,05:30:00,Yes,1.0,1.0,-38.40826563,142.5662618,WARRNAMBOOL
T20180000844,Dry,Clear,Collision with a fixed object,Sunday,Day,100,2018/01/14,12:35:00,No,1.0,1.0,-37.82578255,147.7062695,EAST GIPPSLAND
T20180000846,Wet,Clear,No collision and no object struck,Friday,Dark No street lights,100,2018/01/12,21:30:00,Yes,1.0,1.0,-37.9720747,145.7579495,BAW BAW
T20180000849,Wet,Raining,Vehicle overturned (no collision),Tuesday,Dusk/Dawn,100,2017/12/19,19:20:00,Yes,1.0,1.0,-36.49273499,146.1265267,BENALLA
T20180000855,Dry,Clear,Struck animal,Monday,Day,100,2018/01/15,11:39:00,No,1.0,1.0,-37.3898797,142.9383374,ARARAT
T20180000861,Dry,Clear,Collision with a fixed object,Monday,Day,70,2018/01/15,10:15:00,No,1.0,1.0,-38.11301979,144.354912,GREATER GEELONG
T20180000865,Dry,Clear,Collision with vehicle,Sunday,Day,999,2018/01/14,19:00:00,Yes,2.0,1.0,-36.39244858,145.3612747,GREATER SHEPPARTON
T20180000868,Dry,Clear,Struck animal,Saturday,Day,999,2018/01/13,13:30:00,No,1.0,1.0,-37.52426057,144.2649736,MOORABOOL
T20180000871,Dry,Clear,Collision with vehicle,Sunday,Dark No street lights,100,2018/01/14,22:40:00,No,2.0,1.0,-37.91590654,144.1007459,GOLDEN PLAINS
T20180000872,Dry,Clear,Collision with vehicle,Monday,Day,110,2018/01/15,17:46:00,No,3.0,1.0,-37.32141078,145.0382802,MITCHELL
T20180000875,Wet,Raining,Collision with a fixed object,Monday,Day,100,2018/01/15,13:00:00,No,2.0,2.0,-37.61415118,148.8887552,EAST GIPPSLAND
T20180000880,Dry,Clear,Vehicle overturned (no collision),Monday,Day,100,2018/01/15,17:25:00,Yes,1.0,1.0,-38.57701897,145.6327449,BASS COAST
T20180000881,Dry,Clear,Struck animal,Monday,Day,100,2018/01/15,17:15:00,No,2.0,2.0,-37.71567185,143.5850496,GOLDEN PLAINS
T20180000889,Dry,Clear,Collision with a fixed object,Monday,Dark No street lights,100,2018/01/15,03:10:00,Yes,1.0,1.0,-37.56254872,143.6800085,GOLDEN PLAINS
T20180000900,Dry,Clear,Collision with vehicle,Friday,Dusk/Dawn,100,2018/01/05,06:00:00,Yes,2.0,1.0,-36.37759243,145.4619551,GREATER SHEPPARTON
T20180000915,Dry,Clear,collision with some other object,Sunday,Day,50,2017/12/24,09:45:00,Yes,1.0,1.0,-36.03536381,145.9775966,MOIRA
T20180000920,Dry,Clear,Collision with a fixed object,Tuesday,Day,80,2018/01/16,11:30:00,No,2.0,2.0,-37.37625999,142.9387308,ARARAT
T20180000926,Dry,Clear,Collision with vehicle,Monday,Day,60,2018/01/15,13:13:00,No,2.0,1.0,-37.48079849,143.8039463,BALLARAT
T20180000928,Dry,Clear,Collision with vehicle,Tuesday,Day,100,2018/01/16,10:35:00,No,2.0,2.0,-36.77112829,144.3993559,GREATER BENDIGO
T20180000929,Dry,Clear,Collision with vehicle,Tuesday,Day,100,2018/01/16,14:00:00,No,2.0,1.0,-38.33888441,143.4948032,COLAC OTWAY
T20180000935,Dry,Clear,Collision with vehicle,Tuesday,Day,50,2018/01/16,16:38:00,No,2.0,1.0,-37.69770034,144.4978314,MOORABOOL
T20180000937,Dry,Clear,Collision with vehicle,Tuesday,Day,80,2018/01/16,16:00:00,No,2.0,1.0,-38.35554242,142.2534329,MOYNE
T20180000938,Dry,Clear,Collision with vehicle,Tuesday,Day,100,2018/01/16,16:25:00,No,6.0,6.0,-38.61759986,145.7229286,BASS COAST
T20180000955,Dry,Clear,Collision with a fixed object,Tuesday,Dark No street lights,100,2018/01/16,22:00:00,Yes,1.0,1.0,-38.06756128,144.2927877,GREATER GEELONG
T20180000958,Dry,Clear,Collision with vehicle,Wednesday,Day,60,2017/12/06,17:20:00,No,2.0,1.0,-36.3702879,145.4030185,GREATER SHEPPARTON
T20180000959,Dry,Clear,Collision with vehicle,Wednesday,Dark Street lights on,50,2018/01/17,01:50:00,Yes,3.0,1.0,-38.08463045,144.3552037,GREATER GEELONG
T20180000968,Dry,Clear,collision with some other object,Tuesday,Dusk/Dawn,100,2018/01/16,19:15:00,Yes,1.0,1.0,-36.04128002,146.58598,INDIGO
T20180000973,Dry,Clear,Collision with vehicle,Wednesday,Day,100,2018/01/17,07:49:00,No,3.0,1.0,-34.21574814,142.0174845,MILDURA
T20180000979,Dry,Clear,Collision with vehicle,Wednesday,Day,50,2018/01/17,09:30:00,No,4.0,4.0,-38.23798142,142.9110723,CORANGAMITE
T20180000984,Dry,Clear,No collision and no object struck,Sunday,Day,100,2018/01/14,12:50:00,No,1.0,1.0,-34.37351958,141.5957423,MILDURA
T20180000988,Dry,Clear,Struck animal,Monday,Day,999,2018/01/15,14:00:00,No,1.0,1.0,-37.51987863,145.6023462,MURRINDINDI
T20180000989,Dry,Clear,Collision with a fixed object,Wednesday,Day,80,2018/01/17,09:50:00,No,1.0,1.0,-38.49668905,145.24208,BASS COAST
T20180000995,Dry,Clear,No collision and no object struck,Monday,Day,100,2018/01/08,15:15:00,No,1.0,1.0,-38.33992608,143.0336303,CORANGAMITE
T20180001005,Dry,Clear,Collision with vehicle,Wednesday,Day,60,2018/01/17,15:15:00,No,6.0,4.0,-38.48035981,145.9460958,SOUTH GIPPSLAND
T20180001009,Dry,Clear,Collision with vehicle,Wednesday,Day,100,2018/01/17,15:55:00,No,4.0,4.0,-38.27879414,146.4141626,LATROBE
T20180001014,Dry,Clear,Collision with vehicle,Wednesday,Day,100,2018/01/17,16:40:00,No,3.0,1.0,-36.54552426,144.1405483,LODDON
T20180001018,Dry,Clear,Collision with vehicle,Wednesday,Day,60,2018/01/17,17:44:00,No,3.0,1.0,-36.39860836,145.4089303,GREATER SHEPPARTON
T20180001020,Dry,Clear,Collision with vehicle,Wednesday,Day,50,2018/01/17,20:25:00,Yes,4.0,3.0,-34.19232806,142.153616,MILDURA
T20180001025,Dry,Clear,Vehicle overturned (no collision),Wednesday,Day,50,2018/01/17,17:46:00,No,1.0,1.0,-38.36538265,143.5830619,COLAC OTWAY
T20180001034,Dry,Clear,Collision with a fixed object,Thursday,Dark No street lights,50,2018/01/18,04:40:00,Yes,1.0,1.0,-36.86145442,143.7257776,CENTRAL GOLDFIELDS
T20180001040,Wet,Raining,Collision with vehicle,Friday,Day,70,2018/01/12,14:45:00,No,2.0,2.0,-38.16203745,144.3783468,GREATER GEELONG
T20180001043,Dry,Clear,Collision with vehicle,Thursday,Day,60,2018/01/18,10:20:00,No,3.0,2.0,-36.13769031,146.8719653,WODONGA
T20180001045,Dry,Clear,Collision with a fixed object,Thursday,Dark Street lights on,80,2018/01/18,03:00:00,Yes,1.0,1.0,-38.0829453,147.0542943,WELLINGTON
T20180001064,Dry,Clear,collision with some other object,Thursday,Day,80,2018/01/18,13:33:00,No,1.0,1.0,-35.33668749,143.5360417,SWAN HILL
T20180001066,Dry,Clear,Collision with vehicle,Thursday,Day,60,2018/01/18,15:59:00,No,2.0,1.0,-38.13066115,144.3383073,GREATER GEELONG
T20180001069,Dry,Clear,Struck Pedestrian,Thursday,Day,60,2018/01/18,16:15:00,No,2.0,1.0,-37.82536975,147.6166499,EAST GIPPSLAND
T20180001078,Unknown,Clear,Collision with a fixed object,Thursday,Dark No street lights,100,2018/01/18,02:00:00,Yes,1.0,1.0,-36.51295,147.4498,TOWONG
T20180001080,Dry,Clear,Collision with a fixed object,Thursday,Day,100,2018/01/18,17:45:00,No,1.0,1.0,-38.36060234,145.6425118,BASS COAST
T20180001081,Dry,Clear,Collision with vehicle,Thursday,Day,70,2018/01/18,17:50:00,No,7.0,3.0,-38.19017192,144.3265932,GREATER GEELONG
T20180001104,Dry,Clear,Collision with a fixed object,Thursday,Day,80,2018/01/11,13:30:00,No,1.0,1.0,-37.8543602,147.6054287,EAST GIPPSLAND
T20180001111,Dry,Clear,Vehicle overturned (no collision),Thursday,Day,100,2018/01/18,13:45:00,No,2.0,1.0,-37.19523013,146.5089028,MANSFIELD
T20180001124,Dry,Clear,Struck Pedestrian,Friday,Day,40,2018/01/19,13:00:00,No,3.0,1.0,-36.12758048,144.7494571,CAMPASPE
T20180001131,Dry,Clear,Collision with a fixed object,Thursday,Day,50,2018/01/18,13:30:00,No,1.0,1.0,-37.01721892,144.0572019,MOUNT ALEXANDER
T20180001137,Dry,Clear,Collision with vehicle,Friday,Day,100,2018/01/19,15:00:00,No,2.0,1.0,-38.30102719,143.7663099,COLAC OTWAY
T20180001140,Dry,Clear,Collision with a fixed object,Friday,Day,60,2018/01/19,15:16:00,No,1.0,1.0,-38.15264203,146.4371226,LATROBE
T20180001145,Dry,Clear,Struck Pedestrian,Thursday,Day,50,2018/01/11,13:40:00,No,2.0,1.0,-36.39494641,145.3581892,GREATER SHEPPARTON
T20180001149,Dry,Clear,Collision with vehicle,Friday,Day,50,2018/01/19,18:15:00,Yes,2.0,1.0,-37.55954521,143.8567067,BALLARAT
T20180001154,Dry,Clear,Collision with vehicle,Friday,Day,60,2018/01/19,19:58:00,Yes,3.0,3.0,-38.11130024,144.6295312,GREATER GEELONG
T20180001157,Dry,Clear,Collision with vehicle,Friday,Dusk/Dawn,70,2018/01/19,20:23:00,Yes,2.0,1.0,-38.19792686,144.3625768,GREATER GEELONG
T20180001159,Dry,Clear,Collision with vehicle,Friday,Dark Street lights on,100,2018/01/19,22:10:00,Yes,5.0,5.0,-38.43301939,145.4966908,BASS COAST
T20180001162,Dry,Clear,Collision with vehicle,Saturday,Dark Street lights on,50,2018/01/20,01:00:00,Yes,1.0,1.0,-38.4489403,145.2344717,BASS COAST
T20180001165,Dry,Clear,Collision with vehicle,Saturday,Dark No street lights,90,2018/01/20,00:05:00,Yes,3.0,3.0,-37.85416201,148.0321717,EAST GIPPSLAND
T20180001169,Dry,Clear,Collision with a fixed object,Thursday,Day,100,2018/01/18,08:40:00,No,1.0,1.0,-37.26912985,144.4775288,MACEDON RANGES
T20180001174,Dry,Clear,Vehicle overturned (no collision),Saturday,Day,60,2018/01/20,08:30:00,No,1.0,1.0,-38.49911144,144.009423,SURF COAST
T20180001178,Dry,Clear,Collision with a fixed object,Saturday,Day,80,2018/01/20,10:27:00,No,1.0,1.0,-36.76933979,144.2250907,GREATER BENDIGO
T20180001184,Dry,Clear,Collision with a fixed object,Friday,Day,110,2018/01/19,14:15:00,No,1.0,1.0,-38.20491673,146.3005018,LATROBE
T20180001188,Dry,Clear,Collision with a fixed object,Saturday,Day,100,2018/01/20,10:25:00,No,3.0,3.0,-36.9998809,145.7455484,MANSFIELD
T20180001189,Dry,Clear,Collision with vehicle,Saturday,Day,50,2018/01/20,11:45:00,No,2.0,1.0,-36.36545276,146.3170487,WANGARATTA
T20180001194,Dry,Clear,No collision and no object struck,Saturday,Day,100,2018/01/20,10:14:00,No,1.0,1.0,-38.33066381,145.7140899,SOUTH GIPPSLAND
T20180001196,Dry,Clear,Collision with vehicle,Saturday,Day,100,2018/01/20,08:40:00,No,2.0,1.0,-38.20811995,144.2984199,GREATER GEELONG
T20180001201,Dry,Clear,Collision with a fixed object,Saturday,Dark No street lights,100,2018/01/20,03:30:00,Yes,1.0,1.0,-37.47308963,141.3226029,GLENELG
T20180001208,Dry,Clear,Collision with a fixed object,Friday,Day,100,2018/01/19,15:30:00,No,2.0,2.0,-36.6080428,142.1683705,HORSHAM
T20180001213,Dry,Clear,Collision with vehicle,Saturday,Day,50,2018/01/20,18:44:00,Yes,2.0,1.0,-37.82511396,147.6289624,EAST GIPPSLAND
T20180001220,Dry,Clear,Collision with vehicle,Saturday,Dusk/Dawn,999,2018/01/20,20:00:00,Yes,3.0,1.0,-38.19640771,146.5401184,LATROBE
T20180001224,Dry,Clear,Collision with a fixed object,Thursday,Day,100,2018/01/18,12:05:00,No,1.0,1.0,-36.75241441,145.5327,STRATHBOGIE
T20180001225,Dry,Clear,Collision with a fixed object,Saturday,Dark Street lights on,40,2018/01/20,22:30:00,Yes,1.0,1.0,-34.18848327,142.1525689,MILDURA
T20180001237,Dry,Clear,collision with some other object,Saturday,Day,60,2018/01/20,18:50:00,Yes,1.0,1.0,-36.13530992,144.7290411,CAMPASPE
T20180001243,Dry,Not known,Collision with a fixed object,Sunday,Day,60,2018/01/21,07:55:00,Yes,1.0,1.0,-37.84237341,147.5820982,EAST GIPPSLAND
T20180001249,Dry,Clear,Struck animal,Saturday,Dark Street lights on,60,2018/01/20,21:30:00,Yes,1.0,1.0,-37.68096948,143.5661719,GOLDEN PLAINS
T20180001252,Dry,Clear,Collision with vehicle,Sunday,Day,60,2018/01/21,12:40:00,No,2.0,2.0,-37.95359484,144.1680703,GOLDEN PLAINS
T20180001254,Dry,Clear,Collision with a fixed object,Sunday,Dark No street lights,100,2018/01/21,00:30:00,Yes,1.0,1.0,-36.55370923,146.9661511,ALPINE
T20180001262,Dry,Clear,Collision with a fixed object,Sunday,Day,100,2018/01/21,13:00:00,No,1.0,1.0,-36.54997999,144.6916149,CAMPASPE
T20180001264,Dry,Clear,Collision with a fixed object,Sunday,Day,80,2018/01/21,09:15:00,Yes,1.0,1.0,-38.50035181,143.960208,SURF COAST
T20180001276,Dry,Not known,Collision with vehicle,Saturday,Day,60,2018/01/20,08:15:00,No,2.0,1.0,-38.30284845,144.340894,SURF COAST
T20180001277,Dry,Not known,Collision with a fixed object,Sunday,Dusk/Dawn,50,2018/01/21,20:30:00,No,1.0,1.0,-36.39785869,145.3443496,GREATER SHEPPARTON
T20180001283,Dry,Not known,Collision with vehicle,Sunday,Dark Street lights on,50,2018/01/21,21:40:00,No,2.0,1.0,-38.15260229,144.334124,GREATER GEELONG
T20180001289,Dry,Clear,Vehicle overturned (no collision),Sunday,Day,80,2018/01/21,19:00:00,Yes,1.0,1.0,-37.11282724,148.7561093,EAST GIPPSLAND
T20180001291,Dry,Clear,Vehicle overturned (no collision),Sunday,Day,100,2018/01/21,14:30:00,No,1.0,1.0,-35.67679813,141.345163,MILDURA
T20180001326,Wet,Raining,Collision with a fixed object,Saturday,Day,999,2017/12/02,11:00:00,No,1.0,1.0,-38.29458984,145.9021097,BAW BAW
T20180001328,Unknown,Not known,No collision and no object struck,Monday,Unknown,999,2018/01/22,14:00:00,No,1.0,1.0,-37.2935251,145.6394452,MURRINDINDI
T20180001330,Dry,Clear,Collision with vehicle,Monday,Day,60,2018/01/22,16:30:00,Yes,4.0,1.0,-36.35745407,145.4020129,GREATER SHEPPARTON
T20180001333,Dry,Clear,Collision with vehicle,Monday,Day,80,2018/01/22,16:55:00,No,4.0,2.0,-38.18282464,144.4379782,GREATER GEELONG
T20180001337,Dry,Clear,Collision with a fixed object,Monday,Day,80,2018/01/22,16:05:00,No,2.0,1.0,-38.34910664,143.428411,COLAC OTWAY
T20180001339,Dry,Clear,Collision with a fixed object,Monday,Day,100,2018/01/22,17:00:00,No,1.0,1.0,-36.79735245,144.4087895,GREATER BENDIGO
T20180001351,Dry,Clear,Collision with vehicle,Monday,Dark Street lights on,60,2018/01/22,21:05:00,Yes,2.0,1.0,-38.35388608,143.5898807,COLAC OTWAY
T20180001358,Dry,Clear,Collision with vehicle,Monday,Day,100,2018/01/22,15:00:00,No,8.0,7.0,-38.05420001,141.07149,GLENELG
T20180001366,Dry,Clear,Collision with vehicle,Tuesday,Day,60,2018/01/23,07:30:00,No,2.0,1.0,-37.56994637,143.8705745,BALLARAT
T20180001370,Dry,Clear,No collision and no object struck,Thursday,Day,80,2017/06/01,13:00:00,No,1.0,1.0,-38.46504,145.2389846,BASS COAST
T20180001371,Dry,Clear,Collision with vehicle,Tuesday,Day,60,2018/01/23,09:15:00,No,2.0,1.0,-38.14676003,144.3471254,GREATER GEELONG
T20180001375,Dry,Clear,Collision with vehicle,Tuesday,Day,60,2018/01/23,10:00:00,No,2.0,1.0,-38.33087614,144.3168201,SURF COAST
T20180001380,Dry,Clear,Collision with a fixed object,Tuesday,Dusk/Dawn,60,2018/01/23,06:50:00,No,1.0,1.0,-38.08406027,144.3485723,GREATER GEELONG
T20180001383,Dry,Clear,Collision with vehicle,Sunday,Day,100,2017/12/10,13:15:00,No,3.0,1.0,-36.19630016,144.7307486,CAMPASPE
T20180001386,Dry,Clear,Collision with a fixed object,Tuesday,Dark No street lights,100,2018/01/23,04:00:00,Yes,1.0,1.0,-36.06554968,142.0237069,HINDMARSH
T20180001401,Dry,Clear,Struck animal,Monday,Dusk/Dawn,100,2018/01/22,20:45:00,Yes,1.0,1.0,-36.24891144,146.6355471,INDIGO
T20180001405,Dry,Clear,Collision with vehicle,Tuesday,Day,50,2018/01/23,15:43:00,No,3.0,2.0,-35.341715,143.5545401,SWAN HILL
T20180001409,Dry,Clear,Collision with vehicle,Tuesday,Day,100,2018/01/23,16:18:00,No,3.0,3.0,-36.43084001,146.3580504,WANGARATTA
T20180001411,Dry,Clear,Collision with vehicle,Tuesday,Day,60,2018/01/23,18:15:00,Yes,2.0,1.0,-38.33081493,143.614611,COLAC OTWAY
T20180001421,Dry,Clear,Struck Pedestrian,Tuesday,Day,50,2018/01/23,19:50:00,Yes,2.0,1.0,-38.33929867,143.5816601,COLAC OTWAY
T20180001422,Dry,Clear,Collision with a fixed object,Tuesday,Day,100,2018/01/23,17:15:00,No,1.0,1.0,-38.15574046,142.0576979,MOYNE
T20180001425,Dry,Clear,No collision and no object struck,Tuesday,Dusk/Dawn,80,2018/01/23,19:28:00,Yes,1.0,1.0,-36.82759061,144.2400079,GREATER BENDIGO
T20180001430,Dry,Clear,Collision with vehicle,Tuesday,Day,80,2018/01/23,16:41:00,No,2.0,2.0,-38.31179192,143.7098801,COLAC OTWAY
T20180001432,Dry,Not known,Collision with vehicle,Monday,Dark No street lights,60,2018/01/22,21:30:00,Yes,5.0,3.0,-37.61129819,144.3264613,MOORABOOL
T20180001435,Dry,Clear,Struck animal,Thursday,Day,100,2018/01/18,13:00:00,No,1.0,1.0,-37.34047013,145.0298888,MITCHELL
T20180001436,Dry,Clear,Collision with vehicle,Tuesday,Dark No street lights,80,2018/01/23,21:45:00,Yes,4.0,1.0,-37.51030351,143.8048415,BALLARAT
T20180001438,Dry,Clear,Collision with a fixed object,Tuesday,Dark Street lights on,60,2018/01/23,23:32:00,Yes,4.0,3.0,-36.77191196,144.3010489,GREATER BENDIGO
T20180001441,Dry,Clear,Collision with vehicle,Tuesday,Dusk/Dawn,999,2018/01/23,06:20:00,No,3.0,1.0,-34.22366039,142.1358521,MILDURA
T20180001445,Dry,Clear,Collision with vehicle,Wednesday,Day,50,2018/01/24,06:08:00,No,2.0,1.0,-38.09430946,144.3647701,GREATER GEELONG
T20180001463,Dry,Clear,collision with some other object,Wednesday,Day,50,2018/01/24,13:09:00,No,1.0,1.0,-37.53790569,143.8374317,BALLARAT
T20180001465,Dry,Clear,Collision with a fixed object,Wednesday,Day,100,2018/01/24,13:15:00,No,1.0,1.0,-38.62898887,145.8303499,SOUTH GIPPSLAND
T20180001468,Dry,Clear,Collision with vehicle,Thursday,Day,100,2018/01/18,12:38:00,No,3.0,1.0,-38.01754066,146.7129638,WELLINGTON
T20180001486,Dry,Clear,Collision with vehicle,Wednesday,Day,60,2018/01/24,17:00:00,No,2.0,1.0,-34.21351746,142.144443,MILDURA