Accident_No,Surface_Cond_Desc,Atmosph_Cond_Desc,Accident_Type_Desc,Day,Light_Condition_Desc,Speed_Zone,Accident_Date,Accident_Time,Alcohol_Influence,Total_Persons_Inv,Inj_Or_Fatal,Lat,Long,LGA
T20180001489,Dry,Clear,Collision with vehicle,Wednesday,Day,60,2018/01/24,17:00:00,No,2.0,1.0,-36.71668676,144.2458417,GREATER BENDIGO
T20180001500,Dry,Clear,Collision with vehicle,Wednesday,Day,60,2018/01/24,16:55:00,No,2.0,1.0,-36.74004086,144.2982515,GREATER BENDIGO
T20180001521,Dry,Clear,Collision with vehicle,Thursday,Day,100,2018/01/25,09:00:00,No,5.0,1.0,-36.00249426,145.942284,MOIRA
T20180001527,Dry,Not known,No collision and no object struck,Sunday,Day,999,2018/01/21,11:30:00,No,1.0,1.0,-37.83215961,144.1183091,GOLDEN PLAINS
T20180001529,Dry,Clear,Collision with vehicle,Thursday,Day,70,2018/01/25,12:10:00,No,6.0,1.0,-36.71381872,144.3193547,GREATER BENDIGO
T20180001543,Dry,Clear,Collision with a fixed object,Thursday,Day,100,2018/01/25,12:25:00,No,1.0,1.0,-37.15192954,143.7072466,CENTRAL GOLDFIELDS
T20180001545,Dry,Clear,Collision with vehicle,Thursday,Day,50,2018/01/25,16:43:00,No,2.0,1.0,-37.58239654,143.8679866,BALLARAT
T20180001552,Dry,Clear,Collision with vehicle,Saturday,Day,60,2018/01/20,18:00:00,Yes,3.0,1.0,-38.64169795,143.8923714,COLAC OTWAY
T20180001554,Dry,Clear,Collision with a fixed object,Thursday,Day,80,2018/01/25,15:34:00,No,2.0,2.0,-36.41592003,145.4080435,GREATER SHEPPARTON
T20180001556,Dry,Clear,Collision with a fixed object,Thursday,Day,100,2018/01/25,13:59:00,No,1.0,1.0,-36.38563038,146.4226499,WANGARATTA
T20180001572,Dry,Clear,Collision with vehicle,Thursday,Dark Street lights on,60,2018/01/25,21:00:00,Yes,2.0,1.0,-38.14117495,144.3316508,GREATER GEELONG
T20180001576,Wet,Raining,Collision with a fixed object,Thursday,Dark No street lights,110,2018/01/25,23:00:00,Yes,1.0,1.0,-36.95693759,145.1979194,MITCHELL
T20180001577,Dry,Clear,collision with some other object,Friday,Dark No street lights,100,2018/01/26,00:30:00,Yes,1.0,1.0,-36.59617289,142.6318465,YARRIAMBIACK
T20180001578,Dry,Clear,Collision with a fixed object,Friday,Dark No street lights,80,2018/01/26,02:40:00,Yes,1.0,1.0,-38.25502664,144.1377495,SURF COAST
T20180001583,Dry,Clear,Collision with vehicle,Thursday,Day,60,2018/01/11,13:50:00,No,2.0,1.0,-36.3146283,145.0320773,CAMPASPE
T20180001585,Dry,Clear,Collision with a fixed object,Friday,Day,100,2018/01/26,08:35:00,No,1.0,1.0,-36.27790587,145.4862774,GREATER SHEPPARTON
T20180001586,Dry,Clear,No collision and no object struck,Saturday,Day,999,2018/01/13,11:00:00,No,1.0,1.0,-37.38421934,145.0719074,MITCHELL
T20180001592,Dry,Clear,Collision with vehicle,Thursday,Day,80,2018/01/25,15:00:00,No,3.0,1.0,-38.14430554,145.8933293,BAW BAW
T20180001597,Dry,Clear,Collision with vehicle,Thursday,Day,60,2018/01/25,13:56:00,No,2.0,1.0,-38.16243807,145.9488028,BAW BAW
T20180001598,Dry,Clear,Struck Pedestrian,Friday,Day,50,2018/01/26,10:49:00,No,5.0,1.0,-38.11218255,144.3399495,GREATER GEELONG
T20180001602,Dry,Clear,Collision with a fixed object,Friday,Day,60,2018/01/26,12:10:00,No,1.0,1.0,-38.43393803,145.8248403,SOUTH GIPPSLAND
T20180001603,Dry,Clear,Collision with vehicle,Thursday,Day,50,2018/01/25,15:30:00,No,1.0,1.0,-38.1007135,147.0760102,WELLINGTON
T20180001608,Dry,Clear,Collision with a fixed object,Friday,Day,100,2018/01/26,14:00:00,No,1.0,1.0,-36.67507114,147.1328074,ALPINE
T20180001609,Dry,Clear,Vehicle overturned (no collision),Sunday,Day,100,2018/01/21,16:00:00,Yes,1.0,1.0,-36.9396506,147.3169777,EAST GIPPSLAND
T20180001614,Dry,Clear,Collision with a fixed object,Thursday,Day,100,2018/01/25,19:05:00,Yes,3.0,2.0,-36.06636705,146.1774757,MOIRA
T20180001620,Dry,Clear,Collision with vehicle,Friday,Day,100,2018/01/26,16:50:00,Yes,5.0,1.0,-38.5054559,142.7978423,MOYNE
T20180001625,Dry,Clear,Vehicle overturned (no collision),Friday,Dusk/Dawn,80,2018/01/26,18:45:00,Yes,5.0,5.0,-37.32904948,145.0121809,MITCHELL
T20180001633,Dry,Clear,Collision with a fixed object,Friday,Day,100,2018/01/26,14:10:00,No,1.0,1.0,-36.93257304,146.2136007,MANSFIELD
T20180001636,Dry,Clear,Collision with vehicle,Saturday,Dark Street lights on,50,2018/01/27,00:07:00,Yes,1.0,1.0,-38.34259232,143.5808152,COLAC OTWAY
T20180001642,Wet,Raining,Collision with a fixed object,Saturday,Dark Street lights on,60,2018/01/27,00:10:00,Yes,1.0,1.0,-38.17850871,146.2663815,LATROBE
T20180001658,Dry,Clear,Collision with vehicle,Saturday,Day,60,2018/01/27,10:15:00,No,3.0,1.0,-36.49837635,144.6106789,GREATER BENDIGO
T20180001664,Dry,Clear,No collision and no object struck,Saturday,Dusk/Dawn,100,2018/01/27,06:37:00,Yes,4.0,4.0,-37.15004928,142.5715411,NORTHERN GRAMPIANS
T20180001701,Dry,Clear,Collision with vehicle,Monday,Day,60,2018/01/08,10:15:00,No,2.0,1.0,-37.54119627,143.8400266,BALLARAT
T20180001711,Dry,Clear,Collision with a fixed object,Sunday,Day,80,2018/01/28,07:30:00,Yes,1.0,1.0,-37.12775171,147.534998,EAST GIPPSLAND
T20180001713,Dry,Clear,Collision with vehicle,Sunday,Day,80,2018/01/28,07:45:00,Yes,5.0,1.0,-38.28008757,143.8656388,SURF COAST
T20180001715,Dry,Clear,Collision with a fixed object,Saturday,Dark No street lights,100,2018/01/27,22:00:00,Yes,1.0,1.0,-38.15226031,146.5541924,LATROBE
T20180001718,Dry,Clear,Collision with a fixed object,Sunday,Day,110,2018/01/28,12:45:00,No,2.0,2.0,-37.09343235,144.3346396,MOUNT ALEXANDER
T20180001719,Dry,Clear,Vehicle overturned (no collision),Sunday,Day,80,2018/01/28,08:55:00,Yes,1.0,1.0,-38.5540099,143.97647,SURF COAST
T20180001720,Dry,Clear,Collision with vehicle,Sunday,Day,60,2018/01/28,12:30:00,No,1.0,1.0,-38.17361991,144.3126293,GREATER GEELONG
T20180001725,Dry,Clear,Collision with vehicle,Sunday,Day,80,2018/01/28,13:15:00,No,9.0,2.0,-38.71714051,143.7072689,COLAC OTWAY
T20180001727,Dry,Clear,Collision with a fixed object,Sunday,Day,60,2018/01/28,09:30:00,Yes,1.0,1.0,-37.11533888,146.4257727,MOUNT BULLER ALPINE RESORT (UNINC)
T20180001729,Dry,Clear,Collision with vehicle,Sunday,Day,70,2018/01/28,13:50:00,No,4.0,3.0,-38.15818583,144.3745262,GREATER GEELONG
T20180001740,Dry,Clear,Collision with vehicle,Sunday,Day,100,2018/01/28,14:30:00,No,3.0,3.0,-38.14821331,146.4477386,LATROBE
T20180001741,Dry,Clear,No collision and no object struck,Sunday,Day,80,2018/01/28,14:58:00,No,1.0,1.0,-38.69679351,143.7956605,COLAC OTWAY
T20180001748,Dry,Clear,Collision with a fixed object,Saturday,Dark No street lights,110,2018/01/27,22:15:00,Yes,1.0,1.0,-35.163984,141.8726908,MILDURA
T20180001749,Dry,Clear,Collision with a fixed object,Sunday,Day,80,2018/01/28,17:50:00,Yes,2.0,2.0,-38.65069072,143.7109823,COLAC OTWAY
T20180001752,Dry,Clear,Vehicle overturned (no collision),Sunday,Day,100,2018/01/28,18:20:00,Yes,1.0,1.0,-37.50379005,145.8756035,LAKE MOUNTAIN ALPINE RESORT (UNINC)
T20180001763,Dry,Clear,Collision with vehicle,Thursday,Dark Street lights on,50,2018/01/25,23:50:00,Yes,4.0,1.0,-37.55954521,143.8567067,BALLARAT
T20180001770,Dry,Clear,Collision with a fixed object,Monday,Day,100,2018/01/29,07:26:00,Yes,1.0,1.0,-38.38394977,146.127215,SOUTH GIPPSLAND
T20180001772,Dry,Clear,Collision with a fixed object,Monday,Day,100,2018/01/29,10:23:00,No,1.0,1.0,-36.78010958,142.1790427,HORSHAM
T20180001778,Dry,Clear,Collision with vehicle,Monday,Day,60,2018/01/29,12:10:00,No,4.0,1.0,-37.65917786,144.4244057,MOORABOOL
T20180001784,Dry,Clear,Collision with vehicle,Monday,Day,60,2018/01/29,14:27:00,No,3.0,2.0,-37.0630635,142.7657166,NORTHERN GRAMPIANS
T20180001790,Dry,Clear,No collision and no object struck,Monday,Day,100,2018/01/29,15:15:00,No,2.0,1.0,-36.6195035,144.5447478,GREATER BENDIGO
T20180001791,Dry,Clear,Collision with vehicle,Monday,Day,60,2018/01/29,14:05:00,No,2.0,1.0,-38.07714011,144.3475845,GREATER GEELONG
T20180001795,Dry,Clear,Collision with vehicle,Monday,Day,50,2018/01/29,17:50:00,No,6.0,1.0,-37.83033965,147.6088794,EAST GIPPSLAND
T20180001796,Wet,Raining,Collision with vehicle,Monday,Day,70,2018/01/29,17:25:00,No,5.0,3.0,-37.55465683,143.8162895,BALLARAT
T20180001804,Dry,Clear,Vehicle overturned (no collision),Monday,Day,999,2018/01/29,19:00:00,Yes,2.0,2.0,-37.38262754,146.2194072,MANSFIELD
T20180001817,Wet,Raining,collision with some other object,Tuesday,Dusk/Dawn,999,2018/01/30,06:30:00,No,1.0,1.0,-38.13189472,145.8111691,BAW BAW
T20180001831,Wet,Raining,Vehicle overturned (no collision),Tuesday,Day,100,2018/01/30,10:40:00,No,5.0,2.0,-36.37853616,145.3250898,GREATER SHEPPARTON
T20180001834,Dry,Clear,Collision with vehicle,Tuesday,Day,60,2018/01/30,09:30:00,No,4.0,2.0,-38.20290361,144.3393317,GREATER GEELONG
T20180001837,Wet,Clear,Collision with a fixed object,Tuesday,Day,75,2018/01/30,11:45:00,No,1.0,1.0,-38.27217992,146.6922138,WELLINGTON
T20180001840,Wet,Raining,Collision with a fixed object,Tuesday,Day,80,2018/01/30,07:50:00,No,1.0,1.0,-38.17321831,146.4959908,LATROBE
T20180001844,Wet,Raining,Struck animal,Friday,Dark No street lights,100,2018/01/26,21:25:00,Yes,1.0,1.0,-37.1530083,145.2780014,MURRINDINDI
T20180001847,Dry,Clear,Struck Pedestrian,Tuesday,Day,40,2018/01/30,14:14:00,No,2.0,1.0,-38.15157196,144.3673469,GREATER GEELONG
T20180001848,Dry,Clear,Collision with vehicle,Tuesday,Day,60,2018/01/30,15:15:00,No,2.0,1.0,-38.10487954,147.0767068,WELLINGTON
T20180001850,Dry,Clear,Collision with vehicle,Tuesday,Day,60,2018/01/30,15:10:00,No,2.0,1.0,-36.74211062,144.2584226,GREATER BENDIGO
T20180001866,Dry,Clear,Collision with a fixed object,Tuesday,Day,100,2018/01/30,18:00:00,Yes,1.0,1.0,-36.20308,145.4318422,GREATER SHEPPARTON
T20180001867,Dry,Clear,Collision with a fixed object,Tuesday,Dark No street lights,100,2018/01/30,20:33:00,Yes,1.0,1.0,-36.59673711,144.83922,CAMPASPE
T20180001870,Dry,Clear,Collision with vehicle,Tuesday,Dark Street lights on,60,2018/01/30,21:36:00,Yes,6.0,4.0,-38.17933042,144.3675903,GREATER GEELONG
T20180001873,Dry,Clear,Collision with a fixed object,Tuesday,Day,100,2018/01/30,18:20:00,Yes,2.0,2.0,-38.40869043,143.2921245,COLAC OTWAY
T20180001874,Dry,Clear,Vehicle overturned (no collision),Tuesday,Unknown,100,2018/01/30,11:20:00,No,1.0,1.0,-36.33522349,141.6895395,HINDMARSH
T20180001875,Dry,Clear,collision with some other object,Saturday,Day,999,2018/01/20,10:45:00,No,1.0,1.0,-36.14872003,147.8756904,TOWONG
T20180001877,Dry,Clear,Collision with vehicle,Tuesday,Day,80,2018/01/30,15:00:00,No,2.0,1.0,-38.23518541,146.4303884,LATROBE
T20180001883,Dry,Clear,Collision with vehicle,Wednesday,Day,60,2018/01/31,11:00:00,No,2.0,1.0,-38.16285658,145.9439808,BAW BAW
T20180001885,Dry,Clear,Collision with vehicle,Wednesday,Day,60,2018/01/31,08:37:00,No,2.0,1.0,-38.09973607,147.077623,WELLINGTON
T20180001890,Dry,Clear,Collision with vehicle,Tuesday,Day,60,2018/01/30,16:40:00,No,4.0,2.0,-37.64597996,143.6834199,GOLDEN PLAINS
T20180001913,Dry,Clear,Collision with vehicle,Wednesday,Day,90,2018/01/31,17:20:00,No,3.0,3.0,-37.39123984,144.9766612,MITCHELL
T20180001916,Dry,Clear,Collision with a fixed object,Wednesday,Day,100,2018/01/31,14:00:00,No,1.0,1.0,-38.14556181,141.2718755,GLENELG
T20180001939,Dry,Clear,Struck Pedestrian,Tuesday,Day,50,2018/01/30,12:30:00,No,2.0,1.0,-38.17248293,144.3454644,GREATER GEELONG
T20180001948,Dry,Not known,Collision with vehicle,Thursday,Day,60,2018/02/01,10:00:00,No,3.0,1.0,-38.19602064,144.3454866,GREATER GEELONG
T20180001958,Dry,Clear,Collision with vehicle,Thursday,Day,60,2018/02/01,11:20:00,No,3.0,2.0,-36.49678693,144.6069639,GREATER BENDIGO
T20180001959,Dry,Clear,Collision with vehicle,Thursday,Day,80,2018/02/01,13:43:00,No,3.0,2.0,-36.71551886,144.2331745,GREATER BENDIGO
T20180001961,Dry,Clear,Collision with vehicle,Thursday,Day,60,2018/02/01,11:16:00,No,4.0,3.0,-36.75979337,144.2654227,GREATER BENDIGO
T20180001972,Dry,Clear,Collision with vehicle,Thursday,Day,60,2018/02/01,16:30:00,No,3.0,2.0,-38.3865306,142.503467,WARRNAMBOOL
T20180001980,Dry,Clear,Collision with vehicle,Thursday,Dusk/Dawn,50,2018/02/01,19:30:00,Yes,2.0,1.0,-36.76585348,144.2998949,GREATER BENDIGO
T20180001981,Dry,Clear,Vehicle overturned (no collision),Thursday,Day,100,2018/02/01,17:00:00,No,1.0,1.0,-36.58597744,146.775608,ALPINE
T20180001985,Dry,Clear,Collision with a fixed object,Wednesday,Day,100,2018/01/31,18:00:00,Yes,1.0,1.0,-38.39822806,146.2640253,LATROBE
T20180001995,Dry,Clear,Vehicle overturned (no collision),Thursday,Dark No street lights,100,2018/02/01,22:40:00,Yes,1.0,1.0,-38.30121981,146.5944095,LATROBE
T20180002023,Dry,Clear,Collision with a fixed object,Friday,Day,80,2018/02/02,07:40:00,No,1.0,1.0,-38.26817058,144.6061195,GREATER GEELONG
T20180002032,Dry,Clear,Collision with a fixed object,Thursday,Dusk/Dawn,60,2018/02/01,19:30:00,Yes,1.0,1.0,-37.29524898,145.8225409,MURRINDINDI
T20180002046,Dry,Clear,Collision with vehicle,Friday,Day,60,2018/02/02,16:44:00,Yes,4.0,3.0,-37.5824829,143.8608287,BALLARAT
T20180002049,Icy,Clear,Collision with a fixed object,Friday,Day,100,2018/02/02,16:20:00,Yes,2.0,1.0,-37.19665909,142.2206178,SOUTHERN GRAMPIANS
T20180002050,Dry,Clear,collision with some other object,Friday,Day,100,2018/01/26,16:35:00,Yes,1.0,1.0,-36.53036992,142.1137812,HORSHAM
T20180002064,Dry,Clear,Collision with a fixed object,Friday,Day,70,2018/02/02,20:13:00,Yes,1.0,1.0,-36.71443921,144.3245601,GREATER BENDIGO
T20180002085,Dry,Clear,Collision with a fixed object,Saturday,Day,100,2018/02/03,10:05:00,No,5.0,2.0,-37.39494919,144.9323796,MITCHELL
T20180002087,Dry,Clear,Collision with vehicle,Saturday,Day,60,2018/02/03,10:10:00,No,3.0,1.0,-37.03329017,145.101403,MITCHELL
T20180002108,Dry,Clear,Collision with a fixed object,Saturday,Day,100,2018/02/03,10:30:00,No,1.0,1.0,-36.92188001,147.04985,ALPINE
T20180002115,Dry,Clear,collision with some other object,Saturday,Day,110,2018/02/03,13:45:00,No,1.0,1.0,-37.47074081,143.6382229,BALLARAT
T20180002121,Dry,Clear,Collision with a fixed object,Saturday,Day,60,2018/02/03,19:15:00,Yes,1.0,1.0,-38.40519437,144.1889501,SURF COAST
T20180002127,Dry,Clear,Collision with a fixed object,Saturday,Dark No street lights,999,2018/02/03,02:00:00,Yes,4.0,1.0,-38.33180208,142.5757623,MOYNE
T20180002129,Dry,Clear,Collision with vehicle,Saturday,Day,80,2018/02/03,14:45:00,Yes,5.0,2.0,-38.31184318,143.7073001,COLAC OTWAY
T20180002131,Dry,Clear,Collision with vehicle,Saturday,Day,100,2018/02/03,17:00:00,Yes,5.0,3.0,-38.62324939,143.0153202,CORANGAMITE
T20180002133,Dry,Clear,Collision with a fixed object,Sunday,Dark No street lights,80,2018/02/04,01:40:00,Yes,1.0,1.0,-37.10438027,144.3014098,MOUNT ALEXANDER
T20180002136,Dry,Clear,Collision with vehicle,Sunday,Dark Street lights on,80,2018/02/04,00:10:00,Yes,4.0,2.0,-38.08413059,144.3583213,GREATER GEELONG
T20180002137,Dry,Clear,Collision with a fixed object,Saturday,Day,100,2018/02/03,17:00:00,Yes,1.0,1.0,-38.6443589,146.2336793,SOUTH GIPPSLAND
T20180002144,Dry,Clear,Collision with vehicle,Sunday,Day,80,2018/02/04,08:51:00,Yes,5.0,5.0,-38.24864998,144.3323275,SURF COAST
T20180002147,Dry,Clear,Collision with vehicle,Sunday,Day,50,2018/02/04,10:55:00,No,4.0,1.0,-36.36247906,145.4116475,GREATER SHEPPARTON
T20180002152,Dry,Clear,Collision with vehicle,Sunday,Day,60,2018/02/04,11:10:00,No,7.0,6.0,-38.0784379,144.3584045,GREATER GEELONG
T20180002164,Dry,Clear,Collision with a fixed object,Sunday,Day,100,2018/02/04,12:50:00,No,1.0,1.0,-36.91700916,144.3471586,GREATER BENDIGO
T20180002169,Dry,Clear,Collision with a fixed object,Saturday,Dark No street lights,100,2018/02/03,23:30:00,Yes,3.0,2.0,-37.53096044,145.4621286,MURRINDINDI
T20180002173,Dry,Clear,collision with some other object,Saturday,Day,100,2018/01/27,14:00:00,Yes,2.0,2.0,-36.07626968,147.9625273,TOWONG
T20180002177,Dry,Clear,Collision with vehicle,Sunday,Day,50,2018/02/04,16:10:00,Yes,2.0,1.0,-38.30839282,144.3294651,SURF COAST
T20180002182,Dry,Clear,Collision with vehicle,Saturday,Day,40,2018/02/03,14:05:00,Yes,2.0,1.0,-38.14687934,144.3552607,GREATER GEELONG
T20180002219,Dry,Clear,Collision with vehicle,Monday,Day,50,2018/02/05,11:05:00,No,1.0,1.0,-34.17456776,142.1456273,MILDURA
T20180002221,Unknown,Not known,Vehicle overturned (no collision),Sunday,Day,999,2018/02/04,10:00:00,Yes,1.0,1.0,-37.94530629,145.7882524,BAW BAW
T20180002230,Dry,Clear,Collision with vehicle,Monday,Day,60,2018/02/05,14:30:00,No,2.0,1.0,-36.75983096,144.2855713,GREATER BENDIGO
T20180002234,Dry,Clear,Collision with a fixed object,Saturday,Day,100,2018/01/27,13:30:00,No,1.0,1.0,-37.13489025,145.8068637,MURRINDINDI
T20180002244,Dry,Clear,Collision with vehicle,Monday,Day,60,2018/02/05,17:20:00,No,2.0,2.0,-38.07361189,144.3541096,GREATER GEELONG
T20180002248,Dry,Not known,Collision with vehicle,Thursday,Day,80,2018/01/25,14:45:00,No,2.0,1.0,-38.01279134,144.4353662,GREATER GEELONG
T20180002250,Dry,Clear,Collision with vehicle,Monday,Day,50,2018/02/05,18:30:00,Yes,2.0,2.0,-37.24257597,144.4544807,MACEDON RANGES
T20180002253,Dry,Clear,Collision with vehicle,Monday,Day,60,2018/02/05,18:50:00,Yes,3.0,3.0,-38.37311896,142.4678402,WARRNAMBOOL
T20180002255,Dry,Clear,Struck Pedestrian,Monday,Day,50,2018/02/05,11:55:00,No,2.0,1.0,-37.34149197,144.1427221,HEPBURN
T20180002256,Dry,Clear,Collision with vehicle,Monday,Day,40,2018/02/05,17:26:00,No,5.0,1.0,-38.10741687,147.0629199,WELLINGTON
T20180002258,Dry,Clear,Collision with a fixed object,Monday,Day,100,2018/02/05,14:45:00,No,4.0,4.0,-36.8019292,142.0546093,HORSHAM
T20180002263,Dry,Clear,Collision with a fixed object,Tuesday,Dusk/Dawn,60,2018/02/06,06:40:00,No,1.0,1.0,-37.57651848,143.8804204,BALLARAT
T20180002264,Dry,Clear,Collision with vehicle,Monday,Day,100,2018/02/05,13:20:00,No,3.0,3.0,-35.47051032,143.6653998,SWAN HILL
T20180002274,Dry,Not known,Collision with a fixed object,Friday,Day,60,2017/11/03,15:00:00,No,1.0,1.0,-36.54694406,144.3705894,GREATER BENDIGO
T20180002275,Dry,Clear,Collision with vehicle,Tuesday,Day,50,2018/02/06,08:54:00,No,2.0,1.0,-38.20190808,144.3313778,GREATER GEELONG
T20180002279,Dry,Clear,Struck Pedestrian,Saturday,Day,50,2018/01/20,14:00:00,Yes,2.0,1.0,-38.1568018,144.3779165,GREATER GEELONG
T20180002287,Dry,Clear,Collision with vehicle,Tuesday,Day,40,2018/02/06,10:05:00,No,3.0,3.0,-38.29347025,143.82049,COLAC OTWAY
T20180002295,Dry,Clear,Collision with vehicle,Tuesday,Day,70,2018/02/06,09:50:00,No,3.0,1.0,-36.30315,145.0320739,CAMPASPE
T20180002297,Dry,Clear,Struck animal,Sunday,Dark No street lights,100,2018/01/28,03:00:00,No,1.0,1.0,-38.64983547,145.6114356,BASS COAST
T20180002299,Dry,Clear,Struck animal,Tuesday,Day,100,2018/02/06,14:27:00,No,1.0,1.0,-37.68540251,143.8725657,BALLARAT
T20180002305,Dry,Clear,Collision with a fixed object,Tuesday,Day,80,2018/02/06,17:15:00,No,1.0,1.0,-38.40128035,143.636982,COLAC OTWAY
T20180002315,Dry,Clear,Collision with vehicle,Monday,Dark Street lights off,80,2018/02/05,21:20:00,Yes,3.0,1.0,-37.5904021,143.8064891,BALLARAT
T20180002320,Dry,Clear,Collision with vehicle,Tuesday,Dark Street lights on,60,2018/02/06,21:24:00,Yes,2.0,1.0,-38.17853219,144.389951,GREATER GEELONG
T20180002347,Dry,Clear,Collision with vehicle,Wednesday,Day,60,2018/02/07,12:51:00,No,3.0,1.0,-38.09034443,144.3473667,GREATER GEELONG
T20180002354,Dry,Clear,Collision with vehicle,Friday,Day,60,2018/02/02,12:07:00,No,5.0,1.0,-38.32030235,143.0803626,CORANGAMITE
T20180002359,Dry,Clear,Struck Pedestrian,Wednesday,Day,60,2018/02/07,11:00:00,No,2.0,1.0,-34.1922131,142.1641124,MILDURA
T20180002376,Dry,Clear,Collision with a fixed object,Wednesday,Day,100,2018/02/07,15:30:00,No,1.0,1.0,-38.59250741,146.1807286,SOUTH GIPPSLAND
T20180002381,Dry,Clear,Collision with a fixed object,Wednesday,Day,100,2018/02/07,18:00:00,Yes,1.0,1.0,-37.98214549,146.8133909,WELLINGTON
T20180002388,Dry,Not known,Collision with vehicle,Wednesday,Unknown,50,2015/10/14,12:00:00,No,2.0,1.0,-37.04800026,143.7457431,CENTRAL GOLDFIELDS
T20180002395,Dry,Clear,Collision with a fixed object,Thursday,Day,100,2018/02/08,06:57:00,No,1.0,1.0,-37.75351981,144.0028704,MOORABOOL
T20180002396,Dry,Clear,Vehicle overturned (no collision),Sunday,Day,100,2017/12/10,11:00:00,No,1.0,1.0,-36.97781906,145.5778211,MURRINDINDI
T20180002398,Dry,Clear,Collision with vehicle,Thursday,Day,80,2018/02/08,10:00:00,No,2.0,1.0,-37.04455877,146.099049,MANSFIELD
T20180002403,Dry,Clear,Collision with vehicle,Thursday,Day,60,2018/02/08,11:30:00,No,3.0,1.0,-37.56036571,143.8429334,BALLARAT
T20180002407,Dry,Clear,Collision with vehicle,Thursday,Day,40,2018/02/08,08:30:00,No,3.0,1.0,-38.31188831,143.67369,COLAC OTWAY
T20180002420,Dry,Clear,Collision with a fixed object,Thursday,Day,100,2018/02/08,11:30:00,No,1.0,1.0,-37.65776064,143.8268181,GOLDEN PLAINS
T20180002424,Dry,Clear,Collision with vehicle,Thursday,Day,40,2018/02/08,11:45:00,No,6.0,2.0,-37.88044992,144.0777135,GOLDEN PLAINS
T20180002427,Dry,Clear,Collision with a fixed object,Thursday,Day,100,2018/02/08,13:30:00,No,1.0,1.0,-36.97723996,141.99378,HORSHAM
T20180002432,Dry,Clear,Collision with a fixed object,Thursday,Day,100,2018/02/08,15:15:00,No,5.0,5.0,-37.29884058,144.6891909,MACEDON RANGES
T20180002455,Dry,Clear,No collision and no object struck,Thursday,Dark No street lights,100,2018/02/08,01:00:00,Yes,2.0,2.0,-36.35110259,145.7827295,GREATER SHEPPARTON
T20180002456,Dry,Clear,Collision with a fixed object,Thursday,Dark No street lights,100,2018/02/08,23:56:00,Yes,4.0,4.0,-38.07320978,144.3352389,GREATER GEELONG
T20180002458,Dry,Clear,Collision with vehicle,Wednesday,Dark Street lights on,60,2018/02/07,23:38:00,Yes,2.0,1.0,-38.18064156,146.2543731,LATROBE
T20180002461,Dry,Clear,Collision with a fixed object,Friday,Dark No street lights,100,2018/02/09,04:00:00,Yes,3.0,1.0,-37.08769658,145.1128591,MITCHELL
T20180002472,Dry,Clear,Collision with vehicle,Friday,Day,80,2018/02/09,07:45:00,No,5.0,3.0,-35.31564272,143.5474661,SWAN HILL
T20180002475,Dry,Clear,No collision and no object struck,Thursday,Day,100,2018/02/08,19:25:00,Yes,3.0,3.0,-38.62829919,143.1474444,CORANGAMITE
T20180002477,Dry,Not known,Vehicle overturned (no collision),Thursday,Day,100,2018/02/01,08:20:00,No,2.0,1.0,-36.69379834,142.2260566,HORSHAM
T20180002489,Dry,Clear,Vehicle overturned (no collision),Thursday,Day,80,2018/02/08,14:30:00,No,2.0,1.0,-37.53386686,143.8175667,BALLARAT
T20180002497,Dry,Clear,Collision with vehicle,Friday,Day,100,2018/02/09,11:38:00,No,2.0,2.0,-37.51140903,143.7060872,BALLARAT
T20180002502,Unknown,Not known,Struck Pedestrian,Monday,Day,999,2017/08/28,15:00:00,No,2.0,1.0,-37.527906,143.816885,BALLARAT
T20180002523,Dry,Clear,Struck Pedestrian,Friday,Day,60,2018/02/09,19:15:00,Yes,3.0,1.0,-38.17115845,144.3468763,GREATER GEELONG
T20180002529,Dry,Clear,Vehicle overturned (no collision),Friday,Day,100,2018/02/09,17:35:00,Yes,2.0,2.0,-37.88782135,144.1186728,GOLDEN PLAINS
T20180002534,Dry,Clear,Collision with vehicle,Wednesday,Day,50,2018/02/07,06:00:00,Yes,5.0,3.0,-37.0519635,146.0883098,MANSFIELD
T20180002543,Dry,Clear,Collision with vehicle,Saturday,Dusk/Dawn,60,2018/02/10,06:00:00,Yes,2.0,1.0,-36.13676595,146.909107,WODONGA
T20180002544,Wet,Clear,Collision with vehicle,Friday,Day,70,2018/02/09,10:50:00,No,2.0,1.0,-38.18166053,146.2745191,LATROBE
T20180002547,Dry,Clear,Collision with a fixed object,Saturday,Dark Street lights on,50,2018/02/10,03:30:00,Yes,3.0,2.0,-36.76465903,144.2466083,GREATER BENDIGO
T20180002560,Dry,Clear,Collision with vehicle,Saturday,Day,100,2018/02/10,10:00:00,No,3.0,3.0,-36.04531572,146.6193123,INDIGO
T20180002562,Wet,Raining,Collision with vehicle,Saturday,Day,60,2018/02/10,14:00:00,Yes,2.0,1.0,-37.56080772,143.8489881,BALLARAT
T20180002563,Dry,Clear,Vehicle overturned (no collision),Saturday,Day,50,2018/02/10,10:15:00,No,4.0,3.0,-37.0075507,145.8057135,MANSFIELD
T20180002567,Dry,Clear,Collision with a fixed object,Saturday,Day,999,2018/02/10,14:56:00,Yes,2.0,2.0,-38.28255975,144.288848,SURF COAST
T20180002569,Dry,Clear,Vehicle overturned (no collision),Sunday,Dark No street lights,100,2017/12/24,00:05:00,Yes,1.0,1.0,-36.54910989,146.6699201,ALPINE
T20180002576,Dry,Clear,No collision and no object struck,Saturday,Day,100,2018/02/10,14:35:00,Yes,1.0,1.0,-38.74606979,143.2586961,COLAC OTWAY