Accident_No,Surface_Cond_Desc,Atmosph_Cond_Desc,Accident_Type_Desc,Day,Light_Condition_Desc,Speed_Zone,Accident_Date,Accident_Time,Alcohol_Influence,Total_Persons_Inv,Inj_Or_Fatal,Lat,Long,LGA
T20180002580,Wet,Clear,Collision with vehicle,Saturday,Day,100,2018/02/10,13:33:00,No,6.0,4.0,-38.2434399,145.7764997,BAW BAW
T20180002582,Wet,Clear,collision with some other object,Saturday,Day,100,2018/02/10,16:40:00,Yes,1.0,1.0,-38.12220313,144.2136797,GOLDEN PLAINS
T20180002584,Wet,Raining,Collision with vehicle,Saturday,Day,100,2018/02/10,16:45:00,Yes,4.0,2.0,-36.50766051,145.9675085,BENALLA
T20180002605,Dry,Clear,Collision with a fixed object,Monday,Day,100,2018/02/05,18:45:00,Yes,2.0,2.0,-38.83364064,146.1370489,SOUTH GIPPSLAND
T20180002624,Dry,Clear,Vehicle overturned (no collision),Sunday,Day,100,2018/02/11,12:50:00,No,1.0,1.0,-36.97717936,145.5773406,MURRINDINDI
T20180002626,Dry,Clear,Collision with vehicle,Sunday,Day,70,2018/02/11,15:00:00,No,2.0,1.0,-36.14045471,144.733873,CAMPASPE
T20180002635,Dry,Clear,Collision with vehicle,Sunday,Day,50,2018/02/11,15:35:00,No,2.0,2.0,-36.72021119,144.2711811,GREATER BENDIGO
T20180002636,Dry,Clear,Collision with a fixed object,Sunday,Day,100,2018/02/11,15:40:00,No,1.0,1.0,-36.84116175,144.3427512,GREATER BENDIGO
T20180002652,Dry,Clear,Collision with vehicle,Monday,Dark Street lights on,60,2018/02/12,00:45:00,Yes,1.0,1.0,-37.09507871,144.203029,MOUNT ALEXANDER
T20180002654,Dry,Clear,Collision with vehicle,Sunday,Dark Street lights on,80,2018/02/11,23:54:00,Yes,3.0,3.0,-38.08416923,144.3586743,GREATER GEELONG
T20180002656,Dry,Clear,Struck animal,Monday,Dusk/Dawn,100,2018/02/12,06:15:00,No,1.0,1.0,-38.13056189,147.0709361,WELLINGTON
T20180002668,Dry,Clear,Collision with vehicle,Sunday,Dark Street lights on,50,2018/02/11,21:18:00,No,2.0,1.0,-38.11322416,144.3340263,GREATER GEELONG
T20180002669,Dry,Clear,collision with some other object,Saturday,Day,100,2018/02/10,09:30:00,No,1.0,1.0,-36.8314726,146.9333423,ALPINE
T20180002690,Dry,Clear,Collision with vehicle,Monday,Day,60,2018/02/12,14:15:00,No,2.0,1.0,-38.37437965,142.4993497,WARRNAMBOOL
T20180002696,Dry,Clear,Vehicle overturned (no collision),Monday,Day,80,2018/02/12,11:10:00,No,1.0,1.0,-36.44083373,146.3681369,WANGARATTA
T20180002701,Dry,Clear,Collision with vehicle,Monday,Day,50,2018/02/12,14:40:00,No,3.0,1.0,-37.01747999,145.1464105,MITCHELL
T20180002702,Dry,Clear,Collision with vehicle,Monday,Day,50,2018/02/12,15:30:00,No,2.0,1.0,-37.67657515,144.4432309,MOORABOOL
T20180002703,Dry,Clear,Collision with vehicle,Monday,Day,50,2018/02/12,15:45:00,No,2.0,1.0,-38.02258016,144.4118298,GREATER GEELONG
T20180002706,Unknown,Not known,Collision with a fixed object,Sunday,Day,999,2018/02/11,13:00:00,No,2.0,2.0,-37.16658937,145.3718691,MURRINDINDI
T20180002709,Dry,Clear,Collision with vehicle,Monday,Day,60,2018/02/12,16:00:00,No,2.0,1.0,-38.15822872,144.3330486,GREATER GEELONG
T20180002718,Dry,Clear,Collision with vehicle,Monday,Day,999,2018/02/12,18:24:00,Yes,2.0,1.0,-37.55022044,143.8493838,BALLARAT
T20180002734,Dry,Clear,Collision with a fixed object,Tuesday,Unknown,100,2018/02/13,01:00:00,Yes,1.0,1.0,-36.73631,145.7350871,STRATHBOGIE
T20180002746,Unknown,Clear,Collision with vehicle,Sunday,Day,60,2018/02/11,16:45:00,Yes,2.0,1.0,-38.04478889,144.1760003,GOLDEN PLAINS
T20180002748,Dry,Clear,Collision with vehicle,Tuesday,Day,80,2018/02/13,11:05:00,No,7.0,2.0,-38.31482126,144.3182008,SURF COAST
T20180002756,Dry,Clear,Collision with a fixed object,Tuesday,Dark No street lights,100,2018/01/23,01:57:00,Yes,1.0,1.0,-37.46956111,144.7467561,MACEDON RANGES
T20180002764,Dry,Clear,Collision with a fixed object,Tuesday,Day,100,2018/02/13,14:00:00,No,1.0,1.0,-36.85682058,145.5266599,STRATHBOGIE
T20180002777,Dry,Clear,Collision with vehicle,Thursday,Day,80,2018/02/08,16:40:00,No,3.0,1.0,-37.42309416,144.9786098,MITCHELL
T20180002784,Dry,Clear,Collision with vehicle,Tuesday,Day,80,2018/02/13,18:05:00,Yes,2.0,1.0,-38.21567287,144.3145828,GREATER GEELONG
T20180002786,Dry,Clear,Collision with vehicle,Tuesday,Day,50,2018/02/13,17:15:00,No,2.0,1.0,-38.34276036,141.5834883,GLENELG
T20180002793,Dry,Not known,Struck Pedestrian,Tuesday,Day,60,2018/02/13,17:30:00,No,2.0,1.0,-36.37498956,145.4005768,GREATER SHEPPARTON
T20180002797,Dry,Clear,Collision with a fixed object,Tuesday,Day,50,2018/02/13,18:30:00,Yes,1.0,1.0,-37.62728016,143.6318711,PYRENEES
T20180002804,Dry,Clear,Collision with vehicle,Tuesday,Day,100,2018/02/13,16:21:00,No,3.0,3.0,-38.31570059,142.4004074,MOYNE
T20180002811,Dry,Clear,Collision with a fixed object,Tuesday,Dark No street lights,100,2018/02/13,21:00:00,Yes,1.0,1.0,-36.09850249,146.9823314,WODONGA
T20180002812,Dry,Clear,Struck Pedestrian,Tuesday,Day,999,2018/02/13,16:30:00,No,2.0,1.0,-38.29140032,145.9648943,BAW BAW
T20180002814,Dry,Clear,Collision with a fixed object,Wednesday,Dark No street lights,110,2018/02/14,03:30:00,Yes,1.0,1.0,-36.17146161,146.5013108,WANGARATTA
T20180002815,Dry,Clear,Collision with a fixed object,Wednesday,Dark No street lights,100,2018/02/14,00:10:00,Yes,4.0,2.0,-38.34417836,143.8099423,COLAC OTWAY
T20180002819,Dry,Clear,Collision with vehicle,Tuesday,Day,60,2018/02/13,14:30:00,No,3.0,1.0,-38.20798703,146.1549623,BAW BAW
T20180002826,Dry,Clear,Collision with a fixed object,Wednesday,Day,100,2018/02/14,07:40:00,No,1.0,1.0,-37.61113089,143.9815776,MOORABOOL
T20180002827,Dry,Clear,Collision with vehicle,Wednesday,Day,60,2018/02/14,10:00:00,No,3.0,2.0,-38.2638674,144.5342911,GREATER GEELONG
T20180002830,Wet,Raining,Collision with a fixed object,Wednesday,Day,80,2018/02/14,10:40:00,No,2.0,1.0,-38.45043811,145.978659,SOUTH GIPPSLAND
T20180002833,Wet,Raining,Collision with vehicle,Wednesday,Day,100,2018/02/14,08:50:00,No,4.0,2.0,-38.16420027,145.889433,BAW BAW
T20180002835,Dry,Clear,Collision with a fixed object,Wednesday,Day,100,2018/02/14,12:50:00,No,1.0,1.0,-37.11152963,144.1838493,MOUNT ALEXANDER
T20180002846,Dry,Not known,Collision with vehicle,Friday,Day,60,2018/01/05,16:30:00,Yes,2.0,1.0,-36.77995033,144.2501307,GREATER BENDIGO
T20180002861,Dry,Clear,Collision with vehicle,Wednesday,Day,40,2018/02/14,15:50:00,No,9.0,2.0,-37.55959272,143.8382553,BALLARAT
T20180002865,Unknown,Not known,Collision with vehicle,Monday,Unknown,999,2018/01/08,09:20:00,No,2.0,1.0,-38.11336224,144.6570362,GREATER GEELONG
T20180002867,Dry,Clear,Collision with vehicle,Wednesday,Day,60,2018/02/14,17:15:00,No,2.0,1.0,-38.18485325,144.5502136,GREATER GEELONG
T20180002876,Dry,Clear,Collision with a fixed object,Wednesday,Day,100,2018/02/14,19:00:00,Yes,1.0,1.0,-37.94620217,143.2696697,CORANGAMITE
T20180002891,Dry,Clear,Struck Pedestrian,Thursday,Dark No street lights,50,2018/02/15,02:30:00,Yes,2.0,1.0,-38.39200758,142.4924571,WARRNAMBOOL
T20180002892,Dry,Clear,Collision with a fixed object,Thursday,Dark No street lights,100,2018/02/08,20:35:00,Yes,1.0,1.0,-38.11386823,144.1567717,GOLDEN PLAINS
T20180002904,Dry,Clear,Collision with a fixed object,Monday,Day,80,2018/02/12,18:00:00,Yes,1.0,1.0,-36.36884019,146.3501799,WANGARATTA
T20180002911,Dry,Clear,Collision with vehicle,Thursday,Day,70,2018/02/15,11:54:00,No,2.0,1.0,-36.75937612,144.3131899,GREATER BENDIGO
T20180002930,Dry,Clear,Collision with a fixed object,Thursday,Day,40,2018/02/15,09:25:00,No,1.0,1.0,-38.04193732,143.6925527,COLAC OTWAY
T20180002943,Dry,Clear,Vehicle overturned (no collision),Wednesday,Dark No street lights,100,2018/02/14,21:45:00,Yes,1.0,1.0,-38.42846097,145.5057607,BASS COAST
T20180002947,Dry,Clear,Collision with vehicle,Thursday,Day,50,2018/02/15,13:30:00,No,2.0,1.0,-38.15564549,144.3738597,GREATER GEELONG
T20180002959,Dry,Clear,Collision with a fixed object,Thursday,Day,100,2018/02/15,17:30:00,No,2.0,2.0,-36.17349926,147.6387733,TOWONG
T20180002966,Wet,Raining,Vehicle overturned (no collision),Thursday,Dark No street lights,100,2018/02/15,20:41:00,Yes,2.0,1.0,-38.3817916,142.1874998,MOYNE
T20180002971,Dry,Clear,Collision with a fixed object,Wednesday,Dark No street lights,100,2018/02/14,00:25:00,Yes,1.0,1.0,-37.62937425,144.1614398,MOORABOOL
T20180002982,Dry,Clear,Collision with a fixed object,Thursday,Day,100,2018/02/15,15:15:00,No,1.0,1.0,-37.60526466,141.3509727,GLENELG
T20180002988,Dry,Clear,Collision with vehicle,Friday,Day,50,2018/02/16,08:30:00,No,3.0,2.0,-38.09359108,144.3588262,GREATER GEELONG
T20180002989,Wet,Raining,Collision with a fixed object,Thursday,Dark No street lights,100,2018/02/15,21:50:00,Yes,1.0,1.0,-38.28566789,142.9552397,CORANGAMITE
T20180002992,Dry,Clear,Struck Pedestrian,Friday,Day,60,2018/02/16,08:45:00,No,3.0,1.0,-34.19841928,142.1565883,MILDURA
T20180002999,Dry,Not known,Collision with a fixed object,Wednesday,Day,30,2018/02/14,12:00:00,No,1.0,1.0,-37.55194286,143.9016913,BALLARAT
T20180003004,Dry,Clear,Collision with vehicle,Friday,Day,60,2018/02/16,12:30:00,No,3.0,3.0,-38.35914069,141.6055329,GLENELG
T20180003008,Dry,Clear,Collision with vehicle,Friday,Day,60,2018/02/16,09:50:00,No,4.0,1.0,-36.7314577,144.304867,GREATER BENDIGO
T20180003010,Wet,Raining,Collision with a fixed object,Friday,Day,80,2018/02/16,09:07:00,No,1.0,1.0,-37.57729917,145.6357996,MURRINDINDI
T20180003012,Dry,Clear,Collision with a fixed object,Friday,Day,100,2018/02/16,10:35:00,No,1.0,1.0,-38.0837472,146.9881504,WELLINGTON
T20180003016,Dry,Clear,Collision with a fixed object,Friday,Day,100,2018/02/16,13:20:00,No,1.0,1.0,-38.33487958,146.3018397,LATROBE
T20180003019,Dry,Fog,Collision with a fixed object,Friday,Dark No street lights,100,2018/02/16,06:15:00,No,3.0,2.0,-36.39840772,141.4258504,WEST WIMMERA
T20180003023,Dry,Clear,Collision with vehicle,Friday,Day,60,2018/02/16,15:55:00,No,8.0,3.0,-37.55410047,143.8193839,BALLARAT
T20180003026,Unknown,Clear,Collision with vehicle,Wednesday,Day,70,2018/02/14,17:30:00,No,2.0,1.0,-38.11498978,144.3544877,GREATER GEELONG
T20180003035,Dry,Clear,Collision with vehicle,Friday,Day,60,2018/02/16,17:45:00,Yes,2.0,1.0,-38.15114408,144.346306,GREATER GEELONG
T20180003038,Dry,Clear,Collision with a fixed object,Friday,Day,100,2018/02/16,16:45:00,Yes,1.0,1.0,-34.29248943,142.1690211,MILDURA
T20180003039,Dry,Clear,Collision with vehicle,Friday,Day,100,2018/02/16,19:10:00,Yes,2.0,2.0,-38.24786189,144.4218596,GREATER GEELONG
T20180003040,Dry,Clear,Struck Pedestrian,Friday,Day,999,2018/02/16,20:10:00,Yes,2.0,1.0,-38.63455149,145.7298188,BASS COAST
T20180003049,Dry,Clear,Fall from or in moving vehicle,Friday,Dark Street lights on,60,2018/02/16,23:54:00,Yes,3.0,1.0,-37.96948688,146.9806627,WELLINGTON
T20180003063,Dry,Clear,Collision with vehicle,Friday,Dark Street lights on,40,2018/02/16,20:10:00,Yes,2.0,2.0,-37.55957789,143.8561704,BALLARAT
T20180003064,Dry,Clear,Collision with a fixed object,Saturday,Day,60,2018/02/17,11:00:00,No,1.0,1.0,-37.07060029,144.2270999,MOUNT ALEXANDER
T20180003076,Dry,Clear,Collision with vehicle,Saturday,Day,60,2018/02/17,14:38:00,Yes,8.0,1.0,-36.40008898,145.3685331,GREATER SHEPPARTON
T20180003077,Dry,Clear,No collision and no object struck,Saturday,Day,100,2018/02/17,14:55:00,Yes,4.0,4.0,-36.16486862,144.68904,CAMPASPE
T20180003079,Dry,Clear,Vehicle overturned (no collision),Saturday,Day,100,2018/02/17,14:50:00,Yes,1.0,1.0,-38.73154005,143.2535295,CORANGAMITE
T20180003090,Dry,Clear,Collision with vehicle,Saturday,Day,50,2018/02/17,16:35:00,Yes,3.0,1.0,-38.26616354,144.6585637,QUEENSCLIFFE
T20180003091,Dry,Clear,Collision with a fixed object,Friday,Day,100,2018/02/16,16:00:00,Yes,3.0,1.0,-37.55792195,143.9582537,MOORABOOL
T20180003094,Dry,Clear,Collision with vehicle,Saturday,Dark No street lights,100,2018/02/17,20:50:00,Yes,13.0,1.0,-38.05513017,147.0680794,WELLINGTON
T20180003099,Dry,Clear,Collision with vehicle,Saturday,Dark Street lights on,60,2018/02/17,21:05:00,Yes,2.0,2.0,-36.3602198,145.4158035,GREATER SHEPPARTON
T20180003103,Dry,Clear,Struck Pedestrian,Sunday,Dark Street lights on,50,2018/02/18,03:20:00,Yes,2.0,1.0,-38.19482596,146.5381738,LATROBE
T20180003123,Dry,Clear,Collision with vehicle,Sunday,Day,60,2018/02/18,12:20:00,No,2.0,1.0,-36.80222935,144.3345446,GREATER BENDIGO
T20180003125,Dry,Clear,Collision with vehicle,Saturday,Dark Street lights on,50,2018/02/17,22:50:00,Yes,1.0,1.0,-36.75200069,144.2740286,GREATER BENDIGO
T20180003128,Dry,Clear,No collision and no object struck,Saturday,Day,80,2018/02/17,12:32:00,No,1.0,1.0,-37.42620037,144.2838105,HEPBURN
T20180003130,Dry,Clear,Collision with vehicle,Sunday,Day,100,2018/02/18,14:15:00,No,3.0,3.0,-38.30144925,141.60029,GLENELG
T20180003131,Dry,Clear,Collision with vehicle,Sunday,Day,100,2018/02/18,12:33:00,No,4.0,3.0,-36.73406267,141.6130318,WEST WIMMERA
T20180003137,Dry,Clear,Struck animal,Sunday,Day,100,2018/02/18,12:40:00,No,1.0,1.0,-38.43119933,142.6558905,MOYNE
T20180003142,Dry,Clear,Vehicle overturned (no collision),Sunday,Day,100,2018/02/18,14:40:00,No,1.0,1.0,-37.50886,145.8765731,LAKE MOUNTAIN ALPINE RESORT (UNINC)
T20180003168,Dry,Clear,Collision with a fixed object,Sunday,Dark No street lights,100,2018/02/18,03:30:00,No,1.0,1.0,-36.13040792,144.777447,CAMPASPE
T20180003170,Dry,Clear,Collision with a fixed object,Sunday,Day,100,2018/02/18,15:45:00,No,4.0,4.0,-37.44238979,147.0384205,WELLINGTON
T20180003171,Dry,Clear,Collision with a fixed object,Monday,Dusk/Dawn,60,2018/02/19,07:05:00,No,1.0,1.0,-34.30846,142.1865349,MILDURA
T20180003185,Dry,Clear,collision with some other object,Tuesday,Day,100,2018/02/13,08:50:00,No,2.0,1.0,-36.57735224,143.8840989,LODDON
T20180003186,Dry,Clear,Collision with a fixed object,Monday,Day,100,2018/02/19,11:15:00,No,1.0,1.0,-38.082811,143.89454,GOLDEN PLAINS
T20180003190,Dry,Clear,Collision with vehicle,Monday,Day,60,2018/02/19,13:15:00,No,3.0,1.0,-37.53952599,143.8221625,BALLARAT
T20180003208,Dry,Clear,Collision with vehicle,Monday,Day,50,2018/02/19,18:00:00,Yes,6.0,3.0,-38.14460981,144.3290659,GREATER GEELONG
T20180003210,Dry,Clear,Collision with a fixed object,Monday,Day,80,2018/02/19,16:55:00,No,1.0,1.0,-38.44482015,143.9059322,SURF COAST
T20180003229,Dry,Clear,Collision with a fixed object,Monday,Dark No street lights,80,2018/02/19,21:00:00,Yes,1.0,1.0,-38.20420578,146.4565092,LATROBE
T20180003231,Wet,Raining,Collision with vehicle,Monday,Dark No street lights,100,2018/02/19,05:30:00,Yes,2.0,1.0,-36.84637622,144.9041737,STRATHBOGIE
T20180003233,Dry,Clear,Collision with a fixed object,Tuesday,Dark Street lights off,110,2018/02/20,03:00:00,Yes,1.0,1.0,-36.33139037,146.374779,WANGARATTA
T20180003235,Dry,Clear,Collision with vehicle,Monday,Day,60,2018/02/19,13:00:00,No,2.0,1.0,-37.53746752,143.820854,BALLARAT
T20180003270,Dry,Clear,Collision with vehicle,Friday,Day,50,2018/02/16,13:00:00,No,2.0,1.0,-36.05958172,145.205404,MOIRA
T20180003276,Dry,Clear,No collision and no object struck,Tuesday,Day,100,2018/02/20,13:30:00,No,1.0,1.0,-38.39675973,146.1770923,SOUTH GIPPSLAND
T20180003279,Unknown,Not known,Collision with vehicle,Thursday,Day,50,2018/02/01,14:55:00,No,5.0,2.0,-36.38116042,145.3992934,GREATER SHEPPARTON
T20180003280,Dry,Clear,Collision with vehicle,Monday,Day,100,2018/02/19,07:05:00,No,2.0,2.0,-36.37504423,146.7315277,INDIGO
T20180003287,Dry,Clear,Collision with vehicle,Tuesday,Day,60,2018/02/20,18:00:00,Yes,3.0,1.0,-38.19071175,144.3536695,GREATER GEELONG
T20180003299,Dry,Clear,No collision and no object struck,Tuesday,Day,60,2018/02/20,19:10:00,Yes,1.0,1.0,-37.29498956,143.7763659,HEPBURN
T20180003316,Dry,Clear,Collision with a fixed object,Tuesday,Dark No street lights,50,2018/02/20,22:40:00,Yes,1.0,1.0,-37.60466342,143.8820299,BALLARAT
T20180003319,Dry,Clear,Collision with a fixed object,Wednesday,Dark Street lights on,60,2018/02/21,05:35:00,Yes,1.0,1.0,-38.33764206,143.5731394,COLAC OTWAY
T20180003335,Dry,Clear,Collision with vehicle,Wednesday,Day,60,2018/02/21,10:15:00,No,4.0,1.0,-37.57961197,143.8420606,BALLARAT
T20180003340,Dry,Clear,Collision with vehicle,Wednesday,Day,100,2018/02/21,10:15:00,No,3.0,1.0,-35.92548128,145.32872,MOIRA
T20180003341,Dry,Clear,collision with some other object,Wednesday,Day,100,2018/02/21,09:30:00,No,1.0,1.0,-37.99875174,144.4414397,GREATER GEELONG
T20180003342,Dry,Clear,Collision with vehicle,Tuesday,Day,80,2018/02/20,12:30:00,No,2.0,1.0,-38.27092142,146.1828778,BAW BAW
T20180003353,Dry,Clear,Collision with vehicle,Wednesday,Day,80,2018/02/21,13:46:00,No,2.0,2.0,-38.16477332,144.4252022,GREATER GEELONG
T20180003355,Dry,Clear,Collision with vehicle,Tuesday,Day,100,2018/02/20,09:15:00,No,2.0,2.0,-35.73070436,143.9804021,GANNAWARRA
T20180003357,Dry,Clear,Vehicle overturned (no collision),Wednesday,Day,100,2018/02/21,12:00:00,No,1.0,1.0,-36.89607953,142.4773606,HORSHAM
T20180003363,Dry,Clear,Collision with a fixed object,Wednesday,Day,40,2018/02/21,14:48:00,No,1.0,1.0,-37.56301018,143.8590516,BALLARAT
T20180003365,Dry,Clear,Collision with vehicle,Wednesday,Day,100,2018/02/21,15:30:00,No,3.0,1.0,-37.42076669,145.0183506,MITCHELL
T20180003369,Dry,Clear,Collision with vehicle,Wednesday,Day,50,2018/02/21,15:15:00,No,3.0,1.0,-38.02415349,144.4087035,GREATER GEELONG
T20180003374,Dry,Clear,Collision with vehicle,Wednesday,Day,110,2018/02/21,17:38:00,No,2.0,1.0,-37.56697191,144.1008586,MOORABOOL
T20180003382,Dry,Clear,Collision with a fixed object,Wednesday,Day,100,2018/02/21,17:00:00,No,1.0,1.0,-37.00787048,142.8627207,NORTHERN GRAMPIANS
T20180003400,Dry,Clear,Struck Pedestrian,Monday,Day,60,2018/02/19,13:20:00,No,2.0,1.0,-38.14412971,144.3504475,GREATER GEELONG
T20180003403,Wet,Raining,Collision with vehicle,Thursday,Day,50,2018/02/22,10:47:00,No,4.0,2.0,-37.59770358,143.8315,BALLARAT
T20180003404,Dry,Clear,Collision with vehicle,Thursday,Day,60,2018/02/22,08:44:00,No,2.0,1.0,-36.38689057,145.3981141,GREATER SHEPPARTON
T20180003408,Dry,Clear,Vehicle overturned (no collision),Wednesday,Day,80,2018/02/21,15:20:00,No,2.0,2.0,-36.46521308,146.2323016,WANGARATTA
T20180003410,Dry,Clear,Collision with a fixed object,Thursday,Day,100,2018/02/22,12:00:00,No,1.0,1.0,-36.26987002,145.1319256,CAMPASPE
T20180003429,Dry,Clear,Struck Pedestrian,Thursday,Day,50,2018/02/22,15:08:00,No,2.0,1.0,-38.16108844,145.9170612,BAW BAW
T20180003435,Icy,Clear,Struck Pedestrian,Thursday,Day,50,2018/02/22,17:06:00,No,2.0,1.0,-36.39420028,145.3608994,GREATER SHEPPARTON
T20180003444,Wet,Raining,Collision with vehicle,Thursday,Day,100,2018/02/22,16:35:00,No,2.0,1.0,-36.43506646,142.0152692,HINDMARSH
T20180003453,Dry,Clear,Collision with a fixed object,Thursday,Day,80,2018/02/22,15:25:00,No,1.0,1.0,-38.74491007,143.2570498,CORANGAMITE
T20180003465,Dry,Clear,Collision with a fixed object,Thursday,Dark Street lights on,110,2018/02/22,23:07:00,Yes,2.0,1.0,-37.0513001,145.0999591,MITCHELL
T20180003473,Dry,Clear,Struck animal,Friday,Dusk/Dawn,100,2018/02/23,06:45:00,No,3.0,2.0,-36.6161,144.1995244,GREATER BENDIGO
T20180003474,Dry,Not known,Collision with a fixed object,Friday,Dark No street lights,100,2018/02/23,04:40:00,Yes,1.0,1.0,-37.38125209,145.0748027,MITCHELL
T20180003492,Dry,Clear,Collision with vehicle,Thursday,Day,100,2018/02/22,17:15:00,No,3.0,1.0,-36.41153593,145.2409393,GREATER SHEPPARTON
T20180003497,Dry,Clear,Collision with a fixed object,Friday,Day,80,2018/02/23,11:00:00,No,1.0,1.0,-37.29606986,145.0573075,MITCHELL
T20180003509,Dry,Clear,Vehicle overturned (no collision),Saturday,Dark No street lights,70,2017/07/29,01:30:00,Yes,2.0,2.0,-38.29611001,146.5268799,LATROBE
T20180003516,Dry,Clear,Collision with a fixed object,Friday,Day,100,2018/02/23,09:40:00,No,1.0,1.0,-37.62156769,142.4904714,SOUTHERN GRAMPIANS
T20180003518,Dry,Clear,Collision with vehicle,Friday,Day,80,2018/02/23,13:05:00,No,3.0,1.0,-38.27013993,143.89323,SURF COAST
T20180003521,Dry,Clear,Collision with vehicle,Wednesday,Day,60,2018/02/21,08:55:00,No,2.0,1.0,-36.13078922,146.8653966,WODONGA
T20180003529,Dry,Clear,Collision with vehicle,Saturday,Dark Street lights off,60,2018/01/27,21:30:00,Yes,3.0,1.0,-38.15777547,144.3813331,GREATER GEELONG
T20180003532,Dry,Clear,Struck Pedestrian,Friday,Day,50,2018/02/23,15:40:00,No,2.0,2.0,-36.13473094,146.8621643,WODONGA
T20180003534,Wet,Raining,Collision with a fixed object,Friday,Day,100,2018/02/23,15:05:00,No,1.0,1.0,-38.51773913,145.6611669,BASS COAST
T20180003536,Dry,Clear,Collision with vehicle,Friday,Day,50,2018/02/23,16:12:00,No,2.0,1.0,-36.34127932,146.3128151,WANGARATTA
T20180003549,Dry,Clear,Collision with vehicle,Thursday,Dark Street lights on,50,2018/02/22,01:25:00,Yes,2.0,1.0,-38.12784736,144.3363405,GREATER GEELONG
T20180003552,Wet,Not known,Collision with vehicle,Thursday,Day,60,2018/02/22,18:23:00,Yes,4.0,1.0,-36.75519915,144.2847006,GREATER BENDIGO
T20180003558,Dry,Clear,Struck Pedestrian,Saturday,Dark Street lights on,50,2018/02/24,03:30:00,Yes,4.0,2.0,-35.33823259,143.5622156,SWAN HILL
T20180003571,Dry,Clear,Collision with vehicle,Saturday,Day,50,2018/02/24,09:39:00,No,3.0,1.0,-37.67544035,144.4375632,MOORABOOL
T20180003572,Wet,Raining,Collision with a fixed object,Saturday,Day,100,2018/02/24,10:20:00,No,1.0,1.0,-38.38417496,142.5902281,WARRNAMBOOL
T20180003575,Wet,Raining,Struck animal,Saturday,Day,100,2018/02/24,11:40:00,No,1.0,1.0,-37.60297048,141.7252099,SOUTHERN GRAMPIANS
T20180003578,Dry,Clear,Collision with vehicle,Wednesday,Day,60,2018/02/21,17:25:00,No,3.0,1.0,-38.07385072,144.3560999,GREATER GEELONG
T20180003580,Dry,Not known,Collision with a fixed object,Friday,Dusk/Dawn,100,2018/02/23,19:10:00,Yes,2.0,2.0,-36.87549118,146.3247995,WANGARATTA
T20180003590,Dry,Clear,Collision with a fixed object,Saturday,Dark Street lights on,60,2018/02/24,00:50:00,Yes,1.0,1.0,-35.50746044,142.8496272,BULOKE
T20180003596,Dry,Clear,Struck Pedestrian,Monday,Dark Street lights on,60,2018/02/19,20:05:00,Yes,2.0,1.0,-36.55614017,145.97108,BENALLA
T20180003601,Dry,Clear,Collision with vehicle,Saturday,Day,60,2018/02/24,15:30:00,No,3.0,2.0,-38.35767426,143.5828859,COLAC OTWAY
T20180003606,Wet,Raining,Vehicle overturned (no collision),Saturday,Day,100,2018/02/24,15:00:00,Yes,1.0,1.0,-36.62953732,147.4246015,TOWONG
T20180003608,Dry,Clear,Collision with a fixed object,Sunday,Day,80,2018/02/18,14:15:00,No,2.0,1.0,-37.48598046,145.7553936,MURRINDINDI
T20180003610,Wet,Raining,Collision with a fixed object,Saturday,Day,100,2018/02/24,14:40:00,Yes,1.0,1.0,-36.57953049,146.5121383,WANGARATTA
T20180003614,Dry,Clear,Collision with a fixed object,Wednesday,Day,100,2018/02/21,16:00:00,No,2.0,2.0,-38.17250545,144.6888109,GREATER GEELONG
T20180003621,Dry,Clear,Collision with a fixed object,Saturday,Dark No street lights,110,2018/02/24,05:48:00,Yes,1.0,1.0,-37.52034865,144.6244119,MACEDON RANGES
T20180003628,Dry,Clear,Collision with a fixed object,Sunday,Dark No street lights,100,2018/02/25,03:14:00,Yes,1.0,1.0,-36.70127025,145.5155597,STRATHBOGIE
T20180003632,Wet,Raining,Collision with a fixed object,Saturday,Day,100,2018/02/24,08:40:00,No,3.0,2.0,-38.62128565,145.6959361,BASS COAST
T20180003640,Dry,Clear,Collision with vehicle,Sunday,Day,60,2018/02/25,12:45:00,No,2.0,2.0,-37.57792738,143.8522766,BALLARAT
T20180003647,Dry,Clear,Collision with vehicle,Sunday,Day,80,2018/02/25,09:30:00,Yes,2.0,1.0,-34.22262189,142.1138277,MILDURA
T20180003648,Dry,Clear,Collision with vehicle,Sunday,Day,110,2018/02/25,08:50:00,Yes,2.0,1.0,-38.2455846,146.4337701,LATROBE
T20180003654,Dry,Clear,Collision with vehicle,Sunday,Day,60,2018/02/25,16:20:00,No,2.0,1.0,-36.76810329,144.2654253,GREATER BENDIGO
T20180003663,Dry,Clear,Collision with vehicle,Sunday,Day,50,2018/02/04,11:30:00,No,2.0,1.0,-36.75796283,144.2849532,GREATER BENDIGO
T20180003664,Icy,Clear,Vehicle overturned (no collision),Sunday,Day,100,2018/02/25,16:30:00,Yes,1.0,1.0,-38.74336981,143.2554601,CORANGAMITE
T20180003675,Dry,Clear,Collision with a fixed object,Sunday,Dark No street lights,80,2018/02/25,23:40:00,No,1.0,1.0,-36.41450001,145.4318223,GREATER SHEPPARTON
T20180003687,Dry,Not known,Collision with a fixed object,Monday,Dusk/Dawn,100,2018/02/26,06:30:00,No,1.0,1.0,-37.59321715,144.1710791,MOORABOOL