Accident_No,Surface_Cond_Desc,Atmosph_Cond_Desc,Accident_Type_Desc,Day,Light_Condition_Desc,Speed_Zone,Accident_Date,Accident_Time,Alcohol_Influence,Total_Persons_Inv,Inj_Or_Fatal,Lat,Long,LGA
T20180003688,Dry,Clear,Collision with vehicle,Monday,Dusk/Dawn,60,2018/02/26,06:20:00,No,2.0,1.0,-38.18177791,144.3948047,GREATER GEELONG
T20180003702,Dry,Clear,Collision with vehicle,Monday,Day,70,2018/02/26,07:15:00,No,2.0,1.0,-38.11877033,144.3325459,GREATER GEELONG
T20180003707,Dry,Clear,Struck animal,Monday,Day,100,2018/02/26,09:25:00,No,1.0,1.0,-36.88026248,146.3166006,WANGARATTA
T20180003712,Dry,Clear,Collision with a fixed object,Monday,Day,40,2018/02/26,12:00:00,No,4.0,2.0,-38.74721066,143.2587891,COLAC OTWAY
T20180003713,Unknown,Not known,No collision and no object struck,Sunday,Unknown,999,2018/02/11,11:30:00,No,1.0,1.0,-37.71496999,146.66901,WELLINGTON
T20180003717,Dry,Clear,Collision with vehicle,Monday,Day,50,2018/02/19,08:15:00,No,2.0,1.0,-38.1747029,146.2612413,LATROBE
T20180003718,Dry,Clear,Collision with vehicle,Monday,Day,40,2018/02/26,08:45:00,No,2.0,1.0,-38.18569123,144.3201498,GREATER GEELONG
T20180003726,Dry,Clear,Collision with vehicle,Monday,Day,60,2018/02/26,16:15:00,Yes,2.0,1.0,-38.25257424,144.5365687,GREATER GEELONG
T20180003728,Dry,Clear,Collision with a fixed object,Monday,Day,100,2018/02/26,12:30:00,No,1.0,1.0,-35.95344887,147.4272604,TOWONG
T20180003735,Dry,Clear,Struck animal,Friday,Dark No street lights,80,2018/02/09,22:15:00,Yes,1.0,1.0,-37.02300265,145.2518594,MITCHELL
T20180003737,Dry,Clear,Collision with vehicle,Monday,Day,100,2018/02/26,16:26:00,No,2.0,1.0,-38.13581881,144.2863329,GREATER GEELONG
T20180003739,Dry,Clear,Collision with vehicle,Monday,Day,60,2018/02/26,18:20:00,Yes,2.0,1.0,-38.16322834,144.3595407,GREATER GEELONG
T20180003742,Wet,Raining,Vehicle overturned (no collision),Sunday,Dark No street lights,40,2018/02/25,21:30:00,Yes,2.0,1.0,-37.86159006,144.1294601,GOLDEN PLAINS
T20180003744,Dry,Clear,Collision with vehicle,Monday,Day,60,2018/02/26,19:25:00,Yes,3.0,2.0,-36.00903379,146.0045628,MOIRA
T20180003747,Dry,Clear,collision with some other object,Monday,Dark No street lights,100,2018/02/26,20:40:00,Yes,1.0,1.0,-37.9145503,143.9176687,GOLDEN PLAINS
T20180003750,Dry,Clear,collision with some other object,Monday,Dark No street lights,40,2018/02/26,23:25:00,Yes,1.0,1.0,-38.08871588,147.0539423,WELLINGTON
T20180003761,Dry,Clear,Collision with vehicle,Tuesday,Dusk/Dawn,60,2018/02/27,07:30:00,No,2.0,1.0,-38.1799595,144.3799401,GREATER GEELONG
T20180003769,Dry,Clear,Collision with vehicle,Tuesday,Unknown,60,2018/02/27,08:20:00,No,2.0,1.0,-36.14860457,146.8738559,WODONGA
T20180003779,Wet,Raining,Collision with a fixed object,Saturday,Dark No street lights,100,2018/02/24,20:15:00,Yes,1.0,1.0,-37.57941124,149.0131105,EAST GIPPSLAND
T20180003780,Dry,Clear,Collision with vehicle,Tuesday,Day,60,2018/02/27,11:00:00,No,2.0,1.0,-37.55035672,143.8528606,BALLARAT
T20180003781,Dry,Clear,Struck Pedestrian,Monday,Day,40,2018/02/26,10:06:00,No,3.0,1.0,-38.14861116,144.3573052,GREATER GEELONG
T20180003798,Dry,Clear,Collision with vehicle,Tuesday,Day,40,2018/02/27,15:54:00,No,3.0,1.0,-38.23410678,146.4541846,LATROBE
T20180003800,Dry,Clear,No collision and no object struck,Sunday,Day,999,2018/02/25,15:00:00,No,1.0,1.0,-37.44273542,144.4952434,MACEDON RANGES
T20180003801,Dry,Clear,Collision with vehicle,Tuesday,Day,50,2018/02/27,15:30:00,No,3.0,1.0,-36.12688812,146.8700221,WODONGA
T20180003808,Dry,Clear,Collision with vehicle,Tuesday,Day,60,2018/02/27,11:25:00,No,2.0,2.0,-38.16451775,144.364041,GREATER GEELONG
T20180003810,Dry,Clear,Collision with vehicle,Tuesday,Day,60,2018/02/27,15:25:00,No,2.0,2.0,-38.12831717,144.3201488,GREATER GEELONG
T20180003811,Dry,Clear,Collision with vehicle,Tuesday,Dusk/Dawn,80,2018/02/27,18:40:00,Yes,3.0,1.0,-38.6250225,145.7330053,BASS COAST
T20180003813,Dry,Clear,Collision with vehicle,Tuesday,Day,80,2018/02/27,17:20:00,No,2.0,1.0,-36.81866818,144.2381348,GREATER BENDIGO
T20180003816,Dry,Clear,Collision with vehicle,Tuesday,Day,70,2018/02/27,17:00:00,No,4.0,3.0,-37.561547,143.8729426,BALLARAT
T20180003819,Dry,Clear,Collision with a fixed object,Tuesday,Day,60,2018/02/27,14:30:00,No,1.0,1.0,-37.57857001,143.8355801,BALLARAT
T20180003834,Dry,Not known,No collision and no object struck,Friday,Day,999,2018/01/26,08:30:00,No,1.0,1.0,-38.32838967,146.2841799,LATROBE
T20180003835,Dry,Clear,Struck Pedestrian,Wednesday,Day,60,2018/02/28,07:15:00,No,2.0,1.0,-36.38830085,145.4020398,GREATER SHEPPARTON
T20180003836,Dry,Clear,Collision with vehicle,Wednesday,Day,60,2018/02/28,08:34:00,No,2.0,1.0,-36.39870085,145.4096222,GREATER SHEPPARTON
T20180003839,Dry,Clear,No collision and no object struck,Wednesday,Day,100,2018/02/28,07:09:00,No,1.0,1.0,-36.18469115,145.3140269,MOIRA
T20180003843,Dry,Clear,No collision and no object struck,Wednesday,Dusk/Dawn,100,2018/02/28,06:30:00,No,1.0,1.0,-38.15881048,147.3910424,WELLINGTON
T20180003854,Dry,Clear,Collision with vehicle,Wednesday,Day,100,2018/02/28,13:10:00,No,2.0,1.0,-36.1648953,144.6296998,CAMPASPE
T20180003862,Dry,Clear,Collision with a fixed object,Wednesday,Day,110,2018/02/28,13:40:00,No,1.0,1.0,-37.5533687,143.9790996,MOORABOOL
T20180003870,Dry,Clear,Collision with vehicle,Wednesday,Day,70,2018/02/28,09:20:00,No,5.0,1.0,-38.57930852,146.0113304,SOUTH GIPPSLAND
T20180003877,Dry,Clear,Collision with vehicle,Wednesday,Day,100,2018/02/28,17:08:00,No,2.0,2.0,-36.0595497,145.3860981,MOIRA
T20180003886,Dry,Clear,Collision with vehicle,Wednesday,Dusk/Dawn,60,2018/02/28,06:05:00,No,2.0,1.0,-36.11798622,146.8733995,WODONGA
T20180003889,Dry,Clear,Collision with vehicle,Wednesday,Day,60,2018/02/28,17:10:00,No,2.0,1.0,-36.72304957,142.2049392,HORSHAM
T20180003890,Dry,Clear,Collision with vehicle,Wednesday,Dark Street lights on,60,2018/02/28,22:40:00,Yes,2.0,1.0,-36.75548978,144.284313,GREATER BENDIGO
T20180003894,Dry,Clear,Struck Pedestrian,Wednesday,Dark Street lights on,50,2018/02/28,05:40:00,Yes,2.0,1.0,-37.686464,144.4154916,MOORABOOL
T20180003904,Dry,Clear,Collision with a fixed object,Thursday,Day,100,2018/03/01,07:50:00,No,1.0,1.0,-36.82157773,144.2008793,GREATER BENDIGO
T20180003914,Dry,Clear,Vehicle overturned (no collision),Thursday,Day,80,2018/03/01,08:00:00,No,1.0,1.0,-38.07019779,144.3900519,GREATER GEELONG
T20180003922,Dry,Clear,Collision with vehicle,Thursday,Day,100,2018/03/01,11:40:00,No,2.0,1.0,-36.59853464,144.6530468,CAMPASPE
T20180003928,Dry,Clear,Vehicle overturned (no collision),Thursday,Day,80,2018/03/01,10:50:00,No,1.0,1.0,-34.23627128,142.1304315,MILDURA
T20180003935,Wet,Raining,Vehicle overturned (no collision),Wednesday,Dark No street lights,100,2018/02/28,06:00:00,Yes,1.0,1.0,-37.79271008,141.3014199,GLENELG
T20180003940,Dry,Clear,Collision with vehicle,Friday,Day,60,2018/02/23,19:30:00,Yes,2.0,1.0,-37.60060013,143.8425717,BALLARAT
T20180003941,Dry,Clear,Collision with vehicle,Thursday,Day,50,2018/03/01,16:10:00,No,6.0,3.0,-38.38655884,142.4846274,WARRNAMBOOL
T20180003952,Dry,Clear,Struck Pedestrian,Thursday,Day,60,2018/03/01,15:20:00,No,2.0,1.0,-38.15621227,144.3594695,GREATER GEELONG
T20180003955,Dry,Clear,Collision with vehicle,Thursday,Day,110,2018/03/01,17:40:00,No,7.0,1.0,-38.20471663,146.0786205,BAW BAW
T20180003958,Dry,Clear,Struck animal,Thursday,Dark No street lights,100,2018/03/01,21:25:00,Yes,1.0,1.0,-36.72449219,144.193452,GREATER BENDIGO
T20180003976,Dry,Clear,Collision with vehicle,Friday,Dark Street lights on,60,2018/03/02,05:30:00,Yes,1.0,1.0,-37.53933094,143.8592096,BALLARAT
T20180003980,Dry,Clear,Collision with a fixed object,Friday,Dark No street lights,80,2018/03/02,06:00:00,Yes,1.0,1.0,-36.40103765,145.3143494,GREATER SHEPPARTON
T20180003984,Dry,Clear,Collision with a fixed object,Friday,Dark No street lights,110,2018/03/02,04:00:00,Yes,1.0,1.0,-37.18303001,145.0693306,MITCHELL
T20180003989,Dry,Clear,Collision with a fixed object,Friday,Dusk/Dawn,110,2018/03/02,07:10:00,No,2.0,2.0,-36.7689391,145.584368,STRATHBOGIE
T20180003994,Dry,Clear,Collision with vehicle,Friday,Day,60,2018/03/02,10:25:00,No,3.0,1.0,-37.57110033,143.8211199,BALLARAT
T20180003997,Dry,Clear,Collision with vehicle,Monday,Day,80,2018/02/26,14:40:00,No,3.0,2.0,-38.28290011,146.1784802,BAW BAW
T20180003999,Dry,Clear,Collision with vehicle,Friday,Day,110,2018/03/02,11:13:00,No,2.0,1.0,-37.014921,144.2570891,MOUNT ALEXANDER
T20180004016,Dry,Clear,Collision with vehicle,Friday,Day,60,2018/03/02,13:36:00,No,2.0,2.0,-36.732036,144.3061428,GREATER BENDIGO
T20180004017,Dry,Clear,Collision with a fixed object,Friday,Day,70,2018/03/02,14:00:00,No,1.0,1.0,-38.11231282,144.3542455,GREATER GEELONG
T20180004021,Dry,Clear,Collision with vehicle,Friday,Day,60,2018/03/02,14:45:00,No,3.0,2.0,-38.12708428,141.6317091,GLENELG
T20180004026,Dry,Clear,Collision with vehicle,Wednesday,Day,100,2018/02/14,13:30:00,No,3.0,1.0,-37.28755996,144.1624001,HEPBURN
T20180004031,Dry,Clear,Collision with vehicle,Friday,Day,50,2018/03/02,19:15:00,Yes,2.0,1.0,-38.23865109,146.3982394,LATROBE
T20180004054,Dry,Clear,Collision with a fixed object,Saturday,Dark Street lights on,60,2018/03/03,03:30:00,Yes,1.0,1.0,-38.37167089,142.2310423,MOYNE
T20180004062,Dry,Clear,Vehicle overturned (no collision),Saturday,Dusk/Dawn,100,2018/03/03,06:50:00,Yes,1.0,1.0,-35.8507802,143.3487418,BULOKE
T20180004066,Dry,Clear,Struck Pedestrian,Saturday,Day,999,2018/03/03,09:50:00,No,2.0,1.0,-36.91964229,144.7063469,GREATER BENDIGO
T20180004071,Dry,Clear,Collision with a fixed object,Saturday,Day,50,2018/03/03,09:18:00,No,1.0,1.0,-38.02221004,144.4126401,GREATER GEELONG
T20180004083,Dry,Clear,Collision with vehicle,Saturday,Day,80,2018/03/03,12:50:00,No,4.0,4.0,-36.14144524,147.0070188,WODONGA
T20180004090,Dry,Clear,Collision with a fixed object,Saturday,Day,100,2018/03/03,15:00:00,Yes,1.0,1.0,-36.59965276,145.73588,STRATHBOGIE
T20180004092,Dry,Clear,Collision with a fixed object,Saturday,Day,80,2018/03/03,16:00:00,Yes,1.0,1.0,-37.35166978,144.12022,HEPBURN
T20180004107,Dry,Clear,Collision with a fixed object,Saturday,Day,100,2018/03/03,18:35:00,Yes,1.0,1.0,-36.85433209,144.3864668,GREATER BENDIGO
T20180004108,Dry,Clear,Collision with a fixed object,Saturday,Day,100,2018/03/03,16:12:00,Yes,2.0,2.0,-37.3113205,142.7462145,ARARAT
T20180004112,Dry,Clear,Collision with a fixed object,Saturday,Dark Street lights on,60,2018/03/03,03:00:00,Yes,3.0,1.0,-36.35529062,146.3265998,WANGARATTA
T20180004113,Dry,Clear,Collision with vehicle,Saturday,Dark Street lights on,60,2018/03/03,22:00:00,Yes,1.0,1.0,-35.92087004,145.645749,MOIRA
T20180004115,Dry,Not known,Struck Pedestrian,Friday,Dark Street lights on,999,2018/03/02,21:30:00,Yes,2.0,1.0,-38.35036055,143.5829136,COLAC OTWAY
T20180004117,Dry,Clear,No collision and no object struck,Sunday,Dark Street lights on,50,2018/03/04,01:15:00,Yes,1.0,1.0,-35.73504773,143.9203215,GANNAWARRA
T20180004129,Dry,Clear,Vehicle overturned (no collision),Saturday,Day,100,2018/03/03,14:50:00,Yes,1.0,1.0,-37.73702988,148.9474601,EAST GIPPSLAND
T20180004131,Dry,Clear,No collision and no object struck,Sunday,Day,70,2018/03/04,08:00:00,Yes,1.0,1.0,-38.21164953,144.3393157,GREATER GEELONG
T20180004132,Dry,Clear,Collision with a fixed object,Sunday,Dark No street lights,110,2018/03/04,07:00:00,Yes,1.0,1.0,-37.04888288,145.0993487,MITCHELL
T20180004133,Dry,Clear,Collision with vehicle,Sunday,Day,60,2018/03/04,09:06:00,No,2.0,1.0,-38.16170392,144.3541106,GREATER GEELONG
T20180004137,Unknown,Not known,Collision with vehicle,Monday,Day,60,2018/02/19,15:00:00,No,2.0,1.0,-38.5929212,145.5895014,BASS COAST
T20180004146,Dry,Clear,Collision with vehicle,Sunday,Day,70,2018/03/04,12:50:00,No,4.0,1.0,-38.13227955,144.3507497,GREATER GEELONG
T20180004149,Dry,Dust,Collision with vehicle,Saturday,Day,100,2018/03/03,17:50:00,Yes,5.0,1.0,-36.05046342,146.5393498,INDIGO
T20180004159,Dry,Clear,Collision with vehicle,Friday,Day,60,2018/03/02,09:20:00,No,2.0,1.0,-38.18306668,146.5308052,LATROBE
T20180004160,Dry,Clear,Collision with a fixed object,Sunday,Day,100,2018/03/04,17:04:00,Yes,1.0,1.0,-37.90103255,147.6222966,EAST GIPPSLAND
T20180004163,Dry,Clear,Collision with vehicle,Sunday,Day,50,2018/03/04,17:00:00,Yes,2.0,1.0,-38.18962135,144.3462324,GREATER GEELONG
T20180004164,Dry,Clear,Struck Pedestrian,Sunday,Day,50,2018/03/04,16:35:00,Yes,1.0,1.0,-38.40579077,144.1744773,SURF COAST
T20180004181,Dry,Clear,Collision with vehicle,Monday,Day,70,2018/03/05,08:10:00,Yes,2.0,1.0,-38.21139951,144.3394957,GREATER GEELONG
T20180004188,Dry,Clear,Collision with vehicle,Monday,Day,60,2018/03/05,10:10:00,No,3.0,1.0,-36.12654956,146.8880889,WODONGA
T20180004197,Dry,Clear,Vehicle overturned (no collision),Saturday,Day,70,2018/03/03,16:00:00,Yes,2.0,1.0,-38.11159966,144.3535406,GREATER GEELONG
T20180004198,Unknown,Dust,No collision and no object struck,Tuesday,Day,100,2017/12/19,17:00:00,No,1.0,1.0,-37.82387929,147.0041838,WELLINGTON
T20180004200,Dry,Clear,Collision with vehicle,Monday,Day,50,2018/03/05,11:45:00,No,2.0,1.0,-38.17767977,146.2930575,LATROBE
T20180004206,Wet,Raining,Vehicle overturned (no collision),Sunday,Day,60,2016/06/05,14:00:00,No,5.0,1.0,-37.62334014,147.8819519,EAST GIPPSLAND
T20180004212,Unknown,Not known,Collision with vehicle,Saturday,Day,60,2018/03/03,15:30:00,Yes,3.0,1.0,-38.15260229,144.334124,GREATER GEELONG
T20180004216,Dry,Clear,Collision with a fixed object,Monday,Day,60,2018/03/05,13:50:00,No,1.0,1.0,-36.01743238,144.9653878,MOIRA
T20180004228,Dry,Clear,Collision with vehicle,Monday,Day,100,2018/03/05,16:32:00,No,5.0,1.0,-38.07933589,144.2372224,GOLDEN PLAINS
T20180004234,Dry,Clear,Vehicle overturned (no collision),Monday,Day,60,2018/03/05,15:00:00,No,1.0,1.0,-36.86405029,147.2869596,FALLS CREEK ALPINE RESORT (UNINC)
T20180004235,Dry,Clear,Collision with a fixed object,Monday,Day,80,2018/03/05,16:11:00,No,3.0,1.0,-38.49666485,145.201379,BASS COAST
T20180004247,Dry,Clear,Collision with a fixed object,Monday,Dark No street lights,100,2018/03/05,22:00:00,Yes,1.0,1.0,-36.77129981,144.40234,GREATER BENDIGO
T20180004258,Dry,Clear,Collision with vehicle,Tuesday,Day,40,2018/03/06,08:00:00,No,2.0,1.0,-38.15342512,144.357908,GREATER GEELONG
T20180004266,Dry,Clear,Collision with vehicle,Tuesday,Day,60,2018/03/06,10:02:00,No,2.0,1.0,-37.55939733,143.8675667,BALLARAT
T20180004268,Dry,Clear,Struck Pedestrian,Tuesday,Day,50,2018/03/06,08:25:00,No,2.0,1.0,-38.15505896,144.3718505,GREATER GEELONG
T20180004273,Dry,Clear,Vehicle overturned (no collision),Friday,Day,100,2018/03/02,11:30:00,No,1.0,1.0,-37.17196002,144.8771499,MITCHELL
T20180004276,Dry,Clear,Collision with vehicle,Tuesday,Day,70,2018/03/06,09:00:00,No,2.0,1.0,-38.12692715,144.3392528,GREATER GEELONG
T20180004279,Dry,Clear,Collision with vehicle,Friday,Day,90,2018/03/02,07:15:00,No,3.0,3.0,-37.39716956,144.9779333,MITCHELL
T20180004289,Dry,Clear,Collision with vehicle,Tuesday,Day,60,2018/03/06,10:15:00,No,3.0,2.0,-37.20544258,145.0454105,MITCHELL
T20180004298,Dry,Clear,Collision with vehicle,Tuesday,Day,80,2018/03/06,09:00:00,No,4.0,3.0,-37.43383853,143.3984602,PYRENEES
T20180004302,Dry,Clear,Collision with a fixed object,Tuesday,Day,80,2018/03/06,08:20:00,No,2.0,2.0,-36.44916999,145.4318253,GREATER SHEPPARTON
T20180004307,Dry,Clear,Collision with vehicle,Tuesday,Dark No street lights,100,2018/03/06,06:45:00,No,2.0,2.0,-36.39930983,144.7499009,CAMPASPE
T20180004314,Dry,Clear,Collision with vehicle,Tuesday,Day,60,2018/03/06,17:55:00,No,2.0,1.0,-36.76347183,144.2705802,GREATER BENDIGO
T20180004316,Dry,Clear,Struck Pedestrian,Tuesday,Day,60,2018/03/06,16:00:00,No,2.0,1.0,-38.17128006,144.71727,GREATER GEELONG
T20180004317,Dry,Clear,Struck Pedestrian,Tuesday,Day,50,2018/03/06,18:50:00,Yes,3.0,1.0,-38.17721016,146.26157,LATROBE
T20180004322,Dry,Clear,Collision with vehicle,Tuesday,Dark Street lights on,60,2018/03/06,20:15:00,Yes,2.0,1.0,-38.21960827,144.337915,GREATER GEELONG
T20180004326,Dry,Not known,Collision with vehicle,Tuesday,Day,100,2018/03/06,17:00:00,No,2.0,1.0,-36.27677,145.431817,GREATER SHEPPARTON
T20180004335,Dry,Clear,Collision with vehicle,Wednesday,Dark No street lights,100,2018/03/07,02:29:00,Yes,3.0,3.0,-38.13524595,144.3016077,GREATER GEELONG
T20180004346,Dry,Clear,Collision with vehicle,Tuesday,Day,100,2018/03/06,16:40:00,No,2.0,1.0,-36.06123836,146.713031,WODONGA
T20180004357,Dry,Clear,Vehicle overturned (no collision),Sunday,Dark No street lights,80,2018/03/04,23:00:00,Yes,1.0,1.0,-38.37417479,145.8412784,SOUTH GIPPSLAND
T20180004362,Dry,Clear,Collision with vehicle,Wednesday,Day,100,2018/03/07,09:45:00,No,3.0,3.0,-36.2253311,144.9226727,CAMPASPE
T20180004366,Dry,Clear,Collision with vehicle,Wednesday,Day,70,2018/03/07,10:45:00,No,1.0,1.0,-38.2037412,146.5165205,LATROBE
T20180004367,Dry,Clear,Collision with vehicle,Wednesday,Dark Street lights on,70,2018/03/07,06:10:00,No,2.0,2.0,-38.18516116,144.332262,GREATER GEELONG
T20180004377,Dry,Clear,Collision with vehicle,Wednesday,Day,100,2018/03/07,12:55:00,No,2.0,1.0,-37.5969632,144.2007089,MOORABOOL
T20180004392,Dry,Clear,Collision with a fixed object,Wednesday,Day,100,2018/03/07,11:15:00,No,1.0,1.0,-36.25186348,147.0551507,INDIGO
T20180004409,Dry,Clear,Collision with vehicle,Wednesday,Day,60,2018/03/07,16:50:00,No,2.0,1.0,-38.1451213,144.3530566,GREATER GEELONG
T20180004424,Dry,Clear,Vehicle overturned (no collision),Sunday,Day,60,2018/01/28,12:15:00,No,1.0,1.0,-36.76783964,144.2713696,GREATER BENDIGO
T20180004435,Dry,Clear,Collision with a fixed object,Wednesday,Day,60,2018/03/07,19:44:00,Yes,3.0,2.0,-38.42096968,145.4773001,BASS COAST
T20180004443,Dry,Clear,Collision with vehicle,Thursday,Day,40,2018/03/01,13:10:00,No,2.0,1.0,-38.12048009,144.0634744,SURF COAST
T20180004448,Dry,Clear,Struck Pedestrian,Thursday,Day,50,2018/03/08,09:30:00,No,2.0,1.0,-37.55845273,143.8469295,BALLARAT
T20180004475,Dry,Clear,Collision with vehicle,Thursday,Day,100,2018/03/08,15:54:00,No,2.0,1.0,-34.26062677,142.1803105,MILDURA
T20180004478,Dry,Clear,No collision and no object struck,Thursday,Day,100,2018/03/08,14:55:00,No,1.0,1.0,-36.88444166,147.3174797,ALPINE
T20180004489,Dry,Clear,Collision with vehicle,Thursday,Day,80,2018/03/08,15:30:00,No,3.0,2.0,-38.24745946,144.3222901,SURF COAST
T20180004497,Dry,Clear,Struck Pedestrian,Thursday,Dark No street lights,80,2018/03/08,21:00:00,Yes,2.0,1.0,-36.39059199,145.3693706,GREATER SHEPPARTON
T20180004518,Dry,Clear,Vehicle overturned (no collision),Wednesday,Day,100,2018/03/07,16:15:00,No,1.0,1.0,-36.76921041,146.3603078,WANGARATTA
T20180004522,Dry,Clear,No collision and no object struck,Thursday,Day,80,2018/03/08,16:15:00,No,2.0,2.0,-37.01783121,147.5745884,EAST GIPPSLAND
T20180004535,Dry,Not known,Collision with a fixed object,Friday,Dark No street lights,100,2018/03/09,03:30:00,Yes,1.0,1.0,-37.90152712,146.8850066,WELLINGTON
T20180004545,Dry,Clear,Vehicle overturned (no collision),Friday,Day,100,2018/03/09,13:35:00,No,1.0,1.0,-37.58135991,144.0765496,MOORABOOL
T20180004564,Dry,Clear,Collision with a fixed object,Friday,Day,100,2018/03/09,13:05:00,No,1.0,1.0,-36.76559028,146.3584138,WANGARATTA
T20180004571,Dry,Clear,Collision with vehicle,Friday,Day,50,2018/03/09,17:45:00,Yes,2.0,1.0,-36.35843124,145.39932,GREATER SHEPPARTON
T20180004573,Dry,Dust,Collision with vehicle,Friday,Day,999,2018/03/09,14:20:00,No,3.0,3.0,-38.18473525,145.8552309,BAW BAW
T20180004574,Dry,Clear,Collision with vehicle,Friday,Day,60,2018/03/09,13:30:00,No,3.0,1.0,-36.14074988,144.7295802,CAMPASPE
T20180004578,Dry,Clear,Vehicle overturned (no collision),Thursday,Dark No street lights,60,2018/03/08,21:50:00,Yes,1.0,1.0,-37.31072024,144.1349498,HEPBURN
T20180004581,Dry,Clear,Collision with vehicle,Friday,Day,100,2018/03/09,18:15:00,Yes,2.0,1.0,-38.10557066,146.5928424,LATROBE
T20180004599,Dry,Clear,Struck Pedestrian,Saturday,Dark Street lights on,50,2018/03/10,00:17:00,Yes,3.0,3.0,-38.18344829,146.2939387,LATROBE
T20180004600,Dry,Clear,Collision with a fixed object,Saturday,Dark No street lights,80,2018/03/10,00:05:00,Yes,1.0,1.0,-38.13055613,146.5590481,LATROBE
T20180004605,Dry,Clear,Vehicle overturned (no collision),Saturday,Day,80,2018/03/10,09:50:00,No,1.0,1.0,-35.63753835,143.3667064,GANNAWARRA
T20180004608,Dry,Clear,Collision with vehicle,Saturday,Day,100,2018/03/10,10:15:00,No,8.0,2.0,-37.34147991,144.9960905,MITCHELL
T20180004618,Dry,Clear,Collision with vehicle,Saturday,Day,50,2018/03/10,12:30:00,No,3.0,1.0,-37.67621702,144.4405006,MOORABOOL
T20180004630,Dry,Clear,Collision with vehicle,Saturday,Day,50,2018/03/10,10:10:00,No,3.0,1.0,-37.58515636,143.8408839,BALLARAT
T20180004640,Dry,Clear,Collision with vehicle,Saturday,Day,100,2018/03/10,12:05:00,No,8.0,4.0,-37.39117846,147.835352,EAST GIPPSLAND
T20180004641,Dry,Clear,Collision with vehicle,Saturday,Day,100,2018/03/10,16:00:00,Yes,4.0,1.0,-38.77043844,143.4605291,COLAC OTWAY
T20180004645,Dry,Clear,collision with some other object,Friday,Day,100,2018/03/09,14:00:00,No,2.0,2.0,-37.37514189,144.3228602,HEPBURN
T20180004649,Dry,Clear,Collision with a fixed object,Saturday,Day,100,2018/03/10,15:00:00,Yes,1.0,1.0,-36.75255032,147.4446904,TOWONG
T20180004650,Dry,Clear,Collision with vehicle,Saturday,Day,100,2018/03/10,07:40:00,Yes,3.0,1.0,-36.63242678,143.1545255,NORTHERN GRAMPIANS
T20180004651,Dry,Clear,Struck Pedestrian,Saturday,Day,50,2018/03/10,18:40:00,Yes,2.0,1.0,-38.14741901,144.3748578,GREATER GEELONG
T20180004656,Dry,Clear,Collision with vehicle,Saturday,Dark No street lights,100,2018/03/10,21:00:00,Yes,3.0,1.0,-38.67235035,146.0287493,SOUTH GIPPSLAND
T20180004658,Dry,Clear,No collision and no object struck,Saturday,Dark No street lights,110,2018/03/10,21:35:00,Yes,1.0,1.0,-36.08013673,146.7647302,WODONGA
T20180004665,Dry,Clear,Vehicle overturned (no collision),Saturday,Dark No street lights,100,2018/03/10,22:55:00,Yes,3.0,3.0,-37.42049506,145.0159809,MITCHELL
T20180004669,Dry,Clear,Struck animal,Sunday,Dark No street lights,100,2018/03/11,02:10:00,Yes,1.0,1.0,-38.49660508,145.2178099,BASS COAST
T20180004671,Dry,Clear,Collision with vehicle,Sunday,Dark Street lights on,50,2018/03/11,03:45:00,Yes,2.0,1.0,-36.3790652,145.3997288,GREATER SHEPPARTON
T20180004672,Dry,Clear,Collision with a fixed object,Sunday,Dark Street lights on,60,2018/03/11,00:22:00,Yes,1.0,1.0,-37.55873045,143.876458,BALLARAT
T20180004675,Dry,Clear,Collision with a fixed object,Saturday,Day,60,2018/03/10,11:25:00,No,1.0,1.0,-38.20653635,146.5143826,LATROBE
T20180004678,Dry,Clear,Collision with a fixed object,Saturday,Dark No street lights,60,2018/03/10,20:50:00,Yes,1.0,1.0,-37.28731939,146.1387587,MANSFIELD
T20180004681,Dry,Clear,Collision with a fixed object,Saturday,Day,100,2018/03/10,17:30:00,Yes,1.0,1.0,-37.26592121,145.8115397,MURRINDINDI
T20180004683,Dry,Clear,Collision with vehicle,Saturday,Day,60,2018/03/10,15:30:00,Yes,2.0,1.0,-38.5146666,145.35175,BASS COAST
T20180004692,Dry,Clear,Collision with vehicle,Sunday,Day,60,2018/03/11,13:02:00,No,2.0,2.0,-36.73788035,144.2639834,GREATER BENDIGO
T20180004693,Dry,Clear,Collision with vehicle,Sunday,Day,50,2018/03/11,13:13:00,No,5.0,1.0,-38.38827807,142.4833818,WARRNAMBOOL
T20180004701,Dry,Clear,Collision with vehicle,Sunday,Day,100,2018/03/11,13:25:00,No,5.0,3.0,-37.8357587,147.9164848,EAST GIPPSLAND
T20180004702,Dry,Clear,Collision with vehicle,Sunday,Day,50,2018/03/11,16:35:00,Yes,3.0,2.0,-37.56612588,143.8631775,BALLARAT
T20180004719,Dry,Clear,Collision with a fixed object,Sunday,Dark No street lights,100,2018/03/11,23:30:00,Yes,1.0,1.0,-36.95272,144.0576201,MOUNT ALEXANDER
T20180004724,Dry,Clear,Collision with a fixed object,Monday,Dark No street lights,100,2018/03/12,03:00:00,Yes,2.0,2.0,-37.70363865,143.2443803,PYRENEES
T20180004726,Dry,Clear,Collision with vehicle,Sunday,Dark Street lights on,80,2018/03/11,22:00:00,Yes,6.0,6.0,-38.22748033,144.2805375,GREATER GEELONG
T20180004729,Wet,Clear,Struck animal,Sunday,Day,100,2018/03/04,08:10:00,No,1.0,1.0,-37.52305717,143.9757001,MOORABOOL