Accident_No,Surface_Cond_Desc,Atmosph_Cond_Desc,Accident_Type_Desc,Day,Light_Condition_Desc,Speed_Zone,Accident_Date,Accident_Time,Alcohol_Influence,Total_Persons_Inv,Inj_Or_Fatal,Lat,Long,LGA
T20180004730,Dry,Clear,No collision and no object struck,Monday,Day,100,2018/03/12,09:10:00,No,1.0,1.0,-38.33231976,142.4606576,WARRNAMBOOL
T20180004739,Dry,Clear,No collision and no object struck,Sunday,Day,999,2018/03/11,10:00:00,Yes,1.0,1.0,-36.62149175,145.1929887,GREATER SHEPPARTON
T20180004747,Dry,Clear,Collision with a fixed object,Monday,Day,100,2018/03/12,13:00:00,No,1.0,1.0,-36.95155257,146.2307234,MANSFIELD
T20180004752,Dry,Clear,Vehicle overturned (no collision),Monday,Day,100,2018/03/12,14:15:00,No,1.0,1.0,-37.18183206,146.009469,MANSFIELD
T20180004759,Dry,Clear,Collision with vehicle,Monday,Day,100,2018/03/12,16:00:00,No,4.0,3.0,-36.68260775,143.5564929,LODDON
T20180004769,Dry,Clear,Collision with vehicle,Monday,Day,100,2018/03/12,16:50:00,No,2.0,1.0,-38.21223877,144.21132,SURF COAST
T20180004782,Dry,Clear,Struck Pedestrian,Tuesday,Day,50,2018/03/13,07:50:00,No,3.0,1.0,-38.3383474,143.5768108,COLAC OTWAY
T20180004784,Wet,Raining,Collision with a fixed object,Tuesday,Day,100,2018/03/13,08:10:00,No,1.0,1.0,-38.31066674,145.6489897,SOUTH GIPPSLAND
T20180004794,Dry,Clear,Collision with vehicle,Tuesday,Day,50,2018/03/13,08:56:00,No,2.0,1.0,-38.15765961,146.3605071,LATROBE
T20180004804,Dry,Clear,Collision with a fixed object,Monday,Dark No street lights,100,2018/03/12,06:50:00,No,3.0,2.0,-35.50185218,143.65142,SWAN HILL
T20180004806,Dry,Clear,Collision with vehicle,Tuesday,Day,60,2018/03/13,08:10:00,No,2.0,1.0,-36.76096942,144.2631824,GREATER BENDIGO
T20180004816,Dry,Clear,Collision with vehicle,Tuesday,Day,50,2018/03/13,11:10:00,No,2.0,1.0,-36.13151334,144.7600862,CAMPASPE
T20180004824,Dry,Clear,Vehicle overturned (no collision),Thursday,Day,999,2017/10/26,11:30:00,No,1.0,1.0,-36.35580181,145.4981289,GREATER SHEPPARTON
T20180004825,Dry,Clear,Collision with vehicle,Sunday,Day,50,2018/03/11,16:30:00,No,2.0,1.0,-36.74507196,145.5675528,STRATHBOGIE
T20180004828,Dry,Dust,collision with some other object,Tuesday,Day,100,2018/03/13,11:45:00,No,1.0,1.0,-36.66231007,147.2063597,ALPINE
T20180004831,Dry,Not known,Collision with vehicle,Tuesday,Day,50,2018/03/13,14:50:00,No,2.0,1.0,-37.56365873,143.8529409,BALLARAT
T20180004832,Dry,Clear,Collision with vehicle,Tuesday,Day,100,2018/03/13,16:00:00,No,2.0,1.0,-38.31574301,144.2638393,SURF COAST
T20180004836,Dry,Clear,Collision with vehicle,Tuesday,Day,70,2018/03/13,17:30:00,No,4.0,3.0,-38.19699057,144.3420148,GREATER GEELONG
T20180004841,Dry,Clear,Struck animal,Tuesday,Dusk/Dawn,100,2018/03/13,19:30:00,Yes,4.0,3.0,-38.62662764,145.7551609,BASS COAST
T20180004846,Dry,Clear,Collision with vehicle,Tuesday,Dark Street lights on,70,2018/03/13,20:15:00,Yes,6.0,4.0,-38.12316052,144.3528012,GREATER GEELONG
T20180004848,Dry,Clear,Collision with a fixed object,Tuesday,Day,100,2018/03/13,19:25:00,Yes,1.0,1.0,-36.45698899,145.4204772,GREATER SHEPPARTON
T20180004850,Dry,Clear,Collision with a fixed object,Tuesday,Dark No street lights,100,2018/03/13,21:00:00,Yes,1.0,1.0,-36.07458,145.4318412,MOIRA
T20180004853,Dry,Clear,Collision with vehicle,Wednesday,Day,50,2018/03/07,13:35:00,No,2.0,1.0,-38.15193243,144.3642748,GREATER GEELONG
T20180004870,Dry,Clear,Collision with vehicle,Wednesday,Day,70,2018/03/14,08:49:00,No,2.0,1.0,-38.18927101,144.3276178,GREATER GEELONG
T20180004875,Dry,Clear,Collision with vehicle,Tuesday,Day,60,2018/03/13,15:25:00,No,3.0,1.0,-36.75737269,144.2919333,GREATER BENDIGO
T20180004876,Dry,Clear,Collision with vehicle,Wednesday,Day,60,2018/03/14,11:40:00,No,3.0,2.0,-34.19086649,142.1554031,MILDURA
T20180004880,Dry,Clear,Collision with vehicle,Wednesday,Day,60,2018/02/21,11:30:00,No,2.0,1.0,-36.36667145,145.4022437,GREATER SHEPPARTON
T20180004891,Dry,Clear,Collision with a fixed object,Monday,Day,100,2018/03/12,18:00:00,Yes,1.0,1.0,-36.67806879,146.8904132,ALPINE
T20180004893,Dry,Clear,Collision with a fixed object,Wednesday,Day,100,2018/03/07,15:40:00,No,1.0,1.0,-36.87965203,144.7610694,GREATER BENDIGO
T20180004903,Dry,Clear,Collision with vehicle,Wednesday,Day,60,2018/03/14,15:00:00,No,7.0,6.0,-38.30349897,141.5577025,GLENELG
T20180004906,Dry,Clear,Collision with vehicle,Friday,Day,60,2018/03/02,17:20:00,Yes,2.0,1.0,-36.758073,144.2959344,GREATER BENDIGO
T20180004909,Dry,Clear,Collision with a fixed object,Wednesday,Day,100,2018/03/14,15:10:00,No,1.0,1.0,-37.31318974,145.0503865,MITCHELL
T20180004927,Dry,Clear,Collision with vehicle,Wednesday,Day,100,2018/03/14,17:15:00,No,5.0,3.0,-36.45626217,147.2193999,TOWONG
T20180004928,Dry,Clear,Collision with vehicle,Wednesday,Day,50,2018/03/14,19:15:00,Yes,3.0,1.0,-38.38363486,142.4928156,WARRNAMBOOL
T20180004931,Dry,Clear,Collision with vehicle,Wednesday,Dark No street lights,100,2018/03/14,20:30:00,Yes,2.0,1.0,-36.45478513,145.1817035,GREATER SHEPPARTON
T20180004935,Dry,Clear,Collision with vehicle,Wednesday,Day,100,2018/03/14,14:55:00,No,8.0,2.0,-37.44626645,144.9810498,MITCHELL
T20180004945,Dry,Clear,Collision with vehicle,Tuesday,Day,60,2018/03/13,09:35:00,No,2.0,1.0,-37.56461797,143.8611104,BALLARAT
T20180004947,Dry,Not known,Collision with vehicle,Thursday,Day,40,2018/03/15,08:25:00,No,2.0,2.0,-38.1001992,147.0835651,WELLINGTON
T20180004954,Dry,Clear,Collision with vehicle,Wednesday,Day,60,2018/03/14,18:25:00,Yes,2.0,1.0,-38.14184423,144.3361164,GREATER GEELONG
T20180004956,Dry,Clear,Collision with vehicle,Wednesday,Day,80,2017/11/29,06:54:00,No,2.0,2.0,-36.39880154,144.9823575,CAMPASPE
T20180004959,Dry,Not known,Vehicle overturned (no collision),Saturday,Day,999,2018/03/10,17:00:00,Yes,1.0,1.0,-38.66809929,146.5886101,WELLINGTON
T20180004962,Dry,Not known,Collision with vehicle,Saturday,Day,50,2018/03/10,09:30:00,No,5.0,1.0,-38.08117432,142.8079995,MOYNE
T20180004995,Dry,Clear,Collision with a fixed object,Thursday,Day,80,2018/03/15,13:25:00,No,1.0,1.0,-37.0671903,145.1901793,MITCHELL
T20180004997,Dry,Clear,Collision with vehicle,Thursday,Day,60,2018/03/15,15:55:00,No,2.0,1.0,-38.08138082,144.3370217,GREATER GEELONG
T20180004998,Dry,Clear,Collision with a fixed object,Thursday,Day,100,2018/03/15,18:05:00,Yes,1.0,1.0,-37.47650309,144.9580195,MITCHELL
T20180005007,Dry,Clear,Collision with a fixed object,Thursday,Dark No street lights,100,2018/03/15,20:45:00,Yes,1.0,1.0,-36.43465212,145.917975,BENALLA
T20180005017,Dry,Clear,Collision with vehicle,Friday,Day,60,2018/03/16,07:30:00,No,2.0,1.0,-38.08379115,144.3553661,GREATER GEELONG
T20180005021,Dry,Clear,Collision with a fixed object,Thursday,Day,60,2018/03/15,11:25:00,No,1.0,1.0,-37.64580334,143.9131523,BALLARAT
T20180005027,Dry,Clear,Vehicle overturned (no collision),Friday,Day,50,2018/03/16,10:00:00,No,1.0,1.0,-38.38196873,142.4940266,WARRNAMBOOL
T20180005037,Dry,Clear,Vehicle overturned (no collision),Friday,Day,100,2018/03/16,12:05:00,No,2.0,2.0,-38.14041833,145.8851498,BAW BAW
T20180005039,Wet,Raining,Collision with vehicle,Tuesday,Day,80,2018/03/13,09:30:00,No,3.0,1.0,-37.40267021,144.9546591,MITCHELL
T20180005043,Dry,Clear,Collision with vehicle,Friday,Day,60,2018/03/16,13:40:00,No,5.0,1.0,-36.37325793,145.3948708,GREATER SHEPPARTON
T20180005046,Dry,Clear,Struck Pedestrian,Friday,Day,50,2018/03/16,13:05:00,No,2.0,1.0,-38.75702587,143.6694478,COLAC OTWAY
T20180005048,Dry,Clear,Collision with a fixed object,Thursday,Day,999,2018/03/08,10:05:00,No,1.0,1.0,-38.10733604,147.06557,WELLINGTON
T20180005053,Dry,Clear,Collision with vehicle,Friday,Day,60,2018/03/16,15:30:00,No,5.0,1.0,-37.40803218,144.9916702,MITCHELL
T20180005058,Dry,Clear,Vehicle overturned (no collision),Friday,Day,110,2018/03/16,16:00:00,Yes,3.0,2.0,-36.21613163,146.4481335,WANGARATTA
T20180005062,Dry,Clear,Collision with vehicle,Friday,Day,50,2018/03/16,17:40:00,No,4.0,2.0,-36.36091573,144.7000582,CAMPASPE
T20180005083,Dry,Not known,Collision with a fixed object,Friday,Dark Street lights on,60,2018/03/16,22:40:00,Yes,1.0,1.0,-38.17673631,146.2649103,LATROBE
T20180005088,Dry,Clear,Collision with a fixed object,Saturday,Dark Street lights on,60,2018/03/17,05:20:00,Yes,1.0,1.0,-38.01954277,144.4153335,GREATER GEELONG
T20180005092,Dry,Clear,Collision with vehicle,Saturday,Day,60,2018/03/17,09:40:00,No,2.0,1.0,-36.56019368,145.9668145,BENALLA
T20180005093,Dry,Clear,Vehicle overturned (no collision),Saturday,Day,100,2018/03/17,09:20:00,No,2.0,2.0,-36.26912797,144.8727115,CAMPASPE
T20180005112,Dry,Clear,Collision with a fixed object,Saturday,Day,110,2018/03/17,14:30:00,No,1.0,1.0,-36.80652087,145.4627365,STRATHBOGIE
T20180005114,Dry,Clear,Collision with a fixed object,Saturday,Day,100,2018/03/17,17:05:00,Yes,1.0,1.0,-36.01775913,146.0492114,MOIRA
T20180005115,Dry,Clear,Collision with a fixed object,Saturday,Day,80,2018/03/17,15:20:00,Yes,1.0,1.0,-37.8923166,146.4444242,BAW BAW
T20180005118,Dry,Clear,Collision with a fixed object,Saturday,Day,60,2018/03/17,17:20:00,Yes,4.0,4.0,-38.17813195,146.256291,LATROBE
T20180005133,Dry,Clear,Fall from or in moving vehicle,Saturday,Day,999,2018/03/17,18:15:00,Yes,4.0,1.0,-35.79879051,143.8309941,GANNAWARRA
T20180005140,Dry,Clear,Collision with vehicle,Sunday,Dark Street lights on,50,2018/03/18,00:53:00,No,1.0,1.0,-38.17146527,144.398925,GREATER GEELONG
T20180005143,Dry,Clear,Collision with vehicle,Sunday,Dark No street lights,40,2018/03/18,00:40:00,No,2.0,1.0,-38.17418974,146.2634762,LATROBE
T20180005151,Dry,Clear,Collision with a fixed object,Saturday,Day,100,2018/03/17,13:30:00,No,1.0,1.0,-37.51509228,148.1675325,EAST GIPPSLAND
T20180005155,Wet,Raining,Collision with vehicle,Sunday,Day,60,2018/03/18,12:05:00,No,2.0,1.0,-38.32282471,144.3233091,SURF COAST
T20180005160,Dry,Clear,collision with some other object,Sunday,Day,100,2018/03/18,12:54:00,No,2.0,1.0,-37.33022303,144.1664811,HEPBURN
T20180005164,Dry,Dust,Collision with vehicle,Sunday,Day,100,2018/03/18,13:20:00,No,5.0,1.0,-36.512381,144.5962322,GREATER BENDIGO
T20180005167,Dry,Clear,Vehicle overturned (no collision),Sunday,Day,999,2018/03/18,08:00:00,Yes,1.0,1.0,-37.63601978,140.9986001,GLENELG
T20180005172,Dry,Clear,Collision with vehicle,Sunday,Day,60,2018/03/18,17:20:00,Yes,1.0,1.0,-37.58201571,143.8576308,BALLARAT
T20180005186,Dry,Clear,Collision with vehicle,Monday,Day,50,2018/03/19,08:24:00,Yes,2.0,1.0,-38.16193275,145.9290263,BAW BAW
T20180005196,Dry,Clear,collision with some other object,Monday,Day,100,2018/03/19,07:45:00,Yes,1.0,1.0,-36.61142186,145.1660218,GREATER SHEPPARTON
T20180005198,Dry,Clear,Collision with a fixed object,Monday,Day,60,2018/03/19,09:35:00,No,1.0,1.0,-37.2755998,144.9625283,MITCHELL
T20180005204,Dry,Clear,Collision with vehicle,Monday,Day,80,2018/03/19,10:55:00,No,4.0,2.0,-38.24142848,144.3335932,GREATER GEELONG
T20180005212,Wet,Raining,Vehicle overturned (no collision),Monday,Day,40,2018/03/19,11:50:00,No,2.0,1.0,-38.81241002,143.5375498,COLAC OTWAY
T20180005215,Dry,Clear,Collision with a fixed object,Tuesday,Day,60,2018/02/20,18:00:00,Yes,1.0,1.0,-37.95794302,146.9726175,WELLINGTON
T20180005218,Dry,Clear,Vehicle overturned (no collision),Saturday,Dusk/Dawn,100,2018/01/20,06:50:00,Yes,1.0,1.0,-35.69184346,142.63082,YARRIAMBIACK
T20180005219,Wet,Fog,Vehicle overturned (no collision),Wednesday,Dark Street lights on,60,2017/07/12,19:00:00,Yes,1.0,1.0,-36.74862387,144.2811806,GREATER BENDIGO
T20180005223,Dry,Clear,No collision and no object struck,Saturday,Day,50,2018/03/17,13:00:00,No,1.0,1.0,-38.44263206,144.0919979,SURF COAST
T20180005241,Dry,Clear,Collision with a fixed object,Monday,Dark No street lights,100,2018/03/19,20:05:00,Yes,2.0,1.0,-37.21756983,145.7348184,MURRINDINDI
T20180005242,Dry,Clear,Collision with a fixed object,Monday,Dusk/Dawn,100,2018/03/19,18:24:00,Yes,3.0,3.0,-37.49604956,143.8305564,BALLARAT
T20180005253,Dry,Clear,Collision with a fixed object,Tuesday,Dusk/Dawn,100,2018/03/20,06:40:00,No,1.0,1.0,-36.39918804,145.895065,BENALLA
T20180005256,Dry,Clear,Vehicle overturned (no collision),Sunday,Dark Street lights on,100,2018/03/18,22:45:00,No,1.0,1.0,-38.16846075,145.7210506,BAW BAW
T20180005258,Dry,Clear,Collision with a fixed object,Tuesday,Dark No street lights,60,2018/03/20,06:10:00,No,1.0,1.0,-36.0988711,147.1117742,TOWONG
T20180005277,Wet,Raining,Collision with a fixed object,Tuesday,Dusk/Dawn,100,2018/03/20,06:15:00,No,1.0,1.0,-38.31094466,145.6494058,SOUTH GIPPSLAND
T20180005279,Wet,Raining,Vehicle overturned (no collision),Monday,Day,100,2018/03/19,19:05:00,Yes,1.0,1.0,-38.44338962,142.9242248,CORANGAMITE
T20180005285,Dry,Clear,Vehicle overturned (no collision),Tuesday,Day,100,2018/03/20,10:21:00,No,2.0,2.0,-36.90198763,142.4851928,NORTHERN GRAMPIANS
T20180005290,Dry,Clear,Collision with vehicle,Tuesday,Day,60,2018/03/20,16:30:00,No,3.0,1.0,-38.37437965,142.4993497,WARRNAMBOOL
T20180005293,Dry,Clear,Collision with vehicle,Wednesday,Dark Street lights on,60,2018/03/14,21:25:00,Yes,3.0,1.0,-36.75981324,144.245145,GREATER BENDIGO
T20180005296,Dry,Clear,Collision with vehicle,Tuesday,Day,60,2018/03/20,15:40:00,No,3.0,1.0,-37.55701073,143.8172288,BALLARAT
T20180005298,Dry,Clear,Collision with a fixed object,Tuesday,Day,100,2018/03/20,17:45:00,No,1.0,1.0,-36.98812391,144.0949833,MOUNT ALEXANDER
T20180005305,Dry,Clear,Collision with vehicle,Tuesday,Day,100,2018/03/20,17:45:00,No,5.0,5.0,-36.42094132,145.1733226,GREATER SHEPPARTON
T20180005324,Dry,Clear,Collision with vehicle,Wednesday,Dark No street lights,100,2018/03/21,06:35:00,No,3.0,3.0,-36.41518888,145.54729,GREATER SHEPPARTON
T20180005327,Dry,Clear,Vehicle overturned (no collision),Wednesday,Dark Street lights on,60,2018/03/21,01:30:00,Yes,1.0,1.0,-37.29036722,144.9528287,MITCHELL
T20180005352,Dry,Clear,Struck Pedestrian,Wednesday,Day,80,2018/03/21,16:20:00,No,2.0,1.0,-37.50682112,143.8016377,BALLARAT
T20180005358,Dry,Clear,Collision with vehicle,Wednesday,Day,50,2018/03/21,17:40:00,No,2.0,1.0,-36.3889332,145.4067301,GREATER SHEPPARTON
T20180005363,Dry,Clear,Vehicle overturned (no collision),Wednesday,Day,100,2018/03/21,18:05:00,Yes,1.0,1.0,-35.80936894,143.5625398,GANNAWARRA
T20180005366,Dry,Clear,Collision with a fixed object,Wednesday,Day,100,2018/03/21,18:20:00,Yes,1.0,1.0,-37.70875848,143.6874502,GOLDEN PLAINS
T20180005373,Dry,Clear,Collision with vehicle,Wednesday,Dark Street lights on,50,2018/03/21,23:25:00,Yes,1.0,1.0,-36.7207503,144.2462924,GREATER BENDIGO
T20180005383,Dry,Clear,Collision with vehicle,Thursday,Day,70,2018/03/22,09:31:00,No,2.0,2.0,-38.18206984,144.3463499,GREATER GEELONG
T20180005385,Dry,Clear,collision with some other object,Thursday,Dark No street lights,80,2018/03/22,01:00:00,Yes,1.0,1.0,-37.37508208,144.3499432,HEPBURN
T20180005386,Dry,Clear,Collision with a fixed object,Thursday,Day,100,2018/03/22,10:00:00,No,1.0,1.0,-36.4026687,144.6715271,CAMPASPE
T20180005388,Dry,Clear,Struck Pedestrian,Thursday,Day,60,2018/03/22,11:05:00,No,2.0,1.0,-36.77324747,144.3052157,GREATER BENDIGO
T20180005391,Dry,Clear,No collision and no object struck,Wednesday,Dark No street lights,40,2018/03/21,20:40:00,Yes,6.0,5.0,-37.86873995,144.0773127,GOLDEN PLAINS
T20180005393,Dry,Clear,Collision with vehicle,Thursday,Day,80,2018/03/22,07:55:00,No,2.0,1.0,-38.18982867,146.56623,LATROBE
T20180005397,Dry,Clear,Collision with vehicle,Thursday,Day,60,2018/03/22,13:30:00,No,4.0,1.0,-38.09034443,144.3473667,GREATER GEELONG
T20180005398,Dry,Clear,Collision with a fixed object,Thursday,Day,70,2018/03/22,08:20:00,No,1.0,1.0,-38.05005015,144.3914314,GREATER GEELONG
T20180005401,Dry,Clear,Collision with vehicle,Thursday,Dark No street lights,60,2018/03/22,07:00:00,No,4.0,4.0,-38.23943737,145.7802956,BAW BAW
T20180005417,Dry,Clear,Collision with a fixed object,Thursday,Day,100,2018/03/22,07:45:00,No,1.0,1.0,-36.46269777,144.6653368,CAMPASPE
T20180005427,Dry,Clear,Vehicle overturned (no collision),Thursday,Day,80,2018/03/22,15:40:00,No,5.0,1.0,-38.74585181,143.2586655,COLAC OTWAY
T20180005428,Dry,Clear,Collision with vehicle,Thursday,Day,100,2018/03/22,17:35:00,No,2.0,1.0,-38.01762697,144.4582078,GREATER GEELONG
T20180005430,Dry,Clear,Collision with vehicle,Thursday,Day,50,2018/03/22,18:20:00,Yes,3.0,2.0,-37.55337008,143.8593229,BALLARAT
T20180005432,Dry,Not known,Collision with vehicle,Thursday,Day,50,2018/03/22,17:35:00,No,4.0,1.0,-38.24142848,144.3335932,GREATER GEELONG
T20180005434,Dry,Clear,Collision with vehicle,Thursday,Day,60,2018/03/22,15:25:00,No,2.0,1.0,-38.10464293,144.3445692,GREATER GEELONG
T20180005456,Dry,Clear,Collision with a fixed object,Friday,Dark No street lights,60,2018/03/23,03:25:00,Yes,3.0,2.0,-38.36295044,143.5720538,COLAC OTWAY
T20180005471,Dry,Clear,Collision with vehicle,Friday,Dark No street lights,110,2018/03/23,06:25:00,No,2.0,1.0,-37.00373,144.2490401,MOUNT ALEXANDER
T20180005472,Dry,Clear,Collision with a fixed object,Friday,Dark No street lights,100,2018/03/23,02:00:00,Yes,1.0,1.0,-36.09686972,145.2048909,MOIRA
T20180005486,Dry,Clear,Collision with vehicle,Friday,Day,50,2018/03/23,13:15:00,No,4.0,1.0,-38.18585816,146.2937278,LATROBE
T20180005495,Dry,Clear,Collision with vehicle,Friday,Day,60,2018/03/23,15:00:00,No,2.0,1.0,-38.16419438,145.9389943,BAW BAW
T20180005502,Dry,Clear,Vehicle overturned (no collision),Friday,Day,100,2018/03/23,12:54:00,No,1.0,1.0,-36.05794237,142.0354735,HINDMARSH
T20180005506,Dry,Clear,Collision with vehicle,Friday,Day,60,2018/03/23,16:00:00,Yes,1.0,1.0,-38.18070099,144.3858298,GREATER GEELONG
T20180005511,Dry,Clear,Collision with vehicle,Wednesday,Day,60,2018/03/21,17:13:00,No,2.0,1.0,-38.37205034,142.4740357,WARRNAMBOOL
T20180005513,Dry,Clear,Struck Pedestrian,Friday,Day,50,2018/03/23,17:14:00,Yes,3.0,1.0,-38.17515818,144.3426173,GREATER GEELONG
T20180005523,Dry,Clear,Collision with a fixed object,Friday,Day,100,2018/03/23,18:15:00,Yes,4.0,4.0,-35.82209908,144.2718381,GANNAWARRA
T20180005531,Dry,Clear,Collision with vehicle,Friday,Day,50,2018/03/23,18:05:00,Yes,2.0,1.0,-38.26785875,144.5219055,GREATER GEELONG
T20180005540,Dry,Clear,Collision with vehicle,Friday,Dark Street lights on,50,2018/03/23,19:30:00,Yes,3.0,2.0,-36.39191661,145.4097949,GREATER SHEPPARTON
T20180005542,Dry,Clear,collision with some other object,Saturday,Day,999,2018/03/03,12:00:00,No,1.0,1.0,-36.66968915,147.2291402,TOWONG
T20180005546,Dry,Clear,Collision with vehicle,Friday,Dark Street lights on,50,2018/03/23,02:50:00,Yes,1.0,1.0,-38.14395011,144.33174,GREATER GEELONG
T20180005553,Dry,Clear,Collision with a fixed object,Saturday,Dark No street lights,100,2018/03/24,01:00:00,Yes,1.0,1.0,-37.98227426,147.0718329,WELLINGTON
T20180005554,Dry,Clear,Collision with a fixed object,Saturday,Dark Street lights on,60,2018/03/24,01:48:00,Yes,1.0,1.0,-36.74696214,144.2576074,GREATER BENDIGO
T20180005558,Wet,Raining,Collision with vehicle,Saturday,Day,60,2018/03/24,08:50:00,No,2.0,1.0,-37.54381431,143.8611118,BALLARAT
T20180005565,Unknown,Not known,Vehicle overturned (no collision),Thursday,Day,999,2018/03/22,13:30:00,No,1.0,1.0,-35.93444128,147.700082,TOWONG
T20180005567,Wet,Raining,Vehicle overturned (no collision),Saturday,Day,60,2018/03/24,12:40:00,No,1.0,1.0,-36.73569053,144.1329749,GREATER BENDIGO
T20180005569,Wet,Raining,Collision with vehicle,Saturday,Day,60,2018/03/24,12:50:00,No,2.0,1.0,-38.14234755,145.8552433,BAW BAW
T20180005575,Wet,Raining,Collision with a fixed object,Saturday,Day,100,2018/03/24,12:55:00,No,1.0,1.0,-38.52664177,145.4431308,BASS COAST
T20180005587,Dry,Clear,Collision with a fixed object,Saturday,Dark No street lights,100,2018/03/24,03:30:00,Yes,3.0,2.0,-35.83890001,145.457549,MOIRA
T20180005589,Dry,Clear,Collision with vehicle,Saturday,Day,50,2018/03/24,15:10:00,Yes,3.0,1.0,-38.45028704,145.23759,BASS COAST
T20180005614,Dry,Clear,Collision with vehicle,Saturday,Dusk/Dawn,50,2018/03/24,19:30:00,Yes,3.0,1.0,-36.72694001,142.2068474,HORSHAM
T20180005617,Dry,Clear,Collision with a fixed object,Saturday,Dark Street lights on,80,2018/03/24,05:24:00,Yes,1.0,1.0,-34.22018702,142.194021,MILDURA
T20180005632,Wet,Raining,Collision with a fixed object,Saturday,Day,80,2018/03/24,13:10:00,No,1.0,1.0,-37.69015059,144.4391192,MOORABOOL
T20180005640,Dry,Clear,Vehicle overturned (no collision),Wednesday,Day,999,2018/03/21,14:20:00,No,1.0,1.0,-36.95412639,147.9302301,EAST GIPPSLAND
T20180005647,Wet,Not known,Collision with vehicle,Saturday,Day,100,2018/03/24,15:00:00,Yes,4.0,1.0,-37.25812473,145.5227777,MURRINDINDI
T20180005648,Dry,Clear,Collision with a fixed object,Saturday,Dark No street lights,100,2018/03/24,23:20:00,Yes,2.0,2.0,-38.02953843,144.176152,GOLDEN PLAINS
T20180005649,Wet,Clear,Collision with a fixed object,Sunday,Dark No street lights,100,2018/03/25,06:50:00,Yes,1.0,1.0,-37.40765152,144.9495158,MITCHELL
T20180005655,Wet,Clear,Collision with vehicle,Sunday,Day,100,2018/03/25,11:30:00,No,2.0,1.0,-38.46176164,143.5818516,COLAC OTWAY
T20180005657,Wet,Raining,Collision with a fixed object,Saturday,Day,80,2018/03/24,08:25:00,No,2.0,2.0,-38.19162086,146.2837244,LATROBE
T20180005663,Dry,Clear,Collision with vehicle,Sunday,Day,50,2018/03/25,10:05:00,No,4.0,2.0,-38.14155294,144.3481341,GREATER GEELONG
T20180005666,Dry,Clear,Collision with a fixed object,Sunday,Day,80,2018/02/18,15:00:00,No,1.0,1.0,-38.0086969,146.0048883,BAW BAW
T20180005678,Dry,Clear,Collision with vehicle,Sunday,Day,70,2018/03/25,14:13:00,No,4.0,1.0,-38.05933996,144.3584083,GREATER GEELONG
T20180005679,Dry,Clear,Vehicle overturned (no collision),Thursday,Dusk/Dawn,100,2018/03/15,17:15:00,No,1.0,1.0,-37.89291157,146.8183506,WELLINGTON
T20180005688,Dry,Clear,Collision with vehicle,Sunday,Day,80,2018/03/25,13:46:00,No,2.0,2.0,-38.44744673,142.7530054,MOYNE
T20180005695,Dry,Clear,Collision with vehicle,Sunday,Day,110,2018/03/25,17:00:00,No,2.0,1.0,-38.14218554,145.8843584,BAW BAW
T20180005698,Wet,Raining,Collision with a fixed object,Sunday,Day,100,2018/03/25,16:55:00,Yes,3.0,3.0,-38.33131236,142.6826894,MOYNE
T20180005703,Dry,Clear,Vehicle overturned (no collision),Sunday,Dark No street lights,100,2018/03/25,20:25:00,Yes,1.0,1.0,-36.23685643,146.8354577,WODONGA
T20180005715,Dry,Clear,Collision with vehicle,Friday,Day,60,2018/03/23,16:46:00,No,3.0,1.0,-34.20256746,142.1313982,MILDURA
T20180005719,Dry,Clear,Vehicle overturned (no collision),Friday,Dark No street lights,100,2018/03/23,22:30:00,Yes,1.0,1.0,-34.4567076,142.3100373,MILDURA
T20180005726,Wet,Raining,No collision and no object struck,Monday,Day,100,2018/03/26,11:15:00,No,1.0,1.0,-38.5187124,145.6609229,BASS COAST
T20180005729,Dry,Clear,Collision with a fixed object,Thursday,Day,100,2018/03/01,18:10:00,Yes,1.0,1.0,-38.02815467,144.3409595,GREATER GEELONG
T20180005736,Wet,Clear,Collision with vehicle,Monday,Day,80,2018/03/26,15:50:00,No,5.0,5.0,-38.17553842,144.4671696,GREATER GEELONG
T20180005746,Dry,Clear,Struck Pedestrian,Monday,Day,50,2018/03/26,15:30:00,No,2.0,1.0,-38.08722987,144.3600689,GREATER GEELONG
T20180005757,Wet,Raining,Vehicle overturned (no collision),Monday,Dark No street lights,999,2018/03/26,20:46:00,Yes,1.0,1.0,-38.34636976,143.52324,COLAC OTWAY
T20180005758,Wet,Raining,Collision with vehicle,Monday,Dark Street lights on,60,2018/03/26,06:20:00,No,2.0,1.0,-38.3454785,143.5918794,COLAC OTWAY
T20180005761,Dry,Clear,Collision with a fixed object,Monday,Day,100,2018/03/26,19:00:00,Yes,2.0,2.0,-36.32040944,146.507679,WANGARATTA
T20180005766,Wet,Raining,Collision with a fixed object,Monday,Dark No street lights,80,2018/03/26,05:15:00,Yes,1.0,1.0,-38.14903047,145.8689987,BAW BAW
T20180005768,Wet,Raining,Collision with vehicle,Monday,Day,100,2018/03/26,18:13:00,Yes,3.0,3.0,-38.01731727,146.9622929,WELLINGTON
T20180005769,Dry,Clear,Collision with vehicle,Monday,Dark Street lights on,60,2018/03/26,23:25:00,Yes,4.0,2.0,-37.5598574,143.8390233,BALLARAT
T20180005774,Dry,Clear,Collision with vehicle,Tuesday,Dark Street lights on,70,2018/03/27,05:10:00,Yes,1.0,1.0,-38.19130964,144.3430766,GREATER GEELONG