Accident_No,Surface_Cond_Desc,Atmosph_Cond_Desc,Accident_Type_Desc,Day,Light_Condition_Desc,Speed_Zone,Accident_Date,Accident_Time,Alcohol_Influence,Total_Persons_Inv,Inj_Or_Fatal,Lat,Long,LGA
T20180005784,Wet,Raining,Collision with a fixed object,Tuesday,Dusk/Dawn,80,2018/03/27,06:30:00,No,1.0,1.0,-38.2930463,145.900751,BAW BAW
T20180005787,Dry,Clear,Collision with vehicle,Tuesday,Day,60,2018/03/27,08:33:00,No,2.0,1.0,-37.56107268,143.8489302,BALLARAT
T20180005789,Wet,Raining,Collision with a fixed object,Monday,Dusk/Dawn,60,2018/03/26,17:13:00,No,1.0,1.0,-37.13141712,146.4550217,MOUNT BULLER ALPINE RESORT (UNINC)
T20180005790,Dry,Clear,Collision with vehicle,Tuesday,Dusk/Dawn,80,2018/03/27,07:00:00,No,2.0,1.0,-36.37758557,145.4318101,GREATER SHEPPARTON
T20180005792,Dry,Clear,Collision with vehicle,Tuesday,Day,60,2018/03/27,08:00:00,No,3.0,2.0,-38.36705883,142.4936333,WARRNAMBOOL
T20180005802,Dry,Clear,Collision with a fixed object,Monday,Dark Street lights on,70,2018/03/19,04:10:00,Yes,1.0,1.0,-38.19196763,144.3249536,GREATER GEELONG
T20180005807,Dry,Not known,Collision with vehicle,Sunday,Day,50,2018/03/25,10:00:00,Yes,2.0,1.0,-36.3889332,145.4067301,GREATER SHEPPARTON
T20180005810,Dry,Clear,Vehicle overturned (no collision),Tuesday,Day,100,2018/03/27,08:00:00,No,1.0,1.0,-37.79046941,141.8151199,SOUTHERN GRAMPIANS
T20180005812,Unknown,Not known,Collision with vehicle,Thursday,Day,60,2018/03/22,11:50:00,No,2.0,1.0,-37.55648864,143.8482422,BALLARAT
T20180005829,Dry,Clear,Vehicle overturned (no collision),Tuesday,Day,999,2018/02/27,17:30:00,No,1.0,1.0,-37.46947988,145.3249845,MURRINDINDI
T20180005843,Dry,Clear,Collision with vehicle,Tuesday,Day,100,2018/03/27,17:23:00,No,5.0,1.0,-35.89907495,145.5595546,MOIRA
T20180005850,Dry,Clear,Collision with vehicle,Tuesday,Dusk/Dawn,80,2018/03/27,18:19:00,Yes,2.0,2.0,-37.81134925,147.618836,EAST GIPPSLAND
T20180005857,Unknown,Not known,Collision with vehicle,Friday,Day,100,2018/03/23,12:45:00,No,2.0,1.0,-36.05427823,145.6731943,MOIRA
T20180005863,Dry,Clear,Collision with a fixed object,Tuesday,Day,80,2018/03/27,18:37:00,Yes,1.0,1.0,-38.16802992,145.8280207,BAW BAW
T20180005874,Dry,Clear,Collision with vehicle,Wednesday,Dark Street lights on,50,2018/03/28,05:00:00,Yes,2.0,2.0,-38.1794331,144.3706846,GREATER GEELONG
T20180005875,Dry,Clear,Vehicle overturned (no collision),Wednesday,Dark No street lights,100,2018/03/28,04:10:00,Yes,2.0,2.0,-37.73509975,144.3924277,MOORABOOL
T20180005877,Dry,Clear,Collision with a fixed object,Wednesday,Dark No street lights,100,2018/03/28,04:30:00,Yes,1.0,1.0,-38.0837472,146.9881504,WELLINGTON
T20180005885,Dry,Clear,Collision with vehicle,Wednesday,Day,100,2018/03/28,08:32:00,No,2.0,1.0,-37.43398003,144.9777505,MITCHELL
T20180005888,Dry,Clear,Collision with vehicle,Wednesday,Day,60,2018/03/28,10:20:00,No,2.0,1.0,-38.07615119,144.3585388,GREATER GEELONG
T20180005892,Dry,Clear,Collision with vehicle,Wednesday,Dark No street lights,100,2018/03/28,07:09:00,No,2.0,1.0,-37.89276447,144.3674802,GREATER GEELONG
T20180005893,Dry,Clear,Collision with vehicle,Wednesday,Day,80,2017/03/29,12:58:00,No,2.0,1.0,-36.7581706,147.2032004,ALPINE
T20180005898,Dry,Clear,Collision with vehicle,Wednesday,Day,50,2018/03/28,11:48:00,No,2.0,1.0,-38.63192075,145.7338476,BASS COAST
T20180005910,Dry,Clear,Struck animal,Wednesday,Day,100,2018/03/28,13:20:00,No,1.0,1.0,-36.17531902,147.5454006,TOWONG
T20180005920,Dry,Clear,Collision with a fixed object,Wednesday,Day,100,2018/03/28,15:20:00,No,1.0,1.0,-37.86610011,147.4258008,EAST GIPPSLAND
T20180005928,Dry,Clear,Collision with vehicle,Wednesday,Day,60,2018/03/28,15:30:00,No,2.0,1.0,-37.06417353,142.7650483,NORTHERN GRAMPIANS
T20180005931,Dry,Clear,Struck Pedestrian,Wednesday,Day,50,2018/03/28,17:20:00,No,2.0,1.0,-38.11142909,147.0657686,WELLINGTON
T20180005942,Dry,Clear,No collision and no object struck,Wednesday,Dark No street lights,100,2018/03/28,05:10:00,Yes,1.0,1.0,-37.47559944,144.6390695,MACEDON RANGES
T20180005944,Dry,Clear,Collision with vehicle,Monday,Day,60,2018/01/22,07:45:00,No,2.0,1.0,-37.04840577,143.7353834,CENTRAL GOLDFIELDS
T20180005949,Wet,Clear,Collision with a fixed object,Saturday,Day,100,2018/03/24,19:00:00,Yes,1.0,1.0,-38.69002675,146.1363962,SOUTH GIPPSLAND
T20180005955,Dry,Clear,Vehicle overturned (no collision),Wednesday,Day,100,2017/11/22,15:00:00,No,1.0,1.0,-38.35048174,146.9509108,WELLINGTON
T20180005961,Dry,Clear,Collision with vehicle,Thursday,Day,110,2018/03/29,08:30:00,No,5.0,1.0,-34.61834,142.2276701,MILDURA
T20180005965,Dry,Clear,Collision with vehicle,Thursday,Day,100,2018/03/29,09:07:00,No,2.0,2.0,-38.21211082,144.2180691,SURF COAST
T20180005971,Dry,Clear,Collision with vehicle,Thursday,Day,60,2018/03/29,13:10:00,No,2.0,1.0,-36.75837264,144.2873756,GREATER BENDIGO
T20180005975,Dry,Clear,Struck Pedestrian,Thursday,Day,50,2018/03/29,11:30:00,No,2.0,1.0,-34.23470724,142.1698233,MILDURA
T20180005985,Dry,Clear,Collision with a fixed object,Thursday,Day,100,2018/03/29,12:30:00,No,1.0,1.0,-36.7415024,143.6890498,LODDON
T20180006007,Dry,Clear,Vehicle overturned (no collision),Thursday,Dusk/Dawn,100,2018/03/29,19:20:00,Yes,1.0,1.0,-38.10124331,143.2541131,CORANGAMITE
T20180006025,Dry,Clear,Collision with a fixed object,Thursday,Dusk/Dawn,60,2018/03/29,06:30:00,No,2.0,1.0,-36.39688645,145.3958898,GREATER SHEPPARTON
T20180006038,Dry,Clear,Collision with vehicle,Friday,Day,100,2018/03/30,08:05:00,No,2.0,2.0,-37.12430017,145.2213174,MITCHELL
T20180006039,Dry,Clear,Collision with vehicle,Friday,Day,60,2018/03/30,09:25:00,No,4.0,2.0,-37.30741987,144.950079,MITCHELL
T20180006044,Dry,Clear,Vehicle overturned (no collision),Friday,Day,100,2018/03/30,10:00:00,No,1.0,1.0,-37.38781793,143.9225604,HEPBURN
T20180006050,Dry,Clear,Struck animal,Thursday,Day,999,2018/03/29,16:30:00,No,1.0,1.0,-37.45071387,143.839388,BALLARAT
T20180006051,Dry,Clear,Vehicle overturned (no collision),Friday,Day,40,2018/03/30,09:50:00,No,1.0,1.0,-36.37958325,141.2433696,WEST WIMMERA
T20180006055,Dry,Clear,Vehicle overturned (no collision),Friday,Day,100,2018/03/30,12:15:00,No,2.0,2.0,-35.3815987,143.4300993,SWAN HILL
T20180006063,Dry,Clear,Collision with a fixed object,Friday,Day,100,2018/03/30,09:30:00,No,1.0,1.0,-37.14214044,144.6212658,MACEDON RANGES
T20180006064,Dry,Clear,Vehicle overturned (no collision),Friday,Day,70,2018/03/30,12:15:00,No,2.0,2.0,-38.10874972,144.3533673,GREATER GEELONG
T20180006065,Dry,Clear,Collision with vehicle,Tuesday,Day,50,2018/03/06,18:00:00,Yes,2.0,1.0,-38.3425305,143.5758746,COLAC OTWAY
T20180006070,Dry,Clear,Collision with vehicle,Friday,Day,60,2018/03/30,10:20:00,No,2.0,1.0,-38.17655334,144.3519865,GREATER GEELONG
T20180006072,Dry,Not known,Collision with a fixed object,Monday,Dusk/Dawn,100,2018/03/26,06:45:00,No,1.0,1.0,-37.38960729,144.8955707,MACEDON RANGES
T20180006077,Dry,Clear,Collision with vehicle,Friday,Day,60,2018/03/30,13:30:00,No,2.0,2.0,-38.1007891,144.0582878,GOLDEN PLAINS
T20180006080,Dry,Clear,Collision with a fixed object,Friday,Day,110,2018/03/30,15:45:00,No,4.0,1.0,-38.20352639,146.1829291,BAW BAW
T20180006082,Dry,Clear,Collision with a fixed object,Friday,Day,100,2018/03/30,16:50:00,Yes,1.0,1.0,-36.73912935,142.09998,HORSHAM
T20180006094,Dry,Clear,Collision with a fixed object,Friday,Dark No street lights,100,2018/03/30,21:00:00,Yes,2.0,2.0,-36.62727115,145.4713168,STRATHBOGIE
T20180006109,Dry,Clear,Vehicle overturned (no collision),Friday,Day,100,2018/03/30,18:45:00,Yes,3.0,2.0,-38.10092848,141.6499569,GLENELG
T20180006118,Dry,Clear,Collision with vehicle,Saturday,Day,100,2018/03/31,10:00:00,No,3.0,2.0,-38.03240174,147.057911,WELLINGTON
T20180006122,Dry,Clear,Collision with vehicle,Saturday,Day,80,2018/03/31,12:05:00,No,5.0,1.0,-38.2480641,144.3274492,SURF COAST
T20180006123,Dry,Clear,No collision and no object struck,Saturday,Day,80,2018/03/31,11:10:00,No,1.0,1.0,-35.74045937,143.937921,GANNAWARRA
T20180006124,Dry,Clear,Collision with a fixed object,Saturday,Day,100,2018/03/31,10:50:00,No,2.0,2.0,-36.32405008,146.1988508,WANGARATTA
T20180006125,Dry,Clear,Collision with vehicle,Saturday,Day,60,2018/03/31,11:55:00,No,2.0,1.0,-36.38474215,145.4189339,GREATER SHEPPARTON
T20180006126,Dry,Clear,Collision with vehicle,Saturday,Day,50,2018/03/31,12:20:00,No,3.0,1.0,-38.2750102,144.4929097,GREATER GEELONG
T20180006132,Unknown,Not known,Vehicle overturned (no collision),Friday,Day,999,2018/03/30,19:00:00,Yes,1.0,1.0,-36.52039796,145.3280647,GREATER SHEPPARTON
T20180006133,Dry,Clear,Collision with a fixed object,Saturday,Day,100,2018/03/31,12:38:00,No,1.0,1.0,-37.3156986,146.0905035,MANSFIELD
T20180006144,Dry,Clear,Collision with vehicle,Saturday,Day,100,2018/03/31,14:30:00,Yes,9.0,2.0,-38.44755647,142.7540389,MOYNE
T20180006156,Dry,Clear,Collision with vehicle,Saturday,Dusk/Dawn,100,2018/03/31,18:45:00,Yes,2.0,1.0,-38.33553176,146.3730496,LATROBE
T20180006158,Dry,Clear,Fall from or in moving vehicle,Saturday,Day,100,2018/03/31,13:45:00,No,1.0,1.0,-37.77308151,146.8965534,WELLINGTON
T20180006161,Dry,Clear,Collision with vehicle,Saturday,Day,100,2018/03/31,14:50:00,Yes,3.0,1.0,-37.52370125,145.8023112,MURRINDINDI
T20180006163,Dry,Clear,Collision with a fixed object,Saturday,Day,100,2018/03/31,18:45:00,Yes,1.0,1.0,-37.48103698,144.5562534,MACEDON RANGES
T20180006166,Dry,Clear,Collision with vehicle,Saturday,Dark Street lights on,60,2018/03/31,20:10:00,Yes,6.0,6.0,-37.25444287,145.7966269,MURRINDINDI
T20180006168,Dry,Clear,Collision with a fixed object,Saturday,Dusk/Dawn,100,2018/03/31,19:40:00,Yes,1.0,1.0,-36.95194723,143.5004224,PYRENEES
T20180006173,Dry,Clear,Collision with a fixed object,Sunday,Dark No street lights,100,2018/04/01,00:35:00,No,1.0,1.0,-38.74023994,143.4652278,COLAC OTWAY
T20180006175,Dry,Clear,Collision with a fixed object,Sunday,Dark No street lights,999,2018/04/01,02:17:00,Yes,1.0,1.0,-37.38723396,143.9538457,HEPBURN
T20180006192,Dry,Clear,No collision and no object struck,Saturday,Day,60,2018/03/31,15:30:00,Yes,2.0,1.0,-36.35045549,146.3107527,WANGARATTA
T20180006194,Dry,Clear,Collision with vehicle,Sunday,Day,60,2018/04/01,13:00:00,No,3.0,1.0,-36.7178125,142.2049356,HORSHAM
T20180006198,Dry,Clear,Collision with vehicle,Saturday,Dark Street lights on,50,2018/03/31,19:30:00,Yes,1.0,1.0,-36.58925995,145.0165502,CAMPASPE
T20180006201,Dry,Clear,Collision with vehicle,Sunday,Day,100,2018/04/01,12:05:00,No,5.0,2.0,-36.72645807,147.133929,ALPINE
T20180006212,Dry,Clear,Collision with vehicle,Sunday,Dark Street lights on,60,2018/04/01,21:55:00,Yes,6.0,3.0,-38.15493299,144.3798282,GREATER GEELONG
T20180006224,Dry,Clear,Struck Pedestrian,Thursday,Day,999,2018/03/29,13:10:00,No,2.0,1.0,-38.16752138,144.3833376,GREATER GEELONG
T20180006227,Dry,Clear,Collision with vehicle,Sunday,Day,50,2018/04/01,18:50:00,Yes,3.0,3.0,-38.20673056,144.3138071,GREATER GEELONG
T20180006230,Dry,Clear,Collision with a fixed object,Monday,Day,60,2018/04/02,07:30:00,No,1.0,1.0,-36.74853716,144.2584989,GREATER BENDIGO
T20180006236,Dry,Not known,Struck animal,Saturday,Dark No street lights,80,2018/03/31,21:30:00,Yes,1.0,1.0,-38.19899938,147.3620881,WELLINGTON
T20180006242,Dry,Clear,Vehicle overturned (no collision),Monday,Day,999,2018/04/02,11:00:00,No,1.0,1.0,-36.11367032,147.6122366,TOWONG
T20180006251,Dry,Clear,Struck Pedestrian,Monday,Day,100,2018/04/02,13:56:00,No,2.0,1.0,-38.23915291,144.2528694,SURF COAST
T20180006252,Dry,Clear,Collision with a fixed object,Monday,Day,80,2018/04/02,11:00:00,No,1.0,1.0,-37.8616072,144.1313031,GOLDEN PLAINS
T20180006259,Dry,Clear,Collision with vehicle,Monday,Day,80,2018/04/02,16:30:00,Yes,2.0,1.0,-37.68632705,144.5025861,MOORABOOL
T20180006265,Unknown,Not known,Collision with vehicle,Monday,Day,100,2018/04/02,12:00:00,No,3.0,1.0,-36.93728759,143.619308,CENTRAL GOLDFIELDS
T20180006267,Dry,Clear,Collision with vehicle,Monday,Day,100,2018/04/02,15:10:00,No,4.0,1.0,-37.27969059,144.9510215,MITCHELL
T20180006272,Dry,Clear,No collision and no object struck,Monday,Day,100,2018/04/02,15:42:00,No,2.0,1.0,-37.00826008,145.8055412,MANSFIELD
T20180006277,Dry,Clear,Collision with vehicle,Monday,Day,90,2018/04/02,17:50:00,No,2.0,1.0,-37.38227074,144.527153,MACEDON RANGES
T20180006280,Dry,Clear,Collision with vehicle,Monday,Day,60,2018/04/02,17:15:00,No,1.0,1.0,-34.29934423,142.2031684,MILDURA
T20180006310,Unknown,Not known,Vehicle overturned (no collision),Friday,Unknown,60,2018/03/30,17:50:00,Yes,1.0,1.0,-36.76427772,144.3011814,GREATER BENDIGO
T20180006313,Dry,Clear,Collision with vehicle,Saturday,Day,80,2018/03/31,17:30:00,Yes,4.0,2.0,-37.92439984,146.0862067,BAW BAW
T20180006314,Dry,Clear,Collision with vehicle,Tuesday,Day,70,2018/04/03,12:10:00,No,3.0,1.0,-36.14786074,144.7304241,CAMPASPE
T20180006315,Dry,Clear,Collision with a fixed object,Monday,Day,100,2018/04/02,16:30:00,No,2.0,2.0,-37.09702925,145.7597451,MURRINDINDI
T20180006319,Dry,Clear,No collision and no object struck,Tuesday,Day,80,2018/04/03,14:35:00,No,1.0,1.0,-38.31685975,141.5564208,GLENELG
T20180006320,Dry,Clear,Collision with vehicle,Wednesday,Day,60,2017/12/20,08:30:00,No,2.0,1.0,-36.75980214,144.3205241,GREATER BENDIGO
T20180006326,Dry,Clear,Collision with vehicle,Tuesday,Day,40,2018/04/03,16:00:00,No,2.0,1.0,-37.62377229,143.8901125,BALLARAT
T20180006328,Dry,Not known,No collision and no object struck,Thursday,Day,60,2018/03/29,14:00:00,No,1.0,1.0,-37.89500063,146.7966843,WELLINGTON
T20180006354,Dry,Clear,Collision with a fixed object,Tuesday,Day,100,2018/04/03,18:00:00,Yes,1.0,1.0,-38.62829919,143.1474444,CORANGAMITE
T20180006356,Dry,Clear,Collision with vehicle,Sunday,Dark Street lights on,60,2018/02/18,01:26:00,Yes,2.0,1.0,-36.37658038,145.4017028,GREATER SHEPPARTON
T20180006364,Dry,Clear,Collision with vehicle,Wednesday,Day,80,2018/04/04,09:55:00,No,2.0,1.0,-38.34352727,141.5871983,GLENELG
T20180006367,Wet,Raining,Collision with a fixed object,Monday,Day,100,2018/03/26,13:50:00,No,1.0,1.0,-38.37562747,145.7583702,SOUTH GIPPSLAND
T20180006385,Dry,Clear,Collision with vehicle,Wednesday,Day,80,2018/04/04,08:30:00,No,2.0,1.0,-38.17733471,144.415826,GREATER GEELONG
T20180006388,Dry,Clear,Collision with vehicle,Wednesday,Day,60,2018/04/04,12:00:00,No,2.0,1.0,-37.55425472,143.8042404,BALLARAT
T20180006393,Dry,Clear,Collision with vehicle,Wednesday,Day,60,2018/04/04,10:00:00,No,2.0,2.0,-36.40893846,145.3933059,GREATER SHEPPARTON
T20180006395,Dry,Clear,Collision with vehicle,Saturday,Day,100,2018/03/31,15:15:00,No,2.0,1.0,-38.39418172,143.6858394,COLAC OTWAY
T20180006397,Dry,Clear,Collision with vehicle,Wednesday,Day,100,2018/04/04,15:35:00,No,2.0,2.0,-36.36468331,145.5316073,GREATER SHEPPARTON
T20180006407,Dry,Clear,Collision with vehicle,Wednesday,Day,40,2018/04/04,14:45:00,No,2.0,1.0,-38.14828873,144.3631155,GREATER GEELONG
T20180006422,Dry,Clear,Collision with vehicle,Tuesday,Dark No street lights,110,2018/04/03,05:00:00,Yes,2.0,1.0,-37.29295874,144.5015124,MACEDON RANGES
T20180006430,Wet,Clear,Collision with vehicle,Thursday,Day,60,2018/04/05,09:00:00,No,3.0,1.0,-37.56036571,143.8429334,BALLARAT
T20180006441,Dry,Clear,Collision with vehicle,Thursday,Day,50,2018/04/05,12:00:00,No,2.0,1.0,-38.33879303,143.5790825,COLAC OTWAY
T20180006455,Dry,Clear,Collision with vehicle,Thursday,Day,100,2018/04/05,09:20:00,No,2.0,2.0,-36.78358893,144.4895396,GREATER BENDIGO
T20180006457,Unknown,Clear,Collision with a fixed object,Monday,Day,70,2018/03/26,17:30:00,No,1.0,1.0,-36.80404051,144.241937,GREATER BENDIGO
T20180006479,Dry,Clear,Collision with vehicle,Wednesday,Day,999,2018/03/28,17:15:00,No,3.0,1.0,-38.1830432,146.2767668,LATROBE
T20180006483,Dry,Clear,Collision with a fixed object,Thursday,Day,100,2018/04/05,17:15:00,No,1.0,1.0,-36.25417934,146.8069623,INDIGO
T20180006484,Dry,Clear,Collision with vehicle,Thursday,Day,100,2018/04/05,13:10:00,No,6.0,2.0,-36.4583595,142.0563818,HINDMARSH
T20180006499,Dry,Clear,Collision with a fixed object,Thursday,Dark Street lights on,80,2018/04/05,22:40:00,Yes,1.0,1.0,-36.74442795,146.0004921,BENALLA
T20180006502,Dry,Clear,Collision with vehicle,Thursday,Day,50,2018/03/08,15:15:00,No,2.0,1.0,-38.17440638,146.2582782,LATROBE
T20180006506,Dry,Clear,Struck animal,Monday,Dusk/Dawn,100,2018/03/26,19:45:00,Yes,1.0,1.0,-36.68177033,144.2225683,GREATER BENDIGO
T20180006512,Dry,Clear,Collision with vehicle,Thursday,Day,40,2018/04/05,11:45:00,No,2.0,1.0,-38.15007035,144.3594512,GREATER GEELONG
T20180006526,Dry,Clear,Collision with vehicle,Friday,Day,50,2018/04/06,13:25:00,No,9.0,6.0,-38.20490042,144.3405276,GREATER GEELONG
T20180006529,Dry,Clear,Collision with vehicle,Friday,Day,50,2018/04/06,13:30:00,No,2.0,1.0,-35.81060384,144.2195462,GANNAWARRA
T20180006531,Dry,Clear,Collision with vehicle,Tuesday,Day,40,2018/04/03,08:43:00,No,2.0,1.0,-38.15342512,144.357908,GREATER GEELONG
T20180006537,Dry,Clear,No collision and no object struck,Friday,Day,100,2018/04/06,14:50:00,No,1.0,1.0,-37.99532025,144.347728,GREATER GEELONG
T20180006540,Dry,Clear,Collision with vehicle,Friday,Day,50,2018/04/06,15:05:00,No,1.0,1.0,-36.14026964,146.8720942,WODONGA
T20180006542,Dry,Clear,Collision with vehicle,Thursday,Dark Street lights on,50,2018/04/05,18:41:00,Yes,1.0,1.0,-37.42435017,143.8951999,HEPBURN
T20180006545,Dry,Clear,Collision with vehicle,Friday,Day,60,2018/04/06,14:40:00,No,3.0,1.0,-37.56497962,143.8466768,BALLARAT
T20180006549,Dry,Clear,Collision with vehicle,Friday,Day,50,2018/04/06,16:20:00,Yes,2.0,1.0,-37.48577082,144.5905898,MACEDON RANGES
T20180006550,Dry,Clear,Collision with vehicle,Friday,Day,80,2018/04/06,17:45:00,Yes,2.0,1.0,-36.09037374,145.4317235,MOIRA
T20180006552,Dry,Not known,Struck Pedestrian,Friday,Dark Street lights on,60,2018/04/06,19:10:00,Yes,2.0,1.0,-38.32228225,144.3185012,SURF COAST
T20180006555,Dry,Clear,Collision with vehicle,Friday,Day,60,2018/04/06,16:25:00,Yes,1.0,1.0,-37.54238167,143.8667543,BALLARAT
T20180006566,Dry,Clear,Collision with vehicle,Thursday,Day,100,2018/04/05,17:00:00,No,3.0,1.0,-37.43233998,144.9778796,MITCHELL
T20180006568,Dry,Clear,Struck Pedestrian,Friday,Dark Street lights on,60,2018/04/06,21:10:00,Yes,3.0,2.0,-37.55383023,143.8562521,BALLARAT
T20180006573,Dry,Clear,Collision with vehicle,Friday,Dark No street lights,80,2018/04/06,20:35:00,Yes,4.0,2.0,-38.4966013,145.1604359,BASS COAST
T20180006578,Dry,Clear,Collision with vehicle,Friday,Dark Street lights on,60,2018/04/06,22:30:00,Yes,3.0,1.0,-38.38842032,142.5111517,WARRNAMBOOL
T20180006581,Dry,Clear,Collision with a fixed object,Friday,Dark No street lights,100,2018/04/06,03:45:00,Yes,3.0,3.0,-35.75633995,143.3729197,GANNAWARRA
T20180006588,Dry,Clear,Collision with vehicle,Saturday,Day,100,2018/04/07,10:15:00,No,4.0,2.0,-37.25892011,145.4569568,MURRINDINDI
T20180006590,Dry,Clear,Collision with a fixed object,Saturday,Day,50,2018/04/07,11:10:00,No,1.0,1.0,-36.72092699,144.2585699,GREATER BENDIGO
T20180006591,Dry,Clear,Struck animal,Saturday,Day,100,2018/04/07,10:50:00,No,2.0,2.0,-37.75212762,148.1920605,EAST GIPPSLAND
T20180006605,Dry,Clear,Collision with vehicle,Saturday,Day,50,2018/04/07,13:46:00,No,4.0,1.0,-36.57479021,143.8678494,LODDON
T20180006622,Dry,Clear,Collision with vehicle,Saturday,Day,100,2018/04/07,16:10:00,Yes,3.0,2.0,-36.56699866,142.8686925,NORTHERN GRAMPIANS
T20180006626,Dry,Not known,Vehicle overturned (no collision),Saturday,Dusk/Dawn,50,2018/04/07,21:00:00,Yes,4.0,3.0,-38.1699527,144.4031495,GREATER GEELONG
T20180006656,Dry,Clear,Collision with a fixed object,Sunday,Day,60,2018/04/08,10:50:00,No,1.0,1.0,-38.05292256,147.5735627,WELLINGTON
T20180006657,Dry,Clear,Collision with a fixed object,Sunday,Day,40,2018/04/08,09:45:00,Yes,1.0,1.0,-38.19028016,144.4764796,GREATER GEELONG
T20180006663,Dry,Clear,No collision and no object struck,Sunday,Day,100,2018/04/08,15:35:00,No,1.0,1.0,-37.30208043,144.5144087,MACEDON RANGES
T20180006664,Dry,Clear,Vehicle overturned (no collision),Sunday,Day,60,2018/04/08,15:15:00,No,1.0,1.0,-36.61641068,145.2198609,GREATER SHEPPARTON
T20180006685,Dry,Clear,Collision with a fixed object,Sunday,Dark No street lights,100,2018/04/08,23:50:00,Yes,1.0,1.0,-38.12662169,145.7549728,BAW BAW
T20180006687,Dry,Clear,Vehicle overturned (no collision),Sunday,Day,100,2018/04/08,13:20:00,No,1.0,1.0,-38.50734176,145.7653519,SOUTH GIPPSLAND
T20180006695,Dry,Clear,Collision with a fixed object,Sunday,Dark No street lights,100,2018/04/08,20:30:00,No,1.0,1.0,-35.94171077,144.3751541,CAMPASPE
T20180006700,Dry,Clear,Collision with vehicle,Friday,Day,100,2018/04/06,11:30:00,No,2.0,1.0,-38.26555137,144.4463797,GREATER GEELONG
T20180006702,Wet,Not known,Vehicle overturned (no collision),Monday,Dark No street lights,60,2018/04/09,00:30:00,Yes,1.0,1.0,-38.090747,147.0574585,WELLINGTON
T20180006703,Dry,Clear,Collision with vehicle,Monday,Day,100,2018/04/09,12:20:00,No,3.0,3.0,-36.4403375,145.2045144,GREATER SHEPPARTON
T20180006704,Unknown,Clear,Struck animal,Saturday,Dusk/Dawn,100,2018/04/07,06:30:00,Yes,1.0,1.0,-36.26218999,144.6171534,CAMPASPE
T20180006708,Dry,Clear,Vehicle overturned (no collision),Sunday,Day,100,2018/03/25,11:00:00,No,1.0,1.0,-37.67987026,147.8577745,EAST GIPPSLAND
T20180006710,Dry,Clear,Struck Pedestrian,Monday,Day,60,2018/04/09,14:10:00,No,2.0,1.0,-36.70986213,142.1950685,HORSHAM
T20180006712,Dry,Clear,Collision with vehicle,Monday,Day,100,2018/04/09,14:00:00,No,4.0,1.0,-38.33863481,144.2864218,SURF COAST
T20180006726,Dry,Clear,Collision with vehicle,Monday,Day,60,2018/04/09,16:00:00,No,2.0,1.0,-34.239605,142.1756834,MILDURA
T20180006732,Dry,Clear,Collision with vehicle,Monday,Day,80,2018/04/09,13:37:00,No,2.0,2.0,-38.20423422,146.5145452,LATROBE
T20180006733,Unknown,Not known,collision with some other object,Sunday,Unknown,999,2018/04/01,16:15:00,Yes,1.0,1.0,-37.93866445,146.2861096,BAW BAW
T20180006751,Dry,Clear,Collision with a fixed object,Wednesday,Dark Street lights on,60,2018/04/04,21:50:00,Yes,2.0,1.0,-36.81870709,144.2381246,GREATER BENDIGO
T20180006763,Dry,Clear,Collision with a fixed object,Monday,Day,100,2018/04/09,16:00:00,No,1.0,1.0,-37.47333803,143.378085,PYRENEES
T20180006765,Dry,Clear,Collision with vehicle,Tuesday,Day,60,2018/04/10,08:30:00,No,3.0,2.0,-38.21054388,146.1489388,BAW BAW
T20180006778,Dry,Clear,Collision with vehicle,Sunday,Dusk/Dawn,80,2018/04/08,17:00:00,Yes,2.0,1.0,-38.66131369,146.3250234,SOUTH GIPPSLAND
T20180006783,Dry,Clear,Collision with a fixed object,Tuesday,Day,100,2018/04/10,11:15:00,No,2.0,1.0,-36.07478998,146.4728692,INDIGO
T20180006787,Wet,Clear,Fall from or in moving vehicle,Tuesday,Dusk/Dawn,60,2018/04/10,06:40:00,No,1.0,1.0,-36.69709969,146.9098481,ALPINE
T20180006790,Dry,Clear,Collision with vehicle,Tuesday,Dark Street lights unknown,60,2018/03/20,21:30:00,Yes,2.0,1.0,-36.37758041,145.4194197,GREATER SHEPPARTON
T20180006791,Dry,Clear,Struck Pedestrian,Friday,Day,70,2018/04/06,15:34:00,No,2.0,1.0,-38.20648955,144.3403558,GREATER GEELONG
T20180006793,Dry,Clear,Collision with vehicle,Tuesday,Day,50,2018/04/10,12:20:00,No,2.0,1.0,-37.59527363,143.8397092,BALLARAT
T20180006802,Dry,Clear,Collision with vehicle,Monday,Day,40,2018/04/09,11:20:00,No,2.0,1.0,-37.55856136,143.8478601,BALLARAT
T20180006806,Wet,Clear,Collision with a fixed object,Tuesday,Dark No street lights,80,2018/04/10,17:53:00,No,1.0,1.0,-38.08927342,145.8605103,BAW BAW
T20180006817,Wet,Raining,Collision with a fixed object,Tuesday,Dark No street lights,100,2018/04/10,20:40:00,Yes,2.0,1.0,-37.82643506,147.8917021,EAST GIPPSLAND
T20180006821,Dry,Clear,Struck Pedestrian,Tuesday,Dark Street lights on,50,2018/04/10,23:30:00,Yes,2.0,1.0,-37.4229013,144.5649601,MACEDON RANGES
T20180006828,Dry,Clear,Collision with vehicle,Sunday,Day,100,2018/04/08,14:45:00,No,2.0,1.0,-38.21386387,147.1045833,WELLINGTON
T20180006829,Dry,Clear,collision with some other object,Tuesday,Day,100,2018/04/10,16:00:00,No,3.0,3.0,-37.21327117,144.919647,MITCHELL
T20180006839,Dry,Clear,Collision with vehicle,Wednesday,Day,50,2018/04/11,11:15:00,No,2.0,1.0,-37.54029791,143.8671064,BALLARAT