Accident_No,Surface_Cond_Desc,Atmosph_Cond_Desc,Accident_Type_Desc,Day,Light_Condition_Desc,Speed_Zone,Accident_Date,Accident_Time,Alcohol_Influence,Total_Persons_Inv,Inj_Or_Fatal,Lat,Long,LGA
T20180006840,Dry,Clear,Collision with vehicle,Monday,Dark Street lights on,60,2018/04/09,17:55:00,No,2.0,1.0,-36.75911294,144.27794,GREATER BENDIGO
T20180006848,Dry,Clear,No collision and no object struck,Thursday,Day,50,2018/03/29,16:25:00,No,1.0,1.0,-38.17631204,146.2609191,LATROBE
T20180006852,Dry,Clear,Vehicle overturned (no collision),Wednesday,Day,50,2018/04/11,12:10:00,No,3.0,1.0,-38.24627979,146.4470581,LATROBE
T20180006857,Dry,Clear,Collision with vehicle,Wednesday,Day,100,2018/04/11,16:00:00,No,3.0,1.0,-36.39271432,146.521569,WANGARATTA
T20180006860,Dry,Clear,No collision and no object struck,Wednesday,Day,100,2018/04/11,15:13:00,No,2.0,1.0,-38.03641951,144.2915037,GREATER GEELONG
T20180006864,Dry,Clear,Collision with a fixed object,Wednesday,Day,80,2018/04/11,16:50:00,No,1.0,1.0,-38.17390228,146.6585668,LATROBE
T20180006868,Dry,Clear,Struck Pedestrian,Wednesday,Day,60,2018/04/11,17:35:00,No,3.0,1.0,-38.14460981,144.3290659,GREATER GEELONG
T20180006870,Dry,Clear,Collision with vehicle,Wednesday,Dark Street lights on,60,2018/04/11,18:57:00,Yes,2.0,1.0,-36.77834838,144.2516777,GREATER BENDIGO
T20180006871,Dry,Clear,Collision with vehicle,Wednesday,Dark Street lights on,60,2018/04/11,20:10:00,Yes,3.0,2.0,-38.35767426,143.5828859,COLAC OTWAY
T20180006895,Dry,Clear,Collision with vehicle,Thursday,Day,60,2018/04/12,08:14:00,No,2.0,1.0,-37.4706949,144.6017729,MACEDON RANGES
T20180006898,Dry,Clear,Collision with vehicle,Saturday,Day,50,2018/04/07,14:20:00,Yes,2.0,1.0,-38.40544445,144.1901181,SURF COAST
T20180006909,Dry,Clear,No collision and no object struck,Thursday,Day,100,2018/04/12,10:04:00,No,3.0,2.0,-37.44243732,142.9450717,ARARAT
T20180006923,Dry,Clear,No collision and no object struck,Thursday,Day,60,2018/04/12,17:35:00,No,1.0,1.0,-37.95714062,144.1666378,GOLDEN PLAINS
T20180006944,Dry,Clear,Collision with a fixed object,Thursday,Dark No street lights,100,2018/04/12,19:05:00,Yes,1.0,1.0,-38.22338121,142.9666336,CORANGAMITE
T20180006956,Dry,Clear,Collision with vehicle,Wednesday,Day,60,2018/04/11,19:10:00,Yes,2.0,1.0,-36.40499905,145.4083602,GREATER SHEPPARTON
T20180006958,Dry,Clear,Collision with vehicle,Friday,Day,50,2018/04/13,07:00:00,No,2.0,1.0,-37.54334702,143.8307252,BALLARAT
T20180006971,Dry,Clear,Collision with a fixed object,Friday,Day,50,2018/04/13,10:20:00,No,1.0,1.0,-36.12895511,146.8561261,WODONGA
T20180006977,Dry,Clear,Collision with vehicle,Wednesday,Day,60,2018/03/28,15:14:00,No,2.0,1.0,-36.77604155,144.2804056,GREATER BENDIGO
T20180007002,Dry,Clear,Collision with vehicle,Tuesday,Day,60,2018/04/03,07:20:00,No,2.0,1.0,-36.13008997,144.7485443,CAMPASPE
T20180007018,Dry,Clear,Struck animal,Friday,Dark No street lights,100,2018/04/13,19:21:00,Yes,1.0,1.0,-36.36810694,145.4619698,GREATER SHEPPARTON
T20180007028,Dry,Clear,Collision with vehicle,Saturday,Dark No street lights,110,2018/04/14,02:50:00,Yes,4.0,2.0,-37.00755865,144.2500346,MOUNT ALEXANDER
T20180007035,Dry,Dust,Struck animal,Saturday,Day,100,2018/04/14,08:10:00,No,1.0,1.0,-36.16206257,142.26542,YARRIAMBIACK
T20180007037,Dry,Clear,Collision with vehicle,Friday,Day,60,2018/04/13,17:30:00,Yes,5.0,1.0,-36.38964601,145.3567158,GREATER SHEPPARTON
T20180007041,Wet,Raining,Collision with vehicle,Saturday,Day,100,2018/04/14,12:30:00,No,3.0,1.0,-36.89576999,145.1623199,STRATHBOGIE
T20180007042,Dry,Clear,Collision with a fixed object,Saturday,Day,100,2018/04/14,11:03:00,No,1.0,1.0,-37.70542723,148.5245308,EAST GIPPSLAND
T20180007048,Wet,Strong winds,Vehicle overturned (no collision),Saturday,Day,100,2018/04/14,09:20:00,No,1.0,1.0,-36.99508818,142.6715809,NORTHERN GRAMPIANS
T20180007049,Wet,Raining,Collision with vehicle,Saturday,Day,60,2018/04/14,12:00:00,No,9.0,1.0,-38.4973216,144.0084512,SURF COAST
T20180007052,Wet,Raining,Vehicle overturned (no collision),Saturday,Day,100,2018/04/14,09:50:00,No,2.0,1.0,-37.37987996,145.7119297,MURRINDINDI
T20180007077,Wet,Raining,Collision with a fixed object,Sunday,Dark Street lights on,50,2018/04/15,00:25:00,Yes,2.0,2.0,-38.33801549,144.3233309,SURF COAST
T20180007081,Wet,Raining,Collision with vehicle,Saturday,Day,80,2018/04/14,11:20:00,No,2.0,2.0,-38.17426842,144.4580992,GREATER GEELONG
T20180007085,Wet,Raining,Collision with vehicle,Saturday,Day,80,2018/04/14,13:15:00,No,2.0,1.0,-38.09812097,144.3550426,GREATER GEELONG
T20180007106,Wet,Raining,Collision with a fixed object,Sunday,Day,80,2018/04/15,14:20:00,No,2.0,2.0,-38.55833942,143.6950923,COLAC OTWAY
T20180007108,Wet,Raining,Collision with vehicle,Sunday,Day,50,2018/04/15,15:25:00,No,7.0,1.0,-38.14076508,144.3553049,GREATER GEELONG
T20180007116,Dry,Raining,Collision with vehicle,Sunday,Day,100,2018/04/15,16:00:00,Yes,3.0,1.0,-37.36491605,143.8844107,HEPBURN
T20180007118,Wet,Raining,Collision with a fixed object,Sunday,Day,100,2018/04/15,16:28:00,No,1.0,1.0,-38.52948357,145.4479391,BASS COAST
T20180007122,Dry,Clear,Collision with vehicle,Sunday,Day,80,2018/04/15,16:30:00,Yes,3.0,1.0,-38.13225995,144.3509624,GREATER GEELONG
T20180007123,Dry,Clear,Collision with vehicle,Sunday,Day,80,2018/04/15,13:30:00,No,4.0,2.0,-38.16055537,144.3993591,GREATER GEELONG
T20180007136,Wet,Clear,Collision with a fixed object,Sunday,Dark No street lights,80,2018/04/15,19:23:00,No,1.0,1.0,-37.62933724,143.8303266,BALLARAT
T20180007146,Unknown,Not known,Struck animal,Tuesday,Dusk/Dawn,100,2018/02/20,06:00:00,Yes,1.0,1.0,-36.91013219,144.3154035,GREATER BENDIGO
T20180007155,Dry,Clear,Collision with vehicle,Monday,Day,100,2018/04/16,08:20:00,No,2.0,1.0,-37.96959598,146.9558529,WELLINGTON
T20180007161,Dry,Clear,Collision with vehicle,Wednesday,Day,60,2018/03/28,14:30:00,No,2.0,1.0,-37.29483617,143.7867027,HEPBURN
T20180007162,Wet,Raining,Collision with a fixed object,Saturday,Dark No street lights,100,2018/03/24,23:30:00,Yes,2.0,1.0,-36.03854368,146.4143173,INDIGO
T20180007185,Dry,Clear,Collision with a fixed object,Monday,Day,100,2018/04/16,14:10:00,No,2.0,2.0,-36.74728918,144.3504697,GREATER BENDIGO
T20180007187,Dry,Clear,Collision with vehicle,Monday,Day,60,2018/04/16,15:05:00,No,2.0,1.0,-37.82823397,147.6327774,EAST GIPPSLAND
T20180007188,Dry,Clear,Vehicle overturned (no collision),Monday,Day,999,2018/04/16,14:41:00,No,1.0,1.0,-37.41926917,149.5489715,EAST GIPPSLAND
T20180007202,Dry,Clear,Vehicle overturned (no collision),Saturday,Day,100,2018/03/03,14:00:00,Yes,1.0,1.0,-37.51156566,145.7526512,MURRINDINDI
T20180007205,Unknown,Not known,Collision with a fixed object,Monday,Unknown,999,2016/12/12,10:00:00,No,1.0,1.0,-37.11647952,144.3561062,MOUNT ALEXANDER
T20180007219,Wet,Raining,Collision with a fixed object,Monday,Day,100,2018/04/16,08:30:00,No,1.0,1.0,-36.1496217,147.4569585,TOWONG
T20180007230,Dry,Clear,Collision with a fixed object,Tuesday,Dusk/Dawn,100,2018/04/17,06:50:00,No,1.0,1.0,-37.45611903,141.2983714,GLENELG
T20180007238,Dry,Clear,Vehicle overturned (no collision),Thursday,Day,60,2018/04/12,12:15:00,No,1.0,1.0,-37.67048122,146.2650716,BAW BAW
T20180007258,Dry,Clear,Collision with vehicle,Tuesday,Day,100,2018/04/17,16:55:00,No,2.0,1.0,-35.98437579,145.5593756,MOIRA
T20180007264,Dry,Clear,collision with some other object,Thursday,Dark No street lights,999,2018/03/29,19:53:00,Yes,1.0,1.0,-38.39742957,145.7502807,SOUTH GIPPSLAND
T20180007266,Dry,Clear,No collision and no object struck,Tuesday,Dusk/Dawn,50,2018/04/17,17:16:00,No,1.0,1.0,-36.79259415,144.2509488,GREATER BENDIGO
T20180007271,Dry,Clear,Collision with vehicle,Tuesday,Dark No street lights,80,2018/04/17,18:36:00,Yes,2.0,1.0,-37.17715259,143.7045563,CENTRAL GOLDFIELDS
T20180007274,Dry,Clear,Collision with vehicle,Tuesday,Dark No street lights,60,2018/04/17,18:52:00,Yes,3.0,1.0,-37.24276001,144.46586,MACEDON RANGES
T20180007277,Dry,Clear,Collision with a fixed object,Tuesday,Dark No street lights,100,2018/04/17,21:30:00,Yes,1.0,1.0,-37.76820102,143.779632,GOLDEN PLAINS
T20180007286,Dry,Clear,Struck Pedestrian,Wednesday,Dark No street lights,100,2018/04/18,04:58:00,Yes,2.0,1.0,-37.87668961,147.6536909,EAST GIPPSLAND
T20180007287,Dry,Clear,Collision with vehicle,Wednesday,Day,40,2018/04/11,15:00:00,No,3.0,1.0,-38.12886821,144.3410939,GREATER GEELONG
T20180007294,Wet,Raining,Collision with vehicle,Saturday,Day,100,2018/04/14,10:00:00,No,2.0,1.0,-38.09673057,144.321453,GREATER GEELONG
T20180007296,Dry,Clear,Collision with vehicle,Wednesday,Day,60,2018/04/18,09:15:00,No,4.0,1.0,-38.08259973,144.346543,GREATER GEELONG
T20180007301,Dry,Clear,Collision with vehicle,Tuesday,Day,80,2018/04/17,17:15:00,No,4.0,1.0,-34.23095953,142.1861296,MILDURA
T20180007305,Dry,Clear,Collision with vehicle,Wednesday,Day,100,2018/04/18,08:25:00,No,4.0,1.0,-38.16805388,146.696043,LATROBE
T20180007311,Dry,Clear,Vehicle overturned (no collision),Friday,Day,50,2018/03/30,17:30:00,Yes,1.0,1.0,-37.3604157,146.4011498,MANSFIELD
T20180007323,Dry,Clear,Struck Pedestrian,Wednesday,Day,50,2018/04/18,16:00:00,No,2.0,1.0,-37.56195,143.86396,BALLARAT
T20180007324,Dry,Clear,Collision with vehicle,Wednesday,Day,60,2018/04/18,16:10:00,No,3.0,1.0,-36.38492777,145.4124718,GREATER SHEPPARTON
T20180007327,Dry,Clear,Collision with vehicle,Wednesday,Day,50,2018/04/18,13:45:00,No,2.0,1.0,-38.384128,142.4794015,WARRNAMBOOL
T20180007335,Dry,Clear,Collision with vehicle,Wednesday,Day,100,2018/04/18,14:15:00,No,5.0,4.0,-36.46422694,146.5190194,WANGARATTA
T20180007353,Dry,Clear,Collision with vehicle,Wednesday,Dark No street lights,100,2018/04/18,19:05:00,Yes,2.0,2.0,-38.26294787,143.2819633,CORANGAMITE
T20180007367,Dry,Clear,Collision with a fixed object,Thursday,Dark No street lights,100,2018/04/19,05:12:00,Yes,1.0,1.0,-36.99575891,145.1565863,MITCHELL
T20180007381,Wet,Clear,collision with some other object,Wednesday,Day,999,2018/04/18,12:30:00,No,1.0,1.0,-37.4431983,145.4969696,MURRINDINDI
T20180007386,Dry,Clear,Vehicle overturned (no collision),Wednesday,Dark No street lights,100,2018/04/18,20:45:00,Yes,1.0,1.0,-37.91137023,143.8320719,GOLDEN PLAINS
T20180007390,Dry,Clear,Collision with vehicle,Friday,Day,100,2018/03/23,17:00:00,Yes,2.0,1.0,-37.65795778,143.6619442,GOLDEN PLAINS
T20180007392,Dry,Clear,Collision with vehicle,Thursday,Day,60,2018/04/19,11:00:00,No,3.0,3.0,-38.18743358,144.5680456,GREATER GEELONG
T20180007399,Dry,Clear,Collision with vehicle,Thursday,Day,80,2018/04/19,14:25:00,No,2.0,1.0,-38.35863782,142.5189626,MOYNE
T20180007404,Dry,Clear,Collision with vehicle,Thursday,Day,50,2018/04/19,15:25:00,No,1.0,1.0,-37.40649983,144.9755768,MITCHELL
T20180007405,Wet,Clear,No collision and no object struck,Sunday,Day,60,2018/04/15,08:38:00,Yes,1.0,1.0,-38.16058992,144.5547894,GREATER GEELONG
T20180007409,Dry,Clear,Collision with vehicle,Thursday,Day,80,2018/04/19,15:02:00,No,4.0,3.0,-36.25446186,142.4027947,YARRIAMBIACK
T20180007414,Dry,Clear,Vehicle overturned (no collision),Monday,Day,999,2018/03/05,10:00:00,Yes,1.0,1.0,-37.23907911,144.6219982,MACEDON RANGES
T20180007417,Dry,Not known,Collision with vehicle,Thursday,Day,60,2018/04/12,16:30:00,No,2.0,1.0,-34.19384944,142.1767207,MILDURA
T20180007418,Dry,Clear,Collision with a fixed object,Thursday,Day,100,2018/04/19,15:54:00,No,1.0,1.0,-36.46200805,144.87063,CAMPASPE
T20180007427,Dry,Clear,No collision and no object struck,Thursday,Dark Street lights on,70,2018/04/19,19:40:00,Yes,1.0,1.0,-38.16039833,144.3501824,GREATER GEELONG
T20180007428,Dry,Clear,Struck Pedestrian,Wednesday,Day,999,2018/04/04,16:00:00,No,2.0,1.0,-38.33886113,143.5794296,COLAC OTWAY
T20180007437,Dry,Not known,Collision with a fixed object,Thursday,Dark No street lights,60,2018/04/19,22:45:00,Yes,1.0,1.0,-37.41463505,144.2155542,HEPBURN
T20180007448,Wet,Fog,Collision with vehicle,Friday,Day,80,2018/04/20,07:45:00,No,2.0,1.0,-38.49669677,145.2389322,BASS COAST
T20180007459,Dry,Fog,Collision with vehicle,Friday,Day,100,2018/04/20,07:15:00,No,2.0,1.0,-38.32562012,143.3402407,CORANGAMITE
T20180007465,Dry,Clear,Struck Pedestrian,Friday,Day,50,2018/04/20,13:15:00,No,2.0,1.0,-36.37800735,146.3199605,WANGARATTA
T20180007473,Dry,Clear,Collision with vehicle,Friday,Day,60,2018/04/20,12:00:00,No,7.0,4.0,-36.61775055,145.2145447,GREATER SHEPPARTON
T20180007476,Dry,Clear,Collision with vehicle,Friday,Day,100,2018/04/20,14:35:00,No,2.0,1.0,-36.16314946,145.119496,MOIRA
T20180007477,Dry,Clear,Struck Pedestrian,Friday,Day,50,2018/04/20,15:22:00,No,3.0,1.0,-36.76983963,144.2544598,GREATER BENDIGO
T20180007479,Dry,Clear,Collision with vehicle,Friday,Day,60,2018/04/20,16:40:00,Yes,2.0,1.0,-36.73293573,144.2609917,GREATER BENDIGO
T20180007503,Dry,Clear,Collision with a fixed object,Friday,Dark No street lights,100,2018/04/20,19:30:00,Yes,1.0,1.0,-35.83035826,143.3588873,BULOKE
T20180007505,Dry,Clear,Collision with vehicle,Friday,Dark No street lights,100,2018/04/20,20:30:00,Yes,4.0,4.0,-38.26866105,142.4845269,MOYNE
T20180007517,Dry,Clear,Struck Pedestrian,Friday,Day,50,2018/04/20,12:35:00,No,2.0,1.0,-38.17721761,146.2614298,LATROBE
T20180007518,Dry,Clear,Collision with vehicle,Saturday,Day,60,2018/04/21,07:00:00,No,2.0,1.0,-37.5807027,143.8272392,BALLARAT
T20180007527,Dry,Clear,Collision with a fixed object,Saturday,Day,100,2018/04/21,10:45:00,No,1.0,1.0,-36.22659927,147.2447852,TOWONG
T20180007531,Dry,Clear,Vehicle overturned (no collision),Saturday,Day,100,2018/04/21,12:29:00,No,1.0,1.0,-38.21737272,146.2530293,LATROBE
T20180007534,Dry,Clear,Struck animal,Sunday,Day,80,2018/03/25,15:12:00,No,1.0,1.0,-38.36753747,146.1990731,SOUTH GIPPSLAND
T20180007537,Dry,Clear,Collision with vehicle,Wednesday,Day,100,2018/02/07,16:40:00,No,2.0,2.0,-38.38507832,146.2792853,LATROBE
T20180007540,Wet,Raining,Collision with a fixed object,Sunday,Day,80,2018/04/15,13:30:00,No,2.0,1.0,-38.48904473,146.1313136,SOUTH GIPPSLAND
T20180007543,Dry,Dust,collision with some other object,Saturday,Day,999,2018/04/21,09:30:00,No,1.0,1.0,-37.56497875,148.6938109,EAST GIPPSLAND
T20180007558,Dry,Clear,Collision with a fixed object,Saturday,Dark No street lights,100,2018/04/21,18:45:00,Yes,1.0,1.0,-35.86684215,144.1767192,GANNAWARRA
T20180007563,Dry,Clear,No collision and no object struck,Sunday,Dark Street lights on,50,2018/04/22,01:10:00,Yes,1.0,1.0,-37.05519886,143.7388406,CENTRAL GOLDFIELDS
T20180007570,Wet,Clear,Collision with a fixed object,Sunday,Dark No street lights,100,2018/04/22,04:40:00,Yes,1.0,1.0,-36.71798996,144.2041368,GREATER BENDIGO
T20180007575,Dry,Not known,Collision with a fixed object,Sunday,Dark No street lights,100,2018/04/22,06:30:00,No,1.0,1.0,-37.53270191,143.9903277,MOORABOOL
T20180007581,Dry,Clear,Collision with vehicle,Saturday,Dark No street lights,110,2018/04/21,20:20:00,Yes,6.0,2.0,-37.11146,145.0917,MITCHELL
T20180007582,Dry,Clear,Struck Pedestrian,Sunday,Day,999,2018/04/22,12:00:00,No,2.0,1.0,-38.09869858,144.3618603,GREATER GEELONG
T20180007583,Dry,Clear,Collision with vehicle,Sunday,Day,60,2018/04/22,11:20:00,No,4.0,1.0,-37.46555811,144.6721768,MACEDON RANGES
T20180007585,Dry,Clear,No collision and no object struck,Sunday,Day,999,2018/04/22,10:38:00,No,1.0,1.0,-38.36770322,144.1327303,SURF COAST
T20180007587,Dry,Clear,Collision with vehicle,Sunday,Day,60,2018/04/22,09:15:00,Yes,2.0,1.0,-37.73586106,142.013156,SOUTHERN GRAMPIANS
T20180007596,Dry,Clear,Struck Pedestrian,Sunday,Day,50,2018/04/22,16:15:00,Yes,2.0,1.0,-38.14261289,145.8476808,BAW BAW
T20180007598,Dry,Clear,Collision with vehicle,Sunday,Day,80,2018/04/22,16:40:00,Yes,2.0,1.0,-38.52184702,145.3341548,BASS COAST
T20180007605,Dry,Clear,Collision with a fixed object,Sunday,Dark No street lights,100,2018/04/22,19:25:00,No,1.0,1.0,-38.14559028,146.2380568,BAW BAW
T20180007608,Dry,Clear,Collision with vehicle,Sunday,Day,50,2018/04/22,17:20:00,Yes,2.0,1.0,-38.34206664,141.601277,GLENELG
T20180007613,Dry,Clear,Struck Pedestrian,Sunday,Dark Street lights on,60,2018/04/22,19:40:00,No,2.0,1.0,-35.17629997,143.3774286,SWAN HILL
T20180007616,Dry,Clear,Collision with a fixed object,Sunday,Dark No street lights,100,2018/04/22,19:55:00,Yes,1.0,1.0,-37.11177094,142.1864485,HORSHAM
T20180007624,Dry,Clear,Collision with a fixed object,Monday,Dark No street lights,100,2018/04/23,05:20:00,Yes,1.0,1.0,-38.25857007,144.3305807,SURF COAST
T20180007626,Dry,Fog,Collision with a fixed object,Monday,Dark No street lights,999,2018/04/23,05:43:00,Yes,1.0,1.0,-38.32444424,146.4644276,LATROBE
T20180007635,Dry,Clear,Collision with vehicle,Monday,Day,40,2018/04/23,08:40:00,Yes,3.0,1.0,-37.74395391,142.0511736,SOUTHERN GRAMPIANS
T20180007640,Unknown,Fog,Vehicle overturned (no collision),Monday,Dark No street lights,80,2018/04/23,05:55:00,Yes,1.0,1.0,-38.68430335,143.3795112,COLAC OTWAY
T20180007643,Dry,Clear,Collision with vehicle,Monday,Day,80,2018/04/23,09:47:00,No,2.0,2.0,-38.02980412,144.3543746,GREATER GEELONG
T20180007646,Dry,Clear,Collision with a fixed object,Monday,Day,100,2018/04/23,11:50:00,No,1.0,1.0,-37.80525905,143.6047181,GOLDEN PLAINS
T20180007648,Dry,Clear,Collision with a fixed object,Monday,Day,80,2018/04/23,13:20:00,No,1.0,1.0,-37.10779182,145.0916305,MITCHELL
T20180007656,Dry,Dust,No collision and no object struck,Tuesday,Day,100,2018/04/03,16:15:00,No,1.0,1.0,-36.6382205,147.2372465,TOWONG
T20180007660,Dry,Clear,Collision with vehicle,Monday,Day,50,2018/04/23,13:14:00,No,4.0,4.0,-37.57901491,143.8394994,BALLARAT
T20180007665,Dry,Clear,Collision with vehicle,Friday,Day,50,2018/04/20,08:30:00,No,2.0,1.0,-38.27721532,144.6097514,QUEENSCLIFFE
T20180007666,Dry,Clear,No collision and no object struck,Monday,Day,100,2018/04/23,14:15:00,No,1.0,1.0,-38.73190611,143.2528672,CORANGAMITE
T20180007682,Dry,Clear,Collision with vehicle,Monday,Day,60,2018/04/23,07:20:00,No,2.0,1.0,-37.56092213,143.8474373,BALLARAT
T20180007685,Dry,Clear,Collision with a fixed object,Monday,Dark Street lights on,60,2018/04/23,19:30:00,Yes,1.0,1.0,-36.77771168,145.1560792,STRATHBOGIE
T20180007687,Dry,Clear,Collision with a fixed object,Monday,Day,110,2018/04/23,17:35:00,No,1.0,1.0,-36.58423586,145.9036963,BENALLA
T20180007693,Dry,Fog,Collision with vehicle,Monday,Dark No street lights,50,2018/04/23,20:15:00,Yes,4.0,2.0,-38.26961883,144.5212269,GREATER GEELONG
T20180007703,Dry,Clear,Vehicle overturned (no collision),Tuesday,Dark No street lights,80,2018/04/24,05:15:00,Yes,2.0,2.0,-35.32768188,143.5228129,SWAN HILL
T20180007707,Dry,Clear,No collision and no object struck,Friday,Day,999,2018/04/20,10:00:00,No,1.0,1.0,-38.03092009,146.08049,BAW BAW
T20180007711,Dry,Clear,Collision with a fixed object,Thursday,Day,100,2018/04/19,11:10:00,No,2.0,1.0,-38.5509499,146.6545393,WELLINGTON
T20180007723,Dry,Dust,collision with some other object,Monday,Day,999,2018/04/23,16:00:00,No,1.0,1.0,-37.56695995,145.6313601,MURRINDINDI
T20180007726,Dry,Clear,Struck Pedestrian,Tuesday,Day,50,2018/04/24,13:45:00,No,3.0,2.0,-37.96664678,146.9764756,WELLINGTON
T20180007728,Dry,Clear,Collision with a fixed object,Tuesday,Day,80,2018/04/24,10:40:00,No,1.0,1.0,-38.18357065,144.4401398,GREATER GEELONG
T20180007729,Dry,Dust,Collision with a fixed object,Sunday,Day,999,2018/04/22,13:00:00,No,1.0,1.0,-37.6721199,149.3103222,EAST GIPPSLAND
T20180007730,Wet,Not known,Collision with a fixed object,Tuesday,Day,100,2018/04/24,11:00:00,No,1.0,1.0,-38.0460195,142.0115515,MOYNE
T20180007731,Dry,Clear,Collision with a fixed object,Monday,Day,50,2018/04/23,15:25:00,No,1.0,1.0,-36.78070732,144.3033636,GREATER BENDIGO
T20180007733,Wet,Raining,Collision with vehicle,Tuesday,Day,100,2018/04/24,10:50:00,No,2.0,2.0,-38.38742299,142.5592395,WARRNAMBOOL
T20180007753,Dry,Clear,No collision and no object struck,Tuesday,Day,100,2018/04/24,15:15:00,No,1.0,1.0,-37.9824089,146.9911403,WELLINGTON
T20180007758,Dry,Clear,Collision with vehicle,Tuesday,Dark Street lights on,60,2018/04/24,19:58:00,Yes,4.0,1.0,-37.54067604,143.8357207,BALLARAT
T20180007759,Dry,Clear,Struck Pedestrian,Tuesday,Dark Street lights on,30,2018/04/24,19:35:00,Yes,4.0,1.0,-36.35912655,146.3159192,WANGARATTA
T20180007765,Wet,Clear,Collision with a fixed object,Tuesday,Dark No street lights,999,2018/04/24,20:15:00,Yes,2.0,2.0,-37.3080605,144.4426643,MACEDON RANGES
T20180007766,Dry,Clear,Struck Pedestrian,Tuesday,Dark Street lights on,60,2018/04/24,20:30:00,Yes,2.0,1.0,-37.35406676,144.5303657,MACEDON RANGES
T20180007775,Unknown,Clear,Vehicle overturned (no collision),Thursday,Day,100,2018/03/15,16:30:00,No,1.0,1.0,-38.0042018,144.1763569,GOLDEN PLAINS
T20180007783,Dry,Clear,Collision with vehicle,Wednesday,Day,50,2018/04/25,09:15:00,No,6.0,1.0,-38.14155294,144.3481341,GREATER GEELONG
T20180007784,Dry,Clear,Struck Pedestrian,Wednesday,Day,50,2018/04/25,09:40:00,No,2.0,1.0,-36.12453876,146.8880621,WODONGA
T20180007785,Dry,Clear,Collision with vehicle,Thursday,Unknown,60,2018/03/29,18:10:00,Yes,4.0,1.0,-37.07757074,144.2474416,MOUNT ALEXANDER
T20180007794,Wet,Clear,No collision and no object struck,Wednesday,Day,100,2018/04/25,14:50:00,No,1.0,1.0,-36.4781295,147.3386004,TOWONG
T20180007797,Dry,Clear,Collision with vehicle,Wednesday,Day,60,2018/04/25,15:00:00,No,4.0,2.0,-37.04929,143.73404,CENTRAL GOLDFIELDS
T20180007799,Dry,Clear,Collision with vehicle,Wednesday,Day,100,2018/04/25,10:15:00,No,3.0,3.0,-38.26273973,143.6333086,COLAC OTWAY
T20180007809,Dry,Clear,Collision with a fixed object,Wednesday,Dark No street lights,999,2018/04/25,04:50:00,Yes,1.0,1.0,-38.23502965,144.2175707,SURF COAST
T20180007814,Dry,Clear,Vehicle overturned (no collision),Thursday,Dark Street lights on,60,2018/04/26,00:49:00,Yes,1.0,1.0,-37.56983458,143.8104559,BALLARAT
T20180007822,Dry,Not known,Struck animal,Tuesday,Dusk/Dawn,999,2018/04/24,18:30:00,Yes,1.0,1.0,-37.35655289,145.1458563,MITCHELL
T20180007836,Snowy,Snowing,Vehicle overturned (no collision),Tuesday,Dark Street lights unknown,100,2017/06/13,17:15:00,No,1.0,1.0,-37.00723022,147.0827503,MOUNT HOTHAM ALPINE RESORT (UNINC)
T20180007839,Dry,Clear,Collision with vehicle,Thursday,Day,60,2018/04/26,11:30:00,No,2.0,1.0,-38.09051005,144.3354504,GREATER GEELONG
T20180007849,Dry,Clear,Collision with vehicle,Thursday,Day,50,2018/04/26,13:50:00,No,2.0,1.0,-37.57901491,143.8394994,BALLARAT
T20180007852,Dry,Clear,Collision with vehicle,Thursday,Day,50,2018/04/26,14:02:00,No,2.0,1.0,-37.73605047,142.0320396,SOUTHERN GRAMPIANS
T20180007862,Dry,Clear,Collision with vehicle,Tuesday,Day,50,2018/04/24,14:05:00,No,4.0,1.0,-36.35632897,146.3243215,WANGARATTA
T20180007888,Wet,Raining,Collision with a fixed object,Thursday,Day,100,2018/04/26,09:25:00,No,1.0,1.0,-38.21922671,145.7988558,BAW BAW
T20180007892,Dry,Clear,Collision with vehicle,Friday,Day,60,2018/04/27,08:10:00,No,2.0,1.0,-36.77740522,144.3026386,GREATER BENDIGO
T20180007896,Dry,Clear,Collision with vehicle,Friday,Day,60,2018/04/27,09:20:00,No,2.0,1.0,-36.71783821,142.1997291,HORSHAM
T20180007913,Dry,Clear,Collision with vehicle,Friday,Day,60,2018/04/27,12:36:00,No,2.0,1.0,-35.32676067,143.5483312,SWAN HILL
T20180007918,Dry,Clear,Struck Pedestrian,Friday,Day,70,2018/04/27,10:00:00,No,2.0,1.0,-38.15168103,144.3517997,GREATER GEELONG
T20180007932,Dry,Clear,Vehicle overturned (no collision),Wednesday,Day,999,2018/04/18,09:00:00,No,1.0,1.0,-37.22394389,146.4787901,MANSFIELD
T20180007933,Dry,Clear,Vehicle overturned (no collision),Friday,Day,100,2018/04/27,12:00:00,No,1.0,1.0,-37.488739,144.3579393,MOORABOOL
T20180007934,Dry,Clear,Collision with vehicle,Friday,Day,100,2018/04/27,14:50:00,No,3.0,1.0,-37.72854354,144.218953,MOORABOOL
T20180007943,Dry,Clear,Collision with a fixed object,Friday,Day,999,2018/04/27,17:00:00,Yes,1.0,1.0,-38.01551165,146.0644489,BAW BAW
T20180007958,Muddy,Not known,Vehicle overturned (no collision),Wednesday,Day,100,2018/04/18,09:30:00,No,1.0,1.0,-37.19578792,146.386571,MANSFIELD
T20180007972,Dry,Clear,Collision with a fixed object,Thursday,Day,100,2018/04/26,14:00:00,No,1.0,1.0,-37.41857661,145.0857497,MITCHELL
T20180007988,Dry,Clear,Collision with vehicle,Saturday,Day,70,2018/04/28,12:35:00,No,2.0,1.0,-38.10771989,144.3439991,GREATER GEELONG