Accident_No,Surface_Cond_Desc,Atmosph_Cond_Desc,Accident_Type_Desc,Day,Light_Condition_Desc,Speed_Zone,Accident_Date,Accident_Time,Alcohol_Influence,Total_Persons_Inv,Inj_Or_Fatal,Lat,Long,LGA
T20180007995,Dry,Clear,Collision with vehicle,Saturday,Day,100,2018/04/28,13:00:00,No,6.0,2.0,-34.61266071,142.7684678,SWAN HILL
T20180007999,Dry,Clear,Collision with vehicle,Saturday,Day,50,2018/04/28,13:25:00,No,3.0,2.0,-36.75145323,144.2852485,GREATER BENDIGO
T20180008006,Dry,Clear,Collision with a fixed object,Thursday,Day,100,2018/04/26,15:35:00,No,1.0,1.0,-38.19115009,146.4037907,LATROBE
T20180008009,Dry,Clear,Collision with vehicle,Saturday,Day,80,2018/04/28,11:00:00,No,5.0,1.0,-38.66727879,143.6962584,COLAC OTWAY
T20180008018,Dry,Clear,Collision with vehicle,Saturday,Day,60,2018/04/28,17:20:00,Yes,2.0,1.0,-38.03515818,144.4130243,GREATER GEELONG
T20180008023,Dry,Clear,Collision with a fixed object,Saturday,Dark Street lights on,90,2018/04/28,19:36:00,Yes,4.0,1.0,-37.39753014,144.9780089,MITCHELL
T20180008031,Dry,Clear,Struck Pedestrian,Sunday,Dark Street lights on,60,2018/04/29,02:40:00,Yes,2.0,1.0,-38.18361976,144.344708,GREATER GEELONG
T20180008048,Dry,Clear,Collision with a fixed object,Friday,Day,999,2018/04/20,14:00:00,No,1.0,1.0,-37.75042003,146.4558422,BAW BAW
T20180008055,Dry,Clear,Collision with vehicle,Sunday,Day,50,2018/04/29,11:55:00,No,5.0,3.0,-38.54254381,143.9757572,SURF COAST
T20180008071,Dry,Clear,Collision with a fixed object,Saturday,Day,999,2018/04/28,14:00:00,Yes,1.0,1.0,-37.40908265,147.1287408,WELLINGTON
T20180008077,Dry,Clear,Collision with vehicle,Sunday,Dark No street lights,110,2018/04/29,21:30:00,No,9.0,3.0,-37.07748012,145.1028483,MITCHELL
T20180008082,Dry,Clear,Collision with vehicle,Friday,Day,110,2018/04/27,08:10:00,No,2.0,2.0,-38.16855844,145.9586701,BAW BAW
T20180008089,Dry,Clear,Collision with a fixed object,Saturday,Dark No street lights,80,2018/04/21,05:30:00,Yes,1.0,1.0,-38.3479822,145.8954413,SOUTH GIPPSLAND
T20180008090,Dry,Clear,Collision with vehicle,Friday,Day,50,2018/04/20,14:00:00,No,2.0,1.0,-36.12806301,144.7518787,CAMPASPE
T20180008092,Wet,Not known,Collision with a fixed object,Monday,Day,80,2018/04/30,08:23:00,Yes,2.0,1.0,-38.3430523,143.6240791,COLAC OTWAY
T20180008095,Dry,Fog,Collision with vehicle,Monday,Day,100,2018/04/30,06:50:00,No,2.0,2.0,-36.738986,142.0450383,HORSHAM
T20180008096,Dry,Clear,Collision with vehicle,Monday,Day,80,2018/04/30,08:50:00,Yes,2.0,1.0,-37.5068653,143.8054574,BALLARAT
T20180008101,Dry,Clear,Collision with vehicle,Monday,Day,60,2018/04/30,10:00:00,Yes,2.0,1.0,-38.09269395,144.3589979,GREATER GEELONG
T20180008111,Dry,Clear,Collision with vehicle,Monday,Day,70,2018/04/30,12:10:00,No,3.0,1.0,-38.17520836,144.352217,GREATER GEELONG
T20180008112,Unknown,Not known,collision with some other object,Sunday,Day,999,2018/04/29,11:30:00,No,1.0,1.0,-38.43649563,143.4005689,COLAC OTWAY
T20180008123,Dry,Clear,Collision with a fixed object,Sunday,Dark Street lights unknown,60,2018/04/29,21:45:00,No,1.0,1.0,-37.97297845,147.0904508,WELLINGTON
T20180008130,Dry,Clear,Collision with vehicle,Monday,Day,60,2018/04/30,14:15:00,No,3.0,1.0,-36.78869904,144.2408315,GREATER BENDIGO
T20180008134,Dry,Clear,Collision with a fixed object,Monday,Day,60,2018/04/30,15:00:00,No,1.0,1.0,-36.76110221,144.2735912,GREATER BENDIGO
T20180008140,Dry,Clear,Collision with vehicle,Monday,Day,60,2018/04/30,15:00:00,No,2.0,1.0,-34.19516249,142.1605443,MILDURA
T20180008143,Dry,Clear,Collision with vehicle,Monday,Dark Street lights on,60,2018/04/30,19:15:00,Yes,3.0,2.0,-36.74407418,144.2583066,GREATER BENDIGO
T20180008144,Dry,Clear,Collision with vehicle,Monday,Day,60,2018/04/30,14:00:00,No,4.0,1.0,-36.72247662,144.3118354,GREATER BENDIGO
T20180008154,Dry,Clear,Collision with vehicle,Monday,Dusk/Dawn,100,2018/04/30,17:05:00,No,4.0,2.0,-37.85731957,147.6048366,EAST GIPPSLAND
T20180008159,Dry,Clear,Collision with a fixed object,Monday,Dark No street lights,60,2018/04/30,23:15:00,Yes,1.0,1.0,-38.40106152,143.8874389,SURF COAST
T20180008167,Dry,Clear,Collision with vehicle,Tuesday,Day,999,2017/10/17,15:50:00,No,2.0,1.0,-38.1434829,144.3358046,GREATER GEELONG
T20180008172,Dry,Clear,Collision with vehicle,Tuesday,Day,100,2018/05/01,08:30:00,No,3.0,2.0,-38.30725981,141.5579287,GLENELG
T20180008173,Unknown,Clear,No collision and no object struck,Tuesday,Day,100,2018/04/17,11:00:00,No,1.0,1.0,-37.74312986,147.3134432,EAST GIPPSLAND
T20180008175,Dry,Clear,Collision with vehicle,Tuesday,Day,50,2018/05/01,10:15:00,No,2.0,1.0,-36.72039458,144.2523105,GREATER BENDIGO
T20180008176,Dry,Clear,Struck Pedestrian,Monday,Dark Street lights on,40,2018/04/30,18:46:00,Yes,2.0,1.0,-38.1488515,144.3623693,GREATER GEELONG
T20180008179,Dry,Clear,Collision with vehicle,Sunday,Day,999,2018/04/15,16:15:00,Yes,3.0,2.0,-38.16088399,146.36878,LATROBE
T20180008186,Dry,Clear,Collision with vehicle,Tuesday,Day,80,2018/05/01,12:30:00,No,4.0,1.0,-38.32727599,141.5997913,GLENELG
T20180008187,Dry,Clear,Collision with vehicle,Tuesday,Day,50,2018/05/01,13:00:00,No,4.0,1.0,-36.35127709,146.3150365,WANGARATTA
T20180008188,Dry,Clear,Collision with vehicle,Tuesday,Day,70,2018/05/01,08:47:00,No,2.0,1.0,-38.35826505,142.4433603,WARRNAMBOOL
T20180008189,Dry,Not known,Collision with vehicle,Tuesday,Day,100,2018/05/01,10:45:00,No,2.0,1.0,-37.33575004,142.8976499,ARARAT
T20180008191,Dry,Clear,Collision with a fixed object,Sunday,Day,100,2018/04/22,13:00:00,No,1.0,1.0,-36.79189507,145.8696081,BENALLA
T20180008193,Dry,Clear,Collision with a fixed object,Tuesday,Day,50,2018/05/01,13:55:00,No,1.0,1.0,-37.42479444,143.8942545,HEPBURN
T20180008196,Dry,Clear,Collision with a fixed object,Tuesday,Day,60,2018/05/01,14:20:00,No,1.0,1.0,-38.41385324,145.5432067,BASS COAST
T20180008209,Dry,Clear,Collision with vehicle,Tuesday,Dark Street lights on,50,2018/05/01,17:50:00,No,1.0,1.0,-36.13715721,146.8759344,WODONGA
T20180008217,Dry,Clear,Collision with vehicle,Tuesday,Dark Street lights on,60,2018/05/01,19:00:00,Yes,1.0,1.0,-38.12824019,145.8459099,BAW BAW
T20180008219,Dry,Clear,No collision and no object struck,Tuesday,Dark Street lights on,50,2018/05/01,18:45:00,Yes,3.0,1.0,-38.21887228,146.4340195,LATROBE
T20180008233,Dry,Not known,Vehicle overturned (no collision),Sunday,Dusk/Dawn,999,2018/03/11,19:30:00,Yes,2.0,2.0,-34.1583803,141.1441503,MILDURA
T20180008257,Dry,Clear,Collision with vehicle,Wednesday,Day,70,2018/05/02,08:30:00,No,2.0,1.0,-38.18857896,144.3435895,GREATER GEELONG
T20180008266,Dry,Clear,Collision with a fixed object,Wednesday,Day,60,2018/05/02,12:40:00,No,1.0,1.0,-36.77978979,145.1544367,STRATHBOGIE
T20180008268,Dry,Clear,Collision with vehicle,Wednesday,Day,40,2018/05/02,11:25:00,No,2.0,1.0,-38.13805975,144.3368779,GREATER GEELONG
T20180008271,Dry,Clear,Collision with vehicle,Wednesday,Day,80,2018/05/02,12:13:00,No,2.0,1.0,-37.52076861,143.8059328,BALLARAT
T20180008275,Dry,Clear,Collision with vehicle,Tuesday,Dark Street lights on,70,2018/05/01,17:30:00,No,4.0,1.0,-38.17425021,144.3519984,GREATER GEELONG
T20180008276,Dry,Clear,No collision and no object struck,Saturday,Day,999,2018/04/28,15:41:00,Yes,1.0,1.0,-36.84703129,146.9872403,ALPINE
T20180008304,Dry,Clear,No collision and no object struck,Thursday,Dark No street lights,110,2018/05/03,00:00:00,Yes,1.0,1.0,-36.40409773,146.29087,WANGARATTA
T20180008305,Dry,Clear,Collision with a fixed object,Thursday,Dark No street lights,110,2018/05/03,00:40:00,Yes,1.0,1.0,-38.20501078,146.2999296,LATROBE
T20180008318,Dry,Clear,Collision with vehicle,Thursday,Day,60,2018/05/03,08:50:00,No,2.0,1.0,-38.58882034,145.5809185,BASS COAST
T20180008319,Unknown,Not known,Vehicle overturned (no collision),Thursday,Dark No street lights,100,2018/05/03,01:40:00,Yes,1.0,1.0,-36.71764174,146.843121,ALPINE
T20180008328,Dry,Clear,Collision with vehicle,Thursday,Day,60,2018/05/03,08:40:00,No,2.0,1.0,-37.58980047,143.8309188,BALLARAT
T20180008332,Dry,Clear,Collision with a fixed object,Thursday,Day,110,2018/05/03,10:45:00,No,1.0,1.0,-36.86356034,145.3020703,STRATHBOGIE
T20180008336,Dry,Clear,Struck Pedestrian,Thursday,Day,50,2018/05/03,11:50:00,No,2.0,1.0,-36.38397519,145.412451,GREATER SHEPPARTON
T20180008352,Wet,Raining,Collision with a fixed object,Thursday,Day,100,2018/05/03,14:35:00,No,2.0,1.0,-38.05491851,141.6908471,GLENELG
T20180008363,Dry,Clear,Collision with vehicle,Thursday,Day,60,2018/05/03,17:10:00,No,2.0,1.0,-38.07656357,144.3275841,GREATER GEELONG
T20180008372,Wet,Raining,Collision with vehicle,Thursday,Day,40,2018/05/03,16:00:00,No,2.0,1.0,-36.71089001,142.1962561,HORSHAM
T20180008387,Wet,Raining,Collision with a fixed object,Thursday,Dark Street lights unknown,60,2018/05/03,21:50:00,Yes,1.0,1.0,-36.72479587,144.2420786,GREATER BENDIGO
T20180008388,Dry,Clear,Collision with a fixed object,Thursday,Dusk/Dawn,100,2018/05/03,06:30:00,No,1.0,1.0,-37.32919408,143.0823872,ARARAT
T20180008393,Dry,Clear,Collision with vehicle,Friday,Dark Street lights on,80,2018/05/04,02:45:00,Yes,2.0,1.0,-38.18447637,144.4449414,GREATER GEELONG
T20180008396,Wet,Raining,Collision with vehicle,Thursday,Dark Street lights on,80,2018/05/03,17:53:00,No,2.0,1.0,-36.69596542,144.3179071,GREATER BENDIGO
T20180008397,Wet,Raining,Collision with vehicle,Thursday,Day,50,2018/05/03,17:00:00,No,2.0,1.0,-36.74021437,144.2998549,GREATER BENDIGO
T20180008408,Wet,Raining,Collision with a fixed object,Friday,Day,100,2018/05/04,08:20:00,No,1.0,1.0,-38.25386013,141.6262709,GLENELG
T20180008421,Wet,Clear,Vehicle overturned (no collision),Friday,Day,80,2018/05/04,09:30:00,No,1.0,1.0,-37.37246969,143.8545821,BALLARAT
T20180008427,Dry,Clear,Vehicle overturned (no collision),Friday,Day,100,2018/04/27,11:15:00,No,1.0,1.0,-37.64022923,147.6201923,EAST GIPPSLAND
T20180008433,Dry,Clear,Collision with vehicle,Thursday,Day,60,2018/05/03,14:15:00,No,2.0,1.0,-38.20896068,146.5501082,LATROBE
T20180008441,Wet,Raining,Collision with a fixed object,Friday,Day,100,2018/05/04,12:45:00,No,2.0,2.0,-38.56256986,145.9534102,SOUTH GIPPSLAND
T20180008443,Wet,Raining,Collision with a fixed object,Friday,Dusk/Dawn,40,2018/05/04,16:20:00,Yes,1.0,1.0,-38.22618716,146.4180806,LATROBE
T20180008445,Wet,Raining,Vehicle overturned (no collision),Friday,Day,80,2018/05/04,09:30:00,No,3.0,3.0,-37.71788874,144.2497488,MOORABOOL
T20180008448,Unknown,Not known,Collision with vehicle,Friday,Unknown,50,2018/04/13,18:30:00,Yes,2.0,1.0,-37.56538676,143.849614,BALLARAT
T20180008449,Wet,Raining,Collision with vehicle,Friday,Dark No street lights,80,2018/05/04,05:23:00,Yes,3.0,3.0,-38.18893418,146.4869768,LATROBE
T20180008455,Dry,Clear,No collision and no object struck,Saturday,Day,999,2018/04/21,10:30:00,No,1.0,1.0,-37.24742802,145.1710071,MURRINDINDI
T20180008459,Dry,Clear,Collision with vehicle,Friday,Day,50,2018/05/04,19:20:00,Yes,2.0,1.0,-36.76134187,144.2802973,GREATER BENDIGO
T20180008475,Dry,Clear,Collision with vehicle,Friday,Dark Street lights on,60,2018/05/04,21:03:00,Yes,2.0,1.0,-36.76347183,144.2705802,GREATER BENDIGO
T20180008479,Dry,Clear,Struck animal,Friday,Dark No street lights,100,2018/05/04,05:30:00,Yes,1.0,1.0,-37.01474989,143.9098199,MOUNT ALEXANDER
T20180008484,Dry,Clear,Collision with vehicle,Friday,Day,80,2018/05/04,14:01:00,No,6.0,2.0,-36.38538397,145.4318157,GREATER SHEPPARTON
T20180008489,Dry,Clear,Collision with vehicle,Saturday,Day,60,2018/05/05,09:00:00,No,4.0,3.0,-38.1592814,144.3580527,GREATER GEELONG
T20180008490,Wet,Clear,Collision with vehicle,Saturday,Day,60,2018/05/05,07:25:00,Yes,2.0,1.0,-37.56615951,143.8663175,BALLARAT
T20180008493,Dry,Not known,Struck Pedestrian,Wednesday,Dark No street lights,60,2018/05/02,18:30:00,Yes,2.0,1.0,-38.29106097,142.4762398,MOYNE
T20180008494,Unknown,Clear,Collision with vehicle,Thursday,Day,100,2018/05/03,11:00:00,No,3.0,1.0,-36.53487,145.0319812,CAMPASPE
T20180008496,Wet,Raining,Collision with a fixed object,Saturday,Dusk/Dawn,100,2018/05/05,07:40:00,Yes,2.0,1.0,-37.60298788,141.7253604,SOUTHERN GRAMPIANS
T20180008497,Dry,Clear,Collision with vehicle,Saturday,Day,80,2018/05/05,11:45:00,No,5.0,1.0,-37.59004936,144.2033037,MOORABOOL
T20180008509,Dry,Not known,Collision with vehicle,Saturday,Day,80,2018/05/05,12:00:00,No,10.0,1.0,-36.80944859,144.2405628,GREATER BENDIGO
T20180008515,Dry,Clear,Collision with a fixed object,Saturday,Day,100,2018/05/05,14:15:00,No,1.0,1.0,-38.42141045,145.6884005,BASS COAST
T20180008520,Dry,Clear,Collision with vehicle,Saturday,Day,100,2018/05/05,14:16:00,Yes,1.0,1.0,-38.42146811,145.6883365,BASS COAST
T20180008521,Dry,Clear,Collision with a fixed object,Saturday,Day,100,2018/05/05,15:43:00,Yes,1.0,1.0,-36.71756254,147.0939513,ALPINE
T20180008526,Dry,Clear,No collision and no object struck,Saturday,Day,100,2018/05/05,14:20:00,Yes,1.0,1.0,-37.48074602,144.5555619,MACEDON RANGES
T20180008532,Dry,Clear,Collision with vehicle,Saturday,Dark Street lights on,110,2018/05/05,18:40:00,Yes,5.0,1.0,-36.90837084,145.2407523,STRATHBOGIE
T20180008535,Dry,Clear,Vehicle overturned (no collision),Saturday,Dark No street lights,100,2018/05/05,03:00:00,Yes,1.0,1.0,-36.30022049,146.7048835,INDIGO
T20180008544,Dry,Fog,Vehicle overturned (no collision),Friday,Dark No street lights,999,2018/05/04,22:41:00,Yes,1.0,1.0,-37.08367971,144.7322899,MITCHELL
T20180008546,Dry,Clear,Collision with a fixed object,Sunday,Dark Street lights on,60,2018/05/06,00:40:00,Yes,3.0,1.0,-37.66104463,144.4241472,MOORABOOL
T20180008548,Dry,Clear,Collision with vehicle,Saturday,Dark No street lights,80,2018/05/05,18:05:00,Yes,5.0,5.0,-36.90532943,143.1153264,PYRENEES
T20180008549,Dry,Clear,Collision with a fixed object,Saturday,Dark No street lights,80,2018/05/05,22:30:00,Yes,1.0,1.0,-36.7209735,146.9422388,ALPINE
T20180008554,Dry,Clear,Vehicle overturned (no collision),Saturday,Day,100,2018/05/05,16:00:00,Yes,1.0,1.0,-36.29825758,144.9308818,CAMPASPE
T20180008555,Dry,Clear,Collision with a fixed object,Sunday,Dark No street lights,100,2018/05/06,02:35:00,Yes,5.0,5.0,-37.39043025,145.0574601,MITCHELL
T20180008556,Dry,Clear,Collision with a fixed object,Sunday,Dark Street lights on,50,2018/05/06,01:45:00,Yes,3.0,3.0,-38.17088126,144.5691011,GREATER GEELONG
T20180008561,Dry,Fog,Collision with a fixed object,Sunday,Day,100,2018/05/06,08:59:00,Yes,2.0,1.0,-37.07219866,143.5891079,CENTRAL GOLDFIELDS
T20180008567,Dry,Clear,Collision with vehicle,Sunday,Day,60,2018/05/06,11:00:00,No,3.0,3.0,-38.07615119,144.3585388,GREATER GEELONG
T20180008571,Dry,Clear,Collision with vehicle,Sunday,Day,60,2018/05/06,11:10:00,No,4.0,1.0,-37.5671465,143.8582657,BALLARAT
T20180008573,Dry,Clear,No collision and no object struck,Sunday,Dark No street lights,100,2018/04/29,23:35:00,Yes,1.0,1.0,-37.85615778,142.6512614,MOYNE
T20180008581,Dry,Clear,No collision and no object struck,Sunday,Day,50,2018/05/06,12:58:00,No,2.0,2.0,-38.22348214,146.428158,LATROBE
T20180008584,Dry,Clear,Collision with vehicle,Sunday,Day,60,2018/05/06,16:42:00,Yes,5.0,1.0,-37.45086032,143.839352,BALLARAT
T20180008589,Dry,Clear,Collision with vehicle,Sunday,Dark Street lights on,60,2018/05/06,19:35:00,Yes,2.0,1.0,-36.11601859,146.8703914,WODONGA
T20180008614,Dry,Clear,Collision with vehicle,Monday,Day,60,2018/05/07,11:12:00,No,3.0,1.0,-34.1875911,142.1479687,MILDURA
T20180008617,Dry,Clear,Collision with vehicle,Monday,Day,60,2018/05/07,08:40:00,Yes,2.0,1.0,-38.18749906,144.4742579,GREATER GEELONG
T20180008619,Dry,Clear,Struck animal,Monday,Day,999,2018/05/07,12:00:00,No,1.0,1.0,-36.98317016,142.370761,NORTHERN GRAMPIANS
T20180008620,Dry,Clear,Collision with a fixed object,Monday,Day,60,2018/05/07,13:30:00,No,1.0,1.0,-37.8764501,147.9978301,EAST GIPPSLAND
T20180008623,Dry,Clear,Struck Pedestrian,Monday,Day,40,2018/05/07,09:00:00,Yes,2.0,1.0,-37.20179049,145.0464604,MITCHELL
T20180008641,Dry,Clear,No collision and no object struck,Monday,Day,100,2018/05/07,16:40:00,No,1.0,1.0,-38.41822975,143.94276,SURF COAST
T20180008644,Dry,Clear,Collision with vehicle,Monday,Dark No street lights,100,2018/05/07,18:43:00,Yes,2.0,1.0,-36.35735134,144.790031,CAMPASPE
T20180008647,Dry,Clear,Collision with vehicle,Monday,Dark Street lights on,60,2018/05/07,17:48:00,No,2.0,1.0,-38.09629966,144.3343177,GREATER GEELONG
T20180008649,Dry,Clear,Collision with a fixed object,Monday,Dark No street lights,100,2018/05/07,17:40:00,No,1.0,1.0,-37.4221598,145.2665794,MURRINDINDI
T20180008653,Dry,Clear,Collision with a fixed object,Monday,Day,80,2018/05/07,17:00:00,Yes,1.0,1.0,-38.25235646,144.3659807,SURF COAST
T20180008670,Dry,Fog,Collision with vehicle,Saturday,Dark Street lights unknown,50,2018/05/05,03:57:00,Yes,2.0,1.0,-37.0569506,142.7848589,NORTHERN GRAMPIANS
T20180008680,Dry,Clear,Collision with vehicle,Tuesday,Day,60,2018/05/08,09:15:00,No,2.0,1.0,-37.02073041,145.135373,MITCHELL
T20180008687,Dry,Clear,Collision with vehicle,Monday,Day,100,2018/05/07,10:00:00,Yes,3.0,1.0,-36.06905361,145.4318332,MOIRA
T20180008690,Unknown,Clear,Collision with vehicle,Tuesday,Day,999,2018/04/24,14:30:00,No,2.0,1.0,-38.15921965,144.3936029,GREATER GEELONG
T20180008698,Dry,Clear,Collision with vehicle,Tuesday,Day,80,2018/05/08,08:00:00,No,2.0,1.0,-38.08227112,144.3607515,GREATER GEELONG
T20180008702,Muddy,Clear,Collision with a fixed object,Tuesday,Day,999,2018/05/08,11:00:00,No,1.0,1.0,-38.50943971,143.771138,COLAC OTWAY
T20180008703,Dry,Clear,Collision with vehicle,Sunday,Day,50,2018/05/06,13:00:00,No,5.0,1.0,-38.39316764,142.5049218,WARRNAMBOOL
T20180008716,Dry,Clear,Collision with vehicle,Tuesday,Day,60,2018/05/08,15:40:00,No,2.0,1.0,-38.10580541,144.3324904,GREATER GEELONG
T20180008730,Dry,Clear,Struck animal,Tuesday,Dark No street lights,80,2018/05/08,19:00:00,Yes,1.0,1.0,-37.7462052,148.3813881,EAST GIPPSLAND
T20180008731,Dry,Clear,Collision with vehicle,Tuesday,Day,60,2018/05/08,17:09:00,No,3.0,2.0,-38.17095629,144.3007353,GREATER GEELONG
T20180008734,Dry,Clear,Collision with a fixed object,Tuesday,Dark Street lights on,100,2018/05/08,18:15:00,Yes,1.0,1.0,-38.21393273,144.1152647,SURF COAST
T20180008737,Dry,Clear,Collision with vehicle,Tuesday,Dark Street lights on,50,2018/05/08,18:05:00,Yes,2.0,1.0,-36.01106124,146.0086485,MOIRA
T20180008755,Dry,Clear,No collision and no object struck,Wednesday,Dusk/Dawn,110,2018/04/25,20:45:00,Yes,2.0,1.0,-36.11399812,146.6686981,INDIGO
T20180008759,Dry,Clear,Collision with vehicle,Tuesday,Day,50,2018/05/08,13:30:00,No,3.0,1.0,-36.35983125,146.3182999,WANGARATTA
T20180008762,Wet,Clear,Vehicle overturned (no collision),Wednesday,Day,50,2018/05/09,08:30:00,No,1.0,1.0,-38.62973206,145.7222293,BASS COAST
T20180008763,Dry,Clear,Collision with vehicle,Friday,Dark No street lights,50,2018/05/04,19:50:00,Yes,2.0,1.0,-37.35830121,144.5300222,MACEDON RANGES
T20180008782,Dry,Fog,Collision with vehicle,Wednesday,Day,100,2018/05/09,08:05:00,No,7.0,3.0,-36.35735124,144.75753,CAMPASPE
T20180008784,Dry,Clear,Struck Pedestrian,Wednesday,Day,40,2018/05/09,11:45:00,No,2.0,1.0,-37.56222753,143.8590105,BALLARAT
T20180008789,Dry,Clear,Vehicle overturned (no collision),Wednesday,Day,100,2018/05/09,09:30:00,No,1.0,1.0,-38.37225551,145.9836069,SOUTH GIPPSLAND
T20180008790,Dry,Clear,Collision with vehicle,Wednesday,Day,50,2018/05/09,16:00:00,No,4.0,1.0,-38.32705073,144.3265408,SURF COAST
T20180008792,Dry,Clear,Collision with vehicle,Wednesday,Day,100,2018/05/09,14:38:00,No,2.0,2.0,-38.10003992,145.9220746,BAW BAW
T20180008809,Dry,Clear,Collision with a fixed object,Wednesday,Dusk/Dawn,100,2018/05/09,17:39:00,No,1.0,1.0,-38.13975057,145.8166613,BAW BAW
T20180008814,Dry,Clear,Collision with vehicle,Wednesday,Dark No street lights,60,2018/05/09,18:10:00,Yes,2.0,1.0,-37.49065082,144.5962284,MACEDON RANGES
T20180008815,Dry,Clear,Struck animal,Wednesday,Dark No street lights,100,2018/05/09,21:20:00,Yes,1.0,1.0,-38.34131896,146.7387895,WELLINGTON
T20180008824,Dry,Clear,Collision with vehicle,Thursday,Day,50,2018/05/10,09:00:00,No,2.0,1.0,-36.7188799,144.2572199,GREATER BENDIGO
T20180008825,Dry,Clear,Collision with a fixed object,Tuesday,Day,100,2018/05/08,09:45:00,No,1.0,1.0,-37.49937676,148.2091816,EAST GIPPSLAND
T20180008852,Dry,Clear,No collision and no object struck,Thursday,Day,100,2018/05/10,12:15:00,No,2.0,1.0,-36.14587758,147.4377207,TOWONG
T20180008855,Dry,Clear,Collision with vehicle,Thursday,Day,60,2018/05/10,11:40:00,No,2.0,2.0,-37.96872206,146.9793738,WELLINGTON
T20180008858,Wet,Raining,Collision with a fixed object,Thursday,Day,100,2018/05/10,13:15:00,No,1.0,1.0,-36.85646803,144.225516,GREATER BENDIGO
T20180008864,Wet,Raining,Collision with vehicle,Thursday,Day,100,2018/05/10,15:25:00,No,2.0,2.0,-37.41158187,142.7626966,ARARAT
T20180008870,Dry,Clear,Struck Pedestrian,Thursday,Day,999,2018/05/10,15:45:00,No,3.0,3.0,-38.07575686,144.3576958,GREATER GEELONG
T20180008879,Unknown,Not known,No collision and no object struck,Monday,Day,999,2018/01/01,10:00:00,No,1.0,1.0,-37.96764209,146.3430718,BAW BAW
T20180008886,Wet,Clear,Collision with vehicle,Thursday,Dark Street lights on,80,2018/05/10,19:45:00,Yes,2.0,1.0,-37.52964023,143.8138563,BALLARAT
T20180008887,Wet,Clear,Collision with a fixed object,Thursday,Dark No street lights,60,2018/05/10,21:40:00,Yes,1.0,1.0,-36.39890996,145.3684522,GREATER SHEPPARTON
T20180008894,Wet,Raining,collision with some other object,Friday,Dark No street lights,110,2018/05/11,05:10:00,Yes,1.0,1.0,-37.44965889,144.9790768,MITCHELL
T20180008911,Wet,Raining,Collision with vehicle,Friday,Day,100,2018/05/11,10:45:00,No,5.0,1.0,-37.44877632,144.981334,MITCHELL
T20180008914,Wet,Raining,Collision with a fixed object,Friday,Day,100,2018/05/11,08:50:00,No,1.0,1.0,-38.21508049,145.8416635,BAW BAW
T20180008917,Wet,Raining,Collision with vehicle,Friday,Day,60,2018/05/11,10:30:00,No,5.0,2.0,-37.55923006,143.85354,BALLARAT
T20180008924,Wet,Raining,Collision with vehicle,Friday,Day,50,2018/05/11,12:16:00,No,3.0,2.0,-37.65532568,144.4402439,MOORABOOL
T20180008925,Wet,Raining,Collision with vehicle,Friday,Day,80,2018/05/11,07:15:00,No,2.0,1.0,-37.52485415,143.8095725,BALLARAT
T20180008929,Wet,Raining,Collision with vehicle,Friday,Day,40,2018/05/11,12:35:00,No,2.0,1.0,-37.56589999,143.8555299,BALLARAT
T20180008932,Wet,Raining,Collision with vehicle,Friday,Day,50,2018/05/11,14:30:00,No,4.0,1.0,-37.55732262,143.8740315,BALLARAT
T20180008934,Wet,Raining,Collision with vehicle,Friday,Day,40,2018/05/11,15:20:00,No,4.0,1.0,-38.09827959,147.0839667,WELLINGTON
T20180008938,Wet,Raining,collision with some other object,Friday,Dark No street lights,50,2018/05/11,02:30:00,Yes,1.0,1.0,-38.48674861,142.9829323,CORANGAMITE
T20180008949,Wet,Raining,Collision with vehicle,Friday,Day,70,2018/05/11,15:40:00,No,5.0,1.0,-38.18087059,144.3501209,GREATER GEELONG
T20180008957,Wet,Raining,Collision with a fixed object,Friday,Dark Street lights unknown,60,2018/05/11,21:00:00,Yes,2.0,1.0,-37.57469606,143.8505431,BALLARAT
T20180008963,Wet,Raining,Collision with vehicle,Friday,Dark No street lights,60,2018/05/11,17:30:00,Yes,2.0,1.0,-37.53989161,143.8008161,BALLARAT
T20180008978,Dry,Clear,Collision with a fixed object,Saturday,Dark No street lights,100,2018/05/12,04:04:00,Yes,1.0,1.0,-36.32655655,145.3027734,GREATER SHEPPARTON
T20180008979,Wet,Raining,Collision with a fixed object,Saturday,Dark No street lights,110,2018/05/12,04:00:00,Yes,1.0,1.0,-37.59140362,144.1727595,MOORABOOL
T20180008981,Wet,Raining,Collision with vehicle,Friday,Dusk/Dawn,80,2018/05/11,16:35:00,No,4.0,1.0,-37.90430744,147.6979743,EAST GIPPSLAND
T20180008984,Wet,Raining,Collision with vehicle,Friday,Day,999,2018/05/11,15:45:00,No,2.0,1.0,-38.20341782,144.3311044,GREATER GEELONG
T20180008987,Dry,Clear,Struck Pedestrian,Saturday,Day,60,2018/05/12,10:00:00,No,2.0,1.0,-36.40436034,145.4084729,GREATER SHEPPARTON
T20180008989,Unknown,Not known,Fall from or in moving vehicle,Saturday,Dark Street lights unknown,999,2018/05/12,05:00:00,Yes,1.0,1.0,-36.74673785,144.283797,GREATER BENDIGO