Accident_No,Surface_Cond_Desc,Atmosph_Cond_Desc,Accident_Type_Desc,Day,Light_Condition_Desc,Speed_Zone,Accident_Date,Accident_Time,Alcohol_Influence,Total_Persons_Inv,Inj_Or_Fatal,Lat,Long,LGA
T20180008993,Dry,Clear,Collision with vehicle,Saturday,Day,80,2018/05/12,09:50:00,No,2.0,1.0,-36.90893131,144.695297,GREATER BENDIGO
T20180009004,Wet,Raining,collision with some other object,Saturday,Dusk/Dawn,60,2018/05/12,17:00:00,Yes,1.0,1.0,-37.48938437,144.5937392,MACEDON RANGES
T20180009007,Dry,Clear,Collision with vehicle,Saturday,Day,100,2018/05/12,16:55:00,Yes,3.0,3.0,-36.85174946,144.2285377,GREATER BENDIGO
T20180009022,Dry,Clear,Collision with a fixed object,Saturday,Dark No street lights,100,2018/05/12,23:10:00,Yes,1.0,1.0,-36.40639002,145.27702,GREATER SHEPPARTON
T20180009037,Dry,Clear,Collision with a fixed object,Monday,Day,100,2018/03/26,15:24:00,No,1.0,1.0,-36.1294656,144.69843,CAMPASPE
T20180009039,Dry,Clear,Collision with a fixed object,Sunday,Day,40,2018/05/13,09:00:00,Yes,1.0,1.0,-38.14932359,144.3598061,GREATER GEELONG
T20180009042,Wet,Raining,Collision with vehicle,Sunday,Day,100,2018/05/13,10:16:00,No,2.0,1.0,-37.73309943,147.8530207,EAST GIPPSLAND
T20180009047,Dry,Clear,Collision with vehicle,Sunday,Day,999,2018/05/13,12:15:00,No,2.0,2.0,-36.16188081,147.2349897,TOWONG
T20180009057,Dry,Clear,Collision with a fixed object,Sunday,Dusk/Dawn,80,2018/05/13,17:35:00,Yes,1.0,1.0,-38.52102281,145.3335989,BASS COAST
T20180009058,Wet,Raining,Collision with a fixed object,Sunday,Dark No street lights,100,2018/05/13,18:15:00,Yes,1.0,1.0,-37.70339661,148.5782466,EAST GIPPSLAND
T20180009062,Dry,Clear,Collision with a fixed object,Sunday,Dark No street lights,80,2018/05/13,18:45:00,Yes,1.0,1.0,-38.01636776,144.1819843,GOLDEN PLAINS
T20180009080,Dry,Clear,Collision with vehicle,Monday,Day,80,2018/05/14,07:50:00,No,2.0,1.0,-38.26526799,144.5882887,GREATER GEELONG
T20180009087,Dry,Clear,Collision with vehicle,Friday,Day,90,2018/03/30,13:45:00,No,5.0,1.0,-38.52357537,145.413641,BASS COAST
T20180009092,Dry,Clear,Collision with a fixed object,Monday,Day,100,2018/05/14,08:35:00,Yes,1.0,1.0,-35.26240974,142.4048419,MILDURA
T20180009093,Dry,Clear,No collision and no object struck,Sunday,Day,80,2018/05/06,12:15:00,No,1.0,1.0,-38.27394949,144.4028058,SURF COAST
T20180009105,Dry,Clear,Collision with vehicle,Monday,Day,60,2018/05/14,13:00:00,No,2.0,1.0,-37.96682968,147.079947,WELLINGTON
T20180009107,Dry,Smoke,Collision with vehicle,Monday,Day,70,2018/05/14,11:15:00,No,2.0,2.0,-36.75691435,144.2010642,GREATER BENDIGO
T20180009109,Dry,Clear,Collision with vehicle,Monday,Day,110,2018/05/14,13:45:00,No,2.0,1.0,-36.9837389,145.13731,MITCHELL
T20180009114,Dry,Clear,Collision with a fixed object,Sunday,Day,999,2018/05/06,11:00:00,No,1.0,1.0,-37.53836911,144.295361,MOORABOOL
T20180009116,Dry,Clear,Collision with vehicle,Monday,Day,70,2018/05/14,10:46:00,No,2.0,1.0,-38.11757427,144.3315926,GREATER GEELONG
T20180009119,Dry,Clear,Collision with vehicle,Monday,Dark Street lights off,60,2018/05/14,17:20:00,No,3.0,1.0,-38.17164975,144.3506923,GREATER GEELONG
T20180009138,Dry,Clear,Vehicle overturned (no collision),Monday,Dark No street lights,100,2018/05/14,20:00:00,Yes,1.0,1.0,-37.44150159,143.2656763,PYRENEES
T20180009147,Dry,Fog,Struck animal,Tuesday,Dark No street lights,100,2018/05/15,04:45:00,Yes,1.0,1.0,-36.05524844,145.7526,MOIRA
T20180009152,Dry,Clear,Collision with vehicle,Tuesday,Day,70,2018/05/15,07:20:00,No,2.0,1.0,-36.14045355,144.7460703,CAMPASPE
T20180009155,Unknown,Not known,Vehicle overturned (no collision),Saturday,Unknown,999,2018/02/17,14:00:00,Yes,1.0,1.0,-38.11404521,147.0873609,WELLINGTON
T20180009158,Dry,Clear,Collision with a fixed object,Tuesday,Day,60,2018/05/15,09:14:00,No,1.0,1.0,-38.22564991,146.4239404,LATROBE
T20180009167,Dry,Clear,Collision with vehicle,Tuesday,Day,60,2018/05/15,11:25:00,No,2.0,1.0,-36.37697243,145.4001642,GREATER SHEPPARTON
T20180009171,Unknown,Not known,Collision with vehicle,Thursday,Day,60,2018/05/10,16:30:00,No,3.0,1.0,-36.37870989,145.3977333,GREATER SHEPPARTON
T20180009172,Icy,Clear,Collision with a fixed object,Tuesday,Day,50,2018/05/15,11:41:00,No,1.0,1.0,-36.35751704,146.295861,WANGARATTA
T20180009175,Wet,Raining,Fall from or in moving vehicle,Sunday,Day,999,2018/04/29,11:30:00,No,2.0,1.0,-38.02744349,145.8991364,BAW BAW
T20180009187,Dry,Clear,Struck Pedestrian,Tuesday,Day,70,2018/05/15,14:46:00,No,2.0,1.0,-38.14628961,144.3529777,GREATER GEELONG
T20180009201,Dry,Clear,Collision with vehicle,Tuesday,Day,60,2018/05/15,14:10:00,No,2.0,1.0,-34.20532198,142.1346882,MILDURA
T20180009208,Dry,Clear,Collision with vehicle,Tuesday,Day,999,2018/05/15,16:12:00,No,3.0,1.0,-38.14687018,144.3685128,GREATER GEELONG
T20180009210,Dry,Clear,Collision with vehicle,Tuesday,Day,50,2018/05/15,15:15:00,No,2.0,1.0,-38.15476041,144.3544542,GREATER GEELONG
T20180009227,Dry,Clear,Collision with vehicle,Tuesday,Day,60,2018/05/15,07:40:00,No,3.0,1.0,-35.80884669,144.2214135,GANNAWARRA
T20180009230,Wet,Clear,Collision with a fixed object,Wednesday,Day,80,2018/05/16,07:40:00,No,1.0,1.0,-37.46483961,143.9808128,HEPBURN
T20180009232,Muddy,Clear,collision with some other object,Saturday,Day,999,2018/05/12,11:00:00,No,1.0,1.0,-36.34323076,146.812123,INDIGO
T20180009252,Dry,Clear,Collision with vehicle,Wednesday,Day,50,2018/05/16,12:00:00,No,3.0,1.0,-37.55669631,143.8500107,BALLARAT
T20180009259,Dry,Clear,Collision with vehicle,Wednesday,Day,60,2018/05/16,15:00:00,No,2.0,2.0,-36.30809436,145.0496129,CAMPASPE
T20180009268,Dry,Clear,Collision with a fixed object,Wednesday,Day,100,2018/05/16,14:30:00,No,2.0,2.0,-38.30247928,146.2802283,LATROBE
T20180009272,Dry,Not known,Collision with vehicle,Wednesday,Day,80,2018/05/16,15:00:00,No,3.0,1.0,-37.49947846,143.8056882,BALLARAT
T20180009275,Dry,Not known,Struck Pedestrian,Wednesday,Dark Street lights on,60,2018/05/16,19:00:00,Yes,2.0,1.0,-37.30031105,144.9513731,MITCHELL
T20180009278,Dry,Clear,Collision with vehicle,Wednesday,Dusk/Dawn,100,2018/05/16,17:40:00,No,2.0,2.0,-37.41916991,143.7990392,BALLARAT
T20180009288,Dry,Clear,Vehicle overturned (no collision),Wednesday,Dark No street lights,100,2018/05/16,21:00:00,Yes,1.0,1.0,-36.55380852,144.2489725,GREATER BENDIGO
T20180009300,Wet,Clear,Collision with vehicle,Thursday,Day,50,2018/05/17,08:35:00,No,2.0,1.0,-37.55458208,143.8828434,BALLARAT
T20180009303,Dry,Clear,Collision with vehicle,Thursday,Dark No street lights,100,2018/05/17,06:30:00,No,2.0,2.0,-36.88700464,144.7321607,GREATER BENDIGO
T20180009306,Dry,Clear,Collision with vehicle,Thursday,Day,60,2018/05/17,11:40:00,No,2.0,1.0,-37.47412892,144.5930672,MACEDON RANGES
T20180009318,Dry,Clear,Collision with a fixed object,Wednesday,Dark No street lights,80,2018/05/16,18:40:00,Yes,1.0,1.0,-38.47703237,146.1455251,SOUTH GIPPSLAND
T20180009328,Wet,Clear,Collision with vehicle,Thursday,Day,40,2018/05/10,15:25:00,No,2.0,1.0,-37.55896161,143.8512897,BALLARAT
T20180009340,Wet,Raining,Struck animal,Thursday,Day,100,2018/05/17,15:25:00,No,2.0,2.0,-38.42136835,143.1518996,CORANGAMITE
T20180009342,Dry,Clear,Collision with vehicle,Thursday,Dark Street lights on,70,2018/05/17,17:35:00,No,2.0,1.0,-36.31351628,145.0320674,CAMPASPE
T20180009349,Dry,Clear,No collision and no object struck,Thursday,Dusk/Dawn,80,2018/05/17,17:15:00,No,1.0,1.0,-36.44238995,145.3888656,GREATER SHEPPARTON
T20180009362,Wet,Raining,Collision with vehicle,Thursday,Day,80,2018/05/17,16:08:00,No,10.0,5.0,-38.34676401,142.2995707,MOYNE
T20180009370,Wet,Clear,Collision with a fixed object,Friday,Dark No street lights,110,2018/05/18,01:00:00,Yes,1.0,1.0,-38.18601493,146.2346801,LATROBE
T20180009382,Wet,Raining,Collision with a fixed object,Friday,Day,100,2018/05/18,08:15:00,No,1.0,1.0,-37.40102205,142.6530419,ARARAT
T20180009385,Dry,Clear,Collision with vehicle,Monday,Dark Street lights on,50,2018/05/14,19:40:00,Yes,2.0,1.0,-38.60515554,145.5883873,BASS COAST
T20180009386,Wet,Raining,Collision with a fixed object,Friday,Day,100,2018/05/18,08:30:00,No,2.0,1.0,-38.66234999,146.1897662,SOUTH GIPPSLAND
T20180009388,Wet,Raining,Vehicle overturned (no collision),Friday,Day,100,2018/05/18,07:15:00,No,1.0,1.0,-38.24712875,146.6504612,WELLINGTON
T20180009390,Unknown,Not known,Struck animal,Friday,Dark Street lights unknown,80,2018/05/18,01:15:00,Yes,2.0,2.0,-35.97119345,145.7228179,MOIRA
T20180009399,Wet,Raining,Collision with a fixed object,Thursday,Day,60,2018/05/17,14:45:00,No,2.0,2.0,-38.60862177,143.517015,COLAC OTWAY
T20180009421,Dry,Clear,Collision with a fixed object,Friday,Day,100,2018/05/18,15:45:00,No,1.0,1.0,-38.32301037,143.5315467,COLAC OTWAY
T20180009424,Dry,Clear,Collision with vehicle,Friday,Day,60,2018/05/18,15:00:00,No,2.0,1.0,-37.58109657,143.8460704,BALLARAT
T20180009427,Wet,Raining,Collision with a fixed object,Friday,Dark Street lights on,60,2018/05/18,17:20:00,Yes,2.0,1.0,-38.23195954,146.4212964,LATROBE
T20180009434,Dry,Clear,Collision with vehicle,Friday,Dark Street lights on,80,2018/05/18,19:20:00,Yes,3.0,3.0,-36.9079622,144.6946368,GREATER BENDIGO
T20180009437,Dry,Clear,Struck animal,Friday,Dusk/Dawn,100,2018/05/18,18:00:00,Yes,1.0,1.0,-37.14118182,142.6517019,NORTHERN GRAMPIANS
T20180009440,Wet,Raining,Collision with a fixed object,Friday,Dark No street lights,60,2018/05/18,05:10:00,Yes,1.0,1.0,-38.14666494,145.8451096,BAW BAW
T20180009449,Wet,Clear,Collision with a fixed object,Friday,Dark Street lights on,80,2018/05/18,20:10:00,Yes,1.0,1.0,-38.1436379,144.5995768,GREATER GEELONG
T20180009460,Wet,Fog,Vehicle overturned (no collision),Saturday,Day,100,2018/05/19,06:30:00,Yes,1.0,1.0,-38.16579144,147.0412004,WELLINGTON
T20180009464,Dry,Clear,Vehicle overturned (no collision),Saturday,Day,999,2018/05/19,12:30:00,No,1.0,1.0,-38.38060769,144.1673011,SURF COAST
T20180009468,Dry,Clear,Vehicle overturned (no collision),Friday,Dark Street lights on,80,2018/05/18,21:00:00,Yes,1.0,1.0,-36.44080991,145.38937,GREATER SHEPPARTON
T20180009473,Dry,Clear,Collision with a fixed object,Saturday,Day,100,2018/05/19,15:40:00,Yes,1.0,1.0,-37.83366942,146.9759588,WELLINGTON
T20180009475,Wet,Clear,Collision with vehicle,Thursday,Dusk/Dawn,60,2018/05/17,16:15:00,No,3.0,1.0,-37.54641745,143.7973117,BALLARAT
T20180009480,Dry,Clear,Collision with vehicle,Thursday,Dusk/Dawn,999,2018/05/10,17:40:00,No,2.0,1.0,-37.683916,144.4301481,MOORABOOL
T20180009487,Dry,Clear,Vehicle overturned (no collision),Saturday,Day,50,2018/05/19,16:30:00,Yes,1.0,1.0,-37.5525013,143.844595,BALLARAT
T20180009514,Wet,Raining,No collision and no object struck,Sunday,Day,100,2018/05/20,13:30:00,No,2.0,1.0,-37.32602983,144.3737502,MACEDON RANGES
T20180009515,Dry,Clear,Vehicle overturned (no collision),Sunday,Day,100,2018/05/20,09:20:00,No,1.0,1.0,-38.11168906,146.5463319,LATROBE
T20180009518,Wet,Clear,Collision with a fixed object,Sunday,Day,999,2018/05/20,10:30:00,No,1.0,1.0,-38.34972069,144.1360901,SURF COAST
T20180009519,Wet,Clear,Collision with vehicle,Sunday,Day,60,2018/05/20,16:35:00,Yes,2.0,2.0,-37.56054224,143.8444444,BALLARAT
T20180009527,Wet,Raining,Collision with a fixed object,Sunday,Dark Street lights on,100,2018/05/20,19:00:00,Yes,1.0,1.0,-38.33481162,145.5545865,BASS COAST
T20180009551,Dry,Clear,Collision with a fixed object,Monday,Day,60,2018/05/21,08:53:00,No,1.0,1.0,-36.1092414,146.8699298,WODONGA
T20180009557,Wet,Clear,Collision with a fixed object,Monday,Day,100,2018/05/21,09:40:00,No,1.0,1.0,-37.29619706,144.8762372,MITCHELL
T20180009559,Wet,Clear,No collision and no object struck,Saturday,Dusk/Dawn,60,2018/05/19,18:00:00,Yes,1.0,1.0,-37.49143988,146.5309803,WELLINGTON
T20180009563,Dry,Clear,Collision with vehicle,Monday,Day,60,2018/05/21,11:10:00,No,2.0,1.0,-36.79097178,144.2358313,GREATER BENDIGO
T20180009564,Wet,Clear,Collision with vehicle,Monday,Day,100,2018/05/21,09:40:00,No,3.0,2.0,-37.46293021,144.7416493,MACEDON RANGES
T20180009565,Dry,Clear,Collision with vehicle,Monday,Day,70,2018/05/21,11:50:00,No,4.0,3.0,-36.1765779,146.9409956,WODONGA
T20180009568,Wet,Clear,Struck Pedestrian,Monday,Dusk/Dawn,60,2018/05/21,06:50:00,No,2.0,2.0,-38.19581391,146.5332781,LATROBE
T20180009586,Dry,Clear,Collision with vehicle,Monday,Day,100,2018/05/21,14:20:00,No,4.0,3.0,-38.09776928,146.5963484,LATROBE
T20180009589,Dry,Clear,Collision with vehicle,Monday,Dusk/Dawn,80,2018/05/21,16:13:00,No,3.0,1.0,-38.17639758,144.4123357,GREATER GEELONG
T20180009596,Wet,Raining,Collision with a fixed object,Monday,Dark No street lights,100,2018/05/21,19:05:00,Yes,2.0,1.0,-37.43187938,145.0190693,MITCHELL
T20180009600,Wet,Clear,Collision with a fixed object,Monday,Day,100,2018/05/21,15:30:00,No,1.0,1.0,-36.44862017,141.3652817,WEST WIMMERA
T20180009602,Dry,Clear,Collision with a fixed object,Friday,Day,100,2018/05/18,12:15:00,No,1.0,1.0,-36.9520202,145.6914396,MANSFIELD
T20180009603,Dry,Clear,Collision with vehicle,Monday,Day,60,2018/05/21,17:15:00,No,3.0,2.0,-34.21011681,142.1424262,MILDURA
T20180009623,Dry,Clear,Collision with vehicle,Tuesday,Day,60,2018/04/24,17:00:00,No,2.0,1.0,-38.14533858,144.3649611,GREATER GEELONG
T20180009643,Dry,Clear,Collision with vehicle,Sunday,Dark No street lights,110,2018/05/20,17:00:00,No,5.0,4.0,-36.60615226,145.8136668,STRATHBOGIE
T20180009651,Wet,Raining,Collision with a fixed object,Tuesday,Day,60,2018/05/22,12:30:00,No,1.0,1.0,-38.23381015,146.4205803,LATROBE
T20180009652,Dry,Clear,Collision with vehicle,Tuesday,Dusk/Dawn,100,2018/05/22,06:45:00,No,4.0,3.0,-36.34752382,145.4619626,GREATER SHEPPARTON
T20180009657,Dry,Clear,Collision with vehicle,Tuesday,Day,70,2018/05/22,14:55:00,No,2.0,2.0,-38.10455786,144.3190792,GREATER GEELONG
T20180009658,Wet,Clear,Collision with vehicle,Tuesday,Day,100,2018/05/22,15:30:00,No,4.0,2.0,-38.18609672,144.6799331,GREATER GEELONG
T20180009660,Wet,Clear,Collision with vehicle,Tuesday,Day,80,2018/05/22,15:30:00,No,6.0,4.0,-37.58132388,143.7323066,GOLDEN PLAINS
T20180009666,Wet,Raining,Collision with vehicle,Tuesday,Day,60,2018/05/22,15:44:00,No,4.0,1.0,-38.37638227,142.4798958,WARRNAMBOOL
T20180009673,Wet,Not known,Collision with a fixed object,Tuesday,Dark Street lights on,60,2018/05/22,19:08:00,Yes,1.0,1.0,-37.02609512,145.1387013,MITCHELL
T20180009677,Dry,Clear,Struck Pedestrian,Tuesday,Day,50,2018/05/22,15:25:00,No,2.0,1.0,-38.33971038,143.5870557,COLAC OTWAY
T20180009692,Dry,Clear,No collision and no object struck,Tuesday,Dark Street lights on,60,2018/05/22,20:40:00,Yes,1.0,1.0,-37.83071576,147.6109479,EAST GIPPSLAND
T20180009707,Wet,Raining,Collision with vehicle,Wednesday,Day,50,2018/05/23,08:05:00,No,3.0,2.0,-38.16282307,145.9283637,BAW BAW
T20180009709,Dry,Clear,Struck Pedestrian,Wednesday,Day,50,2018/05/09,10:30:00,No,2.0,1.0,-38.33267675,142.5743889,MOYNE
T20180009712,Wet,Clear,Collision with vehicle,Wednesday,Day,60,2018/05/23,08:30:00,No,2.0,1.0,-36.72970658,144.3062352,GREATER BENDIGO
T20180009713,Dry,Clear,Collision with vehicle,Tuesday,Day,50,2018/05/22,13:53:00,No,3.0,1.0,-36.39439928,145.3595898,GREATER SHEPPARTON
T20180009719,Dry,Clear,Vehicle overturned (no collision),Wednesday,Day,100,2018/05/23,09:22:00,No,1.0,1.0,-35.29858436,143.5052104,SWAN HILL
T20180009730,Wet,Raining,Collision with a fixed object,Wednesday,Day,100,2018/05/23,09:20:00,No,1.0,1.0,-38.53450871,145.4541027,BASS COAST
T20180009732,Wet,Raining,Collision with a fixed object,Tuesday,Dark Street lights on,60,2018/05/22,21:15:00,Yes,1.0,1.0,-37.5767805,143.8541805,BALLARAT
T20180009750,Dry,Not known,Struck Pedestrian,Tuesday,Day,80,2018/05/22,15:00:00,No,2.0,1.0,-38.07546372,144.368939,GREATER GEELONG
T20180009760,Dry,Clear,Collision with a fixed object,Wednesday,Dark No street lights,100,2018/05/23,19:20:00,Yes,1.0,1.0,-36.5666699,146.4343042,WANGARATTA
T20180009765,Dry,Clear,Collision with a fixed object,Wednesday,Dark Street lights on,100,2018/05/23,23:28:00,Yes,1.0,1.0,-38.11201507,144.3205083,GREATER GEELONG
T20180009783,Dry,Clear,Collision with vehicle,Wednesday,Day,60,2018/05/23,14:30:00,No,2.0,1.0,-38.09941957,144.3455866,GREATER GEELONG
T20180009785,Unknown,Not known,Vehicle overturned (no collision),Sunday,Day,50,2018/05/20,09:45:00,Yes,1.0,1.0,-36.13376957,146.8535952,WODONGA
T20180009793,Dry,Clear,Collision with a fixed object,Thursday,Day,100,2018/05/24,12:10:00,No,1.0,1.0,-36.38611453,145.9880806,BENALLA
T20180009795,Dry,Clear,Collision with vehicle,Thursday,Day,100,2018/05/24,12:07:00,No,2.0,1.0,-37.72522993,148.4481099,EAST GIPPSLAND
T20180009805,Dry,Clear,Collision with vehicle,Thursday,Dark Street lights on,60,2018/05/17,22:30:00,Yes,2.0,1.0,-38.17093367,144.3190375,GREATER GEELONG
T20180009806,Dry,Clear,No collision and no object struck,Thursday,Day,100,2018/05/24,14:25:00,No,1.0,1.0,-36.80161722,141.8062272,HORSHAM
T20180009807,Dry,Clear,Collision with a fixed object,Thursday,Day,100,2018/05/24,13:00:00,No,1.0,1.0,-36.97841708,144.109649,MOUNT ALEXANDER
T20180009820,Dry,Clear,Collision with vehicle,Thursday,Dusk/Dawn,100,2018/05/24,17:35:00,No,3.0,2.0,-37.42385053,143.9733246,HEPBURN
T20180009833,Dry,Clear,collision with some other object,Friday,Dark No street lights,110,2018/05/25,00:26:00,Yes,3.0,2.0,-36.57957406,145.9708326,BENALLA
T20180009839,Dry,Clear,Collision with vehicle,Friday,Day,70,2018/05/25,09:15:00,No,8.0,1.0,-38.14281546,144.3536499,GREATER GEELONG
T20180009841,Wet,Clear,Collision with a fixed object,Wednesday,Dark Street lights on,60,2018/05/23,19:30:00,Yes,2.0,2.0,-38.16129409,145.9252578,BAW BAW
T20180009842,Dry,Clear,Collision with vehicle,Friday,Day,60,2018/05/25,10:20:00,No,2.0,1.0,-36.38833207,145.4318216,GREATER SHEPPARTON
T20180009848,Dry,Clear,Vehicle overturned (no collision),Thursday,Day,100,2018/05/24,14:45:00,No,1.0,1.0,-37.26712691,143.6922437,HEPBURN
T20180009873,Dry,Clear,Collision with vehicle,Friday,Day,80,2018/05/25,15:07:00,No,5.0,3.0,-36.37350603,146.2890422,WANGARATTA
T20180009881,Dry,Clear,Collision with vehicle,Friday,Day,60,2018/05/25,17:00:00,No,3.0,1.0,-34.2186808,142.17142,MILDURA
T20180009892,Dry,Clear,Collision with vehicle,Friday,Dusk/Dawn,50,2018/05/25,19:00:00,Yes,2.0,1.0,-37.56129945,143.8473654,BALLARAT
T20180009893,Dry,Clear,Collision with vehicle,Friday,Day,100,2018/05/25,13:35:00,No,2.0,1.0,-36.01161222,145.6956348,MOIRA
T20180009896,Dry,Clear,Collision with vehicle,Friday,Dark Street lights on,50,2018/05/25,18:00:00,Yes,2.0,1.0,-37.28281784,142.9349204,ARARAT
T20180009898,Dry,Clear,Collision with a fixed object,Friday,Dark No street lights,100,2018/05/25,17:40:00,Yes,1.0,1.0,-36.95059174,144.3397277,MOUNT ALEXANDER
T20180009908,Dry,Clear,Collision with a fixed object,Friday,Dark Street lights on,50,2018/05/25,20:15:00,Yes,1.0,1.0,-36.3142327,146.8377873,INDIGO
T20180009909,Dry,Clear,No collision and no object struck,Friday,Dark No street lights,60,2018/05/25,23:00:00,Yes,3.0,1.0,-37.54402112,143.7912693,BALLARAT
T20180009939,Dry,Clear,Vehicle overturned (no collision),Saturday,Day,80,2018/05/26,11:15:00,No,1.0,1.0,-38.21794146,144.2880939,GREATER GEELONG
T20180009942,Dry,Clear,Collision with vehicle,Saturday,Day,60,2018/05/26,10:00:00,No,2.0,1.0,-37.58459358,143.8264499,BALLARAT
T20180009945,Dry,Clear,Collision with a fixed object,Sunday,Dark Street lights on,50,2018/05/20,17:50:00,Yes,1.0,1.0,-37.82379406,147.6203212,EAST GIPPSLAND
T20180009956,Dry,Clear,Collision with vehicle,Saturday,Day,100,2018/05/26,12:10:00,No,2.0,2.0,-38.35006487,145.7620356,SOUTH GIPPSLAND
T20180009962,Dry,Clear,Collision with a fixed object,Saturday,Dark No street lights,100,2018/05/26,05:45:00,Yes,1.0,1.0,-38.56360788,145.9550096,SOUTH GIPPSLAND
T20180009971,Wet,Fog,Collision with vehicle,Saturday,Dark No street lights,80,2018/05/26,17:20:00,Yes,3.0,1.0,-37.89449948,145.95076,BAW BAW
T20180009976,Dry,Fog,Collision with a fixed object,Saturday,Dark No street lights,100,2018/05/26,17:45:00,Yes,2.0,2.0,-38.02895907,144.3475002,GREATER GEELONG
T20180009980,Dry,Clear,Collision with vehicle,Saturday,Day,50,2018/05/26,16:11:00,Yes,4.0,1.0,-38.16847263,144.2991109,GREATER GEELONG
T20180009994,Dry,Clear,Collision with a fixed object,Sunday,Dark No street lights,60,2018/05/27,02:30:00,Yes,2.0,1.0,-36.73356583,146.1412002,BENALLA
T20180010001,Dry,Clear,Collision with a fixed object,Friday,Day,999,2018/05/25,12:16:00,No,1.0,1.0,-38.24343172,143.9896417,SURF COAST
T20180010010,Dry,Clear,Collision with vehicle,Friday,Dark Street lights on,40,2018/05/25,20:35:00,Yes,7.0,5.0,-38.14414398,144.3579481,GREATER GEELONG
T20180010012,Dry,Clear,Collision with vehicle,Sunday,Day,110,2018/05/27,10:37:00,No,3.0,3.0,-37.11798982,145.0915164,MITCHELL
T20180010019,Unknown,Clear,No collision and no object struck,Sunday,Day,100,2018/05/27,10:00:00,Yes,1.0,1.0,-36.78988999,142.1222599,HORSHAM
T20180010023,Dry,Clear,Vehicle overturned (no collision),Sunday,Day,110,2018/05/27,16:55:00,Yes,3.0,3.0,-37.63849216,144.3649762,MOORABOOL
T20180010027,Dry,Clear,Collision with vehicle,Sunday,Dusk/Dawn,60,2018/05/27,17:30:00,No,2.0,1.0,-38.09209867,144.3618574,GREATER GEELONG
T20180010035,Dry,Not known,Collision with a fixed object,Monday,Dark No street lights,60,2018/05/28,00:30:00,Yes,3.0,3.0,-37.64674089,144.0360483,MOORABOOL
T20180010048,Dry,Clear,Collision with vehicle,Sunday,Dark No street lights,100,2018/05/27,21:30:00,Yes,2.0,1.0,-38.16160103,144.2937141,GREATER GEELONG
T20180010051,Dry,Clear,No collision and no object struck,Thursday,Day,999,2017/12/28,12:30:00,No,1.0,1.0,-38.60605735,143.8567093,COLAC OTWAY
T20180010076,Dry,Clear,Collision with a fixed object,Monday,Day,80,2018/05/28,16:00:00,No,2.0,2.0,-36.38964857,145.3738496,GREATER SHEPPARTON
T20180010079,Dry,Clear,Collision with vehicle,Tuesday,Day,60,2018/04/24,17:55:00,No,2.0,1.0,-38.21249801,144.3391674,GREATER GEELONG
T20180010094,Dry,Clear,Vehicle overturned (no collision),Monday,Dark No street lights,100,2018/05/28,06:00:00,Yes,1.0,1.0,-36.39897989,145.4619455,GREATER SHEPPARTON
T20180010098,Wet,Clear,Collision with vehicle,Wednesday,Day,60,2018/05/23,08:50:00,No,2.0,1.0,-38.09795101,144.3289698,GREATER GEELONG
T20180010104,Dry,Clear,No collision and no object struck,Monday,Day,100,2018/05/28,09:30:00,No,1.0,1.0,-35.92973986,143.9349875,GANNAWARRA
T20180010105,Wet,Raining,Collision with a fixed object,Tuesday,Day,100,2018/05/29,09:00:00,No,4.0,4.0,-37.32870509,144.9830718,MITCHELL
T20180010111,Dry,Clear,Collision with vehicle,Tuesday,Day,60,2018/05/29,10:02:00,No,3.0,2.0,-38.11373306,144.3309711,GREATER GEELONG
T20180010118,Unknown,Clear,Collision with vehicle,Tuesday,Day,60,2018/05/22,09:30:00,No,2.0,1.0,-36.77480818,144.2955876,GREATER BENDIGO
T20180010120,Dry,Clear,Collision with vehicle,Tuesday,Day,60,2018/05/29,07:20:00,No,2.0,1.0,-37.56382877,143.8544038,BALLARAT
T20180010158,Wet,Raining,Collision with a fixed object,Wednesday,Dark No street lights,100,2018/05/30,03:50:00,Yes,1.0,1.0,-36.48152225,145.1407637,GREATER SHEPPARTON
T20180010165,Dry,Clear,Collision with vehicle,Thursday,Day,60,2018/04/05,11:00:00,No,5.0,4.0,-36.75618947,144.2628561,GREATER BENDIGO
T20180010168,Dry,Clear,Collision with a fixed object,Wednesday,Day,100,2018/05/30,10:30:00,No,3.0,1.0,-34.7681198,142.8070465,SWAN HILL
T20180010180,Dry,Clear,Collision with vehicle,Wednesday,Day,80,2018/05/30,12:15:00,No,2.0,1.0,-38.0988486,144.3552524,GREATER GEELONG
T20180010181,Dry,Clear,Collision with vehicle,Wednesday,Day,60,2018/05/30,09:20:00,No,3.0,2.0,-38.05925354,144.3565497,GREATER GEELONG
T20180010183,Dry,Clear,Collision with vehicle,Saturday,Day,50,2018/04/28,10:15:00,No,5.0,1.0,-36.71791414,144.2525465,GREATER BENDIGO
T20180010200,Dry,Clear,Collision with vehicle,Wednesday,Dusk/Dawn,60,2018/05/30,17:16:00,No,1.0,1.0,-36.39239438,145.3969926,GREATER SHEPPARTON
T20180010206,Wet,Raining,Collision with vehicle,Wednesday,Dark Street lights on,60,2018/05/30,18:30:00,Yes,6.0,1.0,-38.36839708,142.4933309,WARRNAMBOOL
T20180010207,Wet,Raining,Collision with vehicle,Tuesday,Dark Street lights on,60,2018/05/29,21:30:00,Yes,2.0,1.0,-38.38081202,142.4827163,WARRNAMBOOL