Accident_No,Surface_Cond_Desc,Atmosph_Cond_Desc,Accident_Type_Desc,Day,Light_Condition_Desc,Speed_Zone,Accident_Date,Accident_Time,Alcohol_Influence,Total_Persons_Inv,Inj_Or_Fatal,Lat,Long,LGA
T20180010211,Dry,Clear,Collision with vehicle,Wednesday,Day,60,2018/05/30,15:30:00,No,2.0,1.0,-37.83087046,147.6107827,EAST GIPPSLAND
T20180010215,Wet,Raining,Collision with vehicle,Wednesday,Dusk/Dawn,60,2018/05/30,17:03:00,No,2.0,2.0,-38.17538759,144.342373,GREATER GEELONG
T20180010221,Wet,Raining,Collision with a fixed object,Wednesday,Dark No street lights,100,2018/05/30,18:10:00,Yes,1.0,1.0,-38.64505856,146.2413599,SOUTH GIPPSLAND
T20180010222,Wet,Raining,Collision with vehicle,Wednesday,Dark No street lights,100,2018/05/30,18:50:00,Yes,4.0,4.0,-37.65058795,143.6741889,GOLDEN PLAINS
T20180010227,Dry,Clear,Collision with vehicle,Thursday,Dark Street lights on,40,2018/05/31,00:10:00,Yes,3.0,2.0,-38.15548656,144.3569625,GREATER GEELONG
T20180010239,Wet,Raining,Collision with a fixed object,Thursday,Dark No street lights,80,2018/05/31,01:30:00,Yes,1.0,1.0,-37.53095662,145.4637013,MURRINDINDI
T20180010245,Wet,Raining,Collision with vehicle,Wednesday,Dark Street lights on,60,2018/05/30,17:15:00,No,4.0,1.0,-38.25829898,144.5415702,GREATER GEELONG
T20180010266,Dry,Clear,Collision with vehicle,Thursday,Day,50,2018/05/31,06:25:00,No,2.0,1.0,-36.40781666,145.4077064,GREATER SHEPPARTON
T20180010285,Dry,Clear,Struck Pedestrian,Thursday,Day,50,2018/05/31,15:30:00,No,2.0,1.0,-37.04786886,143.7397989,CENTRAL GOLDFIELDS
T20180010286,Dry,Clear,Collision with vehicle,Thursday,Day,100,2018/05/31,15:45:00,No,2.0,1.0,-36.41807818,145.3430451,GREATER SHEPPARTON
T20180010291,Dry,Clear,Collision with a fixed object,Thursday,Dark No street lights,100,2018/05/31,20:59:00,Yes,4.0,1.0,-37.16935831,142.8703366,NORTHERN GRAMPIANS
T20180010297,Dry,Clear,Collision with a fixed object,Friday,Dark Street lights on,80,2018/06/01,03:20:00,Yes,1.0,1.0,-38.16440785,144.4150009,GREATER GEELONG
T20180010307,Dry,Clear,Collision with vehicle,Friday,Day,60,2018/06/01,08:50:00,No,6.0,1.0,-37.68820436,144.4713896,MOORABOOL
T20180010315,Dry,Clear,Collision with a fixed object,Friday,Day,60,2018/06/01,10:10:00,No,1.0,1.0,-36.74753741,144.2582351,GREATER BENDIGO
T20180010328,Dry,Clear,Collision with vehicle,Thursday,Day,60,2018/05/31,17:09:00,No,4.0,1.0,-36.38522752,145.3985013,GREATER SHEPPARTON
T20180010335,Dry,Clear,Collision with vehicle,Friday,Day,50,2018/06/01,15:00:00,No,2.0,1.0,-38.1060679,144.3514488,GREATER GEELONG
T20180010353,Dry,Clear,Collision with a fixed object,Friday,Dusk/Dawn,50,2018/06/01,17:18:00,Yes,2.0,1.0,-37.30132026,145.0638899,MITCHELL
T20180010354,Dry,Clear,Collision with vehicle,Friday,Dark Street lights on,80,2018/06/01,20:03:00,Yes,6.0,1.0,-36.09493882,146.9021468,WODONGA
T20180010356,Dry,Clear,Collision with vehicle,Friday,Day,50,2018/06/01,16:00:00,Yes,3.0,2.0,-36.38194355,145.405818,GREATER SHEPPARTON
T20180010361,Dry,Clear,Collision with a fixed object,Friday,Dark No street lights,80,2018/06/01,21:40:00,Yes,2.0,2.0,-37.85660954,148.0520731,EAST GIPPSLAND
T20180010370,Dry,Clear,Collision with vehicle,Thursday,Day,50,2018/05/31,11:20:00,No,2.0,1.0,-37.56112572,143.8519107,BALLARAT
T20180010376,Dry,Clear,Struck Pedestrian,Friday,Day,50,2018/06/01,09:00:00,No,2.0,1.0,-36.92910885,144.7133193,GREATER BENDIGO
T20180010381,Dry,Clear,Collision with vehicle,Saturday,Day,80,2018/06/02,11:55:00,No,4.0,1.0,-38.26568693,144.4044212,SURF COAST
T20180010389,Dry,Clear,Collision with vehicle,Saturday,Day,100,2018/06/02,13:05:00,No,5.0,1.0,-38.36840207,144.2442612,SURF COAST
T20180010390,Dry,Clear,Collision with a fixed object,Saturday,Day,100,2018/06/02,13:43:00,No,1.0,1.0,-36.27817992,146.912529,INDIGO
T20180010393,Dry,Clear,Collision with a fixed object,Saturday,Day,100,2018/06/02,14:12:00,Yes,1.0,1.0,-34.74674304,142.7128848,SWAN HILL
T20180010399,Dry,Clear,Collision with vehicle,Saturday,Dark Street lights on,50,2018/06/02,19:30:00,Yes,2.0,1.0,-38.15217718,146.7839263,WELLINGTON
T20180010400,Dry,Clear,Vehicle overturned (no collision),Thursday,Day,100,2018/05/31,14:00:00,No,2.0,2.0,-35.76327957,143.9312143,GANNAWARRA
T20180010428,Dry,Clear,Collision with vehicle,Sunday,Day,80,2018/06/03,09:45:00,No,2.0,1.0,-36.37758557,145.4318101,GREATER SHEPPARTON
T20180010433,Dry,Clear,Struck animal,Sunday,Day,100,2018/06/03,09:20:00,Yes,2.0,2.0,-36.60054668,145.1163099,CAMPASPE
T20180010445,Dry,Clear,No collision and no object struck,Sunday,Day,80,2018/06/03,11:25:00,No,2.0,1.0,-38.55546134,143.9772583,SURF COAST
T20180010447,Dry,Clear,Collision with a fixed object,Sunday,Day,60,2018/06/03,11:50:00,No,1.0,1.0,-37.06631967,142.7635699,NORTHERN GRAMPIANS
T20180010451,Dry,Clear,collision with some other object,Sunday,Day,60,2018/05/27,10:30:00,No,1.0,1.0,-37.99650859,146.3585471,BAW BAW
T20180010454,Dry,Clear,Vehicle overturned (no collision),Sunday,Day,100,2018/06/03,14:05:00,No,1.0,1.0,-36.98865865,143.2622989,PYRENEES
T20180010457,Dry,Clear,Collision with vehicle,Sunday,Dark No street lights,70,2018/06/03,18:10:00,No,6.0,2.0,-38.19243015,144.3590523,GREATER GEELONG
T20180010477,Dry,Clear,No collision and no object struck,Sunday,Day,100,2018/06/03,11:30:00,No,1.0,1.0,-36.75790249,145.8529641,BENALLA
T20180010497,Dry,Clear,Collision with vehicle,Monday,Dusk/Dawn,100,2018/06/04,07:20:00,No,2.0,1.0,-36.1120162,144.7037041,CAMPASPE
T20180010507,Dry,Clear,Collision with vehicle,Monday,Day,60,2018/06/04,12:30:00,No,2.0,1.0,-37.55043918,143.8200734,BALLARAT
T20180010515,Wet,Clear,Collision with a fixed object,Thursday,Dark No street lights,80,2018/05/31,01:00:00,Yes,2.0,1.0,-37.53040155,145.4407789,MURRINDINDI
T20180010521,Dry,Clear,Collision with a fixed object,Monday,Day,100,2018/06/04,10:10:00,No,2.0,2.0,-38.39960529,142.7252995,MOYNE
T20180010524,Dry,Clear,Collision with vehicle,Saturday,Day,100,2018/06/02,10:18:00,No,4.0,1.0,-38.47220066,145.4748071,BASS COAST
T20180010546,Dry,Clear,Collision with vehicle,Monday,Dark Street lights on,50,2018/06/04,18:05:00,Yes,4.0,1.0,-36.37334368,146.3232203,WANGARATTA
T20180010553,Dry,Clear,Collision with vehicle,Sunday,Dark Street lights on,50,2018/06/03,21:35:00,Yes,3.0,1.0,-38.3161766,144.3461941,SURF COAST
T20180010562,Wet,Clear,Collision with vehicle,Tuesday,Dusk/Dawn,110,2018/06/05,06:45:00,No,2.0,2.0,-37.66583089,144.4057902,MOORABOOL
T20180010567,Dry,Clear,Vehicle overturned (no collision),Saturday,Dark No street lights,100,2018/05/19,20:45:00,Yes,3.0,2.0,-37.10676366,142.558879,NORTHERN GRAMPIANS
T20180010568,Wet,Clear,Struck Pedestrian,Tuesday,Day,50,2018/06/05,08:30:00,No,2.0,1.0,-38.14764595,144.3662351,GREATER GEELONG
T20180010581,Dry,Clear,Collision with vehicle,Tuesday,Day,60,2018/06/05,11:30:00,No,2.0,2.0,-36.1132296,146.8931404,WODONGA
T20180010596,Dry,Clear,Collision with vehicle,Tuesday,Day,100,2018/06/05,11:10:00,No,3.0,2.0,-34.71418096,143.10084,SWAN HILL
T20180010602,Unknown,Not known,Collision with vehicle,Tuesday,Day,60,2018/06/05,08:40:00,No,3.0,1.0,-36.73682103,144.3007421,GREATER BENDIGO
T20180010606,Dry,Clear,Collision with vehicle,Tuesday,Day,60,2018/06/05,15:45:00,No,6.0,1.0,-38.16136747,145.9395422,BAW BAW
T20180010611,Wet,Raining,Collision with a fixed object,Tuesday,Day,100,2018/06/05,14:55:00,No,2.0,2.0,-37.73717218,148.0814546,EAST GIPPSLAND
T20180010619,Dry,Clear,No collision and no object struck,Tuesday,Day,100,2018/06/05,16:27:00,No,2.0,2.0,-37.32589058,142.9127311,ARARAT
T20180010630,Dry,Clear,Collision with vehicle,Tuesday,Day,100,2018/06/05,16:35:00,No,2.0,1.0,-36.55178593,146.2749418,WANGARATTA
T20180010634,Dry,Clear,Collision with vehicle,Tuesday,Dark Street lights on,50,2018/06/05,19:47:00,Yes,2.0,1.0,-37.05954709,142.7852731,NORTHERN GRAMPIANS
T20180010635,Dry,Clear,Collision with vehicle,Tuesday,Day,50,2018/06/05,16:45:00,No,2.0,1.0,-37.28816912,144.9494731,MITCHELL
T20180010646,Wet,Raining,No collision and no object struck,Wednesday,Dark No street lights,50,2018/06/06,06:30:00,No,1.0,1.0,-38.48207659,145.2342382,BASS COAST
T20180010656,Dry,Clear,No collision and no object struck,Wednesday,Day,999,2018/06/06,10:00:00,No,1.0,1.0,-38.60385028,143.8346396,COLAC OTWAY
T20180010660,Dry,Clear,Struck Pedestrian,Wednesday,Day,40,2018/06/06,09:50:00,No,2.0,1.0,-34.186299,142.1588488,MILDURA
T20180010669,Dry,Clear,No collision and no object struck,Sunday,Day,100,2018/06/03,12:00:00,No,1.0,1.0,-38.39800205,146.8488441,WELLINGTON
T20180010671,Dry,Clear,No collision and no object struck,Wednesday,Day,100,2018/06/06,11:50:00,No,2.0,1.0,-36.466259,145.3228253,GREATER SHEPPARTON
T20180010673,Dry,Clear,Collision with vehicle,Wednesday,Day,50,2018/06/06,15:00:00,No,3.0,1.0,-34.19146742,142.1632202,MILDURA
T20180010677,Dry,Clear,Collision with vehicle,Tuesday,Dark Street lights on,70,2018/06/05,19:00:00,Yes,2.0,1.0,-38.20490042,144.3405276,GREATER GEELONG
T20180010678,Dry,Clear,Collision with vehicle,Wednesday,Day,50,2018/06/06,15:00:00,No,3.0,1.0,-37.05085048,144.2082667,MOUNT ALEXANDER
T20180010684,Dry,Clear,Collision with vehicle,Wednesday,Day,60,2018/06/06,16:08:00,No,2.0,1.0,-36.73362215,144.2785981,GREATER BENDIGO
T20180010689,Dry,Clear,Collision with vehicle,Wednesday,Day,80,2018/06/06,16:20:00,No,6.0,6.0,-36.40200089,145.4809096,GREATER SHEPPARTON
T20180010694,Dry,Clear,Collision with vehicle,Wednesday,Day,100,2018/06/06,15:50:00,No,3.0,1.0,-36.38251105,144.8377581,CAMPASPE
T20180010696,Dry,Clear,Collision with a fixed object,Wednesday,Dark No street lights,100,2018/06/06,18:15:00,Yes,3.0,3.0,-37.27557839,143.7471028,HEPBURN
T20180010702,Dry,Clear,Collision with vehicle,Wednesday,Dark Street lights on,60,2018/06/06,19:20:00,Yes,2.0,2.0,-38.17866947,144.401515,GREATER GEELONG
T20180010703,Dry,Clear,Struck Pedestrian,Wednesday,Day,60,2018/06/06,16:40:00,No,2.0,1.0,-38.1675403,144.3506287,GREATER GEELONG
T20180010705,Dry,Clear,Vehicle overturned (no collision),Wednesday,Day,100,2018/06/06,14:50:00,No,1.0,1.0,-37.73343869,143.342259,CORANGAMITE
T20180010757,Wet,Raining,Struck animal,Friday,Dark No street lights,100,2018/06/08,04:08:00,Yes,1.0,1.0,-36.46583313,145.2227544,GREATER SHEPPARTON
T20180010759,Dry,Clear,Collision with vehicle,Wednesday,Dusk/Dawn,50,2018/06/06,17:15:00,No,4.0,2.0,-38.25783136,144.5390397,GREATER GEELONG
T20180010768,Dry,Clear,Collision with vehicle,Friday,Day,60,2018/06/08,08:25:00,No,2.0,1.0,-38.16270954,144.3536497,GREATER GEELONG
T20180010787,Dry,Not known,Collision with vehicle,Saturday,Day,60,2018/06/02,14:00:00,Yes,2.0,1.0,-37.00087446,144.2612097,MOUNT ALEXANDER
T20180010799,Wet,Raining,Collision with vehicle,Friday,Day,60,2018/06/08,15:10:00,No,3.0,2.0,-36.74209335,144.3063982,GREATER BENDIGO
T20180010802,Dry,Clear,Struck Pedestrian,Friday,Day,100,2018/06/08,15:55:00,No,2.0,1.0,-37.7874079,147.6503282,EAST GIPPSLAND
T20180010804,Dry,Clear,Collision with vehicle,Friday,Day,60,2018/06/08,17:05:00,Yes,3.0,1.0,-37.60305721,143.8686057,BALLARAT
T20180010807,Wet,Raining,Vehicle overturned (no collision),Friday,Dark No street lights,50,2018/06/08,18:50:00,Yes,1.0,1.0,-37.5884609,143.8854384,BALLARAT
T20180010817,Wet,Raining,Collision with vehicle,Friday,Dark No street lights,60,2018/06/08,18:30:00,Yes,7.0,7.0,-36.44957726,146.4313631,WANGARATTA
T20180010824,Wet,Clear,Collision with a fixed object,Friday,Dark No street lights,100,2018/06/08,19:00:00,Yes,3.0,3.0,-36.52512936,143.9076087,LODDON
T20180010836,Wet,Fog,Collision with a fixed object,Saturday,Dark No street lights,100,2018/06/09,03:00:00,Yes,1.0,1.0,-38.21208418,146.280956,LATROBE
T20180010856,Wet,Clear,Collision with vehicle,Saturday,Day,60,2018/06/09,09:40:00,No,2.0,1.0,-36.81050774,144.3420176,GREATER BENDIGO
T20180010857,Dry,Clear,Collision with a fixed object,Saturday,Day,100,2018/06/09,10:18:00,No,1.0,1.0,-37.96120025,144.4634821,GREATER GEELONG
T20180010862,Dry,Clear,Collision with vehicle,Saturday,Day,60,2018/06/09,14:00:00,Yes,3.0,2.0,-37.41308381,144.9793943,MITCHELL
T20180010864,Dry,Clear,Collision with vehicle,Saturday,Day,50,2018/06/09,14:00:00,Yes,2.0,1.0,-38.41405233,144.1852414,SURF COAST
T20180010866,Dry,Clear,Collision with a fixed object,Saturday,Day,100,2018/06/09,13:07:00,No,1.0,1.0,-37.23568835,142.8287988,ARARAT
T20180010869,Dry,Clear,Collision with vehicle,Saturday,Day,60,2018/06/09,15:00:00,No,6.0,1.0,-37.52824036,143.842471,BALLARAT
T20180010874,Dry,Clear,Collision with a fixed object,Saturday,Day,100,2018/06/09,16:20:00,Yes,1.0,1.0,-38.38701382,143.5040336,COLAC OTWAY
T20180010883,Dry,Clear,Collision with a fixed object,Saturday,Dusk/Dawn,110,2018/06/09,17:32:00,Yes,1.0,1.0,-36.25857971,146.4180195,WANGARATTA
T20180010893,Wet,Fog,Collision with a fixed object,Saturday,Dark No street lights,100,2018/06/09,20:00:00,Yes,3.0,1.0,-38.50469753,146.0044247,SOUTH GIPPSLAND
T20180010895,Dry,Fog,Collision with a fixed object,Saturday,Dark No street lights,100,2018/06/09,20:20:00,Yes,2.0,2.0,-36.44915681,142.5702775,YARRIAMBIACK
T20180010912,Dry,Clear,Other accident,Friday,Dark No street lights,100,2018/06/01,22:20:00,Yes,2.0,1.0,-36.33675205,141.7067497,HINDMARSH
T20180010922,Dry,Clear,Struck Pedestrian,Thursday,Day,60,2018/06/07,09:20:00,No,2.0,2.0,-38.1929305,146.5337104,LATROBE
T20180010925,Dry,Clear,Vehicle overturned (no collision),Sunday,Day,80,2018/06/10,11:35:00,No,1.0,1.0,-36.14051012,147.007201,WODONGA
T20180010936,Dry,Clear,Collision with vehicle,Sunday,Day,80,2018/06/10,15:55:00,No,3.0,3.0,-38.2195883,144.3377407,GREATER GEELONG
T20180010940,Dry,Clear,Vehicle overturned (no collision),Sunday,Dark No street lights,100,2018/06/10,19:59:00,Yes,1.0,1.0,-34.34064525,142.21639,MILDURA
T20180010944,Dry,Clear,Collision with a fixed object,Sunday,Dark No street lights,100,2018/06/10,19:00:00,Yes,1.0,1.0,-37.11259842,142.7195294,NORTHERN GRAMPIANS
T20180010948,Dry,Clear,Collision with vehicle,Monday,Dark Street lights on,70,2018/06/11,01:37:00,Yes,3.0,1.0,-38.14376247,144.3533077,GREATER GEELONG
T20180010955,Wet,Clear,Collision with a fixed object,Saturday,Dark No street lights,100,2018/06/09,17:30:00,Yes,2.0,1.0,-38.58451541,146.0221433,SOUTH GIPPSLAND
T20180010961,Dry,Clear,Vehicle overturned (no collision),Sunday,Day,100,2018/06/10,12:00:00,No,1.0,1.0,-38.30277076,145.634075,SOUTH GIPPSLAND
T20180010969,Dry,Clear,Collision with vehicle,Monday,Day,110,2018/06/11,13:12:00,No,2.0,1.0,-37.49898089,144.9563512,MITCHELL
T20180010970,Dry,Clear,Collision with vehicle,Monday,Day,50,2018/06/11,10:50:00,No,2.0,1.0,-37.47668024,144.5860703,MACEDON RANGES
T20180010974,Dry,Clear,Collision with vehicle,Monday,Day,60,2018/06/11,13:12:00,No,4.0,3.0,-38.16138151,144.3858931,GREATER GEELONG
T20180010980,Dry,Clear,Collision with vehicle,Monday,Day,50,2018/06/11,14:40:00,No,5.0,1.0,-37.55946732,143.8552092,BALLARAT
T20180010981,Dry,Clear,Collision with vehicle,Monday,Day,100,2018/06/11,11:10:00,No,7.0,1.0,-36.86270979,144.7026884,GREATER BENDIGO
T20180010985,Dry,Clear,Vehicle overturned (no collision),Monday,Day,80,2018/06/11,12:30:00,No,1.0,1.0,-38.19168976,146.5561399,LATROBE
T20180010986,Dry,Clear,Collision with vehicle,Monday,Day,100,2018/06/11,13:40:00,No,4.0,3.0,-38.24325857,146.5028095,LATROBE
T20180010987,Dry,Clear,Collision with vehicle,Monday,Day,100,2018/06/11,13:45:00,No,4.0,2.0,-38.15992973,146.5547607,LATROBE
T20180010993,Dry,Clear,Collision with a fixed object,Monday,Day,100,2018/06/11,15:50:00,No,1.0,1.0,-38.34011102,142.101959,MOYNE
T20180010995,Dry,Clear,Vehicle overturned (no collision),Monday,Day,100,2018/06/11,17:00:00,Yes,1.0,1.0,-37.81399265,143.7528184,GOLDEN PLAINS
T20180010999,Dry,Clear,Collision with vehicle,Monday,Day,80,2018/06/11,14:22:00,No,6.0,2.0,-38.17948723,144.4237012,GREATER GEELONG
T20180011006,Wet,Clear,Collision with a fixed object,Friday,Dark Street lights on,50,2018/06/08,20:13:00,Yes,2.0,1.0,-38.19330064,146.5381199,LATROBE
T20180011012,Snowy,Raining,Vehicle overturned (no collision),Tuesday,Dark Street lights on,40,2018/06/12,06:30:00,No,2.0,2.0,-36.98962995,147.1486895,MOUNT HOTHAM ALPINE RESORT (UNINC)
T20180011013,Wet,Raining,Collision with vehicle,Tuesday,Day,60,2018/06/12,08:40:00,No,3.0,1.0,-36.1765779,146.9409956,WODONGA
T20180011014,Wet,Clear,Collision with vehicle,Tuesday,Day,70,2018/06/12,08:20:00,No,2.0,2.0,-36.14045688,144.7349784,CAMPASPE
T20180011018,Dry,Clear,Collision with vehicle,Monday,Day,50,2018/06/04,12:00:00,No,2.0,1.0,-37.82563062,147.6355399,EAST GIPPSLAND
T20180011022,Wet,Raining,Collision with vehicle,Tuesday,Day,50,2018/06/12,08:30:00,No,2.0,1.0,-37.35197,144.14054,HEPBURN
T20180011031,Wet,Raining,Collision with a fixed object,Tuesday,Dark No street lights,60,2018/06/12,06:10:00,No,1.0,1.0,-36.80137824,145.1503409,STRATHBOGIE
T20180011035,Dry,Not known,Collision with a fixed object,Monday,Dark No street lights,100,2018/06/11,21:00:00,Yes,2.0,1.0,-38.09102928,146.6011283,WELLINGTON
T20180011038,Dry,Clear,Collision with vehicle,Tuesday,Day,100,2018/06/12,14:02:00,No,2.0,1.0,-37.42124753,145.0226229,MITCHELL
T20180011039,Dry,Clear,collision with some other object,Tuesday,Day,50,2018/06/12,14:00:00,No,1.0,1.0,-37.58797578,143.8741707,BALLARAT
T20180011041,Wet,Clear,Collision with vehicle,Tuesday,Day,50,2018/06/12,15:00:00,No,2.0,1.0,-37.28366245,142.9258482,ARARAT
T20180011055,Unknown,Clear,Collision with a fixed object,Tuesday,Day,100,2018/06/12,12:45:00,No,1.0,1.0,-38.08882213,145.8758891,BAW BAW
T20180011057,Wet,Raining,Collision with vehicle,Tuesday,Day,60,2018/06/12,08:45:00,No,2.0,1.0,-38.38329529,142.5174101,WARRNAMBOOL
T20180011060,Wet,Clear,Collision with a fixed object,Tuesday,Dark Street lights on,60,2018/06/12,18:30:00,Yes,1.0,1.0,-35.81126322,144.2142401,GANNAWARRA
T20180011061,Wet,Raining,Collision with a fixed object,Tuesday,Dark No street lights,80,2018/06/12,19:10:00,Yes,1.0,1.0,-38.31717205,142.4791585,WARRNAMBOOL
T20180011076,Dry,Clear,No collision and no object struck,Monday,Day,50,2018/04/09,07:50:00,No,1.0,1.0,-36.75156253,144.281172,GREATER BENDIGO
T20180011082,Dry,Not known,Collision with a fixed object,Wednesday,Dark No street lights,100,2018/05/23,05:30:00,Yes,1.0,1.0,-38.07500824,146.1710258,BAW BAW
T20180011083,Unknown,Not known,Struck Pedestrian,Thursday,Day,40,2018/03/29,14:00:00,No,1.0,1.0,-38.14875294,144.3578087,GREATER GEELONG
T20180011086,Dry,Clear,Vehicle overturned (no collision),Wednesday,Day,999,2018/06/13,09:40:00,No,1.0,1.0,-37.68401518,148.4564611,EAST GIPPSLAND
T20180011088,Dry,Clear,Collision with a fixed object,Wednesday,Day,80,2018/06/13,09:00:00,No,1.0,1.0,-37.6201967,143.6435101,PYRENEES
T20180011092,Dry,Clear,Collision with a fixed object,Tuesday,Dusk/Dawn,100,2018/06/05,17:45:00,No,1.0,1.0,-36.15719067,146.2717763,WANGARATTA
T20180011098,Dry,Clear,Vehicle overturned (no collision),Wednesday,Day,100,2017/02/08,17:00:00,No,1.0,1.0,-36.16925,145.0055293,CAMPASPE
T20180011123,Wet,Clear,Collision with vehicle,Wednesday,Day,100,2018/06/13,15:30:00,No,7.0,3.0,-37.46255121,143.8533811,HEPBURN
T20180011128,Wet,Raining,Collision with a fixed object,Wednesday,Dark Street lights on,100,2018/06/13,19:45:00,Yes,1.0,1.0,-37.44809987,144.981488,MITCHELL
T20180011131,Wet,Clear,Collision with vehicle,Wednesday,Dark Street lights unknown,50,2018/06/13,18:32:00,Yes,2.0,1.0,-38.09877389,144.3365887,GREATER GEELONG
T20180011159,Wet,Clear,Collision with a fixed object,Monday,Day,100,2018/05/14,13:45:00,No,2.0,1.0,-37.58740333,148.0280512,EAST GIPPSLAND
T20180011162,Dry,Clear,Collision with a fixed object,Thursday,Day,60,2018/06/14,10:40:00,No,3.0,2.0,-36.41058006,143.6090686,LODDON
T20180011163,Unknown,Clear,Collision with vehicle,Saturday,Day,999,2018/06/09,16:30:00,Yes,2.0,1.0,-38.56081421,146.2139813,SOUTH GIPPSLAND
T20180011183,Wet,Raining,Struck Pedestrian,Thursday,Dark Street lights on,50,2018/06/14,18:28:00,Yes,2.0,1.0,-38.33947776,143.5923676,COLAC OTWAY
T20180011187,Wet,Raining,Collision with a fixed object,Thursday,Dark No street lights,60,2018/06/14,17:30:00,No,1.0,1.0,-37.23991954,145.8991914,MURRINDINDI
T20180011191,Wet,Raining,Collision with a fixed object,Thursday,Dark No street lights,100,2018/06/14,18:25:00,Yes,1.0,1.0,-36.24990937,146.8211719,WODONGA
T20180011192,Wet,Not known,Collision with vehicle,Thursday,Dark Street lights on,50,2018/06/14,18:34:00,Yes,3.0,3.0,-37.35069125,144.7430122,MACEDON RANGES
T20180011193,Dry,Clear,Collision with vehicle,Monday,Day,100,2018/06/04,13:30:00,No,2.0,2.0,-37.32509002,144.9569159,MITCHELL
T20180011195,Wet,Raining,Fall from or in moving vehicle,Thursday,Dark No street lights,100,2018/06/14,19:55:00,Yes,2.0,1.0,-38.36826856,142.1520334,MOYNE
T20180011217,Wet,Raining,Collision with vehicle,Friday,Day,60,2018/06/15,10:40:00,No,2.0,1.0,-38.33789362,141.6014874,GLENELG
T20180011218,Wet,Raining,Collision with a fixed object,Thursday,Day,100,2018/06/14,07:20:00,No,1.0,1.0,-37.31085945,143.7839039,HEPBURN
T20180011219,Wet,Raining,Collision with a fixed object,Friday,Day,80,2018/06/15,08:27:00,No,2.0,2.0,-38.41079935,141.5430877,GLENELG
T20180011227,Wet,Raining,Collision with vehicle,Thursday,Dark No street lights,60,2018/06/14,18:00:00,Yes,3.0,1.0,-37.4264563,143.3586634,PYRENEES
T20180011229,Dry,Clear,Collision with vehicle,Friday,Day,60,2018/06/15,14:25:00,No,1.0,1.0,-37.07553888,144.2417708,MOUNT ALEXANDER
T20180011249,Wet,Raining,Collision with vehicle,Friday,Dark No street lights,80,2018/06/15,17:55:00,Yes,3.0,3.0,-38.31078673,144.2834288,SURF COAST
T20180011254,Dry,Clear,Struck animal,Friday,Dark No street lights,100,2018/06/15,20:40:00,Yes,1.0,1.0,-36.27070086,145.4614314,GREATER SHEPPARTON
T20180011270,Unknown,Not known,Struck animal,Saturday,Dark No street lights,100,2018/06/02,22:30:00,Yes,1.0,1.0,-38.74091741,145.8945166,SOUTH GIPPSLAND
T20180011285,Wet,Clear,Collision with a fixed object,Saturday,Day,100,2018/06/16,14:20:00,Yes,1.0,1.0,-37.33395961,144.5863567,MACEDON RANGES
T20180011288,Wet,Raining,Collision with vehicle,Friday,Dark Street lights on,50,2018/06/15,20:30:00,Yes,1.0,1.0,-37.29127823,144.9499491,MITCHELL
T20180011290,Wet,Raining,Collision with a fixed object,Saturday,Day,100,2018/06/16,13:00:00,No,3.0,1.0,-37.27263814,142.8943605,ARARAT
T20180011292,Dry,Clear,Collision with vehicle,Saturday,Day,60,2018/06/16,16:30:00,Yes,3.0,1.0,-36.14025953,144.7553849,CAMPASPE
T20180011297,Wet,Clear,Collision with vehicle,Saturday,Dark Street lights on,50,2018/06/16,18:50:00,Yes,3.0,1.0,-38.15564549,144.3738597,GREATER GEELONG
T20180011301,Wet,Clear,Collision with vehicle,Saturday,Dark Street lights on,80,2018/06/16,19:00:00,Yes,2.0,1.0,-36.95566558,144.2358899,MOUNT ALEXANDER
T20180011307,Wet,Raining,Collision with a fixed object,Saturday,Dark No street lights,100,2018/06/16,19:50:00,Yes,4.0,2.0,-36.47085555,147.2885472,TOWONG
T20180011312,Wet,Raining,Vehicle overturned (no collision),Sunday,Dark Street lights on,60,2018/06/17,00:05:00,Yes,1.0,1.0,-36.73375193,146.9655773,ALPINE
T20180011343,Wet,Raining,Collision with a fixed object,Sunday,Day,100,2018/06/17,12:50:00,No,2.0,2.0,-37.91739008,146.999531,WELLINGTON
T20180011354,Wet,Raining,Collision with a fixed object,Sunday,Day,100,2018/06/17,15:10:00,No,1.0,1.0,-36.47870022,146.5424393,WANGARATTA
T20180011356,Wet,Clear,No collision and no object struck,Tuesday,Day,999,2018/05/15,10:30:00,No,1.0,1.0,-37.44790112,145.4394074,MURRINDINDI
T20180011359,Wet,Raining,Collision with vehicle,Wednesday,Day,60,2018/06/13,15:45:00,No,2.0,2.0,-37.4121973,143.8909774,HEPBURN
T20180011391,Unknown,Not known,Collision with a fixed object,Sunday,Dark No street lights,100,2018/06/17,20:30:00,Yes,1.0,1.0,-37.87374279,142.1927428,SOUTHERN GRAMPIANS
T20180011412,Dry,Clear,Collision with vehicle,Monday,Day,100,2018/06/18,14:20:00,No,2.0,1.0,-37.44717907,143.7514912,BALLARAT
T20180011420,Dry,Clear,Struck Pedestrian,Monday,Day,50,2018/06/18,16:30:00,Yes,2.0,1.0,-36.71865249,144.2536985,GREATER BENDIGO
T20180011427,Dry,Clear,Struck Pedestrian,Monday,Day,50,2018/06/18,15:35:00,No,2.0,1.0,-38.16600979,144.4090582,GREATER GEELONG