Accident_No,Surface_Cond_Desc,Atmosph_Cond_Desc,Accident_Type_Desc,Day,Light_Condition_Desc,Speed_Zone,Accident_Date,Accident_Time,Alcohol_Influence,Total_Persons_Inv,Inj_Or_Fatal,Lat,Long,LGA
T20180011440,Dry,Clear,Collision with a fixed object,Monday,Dark No street lights,100,2018/06/18,23:42:00,Yes,1.0,1.0,-37.13861113,143.5114889,PYRENEES
T20180011458,Dry,Clear,Struck Pedestrian,Tuesday,Dark No street lights,50,2018/06/19,06:25:00,No,2.0,1.0,-38.14764595,144.3662351,GREATER GEELONG
T20180011459,Dry,Clear,Collision with vehicle,Tuesday,Day,50,2018/06/19,11:00:00,No,4.0,2.0,-38.15972281,144.3635019,GREATER GEELONG
T20180011462,Dry,Clear,Collision with vehicle,Tuesday,Day,60,2018/06/19,08:00:00,No,2.0,1.0,-37.5592765,143.8644583,BALLARAT
T20180011478,Wet,Not known,Collision with a fixed object,Monday,Day,999,2018/06/18,16:30:00,No,1.0,1.0,-38.09560006,146.3088134,BAW BAW
T20180011494,Dry,Clear,Collision with vehicle,Tuesday,Day,100,2018/06/19,14:50:00,No,2.0,2.0,-38.26543915,144.4454261,GREATER GEELONG
T20180011503,Dry,Clear,Collision with vehicle,Tuesday,Dark Street lights on,60,2018/06/19,17:46:00,No,2.0,1.0,-37.83869901,147.6098178,EAST GIPPSLAND
T20180011523,Dry,Clear,Collision with vehicle,Wednesday,Dark Street lights on,60,2018/06/20,06:05:00,No,2.0,1.0,-38.16475566,145.9351477,BAW BAW
T20180011528,Wet,Clear,No collision and no object struck,Sunday,Day,60,2018/06/10,10:00:00,Yes,1.0,1.0,-37.15196989,145.2106104,MITCHELL
T20180011550,Dry,Clear,Collision with a fixed object,Wednesday,Dusk/Dawn,60,2018/06/20,07:55:00,No,1.0,1.0,-37.58918958,143.5634873,PYRENEES
T20180011565,Wet,Clear,Collision with a fixed object,Wednesday,Day,100,2018/06/20,15:30:00,No,2.0,2.0,-37.36987349,144.5853899,MACEDON RANGES
T20180011575,Dry,Clear,Collision with a fixed object,Wednesday,Day,100,2018/06/20,16:45:00,No,2.0,1.0,-37.59810986,143.77389,GOLDEN PLAINS
T20180011585,Dry,Clear,Collision with vehicle,Thursday,Dusk/Dawn,50,2018/06/21,07:15:00,No,2.0,1.0,-38.18135217,144.3911596,GREATER GEELONG
T20180011589,Dry,Clear,Collision with vehicle,Thursday,Dusk/Dawn,80,2018/06/21,07:24:00,No,2.0,1.0,-36.34758462,145.4022597,GREATER SHEPPARTON
T20180011592,Dry,Clear,Collision with vehicle,Thursday,Day,60,2018/06/21,09:00:00,No,3.0,1.0,-37.57722974,143.8091676,BALLARAT
T20180011610,Dry,Clear,Collision with vehicle,Thursday,Day,60,2018/06/21,12:00:00,No,2.0,2.0,-37.56139395,143.8279323,BALLARAT
T20180011616,Dry,Clear,Collision with vehicle,Thursday,Day,60,2018/06/21,14:10:00,No,2.0,1.0,-38.16231781,145.9270382,BAW BAW
T20180011621,Dry,Clear,Collision with vehicle,Thursday,Day,60,2018/06/21,13:40:00,No,2.0,1.0,-36.35946097,145.4310689,GREATER SHEPPARTON
T20180011625,Dry,Clear,Vehicle overturned (no collision),Thursday,Day,100,2018/06/21,14:06:00,No,1.0,1.0,-38.2127395,142.1996093,MOYNE
T20180011628,Dry,Clear,Collision with vehicle,Thursday,Day,50,2018/06/21,15:30:00,No,2.0,1.0,-37.5441263,143.7865984,BALLARAT
T20180011636,Dry,Clear,Collision with vehicle,Thursday,Day,80,2018/06/21,16:35:00,No,2.0,1.0,-37.42548821,143.720592,BALLARAT
T20180011650,Dry,Clear,Collision with vehicle,Thursday,Dark Street lights on,70,2018/06/21,20:42:00,Yes,2.0,1.0,-38.1890622,144.4643233,GREATER GEELONG
T20180011652,Unknown,Not known,Collision with a fixed object,Saturday,Dark Street lights unknown,999,2018/05/26,01:00:00,Yes,1.0,1.0,-34.25758155,142.20555,MILDURA
T20180011656,Dry,Clear,Collision with a fixed object,Thursday,Dark No street lights,100,2018/06/21,20:54:00,Yes,1.0,1.0,-36.94986589,142.5721936,NORTHERN GRAMPIANS
T20180011657,Dry,Clear,Collision with a fixed object,Thursday,Dark No street lights,100,2018/06/21,20:05:00,Yes,1.0,1.0,-36.94234999,145.9981875,MANSFIELD
T20180011664,Dry,Not known,Collision with vehicle,Wednesday,Day,50,2018/06/20,17:15:00,No,2.0,1.0,-37.56092213,143.8474373,BALLARAT
T20180011672,Unknown,Not known,Collision with vehicle,Wednesday,Day,50,2018/05/30,11:00:00,No,2.0,1.0,-37.56093986,143.845939,BALLARAT
T20180011685,Dry,Clear,Collision with a fixed object,Thursday,Dark No street lights,100,2018/06/21,21:05:00,Yes,1.0,1.0,-37.8493902,144.234128,GREATER GEELONG
T20180011690,Dry,Not known,Collision with vehicle,Tuesday,Day,50,2018/06/19,12:40:00,No,2.0,1.0,-37.52482947,143.8321256,BALLARAT
T20180011692,Dry,Clear,Collision with a fixed object,Thursday,Dark Street lights on,60,2018/06/21,22:18:00,Yes,1.0,1.0,-38.11093452,147.0812557,WELLINGTON
T20180011708,Dry,Fog,Vehicle overturned (no collision),Friday,Dark No street lights,100,2018/06/22,07:00:00,No,2.0,1.0,-35.98433957,145.2039073,MOIRA
T20180011709,Dry,Clear,Collision with vehicle,Friday,Day,60,2018/06/22,15:29:00,No,2.0,1.0,-37.28546747,142.94712,ARARAT
T20180011716,Dry,Not known,Collision with vehicle,Friday,Day,50,2018/06/22,14:40:00,No,4.0,1.0,-38.16651394,144.3855892,GREATER GEELONG
T20180011730,Dry,Fog,Collision with a fixed object,Friday,Dark No street lights,100,2018/06/22,19:45:00,Yes,4.0,4.0,-36.25066892,148.0303579,TOWONG
T20180011744,Dry,Clear,Vehicle overturned (no collision),Saturday,Day,100,2018/06/23,09:00:00,No,1.0,1.0,-36.51749968,146.3802836,WANGARATTA
T20180011746,Icy,Fog,Vehicle overturned (no collision),Saturday,Dark No street lights,100,2018/06/23,01:05:00,Yes,1.0,1.0,-36.85920108,147.0729031,ALPINE
T20180011747,Dry,Clear,Struck Pedestrian,Saturday,Day,999,2018/06/23,10:57:00,No,2.0,1.0,-36.61877086,143.2567283,NORTHERN GRAMPIANS
T20180011752,Dry,Clear,Collision with vehicle,Wednesday,Day,50,2018/06/20,16:25:00,No,2.0,1.0,-37.60269987,143.8632106,BALLARAT
T20180011757,Dry,Clear,Collision with vehicle,Friday,Day,100,2018/06/22,16:00:00,Yes,2.0,1.0,-37.84384572,142.2624868,SOUTHERN GRAMPIANS
T20180011758,Dry,Clear,Collision with vehicle,Saturday,Day,60,2018/06/23,12:40:00,No,2.0,1.0,-36.75924004,144.3174343,GREATER BENDIGO
T20180011762,Wet,Raining,Collision with vehicle,Saturday,Day,100,2018/06/23,13:15:00,No,3.0,1.0,-38.16420027,145.889433,BAW BAW
T20180011765,Dry,Clear,Collision with a fixed object,Saturday,Day,110,2018/06/23,13:50:00,No,1.0,1.0,-37.44159865,144.5562216,MACEDON RANGES
T20180011771,Wet,Raining,Collision with vehicle,Wednesday,Unknown,60,2018/06/13,15:15:00,No,2.0,1.0,-36.7577772,144.2692477,GREATER BENDIGO
T20180011795,Wet,Raining,Collision with vehicle,Saturday,Dark Street lights on,60,2018/06/23,23:05:00,Yes,2.0,1.0,-37.55937259,143.8552267,BALLARAT
T20180011798,Dry,Clear,Collision with vehicle,Saturday,Dark Street lights on,50,2018/06/23,20:50:00,Yes,1.0,1.0,-38.13297002,144.3227268,GREATER GEELONG
T20180011802,Dry,Clear,Collision with vehicle,Sunday,Dark Street lights on,70,2018/06/24,01:15:00,No,4.0,1.0,-38.2008096,144.3120809,GREATER GEELONG
T20180011803,Dry,Clear,Collision with a fixed object,Sunday,Dark Street lights on,70,2018/06/24,02:05:00,Yes,1.0,1.0,-38.18879689,144.3567346,GREATER GEELONG
T20180011808,Icy,Not known,Collision with a fixed object,Sunday,Dark Street lights unknown,100,2018/06/24,06:00:00,Yes,1.0,1.0,-37.25575995,144.44136,MACEDON RANGES
T20180011812,Dry,Clear,Collision with a fixed object,Sunday,Dark No street lights,100,2018/06/24,05:30:00,Yes,2.0,2.0,-38.14122675,144.2945336,GREATER GEELONG
T20180011816,Dry,Clear,Collision with a fixed object,Sunday,Dark No street lights,100,2018/06/24,05:00:00,Yes,1.0,1.0,-37.92521051,143.3581845,CORANGAMITE
T20180011830,Dry,Clear,Collision with vehicle,Sunday,Day,100,2018/06/24,13:50:00,No,6.0,1.0,-36.12575958,144.8501749,CAMPASPE
T20180011841,Dry,Clear,Collision with a fixed object,Sunday,Dark No street lights,100,2018/06/24,17:30:00,Yes,5.0,1.0,-36.80456025,144.17356,GREATER BENDIGO
T20180011861,Dry,Clear,Collision with a fixed object,Monday,Dark No street lights,100,2018/06/25,00:40:00,Yes,1.0,1.0,-37.65201295,143.1994542,PYRENEES
T20180011863,Dry,Clear,Collision with a fixed object,Monday,Dark No street lights,100,2018/06/25,00:55:00,Yes,1.0,1.0,-37.10969833,142.8066899,NORTHERN GRAMPIANS
T20180011871,Dry,Clear,Struck Pedestrian,Monday,Day,60,2018/06/25,10:00:00,No,2.0,1.0,-37.53248776,143.8257604,BALLARAT
T20180011887,Dry,Clear,Collision with vehicle,Monday,Day,60,2018/06/25,11:50:00,No,3.0,2.0,-36.10224695,146.8255038,WODONGA
T20180011893,Dry,Clear,Collision with vehicle,Monday,Day,100,2018/06/25,13:45:00,No,2.0,2.0,-36.23912032,145.53162,GREATER SHEPPARTON
T20180011896,Dry,Clear,Collision with vehicle,Monday,Day,50,2018/06/25,15:01:00,No,2.0,2.0,-34.18312316,142.1567565,MILDURA
T20180011897,Dry,Clear,Collision with vehicle,Saturday,Day,60,2018/05/12,11:00:00,No,2.0,2.0,-37.28260097,144.9498213,MITCHELL
T20180011899,Dry,Not known,Collision with a fixed object,Monday,Day,60,2018/06/25,09:30:00,No,1.0,1.0,-37.55440183,144.6536002,MACEDON RANGES
T20180011903,Dry,Clear,Collision with a fixed object,Monday,Day,80,2018/06/25,15:40:00,No,1.0,1.0,-38.34592438,142.3074008,MOYNE
T20180011908,Dry,Clear,Collision with a fixed object,Monday,Day,60,2018/06/25,16:30:00,No,2.0,1.0,-37.56073905,143.845981,BALLARAT
T20180011914,Dry,Clear,No collision and no object struck,Sunday,Dark No street lights,100,2018/04/01,04:30:00,No,1.0,1.0,-36.17885791,144.9813116,CAMPASPE
T20180011915,Dry,Clear,Collision with a fixed object,Monday,Dusk/Dawn,50,2018/06/25,17:00:00,No,1.0,1.0,-37.17175845,142.8988795,NORTHERN GRAMPIANS
T20180011921,Dry,Clear,Struck animal,Monday,Day,100,2018/06/25,08:00:00,No,1.0,1.0,-37.02183811,144.86999,MITCHELL
T20180011923,Dry,Clear,Collision with a fixed object,Monday,Dark No street lights,100,2018/06/25,18:34:00,Yes,1.0,1.0,-38.02296971,144.4471898,GREATER GEELONG
T20180011925,Dry,Clear,Vehicle overturned (no collision),Monday,Dark No street lights,100,2018/06/25,19:55:00,Yes,1.0,1.0,-35.92836035,145.22447,MOIRA
T20180011931,Dry,Clear,Collision with a fixed object,Monday,Dark No street lights,80,2018/06/25,19:30:00,Yes,1.0,1.0,-36.44079556,145.44973,GREATER SHEPPARTON
T20180011933,Dry,Clear,Collision with vehicle,Monday,Dark Street lights on,60,2018/06/25,18:25:00,Yes,2.0,1.0,-38.23846279,146.4047481,LATROBE
T20180011939,Dry,Clear,Collision with a fixed object,Monday,Dark No street lights,80,2018/06/25,22:34:00,Yes,1.0,1.0,-37.03454318,143.7933495,CENTRAL GOLDFIELDS
T20180011970,Unknown,Clear,Collision with a fixed object,Monday,Dusk/Dawn,100,2018/06/25,16:50:00,No,1.0,1.0,-38.1995369,142.7641791,MOYNE
T20180011974,Dry,Clear,Collision with vehicle,Tuesday,Day,100,2018/06/26,13:10:00,No,3.0,2.0,-37.22015101,144.4166664,MACEDON RANGES
T20180011977,Wet,Clear,Vehicle overturned (no collision),Saturday,Day,100,2018/06/23,15:00:00,Yes,1.0,1.0,-37.9741247,146.4409478,BAW BAW
T20180011979,Dry,Clear,Collision with a fixed object,Tuesday,Day,60,2018/06/26,13:50:00,No,1.0,1.0,-38.07865003,144.3353603,GREATER GEELONG
T20180011993,Dry,Clear,Struck Pedestrian,Tuesday,Day,50,2018/06/26,15:35:00,No,2.0,1.0,-38.16591654,144.3923482,GREATER GEELONG
T20180011995,Icy,Clear,Struck Pedestrian,Tuesday,Dark Street lights on,60,2018/06/26,17:35:00,No,3.0,1.0,-36.11754157,146.8838797,WODONGA
T20180012003,Dry,Clear,Collision with a fixed object,Tuesday,Day,100,2018/06/26,16:00:00,No,1.0,1.0,-38.35356131,142.6527808,MOYNE
T20180012012,Dry,Clear,Collision with vehicle,Tuesday,Day,60,2018/06/26,16:40:00,No,2.0,2.0,-37.5384037,143.8351025,BALLARAT
T20180012014,Dry,Clear,Collision with a fixed object,Tuesday,Dark Street lights on,50,2018/06/26,19:40:00,Yes,1.0,1.0,-38.27248916,144.6136914,QUEENSCLIFFE
T20180012020,Dry,Clear,Collision with a fixed object,Tuesday,Dark No street lights,100,2018/06/26,20:38:00,Yes,1.0,1.0,-37.53509593,144.4739315,MACEDON RANGES
T20180012023,Wet,Raining,Collision with vehicle,Saturday,Dark Street lights on,60,2018/06/23,17:30:00,Yes,2.0,1.0,-37.30682511,144.9501949,MITCHELL
T20180012029,Dry,Clear,Struck animal,Wednesday,Dark No street lights,100,2018/06/27,06:30:00,No,1.0,1.0,-36.35483584,146.3464128,WANGARATTA
T20180012031,Dry,Clear,Vehicle overturned (no collision),Tuesday,Day,100,2018/06/26,15:45:00,No,1.0,1.0,-37.52919213,147.8435956,EAST GIPPSLAND
T20180012039,Dry,Fog,Collision with vehicle,Wednesday,Day,60,2018/06/27,09:49:00,No,3.0,1.0,-38.07718635,144.3584755,GREATER GEELONG
T20180012057,Dry,Clear,Collision with vehicle,Wednesday,Day,60,2018/06/27,13:40:00,No,5.0,2.0,-38.17397694,146.2707506,LATROBE
T20180012062,Dry,Clear,Collision with a fixed object,Monday,Day,100,2018/06/25,11:00:00,No,1.0,1.0,-38.45302633,143.0908402,CORANGAMITE
T20180012064,Dry,Clear,Collision with vehicle,Wednesday,Day,50,2018/06/27,15:15:00,No,3.0,1.0,-37.47317007,144.9745447,MITCHELL
T20180012065,Dry,Clear,Collision with a fixed object,Wednesday,Day,100,2018/06/27,14:15:00,No,1.0,1.0,-37.34473464,144.6966201,MACEDON RANGES
T20180012067,Dry,Clear,Collision with a fixed object,Wednesday,Day,80,2018/06/27,15:21:00,No,1.0,1.0,-38.01777988,144.039759,GOLDEN PLAINS
T20180012072,Dry,Clear,Collision with vehicle,Tuesday,Day,80,2018/06/12,12:30:00,No,3.0,1.0,-38.09143545,144.3563663,GREATER GEELONG
T20180012076,Dry,Clear,Collision with vehicle,Wednesday,Day,100,2018/06/27,13:48:00,No,2.0,2.0,-35.98438439,145.4784023,MOIRA
T20180012080,Dry,Clear,Collision with vehicle,Wednesday,Dark Street lights on,60,2018/06/27,19:10:00,Yes,4.0,3.0,-37.56036571,143.8429334,BALLARAT
T20180012087,Wet,Raining,Collision with vehicle,Thursday,Dark Street lights on,60,2018/06/28,03:40:00,Yes,2.0,1.0,-36.36698059,146.3231942,WANGARATTA
T20180012089,Dry,Clear,Collision with vehicle,Thursday,Dark Street lights on,80,2018/06/28,06:41:00,No,2.0,2.0,-38.23398959,144.3352265,GREATER GEELONG
T20180012100,Dry,Clear,Collision with vehicle,Thursday,Day,50,2018/06/28,09:00:00,No,1.0,1.0,-37.481579,144.5903587,MACEDON RANGES
T20180012105,Dry,Clear,Collision with vehicle,Monday,Dark Street lights on,60,2018/06/18,06:23:00,No,5.0,2.0,-36.76347183,144.2705802,GREATER BENDIGO
T20180012117,Dry,Clear,Collision with vehicle,Thursday,Day,60,2018/06/28,14:09:00,No,2.0,2.0,-37.52089428,143.8257443,BALLARAT
T20180012120,Dry,Clear,Collision with vehicle,Monday,Day,100,2018/04/02,14:40:00,No,2.0,1.0,-36.97471705,144.7183771,GREATER BENDIGO
T20180012121,Dry,Clear,Collision with vehicle,Thursday,Day,80,2018/06/28,12:49:00,No,3.0,2.0,-38.0988486,144.3552524,GREATER GEELONG
T20180012139,Dry,Clear,Collision with vehicle,Thursday,Dark Street lights on,60,2018/06/28,18:20:00,Yes,2.0,1.0,-37.04171601,143.7396224,CENTRAL GOLDFIELDS
T20180012144,Unknown,Not known,Vehicle overturned (no collision),Sunday,Day,999,2018/06/24,09:00:00,Yes,1.0,1.0,-37.70972038,147.6155785,EAST GIPPSLAND
T20180012150,Dry,Fog,Collision with a fixed object,Thursday,Dark Street lights on,50,2018/06/28,21:45:00,Yes,3.0,3.0,-38.01905787,144.3903175,GREATER GEELONG
T20180012153,Dry,Fog,Collision with a fixed object,Thursday,Dark No street lights,100,2018/06/28,23:18:00,Yes,3.0,1.0,-38.63137658,145.8014273,BASS COAST
T20180012160,Wet,Raining,Struck animal,Friday,Dusk/Dawn,100,2018/06/29,07:25:00,No,1.0,1.0,-37.38546006,145.0295006,MITCHELL
T20180012179,Wet,Raining,Vehicle overturned (no collision),Friday,Day,999,2018/06/08,12:10:00,No,1.0,1.0,-36.7220197,146.9226569,ALPINE
T20180012190,Wet,Clear,Vehicle overturned (no collision),Friday,Day,100,2018/06/29,07:30:00,No,1.0,1.0,-36.98528337,145.1429501,MITCHELL
T20180012206,Unknown,Not known,Struck Pedestrian,Wednesday,Day,50,2018/06/27,08:00:00,No,2.0,1.0,-38.36758195,141.6140334,GLENELG
T20180012208,Dry,Clear,Collision with vehicle,Friday,Dark Street lights on,50,2018/06/29,17:56:00,No,4.0,2.0,-38.18111527,144.3564857,GREATER GEELONG
T20180012223,Unknown,Not known,Collision with a fixed object,Saturday,Dark No street lights,100,2018/02/24,04:00:00,Yes,1.0,1.0,-35.39701328,143.553803,SWAN HILL
T20180012237,Wet,Raining,Collision with vehicle,Saturday,Day,70,2018/06/30,08:40:00,No,3.0,1.0,-37.55568786,143.819036,BALLARAT
T20180012261,Dry,Clear,Collision with vehicle,Saturday,Day,100,2018/06/30,12:40:00,No,5.0,1.0,-36.44009451,145.2859,GREATER SHEPPARTON
T20180012262,Wet,Raining,Vehicle overturned (no collision),Saturday,Day,100,2018/06/30,13:10:00,No,3.0,2.0,-36.67390993,146.4221598,WANGARATTA
T20180012263,Dry,Clear,Collision with vehicle,Saturday,Day,70,2018/06/30,13:05:00,No,5.0,3.0,-38.19825219,144.3164321,GREATER GEELONG
T20180012273,Dry,Clear,collision with some other object,Saturday,Day,60,2018/06/30,13:00:00,No,1.0,1.0,-37.32966068,148.7001868,EAST GIPPSLAND
T20180012291,Wet,Clear,Collision with vehicle,Saturday,Dark Street lights unknown,100,2018/06/30,18:15:00,Yes,4.0,3.0,-37.92983512,141.2234793,GLENELG
T20180012303,Wet,Clear,Collision with a fixed object,Sunday,Dark No street lights,40,2018/07/01,01:50:00,No,2.0,2.0,-37.65823981,141.5205628,GLENELG
T20180012304,Dry,Clear,Collision with a fixed object,Saturday,Dark Street lights unknown,50,2018/06/30,21:00:00,Yes,1.0,1.0,-37.55371366,143.8619424,BALLARAT
T20180012305,Icy,Fog,Collision with a fixed object,Sunday,Day,100,2018/07/01,08:26:00,Yes,1.0,1.0,-36.24930067,143.9610663,LODDON
T20180012312,Wet,Clear,Collision with a fixed object,Sunday,Day,100,2018/07/01,07:40:00,Yes,2.0,1.0,-38.57416913,143.1896837,CORANGAMITE
T20180012321,Dry,Clear,Collision with vehicle,Sunday,Day,50,2018/07/01,11:58:00,No,1.0,1.0,-38.34641342,143.5872494,COLAC OTWAY
T20180012331,Dry,Clear,Collision with a fixed object,Sunday,Day,80,2018/07/01,14:30:00,No,1.0,1.0,-37.30502036,142.7471003,ARARAT
T20180012338,Dry,Clear,Collision with a fixed object,Sunday,Day,100,2018/07/01,15:50:00,No,2.0,2.0,-36.63022757,146.1593115,BENALLA
T20180012341,Dry,Clear,Collision with vehicle,Sunday,Day,100,2018/07/01,16:00:00,Yes,6.0,4.0,-38.41106837,146.2079507,SOUTH GIPPSLAND
T20180012350,Dry,Clear,Collision with a fixed object,Friday,Dark No street lights,100,2018/06/29,18:55:00,Yes,1.0,1.0,-37.01781937,144.2717815,MOUNT ALEXANDER
T20180012358,Icy,Fog,Vehicle overturned (no collision),Sunday,Day,100,2018/07/01,09:00:00,Yes,1.0,1.0,-37.36664361,144.2871586,HEPBURN
T20180012365,Dry,Fog,Collision with a fixed object,Sunday,Dark No street lights,100,2018/07/01,21:21:00,Yes,1.0,1.0,-36.49894195,145.3479257,GREATER SHEPPARTON
T20180012377,Dry,Clear,Struck Pedestrian,Monday,Dark Street lights on,50,2018/07/02,07:00:00,No,2.0,2.0,-38.14470082,144.3570463,GREATER GEELONG
T20180012378,Wet,Clear,Struck animal,Sunday,Day,100,2018/07/01,08:45:00,No,2.0,2.0,-37.10876906,146.332188,MANSFIELD
T20180012379,Dry,Clear,Collision with a fixed object,Monday,Dusk/Dawn,100,2018/07/02,06:35:00,Yes,2.0,1.0,-37.04185123,142.9680961,NORTHERN GRAMPIANS
T20180012385,Dry,Clear,collision with some other object,Sunday,Day,50,2018/06/24,14:00:00,No,1.0,1.0,-37.18166993,145.235292,MURRINDINDI
T20180012394,Dry,Clear,Collision with vehicle,Monday,Day,80,2018/07/02,11:30:00,No,7.0,1.0,-37.51841025,143.844401,BALLARAT
T20180012395,Dry,Clear,Collision with vehicle,Monday,Day,999,2018/07/02,11:45:00,No,3.0,1.0,-38.40325953,142.4756391,WARRNAMBOOL
T20180012397,Unknown,Not known,Collision with vehicle,Monday,Day,100,2018/06/25,16:00:00,Yes,2.0,1.0,-38.56115735,145.5146222,BASS COAST
T20180012406,Dry,Clear,Collision with vehicle,Monday,Day,50,2018/07/02,08:59:00,Yes,1.0,1.0,-38.1617291,144.3756783,GREATER GEELONG
T20180012421,Dry,Clear,Collision with a fixed object,Monday,Day,999,2018/07/02,09:30:00,Yes,1.0,1.0,-37.46078094,145.4338439,MURRINDINDI
T20180012423,Dry,Clear,Collision with vehicle,Monday,Day,80,2018/07/02,16:30:00,No,4.0,2.0,-38.08315568,144.2591994,GOLDEN PLAINS
T20180012427,Dry,Clear,Collision with vehicle,Monday,Day,60,2018/07/02,16:00:00,No,2.0,1.0,-37.56432227,143.8406318,BALLARAT
T20180012432,Dry,Clear,Collision with vehicle,Sunday,Dark No street lights,100,2018/06/24,18:00:00,Yes,3.0,1.0,-35.68439073,143.8730986,GANNAWARRA
T20180012439,Dry,Clear,Collision with vehicle,Monday,Day,40,2018/06/25,15:05:00,No,2.0,1.0,-35.73447,143.9189115,GANNAWARRA
T20180012450,Dry,Clear,Collision with vehicle,Tuesday,Day,80,2018/04/24,13:20:00,No,3.0,1.0,-38.08339244,144.3594233,GREATER GEELONG
T20180012454,Dry,Clear,Collision with a fixed object,Tuesday,Dark No street lights,110,2018/07/03,01:35:00,Yes,1.0,1.0,-37.17906957,145.0700287,MITCHELL
T20180012455,Dry,Clear,Vehicle overturned (no collision),Tuesday,Dusk/Dawn,60,2018/07/03,07:00:00,No,1.0,1.0,-36.12790965,146.9054665,WODONGA
T20180012471,Dry,Clear,Collision with a fixed object,Tuesday,Day,50,2018/07/03,12:15:00,No,2.0,2.0,-38.67261874,145.793141,SOUTH GIPPSLAND
T20180012472,Dry,Clear,Collision with vehicle,Tuesday,Day,60,2018/07/03,12:30:00,No,2.0,1.0,-38.15987198,144.3472496,GREATER GEELONG
T20180012494,Dry,Clear,Collision with vehicle,Tuesday,Day,60,2018/07/03,15:19:00,No,2.0,1.0,-37.61306653,143.8717111,BALLARAT
T20180012499,Dry,Clear,Collision with vehicle,Tuesday,Day,50,2018/07/03,15:20:00,No,3.0,1.0,-37.55788025,143.8393722,BALLARAT
T20180012517,Dry,Clear,Collision with a fixed object,Wednesday,Day,80,2018/07/04,07:50:00,No,1.0,1.0,-38.18262972,145.9380753,BAW BAW
T20180012540,Dry,Clear,Collision with vehicle,Wednesday,Day,60,2018/07/04,15:50:00,No,2.0,1.0,-38.18733516,146.2856539,LATROBE
T20180012541,Dry,Clear,Collision with vehicle,Wednesday,Day,80,2018/07/04,15:45:00,No,4.0,1.0,-38.14430554,145.8933293,BAW BAW
T20180012560,Dry,Clear,Collision with vehicle,Wednesday,Dark Street lights on,60,2018/07/04,20:10:00,Yes,6.0,6.0,-38.18587466,146.2886401,LATROBE
T20180012569,Wet,Raining,Collision with vehicle,Thursday,Dark Street lights on,100,2018/07/05,07:00:00,No,3.0,1.0,-38.1941101,144.3110072,GREATER GEELONG
T20180012578,Dry,Clear,Collision with a fixed object,Thursday,Dark No street lights,80,2018/07/05,04:00:00,Yes,1.0,1.0,-37.36492296,145.5419781,MURRINDINDI
T20180012579,Dry,Clear,Struck animal,Sunday,Dark No street lights,100,2018/07/01,21:38:00,Yes,1.0,1.0,-38.26389184,146.4221351,LATROBE
T20180012581,Wet,Raining,Collision with vehicle,Thursday,Day,60,2018/07/05,09:24:00,No,2.0,1.0,-37.87786631,142.2902864,SOUTHERN GRAMPIANS
T20180012598,Dry,Clear,Struck animal,Sunday,Dark No street lights,80,2018/07/01,19:20:00,Yes,1.0,1.0,-37.28863291,144.9734095,MITCHELL
T20180012599,Dry,Not known,Collision with vehicle,Thursday,Day,50,2018/07/05,14:00:00,No,2.0,1.0,-37.82733011,147.6188064,EAST GIPPSLAND
T20180012603,Dry,Fog,Struck Pedestrian,Thursday,Dark No street lights,50,2018/06/28,20:45:00,Yes,2.0,2.0,-37.49021096,144.5924098,MACEDON RANGES
T20180012609,Dry,Clear,Collision with vehicle,Thursday,Day,110,2018/07/05,10:15:00,No,2.0,2.0,-34.25442811,141.8987214,MILDURA
T20180012617,Dry,Clear,Collision with vehicle,Thursday,Day,100,2018/07/05,13:58:00,No,2.0,1.0,-34.2198246,142.1104782,MILDURA
T20180012623,Dry,Clear,Struck Pedestrian,Thursday,Day,50,2018/07/05,16:50:00,No,1.0,1.0,-37.05848004,144.2087264,MOUNT ALEXANDER
T20180012624,Dry,Clear,Collision with vehicle,Thursday,Day,110,2018/07/05,12:57:00,No,2.0,2.0,-37.37992843,143.2187007,ARARAT
T20180012626,Dry,Clear,Struck animal,Thursday,Dark No street lights,100,2018/07/05,17:45:00,No,1.0,1.0,-38.38429773,146.2566003,LATROBE
T20180012633,Dry,Clear,Collision with vehicle,Thursday,Day,100,2018/07/05,15:55:00,No,5.0,1.0,-38.2195883,144.3377407,GREATER GEELONG
T20180012637,Wet,Raining,Collision with vehicle,Thursday,Dark Street lights on,50,2018/07/05,19:35:00,Yes,5.0,2.0,-38.34423356,141.6038275,GLENELG
T20180012638,Dry,Clear,Collision with a fixed object,Thursday,Day,100,2018/07/05,12:00:00,No,3.0,3.0,-37.16172317,145.1576206,MITCHELL
T20180012641,Wet,Raining,Collision with vehicle,Thursday,Dark Street lights on,60,2018/07/05,19:55:00,Yes,4.0,1.0,-38.08364339,144.3486522,GREATER GEELONG
T20180012646,Wet,Raining,Collision with vehicle,Friday,Dark No street lights,100,2018/07/06,06:50:00,No,2.0,1.0,-35.92547903,145.5698,MOIRA
T20180012653,Wet,Raining,Collision with vehicle,Friday,Day,60,2018/07/06,09:13:00,No,2.0,2.0,-38.1060679,144.3514488,GREATER GEELONG
T20180012669,Wet,Clear,Collision with a fixed object,Friday,Day,100,2018/07/06,12:15:00,No,1.0,1.0,-38.01484581,146.3696858,BAW BAW
T20180012676,Dry,Clear,Collision with vehicle,Friday,Day,50,2018/07/06,14:35:00,No,2.0,2.0,-37.49000193,144.5907895,MACEDON RANGES