Accident_No,Surface_Cond_Desc,Atmosph_Cond_Desc,Accident_Type_Desc,Day,Light_Condition_Desc,Speed_Zone,Accident_Date,Accident_Time,Alcohol_Influence,Total_Persons_Inv,Inj_Or_Fatal,Lat,Long,LGA
T20180012683,Dry,Clear,Collision with a fixed object,Friday,Day,999,2018/07/06,16:27:00,Yes,1.0,1.0,-37.37205447,144.9928191,MITCHELL
T20180012695,Dry,Clear,Collision with vehicle,Friday,Unknown,60,2018/07/06,15:50:00,No,1.0,1.0,-38.10436028,147.0839189,WELLINGTON
T20180012701,Dry,Clear,Collision with a fixed object,Friday,Day,100,2018/07/06,17:20:00,Yes,1.0,1.0,-38.26524085,143.9037107,SURF COAST
T20180012704,Dry,Clear,Collision with vehicle,Friday,Dark Street lights on,60,2018/07/06,19:10:00,Yes,8.0,1.0,-38.17515058,144.5681307,GREATER GEELONG
T20180012715,Wet,Clear,Collision with vehicle,Friday,Dark Street lights on,50,2018/07/06,23:30:00,Yes,1.0,1.0,-38.1752006,144.3408199,GREATER GEELONG
T20180012716,Unknown,Not known,Struck animal,Saturday,Dark Street lights unknown,999,2018/07/07,00:10:00,Yes,1.0,1.0,-37.68127737,143.5806509,GOLDEN PLAINS
T20180012717,Wet,Raining,collision with some other object,Saturday,Dark No street lights,100,2018/07/07,03:27:00,Yes,1.0,1.0,-38.17155167,145.8091304,BAW BAW
T20180012727,Wet,Raining,Collision with a fixed object,Saturday,Day,100,2018/07/07,09:40:00,No,1.0,1.0,-36.82594878,145.6810292,STRATHBOGIE
T20180012730,Wet,Raining,Collision with a fixed object,Saturday,Day,80,2018/07/07,10:30:00,No,2.0,2.0,-37.7056497,142.1003896,SOUTHERN GRAMPIANS
T20180012731,Wet,Not known,Collision with vehicle,Saturday,Day,60,2018/07/07,11:40:00,No,3.0,3.0,-37.90610005,144.2540869,GREATER GEELONG
T20180012748,Wet,Raining,Collision with vehicle,Saturday,Day,70,2018/07/07,16:05:00,Yes,3.0,1.0,-38.35755038,142.4379298,WARRNAMBOOL
T20180012752,Wet,Raining,Collision with a fixed object,Saturday,Day,100,2018/07/07,15:00:00,Yes,1.0,1.0,-38.51190983,146.0745604,SOUTH GIPPSLAND
T20180012758,Wet,Clear,Collision with vehicle,Saturday,Dusk/Dawn,60,2018/07/07,17:00:00,Yes,4.0,1.0,-37.58109657,143.8460704,BALLARAT
T20180012764,Wet,Raining,Collision with vehicle,Saturday,Dark Street lights on,60,2018/07/07,19:15:00,Yes,2.0,1.0,-38.16136747,145.9395422,BAW BAW
T20180012773,Wet,Raining,Collision with vehicle,Saturday,Dark No street lights,80,2018/07/07,18:11:00,Yes,6.0,5.0,-38.1779726,146.6349522,LATROBE
T20180012777,Wet,Raining,Collision with vehicle,Saturday,Dark No street lights,110,2018/07/07,19:02:00,Yes,2.0,1.0,-38.14777969,145.8861207,BAW BAW
T20180012789,Dry,Clear,Vehicle overturned (no collision),Sunday,Day,100,2018/07/08,08:55:00,Yes,1.0,1.0,-36.50609,142.4692088,YARRIAMBIACK
T20180012798,Wet,Raining,Collision with a fixed object,Sunday,Day,50,2018/07/08,09:50:00,Yes,2.0,1.0,-37.19359751,145.7101091,MURRINDINDI
T20180012800,Wet,Raining,Collision with vehicle,Sunday,Day,100,2018/07/08,11:45:00,No,5.0,3.0,-37.45071387,143.839388,BALLARAT
T20180012823,Wet,Strong winds,Struck animal,Sunday,Dark No street lights,100,2018/07/08,18:20:00,No,1.0,1.0,-37.7493424,147.7515069,EAST GIPPSLAND
T20180012826,Dry,Clear,Vehicle overturned (no collision),Sunday,Dusk/Dawn,100,2018/07/08,16:50:00,No,1.0,1.0,-37.83951788,142.7999319,MOYNE
T20180012837,Dry,Clear,Collision with vehicle,Sunday,Dark Street lights on,60,2018/07/08,18:38:00,Yes,3.0,2.0,-38.16065783,144.3545905,GREATER GEELONG
T20180012838,Dry,Clear,Struck animal,Monday,Dusk/Dawn,100,2018/07/09,07:00:00,Yes,2.0,1.0,-37.35917891,145.7116242,MURRINDINDI
T20180012841,Dry,Clear,Collision with a fixed object,Monday,Day,60,2018/07/09,09:25:00,No,1.0,1.0,-38.17123779,144.3475004,GREATER GEELONG
T20180012844,Dry,Clear,Collision with vehicle,Monday,Day,60,2018/07/09,10:43:00,No,5.0,3.0,-38.19647529,146.5412132,LATROBE
T20180012847,Wet,Raining,Collision with vehicle,Sunday,Day,100,2018/07/08,15:40:00,No,6.0,2.0,-38.44628798,145.8552903,SOUTH GIPPSLAND
T20180012853,Dry,Clear,Collision with vehicle,Monday,Day,60,2018/07/09,12:40:00,No,3.0,1.0,-36.91637904,144.69859,GREATER BENDIGO
T20180012857,Wet,Clear,Collision with a fixed object,Monday,Day,50,2018/07/09,13:15:00,No,1.0,1.0,-37.28607717,142.9285375,ARARAT
T20180012859,Dry,Clear,Vehicle overturned (no collision),Monday,Day,100,2018/07/09,10:33:00,No,1.0,1.0,-36.4868518,144.57625,GREATER BENDIGO
T20180012877,Unknown,Not known,Collision with a fixed object,Monday,Unknown,999,2018/07/02,16:15:00,No,1.0,1.0,-38.66529477,146.4308651,SOUTH GIPPSLAND
T20180012879,Dry,Clear,Collision with a fixed object,Monday,Dark No street lights,100,2018/07/09,18:20:00,Yes,1.0,1.0,-37.20376972,142.8838908,ARARAT
T20180012892,Wet,Clear,Collision with a fixed object,Monday,Dark No street lights,60,2018/07/09,23:45:00,Yes,1.0,1.0,-38.1805077,146.5626495,LATROBE
T20180012893,Unknown,Not known,No collision and no object struck,Wednesday,Day,50,2016/04/06,17:00:00,No,2.0,1.0,-37.56691222,143.869111,BALLARAT
T20180012902,Dry,Clear,Collision with vehicle,Thursday,Day,50,2018/07/05,13:40:00,No,1.0,1.0,-37.58226056,143.8408747,BALLARAT
T20180012916,Dry,Clear,Collision with vehicle,Tuesday,Day,40,2018/07/10,12:00:00,No,5.0,2.0,-37.31083939,144.8509399,MACEDON RANGES
T20180012919,Dry,Clear,Struck Pedestrian,Tuesday,Dark No street lights,50,2018/07/10,06:35:00,No,2.0,1.0,-37.55042526,143.8534495,BALLARAT
T20180012920,Dry,Clear,Collision with a fixed object,Tuesday,Day,100,2018/07/10,12:35:00,No,1.0,1.0,-36.65340062,145.735878,STRATHBOGIE
T20180012928,Dry,Clear,Collision with vehicle,Tuesday,Day,60,2018/07/10,16:00:00,No,3.0,1.0,-36.40892718,145.3918233,GREATER SHEPPARTON
T20180012930,Wet,Clear,No collision and no object struck,Sunday,Day,999,2018/07/08,12:30:00,No,1.0,1.0,-37.46719236,145.6398803,MURRINDINDI
T20180012931,Dry,Clear,Collision with vehicle,Tuesday,Dusk/Dawn,50,2018/07/10,16:50:00,No,4.0,1.0,-38.13807558,144.3487997,GREATER GEELONG
T20180012933,Dry,Clear,Collision with vehicle,Thursday,Day,50,2018/06/21,13:00:00,No,2.0,1.0,-37.56788022,143.8375318,BALLARAT
T20180012935,Dry,Clear,Collision with vehicle,Tuesday,Day,100,2018/07/10,14:50:00,No,2.0,2.0,-37.70548409,144.4578785,MOORABOOL
T20180012943,Dry,Clear,Struck Pedestrian,Tuesday,Dark No street lights,50,2018/07/10,19:30:00,Yes,3.0,1.0,-38.09902734,144.3387305,GREATER GEELONG
T20180012945,Wet,Raining,Collision with a fixed object,Tuesday,Dark No street lights,100,2018/07/10,18:25:00,Yes,3.0,3.0,-38.65554961,146.3268251,SOUTH GIPPSLAND
T20180012961,Dry,Clear,Collision with a fixed object,Tuesday,Dark No street lights,999,2018/07/10,20:25:00,Yes,5.0,5.0,-37.41302633,143.3261925,PYRENEES
T20180012962,Dry,Clear,Collision with vehicle,Tuesday,Dusk/Dawn,60,2018/07/10,17:10:00,No,3.0,1.0,-38.43705734,145.827461,SOUTH GIPPSLAND
T20180012978,Dry,Clear,Collision with a fixed object,Tuesday,Day,100,2018/07/10,14:45:00,No,1.0,1.0,-36.83233567,144.390834,GREATER BENDIGO
T20180012984,Unknown,Not known,Struck animal,Sunday,Day,50,2018/07/08,12:30:00,No,1.0,1.0,-36.45227099,142.0320677,HINDMARSH
T20180012991,Dry,Clear,Struck Pedestrian,Wednesday,Day,50,2018/07/11,14:45:00,No,2.0,1.0,-36.01138,146.0059375,MOIRA
T20180012992,Dry,Clear,Collision with a fixed object,Wednesday,Day,100,2018/07/11,11:00:00,No,1.0,1.0,-38.4943893,142.9294501,CORANGAMITE
T20180012993,Wet,Clear,Collision with a fixed object,Wednesday,Day,60,2018/07/11,14:27:00,No,1.0,1.0,-34.30103219,142.1948022,MILDURA
T20180013000,Wet,Raining,Collision with a fixed object,Wednesday,Dark Street lights on,50,2018/07/11,18:05:00,Yes,1.0,1.0,-37.65811966,144.4328907,MOORABOOL
T20180013012,Wet,Clear,Collision with a fixed object,Wednesday,Dark Street lights on,50,2018/07/11,20:05:00,Yes,4.0,4.0,-37.74452598,142.0264167,SOUTHERN GRAMPIANS
T20180013015,Wet,Clear,Collision with a fixed object,Wednesday,Dark Street lights on,60,2018/07/11,23:10:00,Yes,1.0,1.0,-35.34067844,143.5495694,SWAN HILL
T20180013022,Wet,Fog,Collision with a fixed object,Wednesday,Dark Street lights on,50,2018/07/11,04:43:00,Yes,2.0,2.0,-36.40170075,145.4141154,GREATER SHEPPARTON
T20180013026,Wet,Raining,Vehicle overturned (no collision),Wednesday,Dark No street lights,110,2018/07/11,22:55:00,Yes,2.0,2.0,-37.07753966,145.1028549,MITCHELL
T20180013029,Wet,Raining,No collision and no object struck,Sunday,Day,60,2018/07/08,13:00:00,No,1.0,1.0,-38.09394998,146.9725794,WELLINGTON
T20180013032,Unknown,Not known,Struck animal,Wednesday,Unknown,100,2018/07/11,18:30:00,Yes,1.0,1.0,-38.14722165,147.3952526,WELLINGTON
T20180013038,Icy,Not known,Collision with vehicle,Thursday,Dusk/Dawn,100,2018/07/12,06:00:00,Yes,2.0,1.0,-37.24200021,144.1222797,HEPBURN
T20180013041,Wet,Clear,Collision with a fixed object,Thursday,Day,100,2018/07/12,10:45:00,No,2.0,2.0,-38.17979953,144.6440062,GREATER GEELONG
T20180013045,Dry,Clear,Collision with vehicle,Tuesday,Dark No street lights,100,2018/07/10,17:20:00,No,2.0,1.0,-38.09409692,146.8068144,WELLINGTON
T20180013046,Wet,Clear,Collision with vehicle,Thursday,Day,60,2018/07/12,10:20:00,No,2.0,1.0,-38.09587933,144.3611425,GREATER GEELONG
T20180013050,Dry,Clear,Other accident,Thursday,Day,100,2018/07/12,08:55:00,No,2.0,2.0,-37.29497694,142.9673618,ARARAT
T20180013052,Dry,Clear,Struck animal,Thursday,Day,100,2018/07/12,10:00:00,No,1.0,1.0,-37.56576224,149.1154617,EAST GIPPSLAND
T20180013055,Dry,Clear,Collision with vehicle,Thursday,Day,60,2018/06/28,12:00:00,No,3.0,2.0,-38.08301693,144.3487724,GREATER GEELONG
T20180013074,Wet,Raining,Collision with vehicle,Thursday,Day,100,2018/07/12,16:00:00,No,2.0,1.0,-38.08127383,143.8544448,GOLDEN PLAINS
T20180013078,Dry,Clear,Collision with vehicle,Thursday,Dark Street lights on,50,2018/07/12,18:30:00,Yes,2.0,1.0,-36.12370647,146.8949625,WODONGA
T20180013089,Dry,Clear,Collision with vehicle,Thursday,Dark Street lights on,60,2018/07/12,20:40:00,Yes,7.0,1.0,-37.04840577,143.7353834,CENTRAL GOLDFIELDS
T20180013093,Wet,Raining,Collision with vehicle,Thursday,Dark Street lights on,60,2018/07/12,20:57:00,Yes,3.0,1.0,-38.11142909,147.0657686,WELLINGTON
T20180013112,Wet,Fog,Collision with vehicle,Friday,Dark No street lights,110,2018/07/13,06:00:00,Yes,2.0,1.0,-38.20367685,146.2970219,LATROBE
T20180013118,Dry,Fog,Collision with a fixed object,Friday,Day,50,2018/07/13,08:20:00,No,1.0,1.0,-35.34150499,143.555712,SWAN HILL
T20180013119,Wet,Raining,Collision with vehicle,Thursday,Dark No street lights,100,2018/07/12,18:20:00,Yes,2.0,1.0,-38.54657537,146.7008007,WELLINGTON
T20180013120,Dry,Clear,Collision with vehicle,Friday,Day,110,2018/07/13,09:18:00,No,3.0,3.0,-38.09461969,145.83395,BAW BAW
T20180013121,Wet,Clear,Struck animal,Friday,Dark No street lights,100,2018/07/13,04:15:00,Yes,2.0,2.0,-37.76148101,141.0144214,GLENELG
T20180013126,Unknown,Fog,Collision with a fixed object,Thursday,Dark No street lights,100,2018/07/12,23:00:00,Yes,1.0,1.0,-37.2462049,141.7690711,SOUTHERN GRAMPIANS
T20180013134,Dry,Clear,Collision with vehicle,Friday,Day,40,2018/07/13,12:29:00,No,6.0,1.0,-38.15172198,146.7894112,WELLINGTON
T20180013143,Dry,Clear,No collision and no object struck,Friday,Day,60,2018/07/13,13:45:00,No,4.0,3.0,-38.35517977,142.4611378,WARRNAMBOOL
T20180013149,Dry,Clear,Collision with vehicle,Friday,Day,100,2018/07/13,14:30:00,No,4.0,4.0,-36.83461422,144.9247934,STRATHBOGIE
T20180013154,Dry,Clear,Collision with vehicle,Friday,Dusk/Dawn,110,2018/07/13,16:25:00,Yes,3.0,3.0,-36.5789355,145.9129059,BENALLA
T20180013158,Wet,Raining,Collision with vehicle,Friday,Dark Street lights on,60,2018/07/13,18:20:00,Yes,3.0,1.0,-37.82495912,147.6099409,EAST GIPPSLAND
T20180013164,Dry,Clear,Collision with a fixed object,Friday,Dark No street lights,100,2018/07/13,19:35:00,Yes,1.0,1.0,-35.99516117,145.9013,MOIRA
T20180013190,Dry,Clear,Collision with a fixed object,Saturday,Day,100,2018/07/14,08:40:00,No,3.0,1.0,-37.02116815,141.3068551,WEST WIMMERA
T20180013203,Dry,Clear,Collision with a fixed object,Saturday,Day,60,2018/07/14,10:15:00,No,4.0,3.0,-37.43049088,143.391569,PYRENEES
T20180013209,Dry,Clear,collision with some other object,Saturday,Day,999,2018/07/14,13:00:00,No,1.0,1.0,-37.32443364,144.3020635,HEPBURN
T20180013217,Dry,Clear,Vehicle overturned (no collision),Saturday,Dark No street lights,100,2018/07/14,00:15:00,Yes,2.0,1.0,-36.86566849,144.122267,GREATER BENDIGO
T20180013220,Dry,Clear,Collision with vehicle,Saturday,Day,100,2018/07/14,15:21:00,Yes,2.0,1.0,-36.52012579,147.371245,TOWONG
T20180013223,Wet,Clear,Struck Pedestrian,Saturday,Day,999,2018/07/14,16:10:00,Yes,2.0,1.0,-38.34044695,145.7639907,SOUTH GIPPSLAND
T20180013225,Unknown,Clear,Vehicle overturned (no collision),Friday,Day,999,2018/07/13,11:00:00,No,1.0,1.0,-35.77779996,141.3850208,HINDMARSH
T20180013242,Dry,Clear,Collision with a fixed object,Sunday,Dark No street lights,80,2018/07/15,00:05:00,No,1.0,1.0,-38.18437736,144.417406,GREATER GEELONG
T20180013251,Dry,Fog,Collision with vehicle,Saturday,Dark No street lights,100,2018/07/14,23:50:00,Yes,6.0,4.0,-37.01415785,146.169697,MANSFIELD
T20180013264,Dry,Clear,Vehicle overturned (no collision),Saturday,Dark No street lights,100,2018/07/14,21:15:00,Yes,1.0,1.0,-35.81816827,143.5462044,GANNAWARRA
T20180013268,Dry,Clear,Collision with a fixed object,Saturday,Day,80,2018/07/14,15:00:00,No,1.0,1.0,-37.465869,144.328277,MOORABOOL
T20180013269,Dry,Clear,Collision with vehicle,Sunday,Day,100,2018/07/15,12:49:00,No,5.0,1.0,-37.84725641,144.0618817,GOLDEN PLAINS
T20180013272,Dry,Clear,No collision and no object struck,Sunday,Day,60,2018/07/15,15:00:00,No,4.0,1.0,-38.38632141,142.498324,WARRNAMBOOL
T20180013278,Unknown,Clear,Collision with vehicle,Sunday,Unknown,50,2018/07/15,02:30:00,No,1.0,1.0,-38.56773277,146.6774321,WELLINGTON
T20180013280,Dry,Clear,No collision and no object struck,Sunday,Day,100,2018/07/15,16:30:00,Yes,1.0,1.0,-37.26937145,144.9564029,MITCHELL
T20180013287,Dry,Clear,Collision with a fixed object,Sunday,Dusk/Dawn,999,2018/06/24,17:00:00,Yes,2.0,2.0,-37.92721864,146.6423737,WELLINGTON
T20180013289,Dry,Clear,Collision with a fixed object,Sunday,Day,100,2018/07/15,16:50:00,Yes,1.0,1.0,-37.68836652,144.3706819,MOORABOOL
T20180013304,Dry,Clear,Vehicle overturned (no collision),Sunday,Day,60,2018/07/15,15:30:00,No,1.0,1.0,-36.77641882,144.2850933,GREATER BENDIGO
T20180013311,Dry,Clear,Collision with vehicle,Monday,Dark Street lights on,70,2018/07/09,21:30:00,Yes,2.0,1.0,-38.19792686,144.3625768,GREATER GEELONG
T20180013313,Dry,Clear,Vehicle overturned (no collision),Monday,Day,100,2018/07/16,07:25:00,No,1.0,1.0,-36.42082038,146.4242693,WANGARATTA
T20180013321,Wet,Raining,Collision with a fixed object,Monday,Day,60,2018/07/16,08:00:00,No,1.0,1.0,-37.40845107,144.2920502,HEPBURN
T20180013332,Dry,Clear,No collision and no object struck,Sunday,Day,999,2018/07/01,15:00:00,No,1.0,1.0,-38.52381053,145.5434385,BASS COAST
T20180013336,Dry,Clear,Collision with a fixed object,Monday,Day,100,2018/07/16,11:26:00,No,1.0,1.0,-36.62850262,146.8423982,ALPINE
T20180013339,Dry,Clear,Collision with vehicle,Monday,Day,70,2018/07/16,14:10:00,No,3.0,3.0,-37.34343962,144.742125,MACEDON RANGES
T20180013355,Dry,Clear,Struck Pedestrian,Friday,Dusk/Dawn,60,2018/07/06,17:00:00,Yes,2.0,1.0,-36.74234462,147.1661778,ALPINE
T20180013359,Wet,Raining,Collision with a fixed object,Monday,Dusk/Dawn,80,2018/07/16,16:40:00,No,2.0,1.0,-38.27874009,146.4128399,LATROBE
T20180013371,Dry,Clear,Collision with vehicle,Monday,Day,110,2018/07/16,08:00:00,No,2.0,1.0,-38.20714084,146.1080318,BAW BAW
T20180013374,Dry,Clear,Collision with vehicle,Sunday,Dark No street lights,100,2017/08/27,03:00:00,No,3.0,2.0,-37.49720021,143.8303322,BALLARAT
T20180013377,Dry,Clear,Collision with vehicle,Tuesday,Day,100,2018/07/17,08:35:00,No,2.0,2.0,-37.62801818,143.8368453,BALLARAT
T20180013382,Wet,Raining,Collision with a fixed object,Sunday,Dark No street lights,999,2018/07/08,21:30:00,Yes,1.0,1.0,-37.65563759,144.4577584,MOORABOOL
T20180013387,Dry,Clear,Collision with a fixed object,Sunday,Dark Street lights unknown,80,2018/07/15,03:35:00,Yes,1.0,1.0,-38.51517185,145.3462509,BASS COAST
T20180013395,Dry,Clear,Struck Pedestrian,Tuesday,Day,60,2018/07/17,09:27:00,No,5.0,1.0,-38.20819591,146.1514292,BAW BAW
T20180013397,Dry,Clear,Collision with vehicle,Tuesday,Day,100,2018/07/17,12:10:00,No,2.0,1.0,-36.33532001,144.7774685,CAMPASPE
T20180013409,Wet,Raining,Struck Pedestrian,Tuesday,Day,50,2018/07/17,15:35:00,No,2.0,1.0,-38.63070037,145.7301423,BASS COAST
T20180013423,Dry,Clear,collision with some other object,Tuesday,Day,110,2018/07/17,16:00:00,No,2.0,2.0,-38.18458845,146.2644684,LATROBE
T20180013434,Dry,Clear,Collision with a fixed object,Tuesday,Dark No street lights,100,2018/07/17,18:50:00,Yes,1.0,1.0,-36.6549393,144.4033891,GREATER BENDIGO
T20180013457,Dry,Clear,collision with some other object,Tuesday,Day,40,2018/07/17,13:46:00,No,1.0,1.0,-38.56649624,145.9707235,SOUTH GIPPSLAND
T20180013471,Dry,Clear,Collision with vehicle,Wednesday,Day,60,2018/07/18,13:20:00,No,2.0,1.0,-38.15021254,144.3520901,GREATER GEELONG
T20180013475,Dry,Clear,Collision with vehicle,Friday,Day,60,2018/07/13,15:05:00,No,2.0,1.0,-37.55448339,143.8130535,BALLARAT
T20180013480,Wet,Raining,Collision with vehicle,Tuesday,Day,100,2018/07/17,15:40:00,No,3.0,2.0,-38.18373885,144.3036915,GREATER GEELONG
T20180013485,Wet,Clear,Vehicle overturned (no collision),Saturday,Day,999,2018/07/07,14:30:00,Yes,1.0,1.0,-36.70687016,144.250142,GREATER BENDIGO
T20180013491,Dry,Clear,Collision with a fixed object,Wednesday,Day,100,2018/07/18,10:10:00,No,1.0,1.0,-38.48615041,145.4644835,BASS COAST
T20180013497,Dry,Clear,Collision with vehicle,Wednesday,Dark Street lights on,50,2018/07/18,18:30:00,Yes,3.0,1.0,-38.14450042,144.3591857,GREATER GEELONG
T20180013502,Dry,Clear,Vehicle overturned (no collision),Wednesday,Dark No street lights,100,2018/07/18,20:42:00,Yes,1.0,1.0,-37.47749199,144.529462,MACEDON RANGES
T20180013503,Dry,Clear,Collision with a fixed object,Wednesday,Day,80,2018/07/18,16:40:00,No,2.0,2.0,-38.10202021,144.354432,GREATER GEELONG
T20180013504,Dry,Clear,Vehicle overturned (no collision),Wednesday,Dark No street lights,100,2018/07/18,22:11:00,Yes,2.0,1.0,-35.5991202,143.7945285,GANNAWARRA
T20180013505,Dry,Clear,Collision with vehicle,Wednesday,Dark Street lights on,80,2018/07/18,23:35:00,Yes,2.0,1.0,-38.07546372,144.368939,GREATER GEELONG
T20180013519,Dry,Clear,Collision with a fixed object,Thursday,Day,50,2018/07/19,08:50:00,No,1.0,1.0,-38.60509966,145.58895,BASS COAST
T20180013527,Muddy,Raining,Collision with vehicle,Thursday,Day,100,2018/07/19,09:45:00,No,4.0,1.0,-38.35561584,142.3148619,MOYNE
T20180013528,Dry,Clear,Struck Pedestrian,Wednesday,Day,999,2018/07/18,15:45:00,No,2.0,1.0,-38.07961087,144.3641612,GREATER GEELONG
T20180013533,Dry,Clear,Struck Pedestrian,Thursday,Dark Street lights on,60,2018/07/19,06:30:00,No,1.0,1.0,-37.01396524,144.8291604,MITCHELL
T20180013534,Dry,Clear,Collision with vehicle,Thursday,Day,60,2018/07/19,12:45:00,No,2.0,1.0,-38.17635014,144.3693418,GREATER GEELONG
T20180013536,Dry,Clear,Collision with vehicle,Thursday,Day,60,2018/07/19,12:05:00,No,1.0,1.0,-38.48365985,145.9502606,SOUTH GIPPSLAND
T20180013539,Wet,Raining,Collision with a fixed object,Thursday,Day,100,2018/07/19,08:45:00,No,1.0,1.0,-38.44360473,142.9242436,CORANGAMITE
T20180013540,Dry,Clear,Collision with vehicle,Thursday,Day,50,2018/07/19,11:10:00,No,3.0,1.0,-37.27709128,144.7335275,MACEDON RANGES
T20180013542,Dry,Clear,collision with some other object,Thursday,Day,100,2018/07/19,11:07:00,No,1.0,1.0,-38.17493621,145.7963798,BAW BAW
T20180013550,Unknown,Not known,Other accident,Friday,Unknown,50,2018/07/13,07:15:00,No,1.0,1.0,-38.14955701,144.3466022,GREATER GEELONG
T20180013551,Dry,Clear,Collision with vehicle,Thursday,Day,80,2018/07/19,12:55:00,No,7.0,3.0,-38.34508656,143.4564228,COLAC OTWAY
T20180013553,Dry,Clear,Collision with a fixed object,Thursday,Day,100,2018/07/19,14:30:00,No,2.0,1.0,-36.98875271,145.7360061,MANSFIELD
T20180013555,Dry,Clear,Collision with a fixed object,Thursday,Day,110,2018/07/19,12:40:00,No,2.0,1.0,-36.08947534,146.7119373,WODONGA
T20180013557,Dry,Clear,Collision with vehicle,Thursday,Day,100,2018/07/19,12:54:00,No,2.0,1.0,-38.52175221,145.430967,BASS COAST
T20180013561,Dry,Clear,Collision with vehicle,Thursday,Day,60,2018/07/19,15:45:00,No,2.0,2.0,-34.23141728,142.1658857,MILDURA
T20180013564,Wet,Raining,Struck Pedestrian,Thursday,Dusk/Dawn,50,2018/07/19,16:33:00,No,4.0,1.0,-37.56447327,143.8419594,BALLARAT
T20180013568,Dry,Clear,Collision with vehicle,Thursday,Dusk/Dawn,50,2018/07/19,17:46:00,No,1.0,1.0,-36.74006357,144.2666554,GREATER BENDIGO
T20180013573,Wet,Raining,Struck Pedestrian,Thursday,Dark Street lights on,40,2018/07/19,18:28:00,Yes,4.0,2.0,-38.15065338,144.3563523,GREATER GEELONG
T20180013575,Wet,Raining,Collision with vehicle,Thursday,Dark Street lights on,50,2018/07/19,20:22:00,Yes,1.0,1.0,-36.38226135,146.3242398,WANGARATTA
T20180013579,Wet,Raining,Collision with vehicle,Thursday,Dark Street lights on,80,2018/07/19,18:00:00,Yes,4.0,1.0,-37.26919024,142.9202293,ARARAT
T20180013581,Dry,Clear,Collision with a fixed object,Thursday,Dark No street lights,100,2018/07/19,04:44:00,Yes,3.0,1.0,-38.25351857,143.9553891,SURF COAST
T20180013602,Dry,Clear,Collision with vehicle,Friday,Day,50,2018/07/20,09:10:00,No,2.0,1.0,-36.36462236,145.407989,GREATER SHEPPARTON
T20180013609,Wet,Clear,Collision with vehicle,Friday,Day,60,2018/07/20,09:45:00,No,3.0,1.0,-36.13774434,146.9014902,WODONGA
T20180013612,Wet,Clear,Collision with a fixed object,Friday,Day,100,2018/07/20,08:15:00,No,1.0,1.0,-36.69970979,145.5139206,STRATHBOGIE
T20180013614,Dry,Not known,Struck Pedestrian,Friday,Unknown,50,2018/07/06,22:00:00,Yes,2.0,1.0,-38.28205975,144.4924779,GREATER GEELONG
T20180013621,Wet,Clear,Collision with vehicle,Friday,Day,80,2018/07/20,09:55:00,No,4.0,2.0,-37.33047812,144.1854934,HEPBURN
T20180013636,Wet,Raining,Collision with a fixed object,Friday,Day,80,2018/07/20,15:40:00,No,1.0,1.0,-38.23264922,146.37556,LATROBE
T20180013637,Dry,Clear,Collision with vehicle,Friday,Day,70,2018/07/13,16:00:00,Yes,2.0,1.0,-37.81134925,147.618836,EAST GIPPSLAND
T20180013640,Dry,Clear,Vehicle overturned (no collision),Monday,Day,50,2018/06/04,10:00:00,No,1.0,1.0,-36.77052804,144.2969394,GREATER BENDIGO
T20180013642,Dry,Clear,Collision with vehicle,Friday,Day,80,2018/07/20,14:18:00,No,3.0,2.0,-38.09737869,144.3050138,GREATER GEELONG
T20180013646,Wet,Clear,Collision with vehicle,Friday,Dark Street lights on,60,2018/07/20,18:10:00,Yes,6.0,5.0,-37.57961197,143.8420606,BALLARAT
T20180013649,Wet,Raining,Collision with a fixed object,Friday,Day,60,2018/07/20,16:15:00,Yes,1.0,1.0,-37.57855687,143.9335648,MOORABOOL
T20180013654,Wet,Raining,Collision with vehicle,Friday,Dark No street lights,80,2018/07/20,18:10:00,Yes,4.0,2.0,-36.39146855,145.4431006,GREATER SHEPPARTON
T20180013656,Wet,Raining,Struck animal,Friday,Dark No street lights,80,2018/07/20,17:55:00,No,5.0,1.0,-36.43637288,145.4081255,GREATER SHEPPARTON
T20180013659,Dry,Clear,Collision with vehicle,Friday,Dark No street lights,40,2018/07/20,18:10:00,Yes,2.0,1.0,-36.76229247,144.2843695,GREATER BENDIGO
T20180013680,Dry,Clear,Collision with a fixed object,Saturday,Day,80,2018/07/21,12:30:00,No,2.0,1.0,-36.36470825,145.44904,GREATER SHEPPARTON
T20180013681,Dry,Clear,Collision with vehicle,Saturday,Day,80,2018/07/21,10:49:00,No,4.0,3.0,-36.36468307,145.4619654,GREATER SHEPPARTON
T20180013683,Wet,Raining,Collision with a fixed object,Saturday,Day,40,2018/07/21,11:57:00,No,1.0,1.0,-38.23514471,146.169701,BAW BAW
T20180013694,Wet,Clear,Vehicle overturned (no collision),Saturday,Day,60,2018/07/21,12:10:00,No,1.0,1.0,-37.53857172,145.3392135,MURRINDINDI
T20180013698,Dry,Clear,Struck Pedestrian,Saturday,Day,50,2018/07/21,16:45:00,Yes,2.0,1.0,-38.45932993,145.25616,BASS COAST
T20180013707,Dry,Clear,Collision with a fixed object,Saturday,Dark Street lights on,50,2018/07/21,19:47:00,Yes,1.0,1.0,-38.17352009,146.2635136,LATROBE