Accident_No,Surface_Cond_Desc,Atmosph_Cond_Desc,Accident_Type_Desc,Day,Light_Condition_Desc,Speed_Zone,Accident_Date,Accident_Time,Alcohol_Influence,Total_Persons_Inv,Inj_Or_Fatal,Lat,Long,LGA
T20180013710,Wet,Raining,Collision with vehicle,Tuesday,Day,999,2018/07/17,14:35:00,No,2.0,1.0,-38.24220602,144.2780978,GREATER GEELONG
T20180013717,Dry,Clear,Collision with a fixed object,Saturday,Dark No street lights,100,2018/07/21,04:03:00,Yes,1.0,1.0,-35.23662557,143.4110666,SWAN HILL
T20180013729,Wet,Clear,Collision with a fixed object,Wednesday,Day,100,2018/07/18,13:30:00,No,1.0,1.0,-36.68946149,144.3004724,GREATER BENDIGO
T20180013734,Dry,Clear,Collision with vehicle,Sunday,Day,50,2018/07/22,10:05:00,No,2.0,1.0,-38.39245111,142.4826105,WARRNAMBOOL
T20180013746,Dry,Clear,Collision with vehicle,Sunday,Day,80,2018/07/22,13:25:00,No,2.0,1.0,-36.79987951,144.3452608,GREATER BENDIGO
T20180013751,Dry,Clear,Vehicle overturned (no collision),Sunday,Day,80,2018/07/22,09:42:00,Yes,1.0,1.0,-38.14974193,145.9050261,BAW BAW
T20180013757,Dry,Clear,Vehicle overturned (no collision),Sunday,Day,100,2018/07/22,14:20:00,No,1.0,1.0,-37.53027803,145.8232875,MURRINDINDI
T20180013764,Dry,Clear,Collision with vehicle,Sunday,Dark No street lights,110,2018/07/22,18:31:00,Yes,3.0,2.0,-37.13207939,144.388533,MOUNT ALEXANDER
T20180013799,Unknown,Not known,Collision with vehicle,Thursday,Day,60,2018/07/19,16:25:00,No,4.0,1.0,-38.16658539,144.5720782,GREATER GEELONG
T20180013816,Dry,Clear,Vehicle overturned (no collision),Monday,Day,50,2018/07/23,16:55:00,No,1.0,1.0,-35.92597005,145.6518279,MOIRA
T20180013819,Wet,Raining,Collision with a fixed object,Monday,Day,100,2018/07/23,16:40:00,No,1.0,1.0,-37.09535325,144.1289307,MOUNT ALEXANDER
T20180013820,Dry,Clear,Vehicle overturned (no collision),Sunday,Day,999,2018/07/15,12:00:00,No,1.0,1.0,-38.00521097,146.6322396,LATROBE
T20180013826,Dry,Clear,Collision with vehicle,Monday,Day,60,2018/07/23,16:00:00,No,2.0,1.0,-37.82677567,147.6268142,EAST GIPPSLAND
T20180013847,Dry,Clear,Collision with vehicle,Tuesday,Dusk/Dawn,80,2018/07/24,07:05:00,No,2.0,2.0,-38.11470981,144.1707317,GOLDEN PLAINS
T20180013855,Dry,Clear,Collision with a fixed object,Tuesday,Day,50,2018/07/24,10:19:00,No,1.0,1.0,-38.14561059,145.9404717,BAW BAW
T20180013856,Dry,Clear,Struck Pedestrian,Tuesday,Dark No street lights,50,2018/07/24,06:30:00,No,2.0,1.0,-37.60271056,141.6879136,SOUTHERN GRAMPIANS
T20180013860,Dry,Clear,Collision with vehicle,Tuesday,Day,80,2018/07/24,10:45:00,No,2.0,1.0,-38.17447228,144.4580568,GREATER GEELONG
T20180013862,Wet,Raining,Vehicle overturned (no collision),Tuesday,Day,50,2018/07/24,10:10:00,No,1.0,1.0,-37.51749325,143.8031698,BALLARAT
T20180013866,Dry,Clear,Collision with a fixed object,Tuesday,Day,100,2018/07/24,07:38:00,No,1.0,1.0,-36.45995743,146.2355745,WANGARATTA
T20180013873,Dry,Clear,Struck Pedestrian,Tuesday,Day,80,2018/07/24,11:05:00,No,1.0,1.0,-38.31105956,146.4113485,LATROBE
T20180013877,Dry,Clear,Collision with vehicle,Tuesday,Day,100,2018/07/24,14:55:00,No,4.0,4.0,-36.16482762,144.7095631,CAMPASPE
T20180013879,Dry,Not known,Collision with vehicle,Saturday,Day,60,2018/07/07,14:30:00,Yes,3.0,2.0,-37.17083539,143.6981336,CENTRAL GOLDFIELDS
T20180013894,Wet,Raining,Collision with a fixed object,Monday,Dark No street lights,60,2018/07/23,05:30:00,Yes,1.0,1.0,-37.6376664,143.9691389,MOORABOOL
T20180013898,Wet,Clear,collision with some other object,Tuesday,Dark No street lights,100,2018/07/24,19:08:00,Yes,1.0,1.0,-37.62239109,143.9469885,MOORABOOL
T20180013904,Dry,Clear,Collision with a fixed object,Tuesday,Dark No street lights,100,2018/07/24,18:40:00,Yes,1.0,1.0,-37.5498483,149.7321801,EAST GIPPSLAND
T20180013925,Dry,Clear,Struck animal,Saturday,Day,100,2018/07/21,14:00:00,Yes,1.0,1.0,-37.16244946,144.6395418,MACEDON RANGES
T20180013926,Dry,Clear,Collision with vehicle,Saturday,Dark Street lights off,60,2018/07/21,18:07:00,Yes,4.0,1.0,-38.0955427,147.0845061,WELLINGTON
T20180013933,Dry,Clear,Struck Pedestrian,Wednesday,Day,40,2018/07/25,09:00:00,No,2.0,1.0,-38.19817856,146.5377675,LATROBE
T20180013942,Wet,Fog,Collision with a fixed object,Wednesday,Day,110,2018/07/25,07:10:00,No,1.0,1.0,-35.90666935,143.2261127,BULOKE
T20180013943,Dry,Clear,Collision with vehicle,Tuesday,Day,110,2018/07/24,16:05:00,No,2.0,1.0,-38.22343037,146.3413968,LATROBE
T20180013944,Dry,Clear,Collision with vehicle,Wednesday,Day,50,2018/07/25,11:15:00,No,2.0,2.0,-36.37336071,146.3118522,WANGARATTA
T20180013946,Dry,Clear,Collision with vehicle,Wednesday,Day,40,2018/07/25,11:10:00,No,3.0,1.0,-38.14762115,144.3619521,GREATER GEELONG
T20180013949,Wet,Fog,Collision with a fixed object,Wednesday,Day,100,2018/07/25,09:00:00,No,1.0,1.0,-36.89846331,143.0529316,NORTHERN GRAMPIANS
T20180013965,Dry,Clear,Collision with vehicle,Wednesday,Day,60,2018/07/25,10:15:00,No,2.0,1.0,-38.10498003,144.3445102,GREATER GEELONG
T20180013967,Dry,Clear,No collision and no object struck,Wednesday,Day,999,2018/07/25,10:00:00,No,1.0,1.0,-37.27444173,146.1617736,MANSFIELD
T20180013971,Dry,Clear,Collision with vehicle,Wednesday,Day,100,2018/07/25,13:45:00,No,2.0,1.0,-35.92545438,145.4318752,MOIRA
T20180013972,Wet,Raining,Collision with a fixed object,Wednesday,Day,100,2018/07/25,13:00:00,No,1.0,1.0,-38.59062997,146.5003598,WELLINGTON
T20180013973,Wet,Clear,Collision with a fixed object,Wednesday,Day,100,2018/07/25,10:55:00,No,1.0,1.0,-38.27246859,141.5223609,GLENELG
T20180013977,Dry,Clear,Collision with a fixed object,Wednesday,Day,100,2018/07/25,15:10:00,No,1.0,1.0,-37.53187114,141.6813439,SOUTHERN GRAMPIANS
T20180013980,Dry,Clear,Struck Pedestrian,Wednesday,Day,40,2018/07/25,15:30:00,No,2.0,1.0,-37.29995814,144.9484396,MITCHELL
T20180013983,Dry,Clear,Collision with vehicle,Wednesday,Day,110,2018/07/25,15:15:00,No,3.0,1.0,-36.60137552,145.8671336,BENALLA
T20180013984,Dry,Clear,Collision with vehicle,Wednesday,Day,80,2018/07/25,15:45:00,No,3.0,2.0,-37.48131812,145.2726201,MURRINDINDI
T20180013995,Dry,Clear,Collision with vehicle,Wednesday,Day,50,2018/07/25,17:21:00,No,2.0,1.0,-36.38368696,145.4103761,GREATER SHEPPARTON
T20180013998,Wet,Raining,Struck animal,Wednesday,Dark No street lights,80,2018/07/25,19:10:00,Yes,1.0,1.0,-37.49740809,143.9738516,MOORABOOL
T20180014002,Dry,Clear,Collision with vehicle,Wednesday,Dark No street lights,100,2018/07/25,19:30:00,Yes,2.0,2.0,-36.43597876,144.6487172,GREATER BENDIGO
T20180014013,Wet,Fog,Vehicle overturned (no collision),Thursday,Dark No street lights,100,2018/07/26,06:30:00,No,2.0,2.0,-37.12120147,145.2179804,MITCHELL
T20180014020,Dry,Clear,Collision with a fixed object,Thursday,Day,60,2018/07/26,09:15:00,No,1.0,1.0,-38.20242507,144.335511,GREATER GEELONG
T20180014022,Wet,Fog,Collision with a fixed object,Thursday,Dark No street lights,100,2018/07/26,06:30:00,No,1.0,1.0,-36.28650004,144.1316314,LODDON
T20180014037,Dry,Clear,Collision with vehicle,Thursday,Day,999,2018/07/26,10:27:00,No,2.0,1.0,-38.15003749,144.3623136,GREATER GEELONG
T20180014046,Dry,Clear,Collision with vehicle,Thursday,Day,100,2018/07/26,17:00:00,No,6.0,6.0,-38.32812467,142.38183,MOYNE
T20180014051,Dry,Clear,Collision with a fixed object,Thursday,Dark Street lights on,60,2018/07/26,20:05:00,Yes,2.0,1.0,-38.18307996,144.4007597,GREATER GEELONG
T20180014055,Dry,Clear,Collision with a fixed object,Thursday,Dark No street lights,110,2018/07/26,21:00:00,Yes,1.0,1.0,-37.67771942,144.4670435,MOORABOOL
T20180014062,Wet,Raining,Collision with a fixed object,Thursday,Day,100,2018/07/26,14:00:00,No,1.0,1.0,-37.35289711,144.6445543,MACEDON RANGES
T20180014065,Dry,Clear,Collision with vehicle,Friday,Day,60,2018/07/27,07:40:00,No,2.0,2.0,-37.56176133,143.8548054,BALLARAT
T20180014075,Dry,Clear,Collision with a fixed object,Friday,Day,100,2018/07/27,08:00:00,No,1.0,1.0,-38.59435997,145.7252902,BASS COAST
T20180014082,Unknown,Not known,Collision with vehicle,Wednesday,Day,50,2018/07/18,08:25:00,No,2.0,1.0,-36.76910113,144.2921046,GREATER BENDIGO
T20180014088,Dry,Clear,Collision with vehicle,Friday,Day,60,2018/07/13,15:00:00,No,2.0,1.0,-38.1527091,144.3554022,GREATER GEELONG
T20180014109,Dry,Clear,Collision with vehicle,Friday,Day,60,2018/07/27,16:40:00,Yes,3.0,1.0,-38.13743701,144.3370036,GREATER GEELONG
T20180014111,Dry,Clear,Collision with vehicle,Friday,Day,50,2018/07/27,15:45:00,No,6.0,1.0,-36.39374677,145.40703,GREATER SHEPPARTON
T20180014112,Dry,Clear,Other accident,Friday,Day,50,2018/07/27,17:00:00,Yes,1.0,1.0,-37.14066618,144.2554892,MOUNT ALEXANDER
T20180014113,Dry,Clear,Collision with vehicle,Friday,Day,80,2018/07/27,16:30:00,Yes,6.0,1.0,-38.24751592,146.4265423,LATROBE
T20180014124,Dry,Clear,Vehicle overturned (no collision),Friday,Dark No street lights,100,2018/07/27,21:03:00,Yes,3.0,3.0,-38.00128897,147.3194698,WELLINGTON
T20180014145,Dry,Clear,Collision with a fixed object,Saturday,Day,100,2018/07/28,09:10:00,No,2.0,2.0,-36.49907071,145.39708,GREATER SHEPPARTON
T20180014148,Wet,Not known,No collision and no object struck,Thursday,Unknown,60,2018/07/12,10:30:00,No,1.0,1.0,-38.08348053,144.3581754,GREATER GEELONG
T20180014150,Dry,Clear,Collision with a fixed object,Wednesday,Day,100,2018/07/25,09:45:00,No,2.0,1.0,-38.17609709,145.8872579,BAW BAW
T20180014151,Dry,Clear,Collision with vehicle,Saturday,Day,50,2018/07/28,10:30:00,No,2.0,1.0,-36.71865249,144.2536985,GREATER BENDIGO
T20180014152,Wet,Fog,Collision with a fixed object,Saturday,Day,80,2018/07/28,10:40:00,No,1.0,1.0,-38.48019573,142.9632526,CORANGAMITE
T20180014155,Dry,Clear,Vehicle overturned (no collision),Saturday,Day,100,2018/07/28,15:35:00,Yes,2.0,1.0,-37.84157932,147.9284333,EAST GIPPSLAND
T20180014158,Dry,Not known,Collision with a fixed object,Friday,Dark No street lights,100,2018/07/27,23:30:00,Yes,1.0,1.0,-35.77941898,144.0812604,GANNAWARRA
T20180014160,Dry,Clear,Collision with a fixed object,Friday,Dark No street lights,100,2018/07/27,23:40:00,Yes,1.0,1.0,-37.95103909,147.5185689,EAST GIPPSLAND
T20180014164,Dry,Clear,Collision with a fixed object,Saturday,Day,100,2018/07/28,15:40:00,No,1.0,1.0,-36.26655,144.7774965,CAMPASPE
T20180014165,Wet,Fog,Collision with a fixed object,Friday,Dark No street lights,100,2018/07/27,21:47:00,Yes,2.0,2.0,-37.50654919,141.93447,SOUTHERN GRAMPIANS
T20180014172,Dry,Clear,Collision with a fixed object,Saturday,Dark No street lights,100,2018/07/28,18:10:00,Yes,3.0,3.0,-37.9239624,146.9713376,WELLINGTON
T20180014177,Wet,Raining,Collision with vehicle,Saturday,Dark No street lights,60,2018/07/28,20:10:00,Yes,4.0,3.0,-37.54940131,143.8644698,BALLARAT
T20180014179,Wet,Clear,Struck animal,Saturday,Dark No street lights,100,2018/07/28,18:00:00,Yes,1.0,1.0,-35.84417015,144.2286815,GANNAWARRA
T20180014183,Dry,Clear,Collision with vehicle,Saturday,Day,80,2018/07/28,16:29:00,Yes,6.0,5.0,-38.34946983,146.7145767,WELLINGTON
T20180014184,Unknown,Not known,Collision with vehicle,Monday,Day,100,2018/07/09,12:25:00,No,5.0,2.0,-38.33011025,142.6188846,MOYNE
T20180014187,Wet,Clear,Collision with a fixed object,Saturday,Dark No street lights,100,2018/07/28,23:35:00,Yes,1.0,1.0,-36.19081396,144.8989477,CAMPASPE
T20180014212,Wet,Clear,Collision with vehicle,Sunday,Day,100,2018/07/29,09:50:00,No,2.0,2.0,-38.06802317,147.0738017,WELLINGTON
T20180014226,Wet,Raining,Struck Pedestrian,Sunday,Day,100,2018/07/29,13:02:00,No,5.0,1.0,-36.68924994,146.4201707,WANGARATTA
T20180014239,Wet,Raining,Collision with vehicle,Sunday,Day,100,2018/07/29,13:55:00,No,4.0,4.0,-38.21283099,144.1807652,SURF COAST
T20180014240,Snowy,Snowing,Vehicle overturned (no collision),Sunday,Day,60,2018/07/29,14:50:00,No,3.0,3.0,-37.13953568,146.457326,MOUNT BULLER ALPINE RESORT (UNINC)
T20180014249,Wet,Raining,Collision with vehicle,Sunday,Day,70,2018/07/29,13:50:00,No,4.0,2.0,-38.17331429,144.4012581,GREATER GEELONG
T20180014259,Dry,Clear,Collision with vehicle,Sunday,Dark Street lights on,50,2018/07/29,20:10:00,Yes,6.0,2.0,-36.75970006,144.2785951,GREATER BENDIGO
T20180014260,Wet,Raining,Struck animal,Monday,Dark No street lights,80,2018/07/30,00:20:00,Yes,1.0,1.0,-38.20797162,146.3208894,LATROBE
T20180014263,Dry,Clear,Collision with a fixed object,Sunday,Dark No street lights,100,2018/07/29,23:15:00,Yes,2.0,2.0,-36.82097747,142.3643021,HORSHAM
T20180014279,Dry,Clear,Collision with vehicle,Monday,Day,60,2018/07/30,12:14:00,No,3.0,1.0,-37.56561012,143.8379518,BALLARAT
T20180014287,Wet,Raining,Collision with vehicle,Sunday,Day,100,2018/07/29,14:20:00,No,3.0,2.0,-37.18547703,143.2704887,PYRENEES
T20180014289,Dry,Clear,Collision with vehicle,Monday,Day,60,2018/07/30,08:50:00,Yes,2.0,1.0,-37.57259191,143.8701645,BALLARAT
T20180014292,Unknown,Not known,Collision with vehicle,Monday,Day,100,2018/07/30,07:37:00,Yes,2.0,1.0,-37.55894032,145.6581032,MURRINDINDI
T20180014293,Wet,Clear,Collision with vehicle,Monday,Day,60,2018/07/30,12:40:00,No,10.0,1.0,-36.90035086,147.0565305,ALPINE
T20180014310,Dry,Clear,Struck Pedestrian,Monday,Dark Street lights on,50,2018/07/30,22:49:00,Yes,1.0,1.0,-36.71181135,144.2770419,GREATER BENDIGO
T20180014319,Dry,Clear,Vehicle overturned (no collision),Tuesday,Dark No street lights,100,2018/07/31,04:20:00,Yes,1.0,1.0,-36.23992982,146.6299158,INDIGO
T20180014320,Dry,Clear,Collision with a fixed object,Tuesday,Dark No street lights,100,2018/07/31,02:54:00,Yes,1.0,1.0,-37.98288016,144.5337356,GREATER GEELONG
T20180014325,Dry,Clear,Collision with vehicle,Tuesday,Day,100,2018/07/31,07:00:00,No,4.0,1.0,-38.16513861,144.2923059,GREATER GEELONG
T20180014329,Dry,Clear,Collision with vehicle,Monday,Day,60,2018/07/30,08:40:00,Yes,3.0,2.0,-37.56054224,143.8444444,BALLARAT
T20180014344,Snowy,Snowing,Collision with a fixed object,Tuesday,Day,999,2018/07/31,09:30:00,No,1.0,1.0,-36.86516898,147.2762994,FALLS CREEK ALPINE RESORT (UNINC)
T20180014345,Dry,Clear,Collision with vehicle,Thursday,Day,50,2018/05/10,13:00:00,No,2.0,1.0,-36.39418439,145.3459394,GREATER SHEPPARTON
T20180014348,Dry,Not known,Collision with vehicle,Tuesday,Day,60,2018/07/31,08:20:00,No,3.0,2.0,-38.13240304,144.3515286,GREATER GEELONG
T20180014355,Unknown,Not known,Collision with vehicle,Saturday,Dark Street lights on,50,2018/07/28,23:00:00,Yes,3.0,2.0,-38.15305169,144.3721079,GREATER GEELONG
T20180014357,Dry,Clear,Collision with a fixed object,Tuesday,Dark Street lights on,60,2018/07/31,06:50:00,No,1.0,1.0,-36.77139089,144.300339,GREATER BENDIGO
T20180014362,Dry,Clear,Struck Pedestrian,Sunday,Dusk/Dawn,40,2018/06/10,17:30:00,Yes,2.0,1.0,-36.05473056,146.4610395,INDIGO
T20180014385,Wet,Clear,Collision with vehicle,Tuesday,Dark No street lights,100,2018/07/31,18:40:00,Yes,2.0,1.0,-38.10659016,144.3204776,GREATER GEELONG
T20180014391,Wet,Raining,Collision with vehicle,Tuesday,Dark Street lights on,50,2018/07/31,22:00:00,Yes,2.0,1.0,-38.38827807,142.4833818,WARRNAMBOOL
T20180014413,Dry,Clear,Collision with vehicle,Wednesday,Day,110,2018/08/01,08:25:00,No,3.0,1.0,-37.50318848,144.9520956,MITCHELL
T20180014434,Dry,Clear,Struck animal,Friday,Dark No street lights,100,2018/06/15,22:00:00,Yes,1.0,1.0,-37.68064282,143.6316206,GOLDEN PLAINS
T20180014439,Dry,Clear,Collision with vehicle,Wednesday,Day,60,2018/08/01,14:40:00,No,2.0,1.0,-37.55728666,143.8480951,BALLARAT
T20180014443,Dry,Clear,Vehicle overturned (no collision),Wednesday,Day,100,2018/08/01,14:20:00,No,1.0,1.0,-37.47752691,144.540391,MACEDON RANGES
T20180014445,Dry,Clear,Struck Pedestrian,Wednesday,Day,60,2018/08/01,15:25:00,No,2.0,1.0,-38.1784572,146.2535085,LATROBE
T20180014447,Dry,Clear,Collision with a fixed object,Wednesday,Dusk/Dawn,100,2018/08/01,17:20:00,No,5.0,3.0,-36.1268805,147.0096199,WODONGA
T20180014451,Unknown,Not known,Collision with vehicle,Wednesday,Unknown,80,2018/08/01,09:25:00,No,2.0,1.0,-38.11500286,144.3546287,GREATER GEELONG
T20180014467,Dry,Clear,Collision with vehicle,Wednesday,Dark Street lights on,50,2018/08/01,18:53:00,Yes,2.0,1.0,-38.33599147,143.5922053,COLAC OTWAY
T20180014476,Dry,Not known,Struck animal,Monday,Day,100,2018/07/30,17:00:00,Yes,1.0,1.0,-36.615638,145.2314899,GREATER SHEPPARTON
T20180014480,Icy,Clear,Collision with a fixed object,Wednesday,Dark No street lights,80,2018/08/01,17:00:00,No,4.0,4.0,-37.02348588,147.2021133,ALPINE
T20180014482,Dry,Clear,Collision with vehicle,Thursday,Day,110,2018/08/02,07:55:00,No,2.0,2.0,-36.58289066,145.9552142,BENALLA
T20180014483,Wet,Clear,Struck Pedestrian,Wednesday,Dark Street lights on,60,2018/07/25,01:00:00,Yes,3.0,1.0,-36.61784,142.4666199,YARRIAMBIACK
T20180014486,Dry,Clear,Collision with vehicle,Wednesday,Dark No street lights,100,2018/08/01,19:00:00,Yes,2.0,1.0,-35.26471999,143.5514537,SWAN HILL
T20180014487,Icy,Fog,Collision with vehicle,Thursday,Dusk/Dawn,100,2018/08/02,07:00:00,No,2.0,1.0,-36.37235997,145.2228618,GREATER SHEPPARTON
T20180014492,Icy,Clear,Collision with a fixed object,Thursday,Day,80,2018/08/02,09:40:00,No,2.0,2.0,-37.02606837,147.2770711,ALPINE
T20180014496,Dry,Clear,Collision with vehicle,Wednesday,Day,60,2018/08/01,15:50:00,No,4.0,2.0,-38.43705734,145.827461,SOUTH GIPPSLAND
T20180014498,Dry,Clear,Collision with vehicle,Thursday,Day,60,2018/08/02,11:00:00,No,3.0,2.0,-38.02596086,144.4231598,GREATER GEELONG
T20180014506,Unknown,Not known,Struck animal,Friday,Unknown,100,2018/06/29,18:18:00,Yes,1.0,1.0,-36.86152002,144.2217601,GREATER BENDIGO
T20180014515,Dry,Clear,Struck animal,Thursday,Day,999,2018/07/26,15:30:00,No,1.0,1.0,-37.74170035,147.0456491,WELLINGTON
T20180014539,Dry,Clear,Collision with a fixed object,Thursday,Day,80,2018/08/02,15:30:00,No,1.0,1.0,-38.0988486,144.3552524,GREATER GEELONG
T20180014553,Dry,Clear,Collision with a fixed object,Thursday,Unknown,100,2018/08/02,21:45:00,Yes,1.0,1.0,-36.00201,144.5134209,CAMPASPE
T20180014560,Dry,Clear,collision with some other object,Wednesday,Day,999,2018/08/01,15:00:00,No,1.0,1.0,-36.93864621,145.9063253,MANSFIELD
T20180014561,Dry,Clear,Collision with vehicle,Thursday,Dark Street lights on,50,2018/08/02,18:25:00,Yes,2.0,1.0,-36.54660894,145.9868905,BENALLA
T20180014567,Dry,Clear,Collision with vehicle,Friday,Day,60,2018/08/03,08:30:00,No,7.0,2.0,-37.53891024,143.8222955,BALLARAT
T20180014570,Dry,Clear,Collision with vehicle,Tuesday,Day,50,2018/07/17,10:35:00,No,2.0,1.0,-36.13151334,144.7600862,CAMPASPE
T20180014571,Dry,Clear,Collision with a fixed object,Friday,Day,999,2018/08/03,08:34:00,No,2.0,1.0,-37.72453448,144.0381709,MOORABOOL
T20180014587,Dry,Clear,Collision with vehicle,Friday,Day,40,2018/08/03,14:35:00,No,5.0,1.0,-38.20348326,146.1817208,BAW BAW
T20180014593,Wet,Raining,Struck Pedestrian,Friday,Day,50,2018/08/03,16:30:00,Yes,2.0,1.0,-36.38089833,145.3978907,GREATER SHEPPARTON
T20180014640,Wet,Raining,collision with some other object,Saturday,Dark No street lights,100,2018/07/14,00:10:00,Yes,1.0,1.0,-36.48649793,143.5484883,LODDON
T20180014647,Dry,Clear,Collision with a fixed object,Saturday,Dark No street lights,80,2018/08/04,00:50:00,Yes,4.0,4.0,-36.34753188,145.376,GREATER SHEPPARTON
T20180014654,Dry,Clear,Collision with vehicle,Saturday,Day,70,2018/08/04,11:40:00,No,3.0,1.0,-38.15581992,144.3511994,GREATER GEELONG
T20180014669,Dry,Clear,Collision with a fixed object,Saturday,Day,100,2018/08/04,16:25:00,Yes,1.0,1.0,-38.64508097,145.8520469,SOUTH GIPPSLAND
T20180014674,Dry,Clear,Collision with a fixed object,Saturday,Dusk/Dawn,80,2018/08/04,18:25:00,Yes,2.0,1.0,-36.38618174,145.3828311,GREATER SHEPPARTON
T20180014678,Wet,Raining,Collision with vehicle,Saturday,Dark No street lights,80,2018/08/04,18:05:00,Yes,2.0,1.0,-37.05241754,145.8657804,MANSFIELD
T20180014700,Dry,Clear,Collision with a fixed object,Sunday,Day,60,2018/08/05,07:50:00,Yes,1.0,1.0,-37.4198265,144.9976302,MITCHELL
T20180014701,Dry,Clear,Collision with vehicle,Sunday,Day,80,2018/08/05,13:30:00,No,4.0,1.0,-34.23095953,142.1861296,MILDURA
T20180014719,Dry,Clear,Collision with vehicle,Sunday,Dusk/Dawn,70,2018/08/05,17:29:00,No,4.0,2.0,-38.17119515,144.3935622,GREATER GEELONG
T20180014721,Dry,Clear,Struck Pedestrian,Sunday,Day,50,2018/08/05,17:30:00,Yes,1.0,1.0,-38.18933352,146.5305595,LATROBE
T20180014722,Dry,Clear,Collision with vehicle,Sunday,Day,60,2018/08/05,15:46:00,No,3.0,2.0,-36.79790622,144.245191,GREATER BENDIGO
T20180014728,Dry,Clear,Collision with a fixed object,Sunday,Dark No street lights,60,2018/08/05,18:20:00,Yes,1.0,1.0,-36.70758689,144.2273948,GREATER BENDIGO
T20180014750,Wet,Raining,Collision with vehicle,Monday,Day,50,2018/08/06,09:11:00,No,2.0,1.0,-37.24477653,144.4540765,MACEDON RANGES
T20180014751,Wet,Not known,Collision with vehicle,Monday,Day,80,2018/08/06,08:15:00,No,2.0,1.0,-38.23474468,146.4316254,LATROBE
T20180014757,Wet,Raining,Collision with a fixed object,Monday,Day,110,2018/08/06,09:10:00,Yes,2.0,2.0,-37.29982984,145.0540773,MITCHELL
T20180014763,Dry,Clear,Vehicle overturned (no collision),Sunday,Day,100,2018/08/05,11:00:00,No,1.0,1.0,-37.74801074,147.1493686,WELLINGTON
T20180014772,Dry,Clear,Struck Pedestrian,Monday,Day,70,2018/08/06,13:20:00,No,2.0,2.0,-38.14493233,144.3530858,GREATER GEELONG
T20180014774,Snowy,Snowing,Collision with vehicle,Monday,Day,60,2018/08/06,15:40:00,No,4.0,1.0,-36.84732646,147.2698432,FALLS CREEK ALPINE RESORT (UNINC)
T20180014791,Dry,Clear,Collision with vehicle,Monday,Dark Street lights on,60,2018/08/06,20:10:00,Yes,4.0,2.0,-36.75728058,144.2918285,GREATER BENDIGO
T20180014797,Dry,Not known,Collision with vehicle,Monday,Day,60,2018/08/06,15:20:00,No,2.0,1.0,-37.56647032,143.8377927,BALLARAT
T20180014813,Wet,Clear,Struck animal,Tuesday,Dusk/Dawn,110,2018/08/07,06:45:00,No,1.0,1.0,-34.61839997,142.2276803,MILDURA
T20180014814,Wet,Not known,No collision and no object struck,Saturday,Day,999,2018/07/21,11:30:00,No,1.0,1.0,-37.62292867,144.1647298,MOORABOOL
T20180014815,Dry,Clear,Collision with vehicle,Tuesday,Day,60,2018/08/07,08:47:00,No,2.0,1.0,-34.21546942,142.1260733,MILDURA
T20180014816,Wet,Not known,Vehicle overturned (no collision),Saturday,Dark No street lights,50,2018/05/19,21:30:00,Yes,1.0,1.0,-36.76311996,144.2350406,GREATER BENDIGO
T20180014839,Dry,Clear,Collision with a fixed object,Tuesday,Day,100,2018/08/07,10:55:00,No,2.0,1.0,-37.35828226,143.9809196,HEPBURN
T20180014850,Wet,Raining,Collision with a fixed object,Tuesday,Day,100,2018/08/07,13:10:00,No,1.0,1.0,-37.76777001,143.7797701,GOLDEN PLAINS
T20180014860,Unknown,Not known,Collision with a fixed object,Monday,Dark No street lights,999,2018/08/06,22:17:00,Yes,3.0,1.0,-37.89232406,146.8274768,WELLINGTON
T20180014870,Dry,Clear,Collision with vehicle,Tuesday,Dark Street lights on,60,2018/08/07,17:30:00,No,3.0,1.0,-36.36401003,145.4020403,GREATER SHEPPARTON
T20180014918,Dry,Not known,Collision with vehicle,Wednesday,Day,80,2018/08/08,10:15:00,No,3.0,1.0,-35.99259918,144.5117904,CAMPASPE
T20180014919,Dry,Clear,Collision with vehicle,Wednesday,Day,60,2018/08/08,10:47:00,No,3.0,2.0,-38.17773199,144.3118371,GREATER GEELONG
T20180014922,Dry,Clear,Collision with vehicle,Wednesday,Day,40,2018/08/08,12:20:00,No,3.0,1.0,-36.40042035,145.3951526,GREATER SHEPPARTON
T20180014933,Wet,Raining,Collision with vehicle,Wednesday,Day,100,2018/08/08,14:20:00,No,4.0,2.0,-37.21989612,144.4164956,MACEDON RANGES
T20180014941,Wet,Raining,Collision with vehicle,Wednesday,Day,100,2018/08/08,17:15:00,No,2.0,2.0,-38.24412267,146.0043346,BAW BAW
T20180014949,Dry,Clear,Collision with a fixed object,Wednesday,Dusk/Dawn,100,2018/08/08,18:00:00,Yes,1.0,1.0,-37.90807962,142.2880528,SOUTHERN GRAMPIANS
T20180014954,Wet,Raining,Vehicle overturned (no collision),Wednesday,Dark No street lights,80,2018/08/08,20:50:00,Yes,2.0,2.0,-37.79491918,147.6094007,EAST GIPPSLAND
T20180014970,Dry,Clear,Collision with vehicle,Thursday,Day,60,2018/08/09,09:00:00,No,4.0,1.0,-37.7050191,148.4590594,EAST GIPPSLAND
T20180014980,Snowy,Clear,Collision with a fixed object,Thursday,Day,80,2018/08/09,11:00:00,No,2.0,1.0,-36.97296169,147.1293807,MOUNT HOTHAM ALPINE RESORT (UNINC)
T20180014990,Dry,Clear,No collision and no object struck,Thursday,Day,50,2018/08/09,12:40:00,No,1.0,1.0,-37.66627877,144.426589,MOORABOOL