Accident_No,Surface_Cond_Desc,Atmosph_Cond_Desc,Accident_Type_Desc,Day,Light_Condition_Desc,Speed_Zone,Accident_Date,Accident_Time,Alcohol_Influence,Total_Persons_Inv,Inj_Or_Fatal,Lat,Long,LGA
T20180014994,Dry,Clear,Collision with vehicle,Thursday,Day,60,2018/08/09,13:32:00,No,5.0,1.0,-37.74329507,142.0287194,SOUTHERN GRAMPIANS
T20180015038,Dry,Clear,Struck animal,Thursday,Dark No street lights,100,2018/08/09,22:55:00,Yes,1.0,1.0,-38.36131688,144.2461025,SURF COAST
T20180015043,Dry,Clear,Collision with a fixed object,Thursday,Dark No street lights,100,2018/08/09,18:00:00,Yes,1.0,1.0,-35.64033777,143.828403,GANNAWARRA
T20180015054,Dry,Clear,Collision with vehicle,Friday,Day,60,2018/08/10,11:00:00,No,2.0,1.0,-37.18995428,145.7177615,MURRINDINDI
T20180015073,Unknown,Not known,Collision with vehicle,Friday,Day,60,2018/08/10,15:05:00,No,2.0,1.0,-38.17937702,144.3689282,GREATER GEELONG
T20180015082,Dry,Clear,Collision with vehicle,Friday,Day,50,2018/08/10,15:06:00,No,2.0,1.0,-35.34414829,143.5503851,SWAN HILL
T20180015084,Dry,Clear,Collision with vehicle,Friday,Day,50,2018/08/10,14:45:00,No,3.0,1.0,-34.19710509,142.158175,MILDURA
T20180015090,Dry,Clear,Collision with a fixed object,Friday,Day,60,2018/08/10,15:45:00,No,1.0,1.0,-38.28355841,144.6044569,QUEENSCLIFFE
T20180015094,Dry,Clear,Collision with vehicle,Friday,Day,50,2018/08/10,17:05:00,No,2.0,1.0,-38.14913865,144.3633496,GREATER GEELONG
T20180015103,Dry,Clear,Struck Pedestrian,Friday,Dark Street lights on,40,2018/08/10,21:10:00,Yes,3.0,1.0,-38.1464295,144.3611383,GREATER GEELONG
T20180015106,Icy,Clear,Struck Pedestrian,Thursday,Day,60,2018/08/09,08:30:00,No,1.0,1.0,-36.85438956,147.2726225,FALLS CREEK ALPINE RESORT (UNINC)
T20180015131,Dry,Not known,Collision with vehicle,Friday,Day,999,2018/07/27,15:10:00,No,2.0,1.0,-38.11727024,144.354162,GREATER GEELONG
T20180015144,Wet,Clear,Collision with vehicle,Saturday,Day,100,2018/08/11,13:10:00,No,2.0,1.0,-36.62649182,144.1565355,GREATER BENDIGO
T20180015147,Wet,Clear,Struck animal,Friday,Dark No street lights,100,2018/08/10,19:30:00,Yes,2.0,1.0,-37.06784852,147.3429914,ALPINE
T20180015160,Wet,Clear,Collision with a fixed object,Saturday,Day,110,2018/08/11,07:30:00,Yes,1.0,1.0,-35.52307145,142.8688584,BULOKE
T20180015165,Wet,Raining,Struck animal,Saturday,Dark No street lights,100,2018/08/11,18:45:00,Yes,1.0,1.0,-36.68940309,144.4517056,GREATER BENDIGO
T20180015167,Dry,Clear,Struck Pedestrian,Friday,Day,50,2018/08/10,14:35:00,No,3.0,1.0,-36.38108673,145.3993076,GREATER SHEPPARTON
T20180015169,Dry,Clear,Collision with vehicle,Saturday,Day,100,2018/08/11,13:25:00,No,7.0,1.0,-34.23229775,142.1253921,MILDURA
T20180015170,Dry,Clear,Collision with a fixed object,Saturday,Dark No street lights,110,2018/08/11,20:10:00,Yes,1.0,1.0,-37.66944907,144.4638713,MOORABOOL
T20180015174,Wet,Clear,Collision with vehicle,Saturday,Dark Street lights on,50,2018/08/11,20:00:00,Yes,1.0,1.0,-36.76636038,144.3192713,GREATER BENDIGO
T20180015176,Icy,Raining,Vehicle overturned (no collision),Saturday,Day,110,2018/08/11,15:15:00,Yes,6.0,2.0,-36.90210053,145.2521007,STRATHBOGIE
T20180015178,Wet,Raining,Collision with vehicle,Saturday,Dark Street lights on,80,2018/08/11,19:00:00,Yes,2.0,1.0,-34.22390585,142.1153556,MILDURA
T20180015182,Wet,Raining,Collision with a fixed object,Sunday,Dark No street lights,100,2018/08/12,00:05:00,No,1.0,1.0,-38.08925442,145.8609203,BAW BAW
T20180015190,Wet,Raining,Collision with vehicle,Saturday,Dark Street lights on,50,2018/08/11,23:35:00,Yes,7.0,2.0,-38.47768213,145.951487,SOUTH GIPPSLAND
T20180015195,Dry,Clear,Collision with a fixed object,Friday,Dark No street lights,100,2018/08/10,04:40:00,Yes,1.0,1.0,-37.73374714,141.113415,GLENELG
T20180015198,Wet,Clear,Collision with a fixed object,Sunday,Dark No street lights,80,2018/08/12,04:35:00,Yes,1.0,1.0,-38.33360594,144.2033808,SURF COAST
T20180015209,Dry,Clear,Collision with a fixed object,Sunday,Day,110,2018/08/12,11:11:00,No,1.0,1.0,-37.2860503,145.0550049,MITCHELL
T20180015214,Wet,Raining,Vehicle overturned (no collision),Sunday,Day,80,2018/08/12,11:55:00,No,4.0,1.0,-36.64786,146.8553348,ALPINE
T20180015219,Wet,Raining,Collision with a fixed object,Sunday,Day,80,2018/08/12,11:57:00,No,2.0,1.0,-37.9296902,141.2903554,GLENELG
T20180015220,Dry,Clear,Collision with a fixed object,Sunday,Day,100,2018/08/12,11:30:00,No,2.0,2.0,-38.25053176,146.6734349,WELLINGTON
T20180015226,Dry,Clear,Collision with vehicle,Sunday,Day,100,2018/08/12,14:30:00,No,3.0,3.0,-37.75319355,144.4431354,MOORABOOL
T20180015245,Wet,Raining,Collision with vehicle,Sunday,Dark Street lights on,40,2018/08/12,21:26:00,Yes,2.0,1.0,-38.15035372,144.3593165,GREATER GEELONG
T20180015251,Dry,Clear,Collision with a fixed object,Monday,Dark No street lights,100,2018/08/13,00:20:00,Yes,2.0,2.0,-36.41406883,145.2229,GREATER SHEPPARTON
T20180015252,Wet,Raining,Collision with vehicle,Monday,Dark Street lights on,60,2018/08/13,05:00:00,Yes,1.0,1.0,-38.33305874,143.6053495,COLAC OTWAY
T20180015255,Dry,Clear,Collision with a fixed object,Friday,Day,110,2018/08/10,11:05:00,No,1.0,1.0,-38.18224948,145.9894604,BAW BAW
T20180015261,Wet,Not known,Collision with vehicle,Monday,Day,100,2018/08/13,07:25:00,No,3.0,1.0,-37.10382163,143.7760194,CENTRAL GOLDFIELDS
T20180015268,Dry,Raining,Collision with vehicle,Monday,Day,80,2018/08/13,11:01:00,No,2.0,1.0,-38.21933512,144.3003655,GREATER GEELONG
T20180015275,Dry,Clear,Collision with a fixed object,Monday,Dark No street lights,100,2018/08/13,01:30:00,Yes,1.0,1.0,-37.44692197,149.6278513,EAST GIPPSLAND
T20180015286,Wet,Clear,Collision with vehicle,Monday,Day,80,2018/08/13,09:40:00,No,2.0,1.0,-38.62701905,145.7217363,BASS COAST
T20180015303,Wet,Clear,Collision with a fixed object,Monday,Dark Street lights on,50,2018/08/13,18:30:00,Yes,1.0,1.0,-38.33544475,143.5963507,COLAC OTWAY
T20180015304,Wet,Raining,Collision with a fixed object,Monday,Dark No street lights,100,2018/08/13,19:55:00,Yes,1.0,1.0,-38.44592393,145.8512199,SOUTH GIPPSLAND
T20180015326,Dry,Not known,Collision with a fixed object,Tuesday,Day,100,2018/08/14,09:19:00,No,1.0,1.0,-38.38080517,141.6134208,GLENELG
T20180015341,Dry,Clear,Collision with vehicle,Tuesday,Day,50,2018/08/14,12:06:00,No,6.0,2.0,-37.82563667,147.6336487,EAST GIPPSLAND
T20180015343,Dry,Clear,Collision with vehicle,Tuesday,Day,70,2018/08/14,11:30:00,No,5.0,1.0,-38.1334072,144.3511555,GREATER GEELONG
T20180015351,Muddy,Clear,Collision with a fixed object,Saturday,Day,80,2018/08/11,11:15:00,No,1.0,1.0,-38.58210636,143.940347,COLAC OTWAY
T20180015352,Wet,Clear,Collision with vehicle,Tuesday,Day,100,2018/08/14,13:00:00,No,3.0,1.0,-38.22608407,142.8950189,CORANGAMITE
T20180015354,Dry,Clear,Vehicle overturned (no collision),Monday,Day,100,2018/08/13,12:50:00,No,1.0,1.0,-36.71963951,141.520081,WEST WIMMERA
T20180015358,Dry,Clear,Collision with a fixed object,Tuesday,Day,100,2018/08/14,12:00:00,No,1.0,1.0,-38.62356638,146.6419701,WELLINGTON
T20180015362,Dry,Clear,Collision with vehicle,Tuesday,Day,100,2018/08/14,15:20:00,No,3.0,2.0,-36.72373261,142.2489797,HORSHAM
T20180015363,Wet,Clear,Collision with a fixed object,Tuesday,Day,80,2018/08/14,07:50:00,No,4.0,4.0,-38.46085698,146.308858,LATROBE
T20180015368,Dry,Clear,Collision with vehicle,Tuesday,Dark No street lights,100,2018/08/14,19:00:00,Yes,5.0,3.0,-36.4301307,146.2739099,WANGARATTA
T20180015384,Dry,Clear,Collision with vehicle,Wednesday,Dusk/Dawn,60,2018/08/15,07:00:00,No,2.0,2.0,-36.73475846,144.2534341,GREATER BENDIGO
T20180015387,Dry,Clear,collision with some other object,Wednesday,Day,80,2018/08/15,09:10:00,No,2.0,2.0,-38.16037065,145.8334105,BAW BAW
T20180015402,Unknown,Clear,Collision with vehicle,Wednesday,Day,60,2018/08/15,09:15:00,No,2.0,1.0,-36.75259657,144.2836991,GREATER BENDIGO
T20180015403,Unknown,Not known,Collision with a fixed object,Saturday,Day,50,2018/06/16,12:00:00,No,1.0,1.0,-37.82515689,147.6344609,EAST GIPPSLAND
T20180015407,Dry,Clear,Collision with vehicle,Wednesday,Day,110,2018/08/15,11:20:00,No,2.0,1.0,-37.09500017,144.35004,MOUNT ALEXANDER
T20180015419,Wet,Raining,Collision with a fixed object,Wednesday,Day,80,2018/08/15,16:30:00,No,2.0,2.0,-36.15732936,146.9373507,WODONGA
T20180015427,Wet,Raining,Collision with vehicle,Wednesday,Dark Street lights on,60,2018/08/15,19:50:00,Yes,5.0,2.0,-36.3593193,146.3155243,WANGARATTA
T20180015454,Snowy,Snowing,No collision and no object struck,Tuesday,Dusk/Dawn,999,2018/08/07,07:30:00,No,1.0,1.0,-37.82693023,146.338922,BAW BAW
T20180015455,Dry,Clear,Collision with vehicle,Thursday,Day,50,2018/08/16,09:22:00,No,1.0,1.0,-38.19808899,146.5547107,LATROBE
T20180015467,Dry,Clear,Struck Pedestrian,Thursday,Day,60,2018/08/16,10:43:00,No,2.0,1.0,-34.21037898,142.1406312,MILDURA
T20180015469,Dry,Clear,Collision with a fixed object,Thursday,Day,100,2018/08/16,09:55:00,No,1.0,1.0,-36.38271182,141.9266304,HINDMARSH
T20180015470,Wet,Clear,Collision with vehicle,Wednesday,Dark No street lights,100,2018/08/15,18:20:00,Yes,2.0,1.0,-38.40476072,145.7604484,SOUTH GIPPSLAND
T20180015476,Dry,Clear,Collision with a fixed object,Thursday,Day,100,2018/08/16,11:00:00,No,2.0,2.0,-36.30283934,142.8631093,BULOKE
T20180015479,Dry,Clear,Struck animal,Tuesday,Dark No street lights,100,2018/08/14,19:00:00,Yes,1.0,1.0,-36.50202946,147.0452983,ALPINE
T20180015491,Dry,Clear,Collision with vehicle,Thursday,Day,60,2018/08/16,16:40:00,No,2.0,1.0,-36.72460447,144.2414936,GREATER BENDIGO
T20180015528,Dry,Clear,No collision and no object struck,Wednesday,Day,60,2018/07/04,14:30:00,No,1.0,1.0,-38.1451213,144.3530566,GREATER GEELONG
T20180015541,Dry,Clear,Collision with vehicle,Friday,Day,60,2018/08/17,12:15:00,No,3.0,1.0,-36.40952924,146.246681,WANGARATTA
T20180015545,Dry,Clear,Collision with vehicle,Thursday,Day,60,2018/08/09,13:00:00,No,2.0,1.0,-36.74056951,144.2591698,GREATER BENDIGO
T20180015549,Dry,Clear,Collision with vehicle,Friday,Day,100,2018/08/17,09:50:00,No,6.0,6.0,-36.4583595,142.0563818,HINDMARSH
T20180015552,Dry,Clear,Struck Pedestrian,Friday,Day,50,2018/08/17,14:36:00,No,2.0,1.0,-38.09597937,147.063255,WELLINGTON
T20180015570,Dry,Clear,Collision with vehicle,Friday,Day,100,2018/08/17,16:50:00,No,5.0,5.0,-37.36922948,143.9233334,HEPBURN
T20180015572,Dry,Clear,Collision with a fixed object,Thursday,Dark No street lights,60,2018/08/16,20:13:00,Yes,1.0,1.0,-36.42549735,145.3291216,GREATER SHEPPARTON
T20180015575,Dry,Clear,No collision and no object struck,Friday,Dark No street lights,60,2018/08/17,18:40:00,Yes,3.0,1.0,-38.03470635,144.4021119,GREATER GEELONG
T20180015584,Icy,Fog,Collision with vehicle,Friday,Dusk/Dawn,60,2018/08/17,17:00:00,No,8.0,2.0,-36.97427991,147.124725,MOUNT HOTHAM ALPINE RESORT (UNINC)
T20180015592,Wet,Raining,Collision with vehicle,Friday,Dark Street lights on,60,2018/08/17,23:21:00,Yes,9.0,1.0,-37.56485643,143.8452147,BALLARAT
T20180015593,Wet,Clear,Collision with vehicle,Friday,Dark Street lights on,60,2018/08/17,06:35:00,No,2.0,1.0,-37.57961197,143.8420606,BALLARAT
T20180015597,Dry,Clear,Collision with vehicle,Friday,Dark No street lights,110,2018/08/17,21:18:00,Yes,4.0,4.0,-35.15466881,142.6463702,MILDURA
T20180015617,Dry,Clear,Collision with vehicle,Saturday,Day,100,2018/08/18,11:30:00,No,4.0,2.0,-36.37261847,145.2228645,GREATER SHEPPARTON
T20180015628,Dry,Clear,Collision with vehicle,Wednesday,Day,40,2018/08/08,10:05:00,No,2.0,1.0,-36.37867359,141.2384745,WEST WIMMERA
T20180015633,Unknown,Not known,Collision with vehicle,Saturday,Dusk/Dawn,110,2018/08/18,17:50:00,Yes,2.0,2.0,-38.0868736,145.7792394,BAW BAW
T20180015634,Wet,Raining,Vehicle overturned (no collision),Saturday,Day,100,2018/08/18,16:26:00,Yes,3.0,3.0,-38.2859561,146.3173778,LATROBE
T20180015638,Dry,Not known,Collision with vehicle,Wednesday,Dark Street lights unknown,60,2018/08/15,19:10:00,Yes,2.0,1.0,-36.61570408,143.2526605,NORTHERN GRAMPIANS
T20180015639,Wet,Raining,Collision with a fixed object,Saturday,Day,999,2018/08/18,16:00:00,Yes,1.0,1.0,-37.98102152,146.3028504,BAW BAW
T20180015661,Wet,Raining,Collision with vehicle,Saturday,Dark No street lights,100,2018/08/18,20:10:00,Yes,3.0,2.0,-37.94315933,144.1258706,GOLDEN PLAINS
T20180015665,Dry,Clear,Collision with vehicle,Saturday,Day,60,2018/08/18,10:40:00,No,3.0,2.0,-38.12984202,144.3319387,GREATER GEELONG
T20180015666,Dry,Clear,Collision with vehicle,Sunday,Day,100,2018/08/19,10:00:00,Yes,3.0,1.0,-36.31348895,145.09866,CAMPASPE
T20180015669,Dry,Clear,Collision with vehicle,Sunday,Day,70,2018/08/19,10:40:00,No,5.0,1.0,-36.35685932,144.6971245,CAMPASPE
T20180015672,Wet,Raining,Collision with a fixed object,Sunday,Day,100,2018/08/19,09:57:00,Yes,1.0,1.0,-37.7053271,148.525709,EAST GIPPSLAND
T20180015674,Wet,Raining,Collision with vehicle,Sunday,Day,60,2018/08/19,11:30:00,No,3.0,1.0,-37.56313105,143.8485545,BALLARAT
T20180015683,Wet,Raining,Collision with vehicle,Sunday,Day,80,2018/08/19,12:30:00,No,6.0,4.0,-37.56241005,145.6565901,MURRINDINDI
T20180015686,Wet,Raining,Collision with vehicle,Sunday,Day,70,2018/08/19,14:20:00,No,3.0,1.0,-37.35597329,144.7436359,MACEDON RANGES
T20180015689,Dry,Clear,Struck Pedestrian,Sunday,Day,50,2018/08/19,15:30:00,No,2.0,1.0,-37.86959759,147.9933399,EAST GIPPSLAND
T20180015691,Wet,Clear,Collision with vehicle,Sunday,Day,60,2018/08/19,17:45:00,Yes,2.0,1.0,-38.37638227,142.4798958,WARRNAMBOOL
T20180015698,Dry,Clear,Struck Pedestrian,Sunday,Dusk/Dawn,50,2018/08/19,17:45:00,No,2.0,1.0,-36.35301,145.387914,GREATER SHEPPARTON
T20180015708,Dry,Clear,Collision with a fixed object,Monday,Dark No street lights,110,2018/08/20,03:10:00,Yes,1.0,1.0,-36.25910971,146.4175595,WANGARATTA
T20180015720,Dry,Clear,Collision with vehicle,Saturday,Day,60,2018/08/18,16:50:00,Yes,3.0,2.0,-37.60435049,143.8381581,BALLARAT
T20180015724,Wet,Raining,Collision with a fixed object,Saturday,Dark No street lights,80,2018/08/18,23:36:00,Yes,2.0,1.0,-37.88532601,144.2579237,GREATER GEELONG
T20180015738,Dry,Clear,Vehicle overturned (no collision),Monday,Day,100,2018/08/20,11:15:00,No,1.0,1.0,-37.22609021,144.7419041,MACEDON RANGES
T20180015753,Wet,Raining,Collision with vehicle,Monday,Dark Street lights on,100,2018/08/20,18:28:00,Yes,4.0,3.0,-38.09003466,145.8295296,BAW BAW
T20180015755,Wet,Clear,Collision with a fixed object,Monday,Dark Street lights on,60,2018/08/20,19:30:00,Yes,2.0,2.0,-36.75193784,144.2937624,GREATER BENDIGO
T20180015761,Dry,Clear,Collision with a fixed object,Monday,Dark No street lights,100,2018/08/20,22:45:00,Yes,5.0,5.0,-36.42234267,145.1633606,GREATER SHEPPARTON
T20180015767,Dry,Clear,Collision with a fixed object,Monday,Dusk/Dawn,100,2018/08/20,17:00:00,Yes,1.0,1.0,-37.95168253,146.7687582,WELLINGTON
T20180015770,Dry,Clear,Collision with vehicle,Tuesday,Day,60,2018/08/21,08:20:00,No,3.0,1.0,-38.14847949,144.3348952,GREATER GEELONG
T20180015779,Wet,Raining,Collision with a fixed object,Tuesday,Day,100,2018/08/21,09:20:00,No,2.0,1.0,-38.42012226,145.9049006,SOUTH GIPPSLAND
T20180015780,Dry,Clear,Collision with vehicle,Monday,Day,60,2018/08/20,08:46:00,Yes,5.0,2.0,-34.19802392,142.146737,MILDURA
T20180015807,Wet,Raining,Collision with vehicle,Tuesday,Day,100,2018/08/21,10:35:00,No,3.0,3.0,-38.62061089,146.16956,SOUTH GIPPSLAND
T20180015815,Dry,Clear,Collision with vehicle,Tuesday,Day,50,2018/08/21,14:55:00,No,2.0,1.0,-37.56520628,143.8481751,BALLARAT
T20180015816,Wet,Not known,Collision with vehicle,Tuesday,Day,70,2018/08/21,15:45:00,No,5.0,5.0,-38.18119855,145.9379652,BAW BAW
T20180015819,Dry,Clear,Collision with vehicle,Tuesday,Day,60,2018/08/21,16:16:00,No,3.0,2.0,-37.53261171,143.8197649,BALLARAT
T20180015821,Dry,Clear,Collision with a fixed object,Tuesday,Dark No street lights,100,2018/08/21,18:30:00,Yes,1.0,1.0,-37.38347254,142.880634,ARARAT
T20180015822,Wet,Raining,Collision with a fixed object,Tuesday,Day,100,2018/08/21,16:20:00,No,2.0,1.0,-38.04620224,144.4041689,GREATER GEELONG
T20180015826,Dry,Clear,Struck Pedestrian,Tuesday,Dark Street lights off,50,2018/08/21,21:55:00,Yes,2.0,1.0,-38.15622186,144.3667444,GREATER GEELONG
T20180015827,Wet,Raining,Struck animal,Monday,Dark No street lights,100,2018/08/20,22:45:00,Yes,1.0,1.0,-38.6702777,146.4386117,SOUTH GIPPSLAND
T20180015831,Dry,Clear,Collision with a fixed object,Tuesday,Day,110,2018/08/21,12:10:00,No,1.0,1.0,-37.56635863,144.0995301,MOORABOOL
T20180015832,Dry,Clear,Collision with vehicle,Friday,Day,100,2018/03/23,16:00:00,Yes,2.0,1.0,-38.0820695,144.3319784,GREATER GEELONG
T20180015834,Dry,Clear,Collision with vehicle,Wednesday,Dusk/Dawn,60,2018/08/22,06:55:00,No,2.0,1.0,-36.772742,144.2687969,GREATER BENDIGO
T20180015837,Snowy,Clear,collision with some other object,Tuesday,Dark No street lights,100,2018/08/21,21:30:00,Yes,1.0,1.0,-37.04690942,146.9340217,ALPINE
T20180015846,Dry,Clear,Collision with vehicle,Wednesday,Day,50,2018/08/22,08:55:00,No,3.0,2.0,-37.34900775,144.7411902,MACEDON RANGES
T20180015855,Dry,Clear,Collision with a fixed object,Wednesday,Day,100,2018/08/22,11:45:00,No,1.0,1.0,-36.91199051,143.8406725,CENTRAL GOLDFIELDS
T20180015866,Dry,Clear,Collision with vehicle,Wednesday,Day,999,2018/08/22,15:42:00,No,2.0,1.0,-38.06651956,144.2921428,GREATER GEELONG
T20180015872,Dry,Clear,Collision with a fixed object,Wednesday,Day,100,2018/08/22,15:00:00,No,1.0,1.0,-37.79733997,143.769529,GOLDEN PLAINS
T20180015873,Dry,Clear,Struck animal,Wednesday,Dark No street lights,100,2018/08/22,18:30:00,Yes,1.0,1.0,-38.26216755,144.4357226,GREATER GEELONG
T20180015885,Dry,Clear,No collision and no object struck,Tuesday,Day,100,2018/08/21,16:31:00,No,1.0,1.0,-36.93188098,143.1105562,PYRENEES
T20180015888,Dry,Clear,Collision with vehicle,Thursday,Day,60,2018/08/23,07:10:00,No,4.0,1.0,-37.55751988,143.812479,BALLARAT
T20180015892,Dry,Clear,Collision with vehicle,Thursday,Day,100,2018/08/23,08:40:00,No,2.0,1.0,-38.31399644,142.463658,WARRNAMBOOL
T20180015900,Dry,Clear,Collision with vehicle,Thursday,Day,40,2018/08/23,10:20:00,No,2.0,1.0,-38.15248499,144.3627823,GREATER GEELONG
T20180015910,Dry,Clear,Collision with vehicle,Thursday,Day,50,2018/08/23,11:58:00,No,2.0,1.0,-36.35949144,145.3940643,GREATER SHEPPARTON
T20180015937,Dry,Clear,Struck animal,Friday,Dark No street lights,100,2018/08/17,19:56:00,Yes,6.0,1.0,-37.13054109,145.5940719,MURRINDINDI
T20180015938,Dry,Clear,Collision with vehicle,Thursday,Dusk/Dawn,60,2018/08/23,16:30:00,No,1.0,1.0,-38.39655106,143.8850798,SURF COAST
T20180015961,Dry,Clear,Collision with vehicle,Wednesday,Day,60,2018/08/22,12:17:00,No,4.0,1.0,-36.1242043,146.8857052,WODONGA
T20180015963,Dry,Clear,Collision with vehicle,Friday,Day,70,2018/08/24,08:50:00,No,3.0,1.0,-38.17375053,144.3526229,GREATER GEELONG
T20180015964,Wet,Clear,No collision and no object struck,Saturday,Day,999,2018/08/18,12:00:00,No,1.0,1.0,-37.3798004,145.0786771,MITCHELL
T20180015965,Dry,Clear,Collision with vehicle,Friday,Day,60,2018/08/24,08:25:00,No,3.0,1.0,-38.14676003,144.3471254,GREATER GEELONG
T20180015967,Unknown,Not known,Collision with vehicle,Thursday,Dusk/Dawn,80,2018/07/26,17:50:00,No,3.0,1.0,-36.0959688,146.9015768,WODONGA
T20180015969,Dry,Clear,Collision with vehicle,Friday,Day,50,2018/08/24,11:55:00,No,3.0,3.0,-38.33330023,144.3257604,SURF COAST
T20180015979,Dry,Clear,Collision with vehicle,Friday,Day,100,2018/08/24,11:30:00,No,2.0,1.0,-38.3943617,145.5395047,BASS COAST
T20180015984,Dry,Clear,Collision with a fixed object,Friday,Day,80,2018/08/24,07:55:00,No,2.0,2.0,-37.14762271,142.8464377,NORTHERN GRAMPIANS
T20180015987,Unknown,Clear,No collision and no object struck,Saturday,Day,999,2018/07/28,09:00:00,No,1.0,1.0,-37.99815024,146.0368703,BAW BAW
T20180015988,Dry,Clear,Struck animal,Friday,Day,80,2018/08/24,13:45:00,No,1.0,1.0,-38.40718541,143.969234,SURF COAST
T20180015990,Dry,Clear,Collision with a fixed object,Friday,Day,60,2018/08/24,13:35:00,No,1.0,1.0,-38.48208661,145.2487309,BASS COAST
T20180015991,Dry,Clear,Collision with vehicle,Friday,Day,60,2018/08/24,14:30:00,No,3.0,1.0,-37.88235107,147.972679,EAST GIPPSLAND
T20180015992,Dry,Clear,Collision with a fixed object,Friday,Day,60,2018/08/24,14:35:00,No,2.0,2.0,-36.77301061,144.2745039,GREATER BENDIGO
T20180016004,Dry,Clear,Struck Pedestrian,Friday,Day,80,2018/08/24,15:40:00,No,4.0,1.0,-38.6570227,146.316716,SOUTH GIPPSLAND
T20180016007,Dry,Clear,Collision with vehicle,Friday,Day,100,2018/08/24,15:05:00,No,2.0,2.0,-36.2112964,145.1036211,CAMPASPE
T20180016011,Dry,Clear,Collision with vehicle,Wednesday,Dark No street lights,80,2018/08/22,18:30:00,Yes,2.0,1.0,-38.10173468,146.8640156,WELLINGTON
T20180016013,Unknown,Not known,Collision with vehicle,Thursday,Day,60,2018/08/16,09:00:00,No,2.0,1.0,-37.54349097,143.8584319,BALLARAT
T20180016015,Dry,Clear,Collision with vehicle,Friday,Dark Street lights on,50,2018/08/24,18:25:00,Yes,4.0,2.0,-38.13839433,144.3543742,GREATER GEELONG
T20180016038,Dry,Clear,Vehicle overturned (no collision),Friday,Dark No street lights,110,2018/08/24,23:30:00,Yes,1.0,1.0,-37.41772056,144.9947809,MITCHELL
T20180016043,Dry,Clear,collision with some other object,Friday,Dark No street lights,80,2018/08/24,18:30:00,Yes,1.0,1.0,-36.09576137,146.6451798,INDIGO
T20180016044,Dry,Clear,No collision and no object struck,Saturday,Day,80,2018/08/25,10:00:00,No,2.0,1.0,-34.23915036,142.1959291,MILDURA
T20180016053,Dry,Clear,Vehicle overturned (no collision),Saturday,Day,100,2018/08/25,08:30:00,No,1.0,1.0,-37.58965903,141.6777546,SOUTHERN GRAMPIANS
T20180016054,Dry,Clear,Collision with a fixed object,Saturday,Day,100,2018/08/25,10:15:00,No,2.0,1.0,-38.17916238,144.4998395,GREATER GEELONG
T20180016065,Dry,Clear,No collision and no object struck,Saturday,Day,100,2018/08/25,13:38:00,No,1.0,1.0,-35.4347395,143.7349289,SWAN HILL
T20180016072,Dry,Not known,Collision with a fixed object,Saturday,Day,80,2018/08/25,14:37:00,Yes,1.0,1.0,-36.18675965,146.2288324,WANGARATTA
T20180016074,Dry,Not known,Collision with vehicle,Saturday,Day,60,2018/08/25,16:30:00,Yes,2.0,1.0,-38.05067188,144.3799581,GREATER GEELONG
T20180016075,Unknown,Not known,No collision and no object struck,Saturday,Day,999,2018/08/25,13:45:00,No,1.0,1.0,-37.02937855,145.5074744,MURRINDINDI
T20180016077,Dry,Clear,Collision with a fixed object,Saturday,Day,40,2018/08/25,16:00:00,Yes,1.0,1.0,-37.86151083,144.1295315,GOLDEN PLAINS
T20180016081,Dry,Clear,Collision with vehicle,Friday,Day,60,2018/08/24,15:30:00,No,3.0,1.0,-37.55509328,143.8115474,BALLARAT
T20180016096,Dry,Clear,Collision with vehicle,Sunday,Day,60,2018/08/26,08:41:00,No,4.0,2.0,-37.8216715,147.6223083,EAST GIPPSLAND
T20180016101,Wet,Clear,Collision with a fixed object,Sunday,Day,80,2018/08/26,10:11:00,No,1.0,1.0,-38.61443019,143.915821,COLAC OTWAY
T20180016103,Dry,Clear,Struck Pedestrian,Sunday,Day,60,2018/08/26,07:45:00,Yes,2.0,1.0,-36.79682189,144.2438983,GREATER BENDIGO
T20180016107,Dry,Clear,Vehicle overturned (no collision),Sunday,Day,50,2018/08/26,12:41:00,No,1.0,1.0,-37.02432267,145.1375115,MITCHELL
T20180016117,Dry,Clear,Collision with vehicle,Sunday,Day,50,2018/08/26,14:50:00,No,3.0,1.0,-37.55006003,143.8569503,BALLARAT
T20180016141,Dry,Clear,Collision with a fixed object,Saturday,Day,999,2018/08/25,11:30:00,No,1.0,1.0,-37.7282603,146.9296307,WELLINGTON
T20180016144,Dry,Clear,Collision with vehicle,Monday,Day,60,2018/08/27,08:10:00,No,1.0,1.0,-38.20765316,144.3320794,GREATER GEELONG
T20180016152,Dry,Clear,Collision with vehicle,Monday,Day,50,2018/08/27,09:41:00,No,2.0,1.0,-38.38366962,142.4958673,WARRNAMBOOL
T20180016158,Muddy,Clear,No collision and no object struck,Saturday,Day,30,2018/08/04,11:30:00,No,1.0,1.0,-36.78569404,146.620051,ALPINE
T20180016160,Unknown,Not known,Collision with a fixed object,Sunday,Dark No street lights,100,2018/08/26,00:30:00,Yes,1.0,1.0,-37.80203296,147.4712994,EAST GIPPSLAND
T20180016161,Dry,Clear,Collision with vehicle,Sunday,Day,60,2018/08/26,14:09:00,No,1.0,1.0,-38.15595008,145.9278607,BAW BAW
T20180016165,Unknown,Not known,collision with some other object,Saturday,Day,999,2018/08/25,11:30:00,No,1.0,1.0,-37.03490143,143.2608871,PYRENEES