Accident_No,Surface_Cond_Desc,Atmosph_Cond_Desc,Accident_Type_Desc,Day,Light_Condition_Desc,Speed_Zone,Accident_Date,Accident_Time,Alcohol_Influence,Total_Persons_Inv,Inj_Or_Fatal,Lat,Long,LGA
T20180016167,Dry,Clear,Collision with vehicle,Monday,Day,80,2018/08/27,07:11:00,No,2.0,1.0,-38.11037225,145.8422281,BAW BAW
T20180016171,Dry,Clear,Collision with vehicle,Monday,Day,50,2018/08/27,14:30:00,No,2.0,1.0,-36.12903567,146.891561,WODONGA
T20180016172,Dry,Clear,Collision with vehicle,Monday,Day,80,2018/08/27,12:40:00,No,3.0,1.0,-38.16720109,144.422311,GREATER GEELONG
T20180016181,Dry,Clear,Struck animal,Saturday,Day,999,2018/08/25,16:45:00,Yes,1.0,1.0,-37.92684091,146.64093,WELLINGTON
T20180016184,Dry,Clear,Collision with vehicle,Monday,Dusk/Dawn,70,2018/08/27,18:20:00,Yes,2.0,1.0,-38.20494984,144.3406408,GREATER GEELONG
T20180016186,Dry,Clear,Struck Pedestrian,Monday,Dark Street lights on,50,2018/08/27,18:00:00,Yes,3.0,1.0,-38.20313042,144.3332937,GREATER GEELONG
T20180016198,Unknown,Clear,Collision with vehicle,Monday,Dark Street lights unknown,999,2018/08/27,18:45:00,Yes,2.0,2.0,-37.64263902,143.7101403,GOLDEN PLAINS
T20180016201,Wet,Clear,Collision with a fixed object,Tuesday,Dark No street lights,60,2018/08/28,04:11:00,Yes,1.0,1.0,-38.28169773,143.8602089,SURF COAST
T20180016205,Dry,Clear,Collision with a fixed object,Monday,Day,110,2018/08/27,15:30:00,No,2.0,2.0,-37.52137018,143.8471501,BALLARAT
T20180016207,Dry,Clear,Collision with vehicle,Monday,Day,60,2018/08/27,16:18:00,Yes,2.0,1.0,-34.19074568,142.1658791,MILDURA
T20180016212,Dry,Clear,Collision with a fixed object,Tuesday,Dark No street lights,80,2018/08/28,04:15:00,Yes,1.0,1.0,-37.36977081,143.9282799,HEPBURN
T20180016233,Dry,Clear,Struck animal,Tuesday,Day,100,2018/08/28,07:45:00,No,2.0,2.0,-38.26135768,144.0674704,SURF COAST
T20180016243,Dry,Clear,Collision with vehicle,Tuesday,Day,70,2018/08/28,13:15:00,No,3.0,2.0,-36.14045471,144.733873,CAMPASPE
T20180016245,Dry,Clear,Struck animal,Sunday,Day,110,2018/08/26,06:25:00,Yes,1.0,1.0,-37.35090037,145.0221179,MITCHELL
T20180016247,Dry,Clear,Collision with a fixed object,Tuesday,Day,100,2018/08/28,15:45:00,No,1.0,1.0,-37.86710679,144.1515297,GOLDEN PLAINS
T20180016255,Dry,Clear,Collision with vehicle,Tuesday,Day,100,2018/08/28,17:55:00,No,2.0,1.0,-37.5624571,144.6667565,MACEDON RANGES
T20180016256,Dry,Clear,Collision with vehicle,Tuesday,Day,50,2018/08/21,15:00:00,No,2.0,1.0,-37.34335732,144.1404405,HEPBURN
T20180016261,Dry,Clear,No collision and no object struck,Tuesday,Dark No street lights,100,2018/08/28,18:25:00,Yes,1.0,1.0,-37.91802617,142.4489518,SOUTHERN GRAMPIANS
T20180016276,Dry,Clear,Collision with vehicle,Wednesday,Day,50,2018/08/29,07:35:00,No,2.0,1.0,-35.91307715,145.6585103,MOIRA
T20180016291,Unknown,Not known,Struck animal,Thursday,Dusk/Dawn,100,2018/06/07,07:00:00,No,1.0,1.0,-38.08343079,142.9740913,MOYNE
T20180016295,Dry,Clear,Collision with a fixed object,Wednesday,Day,80,2018/08/29,10:22:00,No,1.0,1.0,-37.5757141,143.9109916,BALLARAT
T20180016307,Dry,Clear,Collision with a fixed object,Wednesday,Day,100,2018/08/29,12:00:00,No,1.0,1.0,-37.2314392,144.5154427,MACEDON RANGES
T20180016308,Dry,Clear,Vehicle overturned (no collision),Wednesday,Day,80,2018/08/29,12:45:00,No,1.0,1.0,-35.08021556,142.2943499,MILDURA
T20180016314,Dry,Clear,Collision with vehicle,Wednesday,Day,60,2018/08/29,13:00:00,No,3.0,1.0,-34.3036499,142.1865368,MILDURA
T20180016316,Dry,Clear,Collision with a fixed object,Wednesday,Day,100,2018/08/29,16:50:00,No,1.0,1.0,-36.13020935,146.6860096,INDIGO
T20180016326,Dry,Clear,Collision with a fixed object,Wednesday,Dusk/Dawn,60,2018/08/29,17:48:00,No,2.0,2.0,-36.37238037,145.415043,GREATER SHEPPARTON
T20180016327,Dry,Clear,Collision with a fixed object,Wednesday,Dusk/Dawn,100,2018/08/29,17:55:00,No,1.0,1.0,-37.50405009,143.7075108,BALLARAT
T20180016333,Dry,Clear,Collision with vehicle,Wednesday,Dark Street lights on,80,2018/08/29,18:46:00,Yes,2.0,2.0,-34.24369303,142.1805763,MILDURA
T20180016349,Dry,Clear,Collision with vehicle,Wednesday,Day,60,2018/08/29,13:50:00,No,4.0,2.0,-38.02415349,144.4087035,GREATER GEELONG
T20180016353,Dry,Clear,Collision with vehicle,Thursday,Day,60,2018/08/30,07:58:00,No,2.0,1.0,-36.38292254,145.4128794,GREATER SHEPPARTON
T20180016357,Dry,Clear,Collision with a fixed object,Thursday,Day,50,2018/08/30,10:06:00,No,1.0,1.0,-38.07338068,144.3644109,GREATER GEELONG
T20180016358,Dry,Clear,Collision with vehicle,Thursday,Day,100,2018/08/30,09:15:00,No,3.0,3.0,-36.04531572,146.6193123,INDIGO
T20180016360,Dry,Clear,Collision with a fixed object,Wednesday,Day,100,2018/08/29,13:50:00,No,1.0,1.0,-35.01447123,143.3113659,SWAN HILL
T20180016363,Dry,Clear,Vehicle overturned (no collision),Wednesday,Dusk/Dawn,80,2018/08/29,16:30:00,No,1.0,1.0,-36.14996922,147.3294061,TOWONG
T20180016370,Wet,Raining,Collision with vehicle,Thursday,Day,40,2018/08/30,11:00:00,No,2.0,2.0,-38.24168026,142.9157821,CORANGAMITE
T20180016380,Dry,Clear,Collision with a fixed object,Thursday,Day,80,2018/08/30,14:15:00,No,2.0,2.0,-37.26031999,142.91704,ARARAT
T20180016389,Dry,Not known,Collision with vehicle,Thursday,Day,60,2018/08/30,16:15:00,No,2.0,1.0,-37.59616529,143.8314718,BALLARAT
T20180016396,Dry,Clear,Collision with vehicle,Thursday,Day,70,2018/08/30,15:36:00,No,6.0,2.0,-38.20494984,144.3406408,GREATER GEELONG
T20180016409,Dry,Clear,Collision with vehicle,Thursday,Dark Street lights on,50,2018/08/30,21:10:00,Yes,1.0,1.0,-37.62890846,144.1050461,MOORABOOL
T20180016420,Dry,Clear,Fall from or in moving vehicle,Thursday,Dark Street lights on,50,2018/08/30,21:25:00,Yes,2.0,1.0,-38.23889436,142.9223939,CORANGAMITE
T20180016462,Dry,Clear,Collision with vehicle,Friday,Dark Street lights on,60,2018/08/31,19:00:00,Yes,6.0,1.0,-35.34030879,143.5441641,SWAN HILL
T20180016477,Wet,Clear,Collision with vehicle,Friday,Dusk/Dawn,60,2018/08/31,17:00:00,Yes,3.0,1.0,-37.82729565,147.6094799,EAST GIPPSLAND
T20180016502,Wet,Clear,Collision with vehicle,Saturday,Day,60,2018/09/01,09:09:00,No,2.0,1.0,-36.75005859,145.5777872,STRATHBOGIE
T20180016506,Wet,Raining,collision with some other object,Saturday,Day,110,2018/09/01,06:30:00,No,1.0,1.0,-37.66271165,144.3767856,MOORABOOL
T20180016508,Dry,Clear,Collision with vehicle,Saturday,Day,80,2018/09/01,10:30:00,No,2.0,1.0,-38.02545714,144.3183305,GREATER GEELONG
T20180016511,Wet,Raining,Collision with vehicle,Saturday,Day,60,2018/09/01,11:30:00,No,2.0,2.0,-38.08608929,144.3744176,GREATER GEELONG
T20180016526,Unknown,Not known,No collision and no object struck,Saturday,Day,999,2018/08/18,15:30:00,Yes,1.0,1.0,-37.60604059,141.7070799,SOUTHERN GRAMPIANS
T20180016529,Dry,Clear,No collision and no object struck,Saturday,Day,100,2018/09/01,15:00:00,No,2.0,1.0,-36.05257059,145.0318206,MOIRA
T20180016530,Wet,Raining,Collision with vehicle,Saturday,Day,100,2018/09/01,15:30:00,Yes,3.0,3.0,-38.32812992,142.38029,MOYNE
T20180016538,Dry,Clear,Collision with a fixed object,Saturday,Day,100,2018/09/01,16:30:00,Yes,2.0,2.0,-36.32787032,146.6937822,INDIGO
T20180016541,Dry,Clear,Collision with vehicle,Saturday,Dark Street lights on,70,2018/09/01,18:30:00,Yes,3.0,1.0,-38.18857896,144.3435895,GREATER GEELONG
T20180016549,Dry,Clear,Collision with a fixed object,Saturday,Day,100,2018/09/01,15:15:00,Yes,1.0,1.0,-37.49609009,147.2670205,WELLINGTON
T20180016551,Wet,Raining,Collision with vehicle,Saturday,Dark Street lights on,50,2018/09/01,20:40:00,Yes,3.0,1.0,-37.57275161,143.8366305,BALLARAT
T20180016555,Dry,Clear,Collision with a fixed object,Friday,Day,100,2018/08/24,09:30:00,No,4.0,4.0,-38.05313959,142.6182499,MOYNE
T20180016560,Dry,Clear,Collision with a fixed object,Monday,Dusk/Dawn,60,2018/08/27,06:50:00,No,1.0,1.0,-38.37421989,142.4630202,WARRNAMBOOL
T20180016568,Wet,Clear,Collision with a fixed object,Sunday,Dark No street lights,100,2018/09/02,04:41:00,Yes,2.0,1.0,-37.90039117,142.2900038,SOUTHERN GRAMPIANS
T20180016570,Wet,Raining,Collision with a fixed object,Friday,Dark Street lights on,60,2018/08/31,20:45:00,Yes,1.0,1.0,-38.18199584,144.3358067,GREATER GEELONG
T20180016573,Dry,Clear,Collision with a fixed object,Sunday,Day,100,2018/09/02,07:30:00,Yes,1.0,1.0,-36.39871202,143.9560283,LODDON
T20180016581,Dry,Clear,Collision with a fixed object,Sunday,Day,100,2018/09/02,10:30:00,No,1.0,1.0,-36.84634099,145.4665175,STRATHBOGIE
T20180016583,Dry,Clear,Struck Pedestrian,Sunday,Day,50,2018/09/02,12:16:00,No,2.0,1.0,-38.13084513,144.3317375,GREATER GEELONG
T20180016588,Dry,Clear,Collision with vehicle,Sunday,Day,70,2018/09/02,12:28:00,No,2.0,2.0,-38.15585042,144.3511936,GREATER GEELONG
T20180016592,Wet,Clear,Collision with vehicle,Sunday,Day,100,2018/09/02,13:15:00,No,3.0,1.0,-38.1860093,145.8852108,BAW BAW
T20180016597,Wet,Raining,Collision with vehicle,Sunday,Day,100,2018/09/02,12:30:00,No,2.0,1.0,-38.43027591,145.6841667,BASS COAST
T20180016600,Dry,Not known,Collision with vehicle,Sunday,Day,60,2018/09/02,13:45:00,No,2.0,1.0,-36.76681873,144.2922455,GREATER BENDIGO
T20180016601,Dry,Clear,Collision with a fixed object,Sunday,Day,100,2018/09/02,15:22:00,No,1.0,1.0,-35.71643981,143.8854409,GANNAWARRA
T20180016604,Dry,Clear,Collision with vehicle,Sunday,Dark Street lights on,50,2018/09/02,18:50:00,Yes,1.0,1.0,-38.17223006,144.3382805,GREATER GEELONG
T20180016620,Dry,Clear,Collision with a fixed object,Monday,Dark Street lights on,60,2018/09/03,00:01:00,Yes,1.0,1.0,-36.78191839,144.2294835,GREATER BENDIGO
T20180016636,Dry,Clear,Collision with vehicle,Monday,Day,60,2018/09/03,08:50:00,No,2.0,1.0,-38.36005026,142.4652025,WARRNAMBOOL
T20180016638,Dry,Clear,Collision with vehicle,Sunday,Day,100,2018/09/02,15:30:00,No,3.0,1.0,-38.35479067,144.249722,SURF COAST
T20180016642,Dry,Clear,Collision with vehicle,Monday,Day,80,2018/09/03,08:18:00,No,2.0,2.0,-38.26568693,144.4044212,SURF COAST
T20180016653,Dry,Clear,Collision with vehicle,Monday,Day,50,2018/09/03,11:00:00,No,2.0,1.0,-37.82422946,147.6313925,EAST GIPPSLAND
T20180016654,Dry,Clear,Struck Pedestrian,Monday,Day,50,2018/09/03,12:26:00,No,2.0,1.0,-38.17897961,146.2511912,LATROBE
T20180016661,Dry,Not known,Collision with a fixed object,Monday,Day,80,2018/09/03,10:10:00,No,13.0,1.0,-38.67251165,143.7208708,COLAC OTWAY
T20180016663,Dry,Clear,Collision with a fixed object,Monday,Day,60,2018/09/03,15:10:00,No,1.0,1.0,-36.69005022,144.3239617,GREATER BENDIGO
T20180016668,Dry,Clear,Collision with vehicle,Monday,Day,100,2018/09/03,16:10:00,No,2.0,1.0,-36.7729616,144.3675101,GREATER BENDIGO
T20180016669,Dry,Clear,Collision with vehicle,Monday,Dusk/Dawn,60,2018/09/03,18:20:00,Yes,3.0,1.0,-36.75737269,144.2919333,GREATER BENDIGO
T20180016670,Dry,Clear,Collision with vehicle,Monday,Day,110,2018/09/03,17:21:00,No,3.0,1.0,-37.58980331,144.2299894,MOORABOOL
T20180016672,Dry,Clear,Collision with vehicle,Monday,Day,100,2018/09/03,13:55:00,No,4.0,1.0,-36.05603237,143.1039302,BULOKE
T20180016678,Dry,Clear,Collision with vehicle,Monday,Day,50,2018/09/03,17:30:00,No,4.0,1.0,-34.1864456,142.1607571,MILDURA
T20180016683,Dry,Clear,Collision with vehicle,Monday,Day,40,2018/07/30,16:10:00,Yes,2.0,1.0,-38.14757563,144.357754,GREATER GEELONG
T20180016686,Wet,Clear,Struck animal,Monday,Dark No street lights,100,2018/09/03,03:30:00,Yes,1.0,1.0,-38.34394961,142.4217603,MOYNE
T20180016694,Dry,Clear,Collision with vehicle,Tuesday,Day,50,2018/09/04,08:54:00,No,1.0,1.0,-36.13732968,144.7530036,CAMPASPE
T20180016695,Unknown,Not known,Collision with vehicle,Monday,Unknown,80,2018/07/30,13:50:00,No,4.0,1.0,-38.36495006,142.4595231,WARRNAMBOOL
T20180016697,Dry,Clear,Collision with a fixed object,Tuesday,Dark No street lights,80,2018/09/04,05:50:00,Yes,1.0,1.0,-37.32338996,144.7405089,MACEDON RANGES
T20180016703,Dry,Clear,Collision with vehicle,Tuesday,Dark Street lights on,60,2018/08/14,18:24:00,Yes,2.0,1.0,-34.1904272,142.1584331,MILDURA
T20180016708,Dry,Clear,Collision with vehicle,Tuesday,Day,60,2018/09/04,11:00:00,No,3.0,2.0,-38.09848792,144.3338997,GREATER GEELONG
T20180016716,Dry,Clear,Collision with a fixed object,Tuesday,Day,60,2018/09/04,14:10:00,No,1.0,1.0,-38.19560822,144.3422907,GREATER GEELONG
T20180016730,Dry,Clear,Collision with a fixed object,Tuesday,Day,100,2018/09/04,11:15:00,No,2.0,2.0,-36.38146297,146.6032309,WANGARATTA
T20180016740,Dry,Clear,Collision with vehicle,Tuesday,Day,50,2018/09/04,15:30:00,No,1.0,1.0,-36.26125,143.3464362,BULOKE
T20180016744,Dry,Clear,Collision with vehicle,Tuesday,Day,60,2018/09/04,17:25:00,No,6.0,2.0,-38.08301693,144.3487724,GREATER GEELONG
T20180016759,Dry,Clear,Struck Pedestrian,Tuesday,Day,40,2018/09/04,14:30:00,No,2.0,1.0,-38.1434703,144.3610522,GREATER GEELONG
T20180016764,Dry,Not known,Vehicle overturned (no collision),Thursday,Dark No street lights,100,2018/07/26,22:00:00,Yes,1.0,1.0,-36.33948998,145.103646,CAMPASPE
T20180016765,Dry,Clear,Struck Pedestrian,Wednesday,Day,50,2018/09/05,09:00:00,No,2.0,2.0,-37.04583792,143.7390718,CENTRAL GOLDFIELDS
T20180016768,Dry,Clear,Collision with vehicle,Wednesday,Day,100,2018/08/29,15:02:00,No,2.0,2.0,-36.7729616,144.3675101,GREATER BENDIGO
T20180016769,Dry,Clear,Collision with vehicle,Tuesday,Day,50,2018/09/04,08:15:00,No,2.0,1.0,-36.09234129,145.4342355,MOIRA
T20180016775,Dry,Clear,Fall from or in moving vehicle,Wednesday,Day,50,2018/09/05,10:06:00,No,2.0,1.0,-38.15612821,144.3707437,GREATER GEELONG
T20180016776,Dry,Clear,Collision with a fixed object,Saturday,Dark No street lights,100,2018/07/14,23:45:00,Yes,2.0,1.0,-36.93114949,146.2542794,MANSFIELD
T20180016798,Dry,Clear,Vehicle overturned (no collision),Wednesday,Day,100,2018/09/05,13:00:00,No,1.0,1.0,-37.24966,144.6196696,MACEDON RANGES
T20180016808,Dry,Clear,Collision with vehicle,Wednesday,Day,60,2018/09/05,16:30:00,No,7.0,1.0,-37.95518854,141.7427512,GLENELG
T20180016812,Dry,Clear,Struck Pedestrian,Wednesday,Dusk/Dawn,60,2018/09/05,18:00:00,Yes,5.0,1.0,-38.14537599,144.3354674,GREATER GEELONG
T20180016819,Wet,Raining,Collision with vehicle,Friday,Dark Street lights on,60,2018/08/31,17:20:00,Yes,3.0,1.0,-38.14460981,144.3290659,GREATER GEELONG
T20180016836,Dry,Clear,Collision with vehicle,Thursday,Day,60,2018/09/06,09:10:00,No,5.0,1.0,-38.18126802,144.3451132,GREATER GEELONG
T20180016838,Dry,Clear,Collision with vehicle,Thursday,Day,70,2018/09/06,10:20:00,No,2.0,1.0,-38.08522947,144.3673946,GREATER GEELONG
T20180016841,Dry,Clear,No collision and no object struck,Thursday,Day,50,2018/08/30,15:30:00,No,1.0,1.0,-38.17293111,146.259495,LATROBE
T20180016844,Unknown,Not known,collision with some other object,Saturday,Day,80,2018/08/25,12:00:00,No,1.0,1.0,-36.80245567,145.8616043,BENALLA
T20180016846,Dry,Clear,Collision with a fixed object,Thursday,Day,100,2018/09/06,10:05:00,No,2.0,2.0,-37.59990004,144.3197256,MOORABOOL
T20180016876,Dry,Clear,Collision with vehicle,Thursday,Day,50,2018/09/06,15:57:00,No,2.0,1.0,-36.38065029,145.4035421,GREATER SHEPPARTON
T20180016878,Dry,Clear,Collision with vehicle,Thursday,Day,80,2018/09/06,16:00:00,No,4.0,3.0,-37.58132388,143.7323066,GOLDEN PLAINS
T20180016880,Wet,Clear,collision with some other object,Sunday,Day,999,2018/06/03,11:00:00,No,1.0,1.0,-37.45891905,145.4303126,MURRINDINDI
T20180016883,Wet,Clear,Struck Pedestrian,Thursday,Day,60,2018/09/06,17:15:00,No,2.0,1.0,-36.76912353,144.2920962,GREATER BENDIGO
T20180016888,Wet,Raining,Collision with a fixed object,Thursday,Day,999,2018/09/06,13:55:00,No,1.0,1.0,-37.33729082,144.270993,HEPBURN
T20180016890,Wet,Raining,Collision with vehicle,Thursday,Dark No street lights,50,2018/09/06,18:50:00,Yes,2.0,2.0,-37.3069993,144.9516495,MITCHELL
T20180016897,Dry,Clear,Collision with a fixed object,Wednesday,Day,50,2018/08/29,16:15:00,No,1.0,1.0,-36.41774739,145.4066258,GREATER SHEPPARTON
T20180016911,Dry,Not known,No collision and no object struck,Wednesday,Dark Street lights on,40,2018/09/05,00:32:00,Yes,1.0,1.0,-36.75032977,144.2815588,GREATER BENDIGO
T20180016924,Dry,Clear,Struck Pedestrian,Friday,Day,50,2018/09/07,09:00:00,No,2.0,1.0,-38.17276591,144.3206293,GREATER GEELONG
T20180016939,Dry,Clear,No collision and no object struck,Friday,Day,100,2018/09/07,11:05:00,No,1.0,1.0,-37.4170005,149.1984518,EAST GIPPSLAND
T20180016946,Dry,Clear,Collision with vehicle,Wednesday,Dark Street lights on,60,2018/08/01,17:45:00,No,2.0,2.0,-38.18356957,144.3447176,GREATER GEELONG
T20180016948,Dry,Clear,Struck Pedestrian,Friday,Day,50,2018/09/07,14:55:00,No,2.0,1.0,-36.79566636,144.2441813,GREATER BENDIGO
T20180016949,Dry,Clear,Collision with a fixed object,Friday,Day,100,2018/09/07,14:25:00,No,1.0,1.0,-38.21794835,141.6195629,GLENELG
T20180016960,Unknown,Not known,Struck Pedestrian,Friday,Day,999,2018/09/07,16:45:00,Yes,2.0,1.0,-38.23831204,146.4077254,LATROBE
T20180016963,Dry,Clear,Collision with vehicle,Friday,Day,110,2018/09/07,17:13:00,Yes,3.0,3.0,-38.08621717,145.7706605,BAW BAW
T20180016989,Dry,Clear,Collision with vehicle,Saturday,Day,50,2018/09/08,13:03:00,No,6.0,3.0,-38.09269395,144.3589979,GREATER GEELONG
T20180016992,Dry,Clear,Collision with vehicle,Saturday,Day,60,2018/09/08,08:00:00,Yes,2.0,1.0,-37.33868706,144.1314305,HEPBURN
T20180016994,Dry,Clear,No collision and no object struck,Saturday,Day,70,2018/09/08,15:00:00,Yes,1.0,1.0,-38.20244275,144.3063338,GREATER GEELONG
T20180016998,Dry,Clear,Collision with a fixed object,Saturday,Day,100,2018/09/08,10:50:00,No,1.0,1.0,-36.1037402,146.6077787,INDIGO
T20180017001,Dry,Clear,No collision and no object struck,Saturday,Day,999,2018/08/25,10:30:00,No,1.0,1.0,-36.93189982,145.9245371,MANSFIELD
T20180017006,Dry,Clear,Collision with vehicle,Saturday,Day,70,2018/09/08,05:45:00,Yes,2.0,1.0,-38.24864998,144.3323275,SURF COAST
T20180017008,Dry,Clear,Struck Pedestrian,Saturday,Dark Street lights on,60,2018/09/08,18:28:00,Yes,3.0,1.0,-38.10692987,147.0682838,WELLINGTON
T20180017014,Dry,Clear,Collision with vehicle,Saturday,Dark Street lights on,60,2018/09/08,21:34:00,Yes,3.0,2.0,-37.58611034,143.8342081,BALLARAT
T20180017031,Dry,Clear,Collision with vehicle,Friday,Day,100,2018/09/07,15:50:00,No,2.0,1.0,-36.80403133,144.5753593,GREATER BENDIGO
T20180017036,Dry,Clear,Collision with a fixed object,Sunday,Day,100,2018/09/09,10:50:00,No,1.0,1.0,-37.99644748,144.5045581,GREATER GEELONG
T20180017044,Dry,Clear,Collision with a fixed object,Saturday,Dusk/Dawn,100,2018/09/08,06:00:00,Yes,1.0,1.0,-35.61598817,144.05933,GANNAWARRA
T20180017047,Wet,Raining,No collision and no object struck,Sunday,Day,50,2018/09/09,12:15:00,No,1.0,1.0,-38.5346577,143.9753253,SURF COAST
T20180017051,Dry,Clear,No collision and no object struck,Sunday,Day,60,2018/09/09,13:05:00,No,1.0,1.0,-38.18570237,144.3666294,GREATER GEELONG
T20180017056,Dry,Clear,Collision with a fixed object,Sunday,Day,90,2018/09/09,15:10:00,No,2.0,2.0,-37.44445155,144.5692577,MACEDON RANGES
T20180017060,Dry,Clear,Collision with vehicle,Sunday,Day,40,2018/09/09,14:34:00,No,2.0,1.0,-38.1421061,144.3588839,GREATER GEELONG
T20180017061,Dry,Clear,No collision and no object struck,Sunday,Day,999,2018/09/09,12:30:00,No,1.0,1.0,-37.41533,145.30542,MURRINDINDI
T20180017068,Wet,Clear,Collision with vehicle,Sunday,Dark No street lights,100,2018/09/09,22:08:00,Yes,3.0,3.0,-38.28059972,146.4121291,LATROBE
T20180017080,Dry,Clear,Collision with a fixed object,Monday,Day,60,2018/09/10,08:55:00,No,1.0,1.0,-36.75489363,144.2618852,GREATER BENDIGO
T20180017081,Unknown,Not known,Vehicle overturned (no collision),Sunday,Unknown,999,2018/09/09,09:00:00,Yes,1.0,1.0,-37.42207,144.47535,MACEDON RANGES
T20180017087,Dry,Clear,Collision with vehicle,Monday,Day,80,2018/09/10,09:10:00,No,3.0,1.0,-38.17659485,144.476492,GREATER GEELONG
T20180017088,Dry,Clear,Collision with vehicle,Monday,Day,60,2018/09/10,08:45:00,No,6.0,2.0,-37.81897152,147.6515697,EAST GIPPSLAND
T20180017094,Dry,Clear,Collision with vehicle,Monday,Day,50,2018/09/10,13:13:00,No,2.0,1.0,-37.04712447,143.7409088,CENTRAL GOLDFIELDS
T20180017098,Dry,Clear,Collision with a fixed object,Monday,Day,100,2018/09/10,13:15:00,No,1.0,1.0,-36.05524033,146.1715064,MOIRA
T20180017103,Dry,Clear,Collision with vehicle,Monday,Day,60,2018/09/10,14:05:00,No,2.0,1.0,-38.10934846,147.0684027,WELLINGTON
T20180017107,Dry,Clear,Collision with vehicle,Friday,Day,60,2018/09/07,15:00:00,No,2.0,1.0,-36.74089057,144.1158199,GREATER BENDIGO
T20180017110,Dry,Clear,Collision with vehicle,Monday,Day,40,2018/09/10,15:46:00,No,6.0,4.0,-36.4664,145.3888484,GREATER SHEPPARTON
T20180017114,Dry,Clear,Collision with vehicle,Monday,Day,100,2018/09/10,16:18:00,Yes,2.0,1.0,-37.47341378,144.6153947,MACEDON RANGES
T20180017115,Dry,Clear,Collision with vehicle,Monday,Day,70,2018/09/10,13:00:00,No,2.0,1.0,-38.18645078,144.3306221,GREATER GEELONG
T20180017116,Dry,Clear,Collision with vehicle,Monday,Day,70,2018/09/10,17:26:00,No,4.0,1.0,-38.10959162,144.3246254,GREATER GEELONG
T20180017120,Dry,Clear,Collision with vehicle,Monday,Dusk/Dawn,100,2018/09/10,18:00:00,Yes,2.0,1.0,-38.25406302,143.1889595,CORANGAMITE
T20180017127,Dry,Clear,Collision with vehicle,Monday,Dark Street lights on,70,2018/09/10,22:20:00,Yes,3.0,1.0,-38.16039833,144.3501824,GREATER GEELONG
T20180017128,Dry,Fog,Collision with a fixed object,Tuesday,Dark Street lights on,50,2018/09/11,02:00:00,Yes,1.0,1.0,-37.52882951,143.8152496,BALLARAT
T20180017136,Dry,Clear,Vehicle overturned (no collision),Tuesday,Day,100,2018/09/11,08:35:00,No,1.0,1.0,-37.99198033,143.9942281,GOLDEN PLAINS
T20180017156,Dry,Clear,Collision with vehicle,Tuesday,Day,50,2018/09/11,17:49:00,No,3.0,1.0,-34.20229518,142.1518498,MILDURA
T20180017163,Dry,Clear,Collision with a fixed object,Tuesday,Dark No street lights,60,2018/09/11,18:45:00,Yes,1.0,1.0,-38.1472615,145.8679858,BAW BAW
T20180017168,Dry,Clear,Collision with a fixed object,Tuesday,Dark Street lights on,80,2018/09/11,19:35:00,Yes,1.0,1.0,-36.36785974,146.2959598,WANGARATTA
T20180017184,Dry,Clear,Collision with vehicle,Monday,Day,100,2018/09/10,13:00:00,No,2.0,1.0,-36.15996006,145.5594216,MOIRA
T20180017186,Dry,Clear,Collision with vehicle,Wednesday,Day,40,2018/09/12,08:25:00,No,2.0,1.0,-37.41373511,144.9793388,MITCHELL
T20180017187,Dry,Clear,No collision and no object struck,Wednesday,Day,100,2018/09/12,09:00:00,No,1.0,1.0,-38.33263997,142.35831,MOYNE
T20180017193,Dry,Clear,Collision with vehicle,Wednesday,Day,110,2018/09/12,09:24:00,No,2.0,2.0,-36.66172903,145.2782487,STRATHBOGIE
T20180017194,Dry,Clear,No collision and no object struck,Wednesday,Day,60,2018/09/12,10:30:00,No,1.0,1.0,-38.19678815,144.3525571,GREATER GEELONG
T20180017203,Dry,Clear,Collision with a fixed object,Tuesday,Day,100,2018/09/11,11:15:00,No,1.0,1.0,-37.30073229,145.3691371,MURRINDINDI
T20180017218,Dry,Clear,Collision with a fixed object,Tuesday,Dark Street lights on,40,2018/09/11,19:00:00,Yes,1.0,1.0,-38.14703759,144.3678411,GREATER GEELONG
T20180017219,Dry,Clear,Collision with vehicle,Tuesday,Day,100,2018/09/11,15:00:00,No,2.0,2.0,-35.99088063,145.7841297,MOIRA
T20180017229,Dry,Clear,Collision with vehicle,Wednesday,Dusk/Dawn,60,2018/09/12,17:55:00,No,3.0,1.0,-35.33981822,143.5404069,SWAN HILL
T20180017233,Dry,Clear,Struck Pedestrian,Wednesday,Dark Street lights on,50,2018/09/12,19:13:00,Yes,2.0,1.0,-38.09249123,147.0806291,WELLINGTON
T20180017238,Dry,Not known,Collision with a fixed object,Wednesday,Dark No street lights,999,2018/09/12,19:15:00,Yes,4.0,4.0,-36.59438339,145.9487423,BENALLA
T20180017274,Dry,Clear,Collision with vehicle,Thursday,Day,60,2018/09/13,14:15:00,No,3.0,1.0,-36.75837264,144.2873756,GREATER BENDIGO
T20180017275,Dry,Clear,Collision with a fixed object,Thursday,Unknown,100,2018/09/13,10:20:00,No,1.0,1.0,-38.29989934,145.7941106,SOUTH GIPPSLAND
T20180017285,Dry,Clear,Collision with vehicle,Thursday,Day,60,2018/09/13,15:45:00,No,2.0,2.0,-38.17787416,146.2682664,LATROBE
T20180017287,Dry,Clear,Collision with vehicle,Thursday,Day,60,2018/09/13,15:45:00,No,4.0,3.0,-37.46761279,144.583776,MACEDON RANGES
T20180017288,Dry,Clear,Collision with vehicle,Thursday,Day,50,2018/09/13,14:50:00,No,8.0,3.0,-38.17479329,146.2626998,LATROBE