Accident_No,Surface_Cond_Desc,Atmosph_Cond_Desc,Accident_Type_Desc,Day,Light_Condition_Desc,Speed_Zone,Accident_Date,Accident_Time,Alcohol_Influence,Total_Persons_Inv,Inj_Or_Fatal,Lat,Long,LGA
T20180017325,Wet,Not known,No collision and no object struck,Sunday,Day,999,2018/09/09,11:00:00,No,1.0,1.0,-37.37292976,144.2450849,HEPBURN
T20180017333,Unknown,Not known,Collision with vehicle,Tuesday,Day,50,2018/09/04,12:00:00,No,2.0,1.0,-37.82340064,147.6174371,EAST GIPPSLAND
T20180017335,Dry,Clear,Collision with vehicle,Friday,Day,999,2018/09/14,08:35:00,No,2.0,1.0,-36.14174983,144.729774,CAMPASPE
T20180017337,Dry,Clear,Collision with a fixed object,Friday,Day,80,2018/09/14,10:15:00,No,1.0,1.0,-38.27844773,143.8711661,SURF COAST
T20180017341,Dry,Clear,Collision with vehicle,Wednesday,Dusk/Dawn,110,2018/09/12,18:15:00,Yes,3.0,1.0,-37.68506809,144.4774467,MOORABOOL
T20180017347,Dry,Clear,Collision with a fixed object,Thursday,Dark No street lights,60,2018/08/23,18:45:00,Yes,1.0,1.0,-37.55016012,144.618721,MACEDON RANGES
T20180017349,Dry,Clear,Collision with a fixed object,Friday,Unknown,100,2018/09/14,07:00:00,No,1.0,1.0,-38.67724348,146.5027041,SOUTH GIPPSLAND
T20180017351,Dry,Clear,Collision with vehicle,Friday,Day,80,2018/09/14,13:12:00,No,2.0,2.0,-37.04455877,146.099049,MANSFIELD
T20180017354,Dry,Clear,Collision with vehicle,Friday,Day,50,2018/09/14,13:05:00,No,2.0,1.0,-37.34107968,144.1436697,HEPBURN
T20180017364,Dry,Clear,Collision with vehicle,Friday,Day,40,2018/09/14,15:41:00,No,3.0,1.0,-38.09902841,147.0679084,WELLINGTON
T20180017365,Dry,Clear,Collision with vehicle,Friday,Day,100,2018/09/14,10:45:00,No,5.0,5.0,-38.62120796,145.6953973,BASS COAST
T20180017367,Dry,Clear,Collision with a fixed object,Friday,Day,100,2018/09/14,12:40:00,No,1.0,1.0,-37.09374614,145.4163096,MURRINDINDI
T20180017375,Dry,Clear,Struck Pedestrian,Friday,Day,40,2018/09/14,15:30:00,No,2.0,2.0,-37.58515636,143.8408839,BALLARAT
T20180017387,Dry,Clear,Collision with vehicle,Friday,Day,100,2018/09/14,14:20:00,No,3.0,1.0,-37.70006952,148.6019305,EAST GIPPSLAND
T20180017389,Dry,Clear,Collision with a fixed object,Friday,Dark No street lights,100,2018/09/14,21:10:00,Yes,1.0,1.0,-37.20889091,144.6806806,MACEDON RANGES
T20180017400,Dry,Not known,Collision with vehicle,Monday,Day,60,2018/08/27,09:46:00,No,2.0,1.0,-34.19232806,142.153616,MILDURA
T20180017405,Dry,Clear,Collision with vehicle,Friday,Dark No street lights,100,2018/09/14,19:37:00,Yes,2.0,2.0,-37.70100621,148.6048607,EAST GIPPSLAND
T20180017406,Wet,Raining,No collision and no object struck,Saturday,Day,100,2018/09/15,09:00:00,No,1.0,1.0,-38.05355715,145.823117,BAW BAW
T20180017407,Dry,Clear,Collision with vehicle,Thursday,Day,70,2018/09/13,17:22:00,No,4.0,1.0,-38.15743594,144.3508955,GREATER GEELONG
T20180017426,Wet,Clear,Collision with vehicle,Saturday,Day,50,2018/09/15,13:45:00,No,5.0,1.0,-36.71865249,144.2536985,GREATER BENDIGO
T20180017433,Wet,Raining,Collision with a fixed object,Saturday,Day,80,2018/09/15,11:30:00,No,1.0,1.0,-38.41589947,146.7475555,WELLINGTON
T20180017435,Wet,Raining,Struck Pedestrian,Saturday,Day,40,2018/09/15,14:55:00,Yes,2.0,1.0,-38.14078283,144.3482861,GREATER GEELONG
T20180017459,Wet,Clear,Collision with vehicle,Saturday,Dark Street lights on,50,2018/09/15,21:20:00,Yes,1.0,1.0,-37.73612667,142.0123995,SOUTHERN GRAMPIANS
T20180017464,Dry,Clear,Collision with a fixed object,Sunday,Dark No street lights,60,2018/09/16,00:04:00,Yes,1.0,1.0,-38.27656266,144.5029931,GREATER GEELONG
T20180017465,Wet,Raining,Collision with a fixed object,Sunday,Dark No street lights,100,2018/09/16,00:36:00,Yes,1.0,1.0,-38.28938636,146.5871261,LATROBE
T20180017476,Unknown,Not known,No collision and no object struck,Saturday,Unknown,110,2018/09/15,19:00:00,Yes,1.0,1.0,-36.75418785,145.1790696,STRATHBOGIE
T20180017480,Dry,Clear,Collision with a fixed object,Tuesday,Dusk/Dawn,100,2018/08/21,07:30:00,No,1.0,1.0,-36.95573825,144.5337767,GREATER BENDIGO
T20180017490,Wet,Clear,Collision with a fixed object,Sunday,Day,100,2018/09/16,11:00:00,No,1.0,1.0,-36.4553205,146.7317904,INDIGO
T20180017496,Wet,Not known,Collision with vehicle,Sunday,Day,100,2018/09/16,10:00:00,Yes,3.0,3.0,-38.53174429,145.4502374,BASS COAST
T20180017497,Dry,Clear,Vehicle overturned (no collision),Sunday,Day,50,2018/09/16,11:20:00,No,2.0,1.0,-36.9240207,144.7101581,GREATER BENDIGO
T20180017508,Dry,Clear,Collision with vehicle,Sunday,Day,100,2018/09/16,14:45:00,No,2.0,1.0,-34.26062677,142.1803105,MILDURA
T20180017521,Dry,Clear,Collision with vehicle,Sunday,Dark No street lights,100,2018/09/16,20:35:00,No,2.0,1.0,-38.37195188,141.5985402,GLENELG
T20180017529,Dry,Clear,Collision with a fixed object,Monday,Dark No street lights,110,2018/09/17,00:30:00,Yes,1.0,1.0,-37.66909827,144.4634241,MOORABOOL
T20180017546,Dry,Not known,Collision with vehicle,Monday,Day,60,2018/09/17,10:30:00,No,3.0,1.0,-36.5369203,145.8902364,BENALLA
T20180017549,Dry,Not known,No collision and no object struck,Thursday,Day,100,2018/09/13,12:00:00,No,1.0,1.0,-37.41999792,146.7836058,WELLINGTON
T20180017551,Dry,Clear,Collision with vehicle,Monday,Day,100,2018/09/17,08:20:00,No,2.0,2.0,-36.86178988,146.1154191,BENALLA
T20180017556,Dry,Clear,Vehicle overturned (no collision),Monday,Day,60,2018/09/17,08:45:00,No,1.0,1.0,-36.79623047,144.2393786,GREATER BENDIGO
T20180017560,Dry,Clear,Vehicle overturned (no collision),Monday,Dusk/Dawn,100,2018/09/17,05:30:00,Yes,1.0,1.0,-36.65272401,142.9754818,NORTHERN GRAMPIANS
T20180017563,Dry,Clear,Collision with vehicle,Monday,Day,60,2018/09/17,14:05:00,No,3.0,2.0,-38.37205034,142.4740357,WARRNAMBOOL
T20180017564,Dry,Clear,Collision with a fixed object,Sunday,Dark Street lights on,60,2018/09/16,00:40:00,Yes,1.0,1.0,-38.13999779,144.3229628,GREATER GEELONG
T20180017572,Dry,Clear,Collision with vehicle,Monday,Day,60,2018/09/17,13:50:00,No,2.0,1.0,-38.14247693,144.3076557,GREATER GEELONG
T20180017586,Dry,Clear,Collision with vehicle,Monday,Day,80,2018/09/17,15:15:00,No,3.0,2.0,-34.22820217,142.1205,MILDURA
T20180017591,Dry,Clear,Collision with vehicle,Monday,Day,50,2018/09/17,14:40:00,No,2.0,1.0,-34.18388089,142.1598611,MILDURA
T20180017605,Dry,Clear,Collision with vehicle,Sunday,Day,100,2018/09/16,16:28:00,Yes,3.0,3.0,-38.20715388,146.5024307,LATROBE
T20180017606,Dry,Clear,Collision with vehicle,Tuesday,Dusk/Dawn,60,2018/09/18,07:08:00,No,3.0,2.0,-36.62253764,143.2647274,NORTHERN GRAMPIANS
T20180017619,Dry,Clear,Collision with vehicle,Tuesday,Day,60,2018/09/18,11:50:00,No,2.0,2.0,-37.41794058,143.8811494,HEPBURN
T20180017627,Dry,Clear,Vehicle overturned (no collision),Tuesday,Day,100,2018/09/18,11:10:00,No,2.0,2.0,-36.7241198,146.4715134,WANGARATTA
T20180017633,Dry,Clear,Collision with vehicle,Tuesday,Day,60,2018/09/18,08:57:00,No,3.0,2.0,-38.25768795,144.5379104,GREATER GEELONG
T20180017644,Wet,Raining,No collision and no object struck,Tuesday,Day,100,2018/09/18,17:00:00,No,1.0,1.0,-36.99351805,141.361247,WEST WIMMERA
T20180017648,Dry,Clear,Collision with a fixed object,Tuesday,Day,100,2018/09/18,15:05:00,No,3.0,3.0,-38.45569562,143.0664146,CORANGAMITE
T20180017653,Wet,Clear,Collision with a fixed object,Wednesday,Dark Street lights off,60,2018/09/19,01:45:00,Yes,2.0,2.0,-38.1787192,144.3976514,GREATER GEELONG
T20180017660,Dry,Raining,Collision with vehicle,Tuesday,Dark Street lights on,60,2018/09/18,21:55:00,Yes,2.0,1.0,-37.59874163,143.8411629,BALLARAT
T20180017666,Dry,Clear,Collision with vehicle,Wednesday,Day,60,2018/09/19,10:20:00,No,4.0,4.0,-38.50474914,145.2852307,BASS COAST
T20180017673,Dry,Clear,Collision with vehicle,Wednesday,Day,100,2018/09/19,11:45:00,No,6.0,1.0,-36.44171425,145.8120986,BENALLA
T20180017676,Dry,Clear,Struck Pedestrian,Wednesday,Day,40,2018/09/19,09:15:00,No,2.0,1.0,-38.15465459,144.3447191,GREATER GEELONG
T20180017683,Dry,Clear,Collision with vehicle,Wednesday,Day,100,2018/09/19,12:55:00,No,2.0,1.0,-37.77674861,144.4363589,MOORABOOL
T20180017684,Dry,Clear,Collision with a fixed object,Monday,Dark No street lights,80,2018/09/17,19:15:00,Yes,2.0,1.0,-37.05863906,146.1178045,MANSFIELD
T20180017688,Dry,Clear,No collision and no object struck,Wednesday,Day,50,2018/09/19,15:15:00,No,2.0,1.0,-38.12082835,144.652927,GREATER GEELONG
T20180017700,Dry,Clear,Struck Pedestrian,Wednesday,Day,70,2018/09/19,17:15:00,No,2.0,1.0,-38.1973707,144.3175407,GREATER GEELONG
T20180017704,Dry,Clear,Collision with vehicle,Wednesday,Day,60,2018/09/19,17:10:00,No,3.0,2.0,-38.15476041,144.3544542,GREATER GEELONG
T20180017706,Dry,Clear,Collision with a fixed object,Thursday,Day,100,2018/09/13,14:30:00,No,2.0,1.0,-37.12209055,145.3803101,MURRINDINDI
T20180017708,Dry,Clear,Collision with a fixed object,Wednesday,Day,100,2018/09/19,18:00:00,Yes,1.0,1.0,-37.4585101,144.6232117,MACEDON RANGES
T20180017713,Dry,Clear,Collision with vehicle,Wednesday,Day,100,2018/09/19,15:45:00,No,3.0,2.0,-37.61338351,143.8082065,GOLDEN PLAINS
T20180017720,Dry,Clear,Collision with a fixed object,Wednesday,Day,100,2018/09/19,17:30:00,No,1.0,1.0,-37.15636923,144.9977673,MITCHELL
T20180017724,Dry,Not known,Struck Pedestrian,Thursday,Dark Street lights on,50,2018/09/13,21:00:00,Yes,2.0,1.0,-37.58387005,143.8295604,BALLARAT
T20180017730,Dry,Clear,Collision with a fixed object,Thursday,Dark No street lights,110,2018/09/20,00:09:00,Yes,1.0,1.0,-36.56413822,146.0112186,BENALLA
T20180017732,Dry,Clear,Collision with vehicle,Friday,Day,110,2017/08/25,14:00:00,No,4.0,2.0,-34.27634779,141.64679,MILDURA
T20180017741,Dry,Clear,Collision with vehicle,Thursday,Day,60,2018/09/20,09:00:00,No,3.0,1.0,-37.52509076,143.8091507,BALLARAT
T20180017751,Dry,Clear,Collision with vehicle,Thursday,Day,60,2018/09/20,09:00:00,No,2.0,1.0,-36.67636981,145.2461799,STRATHBOGIE
T20180017764,Unknown,Clear,Collision with vehicle,Wednesday,Dark Street lights unknown,100,2018/09/19,18:30:00,Yes,4.0,1.0,-38.04358743,144.4078267,GREATER GEELONG
T20180017766,Wet,Clear,Collision with vehicle,Sunday,Day,100,2018/09/16,10:15:00,No,2.0,1.0,-38.53223377,145.4515377,BASS COAST
T20180017770,Wet,Raining,Collision with vehicle,Tuesday,Dark Street lights on,80,2018/09/18,19:20:00,Yes,2.0,1.0,-37.58267298,143.8078934,BALLARAT
T20180017783,Unknown,Not known,Collision with vehicle,Saturday,Unknown,999,2018/09/01,16:55:00,Yes,2.0,1.0,-37.82508701,147.6234988,EAST GIPPSLAND
T20180017784,Dry,Clear,Collision with a fixed object,Thursday,Day,100,2018/09/20,16:40:00,No,1.0,1.0,-36.54719227,145.9343695,BENALLA
T20180017788,Dry,Clear,Collision with vehicle,Thursday,Day,100,2018/09/20,15:45:00,No,3.0,1.0,-37.4422017,141.2716723,GLENELG
T20180017800,Dry,Clear,Collision with a fixed object,Thursday,Dark No street lights,80,2018/09/20,21:11:00,Yes,1.0,1.0,-37.84174969,147.642021,EAST GIPPSLAND
T20180017805,Dry,Clear,Struck animal,Thursday,Dark No street lights,60,2018/09/20,23:00:00,Yes,1.0,1.0,-37.83398837,147.9312583,EAST GIPPSLAND
T20180017820,Dry,Clear,Struck animal,Friday,Dusk/Dawn,100,2018/06/29,18:00:00,Yes,1.0,1.0,-37.5954398,148.1206265,EAST GIPPSLAND
T20180017821,Dry,Clear,Collision with vehicle,Friday,Day,50,2018/09/21,09:10:00,No,2.0,1.0,-37.56026506,143.8444996,BALLARAT
T20180017822,Dry,Clear,Collision with a fixed object,Thursday,Day,80,2018/09/20,14:30:00,No,4.0,4.0,-37.86157021,147.9937446,EAST GIPPSLAND
T20180017829,Dry,Clear,Collision with vehicle,Friday,Day,60,2018/09/21,09:40:00,No,3.0,1.0,-38.4759345,145.9468031,SOUTH GIPPSLAND
T20180017834,Dry,Clear,Collision with a fixed object,Friday,Day,60,2018/09/21,10:20:00,No,1.0,1.0,-36.57985835,145.0734932,CAMPASPE
T20180017836,Dry,Clear,Collision with vehicle,Friday,Day,100,2018/09/21,13:00:00,No,2.0,1.0,-38.27121625,146.469905,LATROBE
T20180017841,Dry,Clear,Collision with vehicle,Friday,Day,100,2018/09/21,11:00:00,No,3.0,1.0,-37.27188186,145.4598948,MURRINDINDI
T20180017844,Dry,Clear,Collision with vehicle,Friday,Day,60,2018/09/21,15:15:00,No,3.0,2.0,-36.60677925,145.2165565,GREATER SHEPPARTON
T20180017846,Dry,Clear,Collision with a fixed object,Friday,Day,100,2018/09/21,15:50:00,No,1.0,1.0,-36.9174374,144.3467937,GREATER BENDIGO
T20180017848,Dry,Clear,Collision with a fixed object,Friday,Day,100,2018/09/21,14:35:00,No,1.0,1.0,-36.73980174,146.3541773,WANGARATTA
T20180017856,Dry,Clear,Collision with vehicle,Friday,Day,50,2018/09/21,17:40:00,Yes,3.0,2.0,-38.75815039,143.6702288,COLAC OTWAY
T20180017866,Dry,Clear,Vehicle overturned (no collision),Friday,Day,80,2018/09/21,16:55:00,Yes,1.0,1.0,-37.40975705,143.313038,PYRENEES
T20180017881,Dry,Clear,Collision with vehicle,Thursday,Day,100,2018/09/20,10:30:00,No,5.0,5.0,-36.99167039,142.4767167,NORTHERN GRAMPIANS
T20180017888,Dry,Clear,Struck Pedestrian,Friday,Day,50,2018/09/21,17:20:00,No,2.0,1.0,-37.56308291,143.829316,BALLARAT
T20180017894,Dry,Clear,Collision with vehicle,Friday,Day,50,2018/09/21,14:51:00,No,2.0,1.0,-38.18113288,146.2469555,LATROBE
T20180017897,Dry,Clear,Collision with vehicle,Saturday,Day,60,2018/09/22,10:40:00,No,2.0,1.0,-38.10464293,144.3445692,GREATER GEELONG
T20180017898,Dry,Clear,Vehicle overturned (no collision),Saturday,Dark No street lights,100,2018/09/22,02:00:00,Yes,1.0,1.0,-36.05778476,147.2082514,TOWONG
T20180017902,Dry,Not known,Collision with a fixed object,Saturday,Day,50,2018/09/22,15:16:00,Yes,1.0,1.0,-36.75665063,144.2752088,GREATER BENDIGO
T20180017903,Dry,Clear,Fall from or in moving vehicle,Saturday,Day,999,2018/09/22,11:30:00,No,1.0,1.0,-36.26656098,146.5910752,INDIGO
T20180017919,Dry,Clear,Collision with a fixed object,Saturday,Day,100,2018/09/22,17:50:00,Yes,1.0,1.0,-36.13574022,147.0880802,TOWONG
T20180017925,Dry,Clear,Collision with vehicle,Saturday,Day,100,2018/09/22,07:55:00,No,1.0,1.0,-35.99517301,145.8775988,MOIRA
T20180017929,Dry,Clear,Collision with a fixed object,Saturday,Day,50,2018/09/22,17:25:00,Yes,2.0,1.0,-36.74350882,145.5495,STRATHBOGIE
T20180017940,Wet,Raining,Vehicle overturned (no collision),Sunday,Dark No street lights,60,2018/09/23,01:15:00,No,1.0,1.0,-38.48033858,144.033182,SURF COAST
T20180017946,Dry,Clear,Collision with vehicle,Sunday,Day,50,2018/09/23,07:15:00,Yes,2.0,1.0,-36.12453876,146.8880621,WODONGA
T20180017947,Wet,Clear,Collision with a fixed object,Sunday,Day,60,2018/09/23,07:20:00,Yes,2.0,2.0,-37.96435963,147.0851001,WELLINGTON
T20180017952,Wet,Raining,Vehicle overturned (no collision),Sunday,Day,100,2018/09/23,10:08:00,No,2.0,1.0,-37.82636604,147.0824123,WELLINGTON
T20180017972,Dry,Clear,Collision with vehicle,Sunday,Day,100,2018/09/23,15:50:00,No,5.0,5.0,-36.4402651,142.3274589,YARRIAMBIACK
T20180017992,Dry,Clear,Collision with a fixed object,Monday,Dark No street lights,80,2018/09/24,05:00:00,Yes,1.0,1.0,-37.02741719,145.8511998,MANSFIELD
T20180017996,Dry,Clear,Collision with vehicle,Friday,Dark Street lights on,40,2018/09/14,19:45:00,Yes,2.0,1.0,-36.75946967,144.2783549,GREATER BENDIGO
T20180018001,Dry,Clear,Collision with vehicle,Monday,Day,50,2018/09/24,11:06:00,No,3.0,1.0,-34.18979622,142.1612197,MILDURA
T20180018009,Dry,Clear,Collision with a fixed object,Saturday,Day,80,2018/09/22,11:30:00,No,1.0,1.0,-37.24499174,145.1745876,MURRINDINDI
T20180018010,Dry,Clear,Collision with vehicle,Friday,Day,60,2018/09/21,11:08:00,No,2.0,1.0,-37.57911644,143.8502968,BALLARAT
T20180018020,Wet,Raining,collision with some other object,Sunday,Day,999,2018/08/26,12:00:00,No,1.0,1.0,-38.37003383,146.1629494,SOUTH GIPPSLAND
T20180018030,Dry,Clear,Collision with vehicle,Monday,Dusk/Dawn,100,2018/09/24,18:00:00,Yes,6.0,3.0,-38.44803232,143.2735395,CORANGAMITE
T20180018033,Dry,Clear,Vehicle overturned (no collision),Monday,Dark No street lights,100,2018/09/24,19:45:00,Yes,2.0,2.0,-37.05206149,144.7891716,MITCHELL
T20180018034,Dry,Clear,Collision with vehicle,Monday,Day,60,2018/09/24,15:23:00,No,2.0,1.0,-38.15450023,144.3698499,GREATER GEELONG
T20180018043,Dry,Clear,Collision with vehicle,Tuesday,Dark Street lights on,70,2018/09/25,05:00:00,Yes,3.0,2.0,-38.15172483,144.351973,GREATER GEELONG
T20180018052,Dry,Clear,Struck Pedestrian,Tuesday,Day,50,2018/09/25,08:45:00,No,2.0,1.0,-36.71370043,142.1794379,HORSHAM
T20180018057,Dry,Clear,Collision with vehicle,Monday,Dark Street lights on,60,2018/09/24,18:55:00,Yes,2.0,1.0,-38.02864153,144.4132246,GREATER GEELONG
T20180018063,Dry,Clear,Collision with vehicle,Tuesday,Dusk/Dawn,60,2018/09/25,07:35:00,No,3.0,2.0,-36.34760605,146.3137374,WANGARATTA
T20180018067,Dry,Clear,Collision with vehicle,Tuesday,Day,80,2018/09/25,12:45:00,No,4.0,3.0,-37.42309416,144.9786098,MITCHELL
T20180018077,Unknown,Clear,collision with some other object,Friday,Day,100,2018/09/21,13:26:00,No,2.0,1.0,-37.23637845,144.9341798,MITCHELL
T20180018083,Dry,Clear,Collision with vehicle,Tuesday,Day,100,2018/09/25,15:37:00,No,3.0,3.0,-38.26568693,144.4044212,SURF COAST
T20180018084,Dry,Clear,Collision with a fixed object,Tuesday,Day,80,2018/09/25,13:30:00,No,1.0,1.0,-36.60384089,147.4313914,TOWONG
T20180018086,Dry,Clear,Collision with vehicle,Saturday,Day,50,2018/09/15,16:39:00,Yes,2.0,1.0,-37.06391878,142.7651967,NORTHERN GRAMPIANS
T20180018091,Dry,Clear,Collision with vehicle,Tuesday,Dark Street lights on,70,2018/09/25,18:20:00,Yes,4.0,1.0,-38.11994015,144.3533612,GREATER GEELONG
T20180018093,Dry,Clear,Collision with vehicle,Tuesday,Day,80,2018/09/25,16:35:00,No,5.0,5.0,-37.60948638,143.8029805,GOLDEN PLAINS
T20180018095,Dry,Clear,Collision with vehicle,Tuesday,Day,70,2018/09/25,17:59:00,No,2.0,2.0,-38.19864028,144.3417024,GREATER GEELONG
T20180018109,Dry,Clear,Collision with vehicle,Tuesday,Unknown,60,2018/09/25,10:15:00,No,3.0,2.0,-38.13755045,144.3304438,GREATER GEELONG
T20180018128,Dry,Clear,Collision with vehicle,Tuesday,Dark Street lights on,50,2018/09/25,18:45:00,Yes,2.0,1.0,-37.95350926,146.9817201,WELLINGTON
T20180018140,Dry,Clear,Collision with vehicle,Wednesday,Day,60,2018/09/26,11:40:00,No,2.0,2.0,-38.16381211,144.3616143,GREATER GEELONG
T20180018145,Dry,Clear,Collision with vehicle,Wednesday,Day,70,2018/09/26,13:13:00,No,2.0,1.0,-38.11498978,144.3544877,GREATER GEELONG
T20180018153,Dry,Clear,Collision with a fixed object,Wednesday,Day,100,2018/09/26,12:00:00,No,1.0,1.0,-37.07637271,145.6419536,MURRINDINDI
T20180018156,Dry,Clear,Collision with vehicle,Saturday,Day,60,2018/08/25,13:00:00,No,2.0,1.0,-36.77324747,144.3052157,GREATER BENDIGO
T20180018161,Dry,Clear,Collision with vehicle,Wednesday,Day,60,2018/09/26,14:58:00,No,5.0,5.0,-38.61786668,142.9982379,CORANGAMITE
T20180018168,Dry,Clear,Collision with vehicle,Wednesday,Day,50,2018/09/26,15:00:00,No,2.0,1.0,-36.01502343,146.0086227,MOIRA
T20180018173,Dry,Clear,Struck Pedestrian,Wednesday,Dark Street lights on,50,2018/09/26,18:30:00,Yes,2.0,1.0,-36.72244016,144.2670304,GREATER BENDIGO
T20180018180,Dry,Clear,Collision with vehicle,Friday,Day,40,2018/09/07,15:20:00,No,2.0,1.0,-37.08100125,144.1604831,MOUNT ALEXANDER
T20180018198,Wet,Clear,Collision with a fixed object,Thursday,Dark No street lights,60,2018/09/27,02:00:00,Yes,1.0,1.0,-37.7022588,147.8336897,EAST GIPPSLAND
T20180018210,Dry,Clear,Struck Pedestrian,Thursday,Day,50,2018/09/27,10:00:00,No,2.0,1.0,-37.29326025,144.9513485,MITCHELL
T20180018223,Dry,Clear,Collision with vehicle,Thursday,Day,50,2018/09/27,12:40:00,No,2.0,1.0,-36.80324334,144.24381,GREATER BENDIGO
T20180018229,Dry,Clear,Collision with vehicle,Thursday,Day,60,2018/09/27,12:30:00,No,4.0,1.0,-38.52074414,145.3689582,BASS COAST
T20180018237,Dry,Clear,Vehicle overturned (no collision),Thursday,Day,999,2018/09/27,16:30:00,No,1.0,1.0,-37.18831398,146.3717629,MANSFIELD
T20180018247,Dry,Clear,Collision with vehicle,Thursday,Dusk/Dawn,60,2018/09/27,17:45:00,No,3.0,1.0,-37.59817004,143.8412065,BALLARAT
T20180018263,Dry,Clear,Collision with vehicle,Thursday,Dark Street lights on,80,2018/09/27,20:30:00,Yes,9.0,8.0,-38.09789427,144.3061266,GREATER GEELONG
T20180018265,Dry,Clear,Collision with a fixed object,Thursday,Dark No street lights,80,2018/09/27,22:50:00,Yes,1.0,1.0,-38.32396004,144.2648107,SURF COAST
T20180018268,Dry,Clear,Collision with a fixed object,Friday,Dark No street lights,100,2018/09/28,01:31:00,Yes,1.0,1.0,-38.27932047,146.7251204,WELLINGTON
T20180018269,Dry,Clear,Struck animal,Thursday,Dark No street lights,100,2018/09/27,18:30:00,Yes,1.0,1.0,-38.21482945,146.7855966,WELLINGTON
T20180018270,Unknown,Not known,Collision with vehicle,Monday,Day,50,2018/09/10,15:50:00,No,2.0,1.0,-37.96878529,146.9794343,WELLINGTON
T20180018271,Dry,Clear,Collision with vehicle,Wednesday,Day,60,2018/09/26,15:15:00,No,6.0,6.0,-38.09339028,144.3467824,GREATER GEELONG
T20180018272,Dry,Clear,Collision with vehicle,Friday,Day,60,2018/09/28,09:25:00,No,3.0,1.0,-38.18851611,144.4621806,GREATER GEELONG
T20180018278,Dry,Clear,Struck Pedestrian,Wednesday,Day,50,2018/09/26,12:30:00,No,2.0,1.0,-37.60015941,144.22622,MOORABOOL
T20180018287,Dry,Clear,Collision with vehicle,Friday,Day,100,2018/09/28,11:05:00,No,2.0,2.0,-37.36133029,143.8026392,BALLARAT
T20180018291,Dry,Clear,Collision with a fixed object,Thursday,Dark No street lights,100,2018/09/27,22:30:00,Yes,1.0,1.0,-36.93101951,145.7260265,MANSFIELD
T20180018297,Muddy,Raining,No collision and no object struck,Friday,Day,999,2018/09/28,15:30:00,No,1.0,1.0,-37.36657016,145.16071,MITCHELL
T20180018307,Wet,Raining,Collision with a fixed object,Friday,Day,100,2018/09/28,17:20:00,Yes,3.0,3.0,-37.12105629,145.2191098,MITCHELL
T20180018321,Dry,Clear,Collision with vehicle,Friday,Dark Street lights on,50,2018/09/28,23:09:00,Yes,4.0,1.0,-36.75970006,144.2785951,GREATER BENDIGO
T20180018324,Dry,Clear,Vehicle overturned (no collision),Saturday,Dark No street lights,999,2018/09/29,01:40:00,Yes,1.0,1.0,-36.12962646,144.7271111,CAMPASPE
T20180018327,Wet,Clear,Collision with a fixed object,Saturday,Dark No street lights,80,2018/09/29,03:00:00,Yes,1.0,1.0,-37.60447778,143.8572284,BALLARAT
T20180018338,Dry,Clear,Collision with vehicle,Thursday,Day,60,2018/09/27,12:05:00,No,2.0,1.0,-37.83403157,147.610709,EAST GIPPSLAND
T20180018343,Unknown,Clear,Collision with vehicle,Thursday,Day,60,2018/09/27,14:30:00,No,2.0,1.0,-38.12200009,144.3280308,GREATER GEELONG
T20180018347,Dry,Clear,Collision with a fixed object,Saturday,Dusk/Dawn,110,2018/09/29,17:37:00,Yes,1.0,1.0,-36.28065502,146.3994403,WANGARATTA
T20180018352,Dry,Clear,Collision with a fixed object,Saturday,Day,50,2018/09/29,17:05:00,Yes,1.0,1.0,-37.19162229,145.7096817,MURRINDINDI
T20180018356,Dry,Clear,Collision with vehicle,Saturday,Dark Street lights on,50,2018/09/29,22:58:00,Yes,1.0,1.0,-38.14076733,144.3369905,GREATER GEELONG
T20180018369,Dry,Not known,Vehicle overturned (no collision),Sunday,Day,100,2018/09/30,08:00:00,Yes,2.0,2.0,-37.21968967,144.3442595,HEPBURN
T20180018373,Dry,Clear,Collision with vehicle,Sunday,Day,80,2018/09/30,12:05:00,No,3.0,2.0,-35.92549011,145.5906146,MOIRA
T20180018374,Dry,Clear,Collision with vehicle,Sunday,Day,60,2018/09/16,11:00:00,No,2.0,1.0,-37.29206891,143.7768719,HEPBURN
T20180018384,Dry,Clear,Collision with vehicle,Sunday,Day,100,2018/09/30,12:05:00,No,4.0,1.0,-38.74570252,143.2584972,COLAC OTWAY
T20180018390,Dry,Not known,Collision with vehicle,Sunday,Day,80,2018/09/30,16:30:00,Yes,3.0,1.0,-36.95592734,144.2360593,MOUNT ALEXANDER
T20180018394,Dry,Clear,Collision with vehicle,Sunday,Day,60,2018/09/30,16:28:00,Yes,2.0,1.0,-37.04908879,143.7460161,CENTRAL GOLDFIELDS
T20180018402,Dry,Clear,Collision with a fixed object,Sunday,Day,999,2018/09/30,17:45:00,Yes,1.0,1.0,-36.54967617,145.9883832,BENALLA
T20180018403,Dry,Clear,Collision with a fixed object,Sunday,Dark Street lights on,60,2018/09/30,20:40:00,Yes,1.0,1.0,-36.54676017,145.9779695,BENALLA
T20180018420,Dry,Clear,Collision with vehicle,Monday,Day,60,2018/10/01,08:00:00,No,3.0,2.0,-37.5876265,143.8246092,BALLARAT
T20180018426,Dry,Clear,Struck animal,Monday,Dark No street lights,100,2018/10/01,04:45:00,Yes,1.0,1.0,-38.41425928,146.8166065,WELLINGTON
T20180018428,Dry,Clear,Vehicle overturned (no collision),Monday,Day,100,2018/10/01,11:00:00,No,1.0,1.0,-36.67350992,144.1985303,GREATER BENDIGO