Accident_No,Surface_Cond_Desc,Atmosph_Cond_Desc,Accident_Type_Desc,Day,Light_Condition_Desc,Speed_Zone,Accident_Date,Accident_Time,Alcohol_Influence,Total_Persons_Inv,Inj_Or_Fatal,Lat,Long,LGA
T20180018436,Dry,Clear,Collision with vehicle,Monday,Day,100,2018/10/01,12:38:00,No,2.0,2.0,-36.44010224,145.295243,GREATER SHEPPARTON
T20180018438,Dry,Clear,Collision with vehicle,Monday,Day,50,2018/10/01,11:40:00,No,2.0,1.0,-38.16285658,145.9439808,BAW BAW
T20180018442,Dry,Clear,Collision with a fixed object,Monday,Day,80,2018/10/01,12:15:00,No,1.0,1.0,-36.02212385,145.9717289,MOIRA
T20180018450,Dry,Clear,Collision with vehicle,Monday,Day,80,2018/10/01,08:20:00,No,2.0,1.0,-38.37906882,141.5694894,GLENELG
T20180018452,Dry,Clear,Struck animal,Sunday,Day,999,2018/09/30,13:30:00,No,1.0,1.0,-37.76015009,144.0926808,MOORABOOL
T20180018461,Dry,Clear,Collision with vehicle,Monday,Day,100,2018/10/01,15:33:00,No,2.0,1.0,-38.26762248,141.6629417,GLENELG
T20180018464,Wet,Raining,Vehicle overturned (no collision),Saturday,Day,999,2018/09/15,10:30:00,No,1.0,1.0,-37.93484086,146.1481224,BAW BAW
T20180018483,Dry,Clear,Collision with vehicle,Tuesday,Dark Street lights on,60,2018/10/02,00:30:00,Yes,2.0,1.0,-38.15707214,144.370441,GREATER GEELONG
T20180018494,Dry,Clear,Vehicle overturned (no collision),Tuesday,Day,100,2018/10/02,09:45:00,No,1.0,1.0,-38.19858732,144.2643516,GREATER GEELONG
T20180018497,Dry,Clear,Collision with a fixed object,Wednesday,Dark Street lights on,60,2017/12/20,01:30:00,Yes,1.0,1.0,-36.79335055,144.2374988,GREATER BENDIGO
T20180018498,Dry,Clear,Collision with vehicle,Tuesday,Day,40,2018/10/02,09:30:00,No,5.0,1.0,-38.15179201,144.3643395,GREATER GEELONG
T20180018500,Dry,Clear,Collision with vehicle,Tuesday,Day,60,2018/10/02,09:30:00,No,2.0,1.0,-34.18264141,142.1555417,MILDURA
T20180018503,Dry,Clear,Struck Pedestrian,Monday,Dark Street lights on,60,2018/10/01,21:30:00,Yes,2.0,1.0,-37.20714853,145.0423787,MITCHELL
T20180018519,Unknown,Not known,Collision with vehicle,Monday,Unknown,999,2018/08/20,08:45:00,Yes,3.0,1.0,-38.25628165,144.5475752,GREATER GEELONG
T20180018532,Unknown,Not known,Vehicle overturned (no collision),Sunday,Day,999,2018/09/30,12:00:00,No,1.0,1.0,-37.78088092,146.9084479,WELLINGTON
T20180018535,Dry,Clear,Collision with vehicle,Tuesday,Day,70,2018/10/02,15:41:00,No,6.0,1.0,-36.73347154,142.2055295,HORSHAM
T20180018539,Dry,Clear,Collision with vehicle,Tuesday,Day,60,2018/10/02,17:50:00,No,2.0,1.0,-36.77342649,144.3108759,GREATER BENDIGO
T20180018541,Dry,Clear,Collision with vehicle,Tuesday,Dusk/Dawn,40,2018/10/02,17:45:00,No,2.0,1.0,-37.562107,143.857737,BALLARAT
T20180018544,Dry,Clear,Collision with a fixed object,Tuesday,Dusk/Dawn,100,2018/10/02,18:15:00,Yes,1.0,1.0,-38.15275087,146.5540889,LATROBE
T20180018552,Dry,Clear,Collision with a fixed object,Tuesday,Day,100,2018/10/02,16:50:00,No,1.0,1.0,-37.31253264,144.6763069,MACEDON RANGES
T20180018555,Dry,Clear,Collision with vehicle,Tuesday,Dark Street lights on,80,2018/10/02,20:54:00,Yes,3.0,1.0,-36.37758557,145.4318101,GREATER SHEPPARTON
T20180018563,Dry,Clear,Collision with a fixed object,Wednesday,Dark No street lights,100,2018/10/03,00:45:00,Yes,2.0,1.0,-37.53315782,143.9599581,MOORABOOL
T20180018580,Dry,Clear,Collision with a fixed object,Wednesday,Day,100,2018/10/03,09:20:00,No,1.0,1.0,-36.57182,145.9311489,BENALLA
T20180018584,Dry,Clear,Collision with a fixed object,Wednesday,Day,100,2018/10/03,13:19:00,No,1.0,1.0,-38.21288957,144.1786499,SURF COAST
T20180018597,Wet,Raining,Collision with vehicle,Wednesday,Dark Street lights on,60,2018/10/03,18:25:00,Yes,3.0,1.0,-34.19393528,142.1418574,MILDURA
T20180018598,Dry,Clear,collision with some other object,Saturday,Day,100,2018/09/29,14:45:00,Yes,1.0,1.0,-36.17516001,144.8136833,CAMPASPE
T20180018601,Dry,Clear,Collision with a fixed object,Wednesday,Dark Street lights on,50,2018/10/03,19:45:00,Yes,3.0,1.0,-37.6952863,144.5030125,MOORABOOL
T20180018609,Dry,Clear,Collision with vehicle,Thursday,Dark No street lights,110,2018/10/04,03:20:00,Yes,4.0,2.0,-36.65747079,145.6922613,STRATHBOGIE
T20180018621,Dry,Clear,Collision with vehicle,Thursday,Day,100,2018/10/04,10:30:00,No,8.0,2.0,-38.34532361,143.6424152,COLAC OTWAY
T20180018629,Wet,Raining,Collision with a fixed object,Wednesday,Day,100,2018/10/03,16:20:00,No,1.0,1.0,-38.08205367,143.8693198,GOLDEN PLAINS
T20180018634,Dry,Clear,Collision with vehicle,Thursday,Day,80,2018/10/04,14:45:00,No,5.0,5.0,-38.22579049,144.3367742,GREATER GEELONG
T20180018635,Dry,Clear,Collision with a fixed object,Wednesday,Dark Street lights on,60,2018/10/03,22:10:00,Yes,1.0,1.0,-37.54665627,143.8208005,BALLARAT
T20180018638,Dry,Clear,Collision with vehicle,Thursday,Day,999,2018/10/04,16:11:00,No,2.0,1.0,-38.11379303,144.3314694,GREATER GEELONG
T20180018642,Dry,Clear,Vehicle overturned (no collision),Monday,Dusk/Dawn,80,2018/10/01,18:00:00,Yes,1.0,1.0,-36.43726677,146.4387856,WANGARATTA
T20180018648,Wet,Raining,Collision with vehicle,Thursday,Day,80,2018/10/04,15:50:00,No,3.0,1.0,-36.13900434,146.9125727,WODONGA
T20180018657,Dry,Clear,Collision with a fixed object,Thursday,Dark No street lights,110,2018/10/04,18:30:00,Yes,1.0,1.0,-38.15675967,145.9039203,BAW BAW
T20180018669,Dry,Clear,Collision with vehicle,Thursday,Dark Street lights on,60,2018/10/04,20:30:00,Yes,1.0,1.0,-38.20814334,144.3262751,GREATER GEELONG
T20180018671,Dry,Clear,Collision with a fixed object,Thursday,Dark No street lights,50,2018/10/04,23:50:00,Yes,2.0,2.0,-36.11326063,144.740931,CAMPASPE
T20180018676,Dry,Clear,Struck animal,Tuesday,Dark No street lights,100,2018/10/02,22:03:00,Yes,4.0,1.0,-35.8853404,144.2636538,GANNAWARRA
T20180018680,Dry,Clear,Collision with vehicle,Friday,Day,80,2018/10/05,06:45:00,No,2.0,1.0,-38.31176238,143.7113401,COLAC OTWAY
T20180018684,Dry,Clear,Collision with vehicle,Friday,Day,80,2018/10/05,09:00:00,No,3.0,2.0,-38.20528882,146.5102312,LATROBE
T20180018690,Dry,Clear,Collision with a fixed object,Friday,Day,50,2018/10/05,08:40:00,No,1.0,1.0,-37.88817971,147.8570388,EAST GIPPSLAND
T20180018692,Dry,Clear,Collision with vehicle,Friday,Day,70,2018/10/05,12:16:00,No,2.0,1.0,-38.1334072,144.3511555,GREATER GEELONG
T20180018696,Dry,Clear,Collision with vehicle,Friday,Day,40,2018/10/05,09:40:00,No,2.0,1.0,-36.29905137,144.51856,CAMPASPE
T20180018709,Dry,Clear,Collision with vehicle,Friday,Day,70,2018/10/05,15:15:00,No,3.0,1.0,-38.18670992,144.3439694,GREATER GEELONG
T20180018720,Dry,Clear,No collision and no object struck,Saturday,Day,100,2018/09/15,12:00:00,No,1.0,1.0,-37.49563094,149.6657187,EAST GIPPSLAND
T20180018726,Dry,Clear,Collision with vehicle,Friday,Day,40,2018/10/05,09:00:00,No,2.0,1.0,-37.87979643,147.4279788,EAST GIPPSLAND
T20180018737,Dry,Clear,Collision with vehicle,Friday,Dusk/Dawn,60,2018/10/05,18:31:00,Yes,3.0,2.0,-37.83055916,147.6200339,EAST GIPPSLAND
T20180018739,Dry,Clear,Collision with a fixed object,Friday,Day,100,2018/10/05,17:08:00,Yes,1.0,1.0,-37.4636979,144.9258104,MITCHELL
T20180018740,Dry,Clear,Collision with a fixed object,Friday,Day,100,2018/10/05,15:30:00,No,1.0,1.0,-36.63732454,146.2050093,BENALLA
T20180018745,Dry,Clear,Collision with vehicle,Saturday,Dark No street lights,80,2018/10/06,00:35:00,Yes,4.0,2.0,-37.69685525,144.4484916,MOORABOOL
T20180018751,Dry,Clear,Collision with vehicle,Thursday,Day,100,2018/10/04,17:20:00,No,3.0,1.0,-36.29883229,145.0266862,CAMPASPE
T20180018757,Dry,Dust,collision with some other object,Saturday,Day,100,2018/10/06,11:30:00,No,1.0,1.0,-37.1981178,146.0023966,MANSFIELD
T20180018758,Dry,Clear,Collision with vehicle,Saturday,Day,60,2018/10/06,12:20:00,No,2.0,2.0,-36.38613466,145.4243722,GREATER SHEPPARTON
T20180018761,Dry,Clear,Vehicle overturned (no collision),Monday,Day,100,2018/10/01,12:00:00,No,2.0,1.0,-36.09833946,145.9953568,MOIRA
T20180018769,Dry,Clear,Collision with a fixed object,Saturday,Day,50,2018/10/06,12:30:00,No,1.0,1.0,-37.58632022,141.4018202,GLENELG
T20180018770,Dry,Clear,Collision with vehicle,Saturday,Day,80,2018/10/06,14:00:00,Yes,2.0,1.0,-37.39949118,144.9540458,MITCHELL
T20180018777,Dry,Clear,Collision with vehicle,Thursday,Day,80,2018/09/27,12:45:00,No,2.0,1.0,-36.80433997,144.241854,GREATER BENDIGO
T20180018791,Dry,Clear,Collision with a fixed object,Saturday,Dark No street lights,100,2018/10/06,20:30:00,Yes,1.0,1.0,-36.63966086,146.6938261,ALPINE
T20180018800,Dry,Clear,Collision with a fixed object,Sunday,Dark No street lights,100,2018/10/07,03:05:00,Yes,3.0,3.0,-37.26903683,145.0225519,MITCHELL
T20180018816,Dry,Clear,collision with some other object,Saturday,Day,60,2018/10/06,15:20:00,No,1.0,1.0,-38.10464293,144.3445692,GREATER GEELONG
T20180018821,Dry,Clear,Collision with vehicle,Sunday,Day,100,2018/10/07,10:35:00,No,4.0,1.0,-37.54888205,144.4659554,MOORABOOL
T20180018824,Dry,Clear,Collision with vehicle,Sunday,Day,100,2018/10/07,11:19:00,No,3.0,1.0,-37.59118322,144.4617561,MOORABOOL
T20180018825,Wet,Clear,Collision with a fixed object,Sunday,Day,60,2018/10/07,14:15:00,No,1.0,1.0,-37.54674054,143.8207845,BALLARAT
T20180018828,Dry,Clear,Collision with a fixed object,Sunday,Day,100,2018/10/07,13:56:00,No,1.0,1.0,-37.33455839,145.9537841,MURRINDINDI
T20180018830,Dry,Clear,Collision with vehicle,Sunday,Day,100,2018/10/07,14:00:00,No,8.0,3.0,-36.19143146,145.5342441,MOIRA
T20180018835,Dry,Clear,Collision with vehicle,Sunday,Day,100,2018/10/07,10:45:00,No,2.0,2.0,-35.91008132,144.3186172,GANNAWARRA
T20180018851,Dry,Clear,Collision with a fixed object,Sunday,Dark No street lights,100,2018/10/07,21:00:00,Yes,1.0,1.0,-36.77201721,144.15824,GREATER BENDIGO
T20180018862,Dry,Clear,Collision with vehicle,Monday,Day,50,2018/10/08,08:17:00,No,2.0,1.0,-37.05232688,146.0882205,MANSFIELD
T20180018866,Dry,Clear,Collision with vehicle,Friday,Day,60,2018/10/05,14:30:00,No,5.0,1.0,-38.12113244,144.6556836,GREATER GEELONG
T20180018872,Dry,Clear,Collision with vehicle,Monday,Day,50,2018/10/08,09:00:00,No,2.0,1.0,-35.33522322,143.5569636,SWAN HILL
T20180018878,Dry,Clear,Collision with vehicle,Monday,Day,60,2018/10/08,12:30:00,No,2.0,1.0,-37.57405089,143.8095109,BALLARAT
T20180018879,Dry,Clear,Collision with vehicle,Monday,Day,60,2018/10/08,08:00:00,No,1.0,1.0,-38.09135033,144.3662228,GREATER GEELONG
T20180018882,Dry,Clear,Collision with a fixed object,Monday,Day,50,2018/10/08,11:45:00,No,2.0,2.0,-38.37518913,142.4819891,WARRNAMBOOL
T20180018893,Unknown,Not known,Struck animal,Friday,Unknown,999,2018/10/05,06:30:00,No,3.0,2.0,-34.75334637,142.6817199,SWAN HILL
T20180018898,Dry,Clear,Collision with vehicle,Monday,Day,80,2018/10/08,16:15:00,No,3.0,2.0,-38.35214939,142.5053186,WARRNAMBOOL
T20180018901,Dry,Clear,Collision with vehicle,Monday,Day,100,2018/10/08,17:47:00,No,2.0,2.0,-38.20134004,146.2915099,LATROBE
T20180018910,Dry,Clear,Collision with vehicle,Tuesday,Day,30,2018/10/09,06:20:00,No,2.0,1.0,-38.21802993,146.4756639,LATROBE
T20180018915,Dry,Clear,Collision with vehicle,Monday,Day,50,2018/10/08,15:05:00,No,2.0,2.0,-37.54525503,143.8578366,BALLARAT
T20180018932,Dry,Clear,Struck Pedestrian,Friday,Day,50,2018/10/05,14:45:00,No,2.0,1.0,-36.36010262,146.688283,INDIGO
T20180018937,Wet,Raining,Collision with a fixed object,Tuesday,Day,100,2018/10/09,08:00:00,No,1.0,1.0,-37.60296936,141.7252001,SOUTHERN GRAMPIANS
T20180018953,Dry,Clear,Collision with a fixed object,Saturday,Dark No street lights,60,2018/09/15,20:00:00,Yes,3.0,1.0,-36.82191272,144.2328888,GREATER BENDIGO
T20180018961,Wet,Raining,Collision with vehicle,Tuesday,Day,110,2018/10/09,16:35:00,No,4.0,1.0,-38.08720994,145.78809,BAW BAW
T20180018963,Dry,Clear,Collision with vehicle,Tuesday,Day,60,2018/10/09,14:29:00,No,3.0,2.0,-36.74298032,144.2747007,GREATER BENDIGO
T20180018975,Wet,Clear,Collision with vehicle,Tuesday,Day,60,2018/10/09,18:15:00,Yes,7.0,4.0,-38.17406534,144.3525317,GREATER GEELONG
T20180018982,Wet,Raining,Collision with a fixed object,Tuesday,Dark No street lights,80,2018/10/09,19:45:00,Yes,1.0,1.0,-37.28832807,144.9757595,MITCHELL
T20180018993,Wet,Raining,Collision with vehicle,Tuesday,Day,70,2018/10/09,10:50:00,No,3.0,1.0,-38.17497043,144.3522825,GREATER GEELONG
T20180019004,Wet,Raining,Collision with vehicle,Wednesday,Day,60,2018/10/10,09:10:00,No,3.0,1.0,-36.01770445,146.0046121,MOIRA
T20180019031,Dry,Clear,Struck Pedestrian,Wednesday,Dusk/Dawn,60,2018/10/10,19:10:00,Yes,2.0,1.0,-37.58186644,143.8546257,BALLARAT
T20180019041,Dry,Clear,Vehicle overturned (no collision),Monday,Day,100,2018/10/01,10:45:00,No,1.0,1.0,-35.59995999,143.7948,GANNAWARRA
T20180019067,Dry,Clear,Collision with vehicle,Wednesday,Day,60,2018/10/10,17:35:00,No,5.0,1.0,-36.38226723,145.4080889,GREATER SHEPPARTON
T20180019071,Wet,Raining,Collision with a fixed object,Thursday,Dark No street lights,60,2018/10/04,18:00:00,Yes,1.0,1.0,-37.90221104,146.7565538,WELLINGTON
T20180019074,Dry,Clear,Collision with vehicle,Thursday,Day,999,2018/10/11,12:00:00,No,2.0,1.0,-37.16497032,142.2392408,SOUTHERN GRAMPIANS
T20180019083,Dry,Clear,Collision with vehicle,Thursday,Day,60,2018/10/11,16:00:00,No,2.0,1.0,-38.23544912,144.0018555,SURF COAST
T20180019084,Dry,Clear,Collision with vehicle,Thursday,Day,100,2018/10/11,15:00:00,No,4.0,2.0,-38.44902927,145.8855501,SOUTH GIPPSLAND
T20180019086,Dry,Clear,Collision with vehicle,Thursday,Day,100,2018/10/11,09:00:00,No,5.0,1.0,-36.24395234,143.0260336,BULOKE
T20180019095,Dry,Clear,Collision with vehicle,Thursday,Day,60,2018/10/11,16:12:00,No,2.0,2.0,-37.58193878,143.8552602,BALLARAT
T20180019107,Dry,Clear,Vehicle overturned (no collision),Thursday,Day,100,2018/10/11,18:15:00,Yes,1.0,1.0,-36.67616998,144.5220601,GREATER BENDIGO
T20180019108,Dry,Clear,Collision with vehicle,Thursday,Day,50,2018/10/11,18:50:00,Yes,4.0,1.0,-36.71939445,142.178887,HORSHAM
T20180019124,Dry,Fog,Vehicle overturned (no collision),Friday,Dark No street lights,100,2018/10/12,03:30:00,Yes,1.0,1.0,-37.97266053,141.9718228,SOUTHERN GRAMPIANS
T20180019127,Dry,Clear,Collision with vehicle,Thursday,Day,40,2018/10/11,16:30:00,No,2.0,1.0,-37.56108276,143.874926,BALLARAT
T20180019149,Dry,Clear,Collision with vehicle,Friday,Day,80,2018/10/12,07:50:00,No,2.0,1.0,-37.22144328,144.4679769,MACEDON RANGES
T20180019157,Wet,Raining,Collision with vehicle,Tuesday,Day,70,2018/10/09,16:45:00,No,3.0,1.0,-38.11516038,144.3544531,GREATER GEELONG
T20180019158,Dry,Clear,Collision with vehicle,Friday,Day,70,2018/10/12,16:00:00,Yes,3.0,1.0,-37.55197884,143.8101008,BALLARAT
T20180019195,Dry,Clear,No collision and no object struck,Thursday,Day,100,2018/10/11,12:30:00,No,1.0,1.0,-36.89480112,147.0623586,ALPINE
T20180019199,Dry,Clear,Collision with vehicle,Friday,Day,60,2018/10/12,12:15:00,No,2.0,1.0,-36.36519422,146.3148746,WANGARATTA
T20180019205,Dry,Clear,Collision with vehicle,Saturday,Day,40,2018/10/13,09:45:00,No,2.0,1.0,-38.15268592,144.3634819,GREATER GEELONG
T20180019206,Dry,Clear,Collision with vehicle,Saturday,Day,80,2018/10/13,09:15:00,No,2.0,1.0,-36.39892564,145.4318253,GREATER SHEPPARTON
T20180019208,Dry,Clear,Vehicle overturned (no collision),Saturday,Day,100,2018/10/06,13:20:00,No,1.0,1.0,-38.36515943,143.7606891,COLAC OTWAY
T20180019210,Dry,Clear,Collision with a fixed object,Saturday,Day,50,2018/10/13,11:45:00,No,2.0,2.0,-36.46378692,146.2251854,WANGARATTA
T20180019214,Dry,Clear,Collision with vehicle,Saturday,Day,60,2018/10/13,07:20:00,Yes,2.0,1.0,-37.59874163,143.8411629,BALLARAT
T20180019216,Dry,Clear,Collision with vehicle,Saturday,Day,60,2018/10/13,11:40:00,No,3.0,2.0,-36.34449242,146.3105428,WANGARATTA
T20180019219,Dry,Not known,No collision and no object struck,Saturday,Day,50,2018/10/13,12:30:00,No,1.0,1.0,-37.3445995,144.7399731,MACEDON RANGES
T20180019220,Dry,Clear,Collision with vehicle,Saturday,Day,80,2018/10/13,12:25:00,No,2.0,1.0,-36.76608165,144.3352695,GREATER BENDIGO
T20180019232,Dry,Clear,Collision with a fixed object,Saturday,Day,50,2018/10/13,14:05:00,Yes,2.0,1.0,-36.13332082,144.73556,CAMPASPE
T20180019242,Dry,Clear,Collision with vehicle,Saturday,Day,50,2018/10/13,16:10:00,Yes,2.0,1.0,-38.14178534,144.3450413,GREATER GEELONG
T20180019258,Dry,Clear,Collision with a fixed object,Saturday,Dark No street lights,100,2018/10/13,20:00:00,Yes,1.0,1.0,-38.13796066,146.4850296,LATROBE
T20180019271,Dry,Clear,No collision and no object struck,Saturday,Day,100,2018/10/13,13:00:00,No,1.0,1.0,-37.4448965,145.6897101,MURRINDINDI
T20180019272,Dry,Clear,Collision with a fixed object,Sunday,Day,100,2018/10/14,07:45:00,Yes,1.0,1.0,-38.56268212,145.5298416,BASS COAST
T20180019284,Dry,Clear,Collision with a fixed object,Sunday,Day,100,2018/10/14,12:37:00,No,4.0,1.0,-38.13550495,147.0770324,WELLINGTON
T20180019285,Dry,Clear,No collision and no object struck,Friday,Day,100,2018/09/21,17:45:00,Yes,3.0,1.0,-38.31747524,143.7870082,COLAC OTWAY
T20180019290,Dry,Clear,No collision and no object struck,Sunday,Day,999,2018/10/14,12:15:00,No,1.0,1.0,-37.46221909,145.2836272,MURRINDINDI
T20180019291,Dry,Clear,Collision with a fixed object,Sunday,Day,100,2018/10/14,12:44:00,No,2.0,2.0,-36.57758856,144.5565162,GREATER BENDIGO
T20180019293,Dry,Clear,Fall from or in moving vehicle,Sunday,Day,40,2018/10/14,12:33:00,No,1.0,1.0,-37.6813802,144.4436823,MOORABOOL
T20180019299,Dry,Clear,No collision and no object struck,Saturday,Day,60,2018/10/13,15:30:00,Yes,1.0,1.0,-39.015147,146.2989822,SOUTH GIPPSLAND
T20180019313,Dry,Clear,Collision with vehicle,Sunday,Day,80,2018/10/14,14:45:00,No,2.0,1.0,-34.24462945,142.2169466,MILDURA
T20180019320,Dry,Clear,Struck animal,Sunday,Dark No street lights,100,2018/10/14,21:10:00,No,1.0,1.0,-36.61827502,143.0165542,NORTHERN GRAMPIANS
T20180019330,Dry,Clear,Collision with a fixed object,Sunday,Day,100,2018/10/14,14:44:00,No,3.0,1.0,-38.66387446,146.3660523,SOUTH GIPPSLAND
T20180019332,Dry,Clear,Collision with vehicle,Monday,Day,60,2018/10/15,08:35:00,No,6.0,1.0,-38.15882511,144.3924271,GREATER GEELONG
T20180019335,Dry,Clear,Fall from or in moving vehicle,Wednesday,Day,60,2018/10/10,17:00:00,No,2.0,1.0,-38.25934066,144.550358,GREATER GEELONG
T20180019336,Dry,Clear,Vehicle overturned (no collision),Saturday,Dusk/Dawn,100,2018/10/13,18:30:00,Yes,1.0,1.0,-37.53680132,143.0906588,ARARAT
T20180019337,Dry,Clear,No collision and no object struck,Sunday,Dark No street lights,100,2018/10/14,00:30:00,Yes,1.0,1.0,-38.08287918,145.9719331,BAW BAW
T20180019338,Dry,Clear,Collision with vehicle,Sunday,Day,999,2018/10/14,10:00:00,Yes,4.0,1.0,-37.37129672,145.8723721,MURRINDINDI
T20180019343,Dry,Clear,Collision with a fixed object,Saturday,Dark Street lights on,70,2018/10/13,01:40:00,Yes,1.0,1.0,-38.10632233,144.3535915,GREATER GEELONG
T20180019344,Dry,Clear,Collision with vehicle,Monday,Day,50,2018/10/15,12:18:00,No,2.0,2.0,-37.56261236,143.8440629,BALLARAT
T20180019346,Dry,Clear,Collision with vehicle,Saturday,Dark Street lights on,60,2018/10/13,22:24:00,Yes,2.0,1.0,-38.15787471,144.3897773,GREATER GEELONG
T20180019356,Dry,Clear,Collision with vehicle,Monday,Day,80,2018/10/15,14:43:00,No,3.0,1.0,-35.92532377,145.6319092,MOIRA
T20180019369,Dry,Clear,Collision with a fixed object,Monday,Day,60,2018/10/15,17:05:00,No,3.0,1.0,-38.12636974,145.8363189,BAW BAW
T20180019372,Dry,Clear,Collision with vehicle,Monday,Day,100,2018/10/15,15:30:00,No,7.0,7.0,-38.16061992,146.37849,LATROBE
T20180019376,Wet,Raining,Collision with a fixed object,Monday,Dark No street lights,80,2018/10/15,23:03:00,Yes,1.0,1.0,-38.13911008,141.6281805,GLENELG
T20180019385,Dry,Clear,Collision with vehicle,Tuesday,Day,60,2018/10/16,08:00:00,No,3.0,1.0,-37.55043918,143.8200734,BALLARAT
T20180019388,Dry,Clear,Collision with vehicle,Wednesday,Day,999,2018/10/10,13:00:00,No,2.0,1.0,-38.17891066,144.3978289,GREATER GEELONG
T20180019391,Dry,Clear,Collision with vehicle,Tuesday,Day,50,2018/10/16,09:13:00,No,4.0,3.0,-36.74736733,144.2609793,GREATER BENDIGO
T20180019393,Wet,Raining,Collision with a fixed object,Tuesday,Day,100,2018/10/16,08:20:00,No,1.0,1.0,-38.09227949,146.3079788,BAW BAW
T20180019396,Dry,Clear,Collision with vehicle,Tuesday,Day,50,2018/10/16,11:50:00,No,3.0,2.0,-37.68421106,144.4271934,MOORABOOL
T20180019401,Wet,Raining,Struck Pedestrian,Tuesday,Day,40,2018/10/16,12:25:00,No,2.0,1.0,-35.34027963,143.558462,SWAN HILL
T20180019405,Dry,Clear,Collision with vehicle,Tuesday,Day,60,2018/10/16,11:15:00,No,3.0,1.0,-38.10464293,144.3445692,GREATER GEELONG
T20180019407,Wet,Raining,Collision with a fixed object,Tuesday,Day,100,2018/10/16,13:30:00,No,1.0,1.0,-38.09442269,146.0653028,BAW BAW
T20180019409,Dry,Clear,Collision with vehicle,Saturday,Day,100,2018/10/13,13:25:00,No,2.0,1.0,-37.60891787,144.4686443,MOORABOOL
T20180019420,Dry,Clear,Collision with a fixed object,Tuesday,Day,100,2018/10/16,16:25:00,No,1.0,1.0,-37.68651662,148.7591091,EAST GIPPSLAND
T20180019422,Wet,Raining,Collision with a fixed object,Tuesday,Day,100,2018/10/16,14:00:00,No,1.0,1.0,-36.98360536,145.1456202,MITCHELL
T20180019424,Wet,Raining,Collision with a fixed object,Tuesday,Day,80,2018/10/16,16:30:00,No,1.0,1.0,-37.5571714,144.0347503,MOORABOOL
T20180019437,Wet,Not known,Vehicle overturned (no collision),Tuesday,Dark No street lights,80,2018/10/16,20:20:00,Yes,1.0,1.0,-38.28291997,145.8994667,BAW BAW
T20180019449,Dry,Fog,Collision with vehicle,Wednesday,Day,40,2018/10/17,07:45:00,No,2.0,2.0,-36.72304957,142.2049392,HORSHAM
T20180019451,Dry,Clear,Struck Pedestrian,Sunday,Dark No street lights,100,2018/10/14,20:15:00,Yes,2.0,1.0,-37.35930751,143.8535237,BALLARAT
T20180019459,Dry,Clear,No collision and no object struck,Saturday,Day,60,2018/09/22,17:40:00,Yes,1.0,1.0,-38.17673631,146.2649103,LATROBE
T20180019470,Dry,Clear,Collision with a fixed object,Wednesday,Day,100,2018/10/17,12:20:00,No,2.0,2.0,-37.32054992,144.5420689,MACEDON RANGES
T20180019475,Dry,Clear,Collision with vehicle,Wednesday,Day,60,2018/10/17,10:50:00,No,3.0,2.0,-38.1098036,144.3436035,GREATER GEELONG
T20180019487,Dry,Clear,Vehicle overturned (no collision),Tuesday,Day,100,2018/10/16,13:10:00,No,1.0,1.0,-38.02737114,143.518312,CORANGAMITE
T20180019503,Wet,Raining,Collision with a fixed object,Wednesday,Dusk/Dawn,100,2018/10/17,19:05:00,Yes,1.0,1.0,-38.55280974,145.9545913,SOUTH GIPPSLAND
T20180019518,Wet,Clear,Vehicle overturned (no collision),Wednesday,Day,100,2018/10/17,12:30:00,No,2.0,1.0,-37.98823576,143.6547369,GOLDEN PLAINS
T20180019553,Wet,Raining,Collision with a fixed object,Thursday,Day,80,2018/10/18,08:30:00,No,1.0,1.0,-37.35165297,144.1201192,HEPBURN
T20180019558,Dry,Clear,Collision with vehicle,Thursday,Day,60,2018/10/18,16:15:00,No,2.0,1.0,-37.58704998,143.8408226,BALLARAT
T20180019572,Dry,Clear,Collision with a fixed object,Thursday,Day,100,2018/10/18,17:25:00,No,1.0,1.0,-38.11659915,145.8644911,BAW BAW
T20180019577,Dry,Clear,Collision with a fixed object,Thursday,Dark No street lights,100,2018/10/18,20:10:00,Yes,1.0,1.0,-38.00637146,146.9489186,WELLINGTON
T20180019589,Dry,Clear,Collision with vehicle,Friday,Day,80,2018/10/19,09:20:00,No,4.0,3.0,-38.32367111,141.5978455,GLENELG
T20180019595,Dry,Fog,Collision with vehicle,Friday,Dark No street lights,100,2018/10/19,04:15:00,Yes,2.0,1.0,-36.15093,145.2953895,MOIRA
T20180019617,Dry,Clear,Collision with vehicle,Monday,Day,60,2018/10/15,12:50:00,No,2.0,1.0,-38.09758032,144.3459625,GREATER GEELONG
T20180019623,Dry,Clear,Collision with a fixed object,Friday,Day,100,2018/10/19,15:00:00,No,1.0,1.0,-37.94526184,147.5267545,EAST GIPPSLAND
T20180019626,Dry,Clear,No collision and no object struck,Friday,Day,100,2018/10/19,15:25:00,No,1.0,1.0,-36.23595041,146.7927492,INDIGO
T20180019643,Dry,Clear,Collision with vehicle,Friday,Day,100,2018/10/19,17:30:00,Yes,2.0,2.0,-38.04731625,145.9562376,BAW BAW
T20180019646,Dry,Clear,Vehicle overturned (no collision),Friday,Day,100,2018/10/19,19:00:00,Yes,4.0,4.0,-36.18262999,144.7774277,CAMPASPE
T20180019670,Wet,Raining,Collision with a fixed object,Saturday,Day,100,2018/10/20,11:45:00,No,1.0,1.0,-38.15950162,146.4099307,LATROBE
T20180019677,Dry,Clear,Collision with vehicle,Saturday,Day,50,2018/10/20,12:20:00,No,2.0,1.0,-37.56112572,143.8519107,BALLARAT