Accident_No,Surface_Cond_Desc,Atmosph_Cond_Desc,Accident_Type_Desc,Day,Light_Condition_Desc,Speed_Zone,Accident_Date,Accident_Time,Alcohol_Influence,Total_Persons_Inv,Inj_Or_Fatal,Lat,Long,LGA
T20180019685,Dry,Clear,Collision with vehicle,Saturday,Day,50,2018/10/20,12:30:00,No,2.0,2.0,-38.3098995,144.339466,SURF COAST
T20180019688,Unknown,Not known,collision with some other object,Friday,Day,999,2018/09/28,10:00:00,No,1.0,1.0,-36.90787723,145.8151212,STRATHBOGIE
T20180019690,Dry,Clear,Collision with vehicle,Saturday,Day,100,2018/10/20,15:38:00,Yes,3.0,2.0,-36.31363147,145.2227674,GREATER SHEPPARTON
T20180019696,Dry,Raining,Vehicle overturned (no collision),Saturday,Day,100,2018/10/20,17:00:00,Yes,1.0,1.0,-36.07400255,147.8856363,TOWONG
T20180019705,Wet,Raining,Collision with vehicle,Saturday,Unknown,100,2018/10/20,10:26:00,No,4.0,4.0,-38.21701215,146.0003066,BAW BAW
T20180019712,Wet,Raining,Collision with a fixed object,Saturday,Day,50,2018/10/20,19:05:00,Yes,1.0,1.0,-37.26958922,144.9559306,MITCHELL
T20180019730,Dry,Fog,Collision with a fixed object,Sunday,Day,100,2018/10/21,07:30:00,Yes,1.0,1.0,-37.26843754,141.6400501,SOUTHERN GRAMPIANS
T20180019738,Dry,Clear,Collision with vehicle,Saturday,Day,50,2018/10/20,13:05:00,No,3.0,2.0,-36.71666094,142.19662,HORSHAM
T20180019741,Dry,Clear,Collision with vehicle,Sunday,Day,100,2018/10/21,11:05:00,No,3.0,2.0,-37.4001607,143.6988613,BALLARAT
T20180019743,Dry,Clear,Collision with vehicle,Sunday,Day,50,2018/10/21,14:00:00,No,3.0,2.0,-35.33953209,143.5553603,SWAN HILL
T20180019749,Wet,Raining,Collision with a fixed object,Sunday,Day,80,2018/10/21,13:00:00,No,1.0,1.0,-38.69196018,143.8301,COLAC OTWAY
T20180019756,Dry,Clear,No collision and no object struck,Sunday,Day,999,2018/10/21,15:30:00,No,1.0,1.0,-35.96726227,144.9394008,MOIRA
T20180019759,Dry,Clear,Collision with a fixed object,Sunday,Day,100,2018/10/21,13:15:00,No,1.0,1.0,-37.79977354,147.8344719,EAST GIPPSLAND
T20180019761,Dry,Clear,Collision with vehicle,Sunday,Day,100,2018/10/21,16:45:00,Yes,3.0,3.0,-38.2230986,144.2439035,GREATER GEELONG
T20180019764,Dry,Clear,Collision with vehicle,Sunday,Day,100,2018/10/21,17:45:00,Yes,2.0,1.0,-38.16420027,145.889433,BAW BAW
T20180019769,Dry,Clear,Collision with a fixed object,Sunday,Day,100,2018/10/21,13:12:00,No,2.0,2.0,-37.69258843,148.3901834,EAST GIPPSLAND
T20180019780,Dry,Clear,Collision with a fixed object,Monday,Dark Street lights on,50,2018/10/22,01:33:00,Yes,1.0,1.0,-36.34469007,146.3154602,WANGARATTA
T20180019797,Dry,Clear,Collision with vehicle,Monday,Day,60,2018/10/22,08:50:00,Yes,2.0,1.0,-38.59248153,145.5885534,BASS COAST
T20180019803,Dry,Clear,Collision with vehicle,Monday,Day,80,2018/10/22,11:45:00,No,2.0,2.0,-38.12337546,144.673492,GREATER GEELONG
T20180019807,Dry,Clear,Vehicle overturned (no collision),Monday,Day,80,2018/10/22,12:30:00,No,1.0,1.0,-36.17604953,147.3387045,TOWONG
T20180019824,Dry,Clear,Collision with a fixed object,Monday,Day,100,2018/10/22,17:30:00,No,2.0,2.0,-38.03192026,145.8497921,BAW BAW
T20180019831,Dry,Clear,Collision with a fixed object,Monday,Day,100,2018/10/22,19:00:00,Yes,1.0,1.0,-36.0020276,144.0705356,LODDON
T20180019846,Dry,Clear,Collision with vehicle,Monday,Dark No street lights,40,2018/10/22,22:25:00,Yes,2.0,2.0,-38.03036322,144.0711995,GOLDEN PLAINS
T20180019869,Dry,Clear,Collision with vehicle,Tuesday,Day,40,2018/10/23,12:14:00,No,2.0,1.0,-38.13673733,144.3490646,GREATER GEELONG
T20180019881,Dry,Clear,Vehicle overturned (no collision),Tuesday,Day,100,2018/10/23,11:46:00,No,1.0,1.0,-37.60817094,143.9352392,MOORABOOL
T20180019891,Dry,Clear,Collision with a fixed object,Tuesday,Day,100,2018/10/23,12:02:00,No,1.0,1.0,-38.3353108,146.2217705,SOUTH GIPPSLAND
T20180019897,Dry,Clear,Collision with vehicle,Tuesday,Day,40,2018/10/23,08:45:00,No,2.0,1.0,-38.35566017,141.5887,GLENELG
T20180019899,Dry,Clear,Struck animal,Sunday,Day,100,2018/10/21,14:30:00,No,1.0,1.0,-38.36931024,144.0352471,SURF COAST
T20180019901,Dry,Clear,Collision with a fixed object,Tuesday,Day,50,2018/10/23,17:56:00,No,1.0,1.0,-38.45615073,145.2389852,BASS COAST
T20180019908,Dry,Clear,Collision with vehicle,Tuesday,Day,60,2018/10/23,15:30:00,No,5.0,1.0,-38.08551075,144.348294,GREATER GEELONG
T20180019911,Dry,Clear,Collision with vehicle,Tuesday,Day,50,2018/10/23,15:15:00,No,2.0,1.0,-35.33926633,143.5550973,SWAN HILL
T20180019912,Dry,Clear,Collision with a fixed object,Tuesday,Day,100,2018/10/23,15:14:00,No,1.0,1.0,-36.24519998,145.5316822,GREATER SHEPPARTON
T20180019919,Unknown,Not known,Fall from or in moving vehicle,Sunday,Day,999,2018/10/21,10:30:00,No,1.0,1.0,-38.36059198,144.1498875,SURF COAST
T20180019927,Dry,Clear,Collision with a fixed object,Wednesday,Day,100,2018/10/24,08:22:00,No,1.0,1.0,-36.25183355,145.1779056,GREATER SHEPPARTON
T20180019928,Dry,Clear,Collision with vehicle,Wednesday,Day,100,2018/10/24,08:00:00,No,2.0,1.0,-36.19907948,145.7796,MOIRA
T20180019929,Dry,Clear,Collision with vehicle,Wednesday,Day,80,2018/10/24,08:50:00,No,2.0,1.0,-35.46681563,143.6557285,SWAN HILL
T20180019930,Dry,Clear,Vehicle overturned (no collision),Wednesday,Day,50,2018/10/24,10:45:00,No,1.0,1.0,-38.72249285,143.7149056,COLAC OTWAY
T20180019931,Dry,Clear,Collision with a fixed object,Wednesday,Day,100,2018/10/24,07:00:00,No,1.0,1.0,-38.31791801,142.7431887,MOYNE
T20180019936,Dry,Clear,Collision with vehicle,Wednesday,Day,60,2018/10/24,12:30:00,No,2.0,1.0,-38.38260273,142.4905283,WARRNAMBOOL
T20180019938,Dry,Clear,Vehicle overturned (no collision),Wednesday,Day,100,2018/10/24,10:10:00,No,1.0,1.0,-36.32515962,143.3856403,BULOKE
T20180019946,Dry,Clear,Collision with vehicle,Wednesday,Day,50,2018/10/24,11:30:00,No,2.0,1.0,-36.00905465,146.0086144,MOIRA
T20180020005,Dry,Clear,Struck Pedestrian,Thursday,Day,40,2018/10/25,13:01:00,No,2.0,1.0,-38.15224606,144.3578277,GREATER GEELONG
T20180020010,Dry,Clear,Collision with a fixed object,Thursday,Day,60,2018/10/25,12:30:00,No,1.0,1.0,-37.4631849,144.5967801,MACEDON RANGES
T20180020011,Dry,Not known,Collision with vehicle,Thursday,Day,50,2018/10/25,09:45:00,No,2.0,1.0,-36.71791414,144.2525465,GREATER BENDIGO
T20180020017,Dry,Clear,Collision with vehicle,Thursday,Day,60,2018/10/25,11:34:00,No,2.0,2.0,-37.9637393,146.9759038,WELLINGTON
T20180020021,Dry,Clear,Collision with vehicle,Thursday,Day,100,2018/10/25,14:30:00,No,2.0,2.0,-38.06921954,147.0835468,WELLINGTON
T20180020025,Dry,Clear,Collision with vehicle,Thursday,Day,100,2018/10/25,15:15:00,No,3.0,1.0,-36.45478513,145.1817035,GREATER SHEPPARTON
T20180020031,Dry,Clear,Collision with vehicle,Thursday,Day,80,2018/10/25,15:50:00,No,3.0,1.0,-38.02579885,144.4234429,GREATER GEELONG
T20180020044,Dry,Clear,Collision with vehicle,Thursday,Day,40,2018/10/25,15:45:00,No,2.0,1.0,-38.15046602,144.355695,GREATER GEELONG
T20180020055,Dry,Clear,Collision with a fixed object,Thursday,Dusk/Dawn,100,2018/10/25,19:30:00,Yes,1.0,1.0,-38.12201677,146.5721958,LATROBE
T20180020060,Dry,Clear,Collision with a fixed object,Thursday,Dusk/Dawn,100,2018/10/25,06:00:00,Yes,1.0,1.0,-37.06259845,143.8805307,CENTRAL GOLDFIELDS
T20180020062,Dry,Clear,Collision with vehicle,Thursday,Dusk/Dawn,100,2018/10/25,06:13:00,No,3.0,2.0,-37.42772016,144.9782433,MITCHELL
T20180020083,Dry,Clear,Collision with vehicle,Friday,Day,100,2018/10/26,07:12:00,No,3.0,3.0,-38.21423032,144.0966488,SURF COAST
T20180020084,Dry,Clear,Collision with a fixed object,Friday,Day,110,2018/10/26,10:00:00,No,2.0,1.0,-36.87292059,145.2838405,STRATHBOGIE
T20180020091,Dry,Clear,Collision with vehicle,Friday,Day,60,2018/10/26,14:11:00,No,2.0,1.0,-36.364127,145.4023016,GREATER SHEPPARTON
T20180020093,Dry,Clear,Collision with vehicle,Friday,Day,60,2018/10/26,12:47:00,No,3.0,1.0,-36.38282147,145.4122797,GREATER SHEPPARTON
T20180020110,Dry,Clear,Collision with vehicle,Friday,Day,100,2018/10/26,14:40:00,No,4.0,1.0,-35.97384069,144.3875089,CAMPASPE
T20180020125,Dry,Clear,No collision and no object struck,Friday,Day,999,2018/10/26,17:30:00,Yes,5.0,5.0,-38.4342977,142.5877294,WARRNAMBOOL
T20180020126,Dry,Clear,Collision with a fixed object,Saturday,Dark No street lights,100,2018/10/06,03:00:00,Yes,2.0,2.0,-35.85283281,143.5590627,GANNAWARRA
T20180020127,Dry,Clear,Vehicle overturned (no collision),Friday,Dark No street lights,100,2018/10/26,01:30:00,Yes,1.0,1.0,-36.24704015,147.082033,INDIGO
T20180020135,Dry,Clear,Struck Pedestrian,Thursday,Dark Street lights on,50,2018/10/25,22:05:00,Yes,2.0,1.0,-38.194478,144.3187017,GREATER GEELONG
T20180020144,Dry,Clear,collision with some other object,Saturday,Day,100,2018/10/27,08:50:00,No,2.0,1.0,-37.33695886,144.3877388,HEPBURN
T20180020150,Dry,Clear,Struck Pedestrian,Saturday,Day,40,2018/10/27,11:25:00,No,3.0,1.0,-36.31352449,145.0472,CAMPASPE
T20180020153,Dry,Not known,Fall from or in moving vehicle,Thursday,Day,60,2018/10/25,14:00:00,No,1.0,1.0,-38.56664261,143.9668602,SURF COAST
T20180020165,Dry,Clear,Collision with vehicle,Saturday,Day,60,2018/10/27,09:55:00,No,3.0,3.0,-37.75768062,142.0093542,SOUTHERN GRAMPIANS
T20180020168,Dry,Fog,Collision with a fixed object,Saturday,Dark No street lights,100,2018/10/27,05:20:00,Yes,1.0,1.0,-37.7004573,141.911523,SOUTHERN GRAMPIANS
T20180020184,Dry,Clear,Collision with a fixed object,Saturday,Day,100,2018/10/27,11:45:00,No,1.0,1.0,-37.42454085,147.9426701,EAST GIPPSLAND
T20180020186,Dry,Clear,Collision with a fixed object,Saturday,Day,100,2018/10/27,18:05:00,Yes,1.0,1.0,-38.05595,143.24361,CORANGAMITE
T20180020188,Dry,Clear,Collision with a fixed object,Saturday,Day,100,2018/10/27,12:50:00,No,1.0,1.0,-36.04187,145.4318061,MOIRA
T20180020194,Dry,Clear,Struck animal,Saturday,Dusk/Dawn,80,2018/10/27,20:02:00,Yes,1.0,1.0,-37.2169912,143.7364091,HEPBURN
T20180020205,Dry,Clear,Collision with a fixed object,Saturday,Dark No street lights,100,2018/10/27,23:30:00,Yes,1.0,1.0,-38.40580073,142.5434349,WARRNAMBOOL
T20180020216,Dry,Clear,Collision with a fixed object,Thursday,Dusk/Dawn,100,2018/08/16,16:30:00,No,1.0,1.0,-37.42267064,144.874655,MACEDON RANGES
T20180020225,Dry,Clear,Vehicle overturned (no collision),Saturday,Day,100,2018/10/27,17:15:00,Yes,1.0,1.0,-37.8303099,144.1205798,GOLDEN PLAINS
T20180020245,Dry,Clear,No collision and no object struck,Sunday,Day,999,2018/10/28,14:30:00,No,1.0,1.0,-36.74487622,142.4713294,YARRIAMBIACK
T20180020247,Dry,Clear,Vehicle overturned (no collision),Sunday,Dark No street lights,999,2018/10/28,20:05:00,Yes,2.0,1.0,-37.36543722,143.3311906,PYRENEES
T20180020249,Dry,Clear,Collision with a fixed object,Sunday,Dark No street lights,100,2018/10/28,22:15:00,Yes,1.0,1.0,-36.02231377,146.1373601,MOIRA
T20180020252,Dry,Clear,Collision with vehicle,Sunday,Day,80,2018/10/28,14:20:00,No,2.0,2.0,-34.25552573,142.1070697,MILDURA
T20180020264,Dry,Clear,Collision with a fixed object,Monday,Day,100,2018/10/29,08:00:00,No,1.0,1.0,-36.12790068,146.2034776,MOIRA
T20180020276,Unknown,Clear,Vehicle overturned (no collision),Monday,Unknown,999,2018/10/29,13:00:00,No,1.0,1.0,-36.87361954,146.3514491,WANGARATTA
T20180020278,Dry,Clear,Collision with vehicle,Monday,Day,60,2018/10/29,13:30:00,No,2.0,1.0,-38.33746003,144.3172804,SURF COAST
T20180020284,Dry,Clear,Collision with vehicle,Monday,Day,60,2018/10/29,14:30:00,No,2.0,2.0,-38.43941641,145.8283654,SOUTH GIPPSLAND
T20180020288,Dry,Clear,collision with some other object,Monday,Dark No street lights,100,2018/10/29,05:30:00,Yes,1.0,1.0,-37.28154103,144.2902411,HEPBURN
T20180020290,Wet,Clear,Vehicle overturned (no collision),Saturday,Day,60,2018/10/27,11:30:00,No,1.0,1.0,-38.41048098,145.7620028,SOUTH GIPPSLAND
T20180020293,Dry,Clear,Collision with a fixed object,Monday,Day,60,2018/10/29,15:40:00,No,1.0,1.0,-36.40030787,145.3687198,GREATER SHEPPARTON
T20180020302,Dry,Clear,Collision with vehicle,Monday,Day,60,2018/10/29,14:10:00,No,3.0,1.0,-38.11602611,144.3303279,GREATER GEELONG
T20180020304,Dry,Clear,Collision with vehicle,Monday,Day,80,2018/10/29,15:55:00,No,2.0,2.0,-37.51140903,143.7060872,BALLARAT
T20180020308,Dry,Clear,Collision with vehicle,Monday,Day,60,2018/10/29,18:00:00,Yes,3.0,2.0,-37.68528996,144.4628613,MOORABOOL
T20180020327,Dry,Clear,Vehicle overturned (no collision),Sunday,Day,100,2018/10/28,16:00:00,Yes,1.0,1.0,-36.30048568,141.7574406,HINDMARSH
T20180020342,Unknown,Dust,No collision and no object struck,Saturday,Unknown,999,2018/10/27,12:00:00,No,1.0,1.0,-38.05010655,146.0242085,BAW BAW
T20180020343,Dry,Clear,Struck Pedestrian,Tuesday,Dusk/Dawn,100,2018/10/30,06:45:00,No,5.0,1.0,-38.16135184,146.3821095,LATROBE
T20180020352,Dry,Clear,Collision with vehicle,Tuesday,Day,60,2018/10/30,13:20:00,No,3.0,2.0,-38.07615119,144.3585388,GREATER GEELONG
T20180020355,Dry,Clear,No collision and no object struck,Tuesday,Day,100,2018/10/30,11:30:00,No,2.0,1.0,-37.57592007,147.8959819,EAST GIPPSLAND
T20180020369,Dry,Clear,Vehicle overturned (no collision),Tuesday,Day,100,2018/10/30,12:00:00,No,1.0,1.0,-36.75251981,147.4447298,TOWONG
T20180020376,Dry,Not known,Collision with vehicle,Tuesday,Day,100,2018/10/30,17:55:00,No,2.0,1.0,-37.28291451,144.2882749,HEPBURN
T20180020385,Dry,Clear,Collision with vehicle,Monday,Day,100,2018/10/22,17:30:00,Yes,5.0,1.0,-38.34544828,147.1720853,WELLINGTON
T20180020386,Dry,Clear,Vehicle overturned (no collision),Tuesday,Day,110,2018/10/30,18:00:00,Yes,2.0,2.0,-36.73379654,145.6034468,STRATHBOGIE
T20180020394,Dry,Clear,Collision with a fixed object,Tuesday,Day,100,2018/10/30,17:43:00,No,1.0,1.0,-37.41159003,144.9487104,MITCHELL
T20180020396,Dry,Clear,Collision with a fixed object,Tuesday,Day,100,2018/10/30,14:10:00,No,1.0,1.0,-37.02238245,141.2398187,WEST WIMMERA
T20180020411,Dry,Clear,Collision with vehicle,Wednesday,Day,50,2018/10/31,06:20:00,No,2.0,1.0,-36.12467943,144.7486832,CAMPASPE
T20180020412,Dry,Clear,Collision with vehicle,Wednesday,Day,100,2018/10/31,09:31:00,No,3.0,2.0,-37.46060535,143.6780251,BALLARAT
T20180020417,Dry,Clear,Collision with vehicle,Wednesday,Day,50,2018/10/31,11:30:00,No,4.0,3.0,-38.3409341,143.5855602,COLAC OTWAY
T20180020419,Dry,Clear,Collision with vehicle,Wednesday,Day,80,2018/10/31,12:15:00,No,3.0,1.0,-36.14771705,146.928148,WODONGA
T20180020420,Unknown,Not known,No collision and no object struck,Wednesday,Unknown,999,2018/10/31,12:00:00,No,1.0,1.0,-37.74905123,147.8998507,EAST GIPPSLAND
T20180020421,Dry,Clear,Collision with vehicle,Sunday,Day,100,2018/10/28,12:20:00,No,2.0,1.0,-36.97711971,145.7115013,MANSFIELD
T20180020425,Dry,Clear,Collision with vehicle,Wednesday,Day,40,2018/10/31,12:25:00,No,2.0,1.0,-37.9320283,147.1887986,WELLINGTON
T20180020432,Dry,Clear,Vehicle overturned (no collision),Wednesday,Day,80,2018/10/31,12:50:00,No,1.0,1.0,-36.71957984,147.0892402,ALPINE
T20180020440,Dry,Clear,Collision with vehicle,Wednesday,Day,50,2018/10/31,13:47:00,No,2.0,1.0,-38.3665516,143.5722106,COLAC OTWAY
T20180020442,Dry,Clear,Collision with a fixed object,Wednesday,Day,100,2018/10/31,14:30:00,No,1.0,1.0,-37.51631228,148.1634356,EAST GIPPSLAND
T20180020458,Dry,Not known,Collision with vehicle,Wednesday,Dark Street lights on,110,2018/10/31,20:48:00,Yes,2.0,1.0,-36.70636025,145.2010106,STRATHBOGIE
T20180020462,Dry,Clear,Collision with vehicle,Wednesday,Day,60,2018/10/31,18:55:00,Yes,6.0,2.0,-36.74690747,144.2582379,GREATER BENDIGO
T20180020478,Dry,Clear,Collision with a fixed object,Wednesday,Day,100,2018/10/31,15:15:00,No,1.0,1.0,-37.70279874,143.6552966,GOLDEN PLAINS
T20180020488,Dry,Clear,Collision with a fixed object,Thursday,Day,60,2018/11/01,08:10:00,No,1.0,1.0,-37.56701424,143.894039,BALLARAT
T20180020491,Dry,Clear,Collision with vehicle,Thursday,Day,80,2018/11/01,11:28:00,No,2.0,1.0,-38.1197907,145.8428606,BAW BAW
T20180020492,Dry,Clear,Collision with vehicle,Friday,Day,60,2017/08/04,13:30:00,No,2.0,1.0,-36.39531265,145.3557817,GREATER SHEPPARTON
T20180020495,Dry,Not known,No collision and no object struck,Wednesday,Dusk/Dawn,70,2018/10/31,19:50:00,Yes,1.0,1.0,-37.97048484,144.4515909,GREATER GEELONG
T20180020497,Dry,Clear,Collision with a fixed object,Wednesday,Day,60,2018/10/31,18:12:00,Yes,1.0,1.0,-37.60532996,143.8688205,BALLARAT
T20180020500,Dry,Clear,Collision with vehicle,Thursday,Day,50,2018/11/01,12:20:00,No,6.0,1.0,-36.71040226,142.1962536,HORSHAM
T20180020510,Dry,Clear,Collision with a fixed object,Tuesday,Day,80,2018/10/30,12:00:00,No,1.0,1.0,-37.87804895,145.782893,BAW BAW
T20180020513,Dry,Clear,Collision with vehicle,Thursday,Day,100,2018/11/01,15:55:00,No,2.0,1.0,-36.19883494,144.6168563,CAMPASPE
T20180020515,Dry,Clear,No collision and no object struck,Thursday,Day,80,2018/11/01,14:15:00,No,1.0,1.0,-37.56275662,143.9398286,BALLARAT
T20180020516,Dry,Clear,Vehicle overturned (no collision),Thursday,Day,100,2018/11/01,14:30:00,No,2.0,2.0,-37.31203346,145.1513693,MITCHELL
T20180020526,Dry,Clear,Collision with vehicle,Thursday,Day,50,2018/11/01,15:20:00,No,2.0,1.0,-35.91504868,145.6497278,MOIRA
T20180020531,Dry,Clear,Collision with vehicle,Thursday,Day,50,2018/11/01,15:30:00,No,4.0,2.0,-37.96875085,146.9859105,WELLINGTON
T20180020537,Dry,Clear,Collision with vehicle,Thursday,Dark Street lights off,70,2018/11/01,23:30:00,Yes,3.0,1.0,-38.20494984,144.3406408,GREATER GEELONG
T20180020547,Dry,Clear,Collision with a fixed object,Wednesday,Day,100,2018/10/31,15:15:00,No,1.0,1.0,-36.55955656,142.7591017,NORTHERN GRAMPIANS
T20180020552,Wet,Raining,Collision with a fixed object,Friday,Day,110,2018/11/02,07:57:00,No,1.0,1.0,-36.92150167,144.2218339,MOUNT ALEXANDER
T20180020556,Wet,Raining,Collision with vehicle,Friday,Day,70,2018/11/02,09:30:00,No,3.0,1.0,-36.75969476,144.3186739,GREATER BENDIGO
T20180020558,Wet,Raining,Vehicle overturned (no collision),Friday,Day,110,2018/11/02,10:10:00,No,1.0,1.0,-37.34043024,145.0224304,MITCHELL
T20180020559,Dry,Clear,Vehicle overturned (no collision),Thursday,Day,100,2018/11/01,12:35:00,No,1.0,1.0,-36.89572023,144.6969977,GREATER BENDIGO
T20180020574,Dry,Clear,Collision with a fixed object,Friday,Day,60,2018/11/02,09:15:00,No,1.0,1.0,-35.59777895,144.0542764,GANNAWARRA
T20180020578,Dry,Clear,Collision with vehicle,Friday,Day,100,2018/11/02,09:00:00,No,5.0,5.0,-36.38757211,146.4312393,WANGARATTA
T20180020579,Dry,Clear,Collision with vehicle,Friday,Day,60,2018/11/02,15:10:00,No,3.0,2.0,-36.12697861,146.866234,WODONGA
T20180020594,Dry,Clear,Collision with a fixed object,Friday,Day,100,2018/11/02,19:25:00,Yes,2.0,1.0,-36.32212838,145.8457437,BENALLA
T20180020603,Dry,Not known,Collision with a fixed object,Friday,Unknown,100,2018/11/02,19:25:00,Yes,1.0,1.0,-37.96854654,146.4165795,BAW BAW
T20180020609,Dry,Clear,Collision with vehicle,Friday,Dark No street lights,100,2018/11/02,21:48:00,Yes,6.0,6.0,-36.07535272,146.2500695,INDIGO
T20180020611,Dry,Clear,Collision with a fixed object,Friday,Day,100,2018/11/02,11:15:00,No,1.0,1.0,-36.53382988,147.0507706,ALPINE
T20180020612,Dry,Not known,Collision with vehicle,Saturday,Dusk/Dawn,100,2018/11/03,06:30:00,Yes,3.0,2.0,-38.55189039,145.8456406,SOUTH GIPPSLAND
T20180020618,Dry,Clear,Struck Pedestrian,Saturday,Day,50,2018/11/03,09:00:00,No,2.0,1.0,-37.92013398,147.7305491,EAST GIPPSLAND
T20180020624,Dry,Clear,Vehicle overturned (no collision),Saturday,Day,100,2018/11/03,11:05:00,No,1.0,1.0,-36.53406867,146.8122493,ALPINE
T20180020628,Dry,Clear,Collision with vehicle,Saturday,Day,80,2018/11/03,15:20:00,Yes,8.0,1.0,-37.58408015,143.8076515,BALLARAT
T20180020630,Dry,Clear,Collision with vehicle,Saturday,Day,40,2018/11/03,11:20:00,No,2.0,1.0,-37.54387,143.83593,BALLARAT
T20180020635,Dry,Clear,Collision with a fixed object,Saturday,Day,999,2018/11/03,14:30:00,No,1.0,1.0,-37.04363381,146.4103705,MANSFIELD
T20180020637,Dry,Clear,Collision with vehicle,Thursday,Day,100,2018/11/01,18:01:00,Yes,2.0,1.0,-38.13204378,145.8007933,BAW BAW
T20180020641,Dry,Clear,Collision with vehicle,Saturday,Day,60,2018/11/03,18:12:00,Yes,2.0,1.0,-38.33977956,143.5844367,COLAC OTWAY
T20180020661,Dry,Clear,Struck Pedestrian,Sunday,Dark Street lights on,70,2018/11/04,04:05:00,Yes,2.0,1.0,-38.1497798,144.3521682,GREATER GEELONG
T20180020662,Dry,Clear,Vehicle overturned (no collision),Sunday,Dark No street lights,100,2018/11/04,02:22:00,Yes,3.0,3.0,-38.2922073,146.4958207,LATROBE
T20180020680,Dry,Clear,Collision with vehicle,Sunday,Day,100,2018/11/04,13:10:00,No,2.0,1.0,-38.08065636,146.608118,LATROBE
T20180020685,Dry,Clear,Vehicle overturned (no collision),Tuesday,Day,999,2018/10/23,14:00:00,No,1.0,1.0,-35.86006829,144.3919508,GANNAWARRA
T20180020694,Dry,Clear,Vehicle overturned (no collision),Sunday,Day,999,2018/11/04,15:00:00,No,1.0,1.0,-37.51787333,145.9712099,MURRINDINDI
T20180020698,Dry,Clear,Collision with vehicle,Sunday,Day,80,2018/11/04,17:53:00,No,2.0,1.0,-37.75768062,142.0093542,SOUTHERN GRAMPIANS
T20180020709,Dry,Clear,Collision with vehicle,Friday,Day,60,2018/08/17,08:50:00,No,3.0,1.0,-34.21607952,142.1351994,MILDURA
T20180020720,Wet,Not known,Collision with a fixed object,Monday,Dark No street lights,100,2018/11/05,05:10:00,Yes,2.0,2.0,-38.33221256,146.2315636,SOUTH GIPPSLAND
T20180020721,Dry,Clear,Vehicle overturned (no collision),Friday,Day,80,2018/10/19,12:00:00,No,1.0,1.0,-37.28828082,146.12341,MANSFIELD
T20180020725,Dry,Clear,Vehicle overturned (no collision),Saturday,Day,100,2018/11/03,16:00:00,Yes,1.0,1.0,-38.36515943,143.7606891,COLAC OTWAY
T20180020727,Dry,Clear,Fall from or in moving vehicle,Sunday,Dark Street lights on,60,2018/11/04,00:54:00,Yes,2.0,1.0,-37.95569978,146.9939482,WELLINGTON
T20180020729,Dry,Clear,Vehicle overturned (no collision),Saturday,Day,100,2018/10/20,11:30:00,No,1.0,1.0,-35.42391333,143.5229643,SWAN HILL
T20180020743,Dry,Clear,Collision with vehicle,Monday,Day,80,2018/11/05,12:10:00,No,3.0,1.0,-38.09105968,144.3567474,GREATER GEELONG
T20180020750,Dry,Clear,No collision and no object struck,Monday,Day,60,2018/11/05,15:50:00,No,2.0,2.0,-38.04776199,147.5830158,WELLINGTON
T20180020757,Dry,Clear,Collision with vehicle,Monday,Day,100,2018/11/05,16:21:00,No,2.0,1.0,-38.56482056,145.5573797,BASS COAST
T20180020764,Dry,Clear,No collision and no object struck,Sunday,Day,100,2018/11/04,17:00:00,Yes,2.0,2.0,-35.76021984,144.2249107,GANNAWARRA
T20180020785,Wet,Raining,Collision with vehicle,Tuesday,Day,80,2018/11/06,07:45:00,No,2.0,2.0,-36.14771705,146.928148,WODONGA
T20180020801,Wet,Raining,Collision with vehicle,Tuesday,Day,100,2018/11/06,11:05:00,No,4.0,2.0,-38.65313272,146.3121676,SOUTH GIPPSLAND
T20180020804,Dry,Clear,Vehicle overturned (no collision),Saturday,Day,999,2018/11/03,09:00:00,No,1.0,1.0,-38.41531743,144.1266446,SURF COAST
T20180020808,Dry,Clear,Collision with vehicle,Tuesday,Day,60,2018/11/06,15:25:00,No,7.0,4.0,-36.77324747,144.3052157,GREATER BENDIGO
T20180020813,Dry,Clear,Collision with vehicle,Tuesday,Day,60,2018/11/06,12:19:00,No,4.0,2.0,-36.35645705,146.3044896,WANGARATTA
T20180020818,Dry,Clear,Collision with vehicle,Tuesday,Dusk/Dawn,60,2018/11/06,16:00:00,No,2.0,2.0,-38.12918061,144.3267982,GREATER GEELONG
T20180020820,Dry,Clear,Collision with vehicle,Monday,Day,60,2018/11/05,12:25:00,No,2.0,1.0,-37.55465683,143.8162895,BALLARAT
T20180020823,Dry,Clear,Collision with vehicle,Tuesday,Day,50,2018/11/06,19:18:00,Yes,2.0,1.0,-37.63992455,144.426367,MOORABOOL
T20180020826,Dry,Clear,Vehicle overturned (no collision),Tuesday,Day,100,2018/11/06,18:55:00,Yes,1.0,1.0,-38.22205205,145.9659428,BAW BAW
T20180020828,Dry,Clear,Vehicle overturned (no collision),Tuesday,Day,100,2018/11/06,18:10:00,Yes,1.0,1.0,-36.67580645,144.2046083,GREATER BENDIGO
T20180020832,Dry,Clear,Collision with vehicle,Sunday,Day,70,2018/11/04,12:30:00,No,3.0,1.0,-38.15231,144.3518701,GREATER GEELONG
T20180020848,Dry,Clear,Collision with a fixed object,Wednesday,Day,100,2018/11/07,08:45:00,No,1.0,1.0,-38.2813363,146.69396,WELLINGTON
T20180020860,Dry,Clear,Collision with vehicle,Tuesday,Day,60,2018/11/06,18:00:00,Yes,2.0,1.0,-36.755786,144.2214368,GREATER BENDIGO
T20180020873,Dry,Clear,Collision with vehicle,Wednesday,Day,60,2018/11/07,14:56:00,No,2.0,1.0,-38.10420002,147.0681494,WELLINGTON