Accident_No,Surface_Cond_Desc,Atmosph_Cond_Desc,Accident_Type_Desc,Day,Light_Condition_Desc,Speed_Zone,Accident_Date,Accident_Time,Alcohol_Influence,Total_Persons_Inv,Inj_Or_Fatal,Lat,Long,LGA
T20180020885,Dry,Clear,Collision with a fixed object,Wednesday,Dusk/Dawn,50,2018/11/07,19:55:00,Yes,1.0,1.0,-38.30586162,144.3495395,SURF COAST
T20180020898,Wet,Clear,Collision with a fixed object,Wednesday,Dark No street lights,50,2018/11/07,22:30:00,Yes,1.0,1.0,-37.46418894,145.2412642,MURRINDINDI
T20180020907,Dry,Clear,Collision with vehicle,Thursday,Day,60,2018/11/08,07:40:00,No,2.0,2.0,-37.58158994,143.8521679,BALLARAT
T20180020909,Dry,Clear,Collision with vehicle,Thursday,Day,50,2018/11/08,08:55:00,No,2.0,2.0,-36.2991485,146.8505003,INDIGO
T20180020910,Dry,Not known,Vehicle overturned (no collision),Sunday,Day,999,2018/11/04,08:00:00,Yes,1.0,1.0,-37.49102164,144.4774525,MACEDON RANGES
T20180020913,Dry,Clear,Struck animal,Tuesday,Day,100,2018/11/06,14:00:00,No,1.0,1.0,-36.80931163,144.7971834,STRATHBOGIE
T20180020918,Dry,Clear,Struck Pedestrian,Thursday,Day,50,2018/11/08,10:15:00,No,2.0,1.0,-36.71665922,142.1971323,HORSHAM
T20180020927,Dry,Clear,Collision with vehicle,Thursday,Day,50,2018/11/08,15:00:00,No,2.0,2.0,-37.05410993,142.7752246,NORTHERN GRAMPIANS
T20180020933,Dry,Clear,Collision with vehicle,Thursday,Day,60,2018/11/08,15:45:00,No,4.0,3.0,-36.35999004,146.3158447,WANGARATTA
T20180020935,Dry,Clear,Fall from or in moving vehicle,Thursday,Day,50,2018/11/08,14:00:00,No,1.0,1.0,-37.55935245,149.7505917,EAST GIPPSLAND
T20180020953,Dry,Clear,No collision and no object struck,Friday,Dark No street lights,100,2018/11/09,01:50:00,Yes,1.0,1.0,-37.07785541,144.8282852,MITCHELL
T20180020959,Dry,Not known,Vehicle overturned (no collision),Tuesday,Day,100,2018/10/30,15:10:00,No,1.0,1.0,-37.86463784,146.4440057,BAW BAW
T20180020963,Dry,Clear,Collision with a fixed object,Friday,Dusk/Dawn,50,2018/11/09,06:30:00,No,1.0,1.0,-38.1153693,144.333007,GREATER GEELONG
T20180020964,Dry,Clear,Collision with vehicle,Friday,Day,80,2018/11/09,08:30:00,No,2.0,1.0,-38.19220113,146.5524286,LATROBE
T20180020971,Dry,Clear,Collision with vehicle,Thursday,Day,100,2018/11/08,17:10:00,No,3.0,1.0,-36.25463831,145.1501262,GREATER SHEPPARTON
T20180020974,Dry,Clear,Collision with vehicle,Friday,Day,100,2018/11/09,10:00:00,No,2.0,1.0,-38.16712014,141.628028,GLENELG
T20180020976,Dry,Clear,Collision with a fixed object,Friday,Day,100,2018/11/09,10:50:00,No,1.0,1.0,-38.28786877,144.3387002,SURF COAST
T20180020981,Dry,Clear,Collision with vehicle,Friday,Day,50,2018/11/09,12:30:00,No,2.0,2.0,-38.1520857,144.3613743,GREATER GEELONG
T20180020982,Wet,Clear,collision with some other object,Friday,Day,999,2018/11/09,13:20:00,No,1.0,1.0,-38.44276366,143.9603499,SURF COAST
T20180020983,Dry,Clear,Collision with vehicle,Friday,Day,60,2018/11/09,13:50:00,No,2.0,1.0,-34.20043268,142.1541433,MILDURA
T20180020990,Dry,Clear,Struck Pedestrian,Friday,Day,60,2018/11/09,17:45:00,Yes,2.0,1.0,-38.59572707,145.5953211,BASS COAST
T20180020998,Wet,Clear,Vehicle overturned (no collision),Friday,Day,100,2018/11/09,18:30:00,Yes,1.0,1.0,-38.4031713,143.0013863,CORANGAMITE
T20180021004,Dry,Clear,Collision with vehicle,Saturday,Dark Street lights unknown,50,2018/11/10,00:05:00,Yes,3.0,1.0,-36.39820847,145.406005,GREATER SHEPPARTON
T20180021013,Dry,Not known,Collision with a fixed object,Friday,Day,100,2018/11/09,19:40:00,Yes,2.0,2.0,-36.10429192,146.2513696,WANGARATTA
T20180021015,Unknown,Not known,No collision and no object struck,Saturday,Unknown,999,2018/11/03,09:30:00,No,1.0,1.0,-37.69901465,144.0407613,MOORABOOL
T20180021020,Dry,Clear,Collision with vehicle,Saturday,Day,60,2018/11/10,10:40:00,No,1.0,1.0,-36.7682579,144.2911127,GREATER BENDIGO
T20180021031,Dry,Clear,Collision with vehicle,Saturday,Day,60,2018/11/10,13:50:00,No,2.0,1.0,-38.11873135,144.3325125,GREATER GEELONG
T20180021037,Dry,Clear,Collision with a fixed object,Saturday,Day,80,2018/11/10,15:10:00,Yes,1.0,1.0,-38.5162199,143.9326489,SURF COAST
T20180021039,Dry,Clear,Collision with vehicle,Saturday,Day,100,2018/11/10,16:30:00,Yes,2.0,1.0,-36.26475424,143.3299199,BULOKE
T20180021050,Dry,Clear,Collision with a fixed object,Saturday,Day,100,2018/11/10,16:25:00,Yes,3.0,3.0,-36.75878224,143.485296,CENTRAL GOLDFIELDS
T20180021058,Dry,Clear,Collision with a fixed object,Saturday,Dark No street lights,50,2018/11/10,22:52:00,Yes,1.0,1.0,-36.36560592,145.3942084,GREATER SHEPPARTON
T20180021066,Dry,Clear,Collision with a fixed object,Saturday,Dark Street lights on,50,2018/11/10,04:40:00,Yes,1.0,1.0,-38.07820508,144.3473806,GREATER GEELONG
T20180021067,Dry,Clear,Collision with a fixed object,Saturday,Dark No street lights,80,2018/11/10,23:32:00,Yes,1.0,1.0,-38.17513029,144.5140623,GREATER GEELONG
T20180021074,Dry,Clear,Collision with a fixed object,Sunday,Dark No street lights,999,2018/11/11,02:49:00,Yes,1.0,1.0,-38.3156577,144.0300105,SURF COAST
T20180021078,Dry,Clear,Collision with vehicle,Saturday,Day,60,2018/11/10,16:40:00,Yes,4.0,1.0,-34.205965,142.1770164,MILDURA
T20180021091,Dry,Clear,Collision with vehicle,Sunday,Day,80,2018/11/11,09:45:00,No,2.0,1.0,-36.37151474,146.2899112,WANGARATTA
T20180021095,Dry,Clear,Collision with vehicle,Sunday,Day,60,2018/11/11,13:45:00,No,2.0,1.0,-36.38776074,145.3979285,GREATER SHEPPARTON
T20180021097,Dry,Clear,Collision with a fixed object,Sunday,Day,100,2018/11/11,12:50:00,No,1.0,1.0,-36.53336983,146.8121993,ALPINE
T20180021099,Dry,Clear,Vehicle overturned (no collision),Sunday,Day,100,2018/11/11,11:45:00,No,1.0,1.0,-37.4364284,145.2455121,MURRINDINDI
T20180021100,Dry,Clear,Collision with a fixed object,Sunday,Day,100,2018/11/11,15:05:00,No,1.0,1.0,-36.54651987,142.1154037,HORSHAM
T20180021111,Dry,Clear,Collision with vehicle,Sunday,Day,60,2018/11/11,17:55:00,Yes,2.0,1.0,-37.52726688,143.8286435,BALLARAT
T20180021121,Dry,Clear,Collision with a fixed object,Friday,Dark Street lights on,60,2018/11/09,22:00:00,Yes,3.0,3.0,-36.369816,146.2897089,WANGARATTA
T20180021122,Dry,Clear,Collision with vehicle,Sunday,Day,100,2018/11/11,16:47:00,Yes,8.0,3.0,-37.78703813,144.4614164,MOORABOOL
T20180021133,Dry,Clear,No collision and no object struck,Monday,Dark No street lights,100,2018/11/12,00:50:00,Yes,1.0,1.0,-37.41107981,143.8473785,HEPBURN
T20180021140,Dry,Clear,Vehicle overturned (no collision),Sunday,Day,60,2018/09/02,11:30:00,No,1.0,1.0,-36.34771152,146.6885169,INDIGO
T20180021153,Dry,Clear,Struck Pedestrian,Monday,Day,50,2018/11/12,09:32:00,Yes,3.0,1.0,-37.96600348,146.9749265,WELLINGTON
T20180021155,Unknown,Not known,Collision with a fixed object,Monday,Dark No street lights,100,2018/11/12,01:00:00,Yes,1.0,1.0,-37.36806526,144.281786,HEPBURN
T20180021163,Dry,Clear,Vehicle overturned (no collision),Monday,Day,100,2018/11/12,12:45:00,No,1.0,1.0,-37.28918674,146.1069483,MANSFIELD
T20180021167,Dry,Clear,Collision with vehicle,Monday,Day,60,2018/11/12,12:15:00,No,2.0,2.0,-38.45615277,145.2384553,BASS COAST
T20180021171,Dry,Clear,Collision with vehicle,Monday,Day,80,2018/11/12,15:20:00,No,3.0,1.0,-34.22397818,142.1152677,MILDURA
T20180021173,Dry,Clear,Vehicle overturned (no collision),Monday,Day,100,2018/11/12,13:30:00,No,1.0,1.0,-38.15034999,143.63063,COLAC OTWAY
T20180021175,Dry,Clear,Collision with vehicle,Monday,Day,60,2018/11/12,08:30:00,Yes,4.0,4.0,-38.3873408,142.4840574,WARRNAMBOOL
T20180021180,Dry,Clear,Collision with vehicle,Monday,Day,100,2018/11/12,11:30:00,No,4.0,1.0,-36.64943342,144.4153729,GREATER BENDIGO
T20180021183,Dry,Clear,Collision with vehicle,Thursday,Day,70,2018/10/18,07:45:00,No,2.0,2.0,-38.14402005,144.3534204,GREATER GEELONG
T20180021191,Dry,Clear,Collision with vehicle,Monday,Day,60,2018/11/12,17:15:00,Yes,2.0,1.0,-36.72717972,144.264611,GREATER BENDIGO
T20180021199,Dry,Clear,Collision with vehicle,Monday,Day,60,2018/11/12,19:38:00,Yes,1.0,1.0,-37.5569821,143.8885692,BALLARAT
T20180021200,Dry,Clear,Collision with a fixed object,Monday,Day,100,2018/11/12,17:30:00,No,1.0,1.0,-38.42631738,146.0017583,SOUTH GIPPSLAND
T20180021202,Dry,Clear,Collision with vehicle,Monday,Day,50,2018/11/12,19:06:00,Yes,3.0,1.0,-38.1475623,144.5794507,GREATER GEELONG
T20180021208,Dry,Clear,Struck animal,Monday,Dark No street lights,60,2018/11/12,20:35:00,Yes,1.0,1.0,-37.34858887,145.0176706,MITCHELL
T20180021210,Dry,Clear,Vehicle overturned (no collision),Saturday,Day,999,2018/11/10,11:00:00,No,1.0,1.0,-37.27093774,146.1844216,MANSFIELD
T20180021211,Dry,Clear,Collision with vehicle,Monday,Day,50,2018/11/12,18:15:00,Yes,2.0,1.0,-35.7308955,143.9290899,GANNAWARRA
T20180021219,Dry,Clear,Collision with vehicle,Monday,Day,50,2018/11/12,14:15:00,No,3.0,2.0,-36.36296077,146.3175971,WANGARATTA
T20180021220,Dry,Clear,Vehicle overturned (no collision),Tuesday,Dark No street lights,80,2018/11/13,00:50:00,Yes,1.0,1.0,-38.21180971,146.4454077,LATROBE
T20180021225,Dry,Clear,Struck animal,Monday,Day,100,2018/11/12,10:30:00,No,1.0,1.0,-37.19202379,145.3229218,MURRINDINDI
T20180021228,Dry,Clear,No collision and no object struck,Sunday,Day,100,2018/10/28,15:00:00,No,1.0,1.0,-36.80122992,147.1009446,ALPINE
T20180021234,Dry,Clear,Collision with vehicle,Monday,Dusk/Dawn,80,2018/11/12,19:30:00,Yes,3.0,2.0,-38.71490041,143.7130776,COLAC OTWAY
T20180021244,Dry,Clear,Collision with vehicle,Tuesday,Day,50,2018/11/13,12:45:00,No,1.0,1.0,-37.55819352,143.89088,BALLARAT
T20180021246,Dry,Clear,Collision with vehicle,Tuesday,Day,60,2018/11/13,10:56:00,No,2.0,1.0,-38.09424985,144.3656687,GREATER GEELONG
T20180021250,Dry,Not known,No collision and no object struck,Sunday,Day,999,2018/11/04,14:30:00,No,1.0,1.0,-36.8551324,145.0669602,STRATHBOGIE
T20180021261,Dry,Clear,Collision with vehicle,Tuesday,Day,40,2018/11/13,16:17:00,No,2.0,2.0,-38.14522593,144.3616924,GREATER GEELONG
T20180021289,Dry,Clear,Struck Pedestrian,Wednesday,Day,100,2018/09/19,15:30:00,No,2.0,1.0,-37.77674861,144.4363589,MOORABOOL
T20180021293,Dry,Clear,Collision with vehicle,Tuesday,Day,999,2018/11/13,09:15:00,No,2.0,1.0,-38.24790293,144.4221994,GREATER GEELONG
T20180021295,Dry,Clear,Collision with vehicle,Wednesday,Day,60,2018/11/14,08:40:00,No,2.0,1.0,-35.92045466,145.6403756,MOIRA
T20180021298,Wet,Raining,Collision with vehicle,Wednesday,Day,60,2018/11/14,07:50:00,No,2.0,1.0,-37.48909029,144.5937739,MACEDON RANGES
T20180021311,Dry,Clear,Collision with a fixed object,Sunday,Dark No street lights,80,2018/11/11,00:18:00,Yes,2.0,2.0,-37.97124486,147.6321949,EAST GIPPSLAND
T20180021319,Wet,Clear,Collision with a fixed object,Saturday,Dark No street lights,100,2018/11/10,00:30:00,Yes,1.0,1.0,-38.16879998,146.35828,LATROBE
T20180021329,Dry,Clear,Collision with a fixed object,Wednesday,Day,110,2018/11/14,14:25:00,No,2.0,2.0,-37.11957045,145.0912829,MITCHELL
T20180021334,Wet,Raining,Struck Pedestrian,Wednesday,Day,60,2018/11/14,15:40:00,No,2.0,1.0,-37.35525979,145.027011,MITCHELL
T20180021340,Dry,Clear,No collision and no object struck,Wednesday,Day,110,2018/11/14,16:00:00,No,3.0,3.0,-37.5568267,143.9630287,MOORABOOL
T20180021341,Dry,Clear,Collision with a fixed object,Wednesday,Day,100,2018/11/14,19:30:00,Yes,2.0,1.0,-36.66718979,143.6703299,LODDON
T20180021360,Dry,Clear,Vehicle overturned (no collision),Wednesday,Day,100,2018/11/14,15:50:00,No,1.0,1.0,-36.98856959,141.2478664,WEST WIMMERA
T20180021363,Dry,Clear,Collision with vehicle,Thursday,Day,60,2018/11/15,09:25:00,No,3.0,2.0,-37.58388665,143.8346121,BALLARAT
T20180021366,Dry,Clear,Collision with a fixed object,Wednesday,Day,100,2018/11/14,15:15:00,No,1.0,1.0,-36.9474636,145.4831124,STRATHBOGIE
T20180021383,Dry,Clear,Collision with vehicle,Wednesday,Day,50,2018/11/14,15:30:00,No,2.0,1.0,-36.1954093,147.9055336,TOWONG
T20180021390,Dry,Clear,Collision with a fixed object,Sunday,Day,60,2018/11/11,13:50:00,No,1.0,1.0,-38.07860989,144.3586666,GREATER GEELONG
T20180021393,Dry,Clear,Struck Pedestrian,Thursday,Day,60,2018/11/15,17:35:00,No,2.0,1.0,-37.41639976,144.9793601,MITCHELL
T20180021401,Dry,Clear,Collision with vehicle,Thursday,Day,50,2018/11/15,18:20:00,Yes,7.0,1.0,-37.53941317,143.8314517,BALLARAT
T20180021404,Dry,Clear,Collision with vehicle,Thursday,Day,50,2018/11/15,17:55:00,No,2.0,2.0,-36.35629176,146.6869571,INDIGO
T20180021417,Dry,Clear,Collision with vehicle,Thursday,Dark Street lights on,60,2018/11/15,01:46:00,Yes,2.0,1.0,-34.19822981,142.1469833,MILDURA
T20180021429,Dry,Clear,No collision and no object struck,Friday,Day,110,2018/11/16,08:23:00,No,1.0,1.0,-37.55065286,144.04067,MOORABOOL
T20180021430,Dry,Clear,Collision with vehicle,Friday,Day,40,2018/11/16,09:50:00,No,3.0,1.0,-37.52095235,143.8458696,BALLARAT
T20180021445,Dry,Clear,Collision with vehicle,Friday,Day,40,2018/11/16,11:58:00,No,5.0,4.0,-37.11242033,142.8086795,NORTHERN GRAMPIANS
T20180021465,Dry,Clear,Collision with vehicle,Thursday,Day,60,2018/11/15,18:45:00,Yes,4.0,1.0,-37.53819026,143.8405722,BALLARAT
T20180021469,Dry,Clear,Collision with vehicle,Friday,Day,60,2018/11/16,15:40:00,No,4.0,1.0,-38.20178234,144.3303695,GREATER GEELONG
T20180021480,Dry,Clear,Collision with a fixed object,Friday,Day,100,2018/11/16,20:25:00,Yes,2.0,1.0,-38.04755764,146.2792005,BAW BAW
T20180021485,Dry,Clear,Struck Pedestrian,Friday,Day,50,2018/11/16,15:07:00,No,2.0,2.0,-37.8262216,147.6311406,EAST GIPPSLAND
T20180021486,Dry,Clear,Collision with vehicle,Thursday,Day,60,2018/11/08,07:35:00,No,2.0,1.0,-37.55983172,143.8670594,BALLARAT
T20180021500,Dry,Clear,Struck Pedestrian,Tuesday,Dark Street lights unknown,50,2018/08/21,19:25:00,Yes,2.0,1.0,-36.37983753,145.4057734,GREATER SHEPPARTON
T20180021501,Dry,Clear,Collision with vehicle,Thursday,Day,50,2018/11/15,18:55:00,Yes,5.0,1.0,-36.08838481,145.4423362,MOIRA
T20180021505,Dry,Clear,Collision with a fixed object,Friday,Day,100,2018/11/16,13:30:00,No,1.0,1.0,-36.95243922,147.3564524,EAST GIPPSLAND
T20180021507,Dry,Clear,Collision with a fixed object,Saturday,Day,80,2018/11/17,07:03:00,Yes,1.0,1.0,-37.51423231,143.7137262,BALLARAT
T20180021512,Dry,Clear,Vehicle overturned (no collision),Saturday,Day,100,2018/11/17,10:30:00,No,2.0,2.0,-38.51901353,143.0294459,CORANGAMITE
T20180021520,Dry,Clear,Collision with a fixed object,Saturday,Day,80,2018/11/17,09:18:00,No,1.0,1.0,-38.48714645,144.0270579,SURF COAST
T20180021521,Dry,Clear,Collision with vehicle,Saturday,Day,60,2018/11/17,11:15:00,No,6.0,2.0,-38.08675,144.3480563,GREATER GEELONG
T20180021522,Dry,Clear,Collision with vehicle,Saturday,Day,100,2018/11/17,12:23:00,No,3.0,1.0,-38.16780148,144.2913805,GREATER GEELONG
T20180021527,Dry,Clear,Collision with vehicle,Saturday,Day,70,2018/11/17,12:42:00,No,7.0,2.0,-38.14295968,144.3536268,GREATER GEELONG
T20180021540,Dry,Clear,Collision with a fixed object,Saturday,Day,80,2018/11/17,13:03:00,No,1.0,1.0,-37.90344542,146.1026712,BAW BAW
T20180021541,Dry,Clear,Collision with a fixed object,Friday,Day,100,2018/11/16,11:30:00,No,1.0,1.0,-37.01791414,147.5746835,EAST GIPPSLAND
T20180021544,Muddy,Not known,Vehicle overturned (no collision),Monday,Day,999,2018/11/05,13:00:00,No,1.0,1.0,-35.7686958,144.3136523,GANNAWARRA
T20180021549,Dry,Clear,Collision with vehicle,Saturday,Day,100,2018/11/17,14:50:00,Yes,2.0,1.0,-38.38078888,146.3578054,LATROBE
T20180021556,Dry,Clear,Collision with vehicle,Saturday,Day,100,2018/11/17,17:25:00,Yes,5.0,1.0,-38.19591562,141.3495354,GLENELG
T20180021563,Dry,Not known,Struck animal,Saturday,Dark No street lights,100,2018/11/17,22:50:00,Yes,1.0,1.0,-37.31719016,144.9523394,MITCHELL
T20180021578,Dry,Clear,Struck Pedestrian,Sunday,Dark Street lights on,50,2018/11/18,00:30:00,Yes,2.0,1.0,-34.19458783,142.1374587,MILDURA
T20180021580,Dry,Clear,Struck animal,Sunday,Dark No street lights,100,2018/11/18,05:00:00,Yes,1.0,1.0,-38.34121313,143.4806708,COLAC OTWAY
T20180021589,Dry,Clear,Collision with vehicle,Saturday,Day,60,2018/11/17,16:27:00,Yes,3.0,1.0,-37.59222002,143.8411089,BALLARAT
T20180021594,Dry,Clear,Collision with vehicle,Sunday,Day,100,2018/11/18,09:50:00,Yes,2.0,1.0,-37.14514074,142.5035039,NORTHERN GRAMPIANS
T20180021595,Dry,Clear,Vehicle overturned (no collision),Sunday,Day,80,2018/11/18,09:13:00,Yes,1.0,1.0,-38.21802993,146.4756639,LATROBE
T20180021598,Dry,Clear,Struck Pedestrian,Sunday,Day,50,2018/11/18,12:00:00,No,4.0,1.0,-36.36114737,146.3180044,WANGARATTA
T20180021601,Dry,Clear,Collision with vehicle,Sunday,Day,80,2018/11/18,13:10:00,No,4.0,2.0,-38.08434526,147.0562242,WELLINGTON
T20180021604,Dry,Clear,Vehicle overturned (no collision),Sunday,Dark No street lights,100,2018/11/18,01:30:00,Yes,3.0,2.0,-37.02090207,143.4419401,PYRENEES
T20180021612,Unknown,Not known,Collision with vehicle,Sunday,Unknown,999,2018/11/18,07:35:00,Yes,2.0,1.0,-38.74586621,143.2647885,COLAC OTWAY
T20180021621,Dry,Clear,Collision with vehicle,Sunday,Day,80,2018/11/18,16:30:00,Yes,3.0,2.0,-37.84194745,147.5918859,EAST GIPPSLAND
T20180021622,Dry,Clear,Collision with a fixed object,Sunday,Day,100,2018/11/18,14:00:00,No,1.0,1.0,-36.41964519,143.784371,LODDON
T20180021624,Dry,Clear,Collision with a fixed object,Sunday,Day,80,2018/11/18,11:55:00,No,2.0,2.0,-38.25108011,146.18643,BAW BAW
T20180021630,Dry,Clear,Collision with a fixed object,Sunday,Day,999,2018/11/18,15:20:00,No,1.0,1.0,-37.04172892,146.3216983,MANSFIELD
T20180021639,Dry,Not known,Collision with vehicle,Sunday,Dark No street lights,100,2018/11/18,21:15:00,Yes,8.0,8.0,-36.35370564,145.0312862,CAMPASPE
T20180021649,Dry,Clear,Collision with vehicle,Sunday,Day,100,2018/11/18,11:50:00,No,4.0,3.0,-38.34326578,146.2012656,SOUTH GIPPSLAND
T20180021650,Dry,Clear,Collision with a fixed object,Monday,Day,50,2018/11/19,06:50:00,No,1.0,1.0,-38.09972241,144.3646457,GREATER GEELONG
T20180021656,Dry,Clear,Collision with a fixed object,Wednesday,Dark Street lights on,60,2018/11/14,04:55:00,Yes,1.0,1.0,-38.05898991,144.3584275,GREATER GEELONG
T20180021687,Dry,Clear,Collision with vehicle,Monday,Day,50,2018/11/19,18:03:00,Yes,3.0,1.0,-36.36071766,146.3111561,WANGARATTA
T20180021696,Dry,Clear,Collision with vehicle,Monday,Day,70,2018/11/19,15:30:00,No,2.0,1.0,-38.20856669,144.3399969,GREATER GEELONG
T20180021713,Dry,Not known,Collision with a fixed object,Tuesday,Dark No street lights,100,2018/11/20,02:51:00,Yes,1.0,1.0,-37.98179999,144.5334701,GREATER GEELONG
T20180021724,Dry,Clear,collision with some other object,Monday,Day,80,2018/11/19,10:50:00,No,2.0,1.0,-37.27730519,144.7447118,MACEDON RANGES
T20180021734,Dry,Clear,Collision with a fixed object,Tuesday,Day,110,2018/11/20,11:01:00,No,1.0,1.0,-37.69024556,144.5132496,MOORABOOL
T20180021737,Dry,Clear,Collision with vehicle,Tuesday,Day,80,2018/11/20,13:10:00,No,5.0,2.0,-37.41637204,144.9791124,MITCHELL
T20180021756,Dry,Clear,Collision with vehicle,Tuesday,Day,100,2018/11/20,11:55:00,No,2.0,1.0,-35.9746922,142.834741,BULOKE
T20180021762,Dry,Clear,Collision with a fixed object,Tuesday,Day,100,2018/11/20,16:16:00,No,1.0,1.0,-38.35342047,146.7100814,WELLINGTON
T20180021770,Dry,Clear,Collision with a fixed object,Tuesday,Dusk/Dawn,50,2018/11/20,19:30:00,Yes,2.0,2.0,-34.1906993,142.1641492,MILDURA
T20180021777,Dry,Not known,Collision with vehicle,Friday,Day,60,2018/11/16,18:15:00,Yes,3.0,1.0,-36.75017322,144.2834733,GREATER BENDIGO
T20180021780,Wet,Clear,Collision with vehicle,Tuesday,Dark Street lights on,60,2018/11/20,21:25:00,Yes,4.0,1.0,-37.74197011,142.0350702,SOUTHERN GRAMPIANS
T20180021800,Dry,Clear,No collision and no object struck,Wednesday,Day,60,2018/11/21,08:24:00,No,2.0,1.0,-36.74356635,144.274233,GREATER BENDIGO
T20180021801,Dry,Clear,Collision with vehicle,Wednesday,Day,100,2018/11/21,08:13:00,No,2.0,2.0,-36.77633326,144.4476293,GREATER BENDIGO
T20180021807,Dry,Clear,Collision with vehicle,Wednesday,Day,100,2018/11/21,09:15:00,No,2.0,1.0,-37.99883271,147.3304018,WELLINGTON
T20180021809,Dry,Clear,Collision with vehicle,Wednesday,Day,60,2018/11/21,10:50:00,No,3.0,2.0,-38.20529071,144.3436399,GREATER GEELONG
T20180021822,Dry,Clear,Collision with vehicle,Wednesday,Day,60,2018/11/21,08:55:00,No,2.0,1.0,-37.55566236,143.8589403,BALLARAT
T20180021827,Dry,Clear,Collision with vehicle,Wednesday,Day,50,2018/11/21,11:00:00,No,2.0,1.0,-35.72668657,143.9174079,GANNAWARRA
T20180021853,Dry,Clear,Collision with vehicle,Wednesday,Day,80,2018/11/21,18:34:00,Yes,3.0,2.0,-36.1765779,146.9409956,WODONGA
T20180021863,Dry,Clear,Vehicle overturned (no collision),Wednesday,Dark No street lights,100,2018/11/21,17:40:00,No,1.0,1.0,-38.2629763,146.4324907,LATROBE
T20180021864,Wet,Raining,Struck Pedestrian,Wednesday,Dark Street lights on,80,2018/11/21,21:25:00,Yes,2.0,1.0,-38.06880463,144.3770781,GREATER GEELONG
T20180021869,Dry,Clear,Struck animal,Tuesday,Dusk/Dawn,110,2018/11/20,05:20:00,Yes,4.0,1.0,-37.29447076,144.5028789,MACEDON RANGES
T20180021872,Dry,Clear,Collision with vehicle,Thursday,Day,50,2018/11/15,13:05:00,No,2.0,1.0,-36.71784762,142.1971382,HORSHAM
T20180021880,Dry,Clear,Collision with vehicle,Saturday,Day,60,2018/11/17,15:15:00,No,2.0,1.0,-36.77641882,144.2850933,GREATER BENDIGO
T20180021893,Wet,Raining,Collision with vehicle,Wednesday,Day,40,2018/11/21,19:15:00,Yes,4.0,2.0,-38.33510602,143.6098889,COLAC OTWAY
T20180021895,Dry,Clear,Collision with vehicle,Thursday,Day,70,2018/11/22,10:20:00,No,2.0,1.0,-38.21204954,144.3392458,GREATER GEELONG
T20180021896,Dry,Strong winds,Collision with vehicle,Thursday,Dusk/Dawn,60,2018/11/22,06:20:00,No,4.0,4.0,-34.30384648,142.18683,MILDURA
T20180021900,Dry,Not known,Collision with vehicle,Thursday,Day,50,2018/11/22,08:30:00,No,3.0,1.0,-36.71389112,142.2104428,HORSHAM
T20180021909,Dry,Clear,Collision with vehicle,Wednesday,Day,60,2018/11/14,12:55:00,No,4.0,2.0,-36.75524587,144.2740756,GREATER BENDIGO
T20180021915,Dry,Clear,Collision with a fixed object,Thursday,Day,100,2018/11/22,10:05:00,No,2.0,1.0,-38.01465909,144.4638489,GREATER GEELONG
T20180021916,Dry,Clear,Collision with vehicle,Thursday,Day,60,2018/11/22,14:10:00,No,2.0,1.0,-38.25756153,144.5355816,GREATER GEELONG
T20180021918,Dry,Clear,Collision with vehicle,Tuesday,Day,100,2018/11/20,13:10:00,No,2.0,2.0,-38.25060963,144.3318668,SURF COAST
T20180021919,Wet,Strong winds,Collision with vehicle,Thursday,Day,50,2018/11/22,15:00:00,No,2.0,1.0,-36.71310897,142.1997065,HORSHAM
T20180021920,Wet,Raining,Collision with a fixed object,Thursday,Day,100,2018/11/22,11:25:00,No,1.0,1.0,-36.45729961,145.4989918,GREATER SHEPPARTON
T20180021921,Dry,Clear,Collision with vehicle,Thursday,Day,100,2018/11/22,12:52:00,No,2.0,2.0,-38.47360746,142.8859508,CORANGAMITE
T20180021932,Wet,Raining,No collision and no object struck,Thursday,Day,100,2018/11/22,09:46:00,No,1.0,1.0,-35.85028924,144.2684806,GANNAWARRA
T20180021940,Wet,Raining,Collision with vehicle,Thursday,Day,100,2018/11/22,14:15:00,No,3.0,3.0,-37.74932639,148.3688786,EAST GIPPSLAND
T20180021965,Dry,Clear,Collision with a fixed object,Friday,Day,100,2018/11/23,07:00:00,No,1.0,1.0,-36.9843053,144.3576056,MOUNT ALEXANDER
T20180021983,Dry,Clear,Collision with vehicle,Sunday,Day,999,2018/11/18,11:30:00,No,2.0,1.0,-36.33363574,146.8106009,INDIGO
T20180021987,Dry,Clear,Collision with a fixed object,Friday,Day,100,2018/11/23,12:45:00,No,1.0,1.0,-36.43377,145.7241801,GREATER SHEPPARTON
T20180021996,Wet,Strong winds,Collision with vehicle,Friday,Day,60,2018/11/23,15:00:00,No,3.0,3.0,-37.56512743,143.9572897,MOORABOOL
T20180021998,Wet,Raining,Collision with a fixed object,Friday,Day,80,2018/11/23,15:48:00,No,2.0,1.0,-37.53859977,145.3891303,MURRINDINDI
T20180021999,Wet,Raining,Collision with vehicle,Friday,Day,60,2018/11/23,14:45:00,No,2.0,1.0,-37.42964994,143.39012,PYRENEES
T20180022000,Wet,Raining,Collision with vehicle,Friday,Day,60,2018/11/23,13:23:00,No,1.0,1.0,-38.19241296,142.9270958,CORANGAMITE
T20180022009,Wet,Raining,Collision with vehicle,Friday,Day,80,2018/11/23,16:45:00,No,3.0,1.0,-36.44080516,145.3888463,GREATER SHEPPARTON
T20180022011,Dry,Clear,Collision with vehicle,Friday,Dusk/Dawn,80,2018/11/23,19:24:00,Yes,2.0,1.0,-37.68772801,144.5023262,MOORABOOL