Accident_No,Surface_Cond_Desc,Atmosph_Cond_Desc,Accident_Type_Desc,Day,Light_Condition_Desc,Speed_Zone,Accident_Date,Accident_Time,Alcohol_Influence,Total_Persons_Inv,Inj_Or_Fatal,Lat,Long,LGA
T20180022036,Dry,Not known,Collision with a fixed object,Saturday,Dusk/Dawn,60,2018/11/24,06:37:00,Yes,2.0,1.0,-37.02442842,145.1455205,MITCHELL
T20180022049,Dry,Clear,Collision with vehicle,Saturday,Day,60,2018/11/24,12:30:00,No,5.0,1.0,-38.15958072,144.3447315,GREATER GEELONG
T20180022055,Dry,Clear,Collision with vehicle,Saturday,Day,50,2018/11/24,14:10:00,Yes,3.0,2.0,-36.35959433,146.319826,WANGARATTA
T20180022056,Dry,Clear,Struck Pedestrian,Saturday,Day,50,2018/11/24,13:15:00,No,3.0,1.0,-34.19044859,142.1559083,MILDURA
T20180022059,Wet,Raining,Collision with vehicle,Friday,Day,80,2018/11/23,13:15:00,No,2.0,1.0,-38.06499001,144.3813672,GREATER GEELONG
T20180022065,Dry,Clear,Collision with vehicle,Friday,Dark Street lights on,50,2018/11/23,20:45:00,Yes,2.0,1.0,-36.12657383,146.8737274,WODONGA
T20180022066,Dry,Clear,Collision with a fixed object,Saturday,Day,100,2018/11/24,15:40:00,Yes,1.0,1.0,-37.14455897,142.4417801,NORTHERN GRAMPIANS
T20180022071,Wet,Raining,Vehicle overturned (no collision),Saturday,Day,80,2018/11/24,15:00:00,Yes,1.0,1.0,-37.73477795,147.3128976,EAST GIPPSLAND
T20180022082,Dry,Clear,Collision with vehicle,Saturday,Dark Street lights on,40,2018/11/24,23:30:00,Yes,3.0,1.0,-38.15139737,144.3673204,GREATER GEELONG
T20180022085,Dry,Clear,Collision with a fixed object,Sunday,Dark Street lights on,60,2018/11/25,02:19:00,No,1.0,1.0,-36.39849208,145.4080357,GREATER SHEPPARTON
T20180022089,Dry,Clear,Collision with vehicle,Sunday,Dark Street lights on,50,2018/11/25,02:00:00,No,1.0,1.0,-38.09400983,144.3547244,GREATER GEELONG
T20180022090,Dry,Clear,Collision with vehicle,Saturday,Day,80,2018/11/24,20:14:00,Yes,7.0,7.0,-37.51140903,143.7060872,BALLARAT
T20180022093,Dry,Clear,Collision with a fixed object,Sunday,Dark No street lights,100,2018/11/25,01:05:00,No,2.0,1.0,-36.68265329,146.1488893,BENALLA
T20180022094,Dry,Clear,Collision with a fixed object,Saturday,Day,100,2018/11/24,14:00:00,Yes,1.0,1.0,-38.23340959,144.2045396,SURF COAST
T20180022097,Dry,Clear,Collision with vehicle,Saturday,Day,100,2018/11/24,17:00:00,Yes,2.0,1.0,-38.28876318,143.8389866,COLAC OTWAY
T20180022109,Dry,Clear,Collision with vehicle,Sunday,Day,100,2018/11/25,12:50:00,No,5.0,1.0,-38.23580403,144.6332108,GREATER GEELONG
T20180022111,Dry,Clear,Collision with vehicle,Sunday,Day,100,2018/11/25,13:15:00,No,4.0,1.0,-36.09081797,144.6541006,CAMPASPE
T20180022119,Dry,Clear,Fall from or in moving vehicle,Sunday,Day,100,2018/11/25,15:00:00,No,1.0,1.0,-37.20176039,145.8219133,MURRINDINDI
T20180022121,Dry,Clear,Vehicle overturned (no collision),Sunday,Day,110,2018/11/25,15:30:00,No,3.0,3.0,-36.85381398,145.142219,STRATHBOGIE
T20180022127,Dry,Clear,Collision with a fixed object,Sunday,Dark No street lights,100,2018/11/18,04:00:00,No,2.0,1.0,-37.44288994,145.5828007,MURRINDINDI
T20180022129,Dry,Clear,Collision with vehicle,Saturday,Day,100,2018/11/24,17:30:00,Yes,2.0,1.0,-37.27973261,144.7131389,MACEDON RANGES
T20180022131,Dry,Clear,Collision with a fixed object,Sunday,Day,80,2018/11/25,18:25:00,Yes,2.0,2.0,-38.11035984,144.3531517,GREATER GEELONG
T20180022134,Dry,Clear,Collision with a fixed object,Sunday,Day,80,2018/11/25,13:39:00,No,1.0,1.0,-38.50161882,143.7258586,COLAC OTWAY
T20180022137,Dry,Clear,Vehicle overturned (no collision),Sunday,Day,100,2018/11/25,19:45:00,Yes,2.0,1.0,-37.0928695,143.4932904,PYRENEES
T20180022138,Wet,Raining,Collision with a fixed object,Sunday,Dark No street lights,80,2018/11/25,20:15:00,Yes,2.0,2.0,-37.57487989,144.315807,MOORABOOL
T20180022139,Dry,Clear,Collision with vehicle,Sunday,Dark No street lights,60,2018/11/25,18:05:00,No,3.0,1.0,-37.24170405,144.4546342,MACEDON RANGES
T20180022140,Dry,Clear,Collision with a fixed object,Sunday,Day,100,2018/11/25,19:24:00,Yes,1.0,1.0,-37.2629846,144.560913,MACEDON RANGES
T20180022148,Dry,Clear,Collision with a fixed object,Sunday,Dark Street lights on,70,2018/11/25,22:50:00,Yes,1.0,1.0,-38.37106008,142.4715999,WARRNAMBOOL
T20180022154,Dry,Clear,Struck Pedestrian,Monday,Dark Street lights on,50,2018/11/26,03:08:00,Yes,2.0,1.0,-38.14416232,144.362182,GREATER GEELONG
T20180022159,Dry,Clear,Vehicle overturned (no collision),Tuesday,Day,100,2018/11/20,12:18:00,No,1.0,1.0,-37.80056776,143.4584183,GOLDEN PLAINS
T20180022164,Dry,Clear,Vehicle overturned (no collision),Sunday,Day,60,2018/11/25,19:19:00,Yes,1.0,1.0,-38.08439339,145.7779152,BAW BAW
T20180022169,Unknown,Not known,No collision and no object struck,Sunday,Unknown,999,2018/11/25,13:00:00,No,1.0,1.0,-37.49017113,146.2238579,MANSFIELD
T20180022186,Dry,Clear,Struck animal,Monday,Day,100,2018/11/26,14:10:00,No,1.0,1.0,-38.53209696,145.588379,BASS COAST
T20180022191,Wet,Clear,Collision with a fixed object,Monday,Day,100,2018/11/26,13:00:00,No,1.0,1.0,-37.6141694,148.8887624,EAST GIPPSLAND
T20180022202,Dry,Clear,Collision with a fixed object,Sunday,Day,110,2018/11/25,20:05:00,Yes,4.0,4.0,-35.12326065,142.0470005,MILDURA
T20180022207,Dry,Clear,Collision with vehicle,Monday,Day,70,2018/11/26,18:20:00,Yes,3.0,1.0,-38.14530048,144.3530242,GREATER GEELONG
T20180022208,Dry,Clear,Collision with a fixed object,Monday,Day,70,2018/11/26,16:20:00,No,2.0,1.0,-38.17283999,144.39991,GREATER GEELONG
T20180022209,Dry,Clear,Vehicle overturned (no collision),Monday,Day,110,2018/11/26,16:55:00,Yes,1.0,1.0,-36.46448713,146.2296221,WANGARATTA
T20180022210,Dry,Clear,Collision with vehicle,Monday,Day,60,2018/11/26,17:04:00,Yes,2.0,1.0,-38.22881379,146.3972506,LATROBE
T20180022214,Dry,Clear,Collision with a fixed object,Monday,Day,100,2018/11/26,15:30:00,No,4.0,4.0,-37.57558797,146.6258031,WELLINGTON
T20180022228,Dry,Clear,Collision with a fixed object,Monday,Dark Street lights unknown,50,2018/11/26,22:30:00,Yes,1.0,1.0,-38.19248753,144.7067323,GREATER GEELONG
T20180022246,Dry,Clear,Collision with vehicle,Tuesday,Day,60,2018/11/27,09:00:00,No,2.0,1.0,-36.12684397,144.7464685,CAMPASPE
T20180022255,Unknown,Not known,Collision with vehicle,Tuesday,Unknown,999,2018/11/20,14:30:00,No,2.0,2.0,-37.60494733,143.8313427,BALLARAT
T20180022259,Dry,Clear,Collision with vehicle,Tuesday,Day,60,2018/11/27,14:30:00,No,2.0,1.0,-37.5188552,143.826055,BALLARAT
T20180022264,Dry,Clear,Collision with vehicle,Tuesday,Day,80,2018/11/27,14:45:00,No,5.0,1.0,-36.11382937,146.902958,WODONGA
T20180022277,Dry,Clear,Fall from or in moving vehicle,Saturday,Day,999,2018/11/17,12:30:00,No,1.0,1.0,-37.39979054,145.5192898,MURRINDINDI
T20180022292,Dry,Clear,Collision with vehicle,Wednesday,Dusk/Dawn,70,2018/11/28,06:20:00,No,2.0,1.0,-37.55367748,143.8136903,BALLARAT
T20180022294,Dry,Clear,Vehicle overturned (no collision),Wednesday,Dark No street lights,100,2018/11/28,05:25:00,Yes,1.0,1.0,-37.06323049,145.6577806,MURRINDINDI
T20180022304,Dry,Clear,Vehicle overturned (no collision),Sunday,Day,60,2018/10/28,10:30:00,No,1.0,1.0,-37.5253419,146.0216867,MURRINDINDI
T20180022307,Dry,Clear,Struck Pedestrian,Wednesday,Day,40,2018/11/28,12:40:00,No,2.0,1.0,-38.14868624,144.3618268,GREATER GEELONG
T20180022341,Dry,Not known,Collision with vehicle,Wednesday,Day,60,2018/11/28,18:03:00,Yes,3.0,3.0,-36.72078969,144.3042645,GREATER BENDIGO
T20180022374,Dry,Clear,Collision with vehicle,Tuesday,Day,100,2018/11/27,16:00:00,No,3.0,2.0,-36.41152446,145.2410455,GREATER SHEPPARTON
T20180022381,Dry,Clear,Collision with a fixed object,Thursday,Day,50,2018/11/29,08:15:00,No,1.0,1.0,-38.2728185,144.509369,GREATER GEELONG
T20180022382,Dry,Clear,Collision with vehicle,Thursday,Day,60,2018/11/29,09:20:00,No,2.0,1.0,-37.54156531,143.860052,BALLARAT
T20180022384,Dry,Clear,Collision with vehicle,Monday,Day,50,2018/11/12,14:50:00,No,2.0,1.0,-38.35048952,143.5694858,COLAC OTWAY
T20180022432,Dry,Clear,Collision with a fixed object,Thursday,Day,100,2018/11/29,06:15:00,No,1.0,1.0,-36.16427084,147.0023475,WODONGA
T20180022447,Dry,Clear,Collision with a fixed object,Thursday,Day,100,2018/11/29,06:05:00,No,1.0,1.0,-35.22775971,142.3987823,MILDURA
T20180022467,Dry,Clear,Collision with vehicle,Friday,Day,100,2018/11/30,13:50:00,No,3.0,1.0,-36.57652174,143.0436167,NORTHERN GRAMPIANS
T20180022468,Dry,Clear,Collision with a fixed object,Friday,Day,100,2018/11/30,12:37:00,No,1.0,1.0,-36.5867187,143.2648143,NORTHERN GRAMPIANS
T20180022475,Dry,Clear,Collision with vehicle,Friday,Day,60,2018/11/30,15:45:00,No,3.0,1.0,-38.16890296,145.9320411,BAW BAW
T20180022484,Dry,Clear,Collision with a fixed object,Friday,Day,100,2018/11/30,15:14:00,No,1.0,1.0,-36.62109685,144.4862685,GREATER BENDIGO
T20180022485,Dry,Not known,Collision with vehicle,Friday,Day,999,2018/11/30,12:30:00,No,3.0,1.0,-38.14141024,144.3362019,GREATER GEELONG
T20180022487,Dry,Clear,Collision with vehicle,Friday,Day,50,2018/11/30,14:30:00,No,2.0,1.0,-37.55262988,149.7521205,EAST GIPPSLAND
T20180022493,Dry,Clear,Collision with vehicle,Wednesday,Dusk/Dawn,60,2018/11/28,19:00:00,Yes,4.0,2.0,-37.57080829,143.8650719,BALLARAT
T20180022510,Dry,Clear,Fall from or in moving vehicle,Friday,Unknown,50,2018/11/30,10:45:00,No,2.0,1.0,-38.38074242,142.4872503,WARRNAMBOOL
T20180022515,Dry,Clear,Collision with a fixed object,Friday,Day,80,2018/11/30,09:00:00,No,1.0,1.0,-36.3863419,145.3824312,GREATER SHEPPARTON
T20180022520,Dry,Clear,Collision with vehicle,Saturday,Day,70,2018/12/01,06:54:00,Yes,2.0,2.0,-38.18688809,144.4555117,GREATER GEELONG
T20180022526,Dry,Clear,Collision with vehicle,Saturday,Day,100,2018/12/01,12:30:00,No,2.0,1.0,-36.41152446,145.2410455,GREATER SHEPPARTON
T20180022530,Dry,Clear,Collision with vehicle,Saturday,Day,60,2018/12/01,10:50:00,No,5.0,4.0,-38.06721125,144.3623368,GREATER GEELONG
T20180022540,Dry,Clear,Collision with vehicle,Friday,Day,70,2018/11/30,10:00:00,No,4.0,2.0,-38.2022886,144.3062974,GREATER GEELONG
T20180022543,Dry,Clear,No collision and no object struck,Saturday,Day,100,2018/12/01,13:10:00,No,1.0,1.0,-38.54114711,143.0555101,CORANGAMITE
T20180022549,Dry,Clear,Collision with a fixed object,Saturday,Day,80,2018/12/01,12:40:00,No,2.0,1.0,-37.97324742,146.4048997,BAW BAW
T20180022551,Dry,Clear,Collision with vehicle,Saturday,Day,80,2018/12/01,16:00:00,Yes,4.0,1.0,-38.17462067,144.4593299,GREATER GEELONG
T20180022572,Dry,Clear,No collision and no object struck,Saturday,Dark No street lights,100,2018/12/01,23:02:00,Yes,1.0,1.0,-34.24475916,142.159559,MILDURA
T20180022573,Dry,Clear,Collision with vehicle,Sunday,Dark Street lights on,60,2018/12/02,01:40:00,Yes,4.0,1.0,-34.20710251,142.1160459,MILDURA
T20180022577,Dry,Clear,Struck animal,Sunday,Day,80,2018/12/02,07:15:00,Yes,2.0,1.0,-38.3467319,144.2610853,SURF COAST
T20180022579,Dry,Clear,Collision with a fixed object,Sunday,Day,70,2018/12/02,10:15:00,No,1.0,1.0,-38.10030205,144.3109584,GREATER GEELONG
T20180022588,Dry,Clear,Collision with vehicle,Sunday,Day,100,2018/12/02,11:48:00,No,3.0,1.0,-37.24759216,145.1708122,MURRINDINDI
T20180022596,Dry,Clear,Collision with vehicle,Saturday,Day,60,2018/12/01,18:45:00,Yes,3.0,1.0,-37.55963762,143.8566896,BALLARAT
T20180022606,Dry,Clear,Collision with vehicle,Sunday,Day,60,2018/12/02,15:57:00,No,7.0,2.0,-38.52379958,143.977812,SURF COAST
T20180022607,Dry,Clear,Collision with vehicle,Sunday,Dusk/Dawn,50,2018/12/02,18:28:00,Yes,3.0,2.0,-37.59762287,143.8380428,BALLARAT
T20180022609,Dry,Clear,Struck animal,Sunday,Dark No street lights,100,2018/12/02,22:00:00,No,1.0,1.0,-36.13636655,146.9689007,WODONGA
T20180022614,Dry,Clear,Collision with vehicle,Sunday,Dark Street lights on,70,2018/12/02,23:55:00,No,2.0,1.0,-38.19914856,144.314937,GREATER GEELONG
T20180022624,Wet,Raining,Collision with a fixed object,Monday,Dusk/Dawn,70,2018/12/03,05:20:00,Yes,1.0,1.0,-38.18440812,144.4436607,GREATER GEELONG
T20180022629,Dry,Clear,Collision with vehicle,Monday,Day,80,2018/12/03,07:16:00,No,2.0,1.0,-36.44079475,145.4085099,GREATER SHEPPARTON
T20180022633,Dry,Clear,Collision with vehicle,Monday,Day,100,2018/12/03,08:05:00,No,6.0,6.0,-36.08544579,145.2038584,MOIRA
T20180022636,Dry,Clear,Collision with vehicle,Monday,Day,60,2018/12/03,10:15:00,No,2.0,2.0,-36.39552443,145.3530689,GREATER SHEPPARTON
T20180022639,Unknown,Not known,Collision with vehicle,Monday,Day,999,2018/10/08,12:00:00,No,2.0,1.0,-38.09815227,147.0368194,WELLINGTON
T20180022642,Dry,Clear,Collision with a fixed object,Monday,Day,100,2018/12/03,09:10:00,No,1.0,1.0,-38.1111821,142.6649382,MOYNE
T20180022645,Dry,Not known,Vehicle overturned (no collision),Friday,Dusk/Dawn,999,2018/11/30,19:00:00,Yes,1.0,1.0,-37.62835275,143.8801862,BALLARAT
T20180022649,Dry,Clear,Collision with vehicle,Monday,Day,100,2018/12/03,08:35:00,No,2.0,1.0,-36.58227882,145.2606893,GREATER SHEPPARTON
T20180022650,Dry,Clear,Collision with vehicle,Monday,Day,50,2018/12/03,09:50:00,No,3.0,2.0,-36.00901942,146.01719,MOIRA
T20180022654,Dry,Clear,Collision with vehicle,Friday,Day,80,2018/11/30,06:20:00,No,2.0,1.0,-37.22526581,146.1547594,MANSFIELD
T20180022655,Dry,Clear,Collision with a fixed object,Monday,Day,60,2018/12/03,11:25:00,No,2.0,2.0,-37.59403997,143.8409726,BALLARAT
T20180022660,Dry,Clear,Collision with vehicle,Monday,Day,60,2018/12/03,13:20:00,No,2.0,1.0,-38.21060247,144.3166768,GREATER GEELONG
T20180022662,Dry,Clear,Collision with vehicle,Monday,Day,60,2018/12/03,14:00:00,No,3.0,1.0,-37.82585884,147.6391657,EAST GIPPSLAND
T20180022664,Dry,Clear,Collision with vehicle,Monday,Day,80,2018/12/03,10:26:00,No,2.0,2.0,-36.58570985,146.6986738,ALPINE
T20180022667,Unknown,Not known,Collision with vehicle,Thursday,Day,50,2018/11/29,12:30:00,No,2.0,1.0,-38.11403996,144.3549099,GREATER GEELONG
T20180022669,Dry,Clear,Collision with a fixed object,Monday,Day,100,2018/12/03,10:15:00,No,1.0,1.0,-35.10255998,141.9329672,MILDURA
T20180022690,Dry,Clear,Collision with vehicle,Monday,Dusk/Dawn,70,2018/12/03,19:18:00,Yes,2.0,1.0,-38.10568424,144.3207553,GREATER GEELONG
T20180022693,Unknown,Not known,Struck Pedestrian,Saturday,Unknown,999,2018/09/29,09:30:00,No,2.0,1.0,-37.9857022,144.4959307,GREATER GEELONG
T20180022701,Dry,Clear,Collision with a fixed object,Monday,Dark No street lights,100,2018/12/03,23:40:00,Yes,1.0,1.0,-36.65717759,144.4846686,GREATER BENDIGO
T20180022739,Dry,Clear,No collision and no object struck,Tuesday,Day,60,2018/12/04,13:55:00,No,1.0,1.0,-38.19343963,146.5619155,LATROBE
T20180022742,Dry,Clear,Collision with vehicle,Tuesday,Day,50,2018/12/04,08:50:00,No,2.0,2.0,-38.14136595,144.3466608,GREATER GEELONG
T20180022755,Dry,Clear,Collision with a fixed object,Sunday,Day,999,2018/12/02,12:30:00,No,2.0,2.0,-37.4956204,147.2000619,WELLINGTON
T20180022759,Dry,Clear,Collision with vehicle,Tuesday,Day,50,2018/12/04,16:50:00,No,2.0,1.0,-38.09461069,144.3296126,GREATER GEELONG
T20180022764,Dry,Clear,Collision with vehicle,Tuesday,Day,100,2018/12/04,17:30:00,No,5.0,2.0,-37.87632184,141.9612549,SOUTHERN GRAMPIANS
T20180022770,Dry,Clear,Collision with vehicle,Tuesday,Day,100,2018/12/04,18:26:00,Yes,2.0,1.0,-36.96022957,144.2221798,MOUNT ALEXANDER
T20180022777,Dry,Clear,Vehicle overturned (no collision),Wednesday,Day,100,2018/11/28,10:48:00,No,1.0,1.0,-37.29324939,144.9991114,MITCHELL
T20180022780,Dry,Clear,Collision with vehicle,Sunday,Day,60,2018/12/02,10:00:00,No,2.0,1.0,-34.30708551,142.1865329,MILDURA
T20180022789,Unknown,Not known,Collision with vehicle,Monday,Unknown,70,2018/11/26,19:30:00,Yes,2.0,1.0,-38.15741604,144.3507268,GREATER GEELONG
T20180022798,Dry,Clear,Collision with a fixed object,Wednesday,Day,100,2018/12/05,09:00:00,No,1.0,1.0,-37.5085888,143.5083215,PYRENEES
T20180022811,Dry,Clear,Collision with vehicle,Wednesday,Day,80,2018/12/05,12:10:00,No,3.0,2.0,-38.34784563,142.2873561,MOYNE
T20180022814,Dry,Clear,No collision and no object struck,Wednesday,Day,50,2018/12/05,14:40:00,No,1.0,1.0,-38.36882938,143.5995207,COLAC OTWAY
T20180022823,Dry,Clear,Collision with a fixed object,Wednesday,Day,60,2018/12/05,18:05:00,Yes,1.0,1.0,-34.21050263,142.1616623,MILDURA
T20180022828,Dry,Clear,Collision with vehicle,Wednesday,Day,60,2018/12/05,16:04:00,No,5.0,1.0,-38.17411306,144.3527069,GREATER GEELONG
T20180022838,Dry,Clear,Collision with a fixed object,Wednesday,Day,100,2018/12/05,18:55:00,Yes,1.0,1.0,-37.24029974,145.0450077,MITCHELL
T20180022857,Dry,Clear,Collision with a fixed object,Thursday,Dark No street lights,100,2018/12/06,04:00:00,Yes,2.0,1.0,-36.2262037,145.4045183,GREATER SHEPPARTON
T20180022859,Dry,Clear,Struck Pedestrian,Wednesday,Day,50,2018/12/05,12:00:00,No,3.0,1.0,-38.39438083,142.4758308,WARRNAMBOOL
T20180022864,Dry,Clear,Collision with vehicle,Thursday,Day,40,2018/12/06,08:00:00,No,2.0,1.0,-38.53231966,145.9513288,SOUTH GIPPSLAND
T20180022879,Wet,Raining,Collision with a fixed object,Saturday,Dark No street lights,100,2018/12/01,23:45:00,Yes,1.0,1.0,-37.93219993,144.2619604,GREATER GEELONG
T20180022882,Wet,Raining,Collision with vehicle,Sunday,Dark Street lights on,50,2018/12/02,01:45:00,Yes,1.0,1.0,-38.17288104,144.3889208,GREATER GEELONG
T20180022883,Dry,Not known,Collision with vehicle,Wednesday,Day,60,2018/09/12,12:30:00,No,2.0,1.0,-38.20744605,144.330375,GREATER GEELONG
T20180022891,Dry,Clear,Collision with vehicle,Thursday,Day,60,2018/12/06,10:45:00,No,3.0,2.0,-38.06857903,144.3751002,GREATER GEELONG
T20180022924,Dry,Clear,Collision with a fixed object,Thursday,Dark No street lights,100,2018/12/06,21:00:00,Yes,2.0,1.0,-37.7072581,142.0742888,SOUTHERN GRAMPIANS
T20180022927,Dry,Clear,Collision with vehicle,Thursday,Dark No street lights,110,2018/12/06,03:10:00,Yes,5.0,1.0,-36.2484848,146.4268346,WANGARATTA
T20180022928,Dry,Clear,Collision with vehicle,Thursday,Day,60,2018/12/06,15:18:00,No,3.0,1.0,-36.76331199,144.270445,GREATER BENDIGO
T20180022945,Dry,Clear,Collision with vehicle,Wednesday,Day,100,2018/12/05,19:55:00,Yes,4.0,1.0,-37.30058559,146.1466584,MANSFIELD
T20180022961,Dry,Clear,Collision with vehicle,Friday,Day,100,2018/12/07,08:20:00,No,2.0,2.0,-38.33147793,146.3502739,LATROBE
T20180022963,Dry,Clear,Collision with vehicle,Friday,Day,30,2018/11/30,16:06:00,Yes,2.0,1.0,-36.38190754,145.4055405,GREATER SHEPPARTON
T20180022965,Dry,Clear,Collision with vehicle,Friday,Day,80,2018/12/07,08:50:00,No,2.0,1.0,-38.21661051,146.444424,LATROBE
T20180022976,Dry,Clear,Collision with vehicle,Friday,Day,110,2018/12/07,12:30:00,No,2.0,2.0,-38.08843814,145.7991074,BAW BAW
T20180022996,Dry,Clear,Collision with vehicle,Friday,Day,999,2018/12/07,18:50:00,Yes,3.0,1.0,-37.96116939,146.986015,WELLINGTON
T20180023002,Dry,Clear,Collision with a fixed object,Friday,Day,50,2018/12/07,15:50:00,No,2.0,2.0,-38.55260851,143.9524703,SURF COAST
T20180023023,Dry,Clear,Collision with a fixed object,Saturday,Dark No street lights,100,2018/12/08,01:30:00,Yes,1.0,1.0,-36.60196109,146.6885009,ALPINE
T20180023040,Wet,Clear,Collision with vehicle,Saturday,Day,80,2018/12/08,10:55:00,No,5.0,3.0,-38.33512122,143.5532599,COLAC OTWAY
T20180023047,Dry,Clear,Fall from or in moving vehicle,Saturday,Day,100,2018/12/08,06:10:00,Yes,1.0,1.0,-37.80364753,143.7623257,GOLDEN PLAINS
T20180023052,Dry,Clear,Collision with vehicle,Saturday,Day,50,2018/12/08,15:10:00,No,2.0,1.0,-38.38827807,142.4833818,WARRNAMBOOL
T20180023053,Dry,Clear,Collision with a fixed object,Saturday,Day,110,2018/12/08,12:40:00,No,1.0,1.0,-37.18741012,145.0691576,MITCHELL
T20180023058,Dry,Clear,Struck animal,Saturday,Day,100,2018/12/08,16:30:00,Yes,1.0,1.0,-36.0026906,147.3566276,TOWONG
T20180023069,Dry,Not known,Vehicle overturned (no collision),Friday,Day,999,2018/11/30,12:30:00,No,1.0,1.0,-36.90726026,147.0557102,ALPINE
T20180023089,Wet,Raining,Vehicle overturned (no collision),Sunday,Day,50,2018/12/09,07:15:00,Yes,1.0,1.0,-37.27735428,144.7364102,MACEDON RANGES
T20180023090,Dry,Clear,Collision with vehicle,Saturday,Day,80,2018/12/08,16:25:00,Yes,3.0,3.0,-34.19777295,142.0841422,MILDURA
T20180023094,Dry,Clear,Vehicle overturned (no collision),Saturday,Day,100,2018/12/08,18:16:00,Yes,2.0,1.0,-38.52737612,146.6445808,WELLINGTON
T20180023098,Dry,Clear,Collision with vehicle,Sunday,Day,40,2018/12/09,11:30:00,No,2.0,1.0,-38.38703406,142.2301794,MOYNE
T20180023102,Dry,Clear,Vehicle overturned (no collision),Sunday,Day,100,2018/12/09,11:00:00,No,1.0,1.0,-37.98336345,146.0592997,BAW BAW
T20180023104,Dry,Clear,Collision with vehicle,Sunday,Day,50,2018/12/09,07:50:00,No,4.0,1.0,-38.15397658,144.3457774,GREATER GEELONG
T20180023105,Dry,Clear,Collision with vehicle,Sunday,Day,50,2018/12/09,11:05:00,No,2.0,1.0,-36.41000041,145.392811,GREATER SHEPPARTON
T20180023107,Dry,Clear,Collision with vehicle,Sunday,Day,50,2018/12/09,14:14:00,No,2.0,2.0,-36.24833916,142.3964831,YARRIAMBIACK
T20180023109,Dry,Clear,Vehicle overturned (no collision),Sunday,Day,80,2018/12/09,07:00:00,Yes,3.0,3.0,-38.60848061,143.5162606,COLAC OTWAY
T20180023110,Dry,Clear,Collision with vehicle,Sunday,Dark No street lights,100,2018/12/09,04:30:00,No,2.0,2.0,-38.2292694,141.6267624,GLENELG
T20180023114,Dry,Clear,Collision with vehicle,Sunday,Day,100,2018/12/09,14:10:00,No,5.0,1.0,-38.46687991,145.4776897,BASS COAST
T20180023133,Wet,Raining,Collision with vehicle,Sunday,Dark Street lights on,60,2018/12/09,20:50:00,No,4.0,1.0,-37.30031105,144.9513731,MITCHELL
T20180023134,Dry,Clear,Collision with a fixed object,Sunday,Day,100,2018/10/28,17:15:00,Yes,2.0,1.0,-36.62024993,144.5444696,GREATER BENDIGO
T20180023138,Dry,Clear,Struck Pedestrian,Monday,Day,40,2018/12/10,08:10:00,No,2.0,1.0,-38.13807558,144.3487997,GREATER GEELONG
T20180023144,Unknown,Not known,Collision with vehicle,Thursday,Dark Street lights on,50,2018/09/20,20:30:00,Yes,2.0,1.0,-38.18585061,144.4746046,GREATER GEELONG
T20180023145,Wet,Clear,Vehicle overturned (no collision),Monday,Dusk/Dawn,100,2018/12/10,05:00:00,Yes,1.0,1.0,-36.05371522,145.31551,MOIRA
T20180023158,Dry,Clear,Collision with vehicle,Monday,Day,100,2018/12/10,10:00:00,No,4.0,4.0,-38.13014514,144.261194,GREATER GEELONG
T20180023171,Dry,Clear,Collision with vehicle,Monday,Day,100,2018/12/10,13:30:00,No,2.0,1.0,-37.01632907,144.3116006,MOUNT ALEXANDER
T20180023174,Dry,Clear,Collision with vehicle,Monday,Day,50,2018/12/10,14:00:00,No,1.0,1.0,-38.15082779,144.3148005,GREATER GEELONG
T20180023198,Unknown,Not known,Collision with vehicle,Monday,Unknown,60,2018/12/10,16:30:00,No,2.0,1.0,-38.1334072,144.3511555,GREATER GEELONG
T20180023199,Dry,Clear,Collision with vehicle,Monday,Day,70,2018/12/10,18:40:00,Yes,1.0,1.0,-38.20194883,146.5237195,LATROBE
T20180023207,Dry,Clear,Collision with vehicle,Monday,Day,40,2018/12/10,16:30:00,Yes,2.0,1.0,-38.19422889,146.5334749,LATROBE
T20180023209,Wet,Clear,Collision with vehicle,Monday,Day,60,2018/12/10,06:15:00,No,2.0,1.0,-36.54858749,146.041468,BENALLA
T20180023223,Dry,Clear,Collision with vehicle,Tuesday,Day,110,2018/12/11,08:05:00,No,2.0,1.0,-38.18570632,146.2457799,LATROBE
T20180023228,Dry,Clear,Collision with a fixed object,Friday,Day,100,2018/10/26,11:05:00,No,1.0,1.0,-38.18857013,146.4873404,LATROBE
T20180023229,Dry,Clear,Struck animal,Monday,Dark No street lights,100,2018/12/10,23:20:00,Yes,1.0,1.0,-37.14202009,144.0770023,MOUNT ALEXANDER
T20180023246,Dry,Clear,Collision with vehicle,Tuesday,Day,60,2018/12/11,10:20:00,No,4.0,4.0,-36.41374969,145.392457,GREATER SHEPPARTON
T20180023257,Dry,Clear,Struck Pedestrian,Tuesday,Day,999,2018/12/11,11:00:00,No,2.0,1.0,-38.19076939,144.3510822,GREATER GEELONG
T20180023258,Dry,Clear,Collision with a fixed object,Tuesday,Day,100,2018/12/11,14:30:00,No,1.0,1.0,-38.19994651,146.0910209,BAW BAW
T20180023260,Unknown,Not known,Collision with vehicle,Tuesday,Unknown,999,2018/12/11,16:20:00,No,4.0,1.0,-38.2406661,144.3597508,GREATER GEELONG
T20180023261,Dry,Clear,No collision and no object struck,Tuesday,Day,100,2018/12/11,09:20:00,No,1.0,1.0,-37.9186703,145.9338804,BAW BAW
T20180023270,Dry,Clear,Vehicle overturned (no collision),Tuesday,Day,100,2018/12/11,14:20:00,No,1.0,1.0,-37.11524046,143.7545214,CENTRAL GOLDFIELDS