Accident_No,Surface_Cond_Desc,Atmosph_Cond_Desc,Accident_Type_Desc,Day,Light_Condition_Desc,Speed_Zone,Accident_Date,Accident_Time,Alcohol_Influence,Total_Persons_Inv,Inj_Or_Fatal,Lat,Long,LGA
T20180023276,Dry,Clear,Struck animal,Tuesday,Day,110,2018/12/11,18:07:00,Yes,1.0,1.0,-36.71902871,145.6275089,STRATHBOGIE
T20180023280,Dry,Clear,Fall from or in moving vehicle,Tuesday,Day,60,2018/12/11,15:00:00,No,4.0,1.0,-36.36480213,145.4023181,GREATER SHEPPARTON
T20180023285,Dry,Clear,Collision with a fixed object,Tuesday,Day,60,2018/12/11,20:06:00,Yes,1.0,1.0,-38.37372833,142.49237,WARRNAMBOOL
T20180023286,Dry,Clear,Collision with vehicle,Tuesday,Day,60,2018/12/11,17:45:00,No,4.0,2.0,-37.55895374,143.8682733,BALLARAT
T20180023295,Dry,Clear,Collision with a fixed object,Tuesday,Dark No street lights,999,2018/12/11,22:00:00,Yes,1.0,1.0,-37.22946425,144.7812902,MACEDON RANGES
T20180023301,Dry,Clear,Collision with vehicle,Tuesday,Day,60,2018/12/11,15:25:00,No,2.0,1.0,-38.33621667,143.6034967,COLAC OTWAY
T20180023302,Dry,Clear,Collision with vehicle,Wednesday,Day,60,2018/12/05,08:15:00,No,5.0,2.0,-36.76016406,144.2435561,GREATER BENDIGO
T20180023305,Dry,Clear,Collision with vehicle,Monday,Day,110,2018/12/03,07:24:00,Yes,2.0,1.0,-36.10942217,146.9003414,WODONGA
T20180023306,Dry,Not known,Struck animal,Wednesday,Dark No street lights,80,2018/12/12,05:45:00,Yes,1.0,1.0,-38.18693755,146.4719685,LATROBE
T20180023325,Dry,Clear,Collision with vehicle,Wednesday,Day,80,2018/12/12,08:45:00,No,2.0,1.0,-38.30965483,144.3192958,SURF COAST
T20180023339,Dry,Clear,Collision with a fixed object,Wednesday,Day,80,2018/12/12,11:15:00,No,2.0,1.0,-37.47050185,144.9727749,MITCHELL
T20180023344,Dry,Clear,Struck animal,Wednesday,Day,80,2018/12/12,12:00:00,No,1.0,1.0,-37.05687849,144.9575934,MITCHELL
T20180023350,Dry,Clear,Vehicle overturned (no collision),Wednesday,Day,100,2018/12/12,14:11:00,No,1.0,1.0,-38.03369293,144.0924994,GOLDEN PLAINS
T20180023357,Dry,Clear,Collision with vehicle,Wednesday,Day,60,2018/12/12,15:40:00,No,2.0,1.0,-35.91928441,145.6395277,MOIRA
T20180023373,Dry,Clear,Collision with vehicle,Wednesday,Day,999,2018/12/12,18:18:00,Yes,3.0,1.0,-36.37336511,146.2814309,WANGARATTA
T20180023374,Dry,Clear,Collision with a fixed object,Wednesday,Day,999,2018/12/12,19:18:00,Yes,2.0,1.0,-36.29702984,145.4158047,GREATER SHEPPARTON
T20180023376,Dry,Clear,Collision with vehicle,Wednesday,Dusk/Dawn,80,2018/12/12,20:25:00,Yes,3.0,1.0,-35.93454738,145.6598833,MOIRA
T20180023378,Dry,Clear,Collision with vehicle,Wednesday,Day,60,2018/12/12,17:00:00,No,2.0,1.0,-38.1801418,144.3896494,GREATER GEELONG
T20180023399,Wet,Raining,Collision with a fixed object,Thursday,Day,80,2018/12/13,09:20:00,No,1.0,1.0,-38.53488841,146.0984913,SOUTH GIPPSLAND
T20180023417,Wet,Raining,Collision with a fixed object,Thursday,Day,50,2018/12/13,12:50:00,No,2.0,1.0,-36.39331836,145.4039215,GREATER SHEPPARTON
T20180023426,Dry,Clear,Collision with vehicle,Thursday,Day,60,2018/12/13,14:03:00,No,3.0,3.0,-38.10746043,144.3440484,GREATER GEELONG
T20180023436,Wet,Raining,Collision with vehicle,Thursday,Day,80,2018/12/13,16:00:00,No,3.0,2.0,-37.12555382,144.8793598,MITCHELL
T20180023438,Wet,Raining,Collision with a fixed object,Thursday,Day,999,2018/12/13,16:40:00,No,3.0,2.0,-36.41574842,145.4008314,GREATER SHEPPARTON
T20180023439,Dry,Clear,Vehicle overturned (no collision),Thursday,Day,110,2018/12/13,17:30:00,No,2.0,2.0,-37.66375977,144.4263799,MOORABOOL
T20180023441,Wet,Clear,Collision with vehicle,Thursday,Day,50,2018/12/13,15:10:00,No,3.0,1.0,-34.18413872,142.1438842,MILDURA
T20180023442,Wet,Raining,Collision with a fixed object,Thursday,Day,100,2018/12/13,18:05:00,Yes,3.0,1.0,-37.93275942,147.5368497,EAST GIPPSLAND
T20180023445,Dry,Clear,Collision with a fixed object,Thursday,Dusk/Dawn,100,2018/12/13,19:25:00,Yes,1.0,1.0,-38.25912433,144.4222426,GREATER GEELONG
T20180023449,Wet,Raining,Collision with a fixed object,Thursday,Dark Street lights on,60,2018/12/13,21:09:00,Yes,1.0,1.0,-36.38833207,145.4318216,GREATER SHEPPARTON
T20180023450,Wet,Raining,No collision and no object struck,Thursday,Day,50,2018/12/13,18:00:00,Yes,1.0,1.0,-36.71082851,142.1970912,HORSHAM
T20180023456,Dry,Clear,Struck Pedestrian,Sunday,Day,50,2018/12/09,17:45:00,No,2.0,1.0,-38.18941832,144.4708112,GREATER GEELONG
T20180023466,Dry,Not known,No collision and no object struck,Saturday,Dark Street lights unknown,60,2018/12/01,04:00:00,Yes,2.0,1.0,-37.57117887,143.821898,BALLARAT
T20180023469,Dry,Clear,Collision with a fixed object,Friday,Day,100,2018/12/07,16:00:00,No,1.0,1.0,-37.16103993,145.0150698,MITCHELL
T20180023477,Wet,Raining,Vehicle overturned (no collision),Friday,Day,80,2018/12/14,08:55:00,No,2.0,1.0,-38.99490693,146.2953449,SOUTH GIPPSLAND
T20180023494,Dry,Clear,Struck Pedestrian,Friday,Day,50,2018/12/14,13:22:00,No,3.0,1.0,-38.37659897,142.4863788,WARRNAMBOOL
T20180023497,Dry,Clear,Collision with vehicle,Friday,Day,100,2018/12/14,09:00:00,No,2.0,1.0,-38.34377309,142.6932006,MOYNE
T20180023498,Dry,Clear,Collision with vehicle,Friday,Day,60,2018/12/14,13:10:00,No,3.0,1.0,-38.47519071,145.9452022,SOUTH GIPPSLAND
T20180023499,Wet,Raining,Collision with a fixed object,Friday,Day,80,2018/12/14,13:31:00,No,1.0,1.0,-38.41684064,146.7471415,WELLINGTON
T20180023504,Dry,Clear,Collision with vehicle,Friday,Day,40,2018/12/14,15:30:00,No,5.0,3.0,-36.33230662,145.3120005,GREATER SHEPPARTON
T20180023526,Wet,Raining,Collision with a fixed object,Friday,Day,100,2018/12/14,19:00:00,Yes,1.0,1.0,-37.55035763,144.0199395,MOORABOOL
T20180023527,Wet,Raining,Collision with a fixed object,Friday,Day,80,2018/12/14,16:30:00,Yes,1.0,1.0,-38.55658994,143.6935798,COLAC OTWAY
T20180023537,Dry,Clear,Struck Pedestrian,Friday,Day,50,2018/12/14,16:40:00,Yes,2.0,1.0,-37.82546382,147.6328714,EAST GIPPSLAND
T20180023539,Dry,Clear,Collision with vehicle,Friday,Day,100,2018/12/14,18:59:00,Yes,2.0,1.0,-38.31534008,145.5405207,BASS COAST
T20180023545,Dry,Clear,Vehicle overturned (no collision),Friday,Dark Street lights on,60,2018/12/14,23:10:00,Yes,3.0,1.0,-34.16780055,142.1586645,MILDURA
T20180023547,Dry,Clear,Collision with a fixed object,Saturday,Dark No street lights,80,2018/12/15,00:30:00,Yes,1.0,1.0,-37.21515018,144.4691315,MACEDON RANGES
T20180023549,Dry,Clear,Collision with vehicle,Friday,Day,50,2018/12/14,15:20:00,No,2.0,1.0,-38.1988514,144.3466797,GREATER GEELONG
T20180023559,Dry,Clear,Struck Pedestrian,Saturday,Day,50,2018/12/15,09:50:00,No,2.0,1.0,-37.2770139,144.7348087,MACEDON RANGES
T20180023562,Dry,Clear,Collision with vehicle,Saturday,Day,40,2018/12/15,10:12:00,No,2.0,2.0,-36.72613193,144.3090042,GREATER BENDIGO
T20180023564,Wet,Raining,Vehicle overturned (no collision),Friday,Dusk/Dawn,100,2018/12/14,17:00:00,Yes,1.0,1.0,-37.11902006,148.6579,EAST GIPPSLAND
T20180023568,Dry,Fog,Collision with vehicle,Saturday,Day,60,2018/12/15,11:42:00,No,3.0,2.0,-38.34348013,141.6038644,GLENELG
T20180023585,Wet,Clear,Struck Pedestrian,Saturday,Dark Street lights on,40,2018/12/15,00:54:00,Yes,2.0,1.0,-38.14861116,144.3573052,GREATER GEELONG
T20180023586,Dry,Clear,Struck Pedestrian,Friday,Dark Street lights on,50,2018/12/14,21:55:00,Yes,2.0,2.0,-38.19168003,144.39044,GREATER GEELONG
T20180023596,Dry,Clear,Struck Pedestrian,Saturday,Day,80,2018/12/15,16:38:00,Yes,2.0,1.0,-38.10082035,144.3546529,GREATER GEELONG
T20180023608,Dry,Clear,Vehicle overturned (no collision),Saturday,Dusk/Dawn,100,2018/12/15,20:18:00,Yes,1.0,1.0,-37.15601006,144.2299911,MOUNT ALEXANDER
T20180023610,Wet,Raining,Collision with a fixed object,Saturday,Day,80,2018/12/15,17:45:00,Yes,4.0,2.0,-38.32999584,146.1956884,SOUTH GIPPSLAND
T20180023642,Dry,Clear,Collision with vehicle,Sunday,Day,60,2018/12/16,07:30:00,No,2.0,1.0,-37.19384018,145.7090273,MURRINDINDI
T20180023643,Dry,Clear,Vehicle overturned (no collision),Saturday,Day,100,2018/12/15,19:25:00,Yes,1.0,1.0,-36.46887003,144.9819136,CAMPASPE
T20180023645,Dry,Clear,Collision with a fixed object,Sunday,Day,50,2018/12/16,13:00:00,No,2.0,2.0,-38.17574554,144.3453247,GREATER GEELONG
T20180023649,Dry,Clear,Collision with vehicle,Sunday,Day,60,2018/12/16,12:32:00,No,4.0,2.0,-36.76936838,144.2890694,GREATER BENDIGO
T20180023656,Wet,Raining,Collision with vehicle,Saturday,Dark Street lights on,50,2018/12/15,22:35:00,Yes,3.0,2.0,-37.41965515,144.9788829,MITCHELL
T20180023665,Muddy,Clear,Collision with a fixed object,Sunday,Day,100,2018/12/16,16:00:00,Yes,2.0,2.0,-37.80933828,147.3526715,EAST GIPPSLAND
T20180023666,Wet,Raining,Collision with vehicle,Saturday,Day,100,2018/12/15,13:10:00,No,4.0,2.0,-36.35628834,144.1316302,LODDON
T20180023670,Wet,Clear,Collision with vehicle,Sunday,Day,70,2018/12/16,17:25:00,Yes,11.0,10.0,-38.187022,144.4554868,GREATER GEELONG
T20180023688,Dry,Not known,Collision with vehicle,Friday,Day,50,2018/12/14,11:00:00,No,2.0,1.0,-38.02222556,144.4181243,GREATER GEELONG
T20180023700,Wet,Clear,Collision with a fixed object,Monday,Day,100,2018/12/17,08:45:00,Yes,1.0,1.0,-38.36869624,143.9258075,SURF COAST
T20180023702,Dry,Clear,Collision with a fixed object,Monday,Day,100,2018/12/17,08:55:00,No,1.0,1.0,-37.34551421,144.6665102,MACEDON RANGES
T20180023704,Dry,Clear,Fall from or in moving vehicle,Saturday,Day,100,2018/12/15,19:30:00,Yes,2.0,1.0,-36.1862279,146.1886897,MOIRA
T20180023705,Dry,Clear,Struck animal,Monday,Day,100,2018/12/17,07:49:00,No,3.0,2.0,-36.10901627,147.021443,WODONGA
T20180023707,Dry,Clear,Vehicle overturned (no collision),Monday,Dark No street lights,50,2018/12/17,02:00:00,Yes,1.0,1.0,-36.76584685,146.4145284,WANGARATTA
T20180023728,Dry,Clear,Collision with a fixed object,Monday,Day,100,2018/12/17,16:30:00,No,1.0,1.0,-37.27161755,144.446826,MACEDON RANGES
T20180023733,Dry,Clear,Struck Pedestrian,Monday,Day,70,2018/12/17,19:10:00,Yes,3.0,2.0,-38.10515883,147.0681888,WELLINGTON
T20180023735,Dry,Clear,Collision with a fixed object,Monday,Day,50,2018/12/17,18:55:00,Yes,2.0,1.0,-36.72892612,142.20969,HORSHAM
T20180023737,Wet,Not known,No collision and no object struck,Sunday,Day,40,2018/12/16,09:00:00,No,1.0,1.0,-37.19535565,145.1637331,MITCHELL
T20180023741,Dry,Clear,Collision with vehicle,Monday,Dark Street lights on,60,2018/12/17,21:45:00,Yes,4.0,4.0,-36.73788035,144.2639834,GREATER BENDIGO
T20180023744,Dry,Clear,collision with some other object,Sunday,Dark No street lights,100,2018/12/16,23:30:00,No,1.0,1.0,-37.34124001,145.1015088,MITCHELL
T20180023748,Dry,Clear,Collision with a fixed object,Monday,Day,100,2018/12/17,16:10:00,No,1.0,1.0,-37.07028032,143.4102199,PYRENEES
T20180023749,Wet,Clear,Vehicle overturned (no collision),Sunday,Day,999,2018/11/25,15:00:00,No,1.0,1.0,-37.99794007,146.0408399,BAW BAW
T20180023752,Dry,Clear,Collision with vehicle,Monday,Dark Street lights on,60,2018/12/17,01:30:00,Yes,4.0,4.0,-36.7762861,144.2893819,GREATER BENDIGO
T20180023758,Dry,Clear,Vehicle overturned (no collision),Tuesday,Day,100,2018/12/18,10:00:00,No,1.0,1.0,-37.30095856,144.4163747,MACEDON RANGES
T20180023764,Dry,Clear,Vehicle overturned (no collision),Tuesday,Day,60,2018/12/18,08:30:00,No,1.0,1.0,-37.86169016,144.12905,GOLDEN PLAINS
T20180023769,Dry,Clear,Collision with a fixed object,Tuesday,Day,80,2018/12/18,12:15:00,No,2.0,2.0,-38.25111822,146.5695995,LATROBE
T20180023774,Dry,Clear,Collision with vehicle,Tuesday,Day,60,2018/12/18,15:10:00,No,2.0,2.0,-34.58306898,142.7771498,SWAN HILL
T20180023787,Dry,Clear,Collision with vehicle,Tuesday,Day,100,2018/12/18,16:40:00,No,2.0,1.0,-37.02274331,145.9063754,MANSFIELD
T20180023790,Dry,Clear,Collision with vehicle,Tuesday,Dusk/Dawn,60,2018/12/18,19:16:00,Yes,3.0,2.0,-37.56080772,143.8489881,BALLARAT
T20180023801,Dry,Clear,collision with some other object,Tuesday,Dark Street lights on,60,2018/12/18,20:40:00,Yes,1.0,1.0,-38.22176587,146.4261693,LATROBE
T20180023826,Dry,Clear,Struck Pedestrian,Friday,Day,40,2018/11/02,11:00:00,No,2.0,1.0,-38.16104014,145.9318905,BAW BAW
T20180023850,Dry,Clear,Collision with vehicle,Wednesday,Day,60,2018/12/19,17:10:00,No,2.0,2.0,-38.23948638,144.5392112,GREATER GEELONG
T20180023865,Dry,Clear,Vehicle overturned (no collision),Sunday,Day,100,2018/10/21,14:00:00,No,1.0,1.0,-36.17641,147.65666,TOWONG
T20180023883,Unknown,Not known,Struck Pedestrian,Wednesday,Day,999,2018/12/05,16:45:00,No,2.0,1.0,-38.17525733,144.5697735,GREATER GEELONG
T20180023893,Dry,Not known,Vehicle overturned (no collision),Saturday,Dark No street lights,100,2018/10/06,04:00:00,Yes,1.0,1.0,-36.95916151,147.6521798,EAST GIPPSLAND
T20180023896,Dry,Clear,Vehicle overturned (no collision),Thursday,Day,100,2018/12/20,09:00:00,No,1.0,1.0,-37.32499285,145.3243073,MURRINDINDI
T20180023902,Dry,Clear,Struck Pedestrian,Thursday,Day,60,2018/12/20,10:00:00,No,2.0,1.0,-37.73080243,148.0940318,EAST GIPPSLAND
T20180023919,Dry,Clear,No collision and no object struck,Thursday,Day,50,2018/12/20,15:30:00,No,3.0,1.0,-36.35560554,146.3263452,WANGARATTA
T20180023932,Dry,Clear,Collision with vehicle,Thursday,Day,60,2018/12/20,14:45:00,No,5.0,1.0,-35.33471287,143.5598173,SWAN HILL
T20180023935,Dry,Clear,Collision with a fixed object,Wednesday,Day,110,2018/12/19,16:59:00,No,1.0,1.0,-37.22199897,144.4188913,MACEDON RANGES
T20180023947,Dry,Clear,Collision with vehicle,Wednesday,Day,50,2018/12/19,16:07:00,No,2.0,1.0,-37.24773546,144.4509391,MACEDON RANGES
T20180023948,Wet,Raining,Collision with vehicle,Thursday,Dark Street lights unknown,40,2018/12/20,21:20:00,Yes,2.0,1.0,-38.0967582,144.3609699,GREATER GEELONG
T20180023953,Dry,Clear,Collision with a fixed object,Thursday,Dark No street lights,100,2018/12/20,22:40:00,Yes,1.0,1.0,-36.32159781,145.9398968,BENALLA
T20180023963,Dry,Clear,Collision with a fixed object,Friday,Day,100,2018/12/21,07:30:00,No,1.0,1.0,-38.30282955,146.7072518,WELLINGTON
T20180023967,Dry,Clear,Struck animal,Tuesday,Dark No street lights,100,2018/11/20,21:00:00,Yes,1.0,1.0,-36.38564962,146.6715883,INDIGO
T20180023975,Wet,Raining,Fall from or in moving vehicle,Sunday,Day,100,2018/06/03,10:00:00,No,1.0,1.0,-36.70890894,146.9727875,ALPINE
T20180023977,Dry,Clear,Collision with vehicle,Friday,Day,100,2018/12/21,12:30:00,No,3.0,2.0,-36.50257148,142.3456914,HORSHAM
T20180023991,Wet,Raining,Collision with vehicle,Friday,Day,50,2018/12/21,16:45:00,Yes,3.0,1.0,-38.17481898,144.3429785,GREATER GEELONG
T20180024006,Wet,Clear,Collision with vehicle,Friday,Dusk/Dawn,60,2018/12/21,18:50:00,Yes,2.0,2.0,-38.31326827,144.3295571,SURF COAST
T20180024016,Dry,Clear,No collision and no object struck,Friday,Dark Street lights on,60,2018/12/21,22:14:00,Yes,1.0,1.0,-38.20211026,146.5261701,LATROBE
T20180024026,Dry,Clear,Collision with vehicle,Thursday,Day,100,2018/12/20,05:40:00,Yes,2.0,1.0,-37.34714799,144.961222,MITCHELL
T20180024036,Wet,Raining,Collision with a fixed object,Saturday,Dark Street lights on,60,2018/12/22,03:11:00,Yes,1.0,1.0,-37.52153096,142.0409026,SOUTHERN GRAMPIANS
T20180024040,Dry,Clear,Struck Pedestrian,Saturday,Dark Street lights on,60,2018/12/22,03:15:00,Yes,2.0,1.0,-38.15956336,144.3579225,GREATER GEELONG
T20180024042,Dry,Clear,Collision with a fixed object,Friday,Day,60,2018/12/21,17:15:00,Yes,2.0,1.0,-37.95281871,143.3374196,CORANGAMITE
T20180024057,Dry,Clear,Collision with vehicle,Saturday,Day,100,2018/12/22,12:00:00,No,4.0,2.0,-36.40450929,141.9625509,HINDMARSH
T20180024060,Dry,Clear,Collision with a fixed object,Friday,Day,60,2018/12/21,16:00:00,Yes,2.0,1.0,-38.62788975,145.730648,BASS COAST
T20180024061,Wet,Raining,Vehicle overturned (no collision),Saturday,Dark Street lights on,60,2018/12/22,00:10:00,Yes,5.0,1.0,-37.9559995,146.9777964,WELLINGTON
T20180024070,Dry,Clear,Fall from or in moving vehicle,Saturday,Day,100,2018/12/22,18:00:00,Yes,2.0,1.0,-38.33728723,144.268719,SURF COAST
T20180024087,Dry,Clear,Vehicle overturned (no collision),Saturday,Dark No street lights,100,2018/12/22,21:00:00,Yes,2.0,2.0,-36.83013262,144.2481345,GREATER BENDIGO
T20180024103,Dry,Clear,Collision with vehicle,Friday,Day,80,2018/12/21,16:40:00,Yes,5.0,3.0,-38.07918427,142.7952913,MOYNE
T20180024106,Unknown,Not known,Collision with vehicle,Friday,Day,50,2018/12/21,12:05:00,No,2.0,1.0,-37.58226056,143.8408747,BALLARAT
T20180024122,Dry,Clear,Collision with a fixed object,Sunday,Day,80,2018/12/23,11:51:00,No,1.0,1.0,-38.22786614,144.5455432,GREATER GEELONG
T20180024133,Wet,Raining,Fall from or in moving vehicle,Thursday,Day,40,2018/12/20,10:01:00,No,1.0,1.0,-38.16803437,143.0055117,CORANGAMITE
T20180024134,Dry,Clear,Collision with vehicle,Sunday,Day,60,2018/12/23,11:59:00,No,4.0,1.0,-37.81994432,147.8292591,EAST GIPPSLAND
T20180024144,Dry,Clear,Vehicle overturned (no collision),Sunday,Day,100,2018/12/23,19:10:00,Yes,2.0,2.0,-36.70717,142.2672613,HORSHAM
T20180024148,Dry,Clear,Collision with a fixed object,Sunday,Dusk/Dawn,100,2018/12/23,21:00:00,Yes,1.0,1.0,-38.01323984,144.4692898,GREATER GEELONG
T20180024162,Dry,Clear,Struck Pedestrian,Sunday,Dark Street lights on,60,2018/12/23,23:50:00,Yes,3.0,3.0,-37.35476996,145.0260601,MITCHELL
T20180024171,Dry,Clear,Collision with vehicle,Monday,Day,50,2018/12/24,07:00:00,No,2.0,1.0,-38.18582284,144.3212497,GREATER GEELONG
T20180024174,Dry,Clear,No collision and no object struck,Saturday,Day,80,2018/12/22,09:30:00,No,1.0,1.0,-38.0522998,146.6256406,LATROBE
T20180024185,Dry,Clear,Collision with vehicle,Monday,Day,60,2018/12/24,10:43:00,No,4.0,3.0,-36.39420028,145.3608994,GREATER SHEPPARTON
T20180024190,Dry,Clear,Collision with a fixed object,Sunday,Dark No street lights,100,2018/12/23,21:00:00,No,1.0,1.0,-38.19595939,146.2935642,LATROBE
T20180024211,Dry,Clear,Collision with vehicle,Monday,Day,60,2018/12/24,13:30:00,No,2.0,1.0,-37.55944996,143.85589,BALLARAT
T20180024212,Dry,Clear,Collision with a fixed object,Monday,Day,40,2018/12/24,16:31:00,No,1.0,1.0,-37.48470222,143.8014009,BALLARAT
T20180024213,Dry,Clear,Collision with vehicle,Monday,Day,60,2018/12/24,16:35:00,Yes,4.0,1.0,-38.13109245,144.3416617,GREATER GEELONG
T20180024214,Dry,Clear,Collision with a fixed object,Monday,Day,100,2018/12/24,16:45:00,Yes,1.0,1.0,-37.79820961,142.8035568,ARARAT
T20180024218,Dry,Clear,Collision with vehicle,Monday,Day,50,2018/12/24,11:30:00,No,2.0,1.0,-35.89579157,141.99491,HINDMARSH
T20180024237,Dry,Clear,Collision with vehicle,Monday,Day,60,2018/12/24,18:10:00,Yes,2.0,1.0,-38.30171086,146.5436699,LATROBE
T20180024241,Dry,Clear,Collision with vehicle,Monday,Day,60,2018/12/24,20:45:00,Yes,3.0,1.0,-38.36557531,142.4642945,WARRNAMBOOL
T20180024245,Dry,Clear,No collision and no object struck,Monday,Day,100,2018/12/24,19:00:00,Yes,3.0,3.0,-37.263767,143.3890567,PYRENEES
T20180024251,Dry,Clear,Collision with vehicle,Monday,Dark No street lights,60,2018/12/24,02:45:00,Yes,2.0,2.0,-38.30284845,144.340894,SURF COAST
T20180024253,Dry,Clear,Collision with a fixed object,Monday,Dark Street lights off,60,2018/12/24,22:35:00,Yes,1.0,1.0,-37.52678927,143.8192896,BALLARAT
T20180024260,Dry,Clear,Collision with vehicle,Tuesday,Day,80,2018/12/25,11:30:00,No,3.0,1.0,-36.39880154,144.9823575,CAMPASPE
T20180024274,Dry,Clear,Collision with a fixed object,Tuesday,Day,100,2018/12/25,18:00:00,Yes,1.0,1.0,-36.80993113,145.1460634,STRATHBOGIE
T20180024279,Dry,Clear,Collision with vehicle,Tuesday,Day,60,2018/12/25,20:01:00,Yes,4.0,1.0,-36.77022305,144.2631997,GREATER BENDIGO
T20180024280,Dry,Clear,Collision with a fixed object,Tuesday,Dark Street lights off,80,2018/12/25,04:45:00,Yes,1.0,1.0,-38.2217529,144.6095095,GREATER GEELONG
T20180024282,Dry,Clear,Collision with a fixed object,Tuesday,Dusk/Dawn,100,2018/12/25,20:30:00,Yes,2.0,2.0,-35.82870877,145.4611966,MOIRA
T20180024292,Dry,Clear,Struck animal,Tuesday,Dark No street lights,100,2018/12/25,20:30:00,Yes,2.0,1.0,-36.37701999,147.20805,TOWONG
T20180024295,Dry,Clear,Collision with a fixed object,Tuesday,Day,999,2018/12/25,13:20:00,No,2.0,2.0,-37.99942738,146.4711006,BAW BAW
T20180024299,Dry,Clear,Collision with a fixed object,Wednesday,Dusk/Dawn,60,2018/12/26,06:40:00,No,2.0,2.0,-37.24356946,141.1151068,WEST WIMMERA
T20180024310,Dry,Clear,Collision with vehicle,Wednesday,Day,40,2018/12/26,14:13:00,No,2.0,1.0,-37.53443125,143.8238732,BALLARAT
T20180024314,Dry,Clear,Collision with a fixed object,Wednesday,Day,100,2018/12/26,14:00:00,No,1.0,1.0,-38.47340242,142.7846124,MOYNE
T20180024334,Dry,Clear,Collision with vehicle,Thursday,Day,80,2018/12/27,07:00:00,No,2.0,1.0,-38.49809453,145.273229,BASS COAST
T20180024342,Dry,Clear,Collision with a fixed object,Thursday,Day,100,2018/12/27,09:45:00,No,5.0,2.0,-37.07663523,146.2657302,MANSFIELD
T20180024343,Dry,Clear,Fall from or in moving vehicle,Thursday,Day,60,2018/12/27,07:42:00,No,2.0,2.0,-36.3791267,145.3381881,GREATER SHEPPARTON
T20180024350,Dry,Clear,Collision with vehicle,Thursday,Day,100,2018/12/27,10:50:00,No,4.0,4.0,-34.26062677,142.1803105,MILDURA
T20180024362,Dry,Clear,Collision with vehicle,Friday,Day,60,2018/10/05,09:40:00,No,4.0,1.0,-38.06883437,144.3773591,GREATER GEELONG
T20180024364,Dry,Clear,Collision with vehicle,Thursday,Day,40,2018/12/27,11:20:00,No,3.0,1.0,-38.10559067,144.3209495,GREATER GEELONG
T20180024374,Dry,Clear,Collision with a fixed object,Thursday,Day,110,2018/12/27,14:42:00,No,1.0,1.0,-35.71283018,143.0913999,BULOKE
T20180024375,Dry,Clear,Collision with vehicle,Thursday,Day,100,2018/12/27,14:15:00,No,6.0,4.0,-37.04415006,145.6721602,MURRINDINDI
T20180024378,Dry,Clear,Collision with a fixed object,Thursday,Day,100,2018/12/27,16:40:00,No,1.0,1.0,-37.42932181,143.675261,BALLARAT
T20180024400,Dry,Clear,Collision with vehicle,Friday,Day,60,2018/12/28,07:40:00,No,2.0,2.0,-37.8778206,147.9940976,EAST GIPPSLAND
T20180024410,Dry,Clear,Collision with vehicle,Friday,Day,100,2018/12/28,09:45:00,No,4.0,4.0,-38.34522969,143.3676296,COLAC OTWAY
T20180024420,Dry,Not known,Collision with vehicle,Friday,Dusk/Dawn,60,2018/12/21,18:20:00,Yes,2.0,1.0,-37.58837632,143.8197298,BALLARAT
T20180024461,Dry,Clear,Collision with a fixed object,Saturday,Day,100,2018/12/29,08:45:00,No,1.0,1.0,-37.21163025,143.7342307,CENTRAL GOLDFIELDS
T20180024462,Dry,Clear,Vehicle overturned (no collision),Friday,Dark No street lights,100,2018/12/28,23:11:00,Yes,1.0,1.0,-36.37761674,143.9777395,LODDON
T20180024464,Wet,Raining,Collision with a fixed object,Saturday,Dusk/Dawn,100,2018/12/29,07:39:00,No,1.0,1.0,-38.24123908,143.5778178,COLAC OTWAY
T20180024468,Unknown,Not known,Collision with vehicle,Sunday,Day,50,2018/12/23,09:30:00,Yes,2.0,1.0,-38.19678815,144.3525571,GREATER GEELONG
T20180024469,Dry,Clear,Vehicle overturned (no collision),Wednesday,Day,80,2018/12/26,15:30:00,No,1.0,1.0,-37.72757003,144.3935901,MOORABOOL
T20180024472,Dry,Clear,Vehicle overturned (no collision),Saturday,Day,100,2018/12/29,14:43:00,Yes,1.0,1.0,-38.19004039,146.3299126,LATROBE
T20180024475,Dry,Clear,Collision with a fixed object,Saturday,Day,100,2018/12/29,15:40:00,Yes,3.0,2.0,-38.02702384,143.5028267,CORANGAMITE
T20180024477,Dry,Clear,Collision with vehicle,Saturday,Day,100,2018/12/29,16:55:00,Yes,4.0,2.0,-36.37113979,146.3811983,WANGARATTA
T20180024482,Dry,Clear,Vehicle overturned (no collision),Thursday,Dark No street lights,100,2018/12/27,20:00:00,Yes,1.0,1.0,-36.32536544,142.8307109,BULOKE
T20180024484,Dry,Clear,Collision with vehicle,Saturday,Day,100,2018/12/29,16:15:00,Yes,4.0,2.0,-37.2971326,144.8053491,MACEDON RANGES
T20180024488,Dry,Clear,Collision with a fixed object,Saturday,Day,100,2018/12/29,17:45:00,Yes,1.0,1.0,-37.68101168,143.6191107,GOLDEN PLAINS
T20180024489,Dry,Clear,Struck Pedestrian,Saturday,Dark Street lights on,50,2018/12/29,21:12:00,Yes,3.0,2.0,-38.15177865,144.3671552,GREATER GEELONG
T20180024497,Dry,Clear,Collision with vehicle,Saturday,Day,80,2018/12/29,13:50:00,No,8.0,8.0,-38.31482126,144.3182008,SURF COAST
T20180024498,Dry,Clear,Collision with vehicle,Saturday,Day,80,2018/12/29,09:31:00,No,2.0,1.0,-38.26671642,144.4562609,GREATER GEELONG
T20180024501,Wet,Raining,Collision with a fixed object,Saturday,Dark No street lights,100,2018/12/29,23:00:00,Yes,1.0,1.0,-37.68122541,143.5804217,GOLDEN PLAINS