Accident_No,Surface_Cond_Desc,Atmosph_Cond_Desc,Accident_Type_Desc,Day,Light_Condition_Desc,Speed_Zone,Accident_Date,Accident_Time,Alcohol_Influence,Total_Persons_Inv,Inj_Or_Fatal,Lat,Long,LGA
T20180024503,Wet,Clear,Collision with vehicle,Saturday,Dusk/Dawn,100,2018/12/29,16:30:00,Yes,6.0,3.0,-37.5971703,145.7013006,MURRINDINDI
T20180024508,Dry,Clear,Collision with vehicle,Sunday,Day,40,2018/12/30,11:00:00,No,2.0,1.0,-38.33758296,144.3196894,SURF COAST
T20180024516,Wet,Raining,Collision with a fixed object,Sunday,Dark No street lights,80,2018/12/30,02:05:00,Yes,3.0,1.0,-37.77614015,144.0280697,MOORABOOL
T20180024517,Wet,Raining,Collision with a fixed object,Sunday,Day,100,2018/12/30,13:47:00,No,3.0,2.0,-37.49791547,144.4848047,MACEDON RANGES
T20180024519,Dry,Clear,Collision with a fixed object,Saturday,Dark No street lights,80,2018/12/29,22:50:00,Yes,1.0,1.0,-36.38635546,145.3823972,GREATER SHEPPARTON
T20180024525,Dry,Clear,Collision with a fixed object,Sunday,Day,100,2018/12/30,10:25:00,No,1.0,1.0,-36.78817746,142.3018518,HORSHAM
T20180024530,Wet,Clear,No collision and no object struck,Sunday,Day,80,2018/12/30,13:40:00,No,1.0,1.0,-37.83784118,146.208799,BAW BAW
T20180024538,Dry,Clear,Collision with a fixed object,Sunday,Dark No street lights,100,2018/12/30,21:30:00,No,4.0,4.0,-37.90135267,147.6444895,EAST GIPPSLAND
T20180024547,Wet,Clear,Collision with vehicle,Sunday,Day,100,2018/12/30,10:10:00,No,4.0,4.0,-38.20963985,145.7527429,BAW BAW
T20180024548,Dry,Clear,collision with some other object,Sunday,Day,100,2018/12/30,12:00:00,No,1.0,1.0,-37.31067001,146.1434817,MANSFIELD
T20180024551,Dry,Clear,collision with some other object,Monday,Day,50,2018/12/31,10:00:00,No,1.0,1.0,-38.53231831,143.9788577,SURF COAST
T20180024557,Wet,Clear,No collision and no object struck,Monday,Day,80,2018/12/31,08:50:00,Yes,1.0,1.0,-36.71609231,147.1006527,ALPINE
T20180024558,Dry,Clear,Collision with vehicle,Sunday,Day,80,2018/12/30,18:00:00,Yes,2.0,1.0,-37.57400044,145.6353719,MURRINDINDI
T20180024571,Dry,Clear,Collision with vehicle,Monday,Day,70,2018/12/31,16:55:00,No,4.0,3.0,-38.17775708,144.4178512,GREATER GEELONG
T20180024581,Dry,Clear,Collision with a fixed object,Monday,Day,50,2018/12/31,18:30:00,Yes,1.0,1.0,-38.18270649,144.3528253,GREATER GEELONG
T20180024582,Dry,Clear,Collision with vehicle,Monday,Day,110,2018/12/31,18:15:00,Yes,3.0,2.0,-36.11060064,146.8935501,WODONGA
T20180024586,Dry,Clear,Collision with vehicle,Monday,Dark Street lights on,40,2018/12/31,21:13:00,Yes,6.0,4.0,-37.56415576,143.8635488,BALLARAT
T20190000007,Dry,Clear,Collision with a fixed object,Monday,Dark No street lights,100,2018/12/31,23:20:00,Yes,2.0,2.0,-38.56167791,142.8293313,MOYNE
T20190000022,Dry,Clear,Collision with a fixed object,Tuesday,Day,100,2019/01/01,07:45:00,No,1.0,1.0,-38.05986932,144.3848669,GREATER GEELONG
T20190000023,Dry,Clear,No collision and no object struck,Tuesday,Day,100,2019/01/01,07:28:00,No,1.0,1.0,-37.38519829,144.006689,HEPBURN
T20190000029,Dry,Clear,Collision with a fixed object,Monday,Day,100,2018/12/31,18:16:00,Yes,2.0,1.0,-36.81952174,142.3615786,HORSHAM
T20190000030,Dry,Clear,Vehicle overturned (no collision),Tuesday,Day,100,2019/01/01,12:15:00,No,1.0,1.0,-38.24043998,142.5406332,MOYNE
T20190000031,Dry,Clear,Collision with vehicle,Tuesday,Day,80,2019/01/01,13:52:00,No,3.0,1.0,-38.02990072,144.3543943,GREATER GEELONG
T20190000035,Dry,Clear,Collision with vehicle,Tuesday,Day,60,2019/01/01,15:15:00,No,3.0,2.0,-37.21356424,145.4161578,MURRINDINDI
T20190000037,Dry,Clear,collision with some other object,Tuesday,Day,80,2019/01/01,15:50:00,No,1.0,1.0,-35.82900959,145.5551701,MOIRA
T20190000049,Dry,Clear,Collision with a fixed object,Tuesday,Day,50,2019/01/01,14:30:00,No,1.0,1.0,-37.03993015,146.4183295,MANSFIELD
T20190000064,Dry,Clear,Struck animal,Tuesday,Dark No street lights,100,2019/01/01,20:50:00,Yes,2.0,2.0,-36.21969116,146.9839988,WODONGA
T20190000067,Dry,Clear,Collision with a fixed object,Tuesday,Dark Street lights on,60,2019/01/01,03:05:00,Yes,1.0,1.0,-36.71121899,144.3149145,GREATER BENDIGO
T20190000070,Dry,Clear,Collision with vehicle,Tuesday,Day,100,2019/01/01,16:30:00,No,7.0,7.0,-37.71443084,141.9584278,SOUTHERN GRAMPIANS
T20190000079,Dry,Clear,Collision with vehicle,Wednesday,Day,50,2019/01/02,07:43:00,No,2.0,1.0,-38.13392261,144.3411119,GREATER GEELONG
T20190000080,Dry,Clear,Collision with a fixed object,Tuesday,Day,50,2019/01/01,20:15:00,Yes,1.0,1.0,-38.18937957,146.5659367,LATROBE
T20190000081,Dry,Clear,Struck Pedestrian,Tuesday,Dark Street lights on,60,2019/01/01,22:31:00,Yes,2.0,1.0,-37.87490186,148.0074731,EAST GIPPSLAND
T20190000084,Dry,Clear,Fall from or in moving vehicle,Wednesday,Day,50,2019/01/02,11:25:00,No,2.0,1.0,-36.12415553,144.7497487,CAMPASPE
T20190000107,Dry,Clear,Vehicle overturned (no collision),Wednesday,Day,100,2019/01/02,10:30:00,No,2.0,2.0,-38.15476018,141.2753592,GLENELG
T20190000108,Dry,Clear,Collision with vehicle,Wednesday,Day,100,2019/01/02,14:35:00,No,3.0,1.0,-38.10201591,146.8639468,WELLINGTON
T20190000109,Dry,Clear,No collision and no object struck,Wednesday,Day,40,2019/01/02,17:20:00,No,1.0,1.0,-36.92992217,147.0632222,ALPINE
T20190000125,Dry,Clear,Collision with vehicle,Wednesday,Day,50,2019/01/02,13:00:00,No,2.0,1.0,-38.16132006,144.5608105,GREATER GEELONG
T20190000134,Dry,Clear,Collision with a fixed object,Thursday,Day,80,2019/01/03,10:20:00,No,1.0,1.0,-36.75556355,147.1993366,ALPINE
T20190000146,Dry,Not known,collision with some other object,Thursday,Day,100,2019/01/03,14:10:00,No,1.0,1.0,-36.17170886,147.5762808,TOWONG
T20190000158,Dry,Clear,Collision with vehicle,Thursday,Day,80,2019/01/03,16:45:00,No,3.0,1.0,-38.15360294,147.0829335,WELLINGTON
T20190000159,Dry,Clear,Collision with a fixed object,Thursday,Day,100,2019/01/03,18:50:00,Yes,2.0,2.0,-38.51781433,146.1781449,SOUTH GIPPSLAND
T20190000170,Dry,Clear,Collision with a fixed object,Friday,Dark No street lights,100,2019/01/04,02:10:00,Yes,2.0,2.0,-37.30957925,143.0148605,ARARAT
T20190000178,Dry,Clear,No collision and no object struck,Thursday,Dark Street lights on,60,2019/01/03,22:00:00,Yes,1.0,1.0,-36.72829122,146.9677993,ALPINE
T20190000181,Dry,Not known,Collision with vehicle,Friday,Day,999,2019/01/04,11:15:00,No,2.0,1.0,-37.40881017,144.9799729,MITCHELL
T20190000182,Dry,Clear,Collision with vehicle,Friday,Day,70,2019/01/04,10:00:00,No,2.0,1.0,-36.73351383,142.2054085,HORSHAM
T20190000203,Dry,Clear,Collision with vehicle,Friday,Day,50,2019/01/04,15:09:00,No,2.0,2.0,-34.5866289,142.7765092,SWAN HILL
T20190000215,Dry,Clear,Collision with a fixed object,Friday,Day,100,2019/01/04,18:42:00,Yes,1.0,1.0,-36.57083006,144.0883999,LODDON
T20190000217,Wet,Clear,Collision with a fixed object,Friday,Day,100,2019/01/04,19:30:00,Yes,3.0,1.0,-38.36922052,145.8438031,SOUTH GIPPSLAND
T20190000219,Dry,Clear,Collision with a fixed object,Friday,Day,60,2019/01/04,19:40:00,Yes,1.0,1.0,-38.05544585,144.3790186,GREATER GEELONG
T20190000223,Dry,Clear,Collision with vehicle,Saturday,Dark Street lights on,40,2019/01/05,03:19:00,Yes,4.0,1.0,-36.12603954,146.8896998,WODONGA
T20190000232,Dry,Clear,Collision with vehicle,Saturday,Day,80,2019/01/05,10:35:00,No,2.0,2.0,-38.23967031,146.4197395,LATROBE
T20190000245,Dry,Clear,Collision with vehicle,Saturday,Day,100,2019/01/05,13:00:00,No,7.0,1.0,-38.26096115,144.6088335,GREATER GEELONG
T20190000260,Dry,Clear,Collision with vehicle,Saturday,Dusk/Dawn,60,2019/01/05,16:01:00,Yes,2.0,1.0,-37.56994637,143.8705745,BALLARAT
T20190000264,Dry,Clear,Collision with vehicle,Saturday,Day,60,2019/01/05,14:50:00,Yes,6.0,3.0,-36.7869441,144.5019971,GREATER BENDIGO
T20190000265,Dry,Clear,Collision with vehicle,Saturday,Day,80,2019/01/05,12:48:00,No,3.0,1.0,-38.74684867,143.2783102,COLAC OTWAY
T20190000268,Dry,Clear,Collision with vehicle,Thursday,Dark No street lights,100,2019/01/03,23:10:00,Yes,4.0,2.0,-38.77884811,143.6209707,COLAC OTWAY
T20190000270,Dry,Clear,Vehicle overturned (no collision),Saturday,Day,100,2019/01/05,17:20:00,Yes,2.0,1.0,-37.19694154,143.3252595,PYRENEES
T20190000286,Dry,Not known,Other accident,Sunday,Unknown,60,2019/01/06,01:15:00,Yes,2.0,1.0,-34.20185852,142.172081,MILDURA
T20190000288,Dry,Clear,Collision with a fixed object,Saturday,Dark No street lights,80,2019/01/05,22:35:00,Yes,2.0,1.0,-38.13111373,145.9227721,BAW BAW
T20190000297,Dry,Clear,Collision with a fixed object,Sunday,Dark Street lights on,60,2018/12/23,21:05:00,No,1.0,1.0,-38.16017358,145.9348992,BAW BAW
T20190000299,Dry,Clear,Collision with a fixed object,Sunday,Dusk/Dawn,80,2019/01/06,06:10:00,Yes,1.0,1.0,-37.48051561,145.2502202,MURRINDINDI
T20190000308,Dry,Clear,Collision with vehicle,Sunday,Day,100,2019/01/06,12:05:00,No,3.0,1.0,-37.77674861,144.4363589,MOORABOOL
T20190000309,Dry,Clear,Collision with vehicle,Sunday,Day,60,2019/01/06,12:32:00,No,4.0,1.0,-38.05860629,144.3584486,GREATER GEELONG
T20190000312,Dry,Clear,Collision with vehicle,Sunday,Day,80,2019/01/06,12:35:00,No,2.0,1.0,-37.42309416,144.9786098,MITCHELL
T20190000316,Dry,Clear,Vehicle overturned (no collision),Friday,Day,100,2019/01/04,16:00:00,Yes,2.0,2.0,-36.17805035,143.9495083,LODDON
T20190000322,Dry,Clear,Vehicle overturned (no collision),Sunday,Dusk/Dawn,100,2019/01/06,05:30:00,Yes,1.0,1.0,-35.72438801,144.1548247,GANNAWARRA
T20190000325,Dry,Clear,Collision with a fixed object,Thursday,Dark No street lights,100,2019/01/03,05:25:00,Yes,2.0,1.0,-35.21764,141.9978488,MILDURA
T20190000326,Dry,Clear,Collision with a fixed object,Sunday,Day,100,2019/01/06,17:10:00,No,4.0,2.0,-37.10852507,144.2534836,MOUNT ALEXANDER
T20190000330,Dry,Clear,Collision with a fixed object,Saturday,Day,50,2019/01/05,17:30:00,Yes,3.0,1.0,-38.17419975,145.9665899,BAW BAW
T20190000334,Dry,Clear,Struck animal,Tuesday,Dark No street lights,100,2019/01/01,21:00:00,Yes,1.0,1.0,-38.08524746,144.0433714,GOLDEN PLAINS
T20190000335,Dry,Clear,Collision with a fixed object,Sunday,Dusk/Dawn,100,2019/01/06,20:40:00,Yes,1.0,1.0,-36.11026,142.4215809,YARRIAMBIACK
T20190000339,Dry,Clear,Vehicle overturned (no collision),Monday,Dark No street lights,60,2019/01/07,00:45:00,Yes,2.0,2.0,-38.55239295,143.9515986,SURF COAST
T20190000343,Dry,Clear,Collision with a fixed object,Monday,Dark No street lights,100,2019/01/07,02:45:00,Yes,1.0,1.0,-36.84689861,145.0985082,STRATHBOGIE
T20190000360,Dry,Clear,Collision with vehicle,Monday,Day,80,2019/01/07,11:55:00,No,4.0,1.0,-38.52107656,145.3340466,BASS COAST
T20190000363,Dry,Clear,Collision with vehicle,Sunday,Day,100,2019/01/06,19:20:00,Yes,8.0,2.0,-37.23028596,145.7648418,MURRINDINDI
T20190000365,Dry,Clear,Collision with vehicle,Monday,Day,60,2019/01/07,13:00:00,No,4.0,2.0,-36.7314577,144.304867,GREATER BENDIGO
T20190000367,Dry,Clear,Collision with a fixed object,Monday,Day,100,2019/01/07,08:42:00,No,1.0,1.0,-35.99866868,142.7790678,BULOKE
T20190000368,Dry,Clear,Collision with a fixed object,Sunday,Day,100,2019/01/06,16:00:00,Yes,1.0,1.0,-37.39106006,145.2964699,MURRINDINDI
T20190000376,Dry,Clear,Collision with vehicle,Wednesday,Day,60,2019/01/02,18:00:00,Yes,2.0,1.0,-37.55161702,144.3468254,MOORABOOL
T20190000384,Dry,Clear,Collision with vehicle,Monday,Day,100,2019/01/07,15:40:00,No,2.0,1.0,-38.47751078,143.9306981,SURF COAST
T20190000394,Dry,Clear,Struck animal,Tuesday,Dark Street lights on,50,2019/01/08,00:45:00,Yes,1.0,1.0,-38.50879987,145.3557401,BASS COAST
T20190000400,Dry,Clear,Struck animal,Tuesday,Dark No street lights,110,2019/01/08,05:00:00,Yes,1.0,1.0,-37.54075663,143.8849626,BALLARAT
T20190000403,Dry,Clear,Collision with vehicle,Monday,Day,110,2019/01/07,12:40:00,No,2.0,2.0,-35.24154,142.6917099,BULOKE
T20190000405,Dry,Clear,Collision with a fixed object,Tuesday,Day,60,2019/01/08,07:40:00,No,1.0,1.0,-36.14691306,146.8704572,WODONGA
T20190000414,Dry,Clear,Collision with vehicle,Sunday,Day,60,2019/01/06,11:30:00,No,4.0,1.0,-36.55834152,146.7198117,ALPINE
T20190000419,Dry,Clear,Collision with vehicle,Tuesday,Day,50,2019/01/08,11:30:00,No,2.0,1.0,-35.91770864,145.6491834,MOIRA
T20190000422,Dry,Clear,Collision with vehicle,Tuesday,Day,80,2019/01/08,13:15:00,No,2.0,1.0,-38.19285527,146.548479,LATROBE
T20190000427,Dry,Clear,Collision with a fixed object,Tuesday,Day,60,2019/01/08,14:32:00,No,1.0,1.0,-36.70542514,142.1854997,HORSHAM
T20190000430,Dry,Clear,Collision with vehicle,Tuesday,Day,70,2019/01/08,11:55:00,No,10.0,2.0,-36.1414598,144.7297545,CAMPASPE
T20190000443,Dry,Clear,Collision with a fixed object,Tuesday,Day,100,2019/01/08,15:50:00,No,2.0,1.0,-38.46731,145.2201704,BASS COAST
T20190000463,Dry,Clear,Collision with vehicle,Wednesday,Dusk/Dawn,60,2019/01/09,05:10:00,Yes,2.0,1.0,-37.56983458,143.8104559,BALLARAT
T20190000467,Dry,Clear,Collision with vehicle,Wednesday,Day,60,2019/01/09,09:49:00,No,2.0,1.0,-34.18310118,142.1549847,MILDURA
T20190000475,Dry,Clear,Collision with vehicle,Tuesday,Day,80,2019/01/08,14:25:00,No,2.0,1.0,-38.31488537,143.0861566,CORANGAMITE
T20190000479,Dry,Clear,Collision with vehicle,Wednesday,Day,60,2019/01/09,12:04:00,No,2.0,2.0,-38.3827217,142.2291307,MOYNE
T20190000480,Dry,Clear,Collision with vehicle,Wednesday,Day,60,2019/01/09,13:07:00,No,3.0,2.0,-36.38833207,145.4318216,GREATER SHEPPARTON
T20190000481,Dry,Clear,Collision with a fixed object,Wednesday,Day,100,2019/01/09,11:30:00,No,5.0,5.0,-38.00743802,142.7439128,MOYNE
T20190000487,Dry,Clear,Collision with a fixed object,Wednesday,Day,40,2019/01/09,15:05:00,No,1.0,1.0,-36.77236419,144.3043465,GREATER BENDIGO
T20190000497,Dry,Clear,Collision with vehicle,Wednesday,Day,60,2019/01/09,17:45:00,No,2.0,2.0,-37.41686989,144.9790776,MITCHELL
T20190000501,Dry,Clear,collision with some other object,Wednesday,Day,100,2019/01/09,17:05:00,No,1.0,1.0,-36.0929202,146.3685505,INDIGO
T20190000506,Dry,Clear,Vehicle overturned (no collision),Friday,Day,50,2018/02/09,13:00:00,No,1.0,1.0,-37.85508072,146.4328927,BAW BAW
T20190000509,Dry,Clear,No collision and no object struck,Wednesday,Day,100,2019/01/09,16:27:00,No,1.0,1.0,-36.68057207,144.2625627,GREATER BENDIGO
T20190000524,Dry,Clear,Struck animal,Wednesday,Day,60,2019/01/09,07:15:00,No,1.0,1.0,-38.51341017,142.7417427,MOYNE
T20190000527,Dry,Clear,Collision with vehicle,Saturday,Day,60,2019/01/05,17:50:00,Yes,2.0,1.0,-36.38086096,145.4133133,GREATER SHEPPARTON
T20190000530,Dry,Clear,Collision with vehicle,Thursday,Day,50,2019/01/10,13:45:00,No,10.0,2.0,-36.37044504,145.4042636,GREATER SHEPPARTON
T20190000534,Dry,Clear,Collision with a fixed object,Thursday,Day,100,2019/01/10,13:09:00,No,2.0,1.0,-36.38961796,146.505872,WANGARATTA
T20190000543,Dry,Clear,Struck animal,Wednesday,Dark No street lights,100,2019/01/09,21:40:00,Yes,2.0,1.0,-35.84210001,144.1904855,GANNAWARRA
T20190000550,Dry,Clear,Collision with vehicle,Thursday,Day,999,2019/01/10,14:30:00,No,3.0,1.0,-37.47020052,148.6775686,EAST GIPPSLAND
T20190000553,Dry,Clear,Collision with vehicle,Thursday,Day,50,2019/01/10,17:30:00,No,2.0,1.0,-37.57901491,143.8394994,BALLARAT
T20190000554,Dry,Clear,Collision with vehicle,Thursday,Day,80,2019/01/10,15:30:00,No,2.0,1.0,-38.07463206,142.8202517,MOYNE
T20190000562,Dry,Clear,Struck Pedestrian,Thursday,Day,50,2019/01/10,17:49:00,No,2.0,1.0,-38.17890951,144.3873779,GREATER GEELONG
T20190000564,Dry,Clear,Collision with a fixed object,Thursday,Day,110,2019/01/10,18:50:00,Yes,2.0,2.0,-34.27497685,141.18498,MILDURA
T20190000572,Dry,Clear,Collision with a fixed object,Friday,Day,60,2019/01/11,08:00:00,No,1.0,1.0,-36.74710808,144.2581457,GREATER BENDIGO
T20190000577,Dry,Clear,No collision and no object struck,Wednesday,Day,60,2019/01/09,13:00:00,No,1.0,1.0,-37.98007013,146.0723799,BAW BAW
T20190000591,Dry,Clear,Collision with vehicle,Friday,Day,40,2019/01/11,12:36:00,No,7.0,1.0,-38.17360776,144.3442667,GREATER GEELONG
T20190000593,Dry,Clear,Collision with vehicle,Friday,Day,60,2019/01/11,13:30:00,No,2.0,1.0,-38.36691338,142.5002081,WARRNAMBOOL
T20190000608,Dry,Clear,Collision with a fixed object,Friday,Day,100,2019/01/11,16:30:00,Yes,2.0,1.0,-36.66534994,144.2173202,GREATER BENDIGO
T20190000614,Dry,Clear,Collision with a fixed object,Tuesday,Day,100,2019/01/01,05:30:00,Yes,2.0,1.0,-37.4665807,144.4822652,MACEDON RANGES
T20190000627,Dry,Clear,Collision with vehicle,Friday,Day,70,2019/01/11,17:15:00,Yes,5.0,1.0,-38.18208264,144.3469108,GREATER GEELONG
T20190000628,Dry,Clear,Vehicle overturned (no collision),Friday,Day,100,2019/01/11,17:25:00,Yes,2.0,2.0,-37.35886815,143.3336011,PYRENEES
T20190000630,Dry,Not known,Collision with vehicle,Friday,Day,40,2019/01/11,15:51:00,No,2.0,1.0,-38.24156835,144.3350103,GREATER GEELONG
T20190000634,Dry,Clear,Collision with a fixed object,Friday,Day,50,2019/01/11,16:00:00,Yes,2.0,2.0,-37.36790662,145.0298364,MITCHELL
T20190000636,Dry,Clear,Collision with a fixed object,Friday,Dark No street lights,60,2019/01/11,21:00:00,Yes,1.0,1.0,-37.19473152,145.6961405,MURRINDINDI
T20190000637,Dry,Clear,Struck animal,Thursday,Dusk/Dawn,100,2019/01/10,05:40:00,Yes,1.0,1.0,-37.43810048,144.6069316,MACEDON RANGES
T20190000639,Dry,Clear,Collision with a fixed object,Friday,Day,100,2019/01/11,19:15:00,Yes,1.0,1.0,-37.79393982,147.8384982,EAST GIPPSLAND
T20190000643,Dry,Clear,Collision with a fixed object,Friday,Dark No street lights,100,2019/01/11,21:27:00,Yes,2.0,2.0,-37.00380646,146.0784439,MANSFIELD
T20190000651,Dry,Clear,Struck Pedestrian,Saturday,Dark Street lights on,50,2019/01/12,01:50:00,Yes,2.0,1.0,-38.38333448,142.2357286,MOYNE
T20190000653,Dry,Clear,Collision with vehicle,Friday,Dark No street lights,100,2019/01/11,23:50:00,Yes,2.0,2.0,-36.88594102,144.212181,GREATER BENDIGO
T20190000655,Dry,Clear,Collision with vehicle,Saturday,Day,80,2019/01/12,08:20:00,No,2.0,1.0,-35.93454738,145.6598833,MOIRA
T20190000660,Dry,Clear,Collision with vehicle,Friday,Day,50,2019/01/11,10:20:00,No,2.0,1.0,-36.76297779,144.2977573,GREATER BENDIGO
T20190000662,Dry,Clear,Collision with vehicle,Saturday,Day,60,2019/01/12,11:25:00,No,3.0,1.0,-36.38699965,145.4269556,GREATER SHEPPARTON
T20190000676,Dry,Clear,Collision with vehicle,Saturday,Day,100,2019/01/12,10:00:00,No,2.0,1.0,-38.01642379,146.4321114,BAW BAW
T20190000679,Dry,Clear,Collision with a fixed object,Saturday,Day,100,2019/01/12,14:50:00,Yes,1.0,1.0,-36.69899922,144.2054713,GREATER BENDIGO
T20190000685,Dry,Clear,Collision with a fixed object,Saturday,Day,100,2019/01/12,07:00:00,No,1.0,1.0,-37.25286655,145.8294454,MURRINDINDI
T20190000697,Dry,Clear,Collision with a fixed object,Saturday,Dark No street lights,100,2019/01/12,22:15:00,Yes,2.0,2.0,-37.66654031,143.7342825,GOLDEN PLAINS
T20190000698,Dry,Clear,Collision with a fixed object,Saturday,Dark Street lights on,70,2019/01/12,22:30:00,Yes,2.0,2.0,-38.11458006,144.3547205,GREATER GEELONG
T20190000714,Dry,Not known,No collision and no object struck,Sunday,Day,100,2019/01/13,06:40:00,Yes,1.0,1.0,-37.62867786,143.9135636,BALLARAT
T20190000715,Dry,Not known,Struck Pedestrian,Tuesday,Day,50,2019/01/08,14:45:00,No,2.0,1.0,-37.54440131,143.8199197,BALLARAT
T20190000718,Dry,Clear,Collision with a fixed object,Sunday,Day,100,2019/01/13,11:20:00,No,1.0,1.0,-38.64567316,145.6094382,BASS COAST
T20190000720,Dry,Clear,Collision with a fixed object,Sunday,Day,60,2019/01/13,07:00:00,Yes,1.0,1.0,-36.40425178,145.3731787,GREATER SHEPPARTON
T20190000726,Dry,Clear,Collision with vehicle,Sunday,Day,100,2019/01/13,11:35:00,No,6.0,2.0,-38.4106494,145.7662226,SOUTH GIPPSLAND
T20190000734,Dry,Clear,Collision with vehicle,Sunday,Day,60,2019/01/13,14:00:00,No,2.0,2.0,-38.19817875,144.3626865,GREATER GEELONG
T20190000735,Dry,Clear,Collision with vehicle,Sunday,Day,100,2019/01/13,15:10:00,No,2.0,1.0,-35.989318,145.631629,MOIRA
T20190000740,Dry,Clear,Collision with a fixed object,Sunday,Day,100,2019/01/13,14:00:00,No,1.0,1.0,-38.19548033,147.0783622,WELLINGTON
T20190000743,Dry,Clear,No collision and no object struck,Sunday,Day,50,2019/01/13,13:30:00,No,2.0,1.0,-37.62818941,146.6229475,WELLINGTON
T20190000746,Dry,Clear,Collision with vehicle,Sunday,Day,100,2019/01/13,15:30:00,No,6.0,1.0,-36.37528413,146.7244188,INDIGO
T20190000747,Dry,Not known,Struck Pedestrian,Sunday,Day,999,2019/01/13,15:00:00,No,3.0,1.0,-38.53747226,143.9746869,SURF COAST
T20190000751,Dry,Clear,Collision with vehicle,Monday,Day,50,2019/01/07,12:00:00,No,2.0,1.0,-38.1333442,144.3515411,GREATER GEELONG
T20190000760,Dry,Clear,Collision with a fixed object,Sunday,Dark Street lights on,60,2019/01/13,20:50:00,No,1.0,1.0,-38.11232956,144.3431034,GREATER GEELONG
T20190000785,Unknown,Not known,Collision with vehicle,Tuesday,Day,100,2018/10/02,17:00:00,No,2.0,1.0,-38.42255731,146.3699997,LATROBE
T20190000787,Dry,Clear,Collision with vehicle,Monday,Day,100,2019/01/14,07:40:00,Yes,2.0,1.0,-37.43623206,143.4200732,PYRENEES
T20190000791,Dry,Clear,Collision with a fixed object,Monday,Day,110,2019/01/14,10:10:00,No,2.0,2.0,-37.31684015,144.5214748,MACEDON RANGES
T20190000802,Dry,Clear,Collision with vehicle,Monday,Day,100,2019/01/14,16:39:00,No,3.0,1.0,-38.19773893,147.0957252,WELLINGTON
T20190000820,Dry,Clear,Collision with vehicle,Tuesday,Dark Street lights on,70,2019/01/15,01:30:00,Yes,2.0,1.0,-36.13789878,144.7505251,CAMPASPE
T20190000833,Dry,Clear,collision with some other object,Tuesday,Day,60,2019/01/15,07:49:00,No,1.0,1.0,-38.26628741,144.618355,GREATER GEELONG
T20190000839,Dry,Clear,Collision with vehicle,Tuesday,Day,80,2019/01/15,10:15:00,No,3.0,1.0,-38.20365491,146.0665922,BAW BAW
T20190000840,Dry,Clear,Collision with a fixed object,Tuesday,Day,100,2019/01/15,07:45:00,No,1.0,1.0,-36.99269885,143.6263004,CENTRAL GOLDFIELDS
T20190000845,Unknown,Not known,Collision with vehicle,Tuesday,Unknown,999,2019/01/15,07:55:00,No,2.0,1.0,-38.14051361,144.355208,GREATER GEELONG
T20190000847,Dry,Clear,collision with some other object,Tuesday,Day,100,2019/01/15,14:00:00,No,1.0,1.0,-36.11437993,147.235389,TOWONG
T20190000857,Dry,Clear,Collision with vehicle,Tuesday,Day,80,2019/01/15,08:45:00,No,2.0,1.0,-38.06838055,144.3107099,GREATER GEELONG
T20190000865,Dry,Clear,Collision with a fixed object,Tuesday,Day,100,2019/01/15,17:18:00,No,3.0,2.0,-37.33612741,144.4374205,MACEDON RANGES
T20190000867,Dry,Not known,Collision with vehicle,Tuesday,Day,999,2019/01/15,10:15:00,No,5.0,1.0,-37.61870032,141.7882706,SOUTHERN GRAMPIANS
T20190000874,Dry,Clear,Vehicle overturned (no collision),Tuesday,Day,100,2019/01/15,12:15:00,No,1.0,1.0,-36.5563956,141.2316195,WEST WIMMERA
T20190000881,Dry,Clear,Collision with vehicle,Wednesday,Day,50,2019/01/16,07:45:00,No,2.0,1.0,-38.33787178,144.3179721,SURF COAST
T20190000882,Dry,Not known,Collision with vehicle,Wednesday,Day,60,2019/01/16,07:55:00,No,2.0,1.0,-38.15042245,144.3636705,GREATER GEELONG
T20190000899,Dry,Clear,Vehicle overturned (no collision),Wednesday,Day,100,2019/01/16,09:45:00,No,1.0,1.0,-37.1475799,143.7071725,CENTRAL GOLDFIELDS
T20190000906,Dry,Not known,Collision with a fixed object,Saturday,Day,80,2019/01/12,10:00:00,No,1.0,1.0,-36.48476167,145.3316014,GREATER SHEPPARTON
T20190000909,Dry,Clear,Collision with vehicle,Wednesday,Day,60,2019/01/16,12:30:00,No,2.0,1.0,-36.44248786,145.2410705,GREATER SHEPPARTON
T20190000913,Dry,Clear,Collision with vehicle,Wednesday,Day,100,2019/01/16,13:30:00,No,3.0,2.0,-38.33147793,146.3502739,LATROBE
T20190000928,Dry,Clear,Collision with a fixed object,Wednesday,Day,100,2019/01/16,15:05:00,No,2.0,2.0,-37.04901016,142.5109192,NORTHERN GRAMPIANS
T20190000942,Dry,Clear,Struck Pedestrian,Wednesday,Dusk/Dawn,60,2019/01/16,20:21:00,Yes,2.0,2.0,-38.14653612,144.3452607,GREATER GEELONG
T20190000946,Dry,Clear,Collision with vehicle,Wednesday,Dark Street lights on,70,2019/01/16,22:23:00,Yes,1.0,1.0,-38.16921864,144.3868406,GREATER GEELONG
T20190000948,Dry,Clear,Collision with a fixed object,Thursday,Day,60,2019/01/17,06:20:00,No,1.0,1.0,-37.89326364,144.3815666,GREATER GEELONG
T20190000969,Dry,Clear,Collision with vehicle,Thursday,Day,110,2019/01/17,14:00:00,No,2.0,1.0,-36.60109379,145.8671928,BENALLA
T20190000970,Wet,Raining,Collision with vehicle,Thursday,Day,100,2019/01/17,12:20:00,No,2.0,1.0,-37.53768007,145.3874998,MURRINDINDI