Accident_No,Surface_Cond_Desc,Atmosph_Cond_Desc,Accident_Type_Desc,Day,Light_Condition_Desc,Speed_Zone,Accident_Date,Accident_Time,Alcohol_Influence,Total_Persons_Inv,Inj_Or_Fatal,Lat,Long,LGA
T20190000975,Dry,Clear,Collision with vehicle,Thursday,Day,80,2019/01/17,13:42:00,No,2.0,1.0,-38.04930654,144.149821,GOLDEN PLAINS
T20190000986,Unknown,Not known,Collision with vehicle,Thursday,Unknown,60,2019/01/17,05:50:00,Yes,2.0,1.0,-37.54995767,143.8494325,BALLARAT
T20190000993,Dry,Clear,Collision with vehicle,Thursday,Day,60,2019/01/17,16:15:00,No,2.0,1.0,-37.54468248,143.8682495,BALLARAT
T20190001005,Dry,Clear,Collision with a fixed object,Thursday,Day,50,2019/01/17,19:13:00,Yes,1.0,1.0,-38.23511022,146.4111204,LATROBE
T20190001016,Dry,Clear,Collision with vehicle,Tuesday,Day,60,2019/01/15,15:50:00,No,2.0,1.0,-37.54381431,143.8611118,BALLARAT
T20190001017,Dry,Clear,Collision with a fixed object,Thursday,Day,60,2019/01/17,13:00:00,No,1.0,1.0,-37.20655712,145.0603317,MITCHELL
T20190001025,Wet,Clear,Collision with vehicle,Friday,Day,60,2019/01/18,09:00:00,No,2.0,1.0,-37.06082412,142.7774146,NORTHERN GRAMPIANS
T20190001037,Dry,Clear,Collision with vehicle,Thursday,Day,100,2019/01/17,15:00:00,No,2.0,2.0,-36.06910607,145.4504748,MOIRA
T20190001040,Dry,Clear,Collision with vehicle,Friday,Day,60,2019/01/18,12:05:00,No,3.0,2.0,-38.12233511,144.3459759,GREATER GEELONG
T20190001054,Dry,Clear,Collision with vehicle,Friday,Day,40,2019/01/18,13:15:00,No,2.0,2.0,-36.71174973,142.1956794,HORSHAM
T20190001065,Dry,Clear,Collision with vehicle,Friday,Day,100,2019/01/18,13:40:00,No,5.0,4.0,-37.66478328,142.2301352,SOUTHERN GRAMPIANS
T20190001066,Dry,Clear,Collision with vehicle,Friday,Day,100,2019/01/18,16:05:00,Yes,5.0,4.0,-36.72051249,144.6827357,CAMPASPE
T20190001070,Wet,Raining,No collision and no object struck,Friday,Day,110,2019/01/18,13:25:00,No,1.0,1.0,-37.34005816,145.0227958,MITCHELL
T20190001071,Wet,Clear,Vehicle overturned (no collision),Friday,Day,80,2019/01/18,18:00:00,Yes,1.0,1.0,-37.86104019,147.9936791,EAST GIPPSLAND
T20190001073,Dry,Clear,Collision with a fixed object,Friday,Day,110,2019/01/18,14:30:00,No,1.0,1.0,-37.59159226,144.1766507,MOORABOOL
T20190001074,Dry,Clear,Collision with vehicle,Friday,Day,50,2019/01/18,18:23:00,Yes,2.0,1.0,-37.55885978,143.8168724,BALLARAT
T20190001082,Dry,Clear,Collision with a fixed object,Friday,Day,100,2019/01/18,17:50:00,Yes,1.0,1.0,-36.60848851,143.5892901,LODDON
T20190001093,Dry,Clear,Collision with a fixed object,Saturday,Dark No street lights,80,2019/01/19,04:30:00,Yes,1.0,1.0,-37.88816271,144.3444765,GREATER GEELONG
T20190001105,Dry,Clear,Collision with a fixed object,Saturday,Day,100,2019/01/19,09:55:00,No,1.0,1.0,-37.58760012,144.4594897,MOORABOOL
T20190001119,Dry,Clear,Collision with vehicle,Saturday,Day,60,2019/01/19,11:50:00,No,3.0,1.0,-36.41374969,145.392457,GREATER SHEPPARTON
T20190001135,Wet,Not known,Collision with vehicle,Friday,Day,80,2019/01/18,12:56:00,No,3.0,2.0,-37.35026087,144.11563,HEPBURN
T20190001146,Dry,Clear,Collision with a fixed object,Saturday,Dark No street lights,100,2019/01/19,22:15:00,Yes,1.0,1.0,-37.70142711,143.66305,GOLDEN PLAINS
T20190001150,Dry,Clear,Vehicle overturned (no collision),Sunday,Dark No street lights,100,2019/01/20,02:00:00,Yes,2.0,2.0,-38.48548471,145.5677393,BASS COAST
T20190001157,Dry,Clear,Struck Pedestrian,Sunday,Day,50,2019/01/20,12:00:00,No,2.0,1.0,-38.2685997,144.6555792,QUEENSCLIFFE
T20190001165,Dry,Clear,Vehicle overturned (no collision),Saturday,Day,100,2019/01/19,10:00:00,No,1.0,1.0,-36.73886557,145.9351115,BENALLA
T20190001168,Dry,Clear,No collision and no object struck,Sunday,Day,100,2019/01/20,10:40:00,No,5.0,1.0,-37.38240671,145.4738164,MURRINDINDI
T20190001174,Dry,Clear,Collision with a fixed object,Saturday,Dark No street lights,80,2019/01/19,22:00:00,Yes,1.0,1.0,-37.19059078,145.0389315,MITCHELL
T20190001180,Dry,Clear,Collision with vehicle,Sunday,Day,100,2019/01/20,16:48:00,Yes,2.0,1.0,-37.7808899,147.488591,EAST GIPPSLAND
T20190001184,Dry,Clear,No collision and no object struck,Sunday,Day,100,2019/01/20,16:39:00,Yes,1.0,1.0,-37.49822461,145.3777935,MURRINDINDI
T20190001186,Dry,Clear,Collision with vehicle,Sunday,Day,100,2019/01/20,18:41:00,No,3.0,2.0,-37.9858975,144.5254779,GREATER GEELONG
T20190001196,Dry,Clear,Collision with vehicle,Sunday,Dark No street lights,100,2019/01/20,21:30:00,Yes,2.0,2.0,-38.24868169,141.7446711,GLENELG
T20190001197,Dry,Clear,Collision with a fixed object,Thursday,Dark Street lights on,70,2018/11/29,00:30:00,Yes,5.0,2.0,-38.14133353,145.8728683,BAW BAW
T20190001205,Dry,Clear,Collision with vehicle,Saturday,Day,60,2019/01/19,19:30:00,Yes,2.0,1.0,-37.54458073,143.8211945,BALLARAT
T20190001207,Dry,Clear,Collision with a fixed object,Monday,Day,70,2019/01/21,07:45:00,No,1.0,1.0,-38.19216173,144.5485743,GREATER GEELONG
T20190001211,Dry,Clear,Collision with vehicle,Monday,Day,50,2019/01/21,09:45:00,Yes,1.0,1.0,-38.26984867,144.6535562,QUEENSCLIFFE
T20190001214,Dry,Clear,Collision with vehicle,Monday,Day,60,2018/10/08,17:00:00,No,2.0,1.0,-38.16475197,145.9436089,BAW BAW
T20190001241,Dry,Clear,Collision with vehicle,Monday,Day,60,2019/01/21,15:00:00,No,2.0,1.0,-38.15016002,144.3708363,GREATER GEELONG
T20190001250,Dry,Clear,Collision with vehicle,Monday,Day,80,2019/01/21,15:34:00,No,7.0,1.0,-38.7825197,143.5366305,COLAC OTWAY
T20190001255,Dry,Clear,Collision with vehicle,Monday,Day,60,2019/01/21,16:14:00,No,2.0,2.0,-36.61065124,143.2539383,NORTHERN GRAMPIANS
T20190001256,Dry,Clear,Collision with vehicle,Monday,Day,60,2019/01/21,18:20:00,Yes,5.0,3.0,-36.36805346,145.4125645,GREATER SHEPPARTON
T20190001273,Dry,Clear,Vehicle overturned (no collision),Tuesday,Day,40,2019/01/22,07:10:00,No,1.0,1.0,-36.39955005,147.0359303,ALPINE
T20190001289,Dry,Not known,Collision with vehicle,Monday,Day,50,2019/01/21,13:00:00,No,2.0,1.0,-37.67553181,144.4353148,MOORABOOL
T20190001309,Dry,Clear,Collision with vehicle,Tuesday,Day,60,2019/01/22,16:30:00,No,4.0,1.0,-38.13335847,141.629749,GLENELG
T20190001310,Dry,Clear,Vehicle overturned (no collision),Tuesday,Day,100,2019/01/22,16:25:00,No,2.0,2.0,-38.58432093,143.0862276,CORANGAMITE
T20190001324,Unknown,Not known,Struck Pedestrian,Tuesday,Day,999,2019/01/22,10:10:00,No,2.0,1.0,-36.23485059,146.5209599,WANGARATTA
T20190001335,Dry,Clear,Vehicle overturned (no collision),Wednesday,Dusk/Dawn,100,2019/01/23,06:35:00,No,1.0,1.0,-36.02781041,146.6387398,INDIGO
T20190001336,Dry,Clear,Collision with vehicle,Wednesday,Day,70,2019/01/23,08:45:00,No,2.0,1.0,-38.09811969,147.0651341,WELLINGTON
T20190001343,Dry,Clear,Vehicle overturned (no collision),Wednesday,Day,100,2019/01/23,09:10:00,No,1.0,1.0,-35.01208998,142.3124718,MILDURA
T20190001355,Dry,Clear,collision with some other object,Wednesday,Day,40,2019/01/23,07:30:00,No,1.0,1.0,-37.88451003,142.5224916,MOYNE
T20190001365,Dry,Clear,Collision with vehicle,Wednesday,Day,60,2019/01/23,14:25:00,No,2.0,1.0,-36.85091866,147.270542,FALLS CREEK ALPINE RESORT (UNINC)
T20190001372,Dry,Clear,Collision with vehicle,Wednesday,Day,100,2019/01/23,16:45:00,No,5.0,1.0,-38.36092801,142.2673406,MOYNE
T20190001373,Dry,Clear,Collision with vehicle,Wednesday,Day,60,2019/01/23,17:55:00,No,2.0,2.0,-36.36805346,145.4125645,GREATER SHEPPARTON
T20190001374,Dry,Clear,Struck Pedestrian,Saturday,Dark Street lights unknown,999,2019/01/05,01:00:00,Yes,2.0,1.0,-36.39468347,145.4166496,GREATER SHEPPARTON
T20190001380,Dry,Clear,Vehicle overturned (no collision),Wednesday,Day,999,2019/01/23,14:00:00,No,2.0,2.0,-37.50372153,144.8984515,MITCHELL
T20190001391,Dry,Clear,Vehicle overturned (no collision),Wednesday,Day,50,2019/01/23,20:15:00,Yes,2.0,2.0,-36.35423843,146.6811544,INDIGO
T20190001394,Dry,Clear,Collision with vehicle,Wednesday,Dusk/Dawn,100,2019/01/23,19:30:00,Yes,5.0,4.0,-37.90259565,141.1248852,GLENELG
T20190001398,Dry,Clear,Vehicle overturned (no collision),Wednesday,Dark No street lights,80,2019/01/23,05:28:00,Yes,1.0,1.0,-38.31725791,141.5567493,GLENELG
T20190001400,Dry,Clear,Collision with vehicle,Thursday,Day,110,2019/01/24,05:55:00,Yes,2.0,1.0,-36.10670179,146.903803,WODONGA
T20190001401,Dry,Clear,Collision with a fixed object,Wednesday,Day,80,2019/01/23,16:30:00,No,1.0,1.0,-38.24106115,146.4171268,LATROBE
T20190001405,Dry,Clear,Collision with vehicle,Thursday,Day,100,2019/01/24,08:40:00,No,2.0,1.0,-37.98099247,147.0633895,WELLINGTON
T20190001422,Unknown,Clear,Collision with vehicle,Friday,Day,999,2019/01/04,08:30:00,No,2.0,1.0,-38.0753256,144.3682935,GREATER GEELONG
T20190001424,Dry,Clear,Collision with vehicle,Thursday,Day,100,2019/01/24,11:04:00,No,2.0,1.0,-36.45077384,147.0081572,ALPINE
T20190001429,Dry,Clear,Vehicle overturned (no collision),Thursday,Day,110,2019/01/24,11:25:00,No,2.0,2.0,-37.58477061,144.1511594,MOORABOOL
T20190001444,Dry,Clear,Collision with a fixed object,Thursday,Day,60,2019/01/24,16:40:00,No,1.0,1.0,-35.17474332,143.3848594,SWAN HILL
T20190001462,Dry,Dust,Collision with a fixed object,Friday,Day,110,2019/01/25,07:30:00,No,1.0,1.0,-37.66470943,144.4464181,MOORABOOL
T20190001463,Dry,Clear,Collision with vehicle,Wednesday,Day,70,2019/01/16,09:00:00,No,2.0,2.0,-38.18232732,144.3448918,GREATER GEELONG
T20190001468,Dry,Clear,Vehicle overturned (no collision),Friday,Dark No street lights,100,2019/01/25,03:30:00,Yes,1.0,1.0,-37.8360697,143.8493375,GOLDEN PLAINS
T20190001476,Dry,Clear,Collision with a fixed object,Friday,Day,100,2019/01/25,11:57:00,No,2.0,2.0,-37.50177897,144.4904491,MACEDON RANGES
T20190001486,Dry,Clear,Collision with a fixed object,Friday,Day,100,2019/01/25,12:05:00,No,1.0,1.0,-37.21257104,143.6342222,PYRENEES
T20190001488,Dry,Dust,Collision with vehicle,Friday,Day,100,2019/01/25,14:00:00,No,3.0,3.0,-36.13023867,144.7883525,CAMPASPE
T20190001489,Dry,Clear,Vehicle overturned (no collision),Friday,Day,100,2019/01/25,12:40:00,No,2.0,1.0,-37.51995409,148.9499301,EAST GIPPSLAND
T20190001497,Dry,Clear,Collision with a fixed object,Friday,Day,100,2019/01/25,13:00:00,No,1.0,1.0,-38.19878426,147.3580646,WELLINGTON
T20190001508,Dry,Clear,Collision with a fixed object,Friday,Day,60,2019/01/25,16:49:00,Yes,1.0,1.0,-35.33928173,143.5566888,SWAN HILL
T20190001520,Dry,Clear,Collision with vehicle,Friday,Day,60,2019/01/25,17:00:00,No,2.0,1.0,-36.33005294,145.407105,GREATER SHEPPARTON
T20190001544,Dry,Clear,Struck Pedestrian,Saturday,Day,999,2019/01/26,08:45:00,No,1.0,1.0,-38.1647045,144.4752373,GREATER GEELONG
T20190001545,Dry,Clear,Collision with a fixed object,Saturday,Day,100,2019/01/26,07:55:00,No,1.0,1.0,-36.41438617,146.1845767,BENALLA
T20190001557,Dry,Clear,Collision with a fixed object,Saturday,Day,50,2019/01/26,10:10:00,No,1.0,1.0,-38.32793027,145.6772224,SOUTH GIPPSLAND
T20190001569,Wet,Raining,Collision with vehicle,Friday,Day,100,2019/01/25,15:55:00,No,2.0,2.0,-38.21548077,145.9137553,BAW BAW
T20190001571,Dry,Clear,Collision with vehicle,Saturday,Day,50,2019/01/26,16:30:00,Yes,3.0,1.0,-36.39006225,145.3612942,GREATER SHEPPARTON
T20190001573,Dry,Not known,Collision with vehicle,Wednesday,Unknown,50,2019/01/23,15:00:00,No,2.0,1.0,-37.52964023,143.8138563,BALLARAT
T20190001575,Dry,Clear,Collision with vehicle,Saturday,Day,60,2019/01/26,11:35:00,No,2.0,1.0,-38.20494019,146.0618408,BAW BAW
T20190001577,Dry,Clear,Collision with a fixed object,Saturday,Day,100,2019/01/26,13:40:00,No,2.0,2.0,-36.81616835,145.0799653,STRATHBOGIE
T20190001578,Dry,Clear,Collision with a fixed object,Saturday,Day,100,2019/01/26,14:30:00,Yes,1.0,1.0,-37.61532986,147.1893007,EAST GIPPSLAND
T20190001580,Dry,Clear,Vehicle overturned (no collision),Saturday,Day,100,2019/01/19,13:00:00,No,1.0,1.0,-37.00916033,148.2696,EAST GIPPSLAND
T20190001586,Dry,Clear,Collision with a fixed object,Saturday,Day,100,2019/01/26,16:20:00,Yes,1.0,1.0,-37.48319069,149.5519211,EAST GIPPSLAND
T20190001587,Dry,Clear,Vehicle overturned (no collision),Saturday,Dark No street lights,999,2019/01/26,21:15:00,Yes,2.0,2.0,-36.44771268,144.8313067,CAMPASPE
T20190001615,Dry,Clear,Collision with vehicle,Sunday,Day,60,2019/01/27,11:40:00,No,5.0,3.0,-38.14205636,144.301245,GREATER GEELONG
T20190001618,Dry,Clear,Collision with a fixed object,Sunday,Day,50,2019/01/27,14:30:00,No,1.0,1.0,-38.32190925,146.4242089,LATROBE
T20190001627,Dry,Clear,Collision with vehicle,Sunday,Day,60,2019/01/27,16:45:00,Yes,3.0,1.0,-38.09707972,144.3341677,GREATER GEELONG
T20190001633,Dry,Clear,Struck Pedestrian,Sunday,Day,50,2019/01/27,18:10:00,No,2.0,2.0,-36.43578404,145.23284,GREATER SHEPPARTON
T20190001637,Dry,Clear,Collision with a fixed object,Saturday,Day,60,2019/01/26,11:52:00,No,1.0,1.0,-38.22015821,146.1554988,BAW BAW
T20190001638,Dry,Clear,Collision with vehicle,Sunday,Day,60,2019/01/27,20:15:00,Yes,3.0,2.0,-35.34030879,143.5441641,SWAN HILL
T20190001640,Dry,Clear,Collision with vehicle,Sunday,Day,80,2019/01/27,17:50:00,Yes,6.0,1.0,-38.08927073,144.2791299,GREATER GEELONG
T20190001641,Dry,Clear,Vehicle overturned (no collision),Sunday,Day,100,2019/01/27,19:50:00,Yes,1.0,1.0,-38.32839293,142.0842758,MOYNE
T20190001645,Dry,Clear,Collision with vehicle,Sunday,Dark Street lights on,60,2019/01/27,22:11:00,Yes,3.0,1.0,-34.19802392,142.146737,MILDURA
T20190001649,Dry,Clear,Collision with vehicle,Monday,Dark Street lights on,60,2019/01/28,00:15:00,Yes,2.0,2.0,-38.17431405,144.3334592,GREATER GEELONG
T20190001658,Dry,Clear,Collision with vehicle,Monday,Day,100,2019/01/28,06:40:00,No,2.0,2.0,-38.06802317,147.0738017,WELLINGTON
T20190001659,Dry,Clear,Collision with vehicle,Sunday,Day,100,2019/01/27,14:00:00,No,7.0,7.0,-36.72051249,144.6827357,CAMPASPE
T20190001664,Dry,Clear,Collision with a fixed object,Monday,Day,60,2019/01/28,11:40:00,No,2.0,2.0,-37.41774161,144.9790167,MITCHELL
T20190001665,Dry,Clear,Collision with vehicle,Monday,Day,60,2019/01/28,10:58:00,No,2.0,1.0,-38.23903447,143.1349704,CORANGAMITE
T20190001676,Dry,Clear,Collision with vehicle,Monday,Day,80,2019/01/28,09:56:00,No,5.0,4.0,-38.20434143,146.5145993,LATROBE
T20190001677,Dry,Clear,No collision and no object struck,Tuesday,Dusk/Dawn,50,2018/12/04,18:45:00,Yes,1.0,1.0,-38.63194824,143.8897102,COLAC OTWAY
T20190001684,Dry,Clear,Vehicle overturned (no collision),Monday,Day,80,2019/01/28,14:05:00,No,1.0,1.0,-38.03162275,145.9527225,BAW BAW
T20190001692,Dry,Clear,Collision with vehicle,Monday,Day,100,2019/01/28,12:50:00,No,3.0,3.0,-37.89146323,144.2158096,GOLDEN PLAINS
T20190001697,Dry,Clear,Collision with vehicle,Monday,Day,80,2019/01/28,16:15:00,No,3.0,3.0,-38.39056371,143.7832119,COLAC OTWAY
T20190001698,Dry,Clear,Collision with a fixed object,Monday,Day,60,2019/01/28,16:55:00,No,2.0,1.0,-37.56308126,143.8647777,BALLARAT
T20190001700,Dry,Clear,Collision with a fixed object,Monday,Day,80,2019/01/28,16:35:00,No,4.0,2.0,-36.38463008,145.3859219,GREATER SHEPPARTON
T20190001703,Dry,Clear,No collision and no object struck,Monday,Day,60,2019/01/28,19:20:00,Yes,1.0,1.0,-38.15293848,144.3723455,GREATER GEELONG
T20190001705,Dry,Clear,Collision with a fixed object,Monday,Dusk/Dawn,100,2019/01/28,20:55:00,Yes,1.0,1.0,-38.25569845,141.6254744,GLENELG
T20190001707,Dry,Clear,Collision with a fixed object,Monday,Dark No street lights,100,2019/01/28,21:20:00,Yes,2.0,2.0,-37.2917717,142.8677472,ARARAT
T20190001719,Dry,Clear,Struck Pedestrian,Tuesday,Day,30,2019/01/29,09:45:00,No,2.0,2.0,-36.55019441,145.9838888,BENALLA
T20190001720,Dry,Clear,Collision with a fixed object,Tuesday,Dusk/Dawn,100,2019/01/29,06:20:00,No,2.0,2.0,-38.34180599,142.6987966,MOYNE
T20190001731,Dry,Clear,No collision and no object struck,Monday,Day,999,2019/01/28,11:00:00,No,1.0,1.0,-38.45651935,145.5417022,BASS COAST
T20190001736,Dry,Clear,Collision with vehicle,Friday,Day,60,2019/01/25,19:00:00,Yes,2.0,1.0,-37.48171835,144.5901601,MACEDON RANGES
T20190001739,Dry,Not known,Collision with a fixed object,Tuesday,Day,100,2019/01/29,12:30:00,No,1.0,1.0,-38.01327455,144.4912138,GREATER GEELONG
T20190001744,Dry,Clear,Vehicle overturned (no collision),Monday,Dusk/Dawn,80,2019/01/28,20:00:00,Yes,1.0,1.0,-38.70606822,143.7100399,COLAC OTWAY
T20190001751,Dry,Clear,Collision with vehicle,Tuesday,Day,60,2019/01/29,12:33:00,No,2.0,2.0,-38.17923932,144.338259,GREATER GEELONG
T20190001757,Dry,Not known,No collision and no object struck,Sunday,Day,60,2019/01/27,11:00:00,No,1.0,1.0,-38.35225395,142.4665152,WARRNAMBOOL
T20190001758,Dry,Clear,Collision with a fixed object,Tuesday,Day,100,2019/01/29,16:30:00,No,2.0,2.0,-36.08349008,146.7331818,WODONGA
T20190001769,Dry,Clear,Collision with a fixed object,Tuesday,Day,100,2019/01/29,19:45:00,Yes,1.0,1.0,-36.32600233,141.3565195,WEST WIMMERA
T20190001770,Dry,Clear,Vehicle overturned (no collision),Tuesday,Dusk/Dawn,50,2019/01/29,20:05:00,Yes,1.0,1.0,-38.11709141,147.0656698,WELLINGTON
T20190001779,Dry,Fog,Collision with a fixed object,Wednesday,Dark No street lights,100,2019/01/30,04:35:00,Yes,1.0,1.0,-38.41069266,145.5723123,BASS COAST
T20190001781,Dry,Clear,No collision and no object struck,Saturday,Dark No street lights,999,2019/01/26,22:00:00,Yes,1.0,1.0,-37.49584042,145.6053214,MURRINDINDI
T20190001806,Dry,Clear,Collision with a fixed object,Wednesday,Day,100,2019/01/30,08:50:00,No,1.0,1.0,-35.72190366,143.5254983,GANNAWARRA
T20190001815,Unknown,Clear,No collision and no object struck,Saturday,Day,999,2019/01/26,10:30:00,No,1.0,1.0,-36.84607538,146.3351893,WANGARATTA
T20190001821,Dry,Clear,Collision with vehicle,Wednesday,Day,80,2019/01/30,17:40:00,No,2.0,2.0,-38.39664818,143.5785704,COLAC OTWAY
T20190001830,Wet,Raining,Collision with a fixed object,Wednesday,Dusk/Dawn,60,2019/01/30,19:52:00,Yes,1.0,1.0,-38.05468035,146.625863,LATROBE
T20190001854,Dry,Clear,Collision with vehicle,Thursday,Day,60,2019/01/31,10:18:00,No,2.0,1.0,-37.5406463,143.8354739,BALLARAT
T20190001855,Dry,Clear,No collision and no object struck,Saturday,Day,80,2019/01/26,13:10:00,No,1.0,1.0,-38.55419878,143.6162717,COLAC OTWAY
T20190001856,Dry,Clear,Struck Pedestrian,Tuesday,Day,50,2019/01/15,12:00:00,No,2.0,1.0,-38.38733757,142.4810331,WARRNAMBOOL
T20190001866,Dry,Clear,Collision with vehicle,Thursday,Day,60,2019/01/31,12:27:00,No,3.0,2.0,-38.15993178,144.3477668,GREATER GEELONG
T20190001874,Dry,Clear,Collision with a fixed object,Saturday,Dark No street lights,100,2018/11/17,05:30:00,Yes,1.0,1.0,-38.33554043,142.9995676,CORANGAMITE
T20190001877,Dry,Clear,Collision with vehicle,Thursday,Day,80,2019/01/31,13:00:00,No,2.0,2.0,-38.06880463,144.3770781,GREATER GEELONG
T20190001879,Dry,Clear,Collision with vehicle,Thursday,Day,40,2019/01/31,14:53:00,No,2.0,1.0,-37.5642292,143.8626601,BALLARAT
T20190001881,Dry,Clear,Collision with vehicle,Thursday,Day,60,2019/01/31,14:50:00,No,2.0,1.0,-38.16664686,145.9365786,BAW BAW
T20190001887,Dry,Clear,Vehicle overturned (no collision),Wednesday,Day,100,2019/01/30,13:30:00,No,1.0,1.0,-37.27539724,146.1104419,MANSFIELD
T20190001891,Dry,Clear,Collision with vehicle,Thursday,Day,70,2019/01/31,17:15:00,No,3.0,1.0,-38.19875997,144.3416798,GREATER GEELONG
T20190001893,Dry,Clear,Collision with a fixed object,Thursday,Day,100,2019/01/31,14:40:00,No,1.0,1.0,-36.44081464,145.0318619,CAMPASPE
T20190001901,Dry,Clear,Collision with vehicle,Thursday,Day,60,2019/01/31,11:45:00,No,2.0,1.0,-36.75708705,144.2608453,GREATER BENDIGO
T20190001910,Dry,Clear,Collision with vehicle,Thursday,Day,60,2019/01/31,15:10:00,No,2.0,1.0,-37.56197399,143.8703376,BALLARAT
T20190001914,Dry,Clear,Struck Pedestrian,Thursday,Dark No street lights,80,2019/01/31,03:00:00,Yes,2.0,1.0,-36.61567347,145.2302402,GREATER SHEPPARTON
T20190001944,Dry,Dust,Vehicle overturned (no collision),Saturday,Day,999,2019/01/26,16:00:00,Yes,1.0,1.0,-37.16749091,145.8865601,MANSFIELD
T20190001957,Dry,Clear,Collision with vehicle,Friday,Day,60,2019/02/01,09:06:00,No,4.0,1.0,-38.20819591,146.1514292,BAW BAW
T20190001958,Dry,Dust,Collision with a fixed object,Tuesday,Unknown,100,2019/01/29,12:00:00,No,1.0,1.0,-38.32916701,146.2791697,LATROBE
T20190001981,Dry,Clear,Collision with a fixed object,Friday,Day,100,2019/02/01,18:44:00,Yes,4.0,4.0,-38.02514049,147.059224,WELLINGTON
T20190001982,Dry,Clear,Collision with a fixed object,Friday,Dark No street lights,50,2019/02/01,21:10:00,Yes,1.0,1.0,-36.80113735,144.2486403,GREATER BENDIGO
T20190001983,Dry,Clear,Collision with a fixed object,Friday,Day,80,2019/02/01,17:11:00,Yes,1.0,1.0,-37.60304195,143.8544693,BALLARAT
T20190001987,Dry,Not known,Collision with a fixed object,Friday,Dusk/Dawn,50,2019/02/01,20:52:00,Yes,1.0,1.0,-38.36366056,141.5971301,GLENELG
T20190001989,Dry,Clear,Struck Pedestrian,Friday,Dusk/Dawn,50,2019/02/01,19:45:00,Yes,2.0,1.0,-38.10515883,147.0681888,WELLINGTON
T20190001992,Dry,Clear,Collision with vehicle,Friday,Day,80,2019/02/01,19:47:00,Yes,2.0,2.0,-34.22390585,142.1153556,MILDURA
T20190002006,Dry,Clear,Collision with a fixed object,Saturday,Day,100,2019/02/02,07:55:00,Yes,1.0,1.0,-37.41385153,144.8870517,MACEDON RANGES
T20190002010,Dry,Clear,Struck Pedestrian,Saturday,Day,50,2019/02/02,08:45:00,No,2.0,1.0,-35.34012988,143.5584206,SWAN HILL
T20190002017,Dry,Clear,Vehicle overturned (no collision),Saturday,Dark No street lights,100,2019/02/02,03:00:00,Yes,1.0,1.0,-38.33363535,143.2395374,CORANGAMITE
T20190002046,Dry,Clear,Collision with a fixed object,Saturday,Dark No street lights,40,2019/02/02,01:00:00,Yes,1.0,1.0,-38.67127649,146.3866256,SOUTH GIPPSLAND
T20190002051,Dry,Clear,Collision with a fixed object,Saturday,Day,100,2019/02/02,19:00:00,Yes,6.0,1.0,-38.17620431,145.887272,BAW BAW
T20190002059,Dry,Clear,Collision with a fixed object,Saturday,Day,100,2019/02/02,18:00:00,Yes,1.0,1.0,-37.02409108,145.458547,MURRINDINDI
T20190002078,Dry,Clear,Collision with a fixed object,Sunday,Day,50,2019/02/03,09:15:00,Yes,1.0,1.0,-37.59876149,141.6960998,SOUTHERN GRAMPIANS
T20190002081,Dry,Clear,Collision with a fixed object,Sunday,Dark No street lights,100,2019/02/03,01:00:00,No,1.0,1.0,-35.98848332,147.3622743,TOWONG
T20190002091,Dry,Clear,Struck Pedestrian,Friday,Day,999,2019/02/01,11:05:00,No,2.0,1.0,-37.51041269,145.7478375,MURRINDINDI
T20190002092,Dry,Clear,Collision with a fixed object,Sunday,Day,100,2019/02/03,12:15:00,No,1.0,1.0,-38.47167003,145.54265,BASS COAST
T20190002093,Dry,Clear,Collision with vehicle,Sunday,Day,50,2019/02/03,13:01:00,No,6.0,1.0,-38.75586007,143.6692696,COLAC OTWAY
T20190002099,Dry,Not known,Vehicle overturned (no collision),Saturday,Dark No street lights,80,2019/02/02,23:30:00,Yes,1.0,1.0,-38.68557962,143.2773157,COLAC OTWAY
T20190002102,Dry,Clear,Collision with vehicle,Sunday,Day,100,2019/02/03,07:00:00,Yes,2.0,1.0,-38.21283099,144.1807652,SURF COAST
T20190002113,Dry,Not known,Collision with a fixed object,Saturday,Day,80,2019/02/02,10:30:00,No,1.0,1.0,-38.32761091,142.0834385,MOYNE
T20190002128,Dry,Clear,Collision with vehicle,Sunday,Dark Street lights unknown,50,2019/02/03,00:30:00,No,1.0,1.0,-38.26353978,144.5467098,GREATER GEELONG
T20190002129,Dry,Clear,Fall from or in moving vehicle,Thursday,Day,100,2019/01/31,11:30:00,No,1.0,1.0,-38.09198974,146.3540089,BAW BAW
T20190002134,Dry,Clear,Collision with vehicle,Monday,Dusk/Dawn,80,2019/02/04,06:00:00,Yes,3.0,3.0,-38.24436732,144.2961203,GREATER GEELONG
T20190002135,Dry,Clear,Collision with vehicle,Sunday,Day,110,2019/02/03,16:40:00,Yes,3.0,2.0,-37.68332182,144.4720849,MOORABOOL
T20190002137,Wet,Raining,No collision and no object struck,Thursday,Day,999,2019/01/31,17:00:00,No,1.0,1.0,-38.02947975,146.0779418,BAW BAW
T20190002141,Dry,Clear,Struck Pedestrian,Monday,Day,50,2019/02/04,12:40:00,No,2.0,1.0,-36.39443253,145.359371,GREATER SHEPPARTON
T20190002153,Unknown,Not known,Fall from or in moving vehicle,Saturday,Day,999,2019/02/02,14:15:00,Yes,1.0,1.0,-38.52722342,143.9784934,SURF COAST
T20190002159,Dry,Clear,Collision with vehicle,Monday,Day,60,2019/02/04,17:10:00,No,3.0,1.0,-38.21903903,144.2872139,GREATER GEELONG
T20190002165,Dry,Clear,Collision with vehicle,Monday,Day,100,2019/02/04,18:34:00,Yes,2.0,2.0,-38.49998901,142.9982918,CORANGAMITE