Accident_No,Surface_Cond_Desc,Atmosph_Cond_Desc,Accident_Type_Desc,Day,Light_Condition_Desc,Speed_Zone,Accident_Date,Accident_Time,Alcohol_Influence,Total_Persons_Inv,Inj_Or_Fatal,Lat,Long,LGA
T20190002175,Dry,Clear,Collision with vehicle,Monday,Day,100,2019/02/04,20:15:00,Yes,2.0,1.0,-38.29073,145.7689731,SOUTH GIPPSLAND
T20190002207,Dry,Clear,Collision with vehicle,Tuesday,Day,60,2019/02/05,09:50:00,No,2.0,1.0,-35.33746091,143.5606153,SWAN HILL
T20190002224,Dry,Clear,Collision with a fixed object,Tuesday,Day,100,2019/02/05,17:45:00,No,1.0,1.0,-38.279282,142.2568696,MOYNE
T20190002234,Dry,Clear,Collision with vehicle,Tuesday,Dark No street lights,100,2019/02/05,22:25:00,Yes,2.0,2.0,-38.1963306,144.6408825,GREATER GEELONG
T20190002237,Dry,Clear,Collision with a fixed object,Tuesday,Dark No street lights,999,2019/02/05,23:50:00,Yes,1.0,1.0,-37.53721874,145.3924302,MURRINDINDI
T20190002246,Dry,Clear,Collision with vehicle,Sunday,Day,80,2019/01/27,15:00:00,No,3.0,1.0,-38.29960965,143.7881069,COLAC OTWAY
T20190002247,Dry,Clear,Struck Pedestrian,Wednesday,Day,40,2019/02/06,07:50:00,No,2.0,1.0,-36.72401884,144.3106409,GREATER BENDIGO
T20190002249,Wet,Raining,Collision with a fixed object,Wednesday,Day,80,2019/02/06,09:06:00,No,1.0,1.0,-38.17311876,146.3459958,LATROBE
T20190002252,Dry,Clear,Collision with a fixed object,Tuesday,Day,100,2019/02/05,11:00:00,No,1.0,1.0,-34.71910911,142.9992399,SWAN HILL
T20190002254,Dry,Clear,Collision with vehicle,Wednesday,Day,80,2019/02/06,10:05:00,No,2.0,1.0,-38.09019757,145.8294961,BAW BAW
T20190002269,Dry,Clear,Struck animal,Monday,Dusk/Dawn,100,2019/01/28,06:30:00,No,1.0,1.0,-37.22717128,145.0152315,MITCHELL
T20190002287,Dry,Clear,Collision with vehicle,Wednesday,Day,60,2019/02/06,17:45:00,No,2.0,1.0,-38.06553248,144.3498286,GREATER GEELONG
T20190002291,Dry,Clear,Vehicle overturned (no collision),Wednesday,Day,80,2019/02/06,16:10:00,No,4.0,4.0,-38.00436957,144.4225391,GREATER GEELONG
T20190002292,Dry,Clear,Collision with vehicle,Wednesday,Day,40,2019/02/06,17:51:00,No,2.0,2.0,-38.14550281,144.3558573,GREATER GEELONG
T20190002293,Wet,Raining,Collision with a fixed object,Wednesday,Day,40,2019/02/06,17:57:00,No,3.0,1.0,-36.71783613,142.20015,HORSHAM
T20190002305,Dry,Clear,Vehicle overturned (no collision),Wednesday,Day,100,2019/02/06,15:52:00,No,1.0,1.0,-38.24945004,146.53284,LATROBE
T20190002307,Wet,Raining,Vehicle overturned (no collision),Wednesday,Day,100,2019/02/06,17:15:00,No,1.0,1.0,-37.05218844,144.508518,MOUNT ALEXANDER
T20190002309,Wet,Clear,Vehicle overturned (no collision),Wednesday,Dark No street lights,100,2019/02/06,20:49:00,Yes,1.0,1.0,-38.58427668,142.9625043,CORANGAMITE
T20190002313,Dry,Clear,Collision with a fixed object,Tuesday,Dark Street lights on,60,2019/02/05,22:30:00,Yes,1.0,1.0,-38.18244605,144.3447307,GREATER GEELONG
T20190002318,Dry,Dust,Collision with vehicle,Wednesday,Day,100,2019/02/06,16:45:00,No,3.0,2.0,-36.52269874,143.9473443,LODDON
T20190002323,Dry,Clear,Collision with vehicle,Wednesday,Dark Street lights on,50,2019/02/06,06:00:00,Yes,3.0,1.0,-36.14232203,144.7554737,CAMPASPE
T20190002324,Wet,Raining,Collision with vehicle,Wednesday,Dark No street lights,110,2019/02/06,21:39:00,Yes,3.0,3.0,-37.55299162,144.0730589,MOORABOOL
T20190002327,Wet,Clear,Collision with vehicle,Thursday,Dark Street lights on,60,2019/02/07,05:13:00,Yes,3.0,3.0,-38.22970948,146.4041517,LATROBE
T20190002336,Wet,Raining,Collision with a fixed object,Wednesday,Day,100,2019/02/06,18:02:00,Yes,1.0,1.0,-37.62468303,144.2109131,MOORABOOL
T20190002342,Dry,Clear,Collision with vehicle,Thursday,Day,70,2019/02/07,11:14:00,No,3.0,1.0,-38.19722082,144.3177908,GREATER GEELONG
T20190002352,Dry,Clear,Fall from or in moving vehicle,Monday,Day,999,2019/02/04,14:00:00,No,1.0,1.0,-36.74293383,146.4780896,WANGARATTA
T20190002362,Dry,Clear,Collision with vehicle,Thursday,Day,110,2019/02/07,12:30:00,No,3.0,1.0,-37.07758764,144.3166003,MOUNT ALEXANDER
T20190002364,Dry,Clear,collision with some other object,Wednesday,Dark No street lights,100,2019/02/06,21:15:00,Yes,1.0,1.0,-36.88755015,145.9952286,MANSFIELD
T20190002367,Dry,Clear,Collision with vehicle,Thursday,Day,50,2019/02/07,15:25:00,No,2.0,1.0,-38.19191015,146.5288619,LATROBE
T20190002381,Dry,Clear,Collision with vehicle,Thursday,Day,110,2019/02/07,17:30:00,No,4.0,3.0,-37.65838714,144.3733658,MOORABOOL
T20190002383,Dry,Clear,Collision with vehicle,Thursday,Day,50,2019/02/07,15:00:00,No,2.0,1.0,-38.30914744,144.3293261,SURF COAST
T20190002395,Dry,Clear,Collision with vehicle,Thursday,Day,70,2019/02/07,16:50:00,No,2.0,1.0,-38.19699057,144.3420148,GREATER GEELONG
T20190002405,Dry,Clear,Collision with a fixed object,Friday,Dark No street lights,80,2019/02/08,00:35:00,Yes,2.0,1.0,-38.17042773,144.6716604,GREATER GEELONG
T20190002406,Wet,Raining,Collision with a fixed object,Monday,Dark No street lights,100,2019/02/04,03:45:00,Yes,1.0,1.0,-38.24925403,142.4618373,MOYNE
T20190002415,Dry,Clear,Collision with vehicle,Friday,Dusk/Dawn,80,2019/02/08,06:30:00,No,2.0,1.0,-38.21802993,146.4756639,LATROBE
T20190002416,Dry,Clear,Collision with vehicle,Friday,Day,60,2019/02/08,07:47:00,No,2.0,1.0,-37.56026506,143.8444996,BALLARAT
T20190002423,Dry,Clear,Collision with a fixed object,Tuesday,Day,100,2019/01/29,13:48:00,No,2.0,1.0,-37.47522177,143.3773313,PYRENEES
T20190002432,Dry,Clear,Vehicle overturned (no collision),Friday,Day,100,2019/02/08,11:25:00,No,1.0,1.0,-36.7018399,146.8357125,ALPINE
T20190002435,Dry,Clear,Collision with vehicle,Friday,Day,60,2019/02/08,12:10:00,No,2.0,2.0,-36.74648482,144.2778395,GREATER BENDIGO
T20190002443,Dry,Clear,Collision with vehicle,Friday,Day,80,2019/02/08,12:10:00,No,6.0,3.0,-38.37880483,144.2107171,SURF COAST
T20190002470,Dry,Clear,Collision with vehicle,Friday,Day,60,2019/02/08,19:46:00,Yes,2.0,1.0,-36.75399623,144.2515818,GREATER BENDIGO
T20190002484,Dry,Clear,Collision with a fixed object,Friday,Dark No street lights,60,2019/02/08,23:30:00,Yes,1.0,1.0,-37.97226046,144.4614841,GREATER GEELONG
T20190002494,Wet,Raining,Collision with vehicle,Saturday,Day,50,2019/02/09,09:19:00,No,2.0,1.0,-37.05038197,143.7452174,CENTRAL GOLDFIELDS
T20190002495,Wet,Raining,Collision with vehicle,Saturday,Day,50,2019/02/09,09:35:00,No,3.0,1.0,-37.24447109,144.4515512,MACEDON RANGES
T20190002503,Wet,Raining,Collision with a fixed object,Saturday,Day,100,2019/02/09,08:20:00,No,1.0,1.0,-38.22185219,144.0622614,SURF COAST
T20190002504,Wet,Raining,Collision with vehicle,Saturday,Day,80,2019/02/09,13:15:00,No,4.0,3.0,-38.20731808,146.5025033,LATROBE
T20190002508,Dry,Clear,No collision and no object struck,Friday,Day,60,2019/02/08,15:25:00,No,2.0,1.0,-37.28945494,144.9558731,MITCHELL
T20190002509,Dry,Clear,Collision with vehicle,Saturday,Day,100,2019/02/09,12:00:00,No,3.0,3.0,-38.2873723,143.652894,COLAC OTWAY
T20190002512,Dry,Clear,Collision with vehicle,Tuesday,Day,50,2019/02/05,15:20:00,No,3.0,1.0,-37.27651259,142.9456539,ARARAT
T20190002533,Dry,Clear,Vehicle overturned (no collision),Tuesday,Day,100,2019/01/01,11:00:00,No,1.0,1.0,-35.90119067,143.5118718,GANNAWARRA
T20190002540,Dry,Clear,Collision with a fixed object,Sunday,Dark No street lights,100,2019/02/10,01:00:00,Yes,1.0,1.0,-37.04984914,144.292084,MOUNT ALEXANDER
T20190002548,Dry,Clear,Collision with a fixed object,Saturday,Day,100,2019/02/09,14:30:00,Yes,1.0,1.0,-36.68529956,143.1830748,NORTHERN GRAMPIANS
T20190002549,Dry,Clear,collision with some other object,Sunday,Day,60,2019/02/10,08:50:00,No,1.0,1.0,-38.2655294,144.6175107,GREATER GEELONG
T20190002554,Dry,Clear,Collision with vehicle,Sunday,Day,100,2019/02/10,09:35:00,Yes,3.0,3.0,-37.97580376,144.2724843,GREATER GEELONG
T20190002560,Dry,Clear,Collision with vehicle,Monday,Day,60,2019/01/28,10:10:00,No,2.0,1.0,-38.38827807,142.4833818,WARRNAMBOOL
T20190002564,Dry,Not known,Collision with a fixed object,Saturday,Dark No street lights,100,2019/02/09,23:00:00,Yes,1.0,1.0,-38.20488964,144.639207,GREATER GEELONG
T20190002571,Wet,Raining,Collision with vehicle,Saturday,Day,40,2019/02/09,15:40:00,No,6.0,1.0,-38.64199182,143.6642912,COLAC OTWAY
T20190002574,Dry,Clear,Collision with vehicle,Sunday,Day,100,2019/02/10,15:15:00,No,4.0,2.0,-37.28722233,144.2801154,HEPBURN
T20190002576,Dry,Clear,Collision with vehicle,Sunday,Day,100,2019/02/10,10:50:00,No,7.0,2.0,-38.3752648,146.1777795,SOUTH GIPPSLAND
T20190002579,Dry,Clear,Struck Pedestrian,Sunday,Day,60,2019/02/10,17:45:00,Yes,2.0,2.0,-38.16085943,144.354498,GREATER GEELONG
T20190002585,Dry,Clear,Collision with vehicle,Sunday,Day,100,2019/02/10,14:15:00,No,2.0,2.0,-38.33302979,145.7263767,SOUTH GIPPSLAND
T20190002586,Dry,Clear,Collision with vehicle,Sunday,Day,60,2019/02/10,18:15:00,Yes,3.0,1.0,-36.12575488,144.7535555,CAMPASPE
T20190002587,Wet,Not known,Vehicle overturned (no collision),Sunday,Dark No street lights,100,2019/02/10,02:45:00,Yes,3.0,1.0,-38.36032962,142.916587,CORANGAMITE
T20190002590,Dry,Clear,Collision with a fixed object,Sunday,Day,100,2019/02/10,18:00:00,Yes,1.0,1.0,-36.08319142,145.054101,MOIRA
T20190002591,Dry,Clear,Vehicle overturned (no collision),Sunday,Day,60,2019/02/10,18:40:00,Yes,2.0,2.0,-37.89243617,144.3785211,GREATER GEELONG
T20190002593,Dry,Clear,Collision with vehicle,Sunday,Dark Street lights on,60,2019/02/10,21:30:00,Yes,4.0,4.0,-38.37813371,142.4816304,WARRNAMBOOL
T20190002605,Dry,Clear,Collision with vehicle,Sunday,Day,60,2019/02/10,19:30:00,Yes,4.0,3.0,-38.20189474,146.5494908,LATROBE
T20190002609,Dry,Clear,Collision with vehicle,Monday,Day,60,2019/02/11,08:40:00,No,2.0,1.0,-36.19982875,147.8946026,TOWONG
T20190002610,Dry,Clear,Struck Pedestrian,Monday,Day,50,2019/02/11,09:55:00,No,3.0,1.0,-36.35515265,146.3264561,WANGARATTA
T20190002611,Dry,Clear,Collision with vehicle,Monday,Day,100,2019/02/11,06:55:00,Yes,2.0,1.0,-38.16139406,145.7253083,BAW BAW
T20190002614,Dry,Clear,Collision with vehicle,Monday,Day,60,2019/02/11,08:38:00,Yes,6.0,1.0,-37.30730029,144.9501023,MITCHELL
T20190002615,Dry,Clear,Collision with a fixed object,Monday,Day,100,2019/02/11,08:22:00,No,2.0,2.0,-36.35746869,144.7397999,CAMPASPE
T20190002623,Dry,Clear,Collision with vehicle,Monday,Day,60,2019/02/11,08:50:00,Yes,2.0,1.0,-38.17956549,144.362778,GREATER GEELONG
T20190002632,Dry,Clear,Vehicle overturned (no collision),Sunday,Day,80,2019/02/10,15:00:00,No,1.0,1.0,-37.19950043,145.82185,MURRINDINDI
T20190002635,Dry,Clear,Collision with vehicle,Monday,Day,100,2019/02/11,07:00:00,No,2.0,2.0,-37.30768061,144.1478702,HEPBURN
T20190002649,Dry,Clear,Collision with vehicle,Monday,Day,60,2019/02/11,16:40:00,No,2.0,1.0,-38.18043496,144.3835427,GREATER GEELONG
T20190002650,Dry,Clear,Collision with vehicle,Monday,Day,70,2019/02/11,16:05:00,No,7.0,4.0,-38.18192062,144.3477442,GREATER GEELONG
T20190002661,Dry,Clear,Collision with a fixed object,Tuesday,Dark No street lights,80,2019/02/12,00:50:00,Yes,1.0,1.0,-38.10687604,146.4514312,LATROBE
T20190002677,Dry,Clear,Collision with vehicle,Tuesday,Day,110,2019/02/12,07:45:00,No,3.0,2.0,-36.60137552,145.8671336,BENALLA
T20190002680,Dry,Clear,Collision with vehicle,Tuesday,Day,80,2019/02/12,09:10:00,No,2.0,1.0,-38.27902974,146.4136598,LATROBE
T20190002685,Wet,Raining,Collision with a fixed object,Tuesday,Day,80,2019/02/12,11:05:00,No,2.0,1.0,-38.48915202,146.1313405,SOUTH GIPPSLAND
T20190002689,Dry,Clear,Vehicle overturned (no collision),Tuesday,Day,60,2019/02/12,08:00:00,No,1.0,1.0,-36.42936935,146.6994954,WANGARATTA
T20190002699,Wet,Raining,Collision with a fixed object,Tuesday,Day,100,2019/02/12,11:45:00,No,1.0,1.0,-38.63117926,146.2256776,SOUTH GIPPSLAND
T20190002703,Wet,Raining,Collision with a fixed object,Tuesday,Day,80,2019/02/12,14:05:00,No,2.0,2.0,-38.21872038,144.3004832,GREATER GEELONG
T20190002712,Dry,Not known,Collision with vehicle,Tuesday,Day,50,2019/02/12,16:54:00,No,3.0,2.0,-36.37757551,145.4196714,GREATER SHEPPARTON
T20190002725,Wet,Clear,Collision with a fixed object,Monday,Day,100,2018/11/26,09:30:00,Yes,2.0,1.0,-37.79861184,148.7383409,EAST GIPPSLAND
T20190002727,Wet,Raining,Collision with vehicle,Tuesday,Dark Street lights on,50,2019/02/12,20:34:00,Yes,4.0,1.0,-38.33971038,143.5870557,COLAC OTWAY
T20190002746,Dry,Clear,Collision with vehicle,Wednesday,Day,100,2019/02/13,09:25:00,No,2.0,1.0,-37.28627002,144.4463546,MACEDON RANGES
T20190002748,Dry,Clear,Collision with vehicle,Wednesday,Day,100,2019/02/13,07:57:00,No,2.0,2.0,-34.22400325,142.0642318,MILDURA
T20190002750,Dry,Clear,Collision with vehicle,Wednesday,Day,50,2019/02/13,10:45:00,No,2.0,1.0,-38.15476041,144.3544542,GREATER GEELONG
T20190002758,Dry,Clear,No collision and no object struck,Friday,Day,80,2019/02/01,10:00:00,No,1.0,1.0,-37.5239914,144.2406669,MOORABOOL
T20190002768,Wet,Clear,Collision with vehicle,Tuesday,Day,100,2019/02/12,16:45:00,No,2.0,2.0,-38.19480913,146.2062121,BAW BAW
T20190002769,Dry,Clear,Collision with a fixed object,Tuesday,Dusk/Dawn,100,2019/02/12,18:45:00,Yes,2.0,1.0,-35.98647003,143.9457896,LODDON
T20190002774,Dry,Clear,Collision with vehicle,Wednesday,Day,60,2019/01/30,15:00:00,No,2.0,1.0,-38.08675,144.3480563,GREATER GEELONG
T20190002783,Dry,Clear,Collision with a fixed object,Wednesday,Day,100,2019/02/13,15:30:00,No,1.0,1.0,-36.44009757,145.30495,GREATER SHEPPARTON
T20190002785,Dry,Clear,Struck Pedestrian,Wednesday,Day,60,2019/02/13,15:00:00,No,2.0,1.0,-38.30778336,144.3202301,SURF COAST
T20190002790,Dry,Clear,Collision with vehicle,Wednesday,Day,100,2019/02/13,16:05:00,No,3.0,3.0,-38.66183433,145.9295858,SOUTH GIPPSLAND
T20190002791,Dry,Clear,Collision with a fixed object,Wednesday,Day,100,2019/02/13,14:15:00,No,2.0,2.0,-37.25436922,144.6750199,MACEDON RANGES
T20190002794,Dry,Clear,Collision with vehicle,Wednesday,Day,80,2019/02/13,18:10:00,Yes,3.0,2.0,-38.49669677,145.2389322,BASS COAST
T20190002796,Unknown,Clear,Collision with a fixed object,Wednesday,Dusk/Dawn,999,2019/02/13,20:15:00,Yes,1.0,1.0,-36.81990409,144.0515492,GREATER BENDIGO
T20190002803,Dry,Clear,Collision with a fixed object,Wednesday,Dark No street lights,100,2019/02/13,22:48:00,Yes,1.0,1.0,-36.60389943,145.0874697,CAMPASPE
T20190002811,Dry,Clear,Collision with vehicle,Wednesday,Dark No street lights,110,2019/02/13,21:04:00,Yes,4.0,1.0,-36.69693703,145.2103773,STRATHBOGIE
T20190002817,Dry,Clear,Collision with vehicle,Thursday,Day,50,2019/02/14,07:55:00,No,1.0,1.0,-34.31003088,142.1830897,MILDURA
T20190002821,Dry,Clear,Collision with a fixed object,Thursday,Day,50,2019/02/14,10:30:00,No,1.0,1.0,-37.82603167,147.6320106,EAST GIPPSLAND
T20190002822,Dry,Clear,Collision with vehicle,Thursday,Day,50,2019/02/14,08:38:00,No,7.0,1.0,-38.13639188,145.8627459,BAW BAW
T20190002824,Dry,Clear,Collision with vehicle,Thursday,Day,100,2019/02/14,10:55:00,No,3.0,2.0,-36.50210159,142.3461502,HORSHAM
T20190002827,Dry,Clear,Collision with vehicle,Thursday,Day,100,2019/02/14,10:05:00,No,2.0,1.0,-37.33875053,144.9605181,MITCHELL
T20190002830,Dry,Clear,Collision with vehicle,Thursday,Day,70,2019/02/14,10:30:00,No,4.0,1.0,-38.1142419,144.3547939,GREATER GEELONG
T20190002845,Dry,Clear,Struck Pedestrian,Thursday,Day,50,2019/02/14,11:45:00,No,2.0,1.0,-36.01339999,146.0045789,MOIRA
T20190002874,Dry,Clear,Collision with vehicle,Thursday,Dusk/Dawn,100,2019/02/14,19:55:00,Yes,5.0,2.0,-36.48718043,144.3804227,GREATER BENDIGO
T20190002876,Dry,Clear,Collision with vehicle,Thursday,Day,100,2019/02/14,16:50:00,No,3.0,3.0,-38.38507786,142.5863838,WARRNAMBOOL
T20190002879,Dry,Clear,Collision with vehicle,Thursday,Dark Street lights on,60,2019/02/14,21:39:00,Yes,2.0,2.0,-36.80547564,144.35054,GREATER BENDIGO
T20190002883,Dry,Clear,Collision with vehicle,Thursday,Dark Street lights on,50,2019/02/14,22:05:00,Yes,2.0,1.0,-36.77950867,144.233169,GREATER BENDIGO
T20190002896,Dry,Clear,Collision with vehicle,Friday,Day,999,2019/02/15,08:15:00,No,2.0,1.0,-36.1282506,146.8908032,WODONGA
T20190002904,Dry,Clear,Collision with vehicle,Tuesday,Day,60,2019/02/12,11:55:00,No,3.0,2.0,-36.78732734,144.5028119,GREATER BENDIGO
T20190002907,Dry,Clear,Collision with a fixed object,Friday,Dark No street lights,100,2019/02/15,04:00:00,Yes,1.0,1.0,-37.9561977,146.3845567,BAW BAW
T20190002908,Dry,Clear,Struck Pedestrian,Thursday,Day,999,2019/02/14,14:45:00,No,2.0,1.0,-37.19285017,145.7101393,MURRINDINDI
T20190002915,Dry,Clear,Collision with vehicle,Thursday,Dusk/Dawn,60,2019/02/14,18:35:00,Yes,2.0,1.0,-37.57049971,143.8898001,BALLARAT
T20190002922,Dry,Clear,Collision with vehicle,Friday,Day,50,2019/02/15,10:31:00,No,3.0,1.0,-38.15272947,144.3667182,GREATER GEELONG
T20190002932,Dry,Clear,Collision with vehicle,Friday,Day,100,2019/02/15,14:40:00,No,2.0,1.0,-38.6324469,146.5545054,WELLINGTON
T20190002965,Dry,Clear,Collision with vehicle,Friday,Dark Street lights on,40,2019/02/15,21:40:00,Yes,2.0,1.0,-38.14078283,144.3482861,GREATER GEELONG
T20190002977,Dry,Not known,Struck Pedestrian,Saturday,Dark No street lights,80,2019/02/16,02:08:00,Yes,3.0,3.0,-38.20948455,146.4927557,LATROBE
T20190002978,Dry,Clear,Collision with vehicle,Friday,Dark No street lights,110,2019/02/15,22:11:00,Yes,2.0,2.0,-38.22871134,146.3619082,LATROBE
T20190002983,Dry,Clear,Struck Pedestrian,Saturday,Day,50,2019/02/16,07:28:00,Yes,2.0,1.0,-37.03998178,143.7332273,CENTRAL GOLDFIELDS
T20190002986,Dry,Clear,Collision with vehicle,Saturday,Day,50,2019/02/16,07:55:00,Yes,1.0,1.0,-34.31062996,142.1843436,MILDURA
T20190002992,Dry,Clear,Collision with vehicle,Saturday,Day,100,2019/02/16,10:10:00,No,2.0,1.0,-38.55090183,145.6838,BASS COAST
T20190002994,Dry,Clear,Collision with vehicle,Saturday,Day,60,2019/02/16,12:25:00,No,8.0,4.0,-36.11951557,146.8962802,WODONGA
T20190002996,Dry,Clear,Collision with vehicle,Saturday,Day,60,2019/02/16,08:45:00,No,2.0,1.0,-34.17827595,142.1509824,MILDURA
T20190003002,Dry,Clear,Collision with vehicle,Saturday,Day,40,2019/02/16,14:15:00,No,3.0,1.0,-36.13358214,144.7603486,CAMPASPE
T20190003008,Dry,Clear,collision with some other object,Saturday,Day,100,2019/02/16,14:30:00,Yes,1.0,1.0,-37.29664129,145.3768661,MURRINDINDI
T20190003012,Dry,Clear,Collision with a fixed object,Saturday,Day,80,2019/02/16,16:00:00,Yes,1.0,1.0,-37.09267783,143.8704312,CENTRAL GOLDFIELDS
T20190003016,Dry,Clear,Vehicle overturned (no collision),Saturday,Day,80,2019/02/16,17:00:00,Yes,1.0,1.0,-37.95346216,146.4395929,BAW BAW
T20190003017,Dry,Clear,Collision with vehicle,Sunday,Dusk/Dawn,40,2018/12/23,21:00:00,Yes,2.0,1.0,-38.16555469,144.3348617,GREATER GEELONG
T20190003021,Dry,Clear,Collision with vehicle,Friday,Dark Street lights on,50,2019/02/15,21:40:00,Yes,2.0,1.0,-35.06798931,142.3128786,MILDURA
T20190003028,Dry,Clear,Vehicle overturned (no collision),Saturday,Dark No street lights,50,2019/02/16,23:00:00,Yes,2.0,1.0,-37.41234007,145.0359799,MITCHELL
T20190003030,Dry,Clear,Collision with a fixed object,Saturday,Dark Street lights on,60,2019/02/16,23:30:00,Yes,3.0,1.0,-36.14678864,146.8751169,WODONGA
T20190003052,Dry,Clear,Collision with vehicle,Saturday,Day,50,2019/02/16,12:26:00,No,3.0,1.0,-36.76337163,144.2828909,GREATER BENDIGO
T20190003062,Dry,Clear,Collision with a fixed object,Sunday,Day,40,2019/02/17,12:15:00,No,1.0,1.0,-37.29865877,144.1252032,HEPBURN
T20190003065,Dry,Clear,Collision with vehicle,Saturday,Dusk/Dawn,60,2019/02/16,20:07:00,Yes,2.0,1.0,-37.56092213,143.8474373,BALLARAT
T20190003076,Dry,Clear,Struck Pedestrian,Sunday,Day,60,2019/02/17,17:25:00,No,2.0,1.0,-36.36667145,145.4022437,GREATER SHEPPARTON
T20190003077,Dry,Clear,Struck animal,Sunday,Day,100,2019/02/17,16:00:00,Yes,2.0,2.0,-37.72081268,141.15754,GLENELG
T20190003084,Dry,Dust,Collision with a fixed object,Sunday,Dusk/Dawn,100,2019/02/17,19:45:00,Yes,1.0,1.0,-36.42046,145.1862198,GREATER SHEPPARTON
T20190003091,Dry,Clear,Collision with a fixed object,Sunday,Dark No street lights,100,2019/02/17,20:16:00,Yes,1.0,1.0,-37.84272015,143.6812847,GOLDEN PLAINS
T20190003096,Dry,Clear,Collision with a fixed object,Monday,Dark Street lights on,60,2019/02/18,05:30:00,Yes,1.0,1.0,-37.7321211,142.0265968,SOUTHERN GRAMPIANS
T20190003105,Unknown,Not known,collision with some other object,Friday,Dark No street lights,100,2018/10/19,04:00:00,Yes,1.0,1.0,-38.55855967,145.5787974,BASS COAST
T20190003109,Dry,Clear,Struck animal,Monday,Dark No street lights,100,2019/02/18,01:00:00,Yes,1.0,1.0,-37.61944933,146.6286773,WELLINGTON
T20190003129,Dry,Clear,Collision with a fixed object,Monday,Day,50,2019/02/18,13:30:00,No,1.0,1.0,-38.26218929,144.6250303,QUEENSCLIFFE
T20190003137,Dry,Clear,Collision with vehicle,Monday,Day,60,2019/02/18,15:50:00,No,3.0,2.0,-37.56022977,143.850568,BALLARAT
T20190003140,Wet,Raining,No collision and no object struck,Saturday,Day,999,2019/02/09,10:00:00,No,1.0,1.0,-37.99872141,146.042268,BAW BAW
T20190003148,Dry,Clear,Collision with vehicle,Friday,Day,100,2019/02/15,13:35:00,No,3.0,1.0,-38.10293134,142.7750939,MOYNE
T20190003150,Dry,Clear,Collision with vehicle,Monday,Day,60,2019/02/18,19:05:00,Yes,2.0,2.0,-38.37190534,142.4742125,WARRNAMBOOL
T20190003157,Dry,Clear,Collision with a fixed object,Monday,Dark No street lights,110,2019/02/18,23:33:00,Yes,1.0,1.0,-36.73125977,145.6068198,STRATHBOGIE
T20190003160,Dry,Clear,Collision with a fixed object,Monday,Day,70,2019/02/18,16:10:00,Yes,2.0,1.0,-38.16860833,144.3843749,GREATER GEELONG
T20190003163,Dry,Clear,Collision with vehicle,Sunday,Day,60,2019/02/17,17:10:00,Yes,3.0,2.0,-36.78398612,144.2804069,GREATER BENDIGO
T20190003166,Dry,Clear,Collision with vehicle,Monday,Dark No street lights,100,2019/02/18,22:15:00,Yes,2.0,2.0,-36.42552142,145.3388365,GREATER SHEPPARTON
T20190003173,Wet,Raining,Struck animal,Tuesday,Dusk/Dawn,100,2019/02/19,06:30:00,No,1.0,1.0,-38.17755268,145.7157619,BAW BAW
T20190003174,Dry,Clear,Collision with a fixed object,Monday,Dusk/Dawn,100,2019/02/18,20:08:00,Yes,1.0,1.0,-38.14007526,141.7703756,GLENELG
T20190003184,Dry,Clear,Collision with a fixed object,Tuesday,Day,100,2019/02/19,10:12:00,No,4.0,4.0,-37.9256066,147.6346807,EAST GIPPSLAND
T20190003201,Dry,Clear,Collision with vehicle,Tuesday,Day,60,2019/02/19,13:17:00,No,2.0,1.0,-36.75548978,144.284313,GREATER BENDIGO
T20190003206,Wet,Clear,Collision with a fixed object,Tuesday,Day,80,2019/02/19,08:05:00,No,3.0,3.0,-37.88701138,146.0437117,BAW BAW
T20190003224,Dry,Clear,No collision and no object struck,Tuesday,Day,40,2019/02/19,08:53:00,No,2.0,1.0,-38.14280478,144.3575278,GREATER GEELONG
T20190003231,Dry,Clear,Collision with a fixed object,Tuesday,Dark No street lights,60,2019/02/19,20:45:00,Yes,1.0,1.0,-36.78944081,144.261755,GREATER BENDIGO
T20190003237,Dry,Clear,Collision with vehicle,Tuesday,Dark No street lights,100,2019/02/19,22:20:00,Yes,4.0,3.0,-36.23683013,146.8355201,WODONGA
T20190003239,Dry,Clear,Collision with vehicle,Wednesday,Dark No street lights,60,2019/02/20,00:25:00,Yes,2.0,1.0,-38.4462227,145.8491439,SOUTH GIPPSLAND
T20190003248,Wet,Raining,Collision with vehicle,Wednesday,Day,80,2019/02/13,10:00:00,No,3.0,1.0,-38.1723333,146.2811094,LATROBE
T20190003252,Dry,Clear,Struck Pedestrian,Friday,Day,40,2019/02/15,16:20:00,Yes,2.0,1.0,-38.14416232,144.362182,GREATER GEELONG
T20190003257,Dry,Clear,Collision with a fixed object,Tuesday,Day,100,2019/01/22,15:58:00,No,1.0,1.0,-38.03955222,144.413032,GREATER GEELONG
T20190003261,Dry,Clear,Struck Pedestrian,Wednesday,Day,60,2019/02/20,10:00:00,No,5.0,2.0,-36.38089833,145.3978907,GREATER SHEPPARTON
T20190003263,Dry,Clear,Collision with vehicle,Wednesday,Day,80,2019/02/20,09:27:00,No,2.0,1.0,-34.2198246,142.1104782,MILDURA
T20190003267,Dry,Clear,Collision with vehicle,Wednesday,Day,50,2019/02/20,09:27:00,No,4.0,3.0,-35.34360542,143.5565248,SWAN HILL
T20190003278,Dry,Clear,Collision with vehicle,Wednesday,Day,40,2019/02/20,13:49:00,No,2.0,1.0,-36.71501001,142.1997156,HORSHAM
T20190003279,Dry,Clear,Collision with vehicle,Friday,Day,60,2019/02/08,15:15:00,No,2.0,1.0,-38.1656416,144.3345812,GREATER GEELONG
T20190003280,Dry,Clear,collision with some other object,Sunday,Day,100,2019/02/10,10:00:00,No,1.0,1.0,-36.41672704,146.9676688,ALPINE