Accident_No,Surface_Cond_Desc,Atmosph_Cond_Desc,Accident_Type_Desc,Day,Light_Condition_Desc,Speed_Zone,Accident_Date,Accident_Time,Alcohol_Influence,Total_Persons_Inv,Inj_Or_Fatal,Lat,Long,LGA
T20190003281,Dry,Clear,Fall from or in moving vehicle,Wednesday,Day,50,2019/02/20,11:20:00,No,4.0,1.0,-36.37848264,141.2387293,WEST WIMMERA
T20190003285,Dry,Clear,collision with some other object,Sunday,Day,110,2019/02/17,16:55:00,Yes,1.0,1.0,-37.34725914,143.1340306,ARARAT
T20190003293,Dry,Clear,Collision with vehicle,Wednesday,Day,60,2019/02/20,18:10:00,Yes,4.0,1.0,-36.72636999,144.2586995,GREATER BENDIGO
T20190003300,Dry,Clear,Collision with a fixed object,Wednesday,Day,50,2019/02/20,17:06:00,No,1.0,1.0,-37.34057478,144.5350799,MACEDON RANGES
T20190003308,Dry,Clear,Collision with a fixed object,Wednesday,Dark No street lights,100,2019/02/20,05:19:00,Yes,3.0,3.0,-37.91822584,144.1524917,GOLDEN PLAINS
T20190003312,Dry,Clear,Collision with vehicle,Wednesday,Dark Street lights on,60,2019/02/20,23:33:00,Yes,2.0,1.0,-37.57484212,143.8681029,BALLARAT
T20190003325,Dry,Clear,Collision with vehicle,Tuesday,Day,50,2019/02/19,13:15:00,No,2.0,1.0,-37.47378093,144.9745724,MITCHELL
T20190003332,Dry,Clear,Vehicle overturned (no collision),Thursday,Day,100,2019/02/21,07:15:00,No,1.0,1.0,-38.07318076,145.8917535,BAW BAW
T20190003345,Dry,Clear,Collision with vehicle,Wednesday,Day,50,2019/02/20,19:50:00,Yes,3.0,1.0,-36.36077947,145.3905339,GREATER SHEPPARTON
T20190003358,Dry,Clear,Vehicle overturned (no collision),Sunday,Day,999,2019/01/20,09:30:00,No,1.0,1.0,-37.52465999,145.59497,MURRINDINDI
T20190003360,Dry,Clear,Collision with vehicle,Thursday,Day,60,2019/02/21,08:30:00,No,2.0,1.0,-36.69655068,144.3226866,GREATER BENDIGO
T20190003368,Dry,Clear,Struck Pedestrian,Thursday,Day,60,2019/02/21,16:30:00,No,2.0,1.0,-36.79725795,144.2321093,GREATER BENDIGO
T20190003369,Dry,Clear,Collision with vehicle,Thursday,Day,100,2019/02/21,15:16:00,No,4.0,1.0,-37.77727306,144.4413502,MOORABOOL
T20190003370,Dry,Clear,Collision with a fixed object,Thursday,Day,80,2019/02/21,16:15:00,No,1.0,1.0,-37.01987301,145.1095169,MITCHELL
T20190003371,Dry,Clear,Collision with vehicle,Thursday,Day,60,2019/02/21,15:00:00,No,2.0,2.0,-36.3664844,146.3236098,WANGARATTA
T20190003376,Dry,Clear,Collision with a fixed object,Thursday,Day,110,2019/02/21,16:45:00,No,3.0,3.0,-37.42353998,144.5424298,MACEDON RANGES
T20190003378,Dry,Clear,Collision with vehicle,Thursday,Day,50,2019/02/21,16:05:00,No,2.0,1.0,-36.36101431,145.3881397,GREATER SHEPPARTON
T20190003390,Dry,Clear,Collision with vehicle,Thursday,Day,50,2019/02/21,16:00:00,No,2.0,1.0,-38.38443631,142.4800881,WARRNAMBOOL
T20190003400,Dry,Clear,Collision with vehicle,Thursday,Dusk/Dawn,60,2019/02/21,19:45:00,Yes,4.0,3.0,-38.17047963,144.3914615,GREATER GEELONG
T20190003411,Dry,Clear,Collision with vehicle,Friday,Day,100,2019/02/22,07:35:00,No,2.0,2.0,-38.04919454,143.4556506,CORANGAMITE
T20190003412,Dry,Clear,Collision with vehicle,Friday,Day,60,2019/02/22,08:30:00,No,2.0,1.0,-37.57401501,143.8576109,BALLARAT
T20190003415,Dry,Clear,Collision with a fixed object,Friday,Day,100,2019/02/22,08:40:00,No,1.0,1.0,-37.05738219,143.6757697,CENTRAL GOLDFIELDS
T20190003418,Dry,Clear,Struck animal,Sunday,Dark No street lights,100,2019/02/17,21:00:00,No,1.0,1.0,-35.94443997,145.673094,MOIRA
T20190003432,Dry,Clear,Collision with vehicle,Monday,Day,50,2019/02/11,07:45:00,Yes,2.0,1.0,-36.35045549,146.3107527,WANGARATTA
T20190003436,Dry,Clear,Vehicle overturned (no collision),Friday,Dark No street lights,100,2019/02/22,05:45:00,Yes,1.0,1.0,-37.00496873,147.6631991,EAST GIPPSLAND
T20190003437,Dry,Clear,Collision with a fixed object,Friday,Day,100,2019/02/22,10:45:00,No,1.0,1.0,-38.28521691,146.4128634,LATROBE
T20190003445,Dry,Clear,Collision with a fixed object,Thursday,Day,100,2019/02/21,12:11:00,No,2.0,1.0,-36.70795095,147.4488451,TOWONG
T20190003449,Dry,Clear,Collision with vehicle,Friday,Day,50,2019/02/22,15:00:00,No,3.0,2.0,-34.17750076,142.1597236,MILDURA
T20190003450,Dry,Clear,Collision with a fixed object,Friday,Day,100,2019/02/22,10:10:00,No,1.0,1.0,-37.47501004,141.5257359,SOUTHERN GRAMPIANS
T20190003452,Dry,Clear,Collision with vehicle,Friday,Day,100,2019/02/22,14:10:00,No,2.0,2.0,-36.5958619,144.9372167,CAMPASPE
T20190003455,Dry,Clear,Collision with a fixed object,Friday,Day,100,2019/02/22,12:00:00,No,1.0,1.0,-37.89246039,146.0300297,BAW BAW
T20190003456,Dry,Clear,Collision with vehicle,Friday,Day,60,2019/02/22,15:20:00,No,7.0,2.0,-38.38097872,142.4860033,WARRNAMBOOL
T20190003457,Dry,Clear,Collision with a fixed object,Friday,Day,100,2019/02/22,14:36:00,No,1.0,1.0,-38.15682984,144.2667287,GREATER GEELONG
T20190003459,Dry,Clear,Collision with vehicle,Friday,Day,80,2019/02/22,15:40:00,No,3.0,1.0,-36.1486587,144.7777614,CAMPASPE
T20190003460,Dry,Clear,Struck Pedestrian,Friday,Day,40,2019/02/22,14:45:00,No,2.0,1.0,-38.14789318,144.3548291,GREATER GEELONG
T20190003465,Dry,Clear,Struck Pedestrian,Friday,Day,40,2019/02/22,16:25:00,Yes,2.0,1.0,-36.74467856,144.2086332,GREATER BENDIGO
T20190003466,Dry,Clear,Collision with a fixed object,Thursday,Day,100,2019/02/21,14:00:00,No,1.0,1.0,-36.66439843,147.4377911,TOWONG
T20190003468,Dry,Clear,Collision with vehicle,Friday,Day,50,2019/02/22,16:40:00,Yes,3.0,1.0,-37.55686865,143.8160286,BALLARAT
T20190003469,Dry,Clear,Collision with vehicle,Friday,Day,60,2019/02/22,16:35:00,Yes,2.0,1.0,-38.35767426,143.5828859,COLAC OTWAY
T20190003470,Dry,Clear,Collision with vehicle,Friday,Day,50,2019/02/22,15:45:00,No,3.0,1.0,-37.74212279,142.0217149,SOUTHERN GRAMPIANS
T20190003486,Dry,Clear,Collision with vehicle,Friday,Day,60,2019/02/22,18:02:00,Yes,3.0,2.0,-34.21465323,142.1458262,MILDURA
T20190003487,Dry,Clear,Collision with vehicle,Friday,Day,50,2019/02/22,19:05:00,Yes,4.0,2.0,-36.39006225,145.3612942,GREATER SHEPPARTON
T20190003504,Dry,Clear,Collision with vehicle,Saturday,Day,60,2019/02/23,07:50:00,Yes,2.0,2.0,-37.23323825,144.4499409,MACEDON RANGES
T20190003521,Dry,Clear,Collision with vehicle,Thursday,Day,60,2019/02/21,17:30:00,No,2.0,1.0,-37.539102,143.8222505,BALLARAT
T20190003529,Dry,Clear,Collision with vehicle,Saturday,Day,100,2019/02/23,16:04:00,Yes,5.0,2.0,-36.38501743,146.4973272,WANGARATTA
T20190003538,Dry,Clear,Collision with vehicle,Saturday,Day,60,2019/02/23,18:09:00,Yes,2.0,2.0,-38.17473944,146.2571917,LATROBE
T20190003545,Dry,Clear,Collision with vehicle,Saturday,Day,50,2019/02/23,18:10:00,Yes,4.0,1.0,-38.3820144,145.5527078,BASS COAST
T20190003547,Dry,Clear,Collision with vehicle,Saturday,Day,80,2019/02/23,17:24:00,Yes,2.0,1.0,-38.34352727,141.5871983,GLENELG
T20190003549,Unknown,Not known,Vehicle overturned (no collision),Saturday,Dusk/Dawn,100,2019/02/23,18:30:00,Yes,1.0,1.0,-36.94039936,145.8558379,MANSFIELD
T20190003558,Dry,Clear,Collision with a fixed object,Saturday,Day,100,2019/02/23,17:00:00,Yes,1.0,1.0,-36.91541052,147.2915389,ALPINE
T20190003567,Dry,Clear,Fall from or in moving vehicle,Saturday,Dark No street lights,999,2019/02/23,23:40:00,Yes,3.0,1.0,-37.70340163,147.5843797,EAST GIPPSLAND
T20190003574,Dry,Clear,Vehicle overturned (no collision),Sunday,Day,100,2019/02/24,08:45:00,Yes,2.0,1.0,-37.6295205,142.3337053,SOUTHERN GRAMPIANS
T20190003577,Dry,Clear,Collision with vehicle,Sunday,Day,60,2019/02/24,10:30:00,No,2.0,1.0,-38.1636926,144.3532739,GREATER GEELONG
T20190003581,Dry,Clear,Collision with a fixed object,Saturday,Day,100,2019/02/23,10:30:00,No,1.0,1.0,-36.40385936,146.7033952,INDIGO
T20190003602,Dry,Clear,Collision with vehicle,Sunday,Day,60,2019/02/24,13:54:00,No,2.0,1.0,-37.56615951,143.8663175,BALLARAT
T20190003606,Dry,Clear,Collision with vehicle,Sunday,Day,80,2019/02/24,15:20:00,No,6.0,1.0,-38.51659472,145.3166787,BASS COAST
T20190003608,Dry,Clear,Collision with a fixed object,Sunday,Day,100,2019/02/24,16:00:00,No,2.0,2.0,-38.22773441,146.519262,LATROBE
T20190003613,Dry,Clear,Collision with a fixed object,Sunday,Day,100,2019/02/24,19:10:00,Yes,1.0,1.0,-38.36813048,143.056777,CORANGAMITE
T20190003616,Dry,Clear,Collision with a fixed object,Sunday,Day,100,2019/02/24,18:55:00,Yes,3.0,3.0,-38.21175648,144.2344998,SURF COAST
T20190003619,Dry,Clear,Collision with a fixed object,Sunday,Dark No street lights,100,2019/02/24,21:40:00,No,1.0,1.0,-38.33078202,146.34341,LATROBE
T20190003629,Dry,Clear,Collision with vehicle,Monday,Day,50,2019/02/25,07:50:00,No,2.0,1.0,-38.0321819,144.3932597,GREATER GEELONG
T20190003635,Dry,Clear,Collision with a fixed object,Monday,Day,100,2019/02/25,07:00:00,No,1.0,1.0,-37.92888898,144.1163724,GOLDEN PLAINS
T20190003637,Dry,Clear,Collision with vehicle,Monday,Day,60,2019/02/25,08:30:00,No,9.0,2.0,-37.53575861,143.8533302,BALLARAT
T20190003646,Dry,Clear,Collision with vehicle,Monday,Day,100,2019/02/25,08:20:00,No,2.0,1.0,-38.29045396,142.5845527,MOYNE
T20190003647,Dry,Clear,Collision with vehicle,Monday,Day,80,2019/02/25,12:05:00,No,2.0,1.0,-38.62701905,145.7217363,BASS COAST
T20190003654,Dry,Clear,Collision with vehicle,Monday,Day,100,2019/02/25,12:04:00,No,4.0,1.0,-35.96984842,145.6192356,MOIRA
T20190003657,Dry,Clear,Collision with a fixed object,Monday,Day,100,2019/02/25,15:50:00,No,1.0,1.0,-38.00340975,142.1098904,MOYNE
T20190003669,Dry,Clear,Collision with vehicle,Monday,Day,60,2019/02/25,16:25:00,No,4.0,4.0,-36.55617971,145.9715333,BENALLA
T20190003671,Dry,Clear,Collision with vehicle,Monday,Day,80,2019/02/25,17:05:00,No,2.0,2.0,-36.5413294,146.0145596,BENALLA
T20190003674,Dry,Clear,Collision with vehicle,Monday,Day,100,2019/02/25,16:45:00,No,4.0,2.0,-38.38919139,145.992014,SOUTH GIPPSLAND
T20190003676,Dry,Clear,Collision with vehicle,Monday,Day,80,2019/02/25,16:20:00,No,2.0,1.0,-37.0297806,145.1041988,MITCHELL
T20190003678,Unknown,Not known,Fall from or in moving vehicle,Sunday,Day,80,2018/12/23,15:00:00,No,2.0,1.0,-37.58365964,143.9163192,MOORABOOL
T20190003680,Dry,Clear,No collision and no object struck,Sunday,Day,100,2019/02/24,09:00:00,Yes,1.0,1.0,-36.27511689,143.3902213,BULOKE
T20190003683,Dry,Clear,Collision with vehicle,Monday,Day,100,2019/02/25,17:25:00,No,3.0,3.0,-37.77399852,143.7740777,GOLDEN PLAINS
T20190003685,Dry,Clear,Collision with a fixed object,Monday,Day,100,2019/02/25,17:20:00,No,1.0,1.0,-37.77399238,143.7740838,GOLDEN PLAINS
T20190003691,Dry,Clear,Collision with vehicle,Friday,Day,50,2019/02/22,18:00:00,Yes,3.0,2.0,-37.82458249,147.6315121,EAST GIPPSLAND
T20190003697,Dry,Clear,Fall from or in moving vehicle,Monday,Dark Street lights on,50,2019/02/25,23:30:00,Yes,2.0,1.0,-37.52555123,143.7971297,BALLARAT
T20190003713,Dry,Clear,Collision with vehicle,Tuesday,Day,60,2019/02/26,08:45:00,No,2.0,1.0,-37.57367971,143.8285575,BALLARAT
T20190003725,Dry,Clear,Vehicle overturned (no collision),Tuesday,Day,100,2019/02/26,07:00:00,No,1.0,1.0,-36.32930511,143.9746741,LODDON
T20190003728,Dry,Clear,Collision with vehicle,Tuesday,Day,80,2019/02/26,09:45:00,No,2.0,1.0,-35.18530773,143.3771935,SWAN HILL
T20190003736,Dry,Clear,Collision with vehicle,Tuesday,Day,60,2019/02/26,12:30:00,No,3.0,1.0,-38.03099783,141.9981031,MOYNE
T20190003737,Dry,Clear,Struck Pedestrian,Tuesday,Day,60,2019/02/26,11:52:00,No,2.0,1.0,-38.11695569,144.3422102,GREATER GEELONG
T20190003738,Dry,Clear,Collision with vehicle,Tuesday,Day,60,2019/02/26,10:15:00,No,3.0,3.0,-38.18584758,144.3709001,GREATER GEELONG
T20190003755,Dry,Clear,Collision with vehicle,Tuesday,Day,60,2019/02/26,08:30:00,No,2.0,1.0,-38.15774423,144.3728017,GREATER GEELONG
T20190003758,Dry,Clear,collision with some other object,Tuesday,Day,100,2019/02/26,14:00:00,No,1.0,1.0,-36.70876978,147.4485188,TOWONG
T20190003785,Dry,Clear,Collision with vehicle,Wednesday,Day,100,2019/02/27,08:01:00,No,3.0,1.0,-36.06910607,145.4504748,MOIRA
T20190003786,Dry,Dust,collision with some other object,Monday,Day,999,2019/02/25,18:00:00,Yes,1.0,1.0,-37.27380588,145.6149437,MURRINDINDI
T20190003800,Dry,Clear,Collision with a fixed object,Tuesday,Day,100,2019/02/26,15:47:00,No,1.0,1.0,-36.62435279,146.8326248,ALPINE
T20190003803,Dry,Not known,Collision with vehicle,Monday,Day,60,2019/02/18,10:15:00,No,3.0,1.0,-38.16665874,145.9422802,BAW BAW
T20190003806,Dry,Clear,Collision with vehicle,Wednesday,Day,100,2019/02/27,12:00:00,No,2.0,1.0,-38.70268286,146.0871188,SOUTH GIPPSLAND
T20190003807,Dry,Clear,Collision with vehicle,Wednesday,Day,100,2019/02/27,08:25:00,No,5.0,1.0,-38.3820144,145.5527078,BASS COAST
T20190003813,Dry,Clear,Collision with a fixed object,Friday,Dark No street lights,999,2019/02/22,22:00:00,Yes,2.0,1.0,-37.24040649,145.3271953,MURRINDINDI
T20190003816,Dry,Clear,Collision with a fixed object,Wednesday,Day,100,2019/02/27,14:00:00,No,1.0,1.0,-37.60968159,143.7364906,GOLDEN PLAINS
T20190003817,Dry,Clear,Collision with vehicle,Wednesday,Day,60,2019/02/27,14:10:00,No,3.0,2.0,-38.11547038,144.6566465,GREATER GEELONG
T20190003819,Dry,Clear,Collision with vehicle,Wednesday,Day,100,2019/02/27,13:09:00,No,2.0,1.0,-36.96421881,142.1616905,HORSHAM
T20190003823,Dry,Clear,Collision with vehicle,Wednesday,Day,80,2019/02/27,16:30:00,No,3.0,1.0,-36.1068492,146.8379326,WODONGA
T20190003828,Dry,Clear,Collision with vehicle,Wednesday,Day,50,2019/02/27,17:00:00,No,2.0,1.0,-37.73278217,142.0324794,SOUTHERN GRAMPIANS
T20190003835,Dry,Clear,Collision with a fixed object,Wednesday,Day,100,2019/02/27,17:55:00,No,1.0,1.0,-38.2630698,141.4874881,GLENELG
T20190003840,Dry,Clear,Collision with vehicle,Wednesday,Day,50,2019/02/27,17:45:00,No,2.0,1.0,-38.023499,144.4010572,GREATER GEELONG
T20190003862,Dry,Clear,Collision with vehicle,Wednesday,Dusk/Dawn,50,2019/02/27,06:50:00,No,2.0,1.0,-38.38158295,142.4791037,WARRNAMBOOL
T20190003864,Dry,Clear,Collision with vehicle,Saturday,Day,50,2019/02/23,09:31:00,No,2.0,1.0,-38.14549632,144.3473415,GREATER GEELONG
T20190003873,Dry,Clear,No collision and no object struck,Thursday,Dusk/Dawn,50,2019/02/28,06:35:00,No,3.0,1.0,-34.58700029,142.7782003,SWAN HILL
T20190003876,Dry,Clear,Collision with a fixed object,Thursday,Day,100,2019/02/28,08:00:00,No,1.0,1.0,-36.47061014,146.0029097,BENALLA
T20190003877,Dry,Clear,Collision with vehicle,Thursday,Day,80,2019/02/28,07:45:00,No,2.0,1.0,-38.17484707,144.4628446,GREATER GEELONG
T20190003878,Dry,Clear,Collision with vehicle,Thursday,Day,60,2019/02/28,07:45:00,No,2.0,1.0,-37.56917643,143.8459107,BALLARAT
T20190003881,Dry,Clear,Collision with vehicle,Thursday,Day,60,2019/02/28,08:00:00,No,2.0,2.0,-36.75733304,144.2596413,GREATER BENDIGO
T20190003889,Dry,Clear,Collision with vehicle,Thursday,Day,80,2019/02/28,10:09:00,No,2.0,1.0,-38.16477332,144.4252022,GREATER GEELONG
T20190003894,Dry,Clear,Collision with a fixed object,Thursday,Day,999,2019/02/28,09:00:00,No,1.0,1.0,-37.31203051,144.5194484,MACEDON RANGES
T20190003924,Dry,Clear,Collision with vehicle,Thursday,Day,60,2019/02/28,16:12:00,No,1.0,1.0,-38.12865721,144.3505976,GREATER GEELONG
T20190003937,Dry,Clear,Collision with vehicle,Thursday,Dark Street lights on,60,2019/02/28,21:00:00,Yes,5.0,1.0,-36.01502123,146.0132886,MOIRA
T20190003938,Dry,Clear,Vehicle overturned (no collision),Thursday,Day,60,2019/02/28,16:50:00,No,1.0,1.0,-37.81570561,147.6169502,EAST GIPPSLAND
T20190003939,Dry,Clear,Collision with vehicle,Thursday,Dark Street lights on,60,2019/02/28,20:30:00,Yes,3.0,1.0,-38.16391863,144.3619806,GREATER GEELONG
T20190003941,Unknown,Not known,Collision with vehicle,Wednesday,Dark No street lights,100,2019/02/27,23:34:00,Yes,3.0,3.0,-38.23733366,146.3515185,LATROBE
T20190003951,Dry,Clear,Fall from or in moving vehicle,Sunday,Day,60,2019/02/24,12:00:00,No,1.0,1.0,-38.43568648,146.7347784,WELLINGTON
T20190003958,Dry,Clear,Vehicle overturned (no collision),Thursday,Dark No street lights,60,2019/02/28,22:00:00,Yes,1.0,1.0,-36.5296912,146.0024408,BENALLA
T20190003969,Dry,Clear,Collision with vehicle,Friday,Day,60,2019/03/01,10:55:00,No,3.0,2.0,-36.1376448,146.8824359,WODONGA
T20190003973,Dry,Clear,Struck Pedestrian,Friday,Day,40,2019/03/01,12:40:00,No,2.0,1.0,-36.76059943,144.2824508,GREATER BENDIGO
T20190003975,Dry,Clear,Fall from or in moving vehicle,Friday,Day,100,2019/03/01,10:10:00,No,1.0,1.0,-37.15426129,142.4858195,NORTHERN GRAMPIANS
T20190003979,Dry,Clear,Collision with vehicle,Friday,Day,100,2019/03/01,11:40:00,No,3.0,2.0,-38.38120528,146.7589671,WELLINGTON
T20190003984,Dry,Clear,Collision with vehicle,Friday,Day,100,2019/03/01,09:10:00,No,2.0,1.0,-38.3820144,145.5527078,BASS COAST
T20190003990,Dry,Clear,Collision with vehicle,Friday,Day,80,2019/03/01,10:25:00,No,3.0,1.0,-38.35686125,142.5015512,WARRNAMBOOL
T20190003992,Dry,Clear,Collision with vehicle,Friday,Day,70,2019/03/01,15:03:00,No,3.0,1.0,-37.34527929,144.7423484,MACEDON RANGES
T20190003994,Dry,Not known,Fall from or in moving vehicle,Friday,Day,100,2019/01/18,17:00:00,No,2.0,1.0,-36.35853946,146.7535428,INDIGO
T20190004000,Dry,Clear,Collision with vehicle,Friday,Day,80,2019/03/01,16:15:00,No,3.0,3.0,-38.08961585,145.8317047,BAW BAW
T20190004002,Dry,Clear,Fall from or in moving vehicle,Friday,Day,110,2019/03/01,17:25:00,Yes,1.0,1.0,-36.59854023,145.3273506,GREATER SHEPPARTON
T20190004009,Dry,Clear,Collision with vehicle,Monday,Day,80,2019/02/25,19:22:00,Yes,2.0,1.0,-34.2400434,142.1554307,MILDURA
T20190004012,Dry,Clear,Collision with vehicle,Friday,Dark Street lights on,50,2019/03/01,20:41:00,Yes,2.0,1.0,-36.39791832,145.4194319,GREATER SHEPPARTON
T20190004031,Dry,Clear,Collision with a fixed object,Saturday,Day,100,2019/03/02,07:55:00,Yes,1.0,1.0,-37.91982712,147.2843681,WELLINGTON
T20190004033,Dry,Clear,Collision with vehicle,Saturday,Day,50,2019/03/02,10:05:00,No,6.0,1.0,-36.35584053,146.3260106,WANGARATTA
T20190004034,Dry,Clear,Vehicle overturned (no collision),Saturday,Dark No street lights,60,2019/03/02,04:00:00,Yes,1.0,1.0,-36.04731457,146.4729347,INDIGO
T20190004041,Dry,Clear,Collision with vehicle,Saturday,Day,100,2019/03/02,09:15:00,No,4.0,2.0,-37.61475117,141.0333617,GLENELG
T20190004048,Dry,Clear,Collision with vehicle,Saturday,Day,50,2019/03/02,12:45:00,No,2.0,1.0,-36.35805308,146.3210019,WANGARATTA
T20190004057,Dry,Clear,Vehicle overturned (no collision),Friday,Dark No street lights,80,2019/03/01,23:40:00,Yes,1.0,1.0,-36.5752363,146.7098705,ALPINE
T20190004065,Dry,Clear,Collision with vehicle,Saturday,Day,110,2019/03/02,13:30:00,No,2.0,1.0,-36.12978671,146.6487131,INDIGO
T20190004067,Dry,Clear,Collision with a fixed object,Saturday,Day,100,2019/03/02,16:30:00,Yes,1.0,1.0,-38.23212,144.20585,SURF COAST
T20190004088,Dry,Clear,Fall from or in moving vehicle,Saturday,Dark Street lights on,60,2019/03/02,23:33:00,Yes,7.0,1.0,-36.77265327,144.2745898,GREATER BENDIGO
T20190004099,Dry,Clear,Collision with a fixed object,Sunday,Day,50,2019/03/03,11:14:00,No,2.0,2.0,-38.1225295,144.3239254,GREATER GEELONG
T20190004103,Dry,Clear,Vehicle overturned (no collision),Sunday,Dark No street lights,100,2019/03/03,00:30:00,Yes,1.0,1.0,-36.79146624,145.08417,STRATHBOGIE
T20190004105,Unknown,Not known,Fall from or in moving vehicle,Sunday,Day,100,2019/02/10,12:30:00,No,1.0,1.0,-37.52585327,145.8449913,LAKE MOUNTAIN ALPINE RESORT (UNINC)
T20190004106,Dry,Clear,Collision with vehicle,Sunday,Day,60,2019/03/03,09:48:00,Yes,3.0,3.0,-37.33917109,144.1337763,HEPBURN
T20190004108,Dry,Clear,No collision and no object struck,Saturday,Day,999,2019/03/02,12:20:00,No,1.0,1.0,-37.33048432,142.4827507,SOUTHERN GRAMPIANS
T20190004112,Dry,Clear,Fall from or in moving vehicle,Sunday,Dark No street lights,80,2019/03/03,00:01:00,No,2.0,1.0,-37.16043977,145.2627294,MURRINDINDI
T20190004114,Dry,Clear,collision with some other object,Sunday,Day,100,2019/03/03,11:40:00,No,1.0,1.0,-36.7967702,146.6976238,ALPINE
T20190004127,Dry,Clear,Collision with vehicle,Sunday,Day,50,2019/03/03,17:35:00,Yes,2.0,1.0,-38.3593138,141.6000036,GLENELG
T20190004133,Dry,Clear,Collision with vehicle,Sunday,Dark Street lights unknown,60,2019/03/03,21:15:00,Yes,3.0,3.0,-37.57231157,143.8328445,BALLARAT
T20190004137,Dry,Clear,Collision with vehicle,Sunday,Dark No street lights,100,2019/03/03,22:00:00,Yes,3.0,2.0,-37.37282183,144.3314165,HEPBURN
T20190004146,Dry,Clear,Collision with vehicle,Tuesday,Dusk/Dawn,50,2019/02/26,19:40:00,Yes,2.0,1.0,-38.14199126,144.3391147,GREATER GEELONG
T20190004155,Dry,Clear,Collision with vehicle,Monday,Day,60,2019/03/04,09:45:00,No,3.0,2.0,-37.56432227,143.8406318,BALLARAT
T20190004157,Dry,Clear,Collision with vehicle,Monday,Dark Street lights on,60,2019/02/25,21:00:00,Yes,2.0,1.0,-37.41637204,144.9791124,MITCHELL
T20190004161,Dry,Clear,Struck Pedestrian,Friday,Day,50,2019/02/01,08:35:00,No,2.0,1.0,-38.15107547,144.3578321,GREATER GEELONG
T20190004200,Dry,Clear,Collision with vehicle,Monday,Day,80,2019/03/04,17:55:00,Yes,2.0,1.0,-38.17652672,144.351804,GREATER GEELONG
T20190004207,Dry,Clear,Collision with vehicle,Monday,Day,50,2019/03/04,15:30:00,No,2.0,1.0,-38.15016002,144.3708363,GREATER GEELONG
T20190004216,Dry,Clear,Struck Pedestrian,Tuesday,Dark Street lights on,50,2019/03/05,06:10:00,No,2.0,1.0,-37.56961123,143.8576857,BALLARAT
T20190004219,Dry,Not known,Collision with vehicle,Monday,Unknown,50,2018/04/23,16:00:00,Yes,2.0,1.0,-37.59760529,143.8397553,BALLARAT
T20190004241,Dry,Clear,Collision with vehicle,Monday,Day,60,2019/03/04,15:30:00,No,2.0,1.0,-38.17441597,144.3343052,GREATER GEELONG
T20190004244,Dry,Clear,Collision with a fixed object,Tuesday,Day,60,2019/03/05,08:08:00,No,1.0,1.0,-36.61621091,145.2200954,GREATER SHEPPARTON
T20190004249,Dry,Clear,No collision and no object struck,Tuesday,Day,50,2019/03/05,12:20:00,No,1.0,1.0,-36.38273809,145.3489867,GREATER SHEPPARTON
T20190004253,Dry,Clear,Collision with vehicle,Tuesday,Day,100,2019/03/05,12:45:00,No,2.0,1.0,-36.35535445,145.0138024,CAMPASPE
T20190004262,Dry,Clear,Fall from or in moving vehicle,Friday,Dark Street lights unknown,60,2019/03/01,21:25:00,Yes,1.0,1.0,-37.66889404,143.6541675,GOLDEN PLAINS
T20190004277,Dry,Clear,Collision with vehicle,Tuesday,Day,60,2019/03/05,18:18:00,Yes,6.0,2.0,-36.74443386,144.2902577,GREATER BENDIGO
T20190004295,Wet,Clear,Collision with vehicle,Wednesday,Dark No street lights,110,2019/03/06,04:10:00,Yes,2.0,1.0,-37.47623934,144.9729583,MITCHELL
T20190004302,Dry,Clear,Struck Pedestrian,Wednesday,Day,999,2019/02/27,18:10:00,Yes,2.0,1.0,-38.52505137,142.8509276,CORANGAMITE
T20190004304,Dry,Clear,Collision with a fixed object,Tuesday,Day,100,2019/03/05,16:40:00,No,1.0,1.0,-37.343713,143.7915968,BALLARAT
T20190004313,Dry,Clear,Struck Pedestrian,Wednesday,Day,40,2019/03/06,08:40:00,No,2.0,1.0,-37.58805762,143.8218238,BALLARAT
T20190004316,Dry,Clear,Struck animal,Wednesday,Day,100,2019/03/06,08:15:00,No,1.0,1.0,-37.42322695,143.8605405,HEPBURN
T20190004319,Dry,Clear,Collision with vehicle,Wednesday,Day,70,2019/03/06,08:50:00,No,3.0,2.0,-38.15172483,144.351973,GREATER GEELONG
T20190004327,Dry,Clear,Collision with vehicle,Wednesday,Day,60,2019/03/06,11:20:00,No,2.0,2.0,-37.57962698,144.100028,MOORABOOL
T20190004335,Dry,Clear,Struck Pedestrian,Wednesday,Day,50,2019/03/06,14:35:00,No,3.0,1.0,-36.35597001,145.4040322,GREATER SHEPPARTON
T20190004337,Dry,Clear,Collision with a fixed object,Wednesday,Day,999,2019/03/06,14:00:00,No,1.0,1.0,-38.38520278,142.5881472,WARRNAMBOOL
T20190004346,Dry,Clear,Collision with a fixed object,Wednesday,Day,50,2019/03/06,15:00:00,No,2.0,2.0,-36.12004918,146.9007318,WODONGA
T20190004351,Dry,Clear,Collision with vehicle,Wednesday,Day,60,2019/03/06,16:48:00,No,2.0,1.0,-38.18485325,144.5502136,GREATER GEELONG
T20190004354,Dry,Clear,Collision with a fixed object,Sunday,Day,100,2019/03/03,05:30:00,Yes,1.0,1.0,-37.47974227,145.7514957,MURRINDINDI
T20190004378,Dry,Clear,Collision with a fixed object,Wednesday,Day,100,2019/03/06,16:45:00,No,1.0,1.0,-38.07235639,141.6771135,GLENELG
T20190004379,Dry,Clear,Collision with vehicle,Wednesday,Day,70,2019/03/06,09:05:00,No,5.0,1.0,-38.11081288,144.3532593,GREATER GEELONG
T20190004402,Dry,Clear,Collision with vehicle,Thursday,Day,40,2019/03/07,13:15:00,No,2.0,1.0,-38.15745969,144.3451273,GREATER GEELONG