Accident_No,Surface_Cond_Desc,Atmosph_Cond_Desc,Accident_Type_Desc,Day,Light_Condition_Desc,Speed_Zone,Accident_Date,Accident_Time,Alcohol_Influence,Total_Persons_Inv,Inj_Or_Fatal,Lat,Long,LGA
T20190004407,Dry,Clear,Collision with vehicle,Thursday,Day,50,2019/03/07,10:30:00,No,2.0,2.0,-38.08608929,144.3744176,GREATER GEELONG
T20190004416,Dry,Clear,Vehicle overturned (no collision),Thursday,Day,60,2019/03/07,12:15:00,No,1.0,1.0,-37.55043918,143.8200734,BALLARAT
T20190004424,Dry,Clear,Collision with vehicle,Thursday,Day,999,2019/03/07,16:56:00,No,5.0,4.0,-37.66316736,144.4396839,MOORABOOL
T20190004427,Dry,Clear,Collision with vehicle,Thursday,Day,80,2019/03/07,17:30:00,No,2.0,1.0,-37.57553986,144.3156447,MOORABOOL
T20190004429,Dry,Clear,Collision with a fixed object,Saturday,Day,100,2019/03/02,07:05:00,Yes,1.0,1.0,-37.51440962,145.7687437,MURRINDINDI
T20190004432,Dry,Clear,Vehicle overturned (no collision),Thursday,Dark No street lights,80,2019/03/07,05:40:00,Yes,2.0,2.0,-38.46944306,143.7687811,COLAC OTWAY
T20190004436,Dry,Clear,Struck Pedestrian,Thursday,Dark Street lights on,50,2019/03/07,19:50:00,Yes,2.0,1.0,-37.87826169,147.9922706,EAST GIPPSLAND
T20190004438,Dry,Clear,No collision and no object struck,Thursday,Day,50,2019/03/07,18:00:00,Yes,2.0,1.0,-37.53978468,143.8645592,BALLARAT
T20190004441,Dry,Clear,Collision with vehicle,Thursday,Dark No street lights,100,2019/03/07,21:00:00,Yes,2.0,2.0,-38.04206887,144.2490208,GOLDEN PLAINS
T20190004463,Dry,Clear,Collision with vehicle,Friday,Day,70,2019/03/08,10:30:00,No,2.0,1.0,-38.14628961,144.3529777,GREATER GEELONG
T20190004469,Unknown,Not known,Collision with a fixed object,Friday,Dark No street lights,60,2019/01/25,22:00:00,Yes,1.0,1.0,-37.87764617,144.1785297,GOLDEN PLAINS
T20190004481,Dry,Clear,Struck Pedestrian,Friday,Day,40,2019/03/08,08:40:00,No,2.0,1.0,-38.20237906,146.5530901,LATROBE
T20190004484,Dry,Clear,Struck Pedestrian,Friday,Day,60,2019/03/08,14:45:00,No,2.0,1.0,-38.2003432,146.5332031,LATROBE
T20190004490,Dry,Clear,Collision with a fixed object,Friday,Day,80,2019/03/08,12:15:00,No,1.0,1.0,-36.95462823,146.2280293,MANSFIELD
T20190004506,Dry,Smoke,Collision with a fixed object,Friday,Day,100,2019/03/08,15:09:00,No,1.0,1.0,-38.21709169,147.1127272,WELLINGTON
T20190004509,Dry,Clear,Collision with a fixed object,Friday,Day,100,2019/03/08,13:10:00,No,1.0,1.0,-36.78947939,146.3532226,WANGARATTA
T20190004522,Dry,Clear,Collision with a fixed object,Friday,Dusk/Dawn,110,2019/03/08,19:30:00,Yes,1.0,1.0,-38.18971822,146.2201224,BAW BAW
T20190004527,Dry,Clear,Collision with a fixed object,Saturday,Dark Street lights on,60,2019/03/09,04:10:00,Yes,1.0,1.0,-36.73511385,144.131456,GREATER BENDIGO
T20190004544,Dry,Clear,Collision with vehicle,Thursday,Day,40,2019/03/07,15:44:00,No,2.0,2.0,-36.7659943,144.2781666,GREATER BENDIGO
T20190004548,Dry,Clear,Collision with vehicle,Saturday,Day,100,2019/03/09,10:35:00,No,3.0,2.0,-37.00498821,147.0850672,MOUNT HOTHAM ALPINE RESORT (UNINC)
T20190004549,Dry,Clear,Collision with vehicle,Wednesday,Day,60,2019/03/06,17:18:00,No,4.0,2.0,-38.24004253,146.3997489,LATROBE
T20190004556,Dry,Clear,Collision with vehicle,Saturday,Day,60,2019/03/09,18:00:00,Yes,2.0,1.0,-38.61297354,145.5939615,BASS COAST
T20190004559,Dry,Clear,Collision with a fixed object,Saturday,Day,60,2019/03/09,16:55:00,Yes,1.0,1.0,-36.7073201,142.2022096,HORSHAM
T20190004562,Dry,Clear,Collision with a fixed object,Saturday,Day,80,2019/03/09,17:50:00,Yes,1.0,1.0,-37.51411947,143.7595167,BALLARAT
T20190004581,Dry,Clear,Collision with vehicle,Saturday,Dark Street lights on,60,2019/03/09,22:53:00,Yes,4.0,1.0,-37.82026946,147.6489282,EAST GIPPSLAND
T20190004588,Dry,Clear,Collision with vehicle,Saturday,Day,80,2019/03/09,12:00:00,No,3.0,2.0,-36.33703653,145.4022179,GREATER SHEPPARTON
T20190004590,Dry,Clear,Collision with vehicle,Saturday,Day,50,2019/03/09,17:10:00,Yes,3.0,1.0,-37.21141153,145.4242054,MURRINDINDI
T20190004598,Dry,Clear,Collision with vehicle,Sunday,Day,80,2019/03/10,13:15:00,No,2.0,1.0,-38.3385779,144.2631814,SURF COAST
T20190004599,Wet,Raining,Vehicle overturned (no collision),Sunday,Day,100,2019/03/10,13:30:00,No,1.0,1.0,-37.24765626,145.1705906,MURRINDINDI
T20190004603,Dry,Clear,Collision with vehicle,Sunday,Day,100,2019/03/10,13:30:00,No,2.0,1.0,-36.39880154,144.9823575,CAMPASPE
T20190004604,Dry,Clear,Vehicle overturned (no collision),Wednesday,Day,70,2019/03/06,19:45:00,Yes,2.0,2.0,-36.7333521,142.2037028,HORSHAM
T20190004611,Dry,Clear,Collision with a fixed object,Sunday,Day,100,2019/03/10,10:50:00,No,2.0,2.0,-38.33962879,142.1862584,MOYNE
T20190004620,Dry,Clear,Collision with vehicle,Sunday,Day,40,2019/03/10,15:30:00,No,9.0,2.0,-37.54486025,143.8241202,BALLARAT
T20190004633,Dry,Clear,Collision with vehicle,Sunday,Dark Street lights on,50,2019/03/10,23:00:00,Yes,8.0,4.0,-36.6167175,143.2582856,NORTHERN GRAMPIANS
T20190004636,Dry,Clear,Collision with vehicle,Sunday,Day,50,2019/03/10,11:01:00,No,2.0,1.0,-37.91528202,147.7204093,EAST GIPPSLAND
T20190004653,Dry,Clear,Vehicle overturned (no collision),Monday,Day,50,2019/03/11,13:23:00,No,2.0,1.0,-38.23714706,146.3965313,LATROBE
T20190004654,Wet,Raining,Collision with vehicle,Monday,Day,50,2019/03/11,13:45:00,No,1.0,1.0,-38.26874944,144.52305,GREATER GEELONG
T20190004655,Dry,Clear,Collision with a fixed object,Monday,Day,100,2019/03/11,11:25:00,No,2.0,2.0,-37.36367446,143.998761,HEPBURN
T20190004671,Dry,Clear,Collision with vehicle,Monday,Day,40,2019/03/11,18:45:00,Yes,4.0,1.0,-37.29071212,142.9270072,ARARAT
T20190004679,Dry,Clear,Collision with vehicle,Wednesday,Dusk/Dawn,60,2019/03/06,18:15:00,Yes,3.0,2.0,-37.58206106,143.838941,BALLARAT
T20190004691,Dry,Clear,Struck Pedestrian,Monday,Day,60,2019/03/11,16:50:00,No,2.0,1.0,-36.37317626,146.3106371,WANGARATTA
T20190004692,Unknown,Not known,Fall from or in moving vehicle,Tuesday,Day,60,2019/03/12,07:20:00,No,1.0,1.0,-36.74959657,144.3157931,GREATER BENDIGO
T20190004697,Dry,Clear,Collision with vehicle,Tuesday,Day,100,2019/03/12,09:45:00,No,2.0,1.0,-38.12332452,144.3174846,GREATER GEELONG
T20190004701,Dry,Clear,Collision with vehicle,Saturday,Day,60,2019/01/12,15:00:00,No,3.0,1.0,-36.38522752,145.3985013,GREATER SHEPPARTON
T20190004707,Dry,Clear,Collision with vehicle,Monday,Day,100,2019/03/11,16:35:00,No,2.0,2.0,-36.47101785,143.0687028,NORTHERN GRAMPIANS
T20190004709,Unknown,Not known,Vehicle overturned (no collision),Wednesday,Day,60,2019/02/20,17:15:00,No,1.0,1.0,-36.75961196,144.3381318,GREATER BENDIGO
T20190004710,Dry,Clear,Collision with vehicle,Tuesday,Day,50,2019/03/12,08:50:00,No,2.0,1.0,-34.18237468,142.1558648,MILDURA
T20190004718,Dry,Clear,Collision with vehicle,Tuesday,Day,60,2019/03/12,10:37:00,No,1.0,1.0,-36.70973069,144.2790828,GREATER BENDIGO
T20190004720,Wet,Raining,Vehicle overturned (no collision),Sunday,Day,80,2019/03/10,16:15:00,Yes,1.0,1.0,-37.33838038,145.9636019,MURRINDINDI
T20190004725,Dry,Clear,Collision with a fixed object,Sunday,Dark Street lights on,60,2019/03/10,01:42:00,Yes,1.0,1.0,-36.72861041,146.950489,ALPINE
T20190004730,Dry,Clear,No collision and no object struck,Saturday,Day,999,2019/03/09,17:00:00,Yes,1.0,1.0,-34.60647059,142.7040326,SWAN HILL
T20190004732,Dry,Clear,Vehicle overturned (no collision),Tuesday,Day,100,2019/03/12,11:35:00,No,1.0,1.0,-37.62184967,142.4903386,SOUTHERN GRAMPIANS
T20190004747,Dry,Clear,No collision and no object struck,Tuesday,Day,100,2019/03/12,18:30:00,Yes,1.0,1.0,-36.71654218,141.4476091,WEST WIMMERA
T20190004763,Dry,Clear,Collision with vehicle,Wednesday,Day,60,2019/03/13,08:30:00,No,4.0,1.0,-38.18749906,144.4742579,GREATER GEELONG
T20190004783,Dry,Clear,Collision with a fixed object,Wednesday,Day,100,2019/03/13,08:40:00,No,1.0,1.0,-37.99677434,141.7500324,GLENELG
T20190004790,Dry,Clear,Collision with a fixed object,Wednesday,Day,60,2019/03/13,14:09:00,No,1.0,1.0,-36.61234679,143.2546073,NORTHERN GRAMPIANS
T20190004810,Dry,Dust,Collision with a fixed object,Wednesday,Dark No street lights,100,2019/03/13,22:05:00,Yes,1.0,1.0,-37.75864734,147.6104353,EAST GIPPSLAND
T20190004811,Dry,Clear,Collision with vehicle,Wednesday,Dark No street lights,110,2019/03/13,22:00:00,Yes,2.0,1.0,-36.49056286,146.1316538,BENALLA
T20190004815,Dry,Clear,Collision with a fixed object,Wednesday,Day,80,2019/03/13,19:25:00,Yes,1.0,1.0,-38.19754888,146.32277,LATROBE
T20190004820,Dry,Clear,Fall from or in moving vehicle,Wednesday,Day,50,2019/03/13,16:30:00,No,2.0,2.0,-36.71783821,142.1997291,HORSHAM
T20190004828,Dry,Clear,Collision with vehicle,Thursday,Day,50,2019/03/14,10:40:00,No,6.0,1.0,-34.18852592,142.1484147,MILDURA
T20190004834,Dry,Smoke,Collision with vehicle,Thursday,Dusk/Dawn,100,2019/03/14,07:00:00,No,2.0,1.0,-36.34752382,145.4619626,GREATER SHEPPARTON
T20190004839,Dry,Clear,Collision with vehicle,Wednesday,Day,60,2019/01/30,11:30:00,No,2.0,1.0,-37.67756357,144.4349755,MOORABOOL
T20190004843,Dry,Clear,Collision with vehicle,Thursday,Day,70,2019/03/14,10:20:00,No,3.0,3.0,-38.19031617,144.4688205,GREATER GEELONG
T20190004848,Dry,Clear,Collision with vehicle,Thursday,Day,80,2019/03/14,11:40:00,No,3.0,1.0,-38.17420217,144.4575396,GREATER GEELONG
T20190004855,Dry,Clear,Collision with a fixed object,Wednesday,Day,100,2019/03/13,15:00:00,No,1.0,1.0,-38.14910117,146.4735198,LATROBE
T20190004859,Dry,Smoke,Collision with vehicle,Thursday,Day,100,2019/03/14,10:10:00,No,2.0,1.0,-35.92548099,145.3318948,MOIRA
T20190004861,Dry,Clear,Struck Pedestrian,Thursday,Day,40,2019/03/14,15:20:00,No,2.0,1.0,-38.13084513,144.3317375,GREATER GEELONG
T20190004866,Dry,Clear,Collision with a fixed object,Wednesday,Day,50,2019/03/13,18:45:00,Yes,1.0,1.0,-38.14757563,144.357754,GREATER GEELONG
T20190004867,Dry,Clear,Collision with vehicle,Thursday,Day,60,2019/03/14,15:50:00,No,3.0,2.0,-37.55006079,143.8503253,BALLARAT
T20190004877,Dry,Clear,Vehicle overturned (no collision),Thursday,Dusk/Dawn,60,2019/03/14,19:15:00,Yes,1.0,1.0,-38.18281165,144.3541684,GREATER GEELONG
T20190004886,Dry,Clear,Collision with vehicle,Thursday,Day,50,2019/03/14,16:50:00,No,2.0,1.0,-38.19886622,144.3393986,GREATER GEELONG
T20190004894,Unknown,Not known,Collision with vehicle,Thursday,Day,50,2019/03/14,15:45:00,No,6.0,2.0,-36.70554467,144.3193222,GREATER BENDIGO
T20190004906,Dry,Clear,Collision with vehicle,Monday,Dark Street lights on,70,2019/02/11,01:15:00,Yes,4.0,2.0,-38.15172483,144.351973,GREATER GEELONG
T20190004910,Dry,Clear,Collision with vehicle,Thursday,Dark No street lights,100,2019/03/14,21:47:00,Yes,2.0,2.0,-38.21232845,144.2037847,SURF COAST
T20190004911,Dry,Not known,Vehicle overturned (no collision),Monday,Dark Street lights on,50,2019/03/11,22:40:00,Yes,1.0,1.0,-37.58226056,143.8408747,BALLARAT
T20190004918,Dry,Clear,Collision with vehicle,Monday,Day,50,2017/03/27,11:40:00,No,2.0,1.0,-37.06896041,144.2188338,MOUNT ALEXANDER
T20190004929,Dry,Clear,Collision with vehicle,Friday,Day,100,2019/03/15,08:27:00,No,3.0,1.0,-34.28694207,142.1238475,MILDURA
T20190004939,Dry,Clear,Collision with vehicle,Friday,Day,60,2019/03/15,11:00:00,No,4.0,3.0,-36.38833207,145.4318216,GREATER SHEPPARTON
T20190004944,Dry,Clear,Collision with a fixed object,Friday,Day,100,2019/03/15,11:35:00,No,1.0,1.0,-36.33066789,145.461975,GREATER SHEPPARTON
T20190004945,Unknown,Not known,Collision with vehicle,Saturday,Day,70,2019/02/09,12:30:00,No,2.0,1.0,-38.17652672,144.351804,GREATER GEELONG
T20190004946,Dry,Clear,Collision with vehicle,Friday,Day,50,2019/03/15,12:00:00,No,2.0,1.0,-36.38034263,145.406154,GREATER SHEPPARTON
T20190004949,Dry,Clear,Collision with vehicle,Thursday,Day,100,2019/03/14,14:32:00,No,6.0,1.0,-37.46752197,144.6567703,MACEDON RANGES
T20190004977,Dry,Clear,Collision with a fixed object,Friday,Day,100,2019/03/15,16:10:00,No,1.0,1.0,-36.81929297,144.2570017,GREATER BENDIGO
T20190004987,Dry,Clear,Collision with vehicle,Friday,Dark Street lights on,60,2019/03/15,21:08:00,Yes,3.0,1.0,-37.58019265,143.8496554,BALLARAT
T20190005000,Dry,Clear,Collision with a fixed object,Saturday,Dark No street lights,100,2019/03/16,05:30:00,Yes,1.0,1.0,-36.00839999,145.4603566,MOIRA
T20190005002,Dry,Clear,Collision with vehicle,Saturday,Dark No street lights,100,2019/03/16,06:05:00,Yes,3.0,3.0,-38.05726742,144.210135,GOLDEN PLAINS
T20190005003,Dry,Clear,Struck Pedestrian,Saturday,Dusk/Dawn,50,2019/03/16,06:55:00,Yes,2.0,1.0,-36.79295815,145.152053,STRATHBOGIE
T20190005005,Dry,Clear,Collision with vehicle,Saturday,Day,110,2019/03/16,08:10:00,No,2.0,2.0,-37.4634787,144.580755,MACEDON RANGES
T20190005006,Dry,Clear,Collision with vehicle,Saturday,Day,50,2019/03/16,07:55:00,Yes,1.0,1.0,-38.17354263,144.3448971,GREATER GEELONG
T20190005008,Dry,Clear,Collision with vehicle,Saturday,Day,60,2019/03/16,10:57:00,No,2.0,2.0,-38.07415744,144.3586475,GREATER GEELONG
T20190005013,Dry,Clear,Collision with a fixed object,Saturday,Day,100,2019/03/16,07:20:00,Yes,2.0,2.0,-37.05510256,142.8872387,NORTHERN GRAMPIANS
T20190005017,Dry,Clear,Collision with vehicle,Wednesday,Dark Street lights on,60,2019/03/13,20:36:00,Yes,5.0,3.0,-36.74021437,144.2998549,GREATER BENDIGO
T20190005018,Dry,Clear,Vehicle overturned (no collision),Wednesday,Day,110,2019/03/13,15:35:00,No,1.0,1.0,-37.50840881,143.8049019,BALLARAT
T20190005020,Dry,Clear,Collision with vehicle,Saturday,Day,50,2019/03/16,09:30:00,No,4.0,1.0,-38.26703429,144.5274714,GREATER GEELONG
T20190005029,Dry,Clear,Collision with vehicle,Friday,Day,60,2019/03/15,15:45:00,No,2.0,1.0,-38.17312579,144.3909343,GREATER GEELONG
T20190005035,Dry,Clear,Collision with a fixed object,Saturday,Day,999,2019/03/16,14:10:00,Yes,1.0,1.0,-37.83052487,146.5068788,WELLINGTON
T20190005044,Dry,Clear,Collision with vehicle,Saturday,Day,50,2019/03/16,18:20:00,Yes,1.0,1.0,-37.05436727,143.7446474,CENTRAL GOLDFIELDS
T20190005050,Dry,Clear,Collision with a fixed object,Saturday,Day,100,2019/03/16,17:56:00,Yes,3.0,3.0,-37.29070469,144.7026772,MACEDON RANGES
T20190005051,Dry,Clear,Collision with vehicle,Sunday,Dark Street lights on,60,2019/03/17,00:00:00,No,4.0,1.0,-38.23846279,146.4047481,LATROBE
T20190005066,Dry,Clear,Vehicle overturned (no collision),Thursday,Day,60,2019/03/14,14:00:00,No,2.0,2.0,-38.7825197,143.5366305,COLAC OTWAY
T20190005076,Dry,Clear,Collision with vehicle,Monday,Day,60,2019/03/04,16:00:00,No,2.0,1.0,-36.75067735,144.292008,GREATER BENDIGO
T20190005079,Dry,Clear,Collision with vehicle,Sunday,Day,100,2019/03/17,10:40:00,No,3.0,3.0,-37.10456728,143.7231473,CENTRAL GOLDFIELDS
T20190005084,Dry,Clear,Vehicle overturned (no collision),Sunday,Day,60,2019/03/17,11:30:00,No,1.0,1.0,-38.05509616,144.3907078,GREATER GEELONG
T20190005085,Dry,Clear,Collision with vehicle,Sunday,Day,70,2019/03/17,13:10:00,No,4.0,1.0,-38.15651302,144.3508938,GREATER GEELONG
T20190005097,Dry,Clear,Collision with vehicle,Sunday,Day,60,2019/03/17,18:07:00,No,5.0,2.0,-38.07415744,144.3586475,GREATER GEELONG
T20190005099,Dry,Clear,Collision with vehicle,Sunday,Day,100,2019/03/17,13:15:00,No,3.0,2.0,-37.90626974,144.0908504,GOLDEN PLAINS
T20190005108,Dry,Clear,Collision with vehicle,Sunday,Dark No street lights,100,2019/03/17,19:32:00,Yes,4.0,4.0,-36.69505756,146.9009301,ALPINE
T20190005117,Dry,Clear,Collision with vehicle,Friday,Dark No street lights,60,2019/03/15,21:00:00,Yes,4.0,1.0,-37.57108336,143.8440655,BALLARAT
T20190005118,Dry,Clear,Collision with a fixed object,Monday,Dark No street lights,100,2019/03/18,05:40:00,Yes,1.0,1.0,-36.89425085,144.3980105,GREATER BENDIGO
T20190005143,Dry,Fog,Collision with a fixed object,Monday,Dark No street lights,100,2019/03/18,03:00:00,Yes,1.0,1.0,-37.84003288,141.8368509,SOUTHERN GRAMPIANS
T20190005145,Dry,Clear,Collision with a fixed object,Monday,Day,60,2019/03/18,15:00:00,No,1.0,1.0,-37.91453426,145.9638193,BAW BAW
T20190005170,Dry,Clear,Collision with a fixed object,Monday,Day,100,2019/03/18,11:32:00,No,1.0,1.0,-35.79401221,144.0873743,GANNAWARRA
T20190005180,Dry,Clear,Collision with vehicle,Tuesday,Dark Street lights unknown,50,2019/03/19,01:57:00,Yes,2.0,1.0,-36.754058,144.2992623,GREATER BENDIGO
T20190005190,Wet,Raining,Collision with a fixed object,Monday,Day,100,2019/03/18,07:58:00,No,1.0,1.0,-37.92526962,146.9958397,WELLINGTON
T20190005193,Dry,Clear,Struck animal,Tuesday,Dusk/Dawn,90,2019/03/19,07:10:00,No,1.0,1.0,-36.76945158,144.3421694,GREATER BENDIGO
T20190005196,Dry,Smoke,Collision with vehicle,Tuesday,Day,100,2019/03/19,08:20:00,No,2.0,2.0,-36.0992818,146.12176,MOIRA
T20190005217,Wet,Raining,Collision with vehicle,Tuesday,Day,100,2019/03/19,11:00:00,No,3.0,1.0,-38.60858061,146.1348399,SOUTH GIPPSLAND
T20190005221,Dry,Clear,Collision with vehicle,Tuesday,Day,100,2019/03/19,11:50:00,No,3.0,1.0,-35.51655061,143.7285387,SWAN HILL
T20190005229,Dry,Clear,Collision with vehicle,Tuesday,Day,110,2019/03/19,09:26:00,No,2.0,1.0,-38.19604937,146.2866308,LATROBE
T20190005238,Dry,Clear,Collision with vehicle,Tuesday,Day,60,2019/03/19,17:35:00,No,2.0,2.0,-36.7178125,142.2049356,HORSHAM
T20190005247,Dry,Clear,Collision with vehicle,Tuesday,Day,60,2019/03/19,17:55:00,No,2.0,1.0,-38.15161893,144.3728662,GREATER GEELONG
T20190005249,Wet,Not known,Collision with a fixed object,Tuesday,Day,100,2019/03/19,13:12:00,No,2.0,1.0,-37.16944716,147.7528566,EAST GIPPSLAND
T20190005251,Dry,Clear,Collision with a fixed object,Tuesday,Day,100,2019/03/19,17:25:00,No,1.0,1.0,-37.70640774,148.5750494,EAST GIPPSLAND
T20190005254,Dry,Clear,Collision with vehicle,Tuesday,Dark No street lights,60,2019/03/19,20:45:00,Yes,2.0,1.0,-38.13018041,145.8497644,BAW BAW
T20190005264,Dry,Clear,Collision with a fixed object,Tuesday,Day,100,2019/03/19,17:46:00,No,3.0,2.0,-34.71946111,142.9652597,SWAN HILL
T20190005280,Dry,Clear,Collision with vehicle,Wednesday,Dusk/Dawn,80,2019/03/20,07:52:00,No,2.0,1.0,-36.34755916,145.39282,GREATER SHEPPARTON
T20190005287,Dry,Clear,Collision with a fixed object,Wednesday,Day,100,2019/03/20,07:20:00,No,1.0,1.0,-36.62771045,145.4714885,STRATHBOGIE
T20190005289,Dry,Clear,Collision with a fixed object,Sunday,Day,100,2019/03/17,17:00:00,No,2.0,1.0,-38.64435338,146.7263411,WELLINGTON
T20190005299,Wet,Raining,Collision with vehicle,Wednesday,Day,100,2019/03/20,09:20:00,No,2.0,1.0,-38.63681902,143.4973894,COLAC OTWAY
T20190005300,Wet,Raining,Collision with vehicle,Wednesday,Dusk/Dawn,70,2019/03/20,07:00:00,No,2.0,1.0,-37.45744295,144.6834432,MACEDON RANGES
T20190005321,Dry,Clear,Collision with a fixed object,Wednesday,Day,100,2019/03/20,16:40:00,No,1.0,1.0,-37.09355179,145.4147469,MURRINDINDI
T20190005341,Dry,Clear,Vehicle overturned (no collision),Thursday,Dark No street lights,999,2019/03/21,00:58:00,Yes,4.0,4.0,-36.73327495,146.9336388,ALPINE
T20190005357,Dry,Clear,Collision with vehicle,Thursday,Day,50,2019/03/21,11:00:00,No,2.0,1.0,-38.15886967,144.3471096,GREATER GEELONG
T20190005366,Dry,Clear,Collision with a fixed object,Thursday,Day,100,2019/03/21,12:37:00,No,1.0,1.0,-36.49879846,145.3460086,GREATER SHEPPARTON
T20190005368,Wet,Raining,Collision with vehicle,Wednesday,Dark Street lights on,60,2019/03/20,21:50:00,Yes,1.0,1.0,-37.74223677,142.0362406,SOUTHERN GRAMPIANS
T20190005370,Wet,Raining,Collision with vehicle,Thursday,Day,100,2019/03/21,13:40:00,No,3.0,3.0,-38.77877392,143.6195698,COLAC OTWAY
T20190005371,Dry,Clear,Collision with vehicle,Thursday,Day,60,2019/03/21,11:06:00,No,3.0,2.0,-38.13628961,144.3372266,GREATER GEELONG
T20190005372,Dry,Clear,Collision with a fixed object,Sunday,Day,100,2019/02/24,13:30:00,No,1.0,1.0,-37.4915519,145.446448,MURRINDINDI
T20190005375,Dry,Clear,Collision with vehicle,Thursday,Day,80,2019/03/21,13:45:00,No,4.0,2.0,-37.5671508,143.7869699,BALLARAT
T20190005382,Dry,Clear,Struck Pedestrian,Thursday,Day,60,2019/03/21,14:00:00,No,2.0,1.0,-34.18920557,142.1569754,MILDURA
T20190005385,Dry,Clear,Collision with vehicle,Thursday,Day,100,2019/03/21,14:40:00,No,2.0,1.0,-36.23378952,147.2602169,TOWONG
T20190005393,Dry,Clear,Struck Pedestrian,Thursday,Day,50,2019/03/21,15:28:00,No,2.0,1.0,-37.58226056,143.8408747,BALLARAT
T20190005394,Dry,Clear,Collision with vehicle,Thursday,Day,50,2019/03/21,17:15:00,No,2.0,1.0,-36.12642743,144.7491596,CAMPASPE
T20190005401,Dry,Clear,Struck Pedestrian,Thursday,Day,50,2019/03/21,18:50:00,Yes,3.0,1.0,-37.60149,144.2333597,MOORABOOL
T20190005407,Dry,Smoke,Collision with vehicle,Thursday,Dark No street lights,110,2019/03/21,06:15:00,No,2.0,1.0,-36.5059581,146.081169,BENALLA
T20190005408,Dry,Clear,Collision with vehicle,Thursday,Dark Street lights on,60,2019/03/21,20:30:00,Yes,3.0,1.0,-37.5824829,143.8608287,BALLARAT
T20190005414,Dry,Clear,Collision with a fixed object,Thursday,Dark No street lights,80,2019/03/21,20:00:00,Yes,3.0,1.0,-38.3016619,143.7724197,COLAC OTWAY
T20190005415,Wet,Raining,Vehicle overturned (no collision),Thursday,Dark No street lights,80,2019/03/21,05:50:00,Yes,1.0,1.0,-37.63825996,144.5100797,MOORABOOL
T20190005431,Dry,Clear,Collision with a fixed object,Thursday,Dark No street lights,60,2019/03/21,21:32:00,Yes,2.0,2.0,-37.90187651,144.3709171,GREATER GEELONG
T20190005443,Dry,Clear,Collision with vehicle,Friday,Day,100,2019/03/22,07:55:00,No,2.0,2.0,-36.81744111,145.1947096,STRATHBOGIE
T20190005451,Dry,Clear,Collision with vehicle,Friday,Day,80,2019/03/22,12:03:00,No,2.0,2.0,-34.24206475,142.1994135,MILDURA
T20190005452,Dry,Clear,Collision with vehicle,Friday,Day,40,2019/03/22,13:50:00,No,4.0,3.0,-37.45848594,143.8607994,HEPBURN
T20190005455,Wet,Raining,Fall from or in moving vehicle,Thursday,Day,999,2019/03/21,11:00:00,No,1.0,1.0,-38.69510041,143.7058205,COLAC OTWAY
T20190005459,Dry,Clear,No collision and no object struck,Friday,Day,100,2019/03/22,12:10:00,No,1.0,1.0,-37.89015891,146.08624,BAW BAW
T20190005472,Dry,Clear,Collision with vehicle,Tuesday,Day,60,2019/03/19,12:15:00,No,2.0,1.0,-38.02865949,144.0523101,GOLDEN PLAINS
T20190005496,Unknown,Clear,Struck Pedestrian,Thursday,Day,50,2019/03/21,16:30:00,No,2.0,1.0,-37.02436134,145.1451729,MITCHELL
T20190005500,Dry,Clear,Collision with a fixed object,Friday,Dark Street lights on,100,2019/03/22,04:45:00,Yes,1.0,1.0,-38.50201868,145.4603724,BASS COAST
T20190005513,Dry,Clear,Collision with vehicle,Friday,Day,100,2019/03/22,15:35:00,No,4.0,2.0,-38.33863481,144.2864218,SURF COAST
T20190005515,Dry,Clear,No collision and no object struck,Sunday,Day,60,2019/03/17,09:15:00,Yes,1.0,1.0,-37.47634891,144.4769402,MACEDON RANGES
T20190005537,Dry,Clear,Collision with a fixed object,Saturday,Day,60,2019/03/23,13:24:00,No,1.0,1.0,-38.3476376,141.5739249,GLENELG
T20190005540,Wet,Raining,Collision with vehicle,Saturday,Day,50,2019/03/23,09:25:00,No,3.0,1.0,-36.56585886,146.7295527,ALPINE
T20190005546,Dry,Clear,Collision with vehicle,Saturday,Day,50,2019/03/23,12:45:00,No,5.0,2.0,-36.60939998,143.2531823,NORTHERN GRAMPIANS
T20190005552,Dry,Clear,Collision with a fixed object,Saturday,Day,100,2019/03/23,15:50:00,Yes,2.0,2.0,-37.70317027,148.4763702,EAST GIPPSLAND
T20190005553,Wet,Clear,Collision with a fixed object,Saturday,Day,60,2019/03/23,12:45:00,No,2.0,2.0,-38.13840898,145.8552699,BAW BAW
T20190005558,Wet,Raining,Collision with a fixed object,Saturday,Dark No street lights,100,2019/03/23,21:50:00,Yes,1.0,1.0,-34.18395118,142.1938078,MILDURA
T20190005559,Dry,Clear,Fall from or in moving vehicle,Sunday,Dark No street lights,110,2019/03/24,01:00:00,Yes,1.0,1.0,-37.60222947,144.2776802,MOORABOOL
T20190005573,Dry,Clear,Collision with vehicle,Saturday,Day,50,2019/03/09,13:20:00,No,2.0,1.0,-37.06680267,144.2165904,MOUNT ALEXANDER
T20190005575,Dry,Clear,Collision with a fixed object,Sunday,Day,50,2019/03/24,08:30:00,Yes,1.0,1.0,-38.07235866,144.3625562,GREATER GEELONG
T20190005592,Dry,Clear,Collision with a fixed object,Sunday,Day,100,2019/03/24,10:30:00,No,1.0,1.0,-37.1069732,143.3505675,PYRENEES
T20190005594,Unknown,Not known,Collision with a fixed object,Sunday,Unknown,100,2019/03/24,09:00:00,Yes,1.0,1.0,-37.90670947,143.8358955,GOLDEN PLAINS
T20190005598,Dry,Clear,Collision with a fixed object,Sunday,Day,100,2019/03/24,15:00:00,No,2.0,1.0,-37.20628088,144.0874309,HEPBURN