Accident_No,Surface_Cond_Desc,Atmosph_Cond_Desc,Accident_Type_Desc,Day,Light_Condition_Desc,Speed_Zone,Accident_Date,Accident_Time,Alcohol_Influence,Total_Persons_Inv,Inj_Or_Fatal,Lat,Long,LGA
T20190005600,Wet,Raining,Collision with a fixed object,Sunday,Day,100,2019/03/24,17:39:00,Yes,1.0,1.0,-36.92740147,145.6552369,STRATHBOGIE
T20190005602,Dry,Clear,Collision with a fixed object,Saturday,Dark Street lights on,50,2019/03/23,21:30:00,Yes,1.0,1.0,-38.26904425,144.6602793,QUEENSCLIFFE
T20190005605,Dry,Clear,Collision with a fixed object,Sunday,Day,999,2019/03/24,13:40:00,No,1.0,1.0,-38.01870048,144.5323156,GREATER GEELONG
T20190005608,Dry,Clear,Collision with vehicle,Sunday,Day,100,2019/03/24,15:00:00,No,2.0,2.0,-37.34196832,143.8403536,HEPBURN
T20190005622,Muddy,Clear,No collision and no object struck,Sunday,Day,999,2019/03/24,11:15:00,No,1.0,1.0,-37.42459921,145.3397393,MURRINDINDI
T20190005636,Wet,Raining,Collision with vehicle,Monday,Day,60,2019/03/25,10:54:00,No,2.0,2.0,-38.37343126,142.4625533,WARRNAMBOOL
T20190005646,Wet,Raining,Collision with vehicle,Monday,Day,60,2019/03/25,12:40:00,No,3.0,2.0,-38.08608929,144.3744176,GREATER GEELONG
T20190005650,Dry,Clear,Vehicle overturned (no collision),Monday,Day,100,2019/03/25,12:45:00,No,1.0,1.0,-38.42509043,145.7452968,SOUTH GIPPSLAND
T20190005668,Dry,Clear,Collision with vehicle,Monday,Dark No street lights,100,2019/03/25,06:35:00,No,2.0,1.0,-37.71975949,144.4505856,MOORABOOL
T20190005670,Dry,Dust,Collision with a fixed object,Monday,Day,100,2019/03/25,14:55:00,No,4.0,4.0,-38.12191967,144.3178379,GREATER GEELONG
T20190005674,Wet,Raining,Collision with a fixed object,Monday,Day,100,2019/03/25,13:10:00,No,1.0,1.0,-37.56386073,144.2653402,MOORABOOL
T20190005693,Dry,Clear,Collision with a fixed object,Sunday,Dark Street lights on,60,2019/03/24,03:00:00,Yes,3.0,1.0,-36.7711476,144.2614753,GREATER BENDIGO
T20190005707,Dry,Clear,Collision with vehicle,Tuesday,Day,70,2019/03/26,09:18:00,No,2.0,1.0,-36.81868668,144.2382623,GREATER BENDIGO
T20190005709,Dry,Clear,Collision with vehicle,Tuesday,Day,50,2019/03/26,08:30:00,No,2.0,1.0,-36.44243348,145.2252292,GREATER SHEPPARTON
T20190005712,Dry,Clear,collision with some other object,Friday,Day,110,2019/03/22,14:58:00,No,3.0,1.0,-34.27498377,141.13972,MILDURA
T20190005717,Dry,Clear,Collision with a fixed object,Friday,Day,60,2019/03/22,17:00:00,Yes,1.0,1.0,-37.24764754,145.1705066,MURRINDINDI
T20190005719,Dry,Clear,Collision with a fixed object,Tuesday,Dusk/Dawn,100,2019/03/26,06:30:00,No,1.0,1.0,-37.8357577,143.6069945,GOLDEN PLAINS
T20190005720,Dry,Clear,Collision with vehicle,Tuesday,Day,100,2019/03/26,10:56:00,No,2.0,2.0,-35.94067732,145.6597773,MOIRA
T20190005725,Wet,Not known,Vehicle overturned (no collision),Tuesday,Day,60,2019/03/26,11:30:00,No,2.0,1.0,-38.51466072,145.3534643,BASS COAST
T20190005726,Dry,Clear,Collision with vehicle,Tuesday,Day,70,2019/03/26,11:25:00,No,4.0,2.0,-36.13892295,144.7507884,CAMPASPE
T20190005727,Unknown,Dust,No collision and no object struck,Sunday,Day,999,2019/03/17,12:30:00,No,1.0,1.0,-37.56532077,145.618732,MURRINDINDI
T20190005729,Dry,Clear,Collision with vehicle,Tuesday,Day,60,2019/03/26,10:40:00,No,4.0,2.0,-38.1097684,144.334698,GREATER GEELONG
T20190005732,Dry,Clear,Collision with vehicle,Tuesday,Day,60,2019/03/26,13:40:00,No,2.0,1.0,-38.38105237,142.4861683,WARRNAMBOOL
T20190005733,Dry,Clear,Collision with vehicle,Tuesday,Day,60,2019/03/26,12:30:00,No,2.0,1.0,-37.05758432,142.774701,NORTHERN GRAMPIANS
T20190005742,Dry,Clear,Vehicle overturned (no collision),Saturday,Dark Street lights on,80,2019/03/23,22:22:00,Yes,1.0,1.0,-35.05224272,143.3264,SWAN HILL
T20190005749,Dry,Clear,Vehicle overturned (no collision),Sunday,Day,50,2019/03/24,15:50:00,No,1.0,1.0,-37.08596905,144.1981779,MOUNT ALEXANDER
T20190005750,Dry,Clear,Collision with vehicle,Tuesday,Day,60,2019/03/26,17:40:00,No,3.0,1.0,-38.14949042,144.3685198,GREATER GEELONG
T20190005751,Dry,Clear,Collision with a fixed object,Monday,Dusk/Dawn,60,2019/02/18,20:00:00,Yes,1.0,1.0,-36.77294741,144.2629557,GREATER BENDIGO
T20190005755,Dry,Clear,Struck Pedestrian,Tuesday,Day,60,2019/03/26,16:10:00,No,2.0,1.0,-36.39688645,145.3958898,GREATER SHEPPARTON
T20190005782,Dry,Fog,Collision with vehicle,Wednesday,Dark Street lights unknown,80,2019/03/27,06:50:00,No,2.0,2.0,-37.35064596,145.0213399,MITCHELL
T20190005788,Dry,Clear,Collision with a fixed object,Sunday,Day,80,2019/03/17,13:30:00,No,1.0,1.0,-38.33334995,145.7264003,SOUTH GIPPSLAND
T20190005792,Dry,Clear,Collision with vehicle,Wednesday,Day,100,2019/03/27,12:20:00,No,2.0,2.0,-36.16302976,143.3030202,BULOKE
T20190005799,Dry,Clear,Struck Pedestrian,Tuesday,Dusk/Dawn,50,2019/03/26,07:15:00,No,3.0,1.0,-38.14764595,144.3662351,GREATER GEELONG
T20190005808,Dry,Clear,Collision with vehicle,Wednesday,Day,50,2019/03/27,17:10:00,No,2.0,1.0,-36.70663127,142.2014548,HORSHAM
T20190005813,Dry,Clear,Collision with vehicle,Wednesday,Day,50,2019/03/27,18:15:00,Yes,2.0,1.0,-38.1472299,144.3411065,GREATER GEELONG
T20190005820,Dry,Clear,Collision with vehicle,Wednesday,Day,60,2019/03/27,18:10:00,Yes,3.0,3.0,-34.20301312,142.1527163,MILDURA
T20190005827,Dry,Clear,Collision with vehicle,Wednesday,Day,100,2019/03/27,18:50:00,Yes,3.0,3.0,-36.72152972,141.9511858,HORSHAM
T20190005837,Dry,Clear,Collision with vehicle,Thursday,Day,60,2019/03/28,08:30:00,No,5.0,1.0,-38.18587701,146.281343,LATROBE
T20190005843,Dry,Not known,Collision with vehicle,Tuesday,Day,60,2019/03/19,08:27:00,No,2.0,2.0,-38.02485013,144.4151984,GREATER GEELONG
T20190005854,Dry,Clear,Collision with vehicle,Thursday,Day,60,2019/03/28,06:40:00,No,2.0,2.0,-38.22166934,144.3563913,GREATER GEELONG
T20190005862,Dry,Clear,Collision with vehicle,Thursday,Dark No street lights,80,2019/03/28,06:20:00,No,3.0,3.0,-34.2198246,142.1104782,MILDURA
T20190005869,Dry,Clear,Collision with vehicle,Tuesday,Day,100,2019/03/26,16:00:00,No,4.0,2.0,-37.04007014,143.6998699,CENTRAL GOLDFIELDS
T20190005878,Dry,Clear,Struck Pedestrian,Thursday,Day,60,2019/03/28,15:30:00,No,2.0,1.0,-36.31352594,145.0407411,CAMPASPE
T20190005880,Dry,Clear,Collision with vehicle,Thursday,Day,80,2019/03/28,17:30:00,No,2.0,1.0,-38.22577974,144.3365678,GREATER GEELONG
T20190005895,Dry,Clear,Vehicle overturned (no collision),Thursday,Day,80,2019/03/28,15:44:00,No,2.0,1.0,-37.62590976,143.8320096,GOLDEN PLAINS
T20190005900,Dry,Clear,Collision with a fixed object,Thursday,Dark No street lights,100,2019/03/28,19:55:00,Yes,1.0,1.0,-35.88462972,145.3551205,MOIRA
T20190005919,Dry,Clear,Collision with a fixed object,Friday,Dusk/Dawn,100,2019/03/29,07:10:00,No,1.0,1.0,-37.91694123,144.0413108,GOLDEN PLAINS
T20190005924,Dry,Clear,Struck animal,Monday,Day,80,2019/03/25,09:10:00,Yes,1.0,1.0,-37.81124947,143.806989,GOLDEN PLAINS
T20190005926,Dry,Clear,Collision with vehicle,Friday,Day,100,2019/03/29,11:00:00,No,2.0,2.0,-36.4989498,145.3121323,GREATER SHEPPARTON
T20190005927,Dry,Clear,Collision with vehicle,Thursday,Day,100,2019/03/28,16:45:00,No,2.0,2.0,-38.34006918,142.414911,MOYNE
T20190005930,Dry,Clear,Vehicle overturned (no collision),Friday,Day,100,2019/03/29,11:15:00,No,1.0,1.0,-37.6420277,144.3652395,MOORABOOL
T20190005932,Dry,Clear,Collision with vehicle,Thursday,Day,60,2019/03/28,18:35:00,Yes,2.0,1.0,-37.53386686,143.8175667,BALLARAT
T20190005936,Dry,Clear,Collision with vehicle,Friday,Day,50,2019/03/29,12:10:00,No,2.0,1.0,-38.34208669,143.5865637,COLAC OTWAY
T20190005950,Dry,Clear,Collision with vehicle,Friday,Day,100,2019/03/29,08:15:00,No,2.0,1.0,-38.33730682,142.713536,MOYNE
T20190005953,Dry,Clear,Collision with vehicle,Friday,Day,70,2019/03/29,15:30:00,No,2.0,2.0,-38.16039833,144.3501824,GREATER GEELONG
T20190005961,Wet,Raining,Collision with a fixed object,Friday,Day,100,2019/03/29,14:29:00,No,1.0,1.0,-36.04957125,147.3479892,TOWONG
T20190005964,Wet,Raining,Struck Pedestrian,Friday,Day,40,2019/03/29,15:30:00,No,2.0,2.0,-38.3454785,143.5918794,COLAC OTWAY
T20190005967,Dry,Clear,Collision with vehicle,Friday,Day,50,2019/03/29,15:20:00,No,1.0,1.0,-38.14236551,144.3559929,GREATER GEELONG
T20190005980,Dry,Clear,Struck Pedestrian,Friday,Day,50,2019/03/29,07:45:00,No,2.0,1.0,-38.23213332,143.1467473,CORANGAMITE
T20190006009,Wet,Raining,Struck Pedestrian,Saturday,Day,60,2019/03/30,13:10:00,No,2.0,1.0,-38.19433531,146.5411446,LATROBE
T20190006019,Wet,Raining,Fall from or in moving vehicle,Saturday,Day,100,2019/03/30,14:00:00,Yes,1.0,1.0,-36.45678378,146.9980837,ALPINE
T20190006028,Dry,Clear,Collision with vehicle,Saturday,Day,50,2019/03/30,18:58:00,Yes,4.0,3.0,-36.56085284,146.7239676,ALPINE
T20190006033,Dry,Clear,Struck Pedestrian,Sunday,Dark Street lights on,60,2019/03/31,00:30:00,Yes,2.0,1.0,-36.37206969,145.4011762,GREATER SHEPPARTON
T20190006039,Dry,Clear,Fall from or in moving vehicle,Saturday,Dark Street lights on,50,2019/03/30,23:30:00,Yes,2.0,1.0,-36.12208958,146.8379242,WODONGA
T20190006046,Dry,Clear,Struck Pedestrian,Sunday,Dark Street lights on,60,2019/03/31,03:51:00,Yes,2.0,1.0,-37.56005643,143.8606228,BALLARAT
T20190006058,Dry,Clear,Vehicle overturned (no collision),Sunday,Day,100,2019/03/31,10:45:00,No,1.0,1.0,-37.49556515,149.6655222,EAST GIPPSLAND
T20190006063,Dry,Clear,Collision with vehicle,Sunday,Day,60,2019/03/31,11:30:00,No,2.0,1.0,-38.23528887,144.0034277,SURF COAST
T20190006072,Dry,Clear,Struck animal,Sunday,Day,100,2019/03/31,13:00:00,No,1.0,1.0,-37.26973004,143.3011918,PYRENEES
T20190006077,Dry,Clear,collision with some other object,Friday,Day,100,2019/03/29,11:40:00,No,1.0,1.0,-36.95856253,147.4803693,EAST GIPPSLAND
T20190006079,Dry,Clear,Collision with a fixed object,Saturday,Dark No street lights,100,2019/03/30,06:30:00,Yes,2.0,1.0,-36.22111,146.131348,WANGARATTA
T20190006082,Dry,Clear,Collision with a fixed object,Sunday,Day,40,2019/03/31,16:27:00,Yes,1.0,1.0,-37.59581005,143.8430256,BALLARAT
T20190006103,Dry,Clear,Struck animal,Monday,Dark Street lights unknown,60,2019/04/01,06:50:00,No,1.0,1.0,-38.5149353,145.3470384,BASS COAST
T20190006105,Dry,Clear,Collision with vehicle,Monday,Day,40,2019/04/01,08:50:00,No,4.0,2.0,-36.12250774,146.8734805,WODONGA
T20190006111,Dry,Clear,Collision with vehicle,Monday,Day,50,2019/04/01,08:15:00,No,3.0,3.0,-36.39531265,145.3557817,GREATER SHEPPARTON
T20190006112,Dry,Clear,Collision with vehicle,Monday,Day,50,2019/04/01,11:15:00,No,2.0,1.0,-36.38108673,145.3993076,GREATER SHEPPARTON
T20190006116,Dry,Clear,No collision and no object struck,Monday,Day,100,2019/04/01,11:30:00,No,2.0,2.0,-38.59548992,143.2030726,CORANGAMITE
T20190006120,Dry,Clear,Fall from or in moving vehicle,Wednesday,Day,999,2019/03/27,12:00:00,No,1.0,1.0,-36.56683004,147.37723,TOWONG
T20190006121,Dry,Clear,Collision with vehicle,Monday,Day,60,2019/04/01,10:00:00,Yes,2.0,1.0,-38.15260229,144.334124,GREATER GEELONG
T20190006124,Dry,Clear,No collision and no object struck,Monday,Day,60,2019/04/01,15:03:00,No,7.0,1.0,-36.11311441,146.8560502,WODONGA
T20190006125,Dry,Clear,Collision with vehicle,Monday,Day,80,2019/04/01,10:43:00,No,2.0,2.0,-38.23599904,146.4266282,LATROBE
T20190006140,Dry,Clear,Struck Pedestrian,Monday,Day,60,2019/04/01,16:30:00,No,3.0,1.0,-36.15126967,146.6073,INDIGO
T20190006154,Dry,Clear,Struck Pedestrian,Monday,Dark Street lights on,40,2019/04/01,20:05:00,Yes,2.0,1.0,-37.04583792,143.7390718,CENTRAL GOLDFIELDS
T20190006157,Dry,Clear,Collision with a fixed object,Monday,Dark No street lights,100,2019/04/01,20:48:00,Yes,1.0,1.0,-36.91586997,144.3342301,GREATER BENDIGO
T20190006161,Dry,Not known,Collision with a fixed object,Monday,Dark No street lights,100,2019/04/01,23:00:00,Yes,4.0,4.0,-37.05633453,143.8549929,CENTRAL GOLDFIELDS
T20190006166,Dry,Clear,Fall from or in moving vehicle,Tuesday,Dark Street lights on,60,2019/04/02,06:15:00,No,1.0,1.0,-36.74356635,144.274233,GREATER BENDIGO
T20190006175,Dry,Clear,Collision with vehicle,Thursday,Dark Street lights on,60,2019/03/28,20:10:00,Yes,2.0,1.0,-37.56176133,143.8548054,BALLARAT
T20190006183,Dry,Clear,Collision with a fixed object,Monday,Day,100,2019/04/01,14:00:00,No,1.0,1.0,-37.5612782,149.3530352,EAST GIPPSLAND
T20190006187,Dry,Clear,Collision with vehicle,Tuesday,Day,80,2019/04/02,10:40:00,No,3.0,3.0,-36.95592734,144.2360593,MOUNT ALEXANDER
T20190006188,Dry,Not known,Collision with vehicle,Friday,Day,60,2019/03/29,15:30:00,No,2.0,1.0,-37.68610283,144.4800008,MOORABOOL
T20190006207,Unknown,Not known,Struck animal,Thursday,Dark Street lights unknown,100,2019/02/14,21:07:00,Yes,2.0,1.0,-38.20043095,147.375008,WELLINGTON
T20190006214,Dry,Clear,Collision with vehicle,Tuesday,Day,50,2019/04/02,15:25:00,No,1.0,1.0,-38.10906849,147.0907603,WELLINGTON
T20190006225,Unknown,Clear,No collision and no object struck,Tuesday,Day,50,2019/02/19,16:00:00,No,1.0,1.0,-38.07895511,144.3466411,GREATER GEELONG
T20190006230,Dry,Clear,Struck animal,Tuesday,Day,100,2019/04/02,14:45:00,No,1.0,1.0,-37.70962711,143.6897634,GOLDEN PLAINS
T20190006232,Dry,Clear,Struck animal,Wednesday,Day,100,2019/03/27,12:30:00,No,2.0,1.0,-38.2900925,144.3571995,SURF COAST
T20190006252,Dry,Clear,Collision with a fixed object,Tuesday,Day,100,2019/04/02,16:50:00,No,1.0,1.0,-38.30983917,142.7734855,MOYNE
T20190006263,Dry,Clear,Struck animal,Wednesday,Dark No street lights,100,2019/04/03,06:00:00,Yes,1.0,1.0,-37.46702859,144.6611297,MACEDON RANGES
T20190006270,Dry,Clear,Collision with vehicle,Wednesday,Dusk/Dawn,60,2019/04/03,07:00:00,No,2.0,1.0,-36.74021437,144.2998549,GREATER BENDIGO
T20190006283,Wet,Raining,Collision with a fixed object,Friday,Day,100,2019/03/08,19:30:00,Yes,1.0,1.0,-38.22573066,142.4417293,MOYNE
T20190006285,Wet,Clear,Collision with vehicle,Wednesday,Day,110,2019/03/20,09:42:00,No,2.0,1.0,-37.68982596,144.5099312,MOORABOOL
T20190006287,Dry,Clear,Collision with vehicle,Tuesday,Dusk/Dawn,80,2019/04/02,18:11:00,Yes,2.0,1.0,-36.36470842,145.44934,GREATER SHEPPARTON
T20190006298,Dry,Clear,Collision with vehicle,Wednesday,Day,100,2019/04/03,13:00:00,No,3.0,3.0,-36.99616961,145.1438819,MITCHELL
T20190006300,Dry,Clear,Vehicle overturned (no collision),Wednesday,Day,60,2019/04/03,13:00:00,No,1.0,1.0,-38.10392969,144.36289,GREATER GEELONG
T20190006304,Dry,Clear,Collision with vehicle,Wednesday,Day,60,2019/04/03,15:10:00,No,4.0,2.0,-38.1095593,147.0611756,WELLINGTON
T20190006308,Wet,Raining,Collision with a fixed object,Wednesday,Day,60,2019/04/03,14:15:00,No,3.0,1.0,-38.20404009,144.3024014,GREATER GEELONG
T20190006327,Dry,Clear,Struck Pedestrian,Wednesday,Day,60,2019/04/03,15:30:00,No,2.0,1.0,-36.73136386,144.2918793,GREATER BENDIGO
T20190006332,Dry,Clear,Collision with a fixed object,Wednesday,Dark No street lights,100,2019/04/03,21:30:00,Yes,3.0,2.0,-38.48240356,145.8794111,SOUTH GIPPSLAND
T20190006343,Dry,Clear,Collision with vehicle,Tuesday,Day,100,2019/04/02,15:40:00,No,2.0,2.0,-34.12967493,142.0144268,MILDURA
T20190006346,Dry,Not known,Struck animal,Thursday,Day,100,2019/04/04,08:15:00,No,1.0,1.0,-36.98036477,143.9825409,MOUNT ALEXANDER
T20190006349,Dry,Clear,Collision with vehicle,Thursday,Day,60,2019/04/04,12:56:00,No,3.0,1.0,-37.59874163,143.8411629,BALLARAT
T20190006356,Dry,Clear,Collision with a fixed object,Tuesday,Day,100,2019/04/02,14:50:00,No,1.0,1.0,-38.01716821,144.4597647,GREATER GEELONG
T20190006357,Dry,Clear,Collision with a fixed object,Thursday,Day,80,2019/04/04,12:05:00,No,1.0,1.0,-38.70160049,143.7108347,COLAC OTWAY
T20190006365,Dry,Clear,Collision with vehicle,Thursday,Day,60,2019/04/04,11:45:00,No,2.0,1.0,-37.58103918,143.8301217,BALLARAT
T20190006381,Wet,Raining,Vehicle overturned (no collision),Thursday,Day,100,2019/04/04,15:40:00,No,1.0,1.0,-36.48718949,146.6586086,WANGARATTA
T20190006384,Dry,Clear,Collision with vehicle,Thursday,Day,80,2019/04/04,17:40:00,No,4.0,2.0,-38.17906301,144.4228922,GREATER GEELONG
T20190006393,Unknown,Not known,Struck Pedestrian,Monday,Dark Street lights unknown,999,2019/03/11,20:00:00,Yes,2.0,1.0,-36.37078959,146.6857357,INDIGO
T20190006401,Dry,Clear,Vehicle overturned (no collision),Thursday,Dark No street lights,60,2019/04/04,23:40:00,Yes,2.0,2.0,-38.33249807,144.303387,SURF COAST
T20190006409,Dry,Clear,Collision with vehicle,Thursday,Day,60,2019/04/04,11:12:00,No,3.0,1.0,-38.12431769,144.350486,GREATER GEELONG
T20190006417,Dry,Clear,Struck Pedestrian,Friday,Day,50,2019/04/05,09:10:00,No,2.0,1.0,-37.5409285,143.8218878,BALLARAT
T20190006420,Dry,Clear,Collision with vehicle,Thursday,Day,80,2019/04/04,18:14:00,Yes,2.0,1.0,-38.02485013,144.4151984,GREATER GEELONG
T20190006434,Dry,Clear,Collision with a fixed object,Friday,Day,100,2019/04/05,10:51:00,No,1.0,1.0,-38.16437997,144.1613498,SURF COAST
T20190006437,Dry,Clear,Fall from or in moving vehicle,Friday,Day,40,2019/03/01,19:50:00,Yes,1.0,1.0,-38.39736025,145.5364307,BASS COAST
T20190006457,Dry,Clear,Collision with vehicle,Friday,Day,110,2019/04/05,15:00:00,No,3.0,2.0,-37.35182011,144.550431,MACEDON RANGES
T20190006458,Dry,Clear,Collision with vehicle,Friday,Day,80,2019/04/05,14:50:00,No,4.0,3.0,-38.06682644,144.3791753,GREATER GEELONG
T20190006467,Dry,Clear,Struck Pedestrian,Friday,Day,50,2019/04/05,18:00:00,Yes,4.0,1.0,-38.27248916,144.6136914,QUEENSCLIFFE
T20190006468,Dry,Clear,Collision with vehicle,Friday,Day,100,2019/04/05,12:20:00,No,3.0,1.0,-37.83881028,147.9507315,EAST GIPPSLAND
T20190006470,Dry,Clear,Collision with vehicle,Friday,Day,60,2019/04/05,17:30:00,Yes,5.0,2.0,-37.82677567,147.6268142,EAST GIPPSLAND
T20190006479,Dry,Clear,Collision with vehicle,Friday,Day,100,2019/04/05,15:30:00,No,3.0,2.0,-37.33452533,144.4240569,MACEDON RANGES
T20190006480,Unknown,Not known,Struck animal,Friday,Unknown,80,2019/01/25,09:00:00,No,2.0,2.0,-37.17762089,143.7050283,CENTRAL GOLDFIELDS
T20190006485,Dry,Clear,Collision with vehicle,Friday,Dark Street lights on,60,2019/04/05,21:40:00,Yes,2.0,1.0,-38.17285647,144.5710537,GREATER GEELONG
T20190006503,Dry,Clear,Fall from or in moving vehicle,Friday,Day,100,2019/04/05,16:45:00,No,2.0,2.0,-37.46705169,146.2545306,MANSFIELD
T20190006518,Dry,Clear,Collision with a fixed object,Friday,Day,60,2019/04/05,17:54:00,Yes,2.0,1.0,-36.72590011,142.2172864,HORSHAM
T20190006529,Dry,Clear,Collision with a fixed object,Saturday,Day,80,2019/04/06,14:41:00,Yes,1.0,1.0,-37.8974598,144.4008483,GREATER GEELONG
T20190006539,Dry,Not known,Collision with a fixed object,Saturday,Day,100,2019/04/06,17:30:00,Yes,3.0,2.0,-37.09361272,145.0748087,MITCHELL
T20190006545,Dry,Clear,Struck animal,Saturday,Dark No street lights,100,2019/04/06,19:45:00,Yes,3.0,2.0,-38.06691733,146.9767544,WELLINGTON
T20190006546,Dry,Clear,Collision with a fixed object,Saturday,Day,100,2019/04/06,18:31:00,Yes,2.0,2.0,-36.26569999,145.1684529,GREATER SHEPPARTON
T20190006548,Dry,Clear,Collision with a fixed object,Saturday,Dark No street lights,100,2019/04/06,22:30:00,Yes,1.0,1.0,-37.40443654,144.760951,MACEDON RANGES
T20190006552,Dry,Clear,No collision and no object struck,Saturday,Day,100,2019/04/06,15:20:00,Yes,1.0,1.0,-36.27887766,147.108931,INDIGO
T20190006557,Dry,Not known,Struck Pedestrian,Sunday,Dark Street lights unknown,60,2019/04/07,02:30:00,No,2.0,1.0,-34.19802392,142.146737,MILDURA
T20190006566,Dry,Clear,Collision with a fixed object,Saturday,Day,100,2019/04/06,10:45:00,No,1.0,1.0,-38.45024017,145.9030913,SOUTH GIPPSLAND
T20190006572,Dry,Clear,Vehicle overturned (no collision),Sunday,Day,100,2019/04/07,10:30:00,No,1.0,1.0,-37.05370845,146.2960057,MANSFIELD
T20190006574,Dry,Clear,Collision with vehicle,Sunday,Day,70,2019/04/07,06:40:00,No,3.0,1.0,-38.15172483,144.351973,GREATER GEELONG
T20190006578,Dry,Clear,Fall from or in moving vehicle,Sunday,Day,80,2019/04/07,11:50:00,No,1.0,1.0,-37.52878293,145.4367206,MURRINDINDI
T20190006585,Dry,Clear,Vehicle overturned (no collision),Saturday,Dusk/Dawn,80,2019/04/06,19:10:00,Yes,1.0,1.0,-37.34453007,144.6332494,MACEDON RANGES
T20190006587,Dry,Clear,Collision with vehicle,Monday,Dark Street lights on,60,2019/04/01,19:30:00,Yes,4.0,1.0,-37.53211902,143.8210224,BALLARAT
T20190006597,Dry,Clear,Struck Pedestrian,Sunday,Day,60,2019/04/07,15:30:00,No,2.0,1.0,-36.91989599,144.7066355,GREATER BENDIGO
T20190006600,Dry,Clear,Collision with a fixed object,Sunday,Day,100,2019/04/07,15:43:00,No,1.0,1.0,-36.80474906,144.3021901,GREATER BENDIGO
T20190006603,Dry,Clear,Collision with vehicle,Sunday,Day,80,2019/04/07,15:50:00,No,3.0,1.0,-38.20853749,146.4966514,LATROBE
T20190006612,Dry,Clear,Collision with vehicle,Sunday,Day,100,2019/04/07,16:53:00,Yes,5.0,5.0,-34.61475314,142.7992346,SWAN HILL
T20190006630,Dry,Clear,Collision with vehicle,Sunday,Day,80,2019/04/07,11:44:00,No,5.0,5.0,-36.45437486,142.5745455,YARRIAMBIACK
T20190006631,Dry,Clear,Collision with vehicle,Monday,Day,60,2019/04/08,07:30:00,No,3.0,1.0,-37.53406935,145.3407064,MURRINDINDI
T20190006633,Dry,Clear,Collision with a fixed object,Monday,Dark Street lights on,60,2019/04/08,05:52:00,Yes,2.0,1.0,-38.46364016,145.2389841,BASS COAST
T20190006634,Dry,Not known,Struck Pedestrian,Thursday,Day,50,2019/03/28,14:20:00,No,2.0,1.0,-38.38047953,142.4740904,WARRNAMBOOL
T20190006635,Dry,Clear,Vehicle overturned (no collision),Monday,Dark No street lights,100,2019/04/08,06:20:00,No,1.0,1.0,-38.29360679,146.4495517,LATROBE
T20190006639,Dry,Clear,Collision with vehicle,Monday,Day,80,2019/04/08,09:30:00,No,2.0,2.0,-36.37144148,146.289738,WANGARATTA
T20190006643,Wet,Clear,Collision with a fixed object,Monday,Day,80,2019/04/08,09:05:00,No,1.0,1.0,-38.75597978,143.5538952,COLAC OTWAY
T20190006648,Dry,Clear,Collision with vehicle,Monday,Day,50,2019/04/08,12:05:00,No,2.0,1.0,-37.58381235,143.8386165,BALLARAT
T20190006649,Dry,Clear,Collision with vehicle,Monday,Day,50,2019/04/08,12:15:00,No,1.0,1.0,-37.04757971,143.7314397,CENTRAL GOLDFIELDS
T20190006662,Dry,Clear,Collision with vehicle,Monday,Day,50,2019/04/08,15:00:00,No,3.0,1.0,-36.40434738,145.41144,GREATER SHEPPARTON
T20190006681,Dry,Clear,Collision with a fixed object,Monday,Day,60,2019/04/08,17:38:00,No,1.0,1.0,-38.11081693,144.3433954,GREATER GEELONG
T20190006690,Wet,Raining,Vehicle overturned (no collision),Monday,Dark Street lights on,60,2019/04/08,19:10:00,Yes,2.0,1.0,-37.4057319,144.9719097,MITCHELL
T20190006693,Dry,Clear,Collision with vehicle,Monday,Day,50,2019/04/08,16:30:00,Yes,2.0,1.0,-36.77658882,144.2867695,GREATER BENDIGO
T20190006698,Dry,Clear,Struck animal,Tuesday,Dusk/Dawn,100,2019/04/09,07:30:00,No,1.0,1.0,-38.40469949,143.215186,CORANGAMITE
T20190006700,Dry,Clear,Collision with a fixed object,Tuesday,Dusk/Dawn,100,2019/04/09,06:15:00,No,1.0,1.0,-36.71133955,143.6031604,LODDON
T20190006709,Dry,Clear,Collision with vehicle,Tuesday,Day,60,2019/04/09,09:00:00,No,4.0,2.0,-38.08259973,144.346543,GREATER GEELONG
T20190006720,Dry,Clear,Collision with a fixed object,Tuesday,Day,100,2019/04/09,09:20:00,No,1.0,1.0,-38.21410173,144.2924628,GREATER GEELONG
T20190006739,Dry,Clear,Collision with vehicle,Tuesday,Day,50,2019/04/09,15:10:00,No,4.0,2.0,-37.5671465,143.8582657,BALLARAT
T20190006761,Dry,Clear,Collision with a fixed object,Tuesday,Dark No street lights,100,2019/04/09,20:30:00,Yes,1.0,1.0,-34.12666909,142.0033437,MILDURA
T20190006764,Dry,Clear,Collision with vehicle,Tuesday,Dark No street lights,100,2019/04/09,23:40:00,Yes,2.0,2.0,-38.33877907,142.7195603,MOYNE
T20190006772,Dry,Clear,Collision with vehicle,Wednesday,Dusk/Dawn,60,2019/04/10,06:30:00,No,2.0,1.0,-36.76912353,144.2920962,GREATER BENDIGO
T20190006779,Dry,Clear,Collision with vehicle,Wednesday,Day,60,2019/04/10,12:04:00,No,2.0,1.0,-38.15048869,144.3405597,GREATER GEELONG
T20190006782,Dry,Clear,Collision with vehicle,Wednesday,Day,100,2019/04/10,10:30:00,No,5.0,1.0,-36.21144692,147.2469268,TOWONG
T20190006786,Dry,Clear,Collision with a fixed object,Wednesday,Day,50,2019/04/10,13:15:00,No,1.0,1.0,-35.26556035,141.1818618,MILDURA
T20190006795,Dry,Clear,Struck Pedestrian,Wednesday,Day,100,2019/04/10,09:30:00,No,1.0,1.0,-38.57009386,145.911674,SOUTH GIPPSLAND
T20190006799,Dry,Clear,Collision with vehicle,Wednesday,Day,60,2019/04/10,15:46:00,No,1.0,1.0,-37.54217506,143.847081,BALLARAT