Accident_No,Surface_Cond_Desc,Atmosph_Cond_Desc,Accident_Type_Desc,Day,Light_Condition_Desc,Speed_Zone,Accident_Date,Accident_Time,Alcohol_Influence,Total_Persons_Inv,Inj_Or_Fatal,Lat,Long,LGA
T20190006808,Dry,Clear,Vehicle overturned (no collision),Saturday,Day,999,2018/12/08,11:30:00,No,1.0,1.0,-37.22057218,145.8730222,MURRINDINDI
T20190006817,Dry,Clear,Collision with vehicle,Wednesday,Dark Street lights on,60,2019/04/10,19:05:00,Yes,2.0,1.0,-38.14757563,144.357754,GREATER GEELONG
T20190006822,Dry,Clear,Collision with vehicle,Wednesday,Dark Street lights on,50,2019/04/10,18:00:00,Yes,2.0,1.0,-37.54028263,143.8312792,BALLARAT
T20190006832,Dry,Clear,Collision with a fixed object,Wednesday,Dark Street lights on,70,2019/04/10,23:55:00,Yes,1.0,1.0,-38.12554918,144.3380927,GREATER GEELONG
T20190006843,Dry,Clear,No collision and no object struck,Wednesday,Dark No street lights,100,2019/04/10,19:48:00,Yes,2.0,1.0,-38.37631109,144.2177806,SURF COAST
T20190006845,Dry,Not known,Collision with vehicle,Thursday,Day,50,2019/04/11,08:10:00,No,2.0,1.0,-37.20654603,145.0463128,MITCHELL
T20190006852,Dry,Clear,Vehicle overturned (no collision),Thursday,Day,100,2019/04/11,07:40:00,No,1.0,1.0,-37.46079994,143.2424517,PYRENEES
T20190006857,Dry,Clear,Collision with vehicle,Thursday,Day,70,2019/04/11,13:05:00,No,2.0,1.0,-36.15517263,144.7311922,CAMPASPE
T20190006858,Dry,Clear,Collision with vehicle,Thursday,Day,50,2019/04/11,12:15:00,No,2.0,1.0,-38.15275748,144.3722309,GREATER GEELONG
T20190006862,Dry,Clear,Struck Pedestrian,Wednesday,Day,100,2018/10/24,08:40:00,No,2.0,1.0,-37.62319513,144.3598658,MOORABOOL
T20190006863,Dry,Clear,Collision with vehicle,Thursday,Day,80,2019/04/11,08:47:00,No,2.0,2.0,-38.20150133,146.5445509,LATROBE
T20190006864,Dry,Clear,Vehicle overturned (no collision),Thursday,Day,100,2019/04/11,11:15:00,No,2.0,2.0,-37.90030918,146.8057118,WELLINGTON
T20190006869,Dry,Clear,Collision with vehicle,Thursday,Day,100,2019/04/11,13:00:00,No,2.0,2.0,-37.66528527,143.6812247,GOLDEN PLAINS
T20190006874,Dry,Clear,Vehicle overturned (no collision),Saturday,Day,999,2019/04/06,09:30:00,No,1.0,1.0,-37.93999019,146.4422407,BAW BAW
T20190006879,Dry,Clear,Collision with vehicle,Thursday,Day,60,2019/04/11,16:30:00,No,5.0,2.0,-37.54055711,143.8589801,BALLARAT
T20190006886,Dry,Clear,Vehicle overturned (no collision),Thursday,Dark Street lights on,50,2019/04/11,18:05:00,Yes,3.0,1.0,-38.14241875,145.8515103,BAW BAW
T20190006911,Dry,Clear,Collision with vehicle,Thursday,Dark Street lights on,60,2019/04/11,22:30:00,Yes,2.0,1.0,-38.12686574,144.33935,GREATER GEELONG
T20190006914,Dry,Clear,Vehicle overturned (no collision),Friday,Dark Street lights unknown,100,2019/04/12,02:00:00,Yes,4.0,4.0,-38.05143917,144.3971789,GREATER GEELONG
T20190006923,Dry,Clear,Struck Pedestrian,Friday,Day,60,2019/04/12,07:40:00,No,2.0,1.0,-38.12703985,145.8467206,BAW BAW
T20190006926,Dry,Clear,No collision and no object struck,Monday,Dusk/Dawn,999,2019/04/08,17:50:00,No,1.0,1.0,-35.83780801,144.3165846,GANNAWARRA
T20190006938,Dry,Clear,Collision with vehicle,Friday,Day,60,2019/04/12,07:55:00,No,2.0,1.0,-37.52275245,143.8446895,BALLARAT
T20190006945,Dry,Clear,Collision with vehicle,Thursday,Day,60,2019/04/11,17:30:00,No,4.0,1.0,-38.10244215,144.3450074,GREATER GEELONG
T20190006947,Wet,Raining,Collision with vehicle,Friday,Day,50,2019/04/12,14:25:00,No,3.0,1.0,-38.08522947,144.3673946,GREATER GEELONG
T20190006950,Dry,Clear,Collision with vehicle,Friday,Day,60,2019/04/12,11:40:00,No,4.0,4.0,-38.10155936,144.3451746,GREATER GEELONG
T20190006966,Dry,Clear,Collision with vehicle,Friday,Dark Street lights on,60,2019/04/12,18:30:00,Yes,3.0,1.0,-38.14743713,144.3527539,GREATER GEELONG
T20190006973,Dry,Clear,Collision with vehicle,Friday,Day,80,2019/04/12,15:34:00,No,2.0,2.0,-37.39355164,147.834892,EAST GIPPSLAND
T20190006991,Dry,Clear,Collision with vehicle,Friday,Dark No street lights,110,2019/04/12,18:35:00,Yes,5.0,2.0,-37.29591995,145.054447,MITCHELL
T20190006992,Dry,Clear,Collision with vehicle,Friday,Dark No street lights,110,2019/04/12,19:18:00,Yes,5.0,1.0,-37.2821791,145.0557539,MITCHELL
T20190007004,Dry,Clear,Collision with vehicle,Friday,Day,50,2019/04/12,11:08:00,No,3.0,2.0,-38.34416401,143.5804525,COLAC OTWAY
T20190007006,Dry,Not known,Collision with a fixed object,Saturday,Dusk/Dawn,100,2019/04/13,06:30:00,Yes,1.0,1.0,-36.61692605,143.7310334,LODDON
T20190007010,Dry,Clear,Collision with vehicle,Tuesday,Day,50,2019/04/09,11:00:00,No,2.0,1.0,-38.17538246,144.3794521,GREATER GEELONG
T20190007014,Dry,Clear,Collision with vehicle,Saturday,Day,100,2019/04/13,11:20:00,No,3.0,1.0,-37.75319355,144.4431354,MOORABOOL
T20190007022,Dry,Clear,Struck animal,Thursday,Dusk/Dawn,80,2019/04/04,18:40:00,Yes,1.0,1.0,-36.84201655,144.2797782,GREATER BENDIGO
T20190007023,Dry,Clear,Collision with a fixed object,Saturday,Day,100,2019/04/13,08:00:00,No,2.0,2.0,-36.25979071,143.0319463,BULOKE
T20190007044,Dry,Clear,Collision with a fixed object,Saturday,Dark No street lights,100,2019/04/13,17:30:00,Yes,1.0,1.0,-36.7497575,144.6097569,GREATER BENDIGO
T20190007059,Dry,Clear,Collision with vehicle,Sunday,Dark Street lights on,60,2019/04/14,02:15:00,Yes,3.0,2.0,-38.39596591,142.4732216,WARRNAMBOOL
T20190007062,Dry,Clear,Struck Pedestrian,Sunday,Dark Street lights on,50,2019/04/14,02:30:00,Yes,2.0,1.0,-38.1943813,146.5373498,LATROBE
T20190007067,Dry,Clear,Collision with vehicle,Saturday,Day,80,2019/04/13,15:50:00,No,2.0,1.0,-38.40730944,145.5305563,BASS COAST
T20190007070,Dry,Clear,Collision with vehicle,Sunday,Day,60,2019/04/14,09:21:00,Yes,4.0,4.0,-36.31352594,145.0407411,CAMPASPE
T20190007075,Dry,Clear,Collision with vehicle,Sunday,Dusk/Dawn,100,2019/04/14,07:26:00,Yes,5.0,5.0,-38.11930786,146.8602343,WELLINGTON
T20190007084,Dry,Clear,Collision with vehicle,Tuesday,Day,50,2019/04/02,10:40:00,No,2.0,1.0,-38.14950205,144.3285131,GREATER GEELONG
T20190007091,Dry,Clear,Collision with vehicle,Sunday,Day,50,2019/04/14,12:18:00,No,2.0,2.0,-38.33749692,143.5723831,COLAC OTWAY
T20190007093,Dry,Clear,No collision and no object struck,Tuesday,Day,50,2019/01/01,08:00:00,No,1.0,1.0,-37.43414126,143.3773498,PYRENEES
T20190007097,Dry,Clear,Collision with vehicle,Thursday,Day,50,2019/04/04,10:40:00,No,2.0,1.0,-38.14356207,144.3357893,GREATER GEELONG
T20190007102,Dry,Clear,Vehicle overturned (no collision),Sunday,Day,100,2019/04/14,16:10:00,No,2.0,2.0,-36.26053003,147.0762681,INDIGO
T20190007106,Dry,Clear,Collision with vehicle,Sunday,Day,60,2019/04/14,13:49:00,No,2.0,2.0,-38.18396017,146.2928401,LATROBE
T20190007112,Dry,Clear,Fall from or in moving vehicle,Sunday,Day,60,2019/04/14,16:30:00,Yes,3.0,1.0,-38.0910386,144.3239103,GREATER GEELONG
T20190007113,Dry,Clear,Collision with vehicle,Sunday,Day,100,2019/04/14,13:10:00,No,2.0,2.0,-36.22471996,143.9556213,LODDON
T20190007136,Dry,Clear,Collision with vehicle,Monday,Day,60,2019/04/15,08:50:00,Yes,5.0,1.0,-38.15908694,144.3753479,GREATER GEELONG
T20190007138,Dry,Clear,Collision with vehicle,Monday,Day,100,2019/04/15,09:47:00,No,3.0,3.0,-37.23673319,144.4195013,MACEDON RANGES
T20190007144,Dry,Clear,Collision with vehicle,Sunday,Dark Street lights on,60,2019/04/14,19:20:00,Yes,3.0,2.0,-36.01570255,146.011296,MOIRA
T20190007147,Dry,Clear,Collision with vehicle,Monday,Day,70,2019/04/15,12:20:00,No,5.0,1.0,-36.14126992,144.7297417,CAMPASPE
T20190007148,Dry,Clear,Collision with a fixed object,Monday,Day,70,2019/04/15,11:05:00,No,2.0,2.0,-37.46555811,144.6721768,MACEDON RANGES
T20190007154,Dry,Clear,Collision with a fixed object,Monday,Day,100,2019/04/15,11:10:00,No,1.0,1.0,-38.19678634,147.3007301,WELLINGTON
T20190007156,Dry,Clear,Collision with vehicle,Friday,Day,60,2019/04/12,15:31:00,No,3.0,1.0,-38.18388888,146.238472,LATROBE
T20190007159,Dry,Clear,Collision with vehicle,Monday,Day,60,2019/04/15,14:15:00,No,6.0,3.0,-37.5824829,143.8608287,BALLARAT
T20190007168,Dry,Clear,Collision with a fixed object,Friday,Day,100,2019/03/15,16:00:00,Yes,1.0,1.0,-36.94419048,147.4226408,EAST GIPPSLAND
T20190007169,Dry,Clear,Collision with vehicle,Monday,Day,80,2019/04/15,15:35:00,No,2.0,1.0,-38.10731894,145.7853402,BAW BAW
T20190007171,Dry,Clear,Collision with vehicle,Monday,Day,100,2019/04/15,16:10:00,No,3.0,3.0,-38.47220066,145.4748071,BASS COAST
T20190007180,Dry,Clear,No collision and no object struck,Monday,Day,100,2019/04/15,16:15:00,No,1.0,1.0,-38.07241252,145.9490206,BAW BAW
T20190007189,Dry,Clear,Collision with vehicle,Thursday,Day,60,2019/03/07,17:09:00,No,3.0,1.0,-36.78535524,144.2466732,GREATER BENDIGO
T20190007194,Dry,Clear,Collision with vehicle,Monday,Dark Street lights on,60,2019/04/15,02:54:00,Yes,1.0,1.0,-38.06678263,144.359896,GREATER GEELONG
T20190007197,Dry,Clear,Collision with vehicle,Friday,Day,50,2019/02/15,13:25:00,No,3.0,1.0,-34.18621303,142.1675567,MILDURA
T20190007203,Dry,Clear,Collision with vehicle,Tuesday,Day,60,2019/04/16,08:50:00,No,2.0,1.0,-38.11155947,144.3498014,GREATER GEELONG
T20190007222,Dry,Clear,Collision with vehicle,Tuesday,Day,60,2019/04/16,13:00:00,No,2.0,1.0,-38.1113198,144.3432983,GREATER GEELONG
T20190007232,Dry,Clear,Collision with a fixed object,Monday,Dark No street lights,100,2019/04/15,18:45:00,Yes,1.0,1.0,-37.95275703,147.0697271,WELLINGTON
T20190007234,Dry,Clear,Collision with a fixed object,Tuesday,Day,100,2019/04/16,14:55:00,No,2.0,2.0,-35.96762307,145.7138606,MOIRA
T20190007253,Dry,Clear,Collision with vehicle,Tuesday,Dark Street lights on,50,2019/04/16,19:50:00,Yes,3.0,1.0,-38.13960548,144.3383509,GREATER GEELONG
T20190007263,Dry,Clear,Collision with a fixed object,Tuesday,Dark Street lights on,110,2019/04/16,21:49:00,Yes,1.0,1.0,-36.10715672,146.9033617,WODONGA
T20190007286,Dry,Clear,Collision with vehicle,Wednesday,Day,40,2019/04/17,12:05:00,No,1.0,1.0,-38.12178041,144.3280733,GREATER GEELONG
T20190007288,Dry,Clear,Collision with vehicle,Wednesday,Day,100,2019/04/17,10:20:00,No,2.0,1.0,-37.20116845,145.3521508,MURRINDINDI
T20190007290,Dry,Clear,Collision with a fixed object,Wednesday,Day,50,2019/04/17,13:05:00,No,1.0,1.0,-36.08838481,145.4423362,MOIRA
T20190007291,Dry,Clear,Collision with vehicle,Wednesday,Day,100,2019/04/17,10:20:00,No,5.0,1.0,-36.60922542,142.1251413,HORSHAM
T20190007294,Dry,Clear,Collision with vehicle,Wednesday,Day,80,2019/04/17,13:19:00,No,3.0,2.0,-34.26200468,142.1410307,MILDURA
T20190007295,Dry,Clear,Collision with vehicle,Wednesday,Day,60,2019/04/17,13:37:00,No,2.0,1.0,-37.56092213,143.8474373,BALLARAT
T20190007299,Dry,Clear,Collision with vehicle,Wednesday,Day,50,2019/04/17,13:24:00,No,2.0,1.0,-38.14178534,144.3450413,GREATER GEELONG
T20190007316,Dry,Clear,Collision with vehicle,Wednesday,Day,60,2019/04/17,17:05:00,No,3.0,1.0,-36.3524933,146.331299,WANGARATTA
T20190007335,Dry,Clear,Collision with vehicle,Wednesday,Day,100,2019/04/10,13:30:00,No,2.0,1.0,-36.24626379,146.8237632,WODONGA
T20190007339,Wet,Clear,Collision with a fixed object,Wednesday,Day,100,2019/04/17,16:45:00,No,1.0,1.0,-37.30583606,141.8644385,SOUTHERN GRAMPIANS
T20190007361,Dry,Clear,Collision with vehicle,Thursday,Dusk/Dawn,80,2019/04/18,07:00:00,No,2.0,1.0,-34.24586389,142.1483443,MILDURA
T20190007373,Dry,Clear,Collision with a fixed object,Thursday,Day,100,2019/04/18,10:20:00,No,2.0,1.0,-36.71380418,144.1326657,GREATER BENDIGO
T20190007377,Wet,Raining,Collision with a fixed object,Wednesday,Day,100,2019/04/17,16:00:00,No,1.0,1.0,-38.27934551,142.2574009,MOYNE
T20190007380,Dry,Clear,Vehicle overturned (no collision),Thursday,Day,100,2019/04/18,10:00:00,No,1.0,1.0,-35.86777,144.1798116,GANNAWARRA
T20190007388,Dry,Clear,Collision with vehicle,Thursday,Day,60,2019/04/18,14:00:00,No,3.0,1.0,-34.19802392,142.146737,MILDURA
T20190007393,Dry,Clear,Collision with vehicle,Thursday,Day,60,2019/04/18,15:25:00,No,1.0,1.0,-37.56785266,143.8968046,BALLARAT
T20190007411,Dry,Clear,Collision with vehicle,Thursday,Dark Street lights on,50,2019/04/18,18:35:00,Yes,4.0,1.0,-36.01849401,146.0054561,MOIRA
T20190007413,Dry,Clear,Collision with a fixed object,Thursday,Dark No street lights,100,2019/04/18,00:30:00,Yes,1.0,1.0,-36.51084592,142.2166659,HORSHAM
T20190007428,Dry,Clear,Collision with a fixed object,Thursday,Dark No street lights,100,2019/04/18,23:30:00,Yes,2.0,2.0,-38.01207974,144.2254205,GOLDEN PLAINS
T20190007435,Dry,Clear,Collision with a fixed object,Friday,Day,100,2019/04/19,10:20:00,No,1.0,1.0,-38.46933301,145.4519294,BASS COAST
T20190007436,Dry,Clear,Struck Pedestrian,Thursday,Day,999,2019/04/18,12:45:00,No,3.0,1.0,-36.36553668,146.299457,WANGARATTA
T20190007442,Dry,Clear,Collision with vehicle,Friday,Day,100,2019/04/19,10:17:00,No,4.0,2.0,-38.29952875,143.9807195,SURF COAST
T20190007444,Dry,Clear,Collision with a fixed object,Friday,Day,100,2019/04/19,06:45:00,No,3.0,3.0,-37.23197883,142.8990329,ARARAT
T20190007448,Dry,Clear,Collision with vehicle,Friday,Day,60,2019/04/19,13:30:00,No,5.0,1.0,-38.32598444,144.3175731,SURF COAST
T20190007449,Dry,Dust,Collision with a fixed object,Friday,Day,100,2019/04/19,13:30:00,No,3.0,3.0,-37.26876795,142.9920604,ARARAT
T20190007450,Dry,Clear,No collision and no object struck,Friday,Day,80,2019/04/19,12:35:00,No,2.0,1.0,-38.26543915,144.4454261,GREATER GEELONG
T20190007451,Dry,Clear,Collision with a fixed object,Friday,Day,100,2019/04/19,10:00:00,No,4.0,3.0,-38.02702384,143.5028267,CORANGAMITE
T20190007453,Dry,Clear,Collision with vehicle,Friday,Day,100,2019/04/19,15:05:00,No,3.0,2.0,-36.23485059,146.5209599,WANGARATTA
T20190007454,Dry,Clear,Collision with vehicle,Friday,Day,60,2019/04/19,15:50:00,No,4.0,4.0,-37.28497428,142.9310226,ARARAT
T20190007461,Dry,Clear,Collision with vehicle,Friday,Day,100,2019/04/19,11:54:00,No,2.0,1.0,-37.70327492,148.0534257,EAST GIPPSLAND
T20190007462,Dry,Clear,Collision with vehicle,Friday,Day,100,2019/04/19,11:50:00,No,8.0,3.0,-37.30088722,142.980634,ARARAT
T20190007464,Dry,Clear,Collision with vehicle,Friday,Day,60,2019/04/19,15:15:00,No,5.0,3.0,-37.42749266,143.379658,PYRENEES
T20190007482,Dry,Clear,Collision with vehicle,Saturday,Dusk/Dawn,80,2019/04/20,06:45:00,Yes,2.0,1.0,-36.7422264,144.2041565,GREATER BENDIGO
T20190007499,Dry,Clear,Collision with vehicle,Saturday,Day,100,2019/04/20,11:40:00,No,6.0,1.0,-38.06158052,146.3350893,BAW BAW
T20190007503,Dry,Clear,Struck animal,Saturday,Dark No street lights,70,2019/04/20,00:30:00,Yes,2.0,1.0,-36.7222104,144.3241632,GREATER BENDIGO
T20190007505,Wet,Clear,Collision with vehicle,Saturday,Day,100,2019/04/20,14:15:00,Yes,2.0,1.0,-36.55430339,147.5220022,TOWONG
T20190007506,Dry,Clear,Collision with vehicle,Saturday,Day,100,2019/04/20,13:10:00,No,7.0,2.0,-37.47825215,142.4333236,ARARAT
T20190007512,Dry,Clear,Vehicle overturned (no collision),Saturday,Day,100,2019/04/20,14:00:00,No,1.0,1.0,-36.75444163,147.0017855,ALPINE
T20190007513,Unknown,Not known,collision with some other object,Friday,Unknown,999,2019/04/19,16:00:00,Yes,1.0,1.0,-38.38116959,146.9225508,WELLINGTON
T20190007522,Dry,Clear,Vehicle overturned (no collision),Saturday,Day,100,2019/04/20,14:49:00,Yes,3.0,3.0,-37.11278872,146.5583793,MANSFIELD
T20190007526,Dry,Clear,Collision with vehicle,Saturday,Dark Street lights on,60,2019/04/20,19:20:00,Yes,3.0,2.0,-36.11325421,146.8552784,WODONGA
T20190007530,Dry,Clear,Struck animal,Saturday,Dark No street lights,100,2019/04/20,20:45:00,Yes,2.0,1.0,-36.22457166,147.1496864,TOWONG
T20190007541,Dry,Clear,Collision with a fixed object,Saturday,Dark No street lights,60,2019/04/20,22:41:00,Yes,1.0,1.0,-38.27033287,146.181768,BAW BAW
T20190007549,Dry,Clear,Collision with vehicle,Sunday,Day,50,2019/04/21,10:10:00,No,2.0,1.0,-37.49000193,144.5907895,MACEDON RANGES
T20190007550,Dry,Clear,No collision and no object struck,Saturday,Day,999,2019/04/20,14:30:00,Yes,1.0,1.0,-38.04808932,147.6175156,WELLINGTON
T20190007552,Dry,Clear,Collision with a fixed object,Saturday,Day,110,2019/04/20,12:30:00,No,2.0,1.0,-36.57873133,145.9142778,BENALLA
T20190007553,Dry,Clear,Vehicle overturned (no collision),Sunday,Day,100,2019/04/21,10:30:00,No,1.0,1.0,-36.80202819,146.7890402,ALPINE
T20190007556,Dry,Clear,Collision with vehicle,Sunday,Day,100,2019/04/21,12:10:00,No,5.0,4.0,-37.03129076,144.7943728,MITCHELL
T20190007559,Dry,Clear,Collision with vehicle,Sunday,Day,70,2019/04/21,12:43:00,No,3.0,3.0,-36.31175043,145.0320676,CAMPASPE
T20190007562,Dry,Clear,Collision with vehicle,Saturday,Day,60,2019/04/20,16:10:00,Yes,2.0,1.0,-37.561547,143.8729426,BALLARAT
T20190007568,Dry,Clear,Collision with vehicle,Sunday,Day,100,2019/04/21,12:38:00,No,2.0,1.0,-38.42335089,146.7625236,WELLINGTON
T20190007584,Dry,Clear,Vehicle overturned (no collision),Sunday,Day,100,2019/04/21,11:30:00,No,1.0,1.0,-37.09720744,148.2530101,EAST GIPPSLAND
T20190007586,Dry,Not known,collision with some other object,Friday,Day,999,2019/04/19,14:00:00,No,1.0,1.0,-35.78110136,141.9350753,HINDMARSH
T20190007589,Dry,Clear,Collision with a fixed object,Monday,Day,80,2019/04/22,10:10:00,No,2.0,2.0,-38.77414111,143.5095586,COLAC OTWAY
T20190007592,Dry,Clear,Collision with vehicle,Monday,Dusk/Dawn,60,2019/04/22,06:34:00,No,2.0,1.0,-36.74708903,144.3110235,GREATER BENDIGO
T20190007593,Dry,Clear,Collision with vehicle,Saturday,Day,60,2019/03/16,13:50:00,No,3.0,3.0,-36.30809436,145.0496129,CAMPASPE
T20190007603,Dry,Clear,Collision with vehicle,Monday,Day,60,2019/04/22,14:15:00,No,7.0,1.0,-37.40600632,144.9742539,MITCHELL
T20190007613,Dry,Clear,Collision with vehicle,Monday,Dusk/Dawn,50,2019/04/22,18:00:00,Yes,2.0,1.0,-38.13209812,144.3499273,GREATER GEELONG
T20190007615,Dry,Clear,Collision with a fixed object,Monday,Dark No street lights,100,2019/04/22,18:05:00,Yes,1.0,1.0,-38.42056632,143.170835,CORANGAMITE
T20190007621,Dry,Clear,Collision with a fixed object,Monday,Dark No street lights,100,2019/04/22,21:30:00,Yes,1.0,1.0,-36.85552575,144.1540693,GREATER BENDIGO
T20190007626,Icy,Clear,Collision with a fixed object,Tuesday,Dark Street lights on,50,2019/04/23,00:07:00,Yes,1.0,1.0,-38.38357771,142.5089449,WARRNAMBOOL
T20190007627,Dry,Clear,Collision with a fixed object,Tuesday,Dark No street lights,80,2019/04/23,00:43:00,Yes,1.0,1.0,-37.04928304,143.7164778,CENTRAL GOLDFIELDS
T20190007640,Dry,Clear,Collision with vehicle,Monday,Dark No street lights,60,2019/04/22,02:25:00,Yes,2.0,1.0,-37.51512361,145.7480324,MURRINDINDI
T20190007644,Dry,Clear,Collision with a fixed object,Tuesday,Day,60,2019/04/23,08:30:00,No,1.0,1.0,-38.23656742,143.9977317,SURF COAST
T20190007649,Dry,Clear,Collision with a fixed object,Tuesday,Day,100,2019/04/23,08:45:00,No,1.0,1.0,-37.62982098,141.7814012,SOUTHERN GRAMPIANS
T20190007656,Dry,Not known,Collision with a fixed object,Tuesday,Day,100,2019/04/23,08:20:00,No,1.0,1.0,-37.8182812,141.8936515,SOUTHERN GRAMPIANS
T20190007657,Dry,Clear,Collision with a fixed object,Tuesday,Day,100,2019/04/23,10:20:00,No,1.0,1.0,-37.60036873,143.931806,MOORABOOL
T20190007658,Dry,Clear,Struck Pedestrian,Tuesday,Day,50,2019/04/23,09:30:00,No,2.0,1.0,-37.52264369,143.8081474,BALLARAT
T20190007660,Dry,Clear,Collision with a fixed object,Friday,Dark No street lights,80,2019/04/05,00:15:00,Yes,1.0,1.0,-36.04371407,146.4453447,INDIGO
T20190007681,Dry,Clear,Collision with a fixed object,Tuesday,Day,60,2019/04/23,14:30:00,No,2.0,1.0,-38.10107947,144.3452655,GREATER GEELONG
T20190007682,Dry,Clear,Struck Pedestrian,Tuesday,Day,50,2019/04/23,15:30:00,No,2.0,1.0,-36.36575996,145.4126018,GREATER SHEPPARTON
T20190007688,Dry,Clear,Collision with vehicle,Tuesday,Dusk/Dawn,80,2019/04/23,16:30:00,No,3.0,1.0,-37.87443365,147.8488349,EAST GIPPSLAND
T20190007692,Dry,Clear,Collision with a fixed object,Tuesday,Dark No street lights,100,2019/04/23,19:05:00,Yes,3.0,1.0,-36.75908014,142.2460299,HORSHAM
T20190007693,Dry,Clear,No collision and no object struck,Tuesday,Dark No street lights,100,2019/04/23,19:19:00,Yes,1.0,1.0,-36.98667371,146.0315445,MANSFIELD
T20190007694,Dry,Clear,Collision with a fixed object,Tuesday,Dark No street lights,100,2019/04/23,18:15:00,Yes,1.0,1.0,-37.0154828,145.0434179,MITCHELL
T20190007695,Dry,Clear,Vehicle overturned (no collision),Tuesday,Dusk/Dawn,100,2019/04/23,18:00:00,Yes,1.0,1.0,-36.73960002,145.9989439,BENALLA
T20190007699,Dry,Clear,Struck Pedestrian,Tuesday,Dark Street lights on,50,2019/04/23,18:30:00,Yes,2.0,1.0,-35.34234073,143.542882,SWAN HILL
T20190007700,Dry,Clear,Collision with a fixed object,Tuesday,Dusk/Dawn,100,2019/04/23,18:35:00,Yes,2.0,2.0,-35.86458417,145.568513,MOIRA
T20190007703,Dry,Clear,Collision with a fixed object,Tuesday,Dark No street lights,100,2019/04/23,22:30:00,Yes,1.0,1.0,-36.5975848,145.8665834,BENALLA
T20190007715,Wet,Raining,Collision with vehicle,Wednesday,Day,100,2019/04/24,08:20:00,No,2.0,1.0,-38.52505218,145.4469406,BASS COAST
T20190007724,Muddy,Clear,Collision with a fixed object,Tuesday,Day,999,2019/04/23,15:30:00,No,4.0,4.0,-37.53789042,146.5500192,WELLINGTON
T20190007737,Wet,Raining,Collision with a fixed object,Wednesday,Day,100,2019/04/24,07:20:00,No,1.0,1.0,-38.12217294,146.1476809,BAW BAW
T20190007739,Wet,Raining,Vehicle overturned (no collision),Wednesday,Day,100,2019/04/24,11:49:00,No,1.0,1.0,-38.37291565,145.6283029,BASS COAST
T20190007747,Dry,Clear,Collision with vehicle,Wednesday,Day,60,2019/04/24,14:00:00,No,3.0,1.0,-35.9198744,145.6508067,MOIRA
T20190007751,Dry,Clear,Struck animal,Wednesday,Day,100,2019/04/24,15:20:00,No,1.0,1.0,-37.85584019,147.1748318,WELLINGTON
T20190007756,Wet,Raining,Collision with vehicle,Wednesday,Dark Street lights on,50,2019/04/24,18:25:00,Yes,4.0,1.0,-38.19699995,146.5203681,LATROBE
T20190007763,Dry,Clear,Collision with vehicle,Wednesday,Day,70,2019/04/24,17:35:00,No,4.0,2.0,-36.14054426,144.7413663,CAMPASPE
T20190007769,Wet,Clear,Collision with vehicle,Wednesday,Day,60,2019/04/24,16:00:00,No,3.0,1.0,-36.37134933,145.3449262,GREATER SHEPPARTON
T20190007774,Dry,Clear,Collision with a fixed object,Wednesday,Dark No street lights,100,2019/04/24,19:20:00,Yes,1.0,1.0,-35.99533768,145.9311807,MOIRA
T20190007785,Dry,Clear,Collision with a fixed object,Thursday,Dark No street lights,100,2019/04/25,05:45:00,Yes,2.0,2.0,-36.27944999,144.7775123,CAMPASPE
T20190007786,Dry,Not known,Collision with vehicle,Tuesday,Day,60,2019/03/05,12:30:00,No,3.0,1.0,-37.54114889,143.8311216,BALLARAT
T20190007790,Dry,Clear,Struck Pedestrian,Thursday,Day,50,2019/04/25,07:10:00,No,2.0,1.0,-38.10806397,144.037447,GOLDEN PLAINS
T20190007793,Dry,Clear,Fall from or in moving vehicle,Sunday,Day,100,2019/04/21,14:00:00,No,1.0,1.0,-37.95490318,146.4067193,BAW BAW
T20190007795,Dry,Clear,Collision with a fixed object,Thursday,Day,100,2019/04/25,09:50:00,No,1.0,1.0,-37.24512024,145.1746407,MURRINDINDI
T20190007796,Dry,Clear,Collision with a fixed object,Thursday,Day,60,2019/04/25,08:59:00,No,1.0,1.0,-37.40469798,144.9636282,MITCHELL
T20190007801,Dry,Clear,Fall from or in moving vehicle,Thursday,Day,80,2019/04/25,12:43:00,No,1.0,1.0,-38.71714095,143.7124272,COLAC OTWAY
T20190007802,Wet,Clear,Collision with a fixed object,Monday,Day,60,2019/04/22,10:43:00,No,1.0,1.0,-37.91971012,145.9451412,BAW BAW
T20190007811,Dry,Clear,Vehicle overturned (no collision),Thursday,Day,100,2019/04/25,13:10:00,No,1.0,1.0,-36.29888022,144.67588,CAMPASPE
T20190007819,Dry,Clear,Collision with a fixed object,Thursday,Day,50,2019/04/25,17:00:00,No,3.0,1.0,-36.13212623,144.7450791,CAMPASPE
T20190007820,Dry,Clear,Struck Pedestrian,Thursday,Dark No street lights,50,2019/04/25,18:00:00,Yes,2.0,1.0,-38.33321845,144.3181003,SURF COAST
T20190007825,Wet,Raining,Collision with a fixed object,Wednesday,Day,100,2019/04/24,09:00:00,No,3.0,1.0,-38.2093233,145.7526948,BAW BAW
T20190007829,Dry,Clear,Vehicle overturned (no collision),Thursday,Dark No street lights,60,2019/04/25,02:30:00,Yes,1.0,1.0,-38.2335404,144.2058199,SURF COAST
T20190007833,Wet,Raining,Collision with a fixed object,Friday,Dark No street lights,100,2019/04/26,03:34:00,Yes,1.0,1.0,-37.19177254,143.3765914,PYRENEES