Accident_No,Surface_Cond_Desc,Atmosph_Cond_Desc,Accident_Type_Desc,Day,Light_Condition_Desc,Speed_Zone,Accident_Date,Accident_Time,Alcohol_Influence,Total_Persons_Inv,Inj_Or_Fatal,Lat,Long,LGA
T20190007838,Dry,Clear,Vehicle overturned (no collision),Thursday,Day,100,2019/04/25,15:15:00,No,2.0,2.0,-38.65584788,145.5999743,BASS COAST
T20190007841,Dry,Clear,Collision with vehicle,Friday,Day,50,2019/04/26,08:10:00,No,5.0,3.0,-35.33497789,143.5584131,SWAN HILL
T20190007842,Dry,Fog,Vehicle overturned (no collision),Monday,Day,999,2019/04/22,13:30:00,No,2.0,1.0,-37.49428862,146.5296754,WELLINGTON
T20190007844,Dry,Clear,Collision with vehicle,Thursday,Day,60,2019/04/25,11:04:00,No,2.0,1.0,-37.37858978,144.5782276,MACEDON RANGES
T20190007852,Wet,Raining,Collision with vehicle,Friday,Day,60,2019/04/26,08:30:00,No,2.0,1.0,-36.70951083,144.2791643,GREATER BENDIGO
T20190007853,Wet,Raining,Collision with a fixed object,Friday,Day,80,2019/04/26,11:04:00,No,2.0,1.0,-38.18847543,146.5754105,LATROBE
T20190007861,Dry,Clear,Collision with a fixed object,Friday,Day,100,2019/04/26,13:00:00,No,2.0,2.0,-37.92601646,141.1842401,GLENELG
T20190007862,Dry,Clear,Collision with a fixed object,Friday,Day,100,2019/04/26,11:15:00,No,1.0,1.0,-37.19887141,143.0324306,ARARAT
T20190007864,Wet,Raining,Collision with vehicle,Friday,Day,80,2019/04/26,13:10:00,No,4.0,4.0,-38.52028426,145.3388415,BASS COAST
T20190007876,Dry,Clear,Collision with a fixed object,Friday,Day,100,2019/04/26,14:00:00,No,2.0,2.0,-36.38202994,141.5428317,HINDMARSH
T20190007878,Dry,Clear,Collision with vehicle,Friday,Day,100,2019/04/26,14:42:00,No,4.0,4.0,-36.84295089,143.9942494,LODDON
T20190007881,Dry,Clear,Collision with vehicle,Friday,Dark No street lights,60,2019/04/26,19:00:00,Yes,2.0,1.0,-38.19671079,144.3331207,GREATER GEELONG
T20190007908,Dry,Not known,Vehicle overturned (no collision),Monday,Day,100,2018/12/31,19:00:00,Yes,2.0,1.0,-38.24699703,147.1704689,WELLINGTON
T20190007909,Dry,Not known,Collision with a fixed object,Thursday,Day,999,2019/04/25,08:15:00,No,1.0,1.0,-38.02447042,146.027164,BAW BAW
T20190007913,Dry,Clear,Collision with a fixed object,Saturday,Day,90,2019/04/27,09:07:00,No,1.0,1.0,-37.43345685,145.0592937,MITCHELL
T20190007915,Dry,Clear,Collision with a fixed object,Saturday,Day,100,2019/04/27,10:10:00,No,2.0,2.0,-38.06639052,143.7652898,COLAC OTWAY
T20190007923,Dry,Clear,Collision with vehicle,Saturday,Dusk/Dawn,60,2019/04/27,16:30:00,Yes,2.0,2.0,-38.15951807,145.9226494,BAW BAW
T20190007926,Dry,Clear,Collision with vehicle,Saturday,Dark No street lights,100,2019/04/27,18:05:00,Yes,4.0,4.0,-37.70548409,144.4578785,MOORABOOL
T20190007929,Dry,Clear,Fall from or in moving vehicle,Saturday,Day,60,2019/04/27,14:50:00,No,1.0,1.0,-36.81930957,145.9090651,BENALLA
T20190007932,Dry,Clear,Collision with a fixed object,Saturday,Dark No street lights,70,2019/04/27,21:20:00,Yes,1.0,1.0,-37.54415357,143.7915776,BALLARAT
T20190007933,Dry,Clear,Collision with a fixed object,Saturday,Dark No street lights,100,2019/04/27,20:30:00,Yes,1.0,1.0,-38.01213731,145.9653936,BAW BAW
T20190007938,Dry,Raining,Struck Pedestrian,Saturday,Dusk/Dawn,999,2019/04/27,17:35:00,Yes,4.0,1.0,-38.37192293,142.4697676,WARRNAMBOOL
T20190007939,Dry,Clear,Vehicle overturned (no collision),Saturday,Dark No street lights,100,2019/04/27,21:50:00,Yes,1.0,1.0,-38.41531581,145.801154,SOUTH GIPPSLAND
T20190007950,Wet,Raining,Collision with vehicle,Sunday,Dark No street lights,110,2019/04/28,06:00:00,Yes,4.0,2.0,-37.18514931,144.4020845,MACEDON RANGES
T20190007966,Wet,Raining,Collision with vehicle,Sunday,Day,100,2019/04/28,12:50:00,No,5.0,5.0,-38.2141285,145.7537308,BAW BAW
T20190007972,Wet,Clear,Collision with a fixed object,Sunday,Day,100,2019/04/28,15:40:00,No,2.0,1.0,-38.15794657,146.2448199,BAW BAW
T20190007976,Dry,Clear,Collision with a fixed object,Sunday,Day,100,2019/04/28,16:05:00,Yes,1.0,1.0,-36.79128216,142.1740347,HORSHAM
T20190007978,Wet,Raining,Collision with a fixed object,Sunday,Dusk/Dawn,100,2019/04/28,17:00:00,Yes,2.0,2.0,-38.56364361,145.5486592,BASS COAST
T20190007983,Dry,Not known,Vehicle overturned (no collision),Sunday,Day,999,2019/04/28,12:30:00,No,1.0,1.0,-37.99726771,146.0402512,BAW BAW
T20190007984,Dry,Clear,Collision with vehicle,Sunday,Dark Street lights on,50,2019/04/28,19:40:00,No,3.0,3.0,-36.11445538,146.8906692,WODONGA
T20190007994,Dry,Fog,Vehicle overturned (no collision),Monday,Day,100,2019/04/29,07:12:00,Yes,1.0,1.0,-37.03309105,145.8022645,MANSFIELD
T20190007995,Dry,Clear,Collision with a fixed object,Friday,Dark No street lights,50,2019/04/26,23:30:00,Yes,1.0,1.0,-35.62366459,144.1167917,GANNAWARRA
T20190007996,Dry,Clear,Collision with vehicle,Saturday,Day,100,2019/04/27,12:00:00,No,2.0,1.0,-37.31809084,145.1686643,MITCHELL
T20190007999,Dry,Not known,Struck animal,Friday,Unknown,50,2019/04/19,08:30:00,No,1.0,1.0,-36.48647042,143.7437974,LODDON
T20190008003,Dry,Clear,Collision with vehicle,Friday,Dark Street lights on,60,2019/04/26,19:10:00,Yes,2.0,1.0,-37.02384901,145.1347527,MITCHELL
T20190008005,Dry,Clear,Collision with a fixed object,Sunday,Dark Street lights on,50,2019/04/28,19:15:00,Yes,1.0,1.0,-37.70686001,148.46334,EAST GIPPSLAND
T20190008012,Dry,Clear,Collision with vehicle,Monday,Day,60,2019/04/29,08:52:00,Yes,2.0,1.0,-36.36778428,145.4105094,GREATER SHEPPARTON
T20190008018,Dry,Clear,No collision and no object struck,Monday,Day,80,2019/04/29,13:10:00,No,1.0,1.0,-38.49124852,144.0164175,SURF COAST
T20190008028,Dry,Clear,Collision with vehicle,Monday,Day,60,2019/04/29,16:00:00,Yes,4.0,1.0,-38.15148416,145.9288842,BAW BAW
T20190008029,Dry,Clear,Collision with vehicle,Monday,Day,60,2019/04/29,15:14:00,No,2.0,1.0,-37.23726353,144.4578884,MACEDON RANGES
T20190008031,Dry,Clear,Collision with a fixed object,Monday,Day,100,2019/04/29,13:00:00,No,1.0,1.0,-36.8755011,144.2020289,GREATER BENDIGO
T20190008054,Dry,Clear,Collision with vehicle,Monday,Dark Street lights on,60,2019/04/29,22:00:00,Yes,2.0,1.0,-38.15574313,144.3822689,GREATER GEELONG
T20190008057,Dry,Clear,Vehicle overturned (no collision),Monday,Day,100,2019/04/29,12:25:00,No,1.0,1.0,-36.38405156,146.493978,WANGARATTA
T20190008060,Dry,Clear,Collision with vehicle,Tuesday,Day,40,2019/04/30,08:20:00,No,2.0,1.0,-36.76317096,144.2853619,GREATER BENDIGO
T20190008065,Dry,Clear,Collision with a fixed object,Monday,Dark Street lights on,60,2019/04/29,19:20:00,Yes,1.0,1.0,-37.97572335,146.3759265,BAW BAW
T20190008066,Dry,Clear,Collision with a fixed object,Tuesday,Day,100,2019/04/30,08:30:00,No,1.0,1.0,-36.27744828,144.4816256,CAMPASPE
T20190008067,Wet,Raining,Collision with vehicle,Friday,Day,60,2019/04/26,16:30:00,No,1.0,1.0,-37.57988695,143.8428002,BALLARAT
T20190008073,Dry,Clear,Collision with vehicle,Tuesday,Day,80,2019/04/30,10:20:00,No,2.0,1.0,-38.03325993,144.3550806,GREATER GEELONG
T20190008077,Dry,Clear,Collision with vehicle,Tuesday,Dark Street lights on,70,2019/04/23,00:30:00,Yes,2.0,1.0,-38.14743713,144.3527539,GREATER GEELONG
T20190008090,Dry,Clear,Collision with vehicle,Tuesday,Day,60,2019/04/30,13:37:00,No,2.0,1.0,-38.16207956,144.3539385,GREATER GEELONG
T20190008093,Dry,Clear,Collision with a fixed object,Tuesday,Day,110,2019/04/30,12:30:00,No,1.0,1.0,-36.72553977,145.6162988,STRATHBOGIE
T20190008097,Dry,Clear,Collision with a fixed object,Monday,Day,60,2019/04/29,14:55:00,No,2.0,2.0,-38.22539273,146.4242837,LATROBE
T20190008102,Dry,Clear,Struck Pedestrian,Tuesday,Day,40,2019/04/30,14:00:00,No,2.0,1.0,-36.76294849,144.2823149,GREATER BENDIGO
T20190008104,Dry,Clear,Collision with vehicle,Tuesday,Day,50,2019/04/30,15:30:00,No,2.0,1.0,-37.69881928,148.4652206,EAST GIPPSLAND
T20190008114,Dry,Clear,Collision with vehicle,Tuesday,Day,50,2019/04/30,17:24:00,No,2.0,1.0,-37.56048138,143.8642337,BALLARAT
T20190008123,Dry,Clear,Collision with vehicle,Tuesday,Dark Street lights on,110,2019/04/30,19:30:00,Yes,4.0,2.0,-36.90813348,145.2405445,STRATHBOGIE
T20190008130,Dry,Clear,Vehicle overturned (no collision),Tuesday,Day,100,2019/04/30,17:23:00,No,1.0,1.0,-38.37222058,143.1183049,CORANGAMITE
T20190008157,Wet,Raining,Collision with a fixed object,Wednesday,Day,110,2019/05/01,10:54:00,No,5.0,5.0,-36.70784895,145.2002467,STRATHBOGIE
T20190008162,Dry,Clear,Struck animal,Saturday,Dark No street lights,100,2019/03/09,05:45:00,Yes,1.0,1.0,-36.79160534,147.0413855,ALPINE
T20190008164,Dry,Clear,Vehicle overturned (no collision),Friday,Day,110,2019/04/19,08:50:00,No,2.0,2.0,-37.51291015,143.8116859,BALLARAT
T20190008165,Dry,Clear,Vehicle overturned (no collision),Wednesday,Day,70,2019/05/01,12:15:00,No,1.0,1.0,-37.60844992,143.8217213,BALLARAT
T20190008166,Dry,Clear,Collision with a fixed object,Wednesday,Dark No street lights,100,2019/05/01,04:30:00,Yes,1.0,1.0,-38.13333358,142.4965517,MOYNE
T20190008170,Unknown,Clear,Collision with vehicle,Wednesday,Day,999,2019/05/01,10:29:00,No,3.0,2.0,-38.62760971,145.7172377,BASS COAST
T20190008173,Dry,Clear,No collision and no object struck,Saturday,Day,100,2019/04/27,12:00:00,No,1.0,1.0,-36.26386818,146.6288783,INDIGO
T20190008174,Wet,Clear,Collision with vehicle,Wednesday,Day,50,2019/05/01,15:55:00,No,2.0,1.0,-36.12186151,146.8834514,WODONGA
T20190008185,Wet,Raining,Struck Pedestrian,Wednesday,Dark Street lights on,40,2019/05/01,18:40:00,Yes,2.0,1.0,-38.15074652,144.3648099,GREATER GEELONG
T20190008195,Wet,Raining,Collision with a fixed object,Wednesday,Day,60,2019/05/01,16:11:00,No,1.0,1.0,-37.137134,146.4597386,MOUNT BULLER ALPINE RESORT (UNINC)
T20190008198,Dry,Clear,Collision with vehicle,Wednesday,Day,50,2019/05/01,15:50:00,No,2.0,1.0,-38.2616483,144.5310245,GREATER GEELONG
T20190008215,Wet,Raining,Collision with vehicle,Thursday,Dark No street lights,80,2019/05/02,06:45:00,No,2.0,1.0,-38.10022124,145.771921,BAW BAW
T20190008216,Dry,Clear,Collision with vehicle,Wednesday,Dusk/Dawn,70,2019/05/01,06:55:00,No,2.0,2.0,-38.11516038,144.3544531,GREATER GEELONG
T20190008227,Wet,Raining,Collision with vehicle,Thursday,Day,100,2019/05/02,07:48:00,No,2.0,1.0,-37.50183229,144.7701044,MACEDON RANGES
T20190008228,Dry,Clear,Collision with vehicle,Thursday,Day,50,2019/05/02,09:45:00,No,2.0,1.0,-38.60139343,145.6009453,BASS COAST
T20190008233,Wet,Clear,Collision with vehicle,Thursday,Day,50,2019/05/02,13:15:00,No,2.0,1.0,-38.17724328,146.2634197,LATROBE
T20190008236,Dry,Clear,Collision with vehicle,Thursday,Day,40,2019/05/02,10:50:00,No,2.0,1.0,-38.14932359,144.3598061,GREATER GEELONG
T20190008239,Dry,Clear,No collision and no object struck,Monday,Day,100,2019/04/29,13:00:00,No,1.0,1.0,-37.19116679,146.3483878,MANSFIELD
T20190008240,Dry,Clear,Collision with vehicle,Thursday,Day,50,2019/05/02,13:30:00,No,1.0,1.0,-38.11608596,147.0848363,WELLINGTON
T20190008243,Wet,Raining,Collision with a fixed object,Thursday,Day,50,2019/05/02,09:45:00,No,1.0,1.0,-36.36839402,145.4158081,GREATER SHEPPARTON
T20190008253,Unknown,Not known,No collision and no object struck,Monday,Day,999,2019/04/22,12:00:00,No,1.0,1.0,-37.85215261,146.7819502,WELLINGTON
T20190008268,Wet,Raining,Vehicle overturned (no collision),Thursday,Dark No street lights,100,2019/05/02,05:38:00,Yes,1.0,1.0,-36.58465396,145.2236323,GREATER SHEPPARTON
T20190008278,Dry,Clear,Struck Pedestrian,Thursday,Day,50,2019/05/02,16:30:00,No,2.0,1.0,-37.6001602,144.225458,MOORABOOL
T20190008287,Dry,Clear,Fall from or in moving vehicle,Tuesday,Day,999,2019/04/30,14:00:00,No,1.0,1.0,-38.4025141,146.4299446,LATROBE
T20190008297,Dry,Clear,Collision with vehicle,Wednesday,Day,90,2019/05/01,16:35:00,No,2.0,1.0,-37.4262148,145.0571315,MITCHELL
T20190008307,Wet,Not known,Collision with a fixed object,Thursday,Day,60,2019/05/02,10:40:00,No,1.0,1.0,-36.7724305,144.3373994,GREATER BENDIGO
T20190008310,Dry,Clear,Vehicle overturned (no collision),Friday,Day,60,2019/05/03,12:40:00,No,2.0,1.0,-36.97611768,147.1214988,MOUNT HOTHAM ALPINE RESORT (UNINC)
T20190008315,Dry,Clear,Vehicle overturned (no collision),Friday,Day,80,2019/05/03,12:50:00,No,1.0,1.0,-37.9473747,143.2343625,CORANGAMITE
T20190008319,Dry,Clear,No collision and no object struck,Friday,Day,60,2019/05/03,15:25:00,No,2.0,1.0,-36.36754093,145.4196359,GREATER SHEPPARTON
T20190008321,Dry,Clear,Collision with vehicle,Thursday,Day,80,2019/04/25,11:10:00,No,2.0,1.0,-37.27503856,143.515047,PYRENEES
T20190008327,Unknown,Not known,Collision with vehicle,Friday,Day,60,2019/04/26,11:20:00,No,2.0,1.0,-38.16039833,144.3501824,GREATER GEELONG
T20190008328,Dry,Clear,Collision with vehicle,Thursday,Day,50,2019/04/25,08:30:00,No,2.0,1.0,-36.05768961,145.2036804,MOIRA
T20190008329,Dry,Clear,Collision with vehicle,Friday,Dusk/Dawn,100,2019/05/03,17:48:00,No,2.0,1.0,-37.28467803,143.9568556,HEPBURN
T20190008336,Dry,Clear,Vehicle overturned (no collision),Thursday,Day,999,2019/04/25,14:00:00,No,1.0,1.0,-36.16697105,144.2361853,LODDON
T20190008368,Dry,Clear,Collision with a fixed object,Friday,Dark No street lights,100,2019/05/03,23:45:00,Yes,1.0,1.0,-37.93092668,147.6851844,EAST GIPPSLAND
T20190008376,Dry,Clear,Collision with vehicle,Saturday,Dark No street lights,100,2019/05/04,00:15:00,Yes,2.0,2.0,-36.41058002,145.4981752,GREATER SHEPPARTON
T20190008377,Wet,Raining,Collision with a fixed object,Saturday,Day,80,2019/05/04,08:14:00,No,1.0,1.0,-38.20922863,144.5097946,GREATER GEELONG
T20190008380,Wet,Clear,Vehicle overturned (no collision),Saturday,Day,100,2019/05/04,07:17:00,No,1.0,1.0,-38.32926617,143.305319,COLAC OTWAY
T20190008385,Dry,Clear,Struck Pedestrian,Saturday,Day,50,2019/05/04,09:40:00,No,2.0,2.0,-36.14944324,144.7546506,CAMPASPE
T20190008386,Dry,Clear,Collision with vehicle,Saturday,Day,60,2019/05/04,11:35:00,No,5.0,3.0,-38.18134719,144.3911206,GREATER GEELONG
T20190008388,Wet,Clear,Collision with vehicle,Saturday,Day,100,2019/05/04,07:38:00,Yes,3.0,3.0,-38.52541791,145.4468744,BASS COAST
T20190008405,Wet,Raining,Collision with vehicle,Saturday,Day,100,2019/05/04,13:45:00,No,2.0,1.0,-37.42784962,143.3611703,PYRENEES
T20190008414,Dry,Clear,Collision with vehicle,Saturday,Day,50,2019/05/04,17:10:00,Yes,4.0,2.0,-36.12596871,146.8838255,WODONGA
T20190008417,Dry,Clear,Struck Pedestrian,Saturday,Day,70,2019/05/04,14:43:00,Yes,2.0,1.0,-38.15924972,144.3503851,GREATER GEELONG
T20190008418,Dry,Clear,Collision with vehicle,Saturday,Dark Street lights on,50,2019/05/04,18:15:00,Yes,2.0,1.0,-36.73090732,146.9641114,ALPINE
T20190008420,Dry,Clear,Collision with a fixed object,Saturday,Day,80,2019/05/04,12:30:00,No,1.0,1.0,-35.99257811,147.7175781,TOWONG
T20190008440,Dry,Clear,Collision with vehicle,Thursday,Dark Street lights on,60,2019/05/02,18:30:00,Yes,3.0,2.0,-38.15342512,144.357908,GREATER GEELONG
T20190008449,Dry,Clear,Collision with a fixed object,Sunday,Day,100,2019/05/05,12:34:00,No,3.0,1.0,-36.12263836,144.8136413,CAMPASPE
T20190008451,Dry,Clear,Collision with vehicle,Sunday,Day,80,2019/05/05,12:30:00,No,3.0,2.0,-36.59157023,146.7646283,ALPINE
T20190008454,Wet,Not known,Collision with a fixed object,Thursday,Day,100,2019/05/02,10:00:00,No,3.0,1.0,-37.41826946,145.0454071,MITCHELL
T20190008461,Wet,Raining,Collision with vehicle,Saturday,Dark No street lights,80,2019/05/04,19:13:00,Yes,3.0,2.0,-38.03495957,145.9504756,BAW BAW
T20190008471,Dry,Clear,Collision with a fixed object,Sunday,Dark No street lights,100,2019/05/05,17:30:00,Yes,2.0,2.0,-38.16874328,146.6918114,LATROBE
T20190008472,Wet,Clear,Collision with a fixed object,Sunday,Dark No street lights,80,2019/05/05,18:45:00,Yes,1.0,1.0,-38.58715032,143.9338758,COLAC OTWAY
T20190008478,Dry,Clear,Collision with vehicle,Sunday,Dusk/Dawn,100,2019/05/05,17:00:00,Yes,4.0,4.0,-37.69750765,143.1614137,PYRENEES
T20190008479,Dry,Clear,Collision with vehicle,Sunday,Dark Street lights on,50,2019/05/05,18:30:00,Yes,3.0,1.0,-38.20311745,144.319561,GREATER GEELONG
T20190008480,Dry,Clear,Struck Pedestrian,Sunday,Dark No street lights,60,2019/05/05,20:35:00,Yes,2.0,1.0,-38.17895963,144.5541655,GREATER GEELONG
T20190008481,Dry,Clear,Collision with vehicle,Sunday,Dark Street lights on,60,2019/05/05,19:50:00,Yes,2.0,2.0,-38.10792712,144.3320809,GREATER GEELONG
T20190008489,Wet,Clear,Collision with a fixed object,Saturday,Dark No street lights,100,2019/05/04,22:40:00,Yes,2.0,2.0,-38.09736402,145.7745293,BAW BAW
T20190008491,Dry,Clear,No collision and no object struck,Sunday,Day,999,2019/05/05,12:05:00,No,1.0,1.0,-34.26819362,142.0568143,MILDURA
T20190008494,Dry,Clear,Struck Pedestrian,Monday,Day,60,2019/05/06,07:49:00,No,2.0,1.0,-38.14743713,144.3527539,GREATER GEELONG
T20190008501,Dry,Clear,Vehicle overturned (no collision),Monday,Day,100,2019/05/06,09:35:00,No,1.0,1.0,-34.31656588,142.2144147,MILDURA
T20190008519,Dry,Clear,Collision with vehicle,Saturday,Day,70,2019/05/04,14:00:00,Yes,6.0,1.0,-38.19830096,144.3163509,GREATER GEELONG
T20190008522,Dry,Clear,Collision with vehicle,Sunday,Dark No street lights,110,2019/05/05,00:05:00,No,2.0,1.0,-37.31317099,144.5195122,MACEDON RANGES
T20190008528,Dry,Clear,Collision with a fixed object,Monday,Day,100,2019/05/06,13:35:00,No,1.0,1.0,-36.50291996,143.3114389,NORTHERN GRAMPIANS
T20190008536,Dry,Clear,Collision with a fixed object,Monday,Dark No street lights,100,2019/05/06,20:30:00,Yes,1.0,1.0,-37.95833858,144.4743009,GREATER GEELONG
T20190008541,Dry,Clear,Vehicle overturned (no collision),Monday,Day,100,2019/05/06,14:50:00,No,1.0,1.0,-36.65099686,144.205562,GREATER BENDIGO
T20190008542,Dry,Clear,Collision with a fixed object,Monday,Dark No street lights,110,2019/05/06,20:40:00,Yes,1.0,1.0,-37.60318755,144.2818105,MOORABOOL
T20190008561,Dry,Clear,Collision with vehicle,Tuesday,Day,80,2019/05/07,08:30:00,No,2.0,1.0,-36.30373132,145.4310258,GREATER SHEPPARTON
T20190008579,Dry,Clear,Collision with vehicle,Tuesday,Day,50,2019/05/07,08:31:00,No,2.0,1.0,-36.38031005,145.4092194,GREATER SHEPPARTON
T20190008581,Dry,Clear,Collision with vehicle,Tuesday,Day,60,2019/05/07,12:06:00,No,3.0,1.0,-36.75737269,144.2919333,GREATER BENDIGO
T20190008582,Dry,Clear,Struck Pedestrian,Tuesday,Day,50,2019/05/07,08:25:00,No,2.0,1.0,-37.55787412,143.8419918,BALLARAT
T20190008586,Dry,Clear,Struck Pedestrian,Tuesday,Day,60,2019/05/07,13:02:00,No,2.0,1.0,-37.56400229,143.8558818,BALLARAT
T20190008593,Dry,Clear,Collision with vehicle,Tuesday,Day,80,2019/05/07,10:25:00,No,3.0,3.0,-36.74205557,144.1994,GREATER BENDIGO
T20190008601,Dry,Clear,Collision with vehicle,Tuesday,Day,60,2019/04/30,17:20:00,No,2.0,1.0,-38.16011743,144.3493722,GREATER GEELONG
T20190008602,Dry,Clear,Collision with vehicle,Tuesday,Day,50,2019/05/07,15:45:00,No,4.0,1.0,-38.20960357,146.1550069,BAW BAW
T20190008608,Unknown,Not known,Vehicle overturned (no collision),Tuesday,Unknown,999,2019/05/07,10:00:00,No,1.0,1.0,-37.40287484,144.5509891,MACEDON RANGES
T20190008623,Dry,Clear,Collision with a fixed object,Tuesday,Day,50,2019/05/07,16:00:00,No,3.0,1.0,-36.76318786,144.3123275,GREATER BENDIGO
T20190008624,Dry,Clear,Collision with a fixed object,Tuesday,Dark No street lights,100,2019/05/07,18:30:00,Yes,1.0,1.0,-36.63769341,144.525187,GREATER BENDIGO
T20190008638,Wet,Raining,Collision with vehicle,Tuesday,Dark Street lights on,60,2019/05/07,22:40:00,Yes,5.0,2.0,-37.599019,143.8427786,BALLARAT
T20190008668,Dry,Clear,Collision with vehicle,Wednesday,Day,80,2019/05/08,11:00:00,No,2.0,1.0,-34.22016961,142.1524474,MILDURA
T20190008670,Dry,Clear,Collision with vehicle,Wednesday,Day,60,2019/05/08,10:00:00,No,2.0,1.0,-38.33087614,144.3168201,SURF COAST
T20190008676,Wet,Raining,Collision with a fixed object,Wednesday,Day,100,2019/05/08,10:40:00,No,1.0,1.0,-37.99179085,145.9875037,BAW BAW
T20190008679,Dry,Clear,No collision and no object struck,Wednesday,Day,50,2019/05/08,12:55:00,No,1.0,1.0,-36.12766514,144.7596286,CAMPASPE
T20190008684,Dry,Clear,Collision with vehicle,Tuesday,Day,40,2019/05/07,11:49:00,No,2.0,1.0,-38.14247693,144.3076557,GREATER GEELONG
T20190008688,Unknown,Clear,Collision with vehicle,Wednesday,Day,999,2019/05/08,14:45:00,No,2.0,1.0,-37.9872462,144.5228469,GREATER GEELONG
T20190008691,Dry,Clear,Collision with vehicle,Wednesday,Dusk/Dawn,80,2019/05/08,17:20:00,No,2.0,1.0,-38.2054214,146.5102708,LATROBE
T20190008692,Dry,Clear,Collision with vehicle,Wednesday,Day,60,2019/05/08,14:05:00,No,4.0,3.0,-38.15556911,144.3654123,GREATER GEELONG
T20190008701,Dry,Clear,Collision with a fixed object,Wednesday,Dark Street lights on,60,2019/05/08,17:48:00,No,1.0,1.0,-34.16803556,142.0678222,MILDURA
T20190008705,Wet,Raining,Collision with a fixed object,Wednesday,Dark No street lights,80,2019/05/08,20:30:00,Yes,1.0,1.0,-37.2835449,144.2954339,HEPBURN
T20190008717,Dry,Clear,Collision with vehicle,Thursday,Day,60,2019/05/09,08:20:00,No,3.0,2.0,-37.56983458,143.8104559,BALLARAT
T20190008726,Dry,Clear,Collision with a fixed object,Thursday,Day,100,2019/05/09,08:00:00,No,1.0,1.0,-36.07804156,146.7696391,WODONGA
T20190008739,Dry,Clear,Collision with vehicle,Thursday,Day,60,2019/05/09,08:45:00,No,2.0,1.0,-38.12415148,145.8457045,BAW BAW
T20190008748,Dry,Strong winds,Collision with vehicle,Thursday,Day,100,2019/05/09,16:45:00,No,3.0,1.0,-37.44489139,144.979221,MITCHELL
T20190008752,Wet,Strong winds,Collision with vehicle,Thursday,Dark Street lights on,60,2019/05/09,18:20:00,Yes,5.0,2.0,-37.57866007,143.8276507,BALLARAT
T20190008761,Dry,Clear,Collision with vehicle,Tuesday,Dusk/Dawn,60,2019/04/23,17:10:00,No,2.0,1.0,-38.17354372,146.286445,LATROBE
T20190008785,Unknown,Not known,Collision with vehicle,Wednesday,Unknown,60,2019/05/08,08:50:00,No,2.0,1.0,-38.38677685,142.5033431,WARRNAMBOOL
T20190008803,Wet,Raining,Collision with vehicle,Thursday,Day,50,2019/05/09,17:00:00,No,2.0,2.0,-36.71168347,142.2104378,HORSHAM
T20190008813,Wet,Raining,Collision with vehicle,Friday,Day,60,2019/05/10,10:00:00,No,3.0,2.0,-37.56641863,143.8402461,BALLARAT
T20190008832,Dry,Raining,Vehicle overturned (no collision),Friday,Dark No street lights,100,2019/05/10,18:00:00,Yes,2.0,2.0,-38.34300436,146.3630158,LATROBE
T20190008838,Dry,Clear,Struck Pedestrian,Friday,Day,40,2019/05/10,15:22:00,No,2.0,1.0,-38.19145775,146.5180063,LATROBE
T20190008843,Wet,Raining,Collision with vehicle,Friday,Dark No street lights,80,2019/05/10,18:55:00,Yes,2.0,1.0,-38.19789424,146.4990489,LATROBE
T20190008846,Wet,Clear,Collision with vehicle,Saturday,Dark Street lights on,50,2019/05/11,01:15:00,Yes,1.0,1.0,-37.51916337,143.83047,BALLARAT
T20190008848,Dry,Clear,Collision with vehicle,Friday,Dark No street lights,100,2019/05/10,20:30:00,Yes,3.0,3.0,-36.07410579,145.3169032,MOIRA
T20190008854,Dry,Clear,Collision with a fixed object,Saturday,Dark Street lights on,50,2019/05/11,05:00:00,Yes,4.0,1.0,-35.34790592,143.5577764,SWAN HILL
T20190008858,Unknown,Clear,Vehicle overturned (no collision),Sunday,Day,50,2019/05/05,14:30:00,No,1.0,1.0,-37.36990016,145.9074312,MURRINDINDI
T20190008859,Dry,Clear,Collision with vehicle,Saturday,Day,80,2019/05/11,11:10:00,No,2.0,1.0,-38.20747716,144.2842073,GREATER GEELONG
T20190008860,Wet,Clear,Collision with a fixed object,Saturday,Day,100,2019/05/11,08:15:00,No,1.0,1.0,-36.49412496,146.3089987,WANGARATTA
T20190008861,Dry,Clear,Collision with vehicle,Saturday,Day,60,2019/05/11,09:00:00,No,1.0,1.0,-36.37555403,145.4121263,GREATER SHEPPARTON
T20190008872,Dry,Raining,Collision with vehicle,Saturday,Day,50,2019/05/11,14:15:00,Yes,2.0,1.0,-38.22835402,146.4146347,LATROBE
T20190008873,Dry,Clear,Collision with vehicle,Saturday,Day,50,2019/05/11,14:00:00,Yes,5.0,2.0,-38.635621,145.7189419,BASS COAST
T20190008874,Wet,Not known,Collision with vehicle,Friday,Day,60,2019/05/10,15:30:00,No,3.0,3.0,-36.19883455,147.8966474,TOWONG
T20190008876,Wet,Raining,Collision with vehicle,Saturday,Day,100,2019/05/11,09:25:00,No,11.0,4.0,-37.5902805,143.9148323,MOORABOOL
T20190008880,Wet,Raining,Collision with a fixed object,Saturday,Day,80,2019/05/11,13:35:00,No,2.0,2.0,-38.59808291,143.7116285,COLAC OTWAY
T20190008885,Dry,Clear,Struck animal,Saturday,Dark No street lights,100,2019/05/11,17:40:00,Yes,2.0,2.0,-37.91751347,141.6536289,GLENELG