Accident_No,Surface_Cond_Desc,Atmosph_Cond_Desc,Accident_Type_Desc,Day,Light_Condition_Desc,Speed_Zone,Accident_Date,Accident_Time,Alcohol_Influence,Total_Persons_Inv,Inj_Or_Fatal,Lat,Long,LGA
T20190008888,Dry,Not known,Collision with vehicle,Saturday,Day,60,2019/05/11,15:34:00,Yes,2.0,2.0,-38.10600672,144.3443228,GREATER GEELONG
T20190008909,Dry,Clear,collision with some other object,Friday,Day,80,2019/05/10,13:40:00,No,1.0,1.0,-37.28364153,143.5216236,PYRENEES
T20190008922,Dry,Clear,Collision with vehicle,Saturday,Dark Street lights on,70,2019/05/11,23:07:00,Yes,6.0,5.0,-38.21235184,144.3391929,GREATER GEELONG
T20190008934,Dry,Clear,Struck Pedestrian,Sunday,Dark No street lights,60,2019/05/12,17:45:00,Yes,3.0,3.0,-38.13193702,144.3380603,GREATER GEELONG
T20190008944,Dry,Clear,Vehicle overturned (no collision),Sunday,Dark No street lights,100,2019/05/12,22:00:00,Yes,1.0,1.0,-36.19929005,141.8875705,HINDMARSH
T20190008949,Dry,Clear,Collision with a fixed object,Monday,Dark No street lights,100,2019/05/13,04:20:00,Yes,1.0,1.0,-37.9501345,147.1132588,WELLINGTON
T20190008967,Dry,Not known,Collision with vehicle,Monday,Day,60,2019/05/13,12:15:00,No,3.0,1.0,-38.33842606,144.313976,SURF COAST
T20190008972,Dry,Fog,Collision with a fixed object,Monday,Day,50,2019/05/13,07:25:00,Yes,1.0,1.0,-36.12078235,146.8986965,WODONGA
T20190008974,Dry,Not known,Collision with vehicle,Friday,Unknown,50,2019/05/10,11:00:00,No,1.0,1.0,-37.55982773,143.8918723,BALLARAT
T20190008996,Dry,Clear,Collision with vehicle,Monday,Day,60,2019/05/13,14:15:00,No,2.0,2.0,-38.15317091,144.3694021,GREATER GEELONG
T20190009010,Dry,Not known,Collision with a fixed object,Monday,Dark No street lights,110,2019/05/13,18:27:00,Yes,1.0,1.0,-37.03321648,145.1014087,MITCHELL
T20190009018,Dry,Not known,Struck animal,Monday,Dark No street lights,100,2019/05/13,00:07:00,Yes,1.0,1.0,-38.10780361,146.5906451,LATROBE
T20190009019,Dry,Clear,Collision with a fixed object,Monday,Dark Street lights on,60,2019/05/13,22:45:00,Yes,3.0,2.0,-38.17539623,144.3832426,GREATER GEELONG
T20190009021,Unknown,Not known,Collision with a fixed object,Tuesday,Dark No street lights,110,2019/05/14,03:20:00,Yes,1.0,1.0,-37.42337475,144.9893852,MITCHELL
T20190009023,Dry,Clear,Collision with vehicle,Monday,Day,60,2019/05/13,12:45:00,No,3.0,1.0,-38.09671914,144.334237,GREATER GEELONG
T20190009024,Dry,Clear,Collision with vehicle,Tuesday,Day,100,2019/05/14,06:34:00,No,2.0,1.0,-37.908432,147.3212942,EAST GIPPSLAND
T20190009026,Dry,Clear,Vehicle overturned (no collision),Saturday,Day,999,2019/04/13,15:00:00,No,1.0,1.0,-37.40638687,147.2669893,WELLINGTON
T20190009031,Dry,Clear,Collision with a fixed object,Monday,Day,999,2019/05/13,11:30:00,No,1.0,1.0,-36.54691818,146.7772463,ALPINE
T20190009032,Dry,Clear,Collision with vehicle,Monday,Day,50,2019/05/06,11:55:00,No,2.0,1.0,-36.803634,144.2459902,GREATER BENDIGO
T20190009033,Dry,Not known,Collision with vehicle,Tuesday,Day,60,2019/05/14,11:05:00,No,1.0,1.0,-37.02826265,143.7478613,CENTRAL GOLDFIELDS
T20190009037,Dry,Clear,Collision with vehicle,Tuesday,Day,60,2019/05/14,12:00:00,No,3.0,1.0,-37.0565749,142.7725323,NORTHERN GRAMPIANS
T20190009041,Wet,Clear,No collision and no object struck,Saturday,Day,100,2019/05/11,16:00:00,Yes,1.0,1.0,-37.76554708,148.3283121,EAST GIPPSLAND
T20190009044,Dry,Clear,Collision with a fixed object,Friday,Dark No street lights,100,2019/05/10,19:00:00,Yes,1.0,1.0,-36.94162331,143.1537031,PYRENEES
T20190009045,Dry,Fog,Struck Pedestrian,Tuesday,Day,50,2019/05/14,08:33:00,No,2.0,1.0,-36.13653596,146.8596648,WODONGA
T20190009050,Dry,Not known,Collision with vehicle,Sunday,Day,999,2019/05/12,12:30:00,No,3.0,1.0,-37.46236654,144.6772526,MACEDON RANGES
T20190009054,Dry,Clear,Collision with vehicle,Tuesday,Day,60,2019/05/14,14:15:00,No,2.0,1.0,-34.19367087,142.162314,MILDURA
T20190009056,Dry,Clear,Vehicle overturned (no collision),Tuesday,Day,100,2019/05/14,09:25:00,No,1.0,1.0,-36.34798762,142.2127378,YARRIAMBIACK
T20190009060,Dry,Clear,No collision and no object struck,Tuesday,Day,60,2019/05/14,10:00:00,No,1.0,1.0,-36.74211391,144.3151495,GREATER BENDIGO
T20190009064,Dry,Clear,Collision with a fixed object,Tuesday,Day,100,2019/05/14,11:50:00,No,1.0,1.0,-38.17872485,144.4944554,GREATER GEELONG
T20190009070,Dry,Clear,Collision with a fixed object,Tuesday,Day,100,2019/05/14,09:34:00,No,1.0,1.0,-36.46407824,143.6818379,LODDON
T20190009080,Dry,Clear,No collision and no object struck,Tuesday,Dark Street lights on,70,2019/05/14,19:50:00,Yes,2.0,1.0,-38.17072041,144.3922967,GREATER GEELONG
T20190009090,Wet,Raining,Collision with vehicle,Saturday,Day,60,2019/05/11,11:00:00,No,2.0,1.0,-37.53888468,143.8222657,BALLARAT
T20190009093,Dry,Clear,Collision with a fixed object,Tuesday,Dark No street lights,100,2019/05/14,20:15:00,Yes,2.0,2.0,-37.09907385,144.0096051,MOUNT ALEXANDER
T20190009099,Dry,Clear,Collision with a fixed object,Monday,Dusk/Dawn,999,2019/05/13,17:45:00,No,1.0,1.0,-36.40206206,145.4981643,GREATER SHEPPARTON
T20190009108,Dry,Clear,Collision with vehicle,Wednesday,Day,50,2019/05/15,09:00:00,No,2.0,1.0,-38.19727923,146.5364267,LATROBE
T20190009111,Dry,Clear,collision with some other object,Tuesday,Dark No street lights,100,2019/05/14,23:15:00,Yes,2.0,2.0,-35.99173726,143.9466457,LODDON
T20190009113,Dry,Clear,Collision with vehicle,Wednesday,Day,110,2019/05/15,13:30:00,No,2.0,1.0,-36.60137552,145.8671336,BENALLA
T20190009124,Dry,Clear,Collision with vehicle,Tuesday,Day,60,2019/04/23,08:15:00,No,2.0,1.0,-38.18281165,144.3541684,GREATER GEELONG
T20190009133,Dry,Clear,Collision with vehicle,Wednesday,Dark Street lights on,60,2019/05/15,18:00:00,Yes,2.0,1.0,-36.80263836,144.2423217,GREATER BENDIGO
T20190009153,Dry,Clear,Collision with vehicle,Wednesday,Day,60,2019/05/15,16:50:00,No,2.0,1.0,-38.09143545,144.3563663,GREATER GEELONG
T20190009160,Dry,Clear,Collision with vehicle,Tuesday,Day,50,2019/05/14,15:00:00,No,1.0,1.0,-38.2375396,146.4131499,LATROBE
T20190009162,Dry,Not known,Collision with vehicle,Monday,Day,60,2019/05/13,16:55:00,No,3.0,2.0,-37.5400614,143.8304497,BALLARAT
T20190009164,Dry,Clear,Collision with vehicle,Wednesday,Dark Street lights on,60,2019/05/15,19:36:00,Yes,1.0,1.0,-38.4860476,145.9555944,SOUTH GIPPSLAND
T20190009172,Dry,Clear,Collision with vehicle,Thursday,Day,60,2019/05/16,10:51:00,No,2.0,1.0,-38.30036687,142.3720681,MOYNE
T20190009173,Dry,Clear,Collision with vehicle,Thursday,Day,60,2019/05/16,07:50:00,No,2.0,1.0,-37.2789041,142.9376122,ARARAT
T20190009186,Dry,Clear,Struck Pedestrian,Thursday,Day,40,2019/05/16,08:15:00,No,2.0,1.0,-37.7659347,142.0943969,SOUTHERN GRAMPIANS
T20190009188,Dry,Clear,Collision with vehicle,Wednesday,Dark Street lights on,60,2019/05/15,19:16:00,Yes,4.0,1.0,-37.56144976,143.8548431,BALLARAT
T20190009201,Dry,Clear,Collision with a fixed object,Thursday,Day,60,2019/05/16,14:00:00,No,2.0,2.0,-38.41479835,142.5901492,WARRNAMBOOL
T20190009227,Dry,Fog,Collision with a fixed object,Thursday,Dark No street lights,80,2019/05/16,22:15:00,Yes,2.0,2.0,-37.37355447,143.8550561,BALLARAT
T20190009232,Wet,Fog,No collision and no object struck,Friday,Dark No street lights,100,2019/05/17,04:30:00,Yes,1.0,1.0,-38.06921954,147.0835468,WELLINGTON
T20190009234,Wet,Fog,No collision and no object struck,Friday,Dark No street lights,100,2019/05/17,06:10:00,No,1.0,1.0,-36.50425123,146.2807472,WANGARATTA
T20190009236,Dry,Clear,Collision with vehicle,Wednesday,Day,60,2019/01/16,10:30:00,No,2.0,1.0,-37.54018012,145.3383399,MURRINDINDI
T20190009239,Wet,Fog,Collision with vehicle,Friday,Day,60,2019/05/17,06:55:00,No,2.0,2.0,-37.23617466,145.2230845,MURRINDINDI
T20190009242,Wet,Fog,Collision with vehicle,Friday,Day,80,2019/05/17,08:14:00,No,4.0,2.0,-38.33480607,143.5348148,COLAC OTWAY
T20190009244,Dry,Clear,Struck Pedestrian,Friday,Dusk/Dawn,40,2019/05/17,06:59:00,No,2.0,1.0,-36.7601602,144.2819724,GREATER BENDIGO
T20190009281,Dry,Clear,Collision with vehicle,Friday,Day,50,2019/05/17,16:20:00,Yes,2.0,1.0,-38.3454785,143.5918794,COLAC OTWAY
T20190009290,Dry,Clear,Collision with vehicle,Friday,Day,100,2019/05/17,15:10:00,No,5.0,5.0,-38.02692558,143.6103865,CORANGAMITE
T20190009302,Unknown,Not known,Collision with a fixed object,Friday,Unknown,999,2019/05/17,23:50:00,Yes,2.0,2.0,-36.78806199,145.1524427,STRATHBOGIE
T20190009306,Dry,Clear,Collision with a fixed object,Saturday,Dark No street lights,110,2019/05/18,05:20:00,Yes,1.0,1.0,-37.64700028,144.3669885,MOORABOOL
T20190009312,Dry,Fog,Struck Pedestrian,Friday,Dark No street lights,100,2019/05/17,22:00:00,Yes,6.0,1.0,-38.30403031,141.5985358,GLENELG
T20190009316,Dry,Clear,Collision with vehicle,Saturday,Day,60,2019/05/18,11:58:00,No,6.0,1.0,-38.19515485,146.5413854,LATROBE
T20190009323,Dry,Clear,Collision with vehicle,Saturday,Day,100,2019/05/18,13:05:00,No,2.0,1.0,-36.39671568,145.46193,GREATER SHEPPARTON
T20190009326,Dry,Clear,Collision with vehicle,Saturday,Day,50,2019/05/18,14:04:00,No,3.0,1.0,-38.33947776,143.5923676,COLAC OTWAY
T20190009328,Dry,Clear,Collision with vehicle,Friday,Day,60,2019/05/17,17:10:00,Yes,2.0,2.0,-37.25633507,144.4687711,MACEDON RANGES
T20190009329,Dry,Clear,Collision with vehicle,Saturday,Day,70,2019/05/18,13:55:00,No,4.0,2.0,-38.21960827,144.337915,GREATER GEELONG
T20190009331,Dry,Clear,Collision with vehicle,Friday,Day,50,2019/05/17,08:43:00,No,1.0,1.0,-37.7447539,142.0167567,SOUTHERN GRAMPIANS
T20190009343,Dry,Clear,Vehicle overturned (no collision),Friday,Day,60,2019/05/17,14:50:00,No,1.0,1.0,-37.87065846,142.8305445,MOYNE
T20190009376,Dry,Raining,No collision and no object struck,Saturday,Day,80,2019/05/04,15:45:00,No,1.0,1.0,-36.66954996,146.9972502,ALPINE
T20190009379,Dry,Not known,Collision with a fixed object,Sunday,Dark No street lights,100,2019/05/19,02:30:00,Yes,2.0,2.0,-34.56212763,142.406397,MILDURA
T20190009389,Dry,Clear,Collision with vehicle,Saturday,Dark Street lights on,100,2019/05/18,20:15:00,Yes,8.0,6.0,-38.28844215,144.3435562,SURF COAST
T20190009409,Dry,Clear,collision with some other object,Sunday,Day,100,2019/05/19,15:32:00,No,1.0,1.0,-38.35492217,146.3185203,LATROBE
T20190009411,Dry,Clear,Collision with a fixed object,Sunday,Day,60,2019/05/19,14:10:00,No,1.0,1.0,-38.18883855,144.3567801,GREATER GEELONG
T20190009413,Dry,Clear,Vehicle overturned (no collision),Sunday,Day,100,2019/05/19,16:05:00,Yes,1.0,1.0,-36.68908674,141.6375237,WEST WIMMERA
T20190009416,Dry,Clear,Collision with vehicle,Sunday,Day,40,2019/05/19,15:30:00,No,2.0,1.0,-37.82495568,147.6296899,EAST GIPPSLAND
T20190009427,Dry,Fog,Collision with a fixed object,Monday,Dark No street lights,100,2019/05/20,00:30:00,Yes,1.0,1.0,-38.16514745,147.0996284,WELLINGTON
T20190009431,Wet,Fog,Collision with vehicle,Monday,Dark No street lights,110,2019/05/20,06:00:00,Yes,1.0,1.0,-38.22170007,146.3347726,LATROBE
T20190009454,Dry,Clear,Collision with vehicle,Monday,Day,100,2019/05/20,11:08:00,No,3.0,2.0,-38.28839116,144.0596645,SURF COAST
T20190009464,Dry,Clear,Collision with a fixed object,Monday,Day,60,2019/05/20,14:27:00,No,2.0,2.0,-37.90030332,147.696994,EAST GIPPSLAND
T20190009473,Dry,Clear,Collision with vehicle,Monday,Dusk/Dawn,70,2019/05/20,17:21:00,No,4.0,3.0,-38.14182235,144.2989485,GREATER GEELONG
T20190009482,Dry,Clear,Collision with vehicle,Monday,Day,110,2019/05/20,10:42:00,No,3.0,3.0,-34.51592024,142.2075566,MILDURA
T20190009494,Unknown,Not known,Collision with vehicle,Tuesday,Unknown,999,2019/05/07,08:00:00,No,2.0,1.0,-36.76044028,144.2971354,GREATER BENDIGO
T20190009509,Dry,Clear,Struck Pedestrian,Monday,Day,100,2019/05/20,16:00:00,No,2.0,1.0,-36.5006458,147.0449452,ALPINE
T20190009528,Dry,Clear,Fall from or in moving vehicle,Tuesday,Day,40,2019/05/21,09:23:00,No,3.0,1.0,-38.14461047,144.3568789,GREATER GEELONG
T20190009537,Dry,Clear,Collision with a fixed object,Tuesday,Day,50,2019/05/21,13:30:00,No,1.0,1.0,-38.15405916,144.5789469,GREATER GEELONG
T20190009549,Dry,Clear,Collision with vehicle,Tuesday,Dark Street lights on,60,2019/05/21,18:50:00,Yes,5.0,1.0,-38.104694,147.082396,WELLINGTON
T20190009578,Dry,Clear,Collision with vehicle,Wednesday,Day,100,2019/05/22,08:00:00,No,2.0,1.0,-36.08122808,146.3078463,INDIGO
T20190009587,Dry,Clear,Collision with vehicle,Tuesday,Dusk/Dawn,80,2019/05/21,17:43:00,No,2.0,2.0,-38.17426842,144.4580992,GREATER GEELONG
T20190009590,Dry,Clear,Vehicle overturned (no collision),Tuesday,Dark No street lights,100,2019/05/21,19:32:00,Yes,2.0,2.0,-36.37144593,144.3806472,CAMPASPE
T20190009597,Dry,Clear,Collision with a fixed object,Wednesday,Day,80,2019/05/22,14:20:00,No,1.0,1.0,-38.31110462,143.663165,COLAC OTWAY
T20190009600,Dry,Clear,No collision and no object struck,Wednesday,Day,50,2019/05/22,15:40:00,No,1.0,1.0,-38.20602559,146.5297208,LATROBE
T20190009610,Dry,Clear,Collision with a fixed object,Wednesday,Day,100,2019/05/22,14:55:00,No,3.0,3.0,-38.66437453,146.3614579,SOUTH GIPPSLAND
T20190009635,Dry,Fog,Collision with a fixed object,Thursday,Dark No street lights,100,2019/05/23,01:45:00,Yes,2.0,1.0,-37.09554464,145.1404058,MITCHELL
T20190009636,Dry,Clear,Collision with vehicle,Wednesday,Day,50,2019/05/22,12:45:00,No,1.0,1.0,-38.27891784,144.6083313,QUEENSCLIFFE
T20190009646,Dry,Clear,Collision with vehicle,Thursday,Day,60,2019/05/23,09:45:00,No,8.0,2.0,-38.35941441,143.5727189,COLAC OTWAY
T20190009657,Dry,Fog,Collision with vehicle,Thursday,Day,100,2019/05/23,09:00:00,No,3.0,2.0,-38.30626072,141.5961345,GLENELG
T20190009662,Dry,Clear,Vehicle overturned (no collision),Sunday,Dark No street lights,100,2019/05/19,17:50:00,No,2.0,1.0,-38.44373114,142.7231249,MOYNE
T20190009665,Dry,Clear,Collision with vehicle,Thursday,Day,60,2019/05/23,09:30:00,No,2.0,1.0,-36.73191223,144.2864984,GREATER BENDIGO
T20190009666,Dry,Fog,Struck animal,Wednesday,Dark No street lights,80,2019/05/22,18:00:00,Yes,1.0,1.0,-37.54135498,145.367667,MURRINDINDI
T20190009669,Dry,Clear,Collision with vehicle,Thursday,Day,60,2019/05/23,14:34:00,No,2.0,2.0,-38.1698997,145.9319674,BAW BAW
T20190009672,Dry,Clear,Collision with vehicle,Tuesday,Day,100,2019/05/21,08:30:00,No,2.0,1.0,-38.58249608,146.4825695,WELLINGTON
T20190009691,Dry,Clear,Collision with a fixed object,Thursday,Dark No street lights,100,2019/05/23,17:00:00,No,1.0,1.0,-36.55238963,146.7058526,ALPINE
T20190009698,Dry,Clear,Collision with vehicle,Thursday,Dark Street lights on,60,2019/05/23,20:40:00,Yes,7.0,1.0,-37.54252518,143.8499605,BALLARAT
T20190009701,Dry,Clear,Collision with vehicle,Thursday,Dark Street lights on,60,2019/05/23,21:00:00,Yes,1.0,1.0,-36.79651234,144.2357901,GREATER BENDIGO
T20190009716,Wet,Raining,Collision with vehicle,Friday,Day,80,2019/05/24,09:08:00,No,4.0,3.0,-38.24981935,144.3437456,SURF COAST
T20190009723,Dry,Clear,Collision with vehicle,Friday,Day,50,2019/05/24,10:56:00,No,3.0,1.0,-34.18979622,142.1612197,MILDURA
T20190009732,Dry,Clear,Collision with vehicle,Friday,Day,50,2019/05/24,12:55:00,No,4.0,2.0,-38.33963239,143.5897142,COLAC OTWAY
T20190009736,Dry,Clear,Collision with vehicle,Thursday,Day,50,2019/05/23,16:30:00,No,2.0,1.0,-38.33599147,143.5922053,COLAC OTWAY
T20190009739,Dry,Clear,Collision with a fixed object,Friday,Day,100,2019/05/24,14:40:00,No,1.0,1.0,-37.83659495,148.0030218,EAST GIPPSLAND
T20190009743,Dry,Clear,No collision and no object struck,Sunday,Day,40,2019/05/19,12:45:00,No,1.0,1.0,-36.44011209,145.2291819,GREATER SHEPPARTON
T20190009770,Wet,Clear,Collision with vehicle,Saturday,Dark Street lights on,60,2019/05/25,02:15:00,Yes,3.0,1.0,-36.13658213,146.9084765,WODONGA
T20190009771,Wet,Clear,Collision with vehicle,Friday,Dark Street lights on,40,2019/05/24,21:40:00,Yes,2.0,1.0,-38.14861116,144.3573052,GREATER GEELONG
T20190009773,Wet,Clear,Collision with a fixed object,Friday,Dark Street lights on,60,2019/05/24,22:15:00,Yes,1.0,1.0,-38.13209812,144.3499273,GREATER GEELONG
T20190009794,Dry,Clear,Collision with vehicle,Saturday,Day,100,2019/05/25,09:20:00,No,2.0,1.0,-38.28628112,144.3251896,SURF COAST
T20190009808,Dry,Clear,Collision with vehicle,Saturday,Day,100,2019/05/25,15:19:00,No,3.0,1.0,-38.30064577,144.3224103,SURF COAST
T20190009822,Wet,Raining,Collision with a fixed object,Saturday,Dark Street lights on,60,2019/05/25,19:25:00,Yes,1.0,1.0,-38.0828822,144.3488024,GREATER GEELONG
T20190009834,Dry,Clear,Collision with a fixed object,Sunday,Dark No street lights,80,2019/05/26,04:00:00,Yes,1.0,1.0,-38.1725372,144.5355702,GREATER GEELONG
T20190009836,Wet,Raining,Collision with a fixed object,Sunday,Dark No street lights,100,2019/05/26,04:00:00,No,4.0,3.0,-37.14781871,142.471221,NORTHERN GRAMPIANS
T20190009847,Wet,Clear,No collision and no object struck,Friday,Day,999,2019/05/24,13:30:00,No,1.0,1.0,-37.50248425,144.3165684,MOORABOOL
T20190009862,Dry,Clear,Collision with a fixed object,Sunday,Day,80,2019/05/26,14:00:00,No,1.0,1.0,-36.17635397,147.3386938,TOWONG
T20190009863,Unknown,Not known,Collision with vehicle,Sunday,Day,50,2019/05/26,08:00:00,No,2.0,1.0,-38.3805539,142.4768106,WARRNAMBOOL
T20190009865,Dry,Clear,Struck Pedestrian,Wednesday,Dusk/Dawn,60,2019/05/22,07:00:00,No,2.0,1.0,-38.13066115,144.3383073,GREATER GEELONG
T20190009866,Dry,Clear,Collision with vehicle,Sunday,Day,100,2019/05/26,16:15:00,Yes,4.0,1.0,-38.41084578,143.4439043,COLAC OTWAY
T20190009870,Dry,Clear,Collision with vehicle,Sunday,Dark Street lights on,60,2019/05/26,17:53:00,Yes,3.0,2.0,-38.02306226,144.4124541,GREATER GEELONG
T20190009874,Wet,Raining,Collision with a fixed object,Sunday,Dark No street lights,100,2019/05/26,18:45:00,Yes,1.0,1.0,-37.80604426,143.9161028,GOLDEN PLAINS
T20190009877,Dry,Clear,Collision with a fixed object,Sunday,Day,100,2019/05/26,13:15:00,No,1.0,1.0,-36.82055003,144.2589282,GREATER BENDIGO
T20190009891,Wet,Clear,Collision with a fixed object,Monday,Dark No street lights,100,2019/05/27,04:30:00,Yes,1.0,1.0,-38.20630687,145.9702517,BAW BAW
T20190009895,Wet,Raining,Collision with vehicle,Monday,Dark No street lights,100,2019/05/27,05:50:00,Yes,2.0,2.0,-38.25683562,142.6484575,MOYNE
T20190009897,Wet,Raining,Collision with vehicle,Monday,Day,50,2019/05/27,08:00:00,No,4.0,1.0,-38.14442047,144.3531764,GREATER GEELONG
T20190009903,Unknown,Not known,Collision with vehicle,Friday,Unknown,999,2019/04/19,14:50:00,No,3.0,1.0,-37.97169043,147.0778007,WELLINGTON
T20190009909,Dry,Clear,Struck Pedestrian,Friday,Day,60,2019/05/24,10:15:00,No,2.0,1.0,-38.21072971,146.1520508,BAW BAW
T20190009928,Wet,Raining,Collision with a fixed object,Monday,Day,100,2019/05/27,09:30:00,No,2.0,2.0,-38.5335815,145.4533712,BASS COAST
T20190009938,Dry,Clear,Collision with vehicle,Monday,Dusk/Dawn,40,2019/05/27,17:40:00,Yes,2.0,1.0,-34.18478395,142.1587677,MILDURA
T20190009939,Wet,Raining,Collision with vehicle,Monday,Day,100,2019/05/27,16:55:00,No,3.0,1.0,-37.28534084,144.7368018,MACEDON RANGES
T20190009947,Dry,Clear,Collision with vehicle,Monday,Dark Street lights on,70,2019/05/27,19:15:00,Yes,2.0,2.0,-36.14045139,144.7321901,CAMPASPE
T20190009951,Wet,Raining,Struck Pedestrian,Monday,Dark Street lights unknown,50,2019/05/27,17:30:00,No,2.0,1.0,-36.7634152,144.2827475,GREATER BENDIGO
T20190009966,Dry,Clear,Collision with a fixed object,Monday,Dark Street lights on,60,2019/05/27,20:40:00,Yes,3.0,3.0,-34.30597746,142.195877,MILDURA
T20190009974,Dry,Clear,Collision with vehicle,Monday,Day,60,2019/05/27,13:55:00,No,2.0,2.0,-36.38613466,145.4243722,GREATER SHEPPARTON
T20190009981,Dry,Clear,Collision with a fixed object,Tuesday,Day,999,2019/05/28,05:30:00,Yes,3.0,2.0,-37.01767422,145.3113324,MITCHELL
T20190009983,Dry,Clear,No collision and no object struck,Tuesday,Day,60,2019/05/21,14:20:00,No,2.0,1.0,-38.10561874,144.3443959,GREATER GEELONG
T20190009985,Wet,Raining,No collision and no object struck,Tuesday,Day,100,2019/05/28,08:25:00,No,1.0,1.0,-38.59261713,142.9159414,CORANGAMITE
T20190009989,Wet,Raining,Collision with a fixed object,Tuesday,Day,100,2019/05/28,11:27:00,No,1.0,1.0,-36.19800752,144.9280579,CAMPASPE
T20190009997,Wet,Raining,Collision with a fixed object,Tuesday,Day,60,2019/05/28,12:55:00,No,3.0,2.0,-36.38427127,145.3544576,GREATER SHEPPARTON
T20190010008,Wet,Clear,Struck Pedestrian,Tuesday,Day,40,2019/05/28,15:30:00,No,2.0,1.0,-37.59294223,143.8429751,BALLARAT
T20190010011,Dry,Clear,Collision with vehicle,Tuesday,Day,60,2019/05/28,15:28:00,No,5.0,2.0,-36.71040226,142.1962536,HORSHAM
T20190010024,Dry,Clear,Collision with a fixed object,Tuesday,Dark No street lights,100,2019/05/28,18:55:00,Yes,1.0,1.0,-37.80404547,143.7619878,GOLDEN PLAINS
T20190010028,Wet,Raining,Collision with vehicle,Tuesday,Dark No street lights,40,2019/05/28,17:49:00,No,2.0,2.0,-38.49141846,145.9298653,SOUTH GIPPSLAND
T20190010033,Wet,Clear,Collision with vehicle,Tuesday,Dark Street lights on,50,2019/05/28,22:52:00,Yes,3.0,1.0,-34.19258899,142.1539419,MILDURA
T20190010042,Wet,Raining,collision with some other object,Monday,Dark No street lights,110,2019/05/27,21:29:00,Yes,4.0,1.0,-38.2054921,146.3022312,LATROBE
T20190010055,Dry,Clear,Collision with vehicle,Wednesday,Day,100,2019/05/08,15:45:00,No,2.0,1.0,-38.17772585,144.4876493,GREATER GEELONG
T20190010059,Wet,Not known,Collision with a fixed object,Wednesday,Dusk/Dawn,70,2019/05/29,07:10:00,No,1.0,1.0,-37.01522416,144.5420277,GREATER BENDIGO
T20190010065,Dry,Clear,Collision with a fixed object,Thursday,Dusk/Dawn,80,2019/05/23,19:00:00,Yes,1.0,1.0,-38.07658767,145.9450101,BAW BAW
T20190010070,Wet,Raining,Collision with a fixed object,Wednesday,Day,80,2019/05/29,11:20:00,No,1.0,1.0,-38.42516429,145.7448913,SOUTH GIPPSLAND
T20190010088,Wet,Raining,Collision with vehicle,Wednesday,Dark Street lights on,60,2019/05/29,17:24:00,No,2.0,2.0,-36.75733175,144.2480867,GREATER BENDIGO
T20190010089,Muddy,Clear,Collision with vehicle,Wednesday,Dark No street lights,40,2019/05/29,18:00:00,Yes,3.0,1.0,-37.69064875,144.4122598,MOORABOOL
T20190010091,Dry,Clear,Collision with vehicle,Wednesday,Day,100,2019/05/29,16:46:00,No,2.0,1.0,-36.33122837,145.717567,GREATER SHEPPARTON
T20190010093,Wet,Raining,Collision with vehicle,Wednesday,Day,60,2019/05/29,16:09:00,No,2.0,1.0,-36.14495071,146.8669279,WODONGA
T20190010096,Dry,Clear,Collision with vehicle,Wednesday,Dark Street lights on,50,2019/05/29,19:15:00,Yes,2.0,1.0,-36.74837292,144.2596957,GREATER BENDIGO
T20190010108,Wet,Raining,Collision with vehicle,Monday,Dark No street lights,100,2019/05/27,18:00:00,Yes,2.0,2.0,-38.12160362,145.7621874,BAW BAW
T20190010115,Icy,Raining,Collision with a fixed object,Wednesday,Day,100,2019/05/29,14:33:00,No,1.0,1.0,-37.54525475,143.3693579,PYRENEES
T20190010134,Dry,Clear,Collision with vehicle,Saturday,Dark Street lights on,70,2019/05/25,22:00:00,Yes,2.0,1.0,-38.21087539,144.3395888,GREATER GEELONG
T20190010135,Dry,Clear,Collision with vehicle,Thursday,Day,60,2019/05/30,09:00:00,No,2.0,1.0,-35.50418765,142.8495616,BULOKE
T20190010151,Dry,Clear,Struck Pedestrian,Thursday,Dark Street lights on,999,2019/05/30,17:55:00,No,3.0,1.0,-36.12790238,146.8660284,WODONGA
T20190010152,Dry,Clear,Collision with vehicle,Thursday,Dark Street lights on,50,2019/05/30,17:35:00,No,3.0,1.0,-38.18330623,144.3890679,GREATER GEELONG
T20190010160,Dry,Not known,Collision with vehicle,Thursday,Day,80,2019/05/30,16:14:00,No,2.0,2.0,-38.02388499,143.6338345,GOLDEN PLAINS
T20190010175,Icy,Not known,Collision with vehicle,Thursday,Day,60,2019/05/30,07:00:00,No,2.0,1.0,-37.24247296,144.4384524,MACEDON RANGES
T20190010177,Dry,Clear,No collision and no object struck,Saturday,Dusk/Dawn,100,2019/01/12,20:00:00,Yes,1.0,1.0,-38.22394075,146.0667593,BAW BAW
T20190010179,Wet,Clear,Collision with vehicle,Friday,Day,60,2019/05/31,09:00:00,No,2.0,1.0,-38.18709749,146.2845433,LATROBE
T20190010185,Wet,Clear,Collision with vehicle,Friday,Day,60,2019/05/31,09:40:00,No,3.0,3.0,-38.57687226,146.0198145,SOUTH GIPPSLAND
T20190010189,Dry,Clear,Collision with a fixed object,Sunday,Day,100,2019/05/12,14:00:00,No,1.0,1.0,-37.04222588,146.9630917,ALPINE
T20190010213,Dry,Clear,Collision with vehicle,Friday,Day,100,2019/05/31,13:30:00,No,3.0,3.0,-34.1819029,142.0585677,MILDURA