Accident_No,Surface_Cond_Desc,Atmosph_Cond_Desc,Accident_Type_Desc,Day,Light_Condition_Desc,Speed_Zone,Accident_Date,Accident_Time,Alcohol_Influence,Total_Persons_Inv,Inj_Or_Fatal,Lat,Long,LGA
T20190010219,Dry,Clear,Collision with vehicle,Friday,Day,50,2019/05/31,15:15:00,No,3.0,2.0,-36.76088544,144.2754631,GREATER BENDIGO
T20190010228,Dry,Clear,Collision with a fixed object,Friday,Dark Street lights on,50,2019/05/31,19:27:00,Yes,1.0,1.0,-37.56011383,143.8611098,BALLARAT
T20190010242,Wet,Clear,Collision with a fixed object,Friday,Dark Street lights on,50,2019/05/31,21:59:00,Yes,1.0,1.0,-38.06203849,144.3708229,GREATER GEELONG
T20190010243,Wet,Raining,Collision with a fixed object,Saturday,Dark No street lights,80,2019/06/01,00:10:00,Yes,1.0,1.0,-38.20696426,144.358578,GREATER GEELONG
T20190010250,Dry,Clear,Collision with vehicle,Saturday,Day,60,2019/06/01,08:30:00,No,4.0,1.0,-36.13780946,146.8712042,WODONGA
T20190010251,Wet,Fog,collision with some other object,Friday,Dark No street lights,100,2019/05/31,22:10:00,Yes,1.0,1.0,-36.43105982,146.9168668,ALPINE
T20190010255,Dry,Clear,Collision with vehicle,Saturday,Day,60,2019/06/01,09:15:00,No,2.0,1.0,-38.19274001,144.3149721,GREATER GEELONG
T20190010256,Muddy,Clear,Collision with a fixed object,Sunday,Day,60,2019/05/19,11:45:00,No,1.0,1.0,-37.9530524,143.33136,CORANGAMITE
T20190010269,Dry,Clear,Collision with vehicle,Saturday,Day,50,2019/06/01,13:50:00,No,3.0,1.0,-37.96793258,146.9860727,WELLINGTON
T20190010270,Dry,Clear,Collision with vehicle,Saturday,Day,60,2019/06/01,13:22:00,No,3.0,1.0,-37.53358544,143.8493694,BALLARAT
T20190010282,Dry,Clear,Collision with vehicle,Saturday,Dusk/Dawn,50,2019/06/01,17:10:00,Yes,2.0,1.0,-38.33047976,144.3229658,SURF COAST
T20190010290,Dry,Clear,Collision with vehicle,Saturday,Day,100,2019/06/01,17:05:00,Yes,2.0,2.0,-37.93011303,143.8134119,GOLDEN PLAINS
T20190010309,Dry,Clear,Collision with a fixed object,Saturday,Dark Street lights on,60,2019/06/01,23:06:00,Yes,1.0,1.0,-37.05930886,144.2178888,MOUNT ALEXANDER
T20190010325,Dry,Clear,Struck Pedestrian,Sunday,Dark No street lights,100,2019/06/02,06:40:00,No,2.0,2.0,-36.42874891,143.6306315,LODDON
T20190010338,Dry,Clear,Collision with vehicle,Saturday,Dark Street lights on,60,2019/06/01,18:43:00,Yes,3.0,2.0,-34.18691294,142.168394,MILDURA
T20190010353,Dry,Clear,Collision with a fixed object,Sunday,Day,80,2019/06/02,16:15:00,Yes,2.0,2.0,-37.89824415,147.6599437,EAST GIPPSLAND
T20190010357,Wet,Raining,Collision with a fixed object,Sunday,Dark No street lights,80,2019/06/02,19:35:00,Yes,1.0,1.0,-37.4144161,144.610434,MACEDON RANGES
T20190010362,Wet,Raining,Collision with a fixed object,Sunday,Dark No street lights,100,2019/06/02,22:00:00,No,1.0,1.0,-36.05935434,145.3317573,MOIRA
T20190010366,Unknown,Clear,Collision with a fixed object,Friday,Day,999,2019/04/12,09:30:00,No,1.0,1.0,-38.19634521,147.1305154,WELLINGTON
T20190010387,Wet,Raining,Collision with vehicle,Monday,Day,60,2019/06/03,10:59:00,No,2.0,1.0,-38.23991067,146.4191647,LATROBE
T20190010405,Dry,Clear,Collision with vehicle,Monday,Day,60,2019/06/03,11:00:00,No,2.0,1.0,-37.58531733,143.8395963,BALLARAT
T20190010408,Dry,Clear,Struck Pedestrian,Monday,Dusk/Dawn,50,2019/06/03,16:55:00,Yes,2.0,1.0,-36.55600021,145.994394,BENALLA
T20190010415,Wet,Not known,Collision with vehicle,Monday,Dusk/Dawn,60,2019/06/03,16:41:00,No,2.0,2.0,-38.02009383,144.4013029,GREATER GEELONG
T20190010429,Wet,Raining,Collision with a fixed object,Monday,Dark No street lights,80,2019/06/03,20:58:00,Yes,1.0,1.0,-38.1582688,144.3912708,GREATER GEELONG
T20190010431,Wet,Clear,Collision with a fixed object,Monday,Day,100,2019/06/03,16:00:00,No,2.0,2.0,-38.03069679,144.2424211,GOLDEN PLAINS
T20190010436,Dry,Clear,Collision with a fixed object,Monday,Dark Street lights unknown,60,2019/06/03,23:58:00,Yes,1.0,1.0,-38.33798392,145.6715997,SOUTH GIPPSLAND
T20190010438,Wet,Clear,Vehicle overturned (no collision),Tuesday,Dark No street lights,100,2019/06/04,01:58:00,Yes,1.0,1.0,-37.59749148,141.5336868,GLENELG
T20190010448,Wet,Raining,collision with some other object,Tuesday,Dark No street lights,100,2019/06/04,06:15:00,No,2.0,2.0,-37.64504567,148.1085121,EAST GIPPSLAND
T20190010464,Dry,Clear,Collision with vehicle,Tuesday,Day,50,2019/06/04,09:30:00,No,2.0,1.0,-38.16657566,144.3403645,GREATER GEELONG
T20190010466,Dry,Clear,Collision with vehicle,Wednesday,Day,100,2019/05/29,09:45:00,No,3.0,2.0,-36.85710939,145.5288492,STRATHBOGIE
T20190010481,Dry,Clear,Collision with vehicle,Tuesday,Day,100,2019/06/04,15:15:00,No,9.0,4.0,-38.27225896,145.7831973,SOUTH GIPPSLAND
T20190010488,Wet,Not known,Collision with vehicle,Tuesday,Day,80,2019/06/04,08:25:00,No,5.0,3.0,-37.56666477,143.7828171,BALLARAT
T20190010498,Wet,Clear,Collision with a fixed object,Tuesday,Dark Street lights on,60,2019/06/04,21:00:00,Yes,2.0,1.0,-38.12676944,144.3395806,GREATER GEELONG
T20190010499,Wet,Raining,Collision with vehicle,Tuesday,Dark Street lights off,60,2019/06/04,19:25:00,Yes,2.0,1.0,-38.15761035,144.31187,GREATER GEELONG
T20190010513,Dry,Clear,Collision with a fixed object,Tuesday,Day,100,2019/06/04,15:30:00,No,2.0,2.0,-37.49348755,143.2333929,PYRENEES
T20190010523,Dry,Clear,Struck Pedestrian,Wednesday,Day,50,2019/06/05,12:00:00,No,2.0,1.0,-36.37119019,146.3148465,WANGARATTA
T20190010529,Unknown,Not known,Vehicle overturned (no collision),Saturday,Day,999,2019/05/18,08:30:00,No,1.0,1.0,-38.0040287,146.0593346,BAW BAW
T20190010531,Unknown,Clear,No collision and no object struck,Wednesday,Dark Street lights on,60,2019/05/22,20:00:00,Yes,1.0,1.0,-36.73394586,144.2784469,GREATER BENDIGO
T20190010533,Dry,Clear,Collision with a fixed object,Wednesday,Day,40,2019/06/05,07:15:00,No,1.0,1.0,-37.21207692,145.0415652,MITCHELL
T20190010535,Dry,Clear,Collision with vehicle,Wednesday,Day,60,2019/06/05,13:30:00,No,4.0,2.0,-36.3836673,145.4077714,GREATER SHEPPARTON
T20190010539,Dry,Clear,Collision with a fixed object,Sunday,Day,100,2019/06/02,14:55:00,No,1.0,1.0,-35.87910187,144.3318878,GANNAWARRA
T20190010562,Dry,Clear,Collision with a fixed object,Wednesday,Dark No street lights,100,2019/06/05,18:35:00,Yes,1.0,1.0,-37.5098417,144.616709,MACEDON RANGES
T20190010569,Unknown,Not known,Collision with vehicle,Wednesday,Dark Street lights on,999,2019/06/05,19:50:00,Yes,2.0,1.0,-38.14078283,144.3482861,GREATER GEELONG
T20190010575,Dry,Clear,Collision with vehicle,Wednesday,Dark Street lights on,50,2019/06/05,21:50:00,Yes,1.0,1.0,-38.20848401,144.2993296,GREATER GEELONG
T20190010577,Dry,Clear,Collision with a fixed object,Wednesday,Dark No street lights,110,2019/06/05,00:57:00,Yes,1.0,1.0,-37.21713345,145.0652388,MITCHELL
T20190010590,Dry,Clear,Collision with vehicle,Thursday,Day,60,2019/06/06,08:20:00,No,2.0,1.0,-36.3766298,146.3077842,WANGARATTA
T20190010595,Dry,Clear,Collision with vehicle,Thursday,Day,60,2019/06/06,10:08:00,No,2.0,1.0,-36.38257978,145.4105904,GREATER SHEPPARTON
T20190010609,Dry,Clear,Collision with a fixed object,Thursday,Day,100,2019/06/06,14:45:00,No,1.0,1.0,-36.10684998,144.8591,CAMPASPE
T20190010614,Wet,Clear,Collision with vehicle,Thursday,Day,60,2019/06/06,16:17:00,No,2.0,1.0,-37.561255,143.8503945,BALLARAT
T20190010615,Unknown,Not known,Collision with vehicle,Friday,Day,50,2019/04/19,10:30:00,No,3.0,1.0,-37.06417353,142.7650483,NORTHERN GRAMPIANS
T20190010617,Dry,Clear,Collision with vehicle,Thursday,Day,50,2019/06/06,14:15:00,No,1.0,1.0,-36.71149191,142.1895416,HORSHAM
T20190010631,Wet,Raining,Collision with a fixed object,Thursday,Dark No street lights,80,2019/06/06,19:55:00,Yes,2.0,2.0,-37.62186583,143.6757602,GOLDEN PLAINS
T20190010648,Dry,Clear,Vehicle overturned (no collision),Friday,Dusk/Dawn,60,2019/06/07,06:55:00,No,2.0,1.0,-36.76912353,144.2920962,GREATER BENDIGO
T20190010649,Dry,Clear,Collision with vehicle,Thursday,Dusk/Dawn,60,2019/06/06,07:00:00,No,3.0,1.0,-36.33617076,146.2960936,WANGARATTA
T20190010661,Dry,Clear,Collision with vehicle,Friday,Day,50,2019/06/07,10:45:00,No,2.0,2.0,-34.16792884,142.0623089,MILDURA
T20190010669,Dry,Clear,Collision with vehicle,Friday,Day,80,2019/06/07,12:45:00,No,2.0,1.0,-36.70891394,144.2155136,GREATER BENDIGO
T20190010670,Wet,Raining,Collision with vehicle,Thursday,Dark Street lights unknown,100,2019/05/30,04:45:00,Yes,2.0,1.0,-37.28627002,144.4463546,MACEDON RANGES
T20190010677,Dry,Clear,Collision with vehicle,Friday,Day,60,2019/06/07,12:11:00,No,2.0,1.0,-36.78261182,144.2652659,GREATER BENDIGO
T20190010686,Dry,Clear,Collision with vehicle,Friday,Dark Street lights on,60,2019/06/07,18:00:00,Yes,2.0,1.0,-38.08624135,144.3438334,GREATER GEELONG
T20190010689,Dry,Clear,Collision with vehicle,Friday,Dark No street lights,80,2019/06/07,17:55:00,No,8.0,2.0,-36.78940886,144.334501,GREATER BENDIGO
T20190010690,Dry,Clear,Struck Pedestrian,Friday,Day,50,2019/06/07,16:30:00,Yes,3.0,3.0,-35.92100673,145.6471397,MOIRA
T20190010698,Dry,Clear,Collision with vehicle,Friday,Day,60,2019/06/07,15:00:00,No,6.0,3.0,-36.72078969,144.3042645,GREATER BENDIGO
T20190010700,Dry,Clear,Collision with vehicle,Friday,Dark Street lights on,60,2019/06/07,20:15:00,Yes,2.0,1.0,-38.19678815,144.3525571,GREATER GEELONG
T20190010702,Dry,Clear,Collision with vehicle,Friday,Dark No street lights,100,2019/06/07,17:48:00,No,4.0,2.0,-38.31672932,146.2625934,LATROBE
T20190010705,Dry,Clear,Collision with a fixed object,Friday,Dark No street lights,50,2019/06/07,21:45:00,Yes,1.0,1.0,-36.73108678,144.2688006,GREATER BENDIGO
T20190010725,Dry,Clear,Collision with vehicle,Saturday,Day,60,2019/06/08,11:00:00,No,3.0,1.0,-37.82877977,147.619408,EAST GIPPSLAND
T20190010729,Dry,Clear,Collision with a fixed object,Friday,Day,100,2019/06/07,12:30:00,No,1.0,1.0,-37.92610684,146.9940889,WELLINGTON
T20190010741,Dry,Clear,Vehicle overturned (no collision),Saturday,Day,100,2019/06/08,14:00:00,Yes,2.0,2.0,-36.48711583,145.5318065,GREATER SHEPPARTON
T20190010746,Dry,Clear,Struck Pedestrian,Saturday,Day,50,2019/06/08,14:45:00,No,2.0,1.0,-38.53836144,143.9752377,SURF COAST
T20190010753,Dry,Clear,Collision with vehicle,Saturday,Day,100,2019/06/08,13:55:00,No,5.0,1.0,-37.01702798,144.2712446,MOUNT ALEXANDER
T20190010754,Dry,Clear,Collision with vehicle,Saturday,Dark Street lights on,80,2019/06/08,17:42:00,Yes,3.0,2.0,-37.68146944,144.5063787,MOORABOOL
T20190010762,Dry,Clear,Collision with vehicle,Saturday,Day,50,2019/06/08,16:25:00,Yes,3.0,1.0,-38.112358,144.3341947,GREATER GEELONG
T20190010768,Dry,Fog,Struck Pedestrian,Saturday,Dark No street lights,100,2019/06/08,23:20:00,Yes,2.0,1.0,-36.49388105,146.8281202,ALPINE
T20190010769,Dry,Clear,Struck animal,Sunday,Dark No street lights,100,2019/06/09,03:50:00,Yes,5.0,2.0,-38.15895431,146.7313796,WELLINGTON
T20190010778,Dry,Clear,No collision and no object struck,Sunday,Dark No street lights,100,2019/06/09,06:40:00,No,1.0,1.0,-37.62246293,143.7940365,GOLDEN PLAINS
T20190010785,Dry,Clear,Vehicle overturned (no collision),Sunday,Day,80,2019/06/09,12:20:00,No,1.0,1.0,-37.38361754,144.4952795,MACEDON RANGES
T20190010794,Dry,Clear,Collision with a fixed object,Sunday,Day,100,2019/06/09,11:30:00,No,1.0,1.0,-38.21761288,142.1928344,MOYNE
T20190010803,Wet,Clear,Vehicle overturned (no collision),Sunday,Day,999,2019/06/09,14:50:00,No,2.0,2.0,-37.33720854,145.1963767,MITCHELL
T20190010808,Dry,Clear,Collision with vehicle,Sunday,Dusk/Dawn,100,2019/06/09,17:15:00,Yes,5.0,1.0,-38.30506115,146.0475518,BAW BAW
T20190010820,Muddy,Clear,Vehicle overturned (no collision),Sunday,Day,100,2019/06/09,14:55:00,No,1.0,1.0,-35.97163619,144.50289,CAMPASPE
T20190010821,Dry,Clear,Collision with a fixed object,Sunday,Day,100,2019/06/09,12:50:00,No,2.0,2.0,-37.24747026,145.179159,MURRINDINDI
T20190010826,Wet,Raining,Collision with a fixed object,Sunday,Dark No street lights,80,2019/06/09,21:35:00,No,1.0,1.0,-37.37408421,145.2801027,MURRINDINDI
T20190010831,Dry,Clear,Vehicle overturned (no collision),Sunday,Day,999,2019/06/09,13:37:00,No,1.0,1.0,-36.31974584,143.6947759,LODDON
T20190010832,Wet,Raining,Collision with a fixed object,Monday,Dark Street lights on,60,2019/06/10,01:00:00,Yes,1.0,1.0,-37.55004552,143.8501467,BALLARAT
T20190010836,Wet,Not known,Collision with a fixed object,Sunday,Dark No street lights,100,2019/06/09,21:30:00,Yes,1.0,1.0,-38.39160201,142.8041936,MOYNE
T20190010837,Dry,Clear,Collision with vehicle,Wednesday,Day,70,2019/06/05,08:10:00,No,3.0,2.0,-36.14052314,144.7611882,CAMPASPE
T20190010855,Wet,Clear,Vehicle overturned (no collision),Monday,Day,100,2019/06/10,13:21:00,No,2.0,1.0,-36.44137684,146.3614224,WANGARATTA
T20190010859,Dry,Clear,Collision with vehicle,Monday,Day,60,2019/06/10,14:15:00,No,3.0,2.0,-38.43287591,144.1339946,SURF COAST
T20190010868,Dry,Clear,Collision with vehicle,Monday,Dusk/Dawn,80,2019/06/10,16:41:00,Yes,2.0,1.0,-38.22071507,146.4716393,LATROBE
T20190010869,Wet,Raining,Collision with a fixed object,Tuesday,Dark Street lights on,50,2019/06/11,00:48:00,Yes,1.0,1.0,-38.19052068,144.7108574,GREATER GEELONG
T20190010871,Dry,Clear,Struck Pedestrian,Thursday,Day,40,2019/05/30,10:30:00,No,2.0,1.0,-37.04611206,143.7387502,CENTRAL GOLDFIELDS
T20190010873,Wet,Fog,Collision with a fixed object,Tuesday,Dusk/Dawn,999,2019/06/11,07:09:00,No,1.0,1.0,-36.11341118,147.0216134,WODONGA
T20190010882,Dry,Clear,Collision with a fixed object,Tuesday,Day,110,2019/06/11,07:53:00,No,1.0,1.0,-37.33698444,144.5519624,MACEDON RANGES
T20190010888,Dry,Clear,Collision with vehicle,Tuesday,Day,60,2019/06/11,12:30:00,No,2.0,1.0,-34.1877154,142.1552181,MILDURA
T20190010891,Dry,Clear,Vehicle overturned (no collision),Saturday,Dark Street lights on,50,2019/06/08,18:00:00,Yes,1.0,1.0,-38.32907382,144.3167673,SURF COAST
T20190010894,Wet,Raining,No collision and no object struck,Monday,Day,999,2019/06/10,15:00:00,No,1.0,1.0,-38.00666556,146.019747,BAW BAW
T20190010895,Dry,Clear,Collision with vehicle,Tuesday,Day,100,2019/06/11,12:12:00,No,3.0,1.0,-37.02798734,145.9313478,MANSFIELD
T20190010903,Wet,Raining,No collision and no object struck,Tuesday,Day,40,2019/06/04,10:45:00,No,1.0,1.0,-37.44178036,145.3180031,MURRINDINDI
T20190010904,Dry,Clear,Vehicle overturned (no collision),Tuesday,Day,60,2019/06/11,15:56:00,No,1.0,1.0,-37.29440376,144.9651905,MITCHELL
T20190010907,Dry,Clear,Collision with vehicle,Tuesday,Day,60,2019/06/11,15:47:00,No,1.0,1.0,-37.03123316,145.1473894,MITCHELL
T20190010913,Dry,Clear,Collision with vehicle,Tuesday,Dark No street lights,60,2019/06/11,18:30:00,Yes,3.0,1.0,-38.19280025,144.3592367,GREATER GEELONG
T20190010916,Dry,Clear,Collision with a fixed object,Tuesday,Dark No street lights,100,2019/06/11,19:20:00,Yes,1.0,1.0,-36.51686188,146.0328612,BENALLA
T20190010923,Dry,Fog,Collision with a fixed object,Tuesday,Dark No street lights,100,2019/06/11,04:19:00,Yes,1.0,1.0,-36.35072842,145.7799017,GREATER SHEPPARTON
T20190010955,Dry,Not known,Struck Pedestrian,Wednesday,Dark No street lights,100,2019/06/12,06:15:00,No,2.0,1.0,-37.94939376,146.9883044,WELLINGTON
T20190010959,Wet,Raining,Collision with vehicle,Wednesday,Day,60,2019/06/12,10:45:00,No,2.0,1.0,-38.0750296,144.3659263,GREATER GEELONG
T20190010960,Wet,Raining,Collision with vehicle,Wednesday,Day,60,2019/06/12,14:35:00,No,2.0,1.0,-38.47530509,145.947731,SOUTH GIPPSLAND
T20190010964,Unknown,Not known,No collision and no object struck,Tuesday,Dark No street lights,100,2019/06/11,01:20:00,Yes,3.0,1.0,-38.0459196,142.0114997,MOYNE
T20190010983,Dry,Clear,Collision with a fixed object,Tuesday,Dark No street lights,999,2019/06/11,04:15:00,Yes,1.0,1.0,-38.29030011,147.1765155,WELLINGTON
T20190010992,Wet,Clear,collision with some other object,Wednesday,Dark No street lights,100,2019/06/12,22:31:00,Yes,1.0,1.0,-36.44447217,145.3298775,GREATER SHEPPARTON
T20190010994,Wet,Fog,Struck animal,Thursday,Dusk/Dawn,100,2019/06/13,07:15:00,No,1.0,1.0,-37.02949506,145.0754875,MITCHELL
T20190011000,Dry,Clear,Struck Pedestrian,Wednesday,Day,50,2019/06/12,15:15:00,No,2.0,1.0,-37.68553955,144.4303926,MOORABOOL
T20190011003,Muddy,Clear,Collision with vehicle,Wednesday,Day,100,2019/06/12,14:30:00,No,3.0,3.0,-36.05115941,146.7433438,WODONGA
T20190011007,Dry,Clear,Collision with a fixed object,Thursday,Day,60,2019/06/13,09:30:00,No,1.0,1.0,-36.55605271,145.9704323,BENALLA
T20190011010,Dry,Clear,Collision with vehicle,Thursday,Day,60,2019/06/13,10:15:00,No,2.0,1.0,-36.59030476,144.7997555,CAMPASPE
T20190011014,Dry,Clear,Collision with vehicle,Wednesday,Day,60,2019/06/12,14:15:00,No,2.0,2.0,-37.97928625,146.7905915,WELLINGTON
T20190011019,Unknown,Not known,Vehicle overturned (no collision),Tuesday,Day,60,2019/06/04,16:40:00,No,1.0,1.0,-36.75565628,144.2636618,GREATER BENDIGO
T20190011025,Wet,Fog,Collision with a fixed object,Thursday,Day,100,2019/06/13,08:30:00,No,2.0,2.0,-36.62670283,145.168327,GREATER SHEPPARTON
T20190011037,Wet,Not known,Vehicle overturned (no collision),Saturday,Day,999,2019/06/08,12:00:00,No,1.0,1.0,-35.9789913,144.9262324,MOIRA
T20190011043,Wet,Clear,Collision with vehicle,Thursday,Dark No street lights,80,2019/06/13,17:35:00,No,2.0,2.0,-36.7422264,144.2041565,GREATER BENDIGO
T20190011045,Wet,Raining,Collision with vehicle,Thursday,Dark Street lights unknown,60,2019/06/13,17:41:00,No,6.0,3.0,-38.15902917,144.3399642,GREATER GEELONG
T20190011047,Wet,Raining,Collision with vehicle,Thursday,Dark Street lights on,60,2019/06/13,18:00:00,Yes,6.0,1.0,-37.58617768,143.8337592,BALLARAT
T20190011062,Dry,Clear,Collision with a fixed object,Thursday,Day,100,2019/06/13,13:30:00,No,1.0,1.0,-36.59675536,144.8333945,CAMPASPE
T20190011070,Dry,Clear,Collision with a fixed object,Friday,Day,50,2019/06/07,13:00:00,No,1.0,1.0,-37.28535522,144.2286373,HEPBURN
T20190011073,Wet,Fog,Collision with a fixed object,Friday,Dark No street lights,80,2019/06/14,04:30:00,Yes,2.0,2.0,-36.98641034,144.0694516,MOUNT ALEXANDER
T20190011080,Wet,Raining,Collision with a fixed object,Wednesday,Dusk/Dawn,60,2019/06/12,17:00:00,No,2.0,2.0,-36.372919,145.4196585,GREATER SHEPPARTON
T20190011083,Wet,Raining,No collision and no object struck,Friday,Day,50,2019/06/14,09:45:00,No,1.0,1.0,-37.24556028,144.451347,MACEDON RANGES
T20190011090,Wet,Raining,Struck Pedestrian,Wednesday,Dark Street lights on,70,2019/06/12,19:11:00,Yes,2.0,1.0,-38.15460793,144.351431,GREATER GEELONG
T20190011102,Wet,Clear,Vehicle overturned (no collision),Friday,Day,60,2019/06/14,15:50:00,No,1.0,1.0,-36.75259657,144.2836991,GREATER BENDIGO
T20190011104,Dry,Clear,Collision with a fixed object,Friday,Day,50,2019/06/14,15:00:00,No,2.0,2.0,-36.38871326,145.3597012,GREATER SHEPPARTON
T20190011108,Dry,Clear,No collision and no object struck,Friday,Day,100,2019/06/14,16:00:00,Yes,1.0,1.0,-38.2441105,146.8361981,WELLINGTON
T20190011111,Wet,Strong winds,Collision with vehicle,Friday,Dusk/Dawn,80,2019/06/14,16:29:00,No,4.0,1.0,-38.61522259,142.9175587,CORANGAMITE
T20190011120,Wet,Raining,Collision with vehicle,Friday,Dusk/Dawn,100,2019/06/14,16:45:00,No,3.0,2.0,-37.43340753,144.7465246,MACEDON RANGES
T20190011128,Wet,Raining,Collision with vehicle,Friday,Dark No street lights,100,2019/06/14,17:30:00,Yes,2.0,2.0,-38.2574271,144.6021233,GREATER GEELONG
T20190011148,Dry,Clear,Collision with vehicle,Saturday,Day,50,2019/06/15,08:05:00,No,1.0,1.0,-38.75555191,143.6691959,COLAC OTWAY
T20190011183,Dry,Clear,Struck Pedestrian,Saturday,Day,999,2019/06/15,12:45:00,No,2.0,1.0,-37.54518486,143.8451865,BALLARAT
T20190011185,Wet,Fog,Struck Pedestrian,Sunday,Dark Street lights on,50,2019/06/16,00:00:00,Yes,6.0,1.0,-37.1943943,145.7011095,MURRINDINDI
T20190011188,Dry,Clear,Collision with a fixed object,Saturday,Day,60,2019/06/15,08:30:00,No,3.0,1.0,-38.17093367,144.3190375,GREATER GEELONG
T20190011192,Dry,Clear,Collision with a fixed object,Sunday,Day,100,2019/06/16,07:30:00,Yes,1.0,1.0,-38.09106404,146.1571705,BAW BAW
T20190011195,Dry,Clear,Collision with vehicle,Sunday,Day,50,2019/06/16,11:10:00,No,3.0,3.0,-36.76495937,144.3029611,GREATER BENDIGO
T20190011201,Dry,Clear,Collision with a fixed object,Saturday,Dark No street lights,100,2019/06/15,23:57:00,Yes,1.0,1.0,-37.72135162,148.4837278,EAST GIPPSLAND
T20190011202,Wet,Clear,Collision with a fixed object,Sunday,Day,50,2019/06/16,10:22:00,No,2.0,1.0,-38.33364322,143.5911398,COLAC OTWAY
T20190011213,Dry,Clear,Collision with a fixed object,Sunday,Day,100,2019/06/16,13:38:00,No,1.0,1.0,-36.19904713,144.4522771,CAMPASPE
T20190011237,Wet,Clear,Collision with vehicle,Monday,Dark No street lights,110,2019/06/17,05:44:00,Yes,2.0,1.0,-37.5000297,144.9551612,MITCHELL
T20190011240,Dry,Clear,Collision with vehicle,Monday,Dark Street lights on,80,2019/06/17,07:09:00,No,2.0,2.0,-38.2418695,144.5726069,GREATER GEELONG
T20190011243,Wet,Fog,Collision with vehicle,Monday,Day,80,2019/06/17,07:55:00,Yes,3.0,3.0,-37.01077832,144.2454394,MOUNT ALEXANDER
T20190011246,Dry,Clear,Collision with vehicle,Monday,Day,110,2019/06/17,10:25:00,No,3.0,3.0,-36.91451551,145.2262921,STRATHBOGIE
T20190011248,Dry,Clear,Struck Pedestrian,Monday,Day,50,2019/06/17,12:15:00,No,2.0,1.0,-37.04773866,143.7363933,CENTRAL GOLDFIELDS
T20190011252,Dry,Fog,Collision with vehicle,Monday,Day,50,2019/06/17,08:50:00,Yes,3.0,1.0,-36.6167175,143.2582856,NORTHERN GRAMPIANS
T20190011254,Dry,Clear,Collision with vehicle,Monday,Day,80,2019/06/17,13:06:00,No,1.0,1.0,-37.57060515,143.8101587,BALLARAT
T20190011255,Dry,Clear,Collision with vehicle,Monday,Day,100,2019/06/17,10:20:00,No,2.0,1.0,-38.23302867,144.2050207,SURF COAST
T20190011256,Unknown,Not known,No collision and no object struck,Wednesday,Day,100,2019/06/12,14:30:00,No,1.0,1.0,-38.21256916,144.2128395,SURF COAST
T20190011267,Dry,Clear,Collision with a fixed object,Monday,Day,80,2019/06/17,14:15:00,No,1.0,1.0,-38.55866571,145.9500167,SOUTH GIPPSLAND
T20190011274,Dry,Clear,Struck Pedestrian,Monday,Day,50,2019/06/17,16:06:00,No,3.0,1.0,-36.3724142,145.4091301,GREATER SHEPPARTON
T20190011284,Dry,Clear,Collision with vehicle,Monday,Day,80,2019/06/17,16:26:00,No,2.0,1.0,-38.09979139,145.9116653,BAW BAW
T20190011286,Dry,Clear,Collision with a fixed object,Monday,Day,100,2019/06/17,15:15:00,No,1.0,1.0,-36.83154043,146.0083726,BENALLA
T20190011287,Wet,Raining,Collision with a fixed object,Wednesday,Dark No street lights,100,2019/04/24,19:00:00,Yes,4.0,1.0,-37.82661702,147.8942758,EAST GIPPSLAND
T20190011290,Dry,Fog,Collision with a fixed object,Monday,Dark No street lights,80,2019/06/17,21:00:00,Yes,1.0,1.0,-36.6312802,144.4082445,GREATER BENDIGO
T20190011293,Dry,Not known,Collision with vehicle,Tuesday,Day,50,2019/06/11,07:45:00,No,2.0,2.0,-37.9129516,147.7119718,EAST GIPPSLAND
T20190011297,Dry,Clear,Struck Pedestrian,Thursday,Day,40,2019/06/13,10:00:00,No,2.0,1.0,-36.37940789,145.4024436,GREATER SHEPPARTON
T20190011319,Dry,Clear,Collision with vehicle,Tuesday,Day,100,2019/06/18,11:50:00,No,2.0,1.0,-38.47882532,145.4701485,BASS COAST
T20190011322,Dry,Clear,Collision with vehicle,Tuesday,Day,50,2019/06/18,09:01:00,No,2.0,1.0,-38.34146789,143.5810811,COLAC OTWAY
T20190011326,Wet,Clear,Collision with vehicle,Tuesday,Day,60,2019/06/18,12:45:00,No,2.0,1.0,-38.06782157,144.3687897,GREATER GEELONG
T20190011331,Wet,Raining,Collision with vehicle,Tuesday,Day,60,2019/06/18,16:15:00,No,5.0,2.0,-36.38639726,145.4072322,GREATER SHEPPARTON
T20190011341,Dry,Clear,Collision with a fixed object,Tuesday,Day,100,2019/06/18,16:45:00,No,1.0,1.0,-36.62431286,142.1318967,HORSHAM
T20190011345,Wet,Raining,Collision with vehicle,Monday,Day,80,2019/05/27,14:00:00,No,2.0,1.0,-38.18978645,146.5658998,LATROBE
T20190011353,Dry,Not known,Collision with vehicle,Tuesday,Dark Street lights on,40,2019/06/18,17:30:00,No,3.0,1.0,-38.01693761,144.4723744,GREATER GEELONG
T20190011368,Dry,Clear,Collision with vehicle,Wednesday,Day,50,2019/06/05,13:50:00,No,2.0,1.0,-38.38184395,142.4796853,WARRNAMBOOL
T20190011372,Wet,Clear,Collision with a fixed object,Tuesday,Dark No street lights,100,2019/06/18,23:15:00,Yes,3.0,3.0,-36.418744,146.2628976,WANGARATTA
T20190011383,Wet,Fog,Collision with a fixed object,Wednesday,Day,100,2019/06/19,08:45:00,No,1.0,1.0,-37.16063502,146.0993907,MANSFIELD