Accident_No,Surface_Cond_Desc,Atmosph_Cond_Desc,Accident_Type_Desc,Day,Light_Condition_Desc,Speed_Zone,Accident_Date,Accident_Time,Alcohol_Influence,Total_Persons_Inv,Inj_Or_Fatal,Lat,Long,LGA
T20190011386,Wet,Raining,Collision with vehicle,Tuesday,Day,100,2019/06/18,13:10:00,No,3.0,2.0,-38.11925647,146.575586,LATROBE
T20190011394,Dry,Clear,Collision with vehicle,Wednesday,Day,80,2019/06/19,09:35:00,No,2.0,2.0,-36.43979629,145.4289747,GREATER SHEPPARTON
T20190011402,Dry,Clear,Collision with a fixed object,Wednesday,Day,100,2019/06/19,13:00:00,No,1.0,1.0,-38.34904609,141.5024504,GLENELG
T20190011403,Dry,Clear,No collision and no object struck,Saturday,Day,100,2019/06/15,13:40:00,No,1.0,1.0,-38.17201412,142.5206356,MOYNE
T20190011407,Dry,Clear,Collision with vehicle,Wednesday,Day,100,2019/06/19,14:30:00,No,3.0,3.0,-37.76337752,143.5046091,GOLDEN PLAINS
T20190011422,Wet,Clear,Vehicle overturned (no collision),Wednesday,Day,100,2019/06/19,15:00:00,No,1.0,1.0,-38.85985246,145.9876236,SOUTH GIPPSLAND
T20190011423,Wet,Raining,Collision with a fixed object,Wednesday,Dark No street lights,60,2019/06/19,20:00:00,Yes,4.0,1.0,-38.18575257,146.4938869,LATROBE
T20190011432,Wet,Raining,Struck Pedestrian,Thursday,Dark Street lights unknown,50,2019/06/20,06:50:00,No,2.0,1.0,-37.56197399,143.8703376,BALLARAT
T20190011439,Dry,Clear,Collision with vehicle,Wednesday,Day,60,2019/06/19,13:52:00,No,3.0,1.0,-38.13206651,144.3496813,GREATER GEELONG
T20190011455,Dry,Fog,Vehicle overturned (no collision),Thursday,Day,100,2019/06/20,08:55:00,No,1.0,1.0,-35.94019,145.5316173,MOIRA
T20190011469,Dry,Clear,Collision with a fixed object,Thursday,Day,100,2019/06/20,12:00:00,No,1.0,1.0,-36.05378915,145.2449215,MOIRA
T20190011471,Dry,Clear,Collision with vehicle,Thursday,Day,80,2019/06/20,13:30:00,No,2.0,1.0,-37.5341196,143.7678052,BALLARAT
T20190011473,Wet,Raining,Collision with vehicle,Thursday,Day,70,2019/06/20,17:00:00,No,7.0,1.0,-38.18193591,144.3476655,GREATER GEELONG
T20190011498,Dry,Clear,No collision and no object struck,Monday,Day,999,2019/06/17,14:00:00,No,1.0,1.0,-36.6908705,144.2419142,GREATER BENDIGO
T20190011502,Wet,Raining,Collision with vehicle,Thursday,Day,80,2019/06/20,14:22:00,No,2.0,1.0,-37.69940239,144.4513601,MOORABOOL
T20190011512,Dry,Clear,collision with some other object,Friday,Day,100,2019/06/21,08:30:00,No,1.0,1.0,-36.60848336,143.5891898,LODDON
T20190011514,Dry,Clear,Struck Pedestrian,Friday,Day,50,2019/06/21,09:55:00,No,2.0,1.0,-36.01174725,146.0045769,MOIRA
T20190011515,Dry,Clear,Collision with vehicle,Friday,Day,60,2019/06/21,07:30:00,No,5.0,4.0,-37.10684742,142.9938229,NORTHERN GRAMPIANS
T20190011516,Dry,Clear,Collision with a fixed object,Thursday,Dark No street lights,100,2019/06/20,22:10:00,Yes,1.0,1.0,-36.06636705,146.1774757,MOIRA
T20190011528,Wet,Clear,Collision with vehicle,Friday,Day,60,2019/06/21,12:40:00,No,1.0,1.0,-38.15102476,142.6864157,MOYNE
T20190011539,Dry,Clear,Vehicle overturned (no collision),Friday,Day,100,2019/06/21,09:20:00,No,1.0,1.0,-37.21230282,145.2279256,MURRINDINDI
T20190011542,Icy,Fog,Collision with a fixed object,Friday,Dark No street lights,100,2019/06/21,06:10:00,No,1.0,1.0,-37.6315294,141.458399,GLENELG
T20190011546,Wet,Raining,Collision with a fixed object,Tuesday,Day,60,2019/06/18,14:00:00,No,1.0,1.0,-38.23697214,144.5397074,GREATER GEELONG
T20190011549,Wet,Raining,Collision with vehicle,Friday,Day,80,2019/06/21,16:35:00,Yes,4.0,2.0,-38.30271461,144.3409192,SURF COAST
T20190011554,Wet,Clear,Collision with vehicle,Friday,Dark Street lights on,60,2019/06/21,17:40:00,Yes,2.0,2.0,-37.60965737,143.8697524,BALLARAT
T20190011558,Wet,Raining,Collision with vehicle,Friday,Dark Street lights on,60,2019/06/21,17:15:00,No,3.0,2.0,-38.12217881,144.3446839,GREATER GEELONG
T20190011559,Dry,Clear,Collision with vehicle,Friday,Day,50,2019/06/21,16:00:00,No,2.0,1.0,-38.35081843,141.6061578,GLENELG
T20190011600,Dry,Clear,Struck Pedestrian,Saturday,Day,50,2019/06/22,11:00:00,No,2.0,1.0,-37.60324344,143.8190182,BALLARAT
T20190011601,Unknown,Not known,Collision with vehicle,Saturday,Day,50,2019/05/25,11:00:00,No,4.0,1.0,-37.41633436,144.9788159,MITCHELL
T20190011605,Dry,Clear,Vehicle overturned (no collision),Saturday,Day,60,2019/06/22,12:45:00,No,1.0,1.0,-37.87822239,144.1784643,GOLDEN PLAINS
T20190011649,Wet,Clear,Collision with vehicle,Sunday,Day,70,2019/06/23,07:58:00,Yes,2.0,1.0,-38.20121138,144.3413497,GREATER GEELONG
T20190011658,Wet,Fog,No collision and no object struck,Sunday,Day,100,2019/06/23,11:45:00,No,1.0,1.0,-37.37790982,145.0802983,MITCHELL
T20190011686,Dry,Clear,Collision with vehicle,Sunday,Day,110,2019/06/23,15:36:00,No,5.0,1.0,-37.58440846,144.1505815,MOORABOOL
T20190011692,Wet,Clear,Collision with vehicle,Sunday,Dark No street lights,100,2019/06/23,19:35:00,Yes,5.0,3.0,-38.42387924,145.4426318,BASS COAST
T20190011700,Icy,Fog,Collision with a fixed object,Sunday,Dusk/Dawn,110,2019/06/23,07:32:00,No,1.0,1.0,-37.18768933,144.4032692,MACEDON RANGES
T20190011703,Dry,Clear,Collision with a fixed object,Friday,Day,100,2019/06/21,12:15:00,No,1.0,1.0,-36.15031055,145.5885306,MOIRA
T20190011706,Dry,Clear,Collision with vehicle,Monday,Day,60,2019/06/24,08:45:00,No,2.0,1.0,-36.36661607,146.3144399,WANGARATTA
T20190011718,Dry,Clear,Collision with a fixed object,Monday,Day,100,2019/06/24,11:00:00,No,1.0,1.0,-36.33890972,145.7673214,GREATER SHEPPARTON
T20190011721,Dry,Clear,Collision with vehicle,Monday,Day,60,2019/06/24,11:15:00,No,2.0,1.0,-37.64352927,143.685475,GOLDEN PLAINS
T20190011728,Dry,Clear,Collision with a fixed object,Friday,Day,100,2018/10/12,14:00:00,No,1.0,1.0,-38.33330026,145.7263865,SOUTH GIPPSLAND
T20190011745,Dry,Clear,Struck Pedestrian,Monday,Unknown,50,2019/06/24,08:15:00,No,2.0,1.0,-36.72805899,142.2053013,HORSHAM
T20190011746,Dry,Clear,Collision with vehicle,Monday,Dark No street lights,100,2019/06/24,20:15:00,Yes,2.0,2.0,-37.7647655,144.0129517,MOORABOOL
T20190011747,Dry,Clear,Collision with vehicle,Monday,Dark Street lights on,60,2019/06/24,18:00:00,Yes,2.0,1.0,-34.18384234,142.1540869,MILDURA
T20190011757,Dry,Clear,Collision with vehicle,Saturday,Day,60,2019/06/15,13:00:00,No,2.0,2.0,-38.23121871,146.4319379,LATROBE
T20190011761,Dry,Clear,Collision with vehicle,Monday,Day,100,2019/06/24,16:13:00,No,4.0,2.0,-37.27973261,144.7131389,MACEDON RANGES
T20190011784,Dry,Clear,Struck Pedestrian,Tuesday,Day,60,2019/06/25,13:07:00,No,2.0,1.0,-38.06692427,144.3607202,GREATER GEELONG
T20190011801,Dry,Clear,Collision with a fixed object,Tuesday,Day,100,2019/06/25,15:15:00,No,1.0,1.0,-37.26716278,143.5223755,PYRENEES
T20190011804,Dry,Clear,Collision with vehicle,Tuesday,Day,100,2019/06/25,16:02:00,No,2.0,2.0,-36.84182812,144.6040757,GREATER BENDIGO
T20190011835,Dry,Clear,Collision with vehicle,Wednesday,Dark Street lights on,60,2019/06/26,06:23:00,No,2.0,1.0,-38.12703985,145.8467206,BAW BAW
T20190011844,Icy,Clear,Collision with a fixed object,Wednesday,Day,80,2019/06/26,08:30:00,No,1.0,1.0,-36.7289517,147.0619113,ALPINE
T20190011846,Unknown,Not known,Collision with vehicle,Saturday,Unknown,999,2019/06/22,13:35:00,No,3.0,2.0,-38.32592405,144.3168538,SURF COAST
T20190011847,Dry,Clear,Collision with vehicle,Wednesday,Day,50,2019/06/26,11:15:00,No,2.0,1.0,-37.58393319,143.8324196,BALLARAT
T20190011849,Dry,Clear,Collision with vehicle,Wednesday,Day,50,2019/06/26,11:10:00,No,3.0,1.0,-37.4639667,144.6752874,MACEDON RANGES
T20190011857,Dry,Clear,Collision with vehicle,Thursday,Dusk/Dawn,50,2019/05/23,17:15:00,No,3.0,1.0,-38.15305169,144.3721079,GREATER GEELONG
T20190011858,Dry,Clear,Collision with vehicle,Wednesday,Day,50,2019/06/26,08:35:00,No,3.0,1.0,-37.55566236,143.8589403,BALLARAT
T20190011859,Dry,Clear,Collision with vehicle,Saturday,Day,50,2019/06/22,13:40:00,No,3.0,1.0,-38.32577434,144.3155893,SURF COAST
T20190011861,Wet,Clear,Struck Pedestrian,Monday,Day,50,2019/04/29,08:50:00,Yes,2.0,1.0,-37.56117434,143.8369737,BALLARAT
T20190011862,Icy,Fog,Collision with a fixed object,Wednesday,Day,100,2019/06/26,07:40:00,No,1.0,1.0,-37.15041525,145.5983647,MURRINDINDI
T20190011864,Dry,Clear,Collision with vehicle,Wednesday,Day,60,2019/06/26,12:42:00,No,2.0,2.0,-38.09880077,144.3548608,GREATER GEELONG
T20190011865,Dry,Clear,Struck Pedestrian,Wednesday,Day,30,2019/06/26,15:15:00,No,2.0,1.0,-36.77161842,144.3042495,GREATER BENDIGO
T20190011884,Dry,Clear,Collision with vehicle,Wednesday,Dusk/Dawn,70,2019/06/26,17:28:00,No,3.0,3.0,-36.14045471,144.733873,CAMPASPE
T20190011885,Dry,Clear,Collision with vehicle,Wednesday,Day,60,2019/06/26,14:00:00,No,2.0,1.0,-38.17499154,144.3390838,GREATER GEELONG
T20190011900,Dry,Clear,Collision with vehicle,Wednesday,Dark Street lights on,60,2019/06/26,18:30:00,Yes,3.0,1.0,-38.13209812,144.3499273,GREATER GEELONG
T20190011902,Dry,Clear,Struck Pedestrian,Wednesday,Dark No street lights,100,2019/06/26,19:47:00,Yes,3.0,3.0,-36.36629008,142.992848,BULOKE
T20190011924,Unknown,Clear,Other accident,Monday,Unknown,999,2019/06/10,12:30:00,No,1.0,1.0,-36.8241884,144.2502869,GREATER BENDIGO
T20190011926,Dry,Clear,Struck Pedestrian,Thursday,Day,50,2019/06/27,08:40:00,No,2.0,1.0,-36.76088544,144.2754631,GREATER BENDIGO
T20190011931,Dry,Clear,Collision with vehicle,Thursday,Day,100,2019/06/27,07:08:00,No,2.0,1.0,-38.57436223,145.7081485,BASS COAST
T20190011934,Dry,Clear,Collision with vehicle,Thursday,Day,80,2019/06/27,09:00:00,No,4.0,3.0,-38.5196764,145.3408273,BASS COAST
T20190011936,Unknown,Not known,Struck animal,Friday,Unknown,100,2019/06/14,08:00:00,No,1.0,1.0,-36.68669917,144.2257166,GREATER BENDIGO
T20190011939,Dry,Clear,Collision with vehicle,Wednesday,Day,60,2019/06/26,12:45:00,No,2.0,1.0,-36.35045549,146.3107527,WANGARATTA
T20190011946,Icy,Clear,Collision with a fixed object,Thursday,Day,100,2019/06/27,08:45:00,No,1.0,1.0,-37.72137937,148.4386697,EAST GIPPSLAND
T20190011951,Dry,Clear,Collision with vehicle,Thursday,Day,60,2019/06/27,09:57:00,No,2.0,1.0,-37.83066377,147.6404247,EAST GIPPSLAND
T20190011955,Dry,Clear,Collision with vehicle,Thursday,Day,100,2019/06/27,12:30:00,No,5.0,2.0,-38.02710031,147.0133565,WELLINGTON
T20190011959,Dry,Not known,Collision with vehicle,Thursday,Day,80,2019/06/27,16:00:00,No,2.0,2.0,-37.6359152,144.3583017,MOORABOOL
T20190011965,Dry,Clear,Struck Pedestrian,Thursday,Day,60,2019/06/27,14:55:00,No,2.0,1.0,-37.04790768,143.7348733,CENTRAL GOLDFIELDS
T20190011966,Unknown,Not known,Collision with a fixed object,Sunday,Unknown,999,2019/04/14,16:00:00,Yes,1.0,1.0,-37.66752163,144.3388338,MOORABOOL
T20190011976,Dry,Clear,Collision with a fixed object,Thursday,Day,50,2019/06/27,16:08:00,No,2.0,1.0,-37.39669822,144.9766634,MITCHELL
T20190011983,Dry,Clear,Collision with a fixed object,Thursday,Dark No street lights,100,2019/06/27,23:00:00,Yes,1.0,1.0,-38.57721738,146.0369483,SOUTH GIPPSLAND
T20190011984,Dry,Clear,Vehicle overturned (no collision),Thursday,Dark No street lights,100,2019/06/27,23:52:00,Yes,2.0,2.0,-36.60994129,146.6825857,ALPINE
T20190011998,Dry,Clear,Collision with vehicle,Friday,Day,60,2019/06/28,09:55:00,No,2.0,1.0,-37.74329507,142.0287194,SOUTHERN GRAMPIANS
T20190012000,Dry,Clear,Collision with vehicle,Friday,Day,100,2019/06/28,11:20:00,No,2.0,2.0,-36.8174384,145.1423947,STRATHBOGIE
T20190012002,Dry,Clear,Collision with vehicle,Friday,Day,999,2019/06/28,12:48:00,No,2.0,1.0,-38.3428706,143.5781248,COLAC OTWAY
T20190012004,Dry,Clear,Collision with a fixed object,Friday,Day,110,2019/06/28,12:45:00,No,1.0,1.0,-37.335387,145.0277064,MITCHELL
T20190012012,Dry,Clear,Collision with vehicle,Friday,Day,40,2019/06/28,13:45:00,No,5.0,5.0,-38.14861116,144.3573052,GREATER GEELONG
T20190012020,Dry,Clear,Collision with vehicle,Friday,Day,70,2019/06/28,16:00:00,Yes,4.0,2.0,-38.11162109,144.3538049,GREATER GEELONG
T20190012026,Wet,Clear,No collision and no object struck,Friday,Day,60,2019/06/28,08:30:00,No,2.0,1.0,-37.26639754,144.1526728,HEPBURN
T20190012029,Dry,Clear,Struck Pedestrian,Thursday,Day,60,2019/06/27,08:15:00,No,2.0,1.0,-37.24348046,144.4543139,MACEDON RANGES
T20190012034,Dry,Clear,Collision with vehicle,Friday,Day,60,2019/06/28,17:15:00,Yes,3.0,1.0,-38.22438014,144.3706195,GREATER GEELONG
T20190012038,Wet,Raining,Struck animal,Friday,Dark No street lights,100,2019/06/28,19:15:00,Yes,2.0,1.0,-37.29097579,144.906059,MITCHELL
T20190012051,Dry,Clear,Collision with vehicle,Friday,Dark No street lights,80,2019/06/28,17:09:00,No,1.0,1.0,-38.22332768,144.3701707,GREATER GEELONG
T20190012057,Wet,Raining,Collision with a fixed object,Saturday,Dark Street lights on,60,2019/06/29,03:00:00,Yes,1.0,1.0,-36.75676198,145.5695138,STRATHBOGIE
T20190012063,Wet,Raining,Collision with vehicle,Saturday,Dark No street lights,110,2019/06/29,06:35:00,Yes,2.0,1.0,-37.00280777,145.1157067,MITCHELL
T20190012084,Wet,Raining,Collision with a fixed object,Saturday,Day,60,2019/06/29,14:40:00,Yes,1.0,1.0,-37.57613721,143.8508116,BALLARAT
T20190012090,Wet,Raining,Collision with a fixed object,Saturday,Day,80,2019/06/29,14:05:00,Yes,8.0,4.0,-38.77618129,143.5225018,COLAC OTWAY
T20190012092,Wet,Raining,Collision with vehicle,Saturday,Dark Street lights on,60,2019/06/29,18:40:00,Yes,3.0,1.0,-38.17990445,146.2947703,LATROBE
T20190012095,Dry,Clear,Collision with vehicle,Saturday,Day,50,2019/06/29,08:18:00,No,2.0,1.0,-38.17617084,144.3488007,GREATER GEELONG
T20190012098,Wet,Raining,Collision with a fixed object,Saturday,Dark No street lights,110,2019/06/29,01:20:00,Yes,2.0,2.0,-35.36321993,142.7650182,BULOKE
T20190012099,Wet,Raining,Struck Pedestrian,Saturday,Dark Street lights on,40,2019/06/29,19:00:00,Yes,2.0,1.0,-38.15287303,144.3610109,GREATER GEELONG
T20190012101,Wet,Raining,Collision with a fixed object,Saturday,Dusk/Dawn,100,2019/06/29,17:00:00,Yes,1.0,1.0,-36.6788653,144.369553,GREATER BENDIGO
T20190012109,Wet,Clear,Collision with a fixed object,Saturday,Dark No street lights,80,2019/06/29,22:31:00,Yes,1.0,1.0,-38.24131201,144.5020918,GREATER GEELONG
T20190012118,Wet,Clear,Collision with a fixed object,Saturday,Dark No street lights,100,2019/06/29,07:40:00,Yes,3.0,3.0,-37.07140894,143.5902011,CENTRAL GOLDFIELDS
T20190012122,Dry,Clear,Collision with a fixed object,Sunday,Day,60,2019/06/30,09:36:00,Yes,4.0,1.0,-37.48775222,144.5895743,MACEDON RANGES
T20190012124,Dry,Clear,Collision with a fixed object,Sunday,Dark Street lights on,60,2019/06/30,05:55:00,Yes,2.0,2.0,-36.75405913,144.286249,GREATER BENDIGO
T20190012143,Dry,Clear,Collision with vehicle,Sunday,Day,100,2019/06/30,12:42:00,No,4.0,4.0,-38.43305256,145.4975191,BASS COAST
T20190012148,Wet,Raining,Collision with a fixed object,Sunday,Day,100,2019/06/30,12:45:00,No,3.0,3.0,-38.63963168,143.478819,COLAC OTWAY
T20190012155,Dry,Clear,Collision with vehicle,Sunday,Day,80,2019/06/30,15:20:00,No,2.0,1.0,-37.32064895,145.2881053,MURRINDINDI
T20190012157,Wet,Clear,Collision with a fixed object,Sunday,Day,100,2019/06/30,14:45:00,No,3.0,3.0,-37.84810958,146.3733408,BAW BAW
T20190012169,Wet,Raining,collision with some other object,Saturday,Day,999,2019/06/29,11:00:00,No,1.0,1.0,-37.35476596,145.5662909,MURRINDINDI
T20190012173,Dry,Clear,Struck animal,Sunday,Dark No street lights,100,2019/06/30,19:40:00,No,1.0,1.0,-38.04164793,145.7655999,BAW BAW
T20190012200,Unknown,Not known,Struck Pedestrian,Thursday,Unknown,50,2019/04/18,18:00:00,Yes,2.0,1.0,-38.13955801,144.353684,GREATER GEELONG
T20190012284,Dry,Clear,Collision with vehicle,Friday,Day,60,2019/06/28,15:40:00,No,2.0,1.0,-38.16991285,144.3136178,GREATER GEELONG
T20190012316,Dry,Clear,Collision with vehicle,Friday,Day,60,2019/06/28,10:00:00,No,1.0,1.0,-38.63011028,145.7404127,BASS COAST
T20190012382,Dry,Clear,Struck Pedestrian,Tuesday,Day,50,2019/06/04,15:30:00,No,2.0,1.0,-36.3790652,145.3997288,GREATER SHEPPARTON
T20190012411,Unknown,Clear,Collision with vehicle,Saturday,Day,50,2019/06/08,08:05:00,No,2.0,1.0,-38.28234673,144.4915306,GREATER GEELONG
T20190012431,Wet,Raining,collision with some other object,Saturday,Dark No street lights,100,2019/06/29,17:15:00,Yes,4.0,3.0,-36.94323097,145.998276,MANSFIELD
T20190012687,Dry,Clear,Vehicle overturned (no collision),Saturday,Day,999,2019/05/25,17:30:00,Yes,3.0,2.0,-37.45966897,143.9079634,HEPBURN
T20190012694,Unknown,Clear,No collision and no object struck,Thursday,Unknown,999,2019/06/27,16:00:00,No,1.0,1.0,-35.92264,141.8545958,HINDMARSH
T20190012751,Unknown,Not known,Fall from or in moving vehicle,Saturday,Unknown,50,2019/06/15,10:45:00,No,2.0,1.0,-36.71169242,142.20889,HORSHAM
T20190012776,Dry,Clear,No collision and no object struck,Friday,Dusk/Dawn,30,2019/04/19,17:00:00,Yes,1.0,1.0,-37.75400989,146.5008381,WELLINGTON
T20190012834,Wet,Raining,collision with some other object,Sunday,Day,999,2019/06/30,14:00:00,No,1.0,1.0,-36.52929065,146.7295595,ALPINE
T20190012947,Unknown,Not known,Collision with vehicle,Tuesday,Day,50,2019/06/18,15:40:00,No,2.0,1.0,-37.24909003,144.4532758,MACEDON RANGES
T20190012950,Dry,Clear,Collision with vehicle,Wednesday,Day,70,2019/06/19,08:25:00,No,3.0,1.0,-38.1621561,144.3782683,GREATER GEELONG
T20190013073,Dry,Clear,Collision with a fixed object,Wednesday,Dark Street lights on,50,2019/05/29,19:00:00,Yes,1.0,1.0,-38.2058547,144.3123303,GREATER GEELONG
T20190013425,Unknown,Not known,Collision with vehicle,Friday,Day,60,2019/05/24,15:53:00,No,2.0,1.0,-38.09871624,144.3541055,GREATER GEELONG
T20190013511,Wet,Raining,Collision with vehicle,Monday,Day,60,2019/05/27,10:30:00,No,2.0,1.0,-36.75088846,144.289901,GREATER BENDIGO
T20190013649,Dry,Clear,Collision with vehicle,Friday,Day,70,2017/01/13,16:30:00,No,2.0,1.0,-38.11498978,144.3544877,GREATER GEELONG
T20190013714,Dry,Clear,Collision with vehicle,Friday,Day,40,2019/06/21,10:15:00,No,2.0,2.0,-38.0218173,144.4185389,GREATER GEELONG
T20190013900,Dry,Clear,Collision with vehicle,Friday,Day,80,2019/05/24,15:15:00,No,2.0,1.0,-37.24570665,144.481666,MACEDON RANGES
T20190014081,Unknown,Clear,collision with some other object,Sunday,Day,100,2019/06/23,14:00:00,No,1.0,1.0,-36.91899324,145.8614903,MANSFIELD
T20190014247,Dry,Clear,Fall from or in moving vehicle,Wednesday,Day,50,2019/05/15,15:00:00,No,2.0,2.0,-38.18248316,146.2540507,LATROBE
T20190015043,Unknown,Not known,Collision with vehicle,Wednesday,Day,50,2019/06/26,08:10:00,No,2.0,1.0,-36.77775715,144.2398285,GREATER BENDIGO
T20190015642,Dry,Clear,Collision with vehicle,Thursday,Day,110,2019/06/27,15:00:00,No,2.0,1.0,-37.12840648,144.3870587,MOUNT ALEXANDER
T20190015695,Dry,Clear,No collision and no object struck,Sunday,Day,999,2019/06/30,13:00:00,No,1.0,1.0,-36.90170835,145.9348885,BENALLA
T20190015764,Wet,Clear,Vehicle overturned (no collision),Wednesday,Dark No street lights,50,2019/04/24,21:30:00,Yes,1.0,1.0,-37.18464249,145.7223166,MURRINDINDI
T20190015801,Dry,Clear,Fall from or in moving vehicle,Tuesday,Day,80,2019/06/18,07:00:00,No,1.0,1.0,-36.70346756,146.8340551,ALPINE
T20190015883,Dry,Clear,Collision with vehicle,Friday,Day,110,2019/05/24,16:55:00,No,5.0,2.0,-38.22140871,146.3347805,LATROBE
T20190016228,Dry,Clear,Struck animal,Saturday,Day,100,2019/06/22,11:30:00,No,1.0,1.0,-37.25486259,143.2209664,ARARAT
T20190016287,Dry,Clear,Collision with vehicle,Thursday,Day,50,2019/06/06,09:51:00,No,2.0,1.0,-37.49200874,144.5904185,MACEDON RANGES
T20190016306,Wet,Raining,collision with some other object,Saturday,Dark No street lights,80,2019/06/29,17:55:00,Yes,1.0,1.0,-35.95346998,145.6779662,MOIRA
T20190016372,Unknown,Not known,Fall from or in moving vehicle,Saturday,Day,999,2019/06/01,11:00:00,No,1.0,1.0,-36.63586234,145.0318898,CAMPASPE
T20190016388,Dry,Clear,Collision with a fixed object,Saturday,Dark No street lights,80,2019/04/06,23:30:00,Yes,2.0,2.0,-37.5559306,145.4781103,MURRINDINDI
T20190016407,Wet,Raining,Collision with a fixed object,Thursday,Dark No street lights,80,2019/06/27,22:15:00,Yes,1.0,1.0,-38.21657727,143.5764094,COLAC OTWAY
T20190016802,Wet,Not known,Struck animal,Sunday,Dark No street lights,100,2017/08/06,20:00:00,No,1.0,1.0,-38.47734628,146.2888302,LATROBE
T20190016879,Wet,Not known,Collision with vehicle,Thursday,Dark No street lights,60,2017/10/05,20:00:00,Yes,2.0,1.0,-38.2022886,144.3062974,GREATER GEELONG
T20190017958,Unknown,Not known,Struck animal,Thursday,Dark No street lights,100,2019/01/17,06:00:00,Yes,3.0,2.0,-36.89359321,143.3401476,NORTHERN GRAMPIANS
T20190017962,Unknown,Not known,Fall from or in moving vehicle,Monday,Unknown,999,2019/04/29,13:00:00,No,1.0,1.0,-38.00147408,146.0458837,BAW BAW
T20190018011,Dry,Clear,Collision with vehicle,Saturday,Day,100,2019/04/27,11:33:00,No,4.0,1.0,-36.52773119,145.9776749,BENALLA
T20190018401,Dry,Clear,Collision with vehicle,Saturday,Dusk/Dawn,40,2019/04/20,16:00:00,Yes,3.0,1.0,-38.38331953,142.5193512,WARRNAMBOOL
T20190018464,Dry,Clear,Collision with a fixed object,Wednesday,Day,100,2017/03/01,12:00:00,No,1.0,1.0,-36.60613994,145.0813143,CAMPASPE
T20190018551,Dry,Clear,Collision with vehicle,Saturday,Dark Street lights unknown,60,2019/06/29,18:49:00,Yes,2.0,1.0,-36.37378172,145.4229903,GREATER SHEPPARTON
T20190018694,Dry,Clear,No collision and no object struck,Monday,Day,999,2019/03/11,16:30:00,Yes,1.0,1.0,-36.71460772,147.1414839,ALPINE
T20190018697,Icy,Fog,Collision with a fixed object,Monday,Dusk/Dawn,100,2019/06/24,06:45:00,Yes,2.0,1.0,-38.3162177,146.1716808,BAW BAW
T20190018761,Dry,Clear,Collision with a fixed object,Wednesday,Day,999,2019/02/20,17:30:00,No,2.0,1.0,-38.45897927,146.5466907,WELLINGTON
T20190019099,Wet,Not known,Collision with a fixed object,Friday,Dusk/Dawn,999,2019/05/31,18:30:00,Yes,1.0,1.0,-38.31989822,145.7274007,SOUTH GIPPSLAND
T20190019175,Dry,Clear,Vehicle overturned (no collision),Saturday,Day,999,2018/11/17,11:00:00,No,1.0,1.0,-37.2687402,145.5549626,MURRINDINDI
T20190019519,Dry,Clear,Collision with a fixed object,Saturday,Dark Street lights on,50,2019/05/11,01:12:00,Yes,1.0,1.0,-36.38326038,145.4052698,GREATER SHEPPARTON
T20190021723,Dry,Clear,Collision with vehicle,Thursday,Day,60,2019/05/16,08:20:00,No,2.0,1.0,-36.7416159,144.2572007,GREATER BENDIGO
T20190021897,Dry,Clear,Collision with vehicle,Saturday,Day,100,2019/03/02,18:00:00,Yes,2.0,2.0,-38.41468735,146.0445476,SOUTH GIPPSLAND
T20190022573,Dry,Clear,Vehicle overturned (no collision),Friday,Day,60,2019/03/01,07:30:00,No,1.0,1.0,-38.18693994,146.5521057,LATROBE
T20190022580,Unknown,Not known,Collision with vehicle,Friday,Day,50,2017/01/13,08:45:00,No,2.0,1.0,-37.07288067,144.2068894,MOUNT ALEXANDER
T20190023314,Dry,Clear,No collision and no object struck,Thursday,Day,100,2018/12/27,14:00:00,No,2.0,2.0,-35.59905891,143.9347869,GANNAWARRA
T20190023735,Wet,Clear,collision with some other object,Saturday,Day,999,2019/05/04,12:00:00,No,1.0,1.0,-37.48662376,146.0999776,MURRINDINDI
T20190024215,Dry,Not known,Vehicle overturned (no collision),Saturday,Day,999,2018/12/08,16:00:00,Yes,1.0,1.0,-37.93230478,146.1486688,BAW BAW
T20190024941,Unknown,Clear,Collision with a fixed object,Tuesday,Unknown,50,2016/12/20,20:45:00,Yes,1.0,1.0,-36.41737079,145.4038086,GREATER SHEPPARTON
T20190025397,Dry,Clear,Vehicle overturned (no collision),Tuesday,Day,999,2018/08/28,12:00:00,No,1.0,1.0,-37.3025959,142.8981139,ARARAT
T20190025699,Unknown,Clear,Fall from or in moving vehicle,Monday,Day,999,2019/04/08,09:15:00,No,2.0,1.0,-38.16261419,144.4279733,GREATER GEELONG
T20200000676,Unknown,Clear,No collision and no object struck,Sunday,Day,999,2019/03/10,13:30:00,No,1.0,1.0,-37.4310617,144.5165147,MACEDON RANGES
T20200002290,Wet,Raining,Collision with vehicle,Thursday,Day,60,2018/12/13,15:15:00,No,4.0,1.0,-38.18166053,146.2745191,LATROBE
T20200006560,Wet,Clear,Vehicle overturned (no collision),Saturday,Day,999,2018/11/10,14:00:00,No,1.0,1.0,-37.33056553,147.408521,WELLINGTON
T20200007638,Dry,Not known,Collision with vehicle,Saturday,Day,50,2018/04/07,15:00:00,No,2.0,1.0,-38.17202236,144.5684669,GREATER GEELONG
T20200009421,Dry,Clear,Struck animal,Wednesday,Dusk/Dawn,100,2019/05/01,08:00:00,No,1.0,1.0,-37.42659038,145.0217003,MITCHELL